{"codigoProduto":5153,"tipoProduto":1,"dataProduto":"2001-02-07T00:00:00.000-0300","nomeComercial":"ITRAHEXAL","classesTerapeuticas":["ANTIMICOTICOS SISTEMICOS"],"numeroRegistro":"100470286","dataVencimento":null,"mesAnoVencimento":"022016","codigoParecerPublico":null,"codigoBulaPaciente":null,"codigoBulaProfissional":null,"dataVencimentoRegistro":"2016-02-01T00:00:00.000-0300","principioAtivo":null,"medicamentoReferencia":null,"categoriaRegulatoria":"Similar","classeTerapeutica":null,"atc":null,"processosMedidaCautelar":[],"empresa":{"cnpj":"61286647000116","razaoSocial":"SANDOZ DO BRASIL INDÚSTRIA FARMACÊUTICA LTDA","numeroAutorizacao":"1000472"},"processo":{"numero":"253510247550051","situacao":29},"apresentacoes":[{"codigo":18194,"apresentacao":"100 MG CAP GEL DURA CT BL AL PLAS INC X 4","formasFarmaceuticas":["CAPSULA GELATINOSA DURA"],"numero":1,"tonalidade":null,"dataPublicacao":"2001-02-07T00:00:00.000-0300","validade":"24","tipoValidade":"2","registro":"1004702860016","principiosAtivos":["ITRACONAZOL"],"complemento":null,"embalagemPrimaria":{"tipo":"BLISTER DE ALUMINIO/PLASTICO TRANSPARENTE","observacao":null},"embalagemSecundaria":{"tipo":"CARTUCHO DE CARTOLINA","observacao":null},"embalagemSecundariaTodas":[{"tipo":"CARTUCHO DE CARTOLINA","observacao":null}],"envoltorios":[],"acessorios":[],"acondicionamento":null,"marcas":[],"fabricantesNacionais":[],"fabricantesInternacionais":[],"viasAdministracao":["ORAL 1"],"ifaUnico":true,"conservacao":["CONSERVAR EM  TEMPERATURA AMBIENTE ( AMBIENTE COM TEMPERATURA ENTRE 15 E 30ºC)","PROTEGER DA LUZ E UMIDADE"],"restricaoPrescricao":["Venda sob Prescrição Médica"],"restricaoUso":[],"destinacao":["Comercial"],"restricaoHospitais":null,"tarja":null,"medicamentoReferencia":"N","apresentacaoFracionada":"N","dataVencimentoRegistro":null,"inativa":true,"emAnalise":false,"ativa":false,"tipoAutorizacao":"REGISTRADO"},{"codigo":18195,"apresentacao":"100 MG CAP GEL DURA CT BL AL PLAS INC X 6","formasFarmaceuticas":["CAPSULA GELATINOSA DURA"],"numero":2,"tonalidade":null,"dataPublicacao":"2001-02-07T00:00:00.000-0300","validade":"24","tipoValidade":"2","registro":"1004702860024","principiosAtivos":["ITRACONAZOL"],"complemento":null,"embalagemPrimaria":{"tipo":"BLISTER DE ALUMINIO/PLASTICO TRANSPARENTE","observacao":null},"embalagemSecundaria":{"tipo":"CARTUCHO DE CARTOLINA","observacao":null},"embalagemSecundariaTodas":[{"tipo":"CARTUCHO DE CARTOLINA","observacao":null}],"envoltorios":[],"acessorios":[],"acondicionamento":null,"marcas":[],"fabricantesNacionais":[],"fabricantesInternacionais":[],"viasAdministracao":["ORAL"],"ifaUnico":true,"conservacao":["CONSERVAR EM  TEMPERATURA AMBIENTE ( AMBIENTE COM TEMPERATURA ENTRE 15 E 30ºC)","PROTEGER DA LUZ E UMIDADE"],"restricaoPrescricao":["Venda sob Prescrição Médica"],"restricaoUso":[],"destinacao":["Comercial"],"restricaoHospitais":null,"tarja":null,"medicamentoReferencia":"N","apresentacaoFracionada":"N","dataVencimentoRegistro":null,"inativa":true,"emAnalise":false,"ativa":false,"tipoAutorizacao":"REGISTRADO"},{"codigo":18192,"apresentacao":"100 MG CAP GEL DURA CT BL AL PLAS INC  X 10","formasFarmaceuticas":["CAPSULA GELATINOSA DURA"],"numero":3,"tonalidade":null,"dataPublicacao":"2001-02-07T00:00:00.000-0300","validade":"24","tipoValidade":"2","registro":"1004702860032","principiosAtivos":["ITRACONAZOL"],"complemento":null,"embalagemPrimaria":{"tipo":"BLISTER DE ALUMINIO/PLASTICO TRANSPARENTE","observacao":null},"embalagemSecundaria":{"tipo":"CARTUCHO DE CARTOLINA","observacao":null},"embalagemSecundariaTodas":[{"tipo":"CARTUCHO DE CARTOLINA","observacao":null}],"envoltorios":[],"acessorios":[],"acondicionamento":null,"marcas":[],"fabricantesNacionais":[],"fabricantesInternacionais":[],"viasAdministracao":["ORAL"],"ifaUnico":true,"conservacao":["CONSERVAR EM  TEMPERATURA AMBIENTE ( AMBIENTE COM TEMPERATURA ENTRE 15 E 30ºC)","PROTEGER DA LUZ E UMIDADE"],"restricaoPrescricao":["Venda sob Prescrição Médica"],"restricaoUso":[],"destinacao":["Comercial"],"restricaoHospitais":null,"tarja":null,"medicamentoReferencia":"N","apresentacaoFracionada":"N","dataVencimentoRegistro":null,"inativa":true,"emAnalise":false,"ativa":false,"tipoAutorizacao":"REGISTRADO"},{"codigo":18193,"apresentacao":"100 MG CAP GEL DURA CT BL AL PLAS INC X 15","formasFarmaceuticas":["CAPSULA GELATINOSA DURA"],"numero":4,"tonalidade":null,"dataPublicacao":"2001-02-07T00:00:00.000-0300","validade":"24","tipoValidade":"2","registro":"1004702860040","principiosAtivos":["ITRACONAZOL"],"complemento":null,"embalagemPrimaria":{"tipo":"BLISTER DE ALUMINIO/PLASTICO TRANSPARENTE","observacao":null},"embalagemSecundaria":{"tipo":"CARTUCHO DE CARTOLINA","observacao":null},"embalagemSecundariaTodas":[{"tipo":"CARTUCHO DE CARTOLINA","observacao":null}],"envoltorios":[],"acessorios":[],"acondicionamento":null,"marcas":[],"fabricantesNacionais":[],"fabricantesInternacionais":[],"viasAdministracao":["ORAL"],"ifaUnico":true,"conservacao":["CONSERVAR EM  TEMPERATURA AMBIENTE ( AMBIENTE COM TEMPERATURA ENTRE 15 E 30ºC)","PROTEGER DA LUZ E UMIDADE"],"restricaoPrescricao":["Venda sob Prescrição Médica"],"restricaoUso":[],"destinacao":["Comercial"],"restricaoHospitais":null,"tarja":null,"medicamentoReferencia":"N","apresentacaoFracionada":"N","dataVencimentoRegistro":null,"inativa":true,"emAnalise":false,"ativa":false,"tipoAutorizacao":"REGISTRADO"},{"codigo":18191,"apresentacao":"100 MG CAP GEL DURA CT 2 BL AL PLAS  INC X 14","formasFarmaceuticas":["CAPSULA GELATINOSA DURA"],"numero":5,"tonalidade":null,"dataPublicacao":"2001-02-07T00:00:00.000-0300","validade":"24","tipoValidade":"2","registro":"1004702860059","principiosAtivos":["ITRACONAZOL"],"complemento":null,"embalagemPrimaria":{"tipo":"BLISTER DE ALUMINIO/PLASTICO TRANSPARENTE","observacao":null},"embalagemSecundaria":{"tipo":"CARTUCHO DE CARTOLINA","observacao":null},"embalagemSecundariaTodas":[{"tipo":"CARTUCHO DE CARTOLINA","observacao":null}],"envoltorios":[],"acessorios":[],"acondicionamento":null,"marcas":[],"fabricantesNacionais":[],"fabricantesInternacionais":[],"viasAdministracao":["ORAL 1"],"ifaUnico":true,"conservacao":["CONSERVAR EM  TEMPERATURA AMBIENTE ( AMBIENTE COM TEMPERATURA ENTRE 15 E 30ºC)","PROTEGER DA LUZ E UMIDADE"],"restricaoPrescricao":["Venda sob Prescrição Médica"],"restricaoUso":[],"destinacao":["Comercial"],"restricaoHospitais":null,"tarja":null,"medicamentoReferencia":"N","apresentacaoFracionada":"N","dataVencimentoRegistro":null,"inativa":true,"emAnalise":false,"ativa":false,"tipoAutorizacao":"REGISTRADO"}],"rotulos":[],"anexoRotulos":[],"tipoAutorizacao":"REGISTRADO"}