{"codigoProduto":6163,"tipoProduto":1,"dataProduto":"1999-04-13T00:00:00.000-0300","nomeComercial":"DOLOTREN","classesTerapeuticas":["ANTINFLAMATORIOS"],"numeroRegistro":"100430659","dataVencimento":null,"mesAnoVencimento":"042004","codigoParecerPublico":null,"codigoBulaPaciente":null,"codigoBulaProfissional":null,"dataVencimentoRegistro":"2004-04-01T00:00:00.000-0300","principioAtivo":null,"medicamentoReferencia":null,"categoriaRegulatoria":"Similar","classeTerapeutica":null,"atc":null,"processosMedidaCautelar":[],"empresa":{"cnpj":"61190096000192","razaoSocial":"EUROFARMA LABORATÓRIOS S.A.","numeroAutorizacao":"1000438"},"processo":{"numero":"250000365709700","situacao":29},"apresentacoes":[{"codigo":21703,"apresentacao":"50 MG COM CX BL AL PLAS INC X 12","formasFarmaceuticas":["COMPRIMIDO SIMPLES"],"numero":1,"tonalidade":null,"dataPublicacao":"1999-04-13T00:00:00.000-0300","validade":"24","tipoValidade":"2","registro":"1004306590016","principiosAtivos":["NIMESULIDA BETACICLODEXTRINA"],"complemento":null,"embalagemPrimaria":{"tipo":"BLISTER DE ALUMINIO/PLASTICO TRANSPARENTE","observacao":null},"embalagemSecundaria":{"tipo":"CAIXA DE CARTOLINA SEM COLMEIA","observacao":null},"embalagemSecundariaTodas":[{"tipo":"CAIXA DE CARTOLINA SEM COLMEIA","observacao":null}],"envoltorios":[],"acessorios":[],"acondicionamento":null,"marcas":[],"fabricantesNacionais":[{"fabricante":"EUROFARMA LABORATÓRIOS S.A.","cnpj":"61190096000192","pais":"BRASIL","uf":"SP","cidade":"ITAPEVI","etapaFabricacao":null}],"fabricantesInternacionais":[],"viasAdministracao":["ORAL"],"ifaUnico":true,"conservacao":["CONSERVAR EM  TEMPERATURA AMBIENTE ( AMBIENTE COM TEMPERATURA ENTRE 15 E 30ºC)","PROTEGER DA LUZ E UMIDADE"],"restricaoPrescricao":["Venda sob Prescrição Médica"],"restricaoUso":[],"destinacao":["Comercial"],"restricaoHospitais":null,"tarja":null,"medicamentoReferencia":"N","apresentacaoFracionada":"N","dataVencimentoRegistro":null,"inativa":true,"emAnalise":false,"tipoAutorizacao":"REGISTRADO","ativa":false},{"codigo":21704,"apresentacao":"50 MG COM CX BL AL PLAS INC X 30","formasFarmaceuticas":["COMPRIMIDO SIMPLES"],"numero":2,"tonalidade":null,"dataPublicacao":"1999-04-13T00:00:00.000-0300","validade":"24","tipoValidade":"2","registro":"1004306590024","principiosAtivos":["NIMESULIDA BETACICLODEXTRINA"],"complemento":null,"embalagemPrimaria":{"tipo":"BLISTER DE ALUMINIO/PLASTICO TRANSPARENTE","observacao":null},"embalagemSecundaria":{"tipo":"CAIXA DE CARTOLINA SEM COLMEIA","observacao":null},"embalagemSecundariaTodas":[{"tipo":"CAIXA DE CARTOLINA SEM COLMEIA","observacao":null}],"envoltorios":[],"acessorios":[],"acondicionamento":null,"marcas":[],"fabricantesNacionais":[{"fabricante":"EUROFARMA LABORATÓRIOS S.A.","cnpj":"61190096000192","pais":"BRASIL","uf":"SP","cidade":"ITAPEVI","etapaFabricacao":null}],"fabricantesInternacionais":[],"viasAdministracao":["ORAL"],"ifaUnico":true,"conservacao":["CONSERVAR EM  TEMPERATURA AMBIENTE ( AMBIENTE COM TEMPERATURA ENTRE 15 E 30ºC)","PROTEGER DA LUZ E UMIDADE"],"restricaoPrescricao":["Venda sob Prescrição Médica"],"restricaoUso":[],"destinacao":["Comercial"],"restricaoHospitais":null,"tarja":null,"medicamentoReferencia":"N","apresentacaoFracionada":"N","dataVencimentoRegistro":null,"inativa":true,"emAnalise":false,"tipoAutorizacao":"REGISTRADO","ativa":false},{"codigo":21702,"apresentacao":"100 MG COM CX BL AL PLAS INC X 30","formasFarmaceuticas":["COMPRIMIDO SIMPLES"],"numero":3,"tonalidade":null,"dataPublicacao":"1999-04-13T00:00:00.000-0300","validade":"24","tipoValidade":"2","registro":"1004306590032","principiosAtivos":["NIMESULIDA BETACICLODEXTRINA"],"complemento":null,"embalagemPrimaria":{"tipo":"BLISTER DE ALUMINIO/PLASTICO TRANSPARENTE","observacao":null},"embalagemSecundaria":{"tipo":"CAIXA DE CARTOLINA SEM COLMEIA","observacao":null},"embalagemSecundariaTodas":[{"tipo":"CAIXA DE CARTOLINA SEM COLMEIA","observacao":null}],"envoltorios":[],"acessorios":[],"acondicionamento":null,"marcas":[],"fabricantesNacionais":[{"fabricante":"EUROFARMA LABORATÓRIOS S.A.","cnpj":"61190096000192","pais":"BRASIL","uf":"SP","cidade":"ITAPEVI","etapaFabricacao":null}],"fabricantesInternacionais":[],"viasAdministracao":["ORAL"],"ifaUnico":true,"conservacao":["CONSERVAR EM  TEMPERATURA AMBIENTE ( AMBIENTE COM TEMPERATURA ENTRE 15 E 30ºC)","PROTEGER DA LUZ E UMIDADE"],"restricaoPrescricao":["Venda sob Prescrição Médica"],"restricaoUso":[],"destinacao":["Comercial"],"restricaoHospitais":null,"tarja":null,"medicamentoReferencia":"N","apresentacaoFracionada":"N","dataVencimentoRegistro":null,"inativa":true,"emAnalise":false,"tipoAutorizacao":"REGISTRADO","ativa":false}],"rotulos":[],"anexoRotulos":[],"tipoAutorizacao":"REGISTRADO"}