{"codigoProduto":7549,"tipoProduto":1,"dataProduto":"2000-09-21T00:00:00.000-0300","nomeComercial":"QIFTRIM","classesTerapeuticas":["TRIMETOPRIMA EM ASSOCIACAO COM SULFAS"],"numeroRegistro":"100470112","dataVencimento":null,"mesAnoVencimento":"092018","codigoParecerPublico":null,"codigoBulaPaciente":null,"codigoBulaProfissional":null,"dataVencimentoRegistro":"2018-09-01T00:00:00.000-0300","principioAtivo":null,"medicamentoReferencia":null,"categoriaRegulatoria":"Similar","classeTerapeutica":null,"atc":null,"processosMedidaCautelar":[],"empresa":{"cnpj":"61286647000116","razaoSocial":"SANDOZ DO BRASIL INDÚSTRIA FARMACÊUTICA LTDA","numeroAutorizacao":"1000472"},"processo":{"numero":"2500100719683","situacao":29},"apresentacoes":[{"codigo":26273,"apresentacao":"40 MG + 8 MG/ML SUS OR CT FR VD AMB X 60 ML","formasFarmaceuticas":["SUSPENSAO ORAL"],"numero":4,"tonalidade":null,"dataPublicacao":"2000-09-21T00:00:00.000-0300","validade":"24","tipoValidade":"2","registro":"1004701120043","principiosAtivos":["SULFAMETOXAZOL","TRIMETOPRIMA"],"complemento":null,"embalagemPrimaria":{"tipo":"FRASCO DE VIDRO AMBAR","observacao":null},"embalagemSecundaria":{"tipo":"CARTUCHO DE CARTOLINA","observacao":null},"embalagemSecundariaTodas":[{"tipo":"CARTUCHO DE CARTOLINA","observacao":null}],"envoltorios":[],"acessorios":[],"acondicionamento":null,"marcas":[],"fabricantesNacionais":[{"fabricante":"SANDOZ DO BRASIL INDÚSTRIA FARMACÊUTICA LTDA","cnpj":"61286647000116","pais":"BRASIL","uf":"PR","cidade":"CAMBÉ","etapaFabricacao":null}],"fabricantesInternacionais":[],"viasAdministracao":["ORAL"],"ifaUnico":false,"conservacao":["CONSERVAR EM TEMPERATURA AMBIENTE (TEMPERATURA ENTRE 15 E 30 GRAUS C)","PROTEGER DA LUZ"],"restricaoPrescricao":["Venda sob Prescrição Médica"],"restricaoUso":[],"destinacao":["Comercial"],"restricaoHospitais":null,"tarja":null,"medicamentoReferencia":"N","apresentacaoFracionada":"N","dataVencimentoRegistro":null,"inativa":true,"emAnalise":false,"tipoAutorizacao":"REGISTRADO","ativa":false},{"codigo":26271,"apresentacao":"400 MG + 80 MG COM CT BL AL PLAS PVC/PE/PVDC TRANS X 12","formasFarmaceuticas":["COMPRIMIDO SIMPLES"],"numero":5,"tonalidade":null,"dataPublicacao":"2000-09-21T00:00:00.000-0300","validade":"24","tipoValidade":"2","registro":"1004701120057","principiosAtivos":["SULFAMETOXAZOL","TRIMETOPRIMA"],"complemento":null,"embalagemPrimaria":{"tipo":"Blister de alumínio e plástico transparente ","observacao":"PVC 0,25 mm + PE 0,025 mm + PVDC 0,054 mm + ALU 0,025 mm"},"embalagemSecundaria":{"tipo":"Cartucho","observacao":"Cartucho de cartolina"},"embalagemSecundariaTodas":[{"tipo":"Cartucho","observacao":"Cartucho de cartolina"}],"envoltorios":[],"acessorios":[],"acondicionamento":null,"marcas":[],"fabricantesNacionais":[{"fabricante":"SANDOZ DO BRASIL INDÚSTRIA FARMACÊUTICA LTDA","cnpj":"61286647000116","pais":"BRASIL","uf":"PR","cidade":"CAMBÉ","etapaFabricacao":null}],"fabricantesInternacionais":[],"viasAdministracao":["ORAL"],"ifaUnico":false,"conservacao":["CONSERVAR EM  TEMPERATURA AMBIENTE ( AMBIENTE COM TEMPERATURA ENTRE 15 E 30ºC)","PROTEGER DA LUZ E UMIDADE"],"restricaoPrescricao":["Venda sob prescrição médica com retenção de receita"],"restricaoUso":["Adulto e Pediátrico acima de  12 anos"],"destinacao":["Comercial"],"restricaoHospitais":"N","tarja":"Vermelha sob restrição","medicamentoReferencia":"N","apresentacaoFracionada":"N","dataVencimentoRegistro":null,"inativa":true,"emAnalise":false,"tipoAutorizacao":"REGISTRADO","ativa":false},{"codigo":26270,"apresentacao":"COM C 3 BL ALUM X 4","formasFarmaceuticas":["COMPRIMIDO SIMPLES"],"numero":6,"tonalidade":null,"dataPublicacao":"2000-09-21T00:00:00.000-0300","validade":"24","tipoValidade":"2","registro":"1004701120065","principiosAtivos":[],"complemento":null,"embalagemPrimaria":{"tipo":"BLISTER DE ALUMINIO/PLASTICO AMBAR","observacao":null},"embalagemSecundaria":{"tipo":"CAIXA OU CARTUCHO DE PAPELAO","observacao":null},"embalagemSecundariaTodas":[{"tipo":"CAIXA OU CARTUCHO DE PAPELAO","observacao":null}],"envoltorios":[],"acessorios":[],"acondicionamento":null,"marcas":[],"fabricantesNacionais":[{"fabricante":"HEXAL DO BRASIL LTDA","cnpj":"61286647000540","pais":"BRASIL","uf":"PR","cidade":"CAMBÉ","etapaFabricacao":null}],"fabricantesInternacionais":[],"viasAdministracao":[],"ifaUnico":false,"conservacao":["EVITAR LOCAL QUENTE (AMBIENTE COM TEMPERATURA ENTRE 30 E 40 GRAUS C)","PROTEGER DA LUZ E UMIDADE"],"restricaoPrescricao":["Venda sob Prescrição Médica"],"restricaoUso":[],"destinacao":["Comercial"],"restricaoHospitais":null,"tarja":null,"medicamentoReferencia":"N","apresentacaoFracionada":"N","dataVencimentoRegistro":null,"inativa":true,"emAnalise":false,"tipoAutorizacao":"REGISTRADO","ativa":false},{"codigo":26272,"apresentacao":"SUSP OR C 1 VD AMB X 60 ML","formasFarmaceuticas":["SUSPENSAO ORAL"],"numero":7,"tonalidade":null,"dataPublicacao":"2000-09-21T00:00:00.000-0300","validade":"24","tipoValidade":"2","registro":"1004701120073","principiosAtivos":["SULFAMETOXAZOL","TRIMETOPRIMA"],"complemento":null,"embalagemPrimaria":{"tipo":"FRASCO DE VIDRO AMBAR","observacao":null},"embalagemSecundaria":{"tipo":"CAIXA OU CARTUCHO DE PAPELAO","observacao":null},"embalagemSecundariaTodas":[{"tipo":"CAIXA OU CARTUCHO DE PAPELAO","observacao":null}],"envoltorios":[],"acessorios":[],"acondicionamento":null,"marcas":[],"fabricantesNacionais":[{"fabricante":"HEXAL DO BRASIL LTDA","cnpj":"61286647000540","pais":"BRASIL","uf":"PR","cidade":"CAMBÉ","etapaFabricacao":null}],"fabricantesInternacionais":[],"viasAdministracao":[],"ifaUnico":false,"conservacao":["EVITAR LOCAL QUENTE (AMBIENTE COM TEMPERATURA ENTRE 30 E 40 GRAUS C)","PROTEGER DA LUZ"],"restricaoPrescricao":["Venda sob Prescrição Médica"],"restricaoUso":[],"destinacao":["Comercial"],"restricaoHospitais":null,"tarja":null,"medicamentoReferencia":"N","apresentacaoFracionada":"N","dataVencimentoRegistro":null,"inativa":true,"emAnalise":false,"tipoAutorizacao":"REGISTRADO","ativa":false},{"codigo":26268,"apresentacao":"400 MG + 80 MG COM CT BL AL PLAS PVC/PE/PVDC TRANS X 20","formasFarmaceuticas":["COMPRIMIDO SIMPLES"],"numero":8,"tonalidade":null,"dataPublicacao":"2000-09-21T00:00:00.000-0300","validade":"24","tipoValidade":"2","registro":"1004701120086","principiosAtivos":["SULFAMETOXAZOL","TRIMETOPRIMA"],"complemento":null,"embalagemPrimaria":{"tipo":"Blister de alumínio e plástico transparente ","observacao":"PVC 0,25 mm + PE 0,025 mm + PVDC 0,054 mm + ALU 0,025 mm"},"embalagemSecundaria":{"tipo":"Cartucho","observacao":"Cartucho de cartolina"},"embalagemSecundariaTodas":[{"tipo":"Cartucho","observacao":"Cartucho de cartolina"}],"envoltorios":[],"acessorios":[],"acondicionamento":null,"marcas":[],"fabricantesNacionais":[{"fabricante":"SANDOZ DO BRASIL INDÚSTRIA FARMACÊUTICA LTDA","cnpj":"61286647000116","pais":"BRASIL","uf":"PR","cidade":"CAMBÉ","etapaFabricacao":null}],"fabricantesInternacionais":[],"viasAdministracao":["ORAL"],"ifaUnico":false,"conservacao":["CONSERVAR EM  TEMPERATURA AMBIENTE ( AMBIENTE COM TEMPERATURA ENTRE 15 E 30ºC)","PROTEGER DA LUZ E UMIDADE"],"restricaoPrescricao":["Venda sob prescrição médica com retenção de receita"],"restricaoUso":["Adulto e Pediátrico acima de  12 anos"],"destinacao":["Comercial"],"restricaoHospitais":"N","tarja":"Vermelha sob restrição","medicamentoReferencia":"N","apresentacaoFracionada":"N","dataVencimentoRegistro":null,"inativa":true,"emAnalise":false,"tipoAutorizacao":"REGISTRADO","ativa":false},{"codigo":26269,"apresentacao":"800 MG + 160 MG COM CT BL AL PLAS PVC/PE/PVDC TRANS X 10","formasFarmaceuticas":["COMPRIMIDO SIMPLES"],"numero":9,"tonalidade":null,"dataPublicacao":"2000-09-21T00:00:00.000-0300","validade":"24","tipoValidade":"2","registro":"1004701120094","principiosAtivos":["SULFAMETOXAZOL","TRIMETOPRIMA"],"complemento":"QIFTRIM F","embalagemPrimaria":{"tipo":"Blister de alumínio e plástico transparente ","observacao":"PVC 0,25 mm + PE 0,025 mm + PVDC 0,054 mm + ALU 0,025 mm"},"embalagemSecundaria":{"tipo":"Cartucho","observacao":"Cartucho de cartolina"},"embalagemSecundariaTodas":[{"tipo":"Cartucho","observacao":"Cartucho de cartolina"}],"envoltorios":[],"acessorios":[],"acondicionamento":null,"marcas":[],"fabricantesNacionais":[{"fabricante":"SANDOZ DO BRASIL INDÚSTRIA FARMACÊUTICA LTDA","cnpj":"61286647000116","pais":"BRASIL","uf":"PR","cidade":"CAMBÉ","etapaFabricacao":null}],"fabricantesInternacionais":[],"viasAdministracao":["ORAL"],"ifaUnico":false,"conservacao":["CONSERVAR EM  TEMPERATURA AMBIENTE ( AMBIENTE COM TEMPERATURA ENTRE 15 E 30ºC)","PROTEGER DA LUZ E UMIDADE"],"restricaoPrescricao":["Venda sob prescrição médica com retenção de receita"],"restricaoUso":["Adulto e Pediátrico acima de  12 anos"],"destinacao":["Comercial"],"restricaoHospitais":"N","tarja":"Vermelha sob restrição","medicamentoReferencia":"N","apresentacaoFracionada":"N","dataVencimentoRegistro":null,"inativa":true,"emAnalise":false,"tipoAutorizacao":"REGISTRADO","ativa":false},{"codigo":562804,"apresentacao":"40 MG + 8 MG/ML SUS OR CT FR VD AMB X 100 ML","formasFarmaceuticas":["SUSPENSAO ORAL"],"numero":10,"tonalidade":null,"dataPublicacao":"2000-09-21T00:00:00.000-0300","validade":"24","tipoValidade":"2","registro":"1004701120108","principiosAtivos":["SULFAMETOXAZOL","TRIMETOPRIMA"],"complemento":null,"embalagemPrimaria":{"tipo":"FRASCO DE VIDRO AMBAR","observacao":null},"embalagemSecundaria":{"tipo":"CAIXA DE PAPELAO","observacao":null},"embalagemSecundariaTodas":[{"tipo":"CAIXA DE PAPELAO","observacao":null},{"tipo":"CARTUCHO DE PAPELAO","observacao":null}],"envoltorios":[],"acessorios":[],"acondicionamento":null,"marcas":[],"fabricantesNacionais":[{"fabricante":"SANDOZ DO BRASIL INDÚSTRIA FARMACÊUTICA LTDA","cnpj":"61286647000116","pais":"BRASIL","uf":"PR","cidade":"CAMBÉ","etapaFabricacao":null}],"fabricantesInternacionais":[],"viasAdministracao":["ORAL"],"ifaUnico":false,"conservacao":["EVITAR CALOR EXCESSIVO (TEMPERATURA SUPERIOR A 40 GRAUS C)","PROTEGER DA LUZ"],"restricaoPrescricao":["Venda sob Prescrição Médica"],"restricaoUso":[],"destinacao":["Comercial"],"restricaoHospitais":null,"tarja":null,"medicamentoReferencia":"N","apresentacaoFracionada":"N","dataVencimentoRegistro":null,"inativa":true,"emAnalise":false,"tipoAutorizacao":"REGISTRADO","ativa":false}],"rotulos":[],"anexoRotulos":[],"tipoAutorizacao":"REGISTRADO"}