{"codigoProduto":2956090,"tipoProduto":1,"dataProduto":"2022-02-07T00:00:00.000-0300","nomeComercial":"BEIZOM","classesTerapeuticas":["ANTINEOPLASICO"],"numeroRegistro":"100470644","dataVencimento":null,"mesAnoVencimento":"022027","codigoParecerPublico":null,"codigoBulaPaciente":"eyJhbGciOiJIUzUxMiJ9.eyJqdGkiOiIyMzU0OTg5NiIsIm5iZiI6MTcxOTQxNjUxMywiZXhwIjoxNzE5NDE2ODEzfQ.Zm2gombsIoXK4ucgNpP1JIe6XX4U8rK7mabVtDCnZJ95hj7QqKRamDbjGlgOC1IQOR0qJPfGHW65TzqtjAtPVQ","codigoBulaProfissional":"eyJhbGciOiJIUzUxMiJ9.eyJqdGkiOiIyMzU0OTg5NyIsIm5iZiI6MTcxOTQxNjUxMywiZXhwIjoxNzE5NDE2ODEzfQ.0xby_5ef-E-64n72n8KrAK2Mn2CsGmylL6e1Zxj60waWC2OiFsRXyoYzuLyyC87ZyNH6ChKlRTNZoBOxMB6few","dataVencimentoRegistro":"2027-02-01T00:00:00.000-0300","principioAtivo":"MESILATO DE IMATINIBE","medicamentoReferencia":"GLIVEC","categoriaRegulatoria":"Similar","classeTerapeutica":null,"atc":null,"processosMedidaCautelar":[],"empresa":{"cnpj":"61286647000116","razaoSocial":"SANDOZ DO BRASIL INDÚSTRIA FARMACÊUTICA LTDA","numeroAutorizacao":"1000472"},"processo":{"numero":"25351290478202103","situacao":29},"apresentacoes":[{"codigo":236676576,"apresentacao":"100 MG COM REV CT BL AL PVC/PE/PVDC X 60","formasFarmaceuticas":["COMPRIMIDO REVESTIDO"],"numero":1,"tonalidade":null,"dataPublicacao":"2022-02-07T00:00:00.000-0300","validade":"24","tipoValidade":"2","registro":"1004706440011","principiosAtivos":["MESILATO DE IMATINIBE"],"complemento":null,"embalagemPrimaria":{"tipo":"BLISTER DE ALUMINIO PVC/PE/PVDC","observacao":null},"embalagemSecundaria":{"tipo":"CARTUCHO DE CARTOLINA","observacao":null},"embalagemSecundariaTodas":[{"tipo":"CARTUCHO DE CARTOLINA","observacao":null}],"envoltorios":[],"acessorios":[],"acondicionamento":null,"marcas":[],"fabricantesNacionais":[{"fabricante":"ANOVIS INDUSTRIAL FARMACÊUTICA LTDA.","cnpj":"19426695000104","pais":"BRASIL","uf":"SP","cidade":"TABOÃO DA SERRA","etapaFabricacao":"Embalagem primária e secundária"}],"fabricantesInternacionais":[{"fabricante":"NOVARTIS PHARMA STEIN AG","endereco":"Schaffauserstrasse, CH - 4332 Stein","pais":"SUÍÇA","etapaFabricacao":null},{"fabricante":"LEK PHARMACEUTICALS D.D.","endereco":"TRIMLINI 2D, LENDAVA, 9220","pais":"ESLOVÊNIA","etapaFabricacao":"Embalagem primária e secundária"},{"fabricante":"NOVARTIS PHARMA PRODUKTION GMBH","endereco":"Öflinger Strasse 44 D-79664","pais":"ALEMANHA","etapaFabricacao":null}],"viasAdministracao":["ORAL 1"],"ifaUnico":true,"conservacao":["CONSERVAR EM  TEMPERATURA AMBIENTE ( AMBIENTE COM TEMPERATURA ENTRE 15 E 30ºC)","PROTEGER DA UMIDADE"],"restricaoPrescricao":[],"restricaoUso":["Adulto e Pediátrico acima de  1 ano"],"destinacao":[],"restricaoHospitais":"N","tarja":"Vermelha","medicamentoReferencia":"N","apresentacaoFracionada":"N","dataVencimentoRegistro":null,"inativa":false,"emAnalise":false,"tipoAutorizacao":"REGISTRADO","ativa":true},{"codigo":236676581,"apresentacao":"400 MG COM REV CT BL AL PVC/PE/PVDC X 30","formasFarmaceuticas":["COMPRIMIDO REVESTIDO"],"numero":2,"tonalidade":null,"dataPublicacao":"2022-02-07T00:00:00.000-0300","validade":"18","tipoValidade":"2","registro":"1004706440021","principiosAtivos":["MESILATO DE IMATINIBE"],"complemento":null,"embalagemPrimaria":{"tipo":"BLISTER DE ALUMINIO PVC/PE/PVDC","observacao":null},"embalagemSecundaria":{"tipo":"CARTUCHO DE CARTOLINA","observacao":null},"embalagemSecundariaTodas":[{"tipo":"CARTUCHO DE CARTOLINA","observacao":null}],"envoltorios":[],"acessorios":[],"acondicionamento":null,"marcas":[],"fabricantesNacionais":[{"fabricante":"NOVARTIS BIOCIENCIAS S.A","cnpj":"56994502000130","pais":"BRASIL","uf":"SP","cidade":"SÃO PAULO","etapaFabricacao":null},{"fabricante":"ANOVIS INDUSTRIAL FARMACÊUTICA LTDA.","cnpj":"19426695000104","pais":"BRASIL","uf":"SP","cidade":"TABOÃO DA SERRA","etapaFabricacao":"Embalagem primária e secundária"}],"fabricantesInternacionais":[{"fabricante":"NOVARTIS PHARMA STEIN AG","endereco":"Schaffauserstrasse, CH - 4332 Stein","pais":"SUÍÇA","etapaFabricacao":null},{"fabricante":"NOVARTIS PHARMA PRODUKTION GMBH","endereco":"Öflinger Strasse 44 D-79664","pais":"ALEMANHA","etapaFabricacao":null}],"viasAdministracao":["ORAL 1"],"ifaUnico":true,"conservacao":["CONSERVAR EM  TEMPERATURA AMBIENTE ( AMBIENTE COM TEMPERATURA ENTRE 15 E 30ºC)","PROTEGER DA UMIDADE"],"restricaoPrescricao":[],"restricaoUso":["Adulto e Pediátrico acima de  1 ano"],"destinacao":[],"restricaoHospitais":"N","tarja":"Vermelha","medicamentoReferencia":"N","apresentacaoFracionada":"N","dataVencimentoRegistro":null,"inativa":false,"emAnalise":false,"tipoAutorizacao":"REGISTRADO","ativa":true},{"codigo":236676582,"apresentacao":"400 MG COM REV CT BL AL/AL X 30","formasFarmaceuticas":["COMPRIMIDO REVESTIDO"],"numero":3,"tonalidade":null,"dataPublicacao":"2022-02-07T00:00:00.000-0300","validade":"24","tipoValidade":"2","registro":"1004706440038","principiosAtivos":["MESILATO DE IMATINIBE"],"complemento":null,"embalagemPrimaria":{"tipo":"BLISTER DE ALUMINIO/ALUMINIO","observacao":null},"embalagemSecundaria":{"tipo":"CARTUCHO DE CARTOLINA","observacao":null},"embalagemSecundariaTodas":[{"tipo":"CARTUCHO DE CARTOLINA","observacao":null}],"envoltorios":[],"acessorios":[],"acondicionamento":null,"marcas":[],"fabricantesNacionais":[{"fabricante":"ANOVIS INDUSTRIAL FARMACÊUTICA LTDA.","cnpj":"19426695000104","pais":"BRASIL","uf":"SP","cidade":"TABOÃO DA SERRA","etapaFabricacao":"Embalagem primária e secundária"}],"fabricantesInternacionais":[{"fabricante":"NOVARTIS PHARMA STEIN AG.","endereco":"Schffhauserstrasse","pais":"SUÍÇA","etapaFabricacao":null},{"fabricante":"LEK PHARMACEUTICALS D.D.","endereco":"TRIMLINI 2D, LENDAVA, 9220","pais":"ESLOVÊNIA","etapaFabricacao":"Embalagem primária"}],"viasAdministracao":["ORAL 1"],"ifaUnico":true,"conservacao":["CONSERVAR EM  TEMPERATURA AMBIENTE ( AMBIENTE COM TEMPERATURA ENTRE 15 E 30ºC)"],"restricaoPrescricao":[],"restricaoUso":["Adulto e Pediátrico acima de  1 ano"],"destinacao":[],"restricaoHospitais":"N","tarja":"Vermelha","medicamentoReferencia":"N","apresentacaoFracionada":"N","dataVencimentoRegistro":null,"inativa":false,"emAnalise":false,"tipoAutorizacao":"REGISTRADO","ativa":true}],"rotulos":[],"anexoRotulos":[],"tipoAutorizacao":"REGISTRADO"}