{"codigoProduto":273820,"tipoProduto":1,"dataProduto":"2003-04-30T00:00:00.000-0300","nomeComercial":"FLUMAZENIL (Port 344/98 Lista C1)","classesTerapeuticas":["ANTAGONISTA DE BENZODIAZEPINAS"],"numeroRegistro":"100430890","dataVencimento":null,"mesAnoVencimento":"052013","codigoParecerPublico":null,"codigoBulaPaciente":null,"codigoBulaProfissional":null,"dataVencimentoRegistro":"2013-05-01T00:00:00.000-0300","principioAtivo":null,"medicamentoReferencia":"LANEXAT","categoriaRegulatoria":"Genérico","classeTerapeutica":null,"atc":null,"processosMedidaCautelar":[],"empresa":{"cnpj":"61190096000192","razaoSocial":"EUROFARMA LABORATÓRIOS S.A.","numeroAutorizacao":"1000438"},"processo":{"numero":"25351001232200387","situacao":29},"apresentacoes":[{"codigo":359265,"apresentacao":"0.1 MG/ML SOL INJ CT 5 AMP VD INC X 5 ML ","formasFarmaceuticas":["SOLUÇAO INJETAVEL"],"numero":1,"tonalidade":null,"dataPublicacao":"2003-04-30T00:00:00.000-0300","validade":"24","tipoValidade":"2","registro":"1004308900012","principiosAtivos":["FLUMAZENIL"],"complemento":null,"embalagemPrimaria":{"tipo":"AMPOLA DE VIDRO TRANSPARENTE","observacao":null},"embalagemSecundaria":{"tipo":"CARTUCHO DE CARTOLINA","observacao":null},"embalagemSecundariaTodas":[{"tipo":"CARTUCHO DE CARTOLINA","observacao":null}],"envoltorios":[],"acessorios":[],"acondicionamento":null,"marcas":[],"fabricantesNacionais":[{"fabricante":"EUROFARMA LABORATÓRIOS S.A.","cnpj":"61190096000192","pais":"BRASIL","uf":"SP","cidade":"ITAPEVI","etapaFabricacao":null}],"fabricantesInternacionais":[],"viasAdministracao":["INTRAVENOSA"],"ifaUnico":true,"conservacao":["CONSERVAR EM  TEMPERATURA AMBIENTE ( AMBIENTE COM TEMPERATURA ENTRE 15 E 30ºC)","PROTEGER DA LUZ"],"restricaoPrescricao":["Venda Sob Prescrição Médica Sujeita a Notificação de Receita \"A\""],"restricaoUso":[],"destinacao":["Comercial"],"restricaoHospitais":null,"tarja":null,"medicamentoReferencia":"N","apresentacaoFracionada":"N","dataVencimentoRegistro":null,"tipoAutorizacao":"REGISTRADO","ativa":false,"inativa":true,"emAnalise":false},{"codigo":359266,"apresentacao":"0.1 MG/ML SOL INJ CT 25 AMP VD INC X 5 ML  ","formasFarmaceuticas":["SOLUÇAO INJETAVEL"],"numero":2,"tonalidade":null,"dataPublicacao":"2003-04-30T00:00:00.000-0300","validade":"24","tipoValidade":"2","registro":"1004308900020","principiosAtivos":["FLUMAZENIL"],"complemento":null,"embalagemPrimaria":{"tipo":"AMPOLA DE VIDRO TRANSPARENTE","observacao":null},"embalagemSecundaria":{"tipo":"CARTUCHO DE CARTOLINA","observacao":null},"embalagemSecundariaTodas":[{"tipo":"CARTUCHO DE CARTOLINA","observacao":null}],"envoltorios":[],"acessorios":[],"acondicionamento":null,"marcas":[],"fabricantesNacionais":[{"fabricante":"EUROFARMA LABORATÓRIOS S.A.","cnpj":"61190096000192","pais":"BRASIL","uf":"SP","cidade":"ITAPEVI","etapaFabricacao":null}],"fabricantesInternacionais":[],"viasAdministracao":["INTRAVENOSA"],"ifaUnico":true,"conservacao":["CONSERVAR EM  TEMPERATURA AMBIENTE ( AMBIENTE COM TEMPERATURA ENTRE 15 E 30ºC)","PROTEGER DA LUZ"],"restricaoPrescricao":["Venda Sob Prescrição Médica Sujeita a Notificação de Receita \"A\""],"restricaoUso":[],"destinacao":["Comercial"],"restricaoHospitais":null,"tarja":null,"medicamentoReferencia":"N","apresentacaoFracionada":"N","dataVencimentoRegistro":null,"tipoAutorizacao":"REGISTRADO","ativa":false,"inativa":true,"emAnalise":false},{"codigo":359267,"apresentacao":"0.1 MG/ML SOL INJ CT 50 AMP VD INC X 5 ML (EMB HOSP)","formasFarmaceuticas":["SOLUÇAO INJETAVEL"],"numero":3,"tonalidade":null,"dataPublicacao":"2003-04-30T00:00:00.000-0300","validade":"24","tipoValidade":"2","registro":"1004308900039","principiosAtivos":["FLUMAZENIL"],"complemento":null,"embalagemPrimaria":{"tipo":"AMPOLA DE VIDRO TRANSPARENTE","observacao":null},"embalagemSecundaria":{"tipo":"CARTUCHO DE CARTOLINA","observacao":null},"embalagemSecundariaTodas":[{"tipo":"CARTUCHO DE CARTOLINA","observacao":null}],"envoltorios":[],"acessorios":[],"acondicionamento":null,"marcas":[],"fabricantesNacionais":[{"fabricante":"EUROFARMA LABORATÓRIOS S.A.","cnpj":"61190096000192","pais":"BRASIL","uf":"SP","cidade":"ITAPEVI","etapaFabricacao":null}],"fabricantesInternacionais":[],"viasAdministracao":["INTRAVENOSA"],"ifaUnico":true,"conservacao":["CONSERVAR EM  TEMPERATURA AMBIENTE ( AMBIENTE COM TEMPERATURA ENTRE 15 E 30ºC)","PROTEGER DA LUZ"],"restricaoPrescricao":["Venda Sob Prescrição Médica Sujeita a Notificação de Receita \"A\""],"restricaoUso":[],"destinacao":["Comercial"],"restricaoHospitais":null,"tarja":null,"medicamentoReferencia":"N","apresentacaoFracionada":"N","dataVencimentoRegistro":null,"tipoAutorizacao":"REGISTRADO","ativa":false,"inativa":true,"emAnalise":false},{"codigo":1153641,"apresentacao":"0.1 MG/ML SOL INJ CT 10 AMP VD INC X 5 ML ","formasFarmaceuticas":["SOLUÇAO INJETAVEL"],"numero":4,"tonalidade":null,"dataPublicacao":"2003-04-30T00:00:00.000-0300","validade":"24","tipoValidade":"2","registro":"1004308900047","principiosAtivos":["FLUMAZENIL"],"complemento":null,"embalagemPrimaria":{"tipo":"AMPOLA DE VIDRO TRANSPARENTE","observacao":null},"embalagemSecundaria":{"tipo":"CARTUCHO DE CARTOLINA","observacao":null},"embalagemSecundariaTodas":[{"tipo":"CARTUCHO DE CARTOLINA","observacao":null}],"envoltorios":[],"acessorios":[],"acondicionamento":null,"marcas":[],"fabricantesNacionais":[{"fabricante":"EUROFARMA LABORATÓRIOS S.A.","cnpj":"61190096000192","pais":"BRASIL","uf":"SP","cidade":"ITAPEVI","etapaFabricacao":null}],"fabricantesInternacionais":[],"viasAdministracao":["INTRAVENOSA"],"ifaUnico":true,"conservacao":["CONSERVAR EM  TEMPERATURA AMBIENTE ( AMBIENTE COM TEMPERATURA ENTRE 15 E 30ºC)","PROTEGER DA LUZ"],"restricaoPrescricao":["Venda Sob Prescrição Médica Sujeita a Notificação de Receita \"A\""],"restricaoUso":[],"destinacao":["Comercial"],"restricaoHospitais":"S","tarja":null,"medicamentoReferencia":"N","apresentacaoFracionada":"N","dataVencimentoRegistro":null,"tipoAutorizacao":"REGISTRADO","ativa":false,"inativa":true,"emAnalise":false}],"rotulos":[],"anexoRotulos":[],"tipoAutorizacao":"REGISTRADO"}