{"codigoProduto":4552,"tipoProduto":1,"dataProduto":"2001-05-31T00:00:00.000-0300","nomeComercial":"GINSENG+ CATUABA + MARAPUAMA + ASSOCIACÃO COM VITAMINAS","classesTerapeuticas":["VITAMINAS OU MINERAIS ASSOCIADOS A OUTROS FARMACOS"],"numeroRegistro":"100470310","dataVencimento":null,"mesAnoVencimento":"052006","codigoParecerPublico":null,"codigoBulaPaciente":null,"codigoBulaProfissional":null,"dataVencimentoRegistro":"2006-05-01T00:00:00.000-0300","principioAtivo":null,"medicamentoReferencia":null,"categoriaRegulatoria":"Similar","classeTerapeutica":null,"atc":null,"processosMedidaCautelar":[],"empresa":{"cnpj":"61286647000116","razaoSocial":"SANDOZ DO BRASIL INDÚSTRIA FARMACÊUTICA LTDA","numeroAutorizacao":"1000472"},"processo":{"numero":"253510055710009","situacao":29},"apresentacoes":[{"codigo":16167,"apresentacao":"100 MG DRG CT 3 BL AL PLAS INC X 10","formasFarmaceuticas":["DRAGEA SIMPLES"],"numero":1,"tonalidade":null,"dataPublicacao":"2001-05-31T00:00:00.000-0300","validade":"36","tipoValidade":"2","registro":"1004703100015","principiosAtivos":[],"complemento":"SUPERVIT","embalagemPrimaria":{"tipo":"BLISTER DE ALUMINIO/PLASTICO TRANSPARENTE","observacao":null},"embalagemSecundaria":{"tipo":"CARTUCHO DE CARTOLINA","observacao":null},"embalagemSecundariaTodas":[{"tipo":"CARTUCHO DE CARTOLINA","observacao":null}],"envoltorios":[],"acessorios":[],"acondicionamento":null,"marcas":[],"fabricantesNacionais":[],"fabricantesInternacionais":[],"viasAdministracao":[],"ifaUnico":false,"conservacao":[],"restricaoPrescricao":["Venda sem Prescrição Médica"],"restricaoUso":[],"destinacao":["Comercial"],"restricaoHospitais":null,"tarja":null,"medicamentoReferencia":"N","apresentacaoFracionada":"N","dataVencimentoRegistro":null,"inativa":true,"emAnalise":false,"tipoAutorizacao":"REGISTRADO","ativa":false},{"codigo":16168,"apresentacao":"100 MG DRG CT 6 BL AL PLAS  INC X 10","formasFarmaceuticas":["DRAGEA SIMPLES"],"numero":2,"tonalidade":null,"dataPublicacao":"2001-05-31T00:00:00.000-0300","validade":"36","tipoValidade":"2","registro":"1004703100023","principiosAtivos":[],"complemento":"SUPERVIT","embalagemPrimaria":{"tipo":"BLISTER DE ALUMINIO/PLASTICO TRANSPARENTE","observacao":null},"embalagemSecundaria":{"tipo":"CARTUCHO DE CARTOLINA","observacao":null},"embalagemSecundariaTodas":[{"tipo":"CARTUCHO DE CARTOLINA","observacao":null}],"envoltorios":[],"acessorios":[],"acondicionamento":null,"marcas":[],"fabricantesNacionais":[],"fabricantesInternacionais":[],"viasAdministracao":[],"ifaUnico":false,"conservacao":[],"restricaoPrescricao":["Venda sem Prescrição Médica"],"restricaoUso":[],"destinacao":["Comercial"],"restricaoHospitais":null,"tarja":null,"medicamentoReferencia":"N","apresentacaoFracionada":"N","dataVencimentoRegistro":null,"inativa":true,"emAnalise":false,"tipoAutorizacao":"REGISTRADO","ativa":false}],"rotulos":[],"anexoRotulos":[],"tipoAutorizacao":"REGISTRADO"}