{"codigoProduto":7276,"tipoProduto":1,"dataProduto":"2001-01-12T00:00:00.000-0300","nomeComercial":"ROXITRICINA","classesTerapeuticas":["MACROLIDEOS"],"numeroRegistro":"100470276","dataVencimento":null,"mesAnoVencimento":"012006","codigoParecerPublico":null,"codigoBulaPaciente":null,"codigoBulaProfissional":null,"dataVencimentoRegistro":"2006-01-01T00:00:00.000-0300","principioAtivo":null,"medicamentoReferencia":null,"categoriaRegulatoria":"Similar","classeTerapeutica":null,"atc":null,"processosMedidaCautelar":[],"empresa":{"cnpj":"61286647000116","razaoSocial":"SANDOZ DO BRASIL INDÚSTRIA FARMACÊUTICA LTDA","numeroAutorizacao":"1000472"},"processo":{"numero":"253510205090001","situacao":29},"apresentacoes":[{"codigo":25217,"apresentacao":"50 MG COM DISP CT BL AL PLAS INC X 10","formasFarmaceuticas":["COMPRIMIDO DISPERSIVEL"],"numero":1,"tonalidade":null,"dataPublicacao":"2001-04-06T00:00:00.000-0300","validade":"24","tipoValidade":"2","registro":"1004702760011","principiosAtivos":["ROXITROMICINA"],"complemento":null,"embalagemPrimaria":{"tipo":"BLISTER DE ALUMINIO/PLASTICO TRANSPARENTE","observacao":null},"embalagemSecundaria":{"tipo":"CARTUCHO DE CARTOLINA","observacao":null},"embalagemSecundariaTodas":[{"tipo":"CARTUCHO DE CARTOLINA","observacao":null}],"envoltorios":[],"acessorios":[],"acondicionamento":null,"marcas":[],"fabricantesNacionais":[{"fabricante":"SANDOZ DO BRASIL INDÚSTRIA FARMACÊUTICA LTDA","cnpj":"61286647000116","pais":"BRASIL","uf":"PR","cidade":"CAMBÉ","etapaFabricacao":null}],"fabricantesInternacionais":[],"viasAdministracao":["ORAL"],"ifaUnico":true,"conservacao":["EVITAR CALOR EXCESSIVO (TEMPERATURA SUPERIOR A 40 GRAUS C)","PROTEGER DA LUZ E UMIDADE"],"restricaoPrescricao":["Venda sob Prescrição Médica"],"restricaoUso":[],"destinacao":["Comercial"],"restricaoHospitais":null,"tarja":null,"medicamentoReferencia":"N","apresentacaoFracionada":"N","dataVencimentoRegistro":null,"tipoAutorizacao":"REGISTRADO","ativa":false,"inativa":true,"emAnalise":false},{"codigo":25218,"apresentacao":"50 MG COM DISP CT BL AL PLAS INC X 16","formasFarmaceuticas":["COMPRIMIDO DISPERSIVEL"],"numero":2,"tonalidade":null,"dataPublicacao":"2001-04-06T00:00:00.000-0300","validade":"24","tipoValidade":"2","registro":"1004702760021","principiosAtivos":["ROXITROMICINA"],"complemento":null,"embalagemPrimaria":{"tipo":"BLISTER DE ALUMINIO/PLASTICO TRANSPARENTE","observacao":null},"embalagemSecundaria":null,"embalagemSecundariaTodas":[],"envoltorios":[],"acessorios":[],"acondicionamento":null,"marcas":[],"fabricantesNacionais":[{"fabricante":"SANDOZ DO BRASIL INDÚSTRIA FARMACÊUTICA LTDA","cnpj":"61286647000116","pais":"BRASIL","uf":"PR","cidade":"CAMBÉ","etapaFabricacao":null}],"fabricantesInternacionais":[],"viasAdministracao":["ORAL"],"ifaUnico":true,"conservacao":["EVITAR CALOR EXCESSIVO (TEMPERATURA SUPERIOR A 40 GRAUS C)","PROTEGER DA LUZ E UMIDADE"],"restricaoPrescricao":["Venda sob Prescrição Médica"],"restricaoUso":[],"destinacao":["Comercial"],"restricaoHospitais":null,"tarja":null,"medicamentoReferencia":"N","apresentacaoFracionada":"N","dataVencimentoRegistro":null,"tipoAutorizacao":"REGISTRADO","ativa":false,"inativa":true,"emAnalise":false},{"codigo":25215,"apresentacao":"50 MG COM DISP CT 2 BL AL PLAS INC X 8","formasFarmaceuticas":["COMPRIMIDO DISPERSIVEL"],"numero":3,"tonalidade":null,"dataPublicacao":"2001-04-06T00:00:00.000-0300","validade":"24","tipoValidade":"2","registro":"1004702760038","principiosAtivos":["ROXITROMICINA"],"complemento":null,"embalagemPrimaria":{"tipo":"BLISTER DE ALUMINIO/PLASTICO TRANSPARENTE","observacao":null},"embalagemSecundaria":{"tipo":"CAIXA OU CARTUCHO DE PAPELAO","observacao":null},"embalagemSecundariaTodas":[{"tipo":"CAIXA OU CARTUCHO DE PAPELAO","observacao":null}],"envoltorios":[],"acessorios":[],"acondicionamento":null,"marcas":[],"fabricantesNacionais":[{"fabricante":"SANDOZ DO BRASIL INDÚSTRIA FARMACÊUTICA LTDA","cnpj":"61286647000116","pais":"BRASIL","uf":"PR","cidade":"CAMBÉ","etapaFabricacao":null}],"fabricantesInternacionais":[],"viasAdministracao":["ORAL"],"ifaUnico":true,"conservacao":["EVITAR CALOR EXCESSIVO (TEMPERATURA SUPERIOR A 40 GRAUS C)","PROTEGER DA LUZ E UMIDADE"],"restricaoPrescricao":["Venda sob Prescrição Médica"],"restricaoUso":[],"destinacao":["Comercial"],"restricaoHospitais":null,"tarja":null,"medicamentoReferencia":"N","apresentacaoFracionada":"N","dataVencimentoRegistro":null,"tipoAutorizacao":"REGISTRADO","ativa":false,"inativa":true,"emAnalise":false},{"codigo":25216,"apresentacao":"50 MG COM DISP CT 20 BL AL PLAS INC X 10 (EMB. HOSP.)","formasFarmaceuticas":["COMPRIMIDO DISPERSIVEL"],"numero":4,"tonalidade":null,"dataPublicacao":"2001-04-06T00:00:00.000-0300","validade":"24","tipoValidade":"2","registro":"1004702760046","principiosAtivos":["ROXITROMICINA"],"complemento":null,"embalagemPrimaria":{"tipo":"BLISTER DE ALUMINIO/PLASTICO TRANSPARENTE","observacao":null},"embalagemSecundaria":{"tipo":"CARTUCHO DE CARTOLINA","observacao":null},"embalagemSecundariaTodas":[{"tipo":"CARTUCHO DE CARTOLINA","observacao":null}],"envoltorios":[],"acessorios":[],"acondicionamento":null,"marcas":[],"fabricantesNacionais":[{"fabricante":"SANDOZ DO BRASIL INDÚSTRIA FARMACÊUTICA LTDA","cnpj":"61286647000116","pais":"BRASIL","uf":"PR","cidade":"CAMBÉ","etapaFabricacao":null}],"fabricantesInternacionais":[],"viasAdministracao":["ORAL"],"ifaUnico":true,"conservacao":["EVITAR CALOR EXCESSIVO (TEMPERATURA SUPERIOR A 40 GRAUS C)","PROTEGER DA LUZ E UMIDADE"],"restricaoPrescricao":["Venda sob Prescrição Médica"],"restricaoUso":[],"destinacao":["Comercial"],"restricaoHospitais":null,"tarja":null,"medicamentoReferencia":"N","apresentacaoFracionada":"N","dataVencimentoRegistro":null,"tipoAutorizacao":"REGISTRADO","ativa":false,"inativa":true,"emAnalise":false},{"codigo":25222,"apresentacao":"50 MG PO OR CT 10 ENV AL POLIET X 5 G","formasFarmaceuticas":["PO ORAL"],"numero":5,"tonalidade":null,"dataPublicacao":"2001-04-06T00:00:00.000-0300","validade":"24","tipoValidade":"2","registro":"1004702760054","principiosAtivos":["ROXITROMICINA"],"complemento":null,"embalagemPrimaria":{"tipo":"ENVELOPE DE ALUMINIO E POLIETILENO","observacao":null},"embalagemSecundaria":{"tipo":"CARTUCHO DE CARTOLINA","observacao":null},"embalagemSecundariaTodas":[{"tipo":"CARTUCHO DE CARTOLINA","observacao":null}],"envoltorios":[],"acessorios":[],"acondicionamento":null,"marcas":[],"fabricantesNacionais":[{"fabricante":"SANDOZ DO BRASIL INDÚSTRIA FARMACÊUTICA LTDA","cnpj":"61286647000116","pais":"BRASIL","uf":"PR","cidade":"CAMBÉ","etapaFabricacao":null}],"fabricantesInternacionais":[],"viasAdministracao":["ORAL"],"ifaUnico":true,"conservacao":["EVITAR CALOR EXCESSIVO (TEMPERATURA SUPERIOR A 40 GRAUS C)","PROTEGER DA LUZ E UMIDADE"],"restricaoPrescricao":["Venda sob Prescrição Médica"],"restricaoUso":[],"destinacao":["Comercial"],"restricaoHospitais":null,"tarja":null,"medicamentoReferencia":"N","apresentacaoFracionada":"N","dataVencimentoRegistro":null,"tipoAutorizacao":"REGISTRADO","ativa":false,"inativa":true,"emAnalise":false},{"codigo":25223,"apresentacao":"50 MG PO OR CT 200 ENV AL POLIET X 5 G (EMB. HOSP.)","formasFarmaceuticas":["PO ORAL"],"numero":6,"tonalidade":null,"dataPublicacao":"2001-04-06T00:00:00.000-0300","validade":"24","tipoValidade":"2","registro":"1004702760062","principiosAtivos":["ROXITROMICINA"],"complemento":null,"embalagemPrimaria":{"tipo":"ENVELOPE DE ALUMINIO E POLIETILENO","observacao":null},"embalagemSecundaria":{"tipo":"CARTUCHO DE CARTOLINA","observacao":null},"embalagemSecundariaTodas":[{"tipo":"CARTUCHO DE CARTOLINA","observacao":null}],"envoltorios":[],"acessorios":[],"acondicionamento":null,"marcas":[],"fabricantesNacionais":[{"fabricante":"SANDOZ DO BRASIL INDÚSTRIA FARMACÊUTICA LTDA","cnpj":"61286647000116","pais":"BRASIL","uf":"PR","cidade":"CAMBÉ","etapaFabricacao":null}],"fabricantesInternacionais":[],"viasAdministracao":["ORAL"],"ifaUnico":true,"conservacao":["EVITAR CALOR EXCESSIVO (TEMPERATURA SUPERIOR A 40 GRAUS C)","PROTEGER DA LUZ E UMIDADE"],"restricaoPrescricao":["Venda sob Prescrição Médica"],"restricaoUso":[],"destinacao":["Comercial"],"restricaoHospitais":null,"tarja":null,"medicamentoReferencia":"N","apresentacaoFracionada":"N","dataVencimentoRegistro":null,"tipoAutorizacao":"REGISTRADO","ativa":false,"inativa":true,"emAnalise":false},{"codigo":25221,"apresentacao":"50 MG COM REV CT 2 BL AL PLAS INC X 5","formasFarmaceuticas":["COMPRIMIDO REVESTIDO"],"numero":7,"tonalidade":null,"dataPublicacao":"2001-04-06T00:00:00.000-0300","validade":"36","tipoValidade":"2","registro":"1004702760070","principiosAtivos":["ROXITROMICINA"],"complemento":null,"embalagemPrimaria":{"tipo":"BLISTER DE ALUMINIO/PLASTICO TRANSPARENTE","observacao":null},"embalagemSecundaria":null,"embalagemSecundariaTodas":[],"envoltorios":[],"acessorios":[],"acondicionamento":null,"marcas":[],"fabricantesNacionais":[{"fabricante":"SANDOZ DO BRASIL INDÚSTRIA FARMACÊUTICA LTDA","cnpj":"61286647000116","pais":"BRASIL","uf":"PR","cidade":"CAMBÉ","etapaFabricacao":null}],"fabricantesInternacionais":[],"viasAdministracao":["ORAL"],"ifaUnico":true,"conservacao":["EVITAR CALOR EXCESSIVO (TEMPERATURA SUPERIOR A 40 GRAUS C)","PROTEGER DA LUZ E UMIDADE"],"restricaoPrescricao":["Venda sob Prescrição Médica"],"restricaoUso":[],"destinacao":["Comercial"],"restricaoHospitais":null,"tarja":null,"medicamentoReferencia":"N","apresentacaoFracionada":"N","dataVencimentoRegistro":null,"tipoAutorizacao":"REGISTRADO","ativa":false,"inativa":true,"emAnalise":false},{"codigo":25220,"apresentacao":"50 MG COM REV CT  BL AL PLAS INC X 10","formasFarmaceuticas":["COMPRIMIDO REVESTIDO"],"numero":8,"tonalidade":null,"dataPublicacao":"2001-04-06T00:00:00.000-0300","validade":"36","tipoValidade":"2","registro":"1004702760089","principiosAtivos":["ROXITROMICINA"],"complemento":null,"embalagemPrimaria":{"tipo":"BLISTER DE ALUMINIO/PLASTICO TRANSPARENTE","observacao":null},"embalagemSecundaria":{"tipo":"CARTUCHO DE CARTOLINA","observacao":null},"embalagemSecundariaTodas":[{"tipo":"CARTUCHO DE CARTOLINA","observacao":null}],"envoltorios":[],"acessorios":[],"acondicionamento":null,"marcas":[],"fabricantesNacionais":[{"fabricante":"SANDOZ DO BRASIL INDÚSTRIA FARMACÊUTICA LTDA","cnpj":"61286647000116","pais":"BRASIL","uf":"PR","cidade":"CAMBÉ","etapaFabricacao":null}],"fabricantesInternacionais":[],"viasAdministracao":["ORAL"],"ifaUnico":true,"conservacao":["EVITAR CALOR EXCESSIVO (TEMPERATURA SUPERIOR A 40 GRAUS C)","PROTEGER DA LUZ E UMIDADE"],"restricaoPrescricao":["Venda sob Prescrição Médica"],"restricaoUso":[],"destinacao":["Comercial"],"restricaoHospitais":null,"tarja":null,"medicamentoReferencia":"N","apresentacaoFracionada":"N","dataVencimentoRegistro":null,"tipoAutorizacao":"REGISTRADO","ativa":false,"inativa":true,"emAnalise":false},{"codigo":25219,"apresentacao":"50 MG COM REV CT  20 BL AL PLAS INC X 10 (EMB. HOSP.)","formasFarmaceuticas":["COMPRIMIDO REVESTIDO"],"numero":9,"tonalidade":null,"dataPublicacao":"2001-04-06T00:00:00.000-0300","validade":"36","tipoValidade":"2","registro":"1004702760097","principiosAtivos":[],"complemento":null,"embalagemPrimaria":{"tipo":"BLISTER DE ALUMINIO/PLASTICO TRANSPARENTE","observacao":null},"embalagemSecundaria":{"tipo":"CARTUCHO DE CARTOLINA","observacao":null},"embalagemSecundariaTodas":[{"tipo":"CARTUCHO DE CARTOLINA","observacao":null}],"envoltorios":[],"acessorios":[],"acondicionamento":null,"marcas":[],"fabricantesNacionais":[{"fabricante":"SANDOZ DO BRASIL INDÚSTRIA FARMACÊUTICA LTDA","cnpj":"61286647000116","pais":"BRASIL","uf":"PR","cidade":"CAMBÉ","etapaFabricacao":null}],"fabricantesInternacionais":[],"viasAdministracao":["ORAL"],"ifaUnico":false,"conservacao":["EVITAR CALOR EXCESSIVO (TEMPERATURA SUPERIOR A 40 GRAUS C)","PROTEGER DA LUZ E UMIDADE"],"restricaoPrescricao":["Venda sob Prescrição Médica"],"restricaoUso":[],"destinacao":["Comercial"],"restricaoHospitais":null,"tarja":null,"medicamentoReferencia":"N","apresentacaoFracionada":"N","dataVencimentoRegistro":null,"tipoAutorizacao":"REGISTRADO","ativa":false,"inativa":true,"emAnalise":false},{"codigo":25202,"apresentacao":"100 MG COM REV CT 2  BL AL PLAS INC X 5","formasFarmaceuticas":["COMPRIMIDO REVESTIDO"],"numero":10,"tonalidade":null,"dataPublicacao":"2001-04-06T00:00:00.000-0300","validade":"36","tipoValidade":"2","registro":"1004702760100","principiosAtivos":["ROXITROMICINA"],"complemento":null,"embalagemPrimaria":{"tipo":"BLISTER DE ALUMINIO/PLASTICO TRANSPARENTE","observacao":null},"embalagemSecundaria":{"tipo":"CARTUCHO DE CARTOLINA","observacao":null},"embalagemSecundariaTodas":[{"tipo":"CARTUCHO DE CARTOLINA","observacao":null}],"envoltorios":[],"acessorios":[],"acondicionamento":null,"marcas":[],"fabricantesNacionais":[{"fabricante":"SANDOZ DO BRASIL INDÚSTRIA FARMACÊUTICA LTDA","cnpj":"61286647000116","pais":"BRASIL","uf":"PR","cidade":"CAMBÉ","etapaFabricacao":null}],"fabricantesInternacionais":[],"viasAdministracao":["ORAL"],"ifaUnico":true,"conservacao":["EVITAR CALOR EXCESSIVO (TEMPERATURA SUPERIOR A 40 GRAUS C)","PROTEGER DA LUZ E UMIDADE"],"restricaoPrescricao":["Venda sob Prescrição Médica"],"restricaoUso":[],"destinacao":["Comercial"],"restricaoHospitais":null,"tarja":null,"medicamentoReferencia":"N","apresentacaoFracionada":"N","dataVencimentoRegistro":null,"tipoAutorizacao":"REGISTRADO","ativa":false,"inativa":true,"emAnalise":false},{"codigo":25203,"apresentacao":"100 MG COM REV CT 2  BL AL PLAS INC X 8","formasFarmaceuticas":["COMPRIMIDO REVESTIDO"],"numero":11,"tonalidade":null,"dataPublicacao":"2001-04-06T00:00:00.000-0300","validade":"36","tipoValidade":"2","registro":"1004702760119","principiosAtivos":["ROXITROMICINA"],"complemento":null,"embalagemPrimaria":{"tipo":"BLISTER DE ALUMINIO/PLASTICO TRANSPARENTE","observacao":null},"embalagemSecundaria":{"tipo":"CARTUCHO DE CARTOLINA","observacao":null},"embalagemSecundariaTodas":[{"tipo":"CARTUCHO DE CARTOLINA","observacao":null}],"envoltorios":[],"acessorios":[],"acondicionamento":null,"marcas":[],"fabricantesNacionais":[{"fabricante":"SANDOZ DO BRASIL INDÚSTRIA FARMACÊUTICA LTDA","cnpj":"61286647000116","pais":"BRASIL","uf":"PR","cidade":"CAMBÉ","etapaFabricacao":null}],"fabricantesInternacionais":[],"viasAdministracao":["ORAL"],"ifaUnico":true,"conservacao":["EVITAR CALOR EXCESSIVO (TEMPERATURA SUPERIOR A 40 GRAUS C)","PROTEGER DA LUZ E UMIDADE"],"restricaoPrescricao":["Venda sob Prescrição Médica"],"restricaoUso":[],"destinacao":["Comercial"],"restricaoHospitais":null,"tarja":null,"medicamentoReferencia":"N","apresentacaoFracionada":"N","dataVencimentoRegistro":null,"tipoAutorizacao":"REGISTRADO","ativa":false,"inativa":true,"emAnalise":false},{"codigo":25205,"apresentacao":"100 MG COM REV CT BL AL PLAS INC X 10","formasFarmaceuticas":["COMPRIMIDO REVESTIDO"],"numero":12,"tonalidade":null,"dataPublicacao":"2001-04-06T00:00:00.000-0300","validade":"36","tipoValidade":"2","registro":"1004702760127","principiosAtivos":["ROXITROMICINA"],"complemento":null,"embalagemPrimaria":{"tipo":"BLISTER DE ALUMINIO/PLASTICO TRANSPARENTE","observacao":null},"embalagemSecundaria":{"tipo":"CARTUCHO DE CARTOLINA","observacao":null},"embalagemSecundariaTodas":[{"tipo":"CARTUCHO DE CARTOLINA","observacao":null}],"envoltorios":[],"acessorios":[],"acondicionamento":null,"marcas":[],"fabricantesNacionais":[{"fabricante":"SANDOZ DO BRASIL INDÚSTRIA FARMACÊUTICA LTDA","cnpj":"61286647000116","pais":"BRASIL","uf":"PR","cidade":"CAMBÉ","etapaFabricacao":null}],"fabricantesInternacionais":[],"viasAdministracao":["ORAL"],"ifaUnico":true,"conservacao":["EVITAR CALOR EXCESSIVO (TEMPERATURA SUPERIOR A 40 GRAUS C)","PROTEGER DA LUZ E UMIDADE"],"restricaoPrescricao":["Venda sob Prescrição Médica"],"restricaoUso":[],"destinacao":["Comercial"],"restricaoHospitais":null,"tarja":null,"medicamentoReferencia":"N","apresentacaoFracionada":"N","dataVencimentoRegistro":null,"tipoAutorizacao":"REGISTRADO","ativa":false,"inativa":true,"emAnalise":false},{"codigo":25204,"apresentacao":"100 MG COM REV CT 20 BL AL PLAS INC X 10 (EMB. HOSP.)","formasFarmaceuticas":["COMPRIMIDO REVESTIDO"],"numero":13,"tonalidade":null,"dataPublicacao":"2001-04-06T00:00:00.000-0300","validade":"36","tipoValidade":"2","registro":"1004702760135","principiosAtivos":["ROXITROMICINA"],"complemento":null,"embalagemPrimaria":{"tipo":"BLISTER DE ALUMINIO/PLASTICO TRANSPARENTE","observacao":null},"embalagemSecundaria":{"tipo":"CARTUCHO DE CARTOLINA","observacao":null},"embalagemSecundariaTodas":[{"tipo":"CARTUCHO DE CARTOLINA","observacao":null}],"envoltorios":[],"acessorios":[],"acondicionamento":null,"marcas":[],"fabricantesNacionais":[{"fabricante":"SANDOZ DO BRASIL INDÚSTRIA FARMACÊUTICA LTDA","cnpj":"61286647000116","pais":"BRASIL","uf":"PR","cidade":"CAMBÉ","etapaFabricacao":null}],"fabricantesInternacionais":[],"viasAdministracao":["ORAL"],"ifaUnico":true,"conservacao":["EVITAR CALOR EXCESSIVO (TEMPERATURA SUPERIOR A 40 GRAUS C)","PROTEGER DA LUZ E UMIDADE"],"restricaoPrescricao":["Venda sob Prescrição Médica"],"restricaoUso":[],"destinacao":["Comercial"],"restricaoHospitais":null,"tarja":null,"medicamentoReferencia":"N","apresentacaoFracionada":"N","dataVencimentoRegistro":null,"tipoAutorizacao":"REGISTRADO","ativa":false,"inativa":true,"emAnalise":false},{"codigo":25210,"apresentacao":"150 MG COM REV CT BL AL PLAS INC X 8","formasFarmaceuticas":["COMPRIMIDO REVESTIDO"],"numero":14,"tonalidade":null,"dataPublicacao":"2001-04-06T00:00:00.000-0300","validade":"36","tipoValidade":"2","registro":"1004702760143","principiosAtivos":["ROXITROMICINA"],"complemento":null,"embalagemPrimaria":{"tipo":"BLISTER DE ALUMINIO/PLASTICO TRANSPARENTE","observacao":null},"embalagemSecundaria":{"tipo":"CARTUCHO DE CARTOLINA","observacao":null},"embalagemSecundariaTodas":[{"tipo":"CARTUCHO DE CARTOLINA","observacao":null}],"envoltorios":[],"acessorios":[],"acondicionamento":null,"marcas":[],"fabricantesNacionais":[{"fabricante":"SANDOZ DO BRASIL INDÚSTRIA FARMACÊUTICA LTDA","cnpj":"61286647000116","pais":"BRASIL","uf":"PR","cidade":"CAMBÉ","etapaFabricacao":null}],"fabricantesInternacionais":[],"viasAdministracao":["ORAL 1"],"ifaUnico":true,"conservacao":["EVITAR CALOR EXCESSIVO (TEMPERATURA SUPERIOR A 40 GRAUS C)","PROTEGER DA LUZ E UMIDADE"],"restricaoPrescricao":["Venda sob Prescrição Médica"],"restricaoUso":[],"destinacao":["Comercial"],"restricaoHospitais":null,"tarja":null,"medicamentoReferencia":"N","apresentacaoFracionada":"N","dataVencimentoRegistro":null,"tipoAutorizacao":"REGISTRADO","ativa":false,"inativa":true,"emAnalise":false},{"codigo":25206,"apresentacao":"150 MG COM REV CT 2 BL AL PLAS INC X 5","formasFarmaceuticas":["COMPRIMIDO REVESTIDO"],"numero":15,"tonalidade":null,"dataPublicacao":"2001-04-06T00:00:00.000-0300","validade":"36","tipoValidade":"2","registro":"1004702760151","principiosAtivos":["ROXITROMICINA"],"complemento":null,"embalagemPrimaria":{"tipo":"BLISTER DE ALUMINIO/PLASTICO TRANSPARENTE","observacao":null},"embalagemSecundaria":{"tipo":"CARTUCHO DE CARTOLINA","observacao":null},"embalagemSecundariaTodas":[{"tipo":"CARTUCHO DE CARTOLINA","observacao":null}],"envoltorios":[],"acessorios":[],"acondicionamento":null,"marcas":[],"fabricantesNacionais":[{"fabricante":"SANDOZ DO BRASIL INDÚSTRIA FARMACÊUTICA LTDA","cnpj":"61286647000116","pais":"BRASIL","uf":"PR","cidade":"CAMBÉ","etapaFabricacao":null}],"fabricantesInternacionais":[],"viasAdministracao":["IMPLANTE OSSEO"],"ifaUnico":true,"conservacao":["EVITAR CALOR EXCESSIVO (TEMPERATURA SUPERIOR A 40 GRAUS C)","PROTEGER DA LUZ E UMIDADE"],"restricaoPrescricao":["Venda sob Prescrição Médica"],"restricaoUso":[],"destinacao":["Comercial"],"restricaoHospitais":null,"tarja":null,"medicamentoReferencia":"N","apresentacaoFracionada":"N","dataVencimentoRegistro":null,"tipoAutorizacao":"REGISTRADO","ativa":false,"inativa":true,"emAnalise":false},{"codigo":25207,"apresentacao":"150 MG COM REV CT 2 BL AL PLAS INC X 8","formasFarmaceuticas":["COMPRIMIDO REVESTIDO"],"numero":16,"tonalidade":null,"dataPublicacao":"2001-04-06T00:00:00.000-0300","validade":"36","tipoValidade":"2","registro":"1004702760161","principiosAtivos":["ROXITROMICINA"],"complemento":null,"embalagemPrimaria":{"tipo":"BLISTER DE ALUMINIO/PLASTICO TRANSPARENTE","observacao":null},"embalagemSecundaria":{"tipo":"CARTUCHO DE CARTOLINA","observacao":null},"embalagemSecundariaTodas":[{"tipo":"CARTUCHO DE CARTOLINA","observacao":null}],"envoltorios":[],"acessorios":[],"acondicionamento":null,"marcas":[],"fabricantesNacionais":[{"fabricante":"SANDOZ DO BRASIL INDÚSTRIA FARMACÊUTICA LTDA","cnpj":"61286647000116","pais":"BRASIL","uf":"PR","cidade":"CAMBÉ","etapaFabricacao":null}],"fabricantesInternacionais":[],"viasAdministracao":["ORAL"],"ifaUnico":true,"conservacao":["EVITAR CALOR EXCESSIVO (TEMPERATURA SUPERIOR A 40 GRAUS C)","PROTEGER DA LUZ E UMIDADE"],"restricaoPrescricao":["Venda sob Prescrição Médica"],"restricaoUso":[],"destinacao":["Comercial"],"restricaoHospitais":null,"tarja":null,"medicamentoReferencia":"N","apresentacaoFracionada":"N","dataVencimentoRegistro":null,"tipoAutorizacao":"REGISTRADO","ativa":false,"inativa":true,"emAnalise":false},{"codigo":25209,"apresentacao":"150 MG COM REV CT BL AL PLAS INC X 10","formasFarmaceuticas":["COMPRIMIDO REVESTIDO"],"numero":17,"tonalidade":null,"dataPublicacao":"2001-04-06T00:00:00.000-0300","validade":"36","tipoValidade":"2","registro":"1004702760178","principiosAtivos":["ROXITROMICINA"],"complemento":null,"embalagemPrimaria":{"tipo":"BLISTER DE ALUMINIO/PLASTICO TRANSPARENTE","observacao":null},"embalagemSecundaria":{"tipo":"CARTUCHO DE CARTOLINA","observacao":null},"embalagemSecundariaTodas":[{"tipo":"CARTUCHO DE CARTOLINA","observacao":null}],"envoltorios":[],"acessorios":[],"acondicionamento":null,"marcas":[],"fabricantesNacionais":[{"fabricante":"SANDOZ DO BRASIL INDÚSTRIA FARMACÊUTICA LTDA","cnpj":"61286647000116","pais":"BRASIL","uf":"PR","cidade":"CAMBÉ","etapaFabricacao":null}],"fabricantesInternacionais":[],"viasAdministracao":["IMPLANTE OSSEO"],"ifaUnico":true,"conservacao":["EVITAR CALOR EXCESSIVO (TEMPERATURA SUPERIOR A 40 GRAUS C)","PROTEGER DA LUZ E UMIDADE"],"restricaoPrescricao":["Venda sob Prescrição Médica"],"restricaoUso":[],"destinacao":["Comercial"],"restricaoHospitais":null,"tarja":null,"medicamentoReferencia":"N","apresentacaoFracionada":"N","dataVencimentoRegistro":null,"tipoAutorizacao":"REGISTRADO","ativa":false,"inativa":true,"emAnalise":false},{"codigo":25208,"apresentacao":"150 MG COM REV CT 20 BL AL PLAS INC X 10 (EMB. HOSP.)","formasFarmaceuticas":["COMPRIMIDO REVESTIDO"],"numero":18,"tonalidade":null,"dataPublicacao":"2001-04-06T00:00:00.000-0300","validade":"36","tipoValidade":"2","registro":"1004702760186","principiosAtivos":["ROXITROMICINA"],"complemento":null,"embalagemPrimaria":{"tipo":"BLISTER DE ALUMINIO/PLASTICO TRANSPARENTE","observacao":null},"embalagemSecundaria":{"tipo":"CARTUCHO DE CARTOLINA","observacao":null},"embalagemSecundariaTodas":[{"tipo":"CARTUCHO DE CARTOLINA","observacao":null}],"envoltorios":[],"acessorios":[],"acondicionamento":null,"marcas":[],"fabricantesNacionais":[{"fabricante":"SANDOZ DO BRASIL INDÚSTRIA FARMACÊUTICA LTDA","cnpj":"61286647000116","pais":"BRASIL","uf":"PR","cidade":"CAMBÉ","etapaFabricacao":null}],"fabricantesInternacionais":[],"viasAdministracao":["ORAL"],"ifaUnico":true,"conservacao":["EVITAR CALOR EXCESSIVO (TEMPERATURA SUPERIOR A 40 GRAUS C)","PROTEGER DA LUZ E UMIDADE"],"restricaoPrescricao":["Venda sob Prescrição Médica"],"restricaoUso":[],"destinacao":["Comercial"],"restricaoHospitais":null,"tarja":null,"medicamentoReferencia":"N","apresentacaoFracionada":"N","dataVencimentoRegistro":null,"tipoAutorizacao":"REGISTRADO","ativa":false,"inativa":true,"emAnalise":false},{"codigo":25214,"apresentacao":"300 MG COM REV CT BL AL PLAS INC X 5","formasFarmaceuticas":["COMPRIMIDO REVESTIDO"],"numero":19,"tonalidade":null,"dataPublicacao":"2001-04-06T00:00:00.000-0300","validade":"36","tipoValidade":"2","registro":"1004702760194","principiosAtivos":["ROXITROMICINA"],"complemento":null,"embalagemPrimaria":{"tipo":"BLISTER DE ALUMINIO/PLASTICO TRANSPARENTE","observacao":null},"embalagemSecundaria":{"tipo":"CARTUCHO DE CARTOLINA","observacao":null},"embalagemSecundariaTodas":[{"tipo":"CARTUCHO DE CARTOLINA","observacao":null}],"envoltorios":[],"acessorios":[],"acondicionamento":null,"marcas":[],"fabricantesNacionais":[{"fabricante":"SANDOZ DO BRASIL INDÚSTRIA FARMACÊUTICA LTDA","cnpj":"61286647000116","pais":"BRASIL","uf":"PR","cidade":"CAMBÉ","etapaFabricacao":null}],"fabricantesInternacionais":[],"viasAdministracao":["IMPLANTE OSSEO"],"ifaUnico":true,"conservacao":["EVITAR CALOR EXCESSIVO (TEMPERATURA SUPERIOR A 40 GRAUS C)","PROTEGER DA LUZ E UMIDADE"],"restricaoPrescricao":["Venda sob Prescrição Médica"],"restricaoUso":[],"destinacao":["Comercial"],"restricaoHospitais":null,"tarja":null,"medicamentoReferencia":"N","apresentacaoFracionada":"N","dataVencimentoRegistro":null,"tipoAutorizacao":"REGISTRADO","ativa":false,"inativa":true,"emAnalise":false},{"codigo":25213,"apresentacao":"300 MG COM REV CT BL AL PLAS INC X 10","formasFarmaceuticas":["COMPRIMIDO REVESTIDO"],"numero":20,"tonalidade":null,"dataPublicacao":"2001-04-06T00:00:00.000-0300","validade":"36","tipoValidade":"2","registro":"1004702760208","principiosAtivos":["ROXITROMICINA"],"complemento":null,"embalagemPrimaria":{"tipo":"BLISTER DE ALUMINIO/PLASTICO TRANSPARENTE","observacao":null},"embalagemSecundaria":{"tipo":"CARTUCHO DE CARTOLINA","observacao":null},"embalagemSecundariaTodas":[{"tipo":"CARTUCHO DE CARTOLINA","observacao":null}],"envoltorios":[],"acessorios":[],"acondicionamento":null,"marcas":[],"fabricantesNacionais":[{"fabricante":"SANDOZ DO BRASIL INDÚSTRIA FARMACÊUTICA LTDA","cnpj":"61286647000116","pais":"BRASIL","uf":"PR","cidade":"CAMBÉ","etapaFabricacao":null}],"fabricantesInternacionais":[],"viasAdministracao":["ORAL"],"ifaUnico":true,"conservacao":["EVITAR CALOR EXCESSIVO (TEMPERATURA SUPERIOR A 40 GRAUS C)","PROTEGER DA LUZ E UMIDADE"],"restricaoPrescricao":["Venda sob Prescrição Médica"],"restricaoUso":[],"destinacao":["Comercial"],"restricaoHospitais":null,"tarja":null,"medicamentoReferencia":"N","apresentacaoFracionada":"N","dataVencimentoRegistro":null,"tipoAutorizacao":"REGISTRADO","ativa":false,"inativa":true,"emAnalise":false},{"codigo":25211,"apresentacao":"300 MG COM REV CT 2 BL AL PLAS INC X 5","formasFarmaceuticas":["COMPRIMIDO REVESTIDO"],"numero":21,"tonalidade":null,"dataPublicacao":"2001-04-06T00:00:00.000-0300","validade":"36","tipoValidade":"2","registro":"1004702760216","principiosAtivos":["ROXITROMICINA"],"complemento":null,"embalagemPrimaria":{"tipo":"BLISTER DE ALUMINIO/PLASTICO TRANSPARENTE","observacao":null},"embalagemSecundaria":{"tipo":"CARTUCHO DE CARTOLINA","observacao":null},"embalagemSecundariaTodas":[{"tipo":"CARTUCHO DE CARTOLINA","observacao":null}],"envoltorios":[],"acessorios":[],"acondicionamento":null,"marcas":[],"fabricantesNacionais":[{"fabricante":"SANDOZ DO BRASIL INDÚSTRIA FARMACÊUTICA LTDA","cnpj":"61286647000116","pais":"BRASIL","uf":"PR","cidade":"CAMBÉ","etapaFabricacao":null}],"fabricantesInternacionais":[],"viasAdministracao":["ORAL"],"ifaUnico":true,"conservacao":["EVITAR CALOR EXCESSIVO (TEMPERATURA SUPERIOR A 40 GRAUS C)","PROTEGER DA LUZ E UMIDADE"],"restricaoPrescricao":["Venda sob Prescrição Médica"],"restricaoUso":[],"destinacao":["Comercial"],"restricaoHospitais":null,"tarja":null,"medicamentoReferencia":"N","apresentacaoFracionada":"N","dataVencimentoRegistro":null,"tipoAutorizacao":"REGISTRADO","ativa":false,"inativa":true,"emAnalise":false},{"codigo":25212,"apresentacao":"300 MG COM REV CT 20 BL AL PLAS INC X 10 (EMB. HOSP.)","formasFarmaceuticas":["COMPRIMIDO REVESTIDO"],"numero":22,"tonalidade":null,"dataPublicacao":"2001-04-06T00:00:00.000-0300","validade":"36","tipoValidade":"2","registro":"1004702760224","principiosAtivos":["ROXITROMICINA"],"complemento":null,"embalagemPrimaria":{"tipo":"BLISTER DE ALUMINIO/PLASTICO TRANSPARENTE","observacao":null},"embalagemSecundaria":{"tipo":"CARTUCHO DE CARTOLINA","observacao":null},"embalagemSecundariaTodas":[{"tipo":"CARTUCHO DE CARTOLINA","observacao":null}],"envoltorios":[],"acessorios":[],"acondicionamento":null,"marcas":[],"fabricantesNacionais":[{"fabricante":"SANDOZ DO BRASIL INDÚSTRIA FARMACÊUTICA LTDA","cnpj":"61286647000116","pais":"BRASIL","uf":"PR","cidade":"CAMBÉ","etapaFabricacao":null}],"fabricantesInternacionais":[],"viasAdministracao":["ORAL"],"ifaUnico":true,"conservacao":["EVITAR CALOR EXCESSIVO (TEMPERATURA SUPERIOR A 40 GRAUS C)","PROTEGER DA LUZ E UMIDADE"],"restricaoPrescricao":["Venda sob Prescrição Médica"],"restricaoUso":[],"destinacao":["Comercial"],"restricaoHospitais":null,"tarja":null,"medicamentoReferencia":"N","apresentacaoFracionada":"N","dataVencimentoRegistro":null,"tipoAutorizacao":"REGISTRADO","ativa":false,"inativa":true,"emAnalise":false}],"rotulos":[],"anexoRotulos":[],"tipoAutorizacao":"REGISTRADO"}