{"codigoProduto":3571224,"tipoProduto":1,"dataProduto":"2023-02-06T00:00:00.000-0300","nomeComercial":"PIXTEN","classesTerapeuticas":["ANTITROMBOTICO"],"numeroRegistro":"100470652","dataVencimento":null,"mesAnoVencimento":null,"codigoParecerPublico":null,"codigoBulaPaciente":null,"codigoBulaProfissional":null,"dataVencimentoRegistro":null,"principioAtivo":"apixabana","medicamentoReferencia":"ELIQUIS","categoriaRegulatoria":"Similar","classeTerapeutica":null,"atc":null,"processosMedidaCautelar":[],"empresa":{"cnpj":"61286647000116","razaoSocial":"SANDOZ DO BRASIL INDÚSTRIA FARMACÊUTICA LTDA","numeroAutorizacao":"1000472"},"processo":{"numero":"25351019979202254","situacao":29},"apresentacoes":[{"codigo":429699255,"apresentacao":"2,5 MG COM REV CT BL AL PLAS PVC/PVDC TRANS X 20","formasFarmaceuticas":["Comprimido Revestido "],"numero":1,"tonalidade":null,"dataPublicacao":"2023-02-06T00:00:00.000-0300","validade":"24","tipoValidade":"2","registro":"1004706520015","principiosAtivos":["apixabana"],"complemento":null,"embalagemPrimaria":{"tipo":"Blister de alumínio e plástico transparente ","observacao":"Folha de alumínio 20 &#956;m temperado duro  contendo laca de vedação a quente no lado brilhante e nitrocelulose no lado fosco + Laminado plástico duplex composto por polivinilcloreto (PVC) 200 &#956;m e polivinildenocloreto 60 g/m2, espessura total de 224,20 a 247,80 &#956;m, incolor, cristal."},"embalagemSecundaria":{"tipo":"Cartucho","observacao":"de cartolina"},"embalagemSecundariaTodas":[{"tipo":"Cartucho","observacao":"de cartolina"}],"envoltorios":[],"acessorios":[],"acondicionamento":null,"marcas":[],"fabricantesNacionais":[],"fabricantesInternacionais":[{"fabricante":"SANDOZ PRIVATE LIMITED","endereco":"PLOT NO. 8-A/2 E 8-B, TTC INDUSTRIAL AREA, KALWE BLOCK, VILLAGE DIGHE, NAVI MUMBAI 400708, MAHARASHTRA STATE","pais":"ÍNDIA","etapaFabricacao":"Processo produtivo completo "}],"viasAdministracao":["ORAL"],"ifaUnico":true,"conservacao":["CONSERVAR EM  TEMPERATURA AMBIENTE ( AMBIENTE COM TEMPERATURA ENTRE 15 E 30ºC)"],"restricaoPrescricao":["Venda sob Prescrição Médica"],"restricaoUso":["Adulto"],"destinacao":["Comercial"],"restricaoHospitais":"N","tarja":"Vermelha","medicamentoReferencia":"N","apresentacaoFracionada":"N","dataVencimentoRegistro":null,"tipoAutorizacao":"REGISTRADO","ativa":true,"inativa":false,"emAnalise":false},{"codigo":429699256,"apresentacao":"2,5 MG COM REV CT BL AL PLAS PVC/PVDC TRANS X 60","formasFarmaceuticas":["Comprimido Revestido "],"numero":2,"tonalidade":null,"dataPublicacao":"2023-02-06T00:00:00.000-0300","validade":"24","tipoValidade":"2","registro":"1004706520023","principiosAtivos":["apixabana"],"complemento":null,"embalagemPrimaria":{"tipo":"Blister de alumínio e plástico transparente ","observacao":"Folha de alumínio 20 &#956;m temperado duro  contendo laca de vedação a quente no lado brilhante e nitrocelulose no lado fosco + Laminado plástico duplex composto por polivinilcloreto (PVC) 200 &#956;m e polivinildenocloreto 60 g/m2, espessura total de 224,20 a 247,80 &#956;m, incolor, cristal."},"embalagemSecundaria":{"tipo":"Cartucho","observacao":"de cartolina"},"embalagemSecundariaTodas":[{"tipo":"Cartucho","observacao":"de cartolina"}],"envoltorios":[],"acessorios":[],"acondicionamento":null,"marcas":[],"fabricantesNacionais":[],"fabricantesInternacionais":[{"fabricante":"SANDOZ PRIVATE LIMITED","endereco":"PLOT NO. 8-A/2 E 8-B, TTC INDUSTRIAL AREA, KALWE BLOCK, VILLAGE DIGHE, NAVI MUMBAI 400708, MAHARASHTRA STATE","pais":"ÍNDIA","etapaFabricacao":"Processo produtivo completo "}],"viasAdministracao":["ORAL"],"ifaUnico":true,"conservacao":["CONSERVAR EM  TEMPERATURA AMBIENTE ( AMBIENTE COM TEMPERATURA ENTRE 15 E 30ºC)"],"restricaoPrescricao":["Venda sob Prescrição Médica"],"restricaoUso":["Adulto"],"destinacao":["Comercial"],"restricaoHospitais":"N","tarja":"Vermelha","medicamentoReferencia":"N","apresentacaoFracionada":"N","dataVencimentoRegistro":null,"tipoAutorizacao":"REGISTRADO","ativa":true,"inativa":false,"emAnalise":false},{"codigo":429699257,"apresentacao":"2,5 MG COM REV CT BL AL PLAS PVC/PVDC TRANS X 100","formasFarmaceuticas":["Comprimido Revestido "],"numero":3,"tonalidade":null,"dataPublicacao":"2023-02-06T00:00:00.000-0300","validade":"24","tipoValidade":"2","registro":"1004706520031","principiosAtivos":["apixabana"],"complemento":null,"embalagemPrimaria":{"tipo":"Blister de alumínio e plástico transparente ","observacao":"Folha de alumínio 20 &#956;m temperado duro  contendo laca de vedação a quente no lado brilhante e nitrocelulose no lado fosco + Laminado plástico duplex composto por polivinilcloreto (PVC) 200 &#956;m e polivinildenocloreto 60 g/m2, espessura total de 224,20 a 247,80 &#956;m, incolor, cristal."},"embalagemSecundaria":{"tipo":"Cartucho","observacao":"de cartolina"},"embalagemSecundariaTodas":[{"tipo":"Cartucho","observacao":"de cartolina"}],"envoltorios":[],"acessorios":[],"acondicionamento":null,"marcas":[],"fabricantesNacionais":[],"fabricantesInternacionais":[{"fabricante":"SANDOZ PRIVATE LIMITED","endereco":"PLOT NO. 8-A/2 E 8-B, TTC INDUSTRIAL AREA, KALWE BLOCK, VILLAGE DIGHE, NAVI MUMBAI 400708, MAHARASHTRA STATE","pais":"ÍNDIA","etapaFabricacao":"Processo produtivo completo "}],"viasAdministracao":["ORAL"],"ifaUnico":true,"conservacao":["CONSERVAR EM  TEMPERATURA AMBIENTE ( AMBIENTE COM TEMPERATURA ENTRE 15 E 30ºC)"],"restricaoPrescricao":["Venda sob Prescrição Médica"],"restricaoUso":["Adulto"],"destinacao":["Comercial"],"restricaoHospitais":"N","tarja":"Vermelha","medicamentoReferencia":"N","apresentacaoFracionada":"N","dataVencimentoRegistro":null,"tipoAutorizacao":"REGISTRADO","ativa":true,"inativa":false,"emAnalise":false},{"codigo":429699258,"apresentacao":"5 MG COM REV CT BL AL PLAS PVC/PVDC TRANS X 20","formasFarmaceuticas":["Comprimido Revestido "],"numero":4,"tonalidade":null,"dataPublicacao":"2023-02-06T00:00:00.000-0300","validade":"24","tipoValidade":"2","registro":"1004706520041","principiosAtivos":["apixabana"],"complemento":null,"embalagemPrimaria":{"tipo":"Blister de alumínio e plástico transparente ","observacao":"Folha de alumínio 20 &#956;m temperado duro  contendo laca de vedação a quente no lado brilhante e nitrocelulose no lado fosco + Laminado plástico duplex composto por polivinilcloreto (PVC) 200 &#956;m e polivinildenocloreto 60 g/m2, espessura total de 224,20 a 247,80 &#956;m, incolor, cristal."},"embalagemSecundaria":{"tipo":"Cartucho","observacao":"de cartolina"},"embalagemSecundariaTodas":[{"tipo":"Cartucho","observacao":"de cartolina"}],"envoltorios":[],"acessorios":[],"acondicionamento":null,"marcas":[],"fabricantesNacionais":[],"fabricantesInternacionais":[{"fabricante":"SANDOZ PRIVATE LIMITED","endereco":"PLOT NO. 8-A/2 E 8-B, TTC INDUSTRIAL AREA, KALWE BLOCK, VILLAGE DIGHE, NAVI MUMBAI 400708, MAHARASHTRA STATE","pais":"ÍNDIA","etapaFabricacao":"Processo produtivo completo "}],"viasAdministracao":["ORAL"],"ifaUnico":true,"conservacao":["CONSERVAR EM  TEMPERATURA AMBIENTE ( AMBIENTE COM TEMPERATURA ENTRE 15 E 30ºC)"],"restricaoPrescricao":["Venda sob Prescrição Médica"],"restricaoUso":["Adulto"],"destinacao":["Comercial"],"restricaoHospitais":"N","tarja":"Vermelha","medicamentoReferencia":"N","apresentacaoFracionada":"N","dataVencimentoRegistro":null,"tipoAutorizacao":"REGISTRADO","ativa":true,"inativa":false,"emAnalise":false},{"codigo":429699259,"apresentacao":"5 MG COM REV CT BL AL PLAS PVC/PVDC TRANS X 60","formasFarmaceuticas":["Comprimido Revestido "],"numero":5,"tonalidade":null,"dataPublicacao":"2023-02-06T00:00:00.000-0300","validade":"24","tipoValidade":"2","registro":"1004706520058","principiosAtivos":["apixabana"],"complemento":null,"embalagemPrimaria":{"tipo":"Blister de alumínio e plástico transparente ","observacao":"Folha de alumínio 20 &#956;m temperado duro  contendo laca de vedação a quente no lado brilhante e nitrocelulose no lado fosco + Laminado plástico duplex composto por polivinilcloreto (PVC) 200 &#956;m e polivinildenocloreto 60 g/m2, espessura total de 224,20 a 247,80 &#956;m, incolor, cristal."},"embalagemSecundaria":{"tipo":"Cartucho","observacao":"de cartolina"},"embalagemSecundariaTodas":[{"tipo":"Cartucho","observacao":"de cartolina"}],"envoltorios":[],"acessorios":[],"acondicionamento":null,"marcas":[],"fabricantesNacionais":[],"fabricantesInternacionais":[{"fabricante":"SANDOZ PRIVATE LIMITED","endereco":"PLOT NO. 8-A/2 E 8-B, TTC INDUSTRIAL AREA, KALWE BLOCK, VILLAGE DIGHE, NAVI MUMBAI 400708, MAHARASHTRA STATE","pais":"ÍNDIA","etapaFabricacao":"Processo produtivo completo "}],"viasAdministracao":["ORAL"],"ifaUnico":true,"conservacao":["CONSERVAR EM  TEMPERATURA AMBIENTE ( AMBIENTE COM TEMPERATURA ENTRE 15 E 30ºC)"],"restricaoPrescricao":["Venda sob Prescrição Médica"],"restricaoUso":["Adulto"],"destinacao":["Comercial"],"restricaoHospitais":"N","tarja":"Vermelha","medicamentoReferencia":"N","apresentacaoFracionada":"N","dataVencimentoRegistro":null,"tipoAutorizacao":"REGISTRADO","ativa":true,"inativa":false,"emAnalise":false},{"codigo":429699260,"apresentacao":"5 MG COM REV CT BL AL PLAS PVC/PVDC TRANS X 100","formasFarmaceuticas":["Comprimido Revestido "],"numero":6,"tonalidade":null,"dataPublicacao":"2023-02-06T00:00:00.000-0300","validade":"24","tipoValidade":"2","registro":"1004706520066","principiosAtivos":["apixabana"],"complemento":null,"embalagemPrimaria":{"tipo":"Blister de alumínio e plástico transparente ","observacao":"Folha de alumínio 20 &#956;m temperado duro  contendo laca de vedação a quente no lado brilhante e nitrocelulose no lado fosco + Laminado plástico duplex composto por polivinilcloreto (PVC) 200 &#956;m e polivinildenocloreto 60 g/m2, espessura total de 224,20 a 247,80 &#956;m, incolor, cristal."},"embalagemSecundaria":{"tipo":"Cartucho","observacao":"de cartolina"},"embalagemSecundariaTodas":[{"tipo":"Cartucho","observacao":"de cartolina"}],"envoltorios":[],"acessorios":[],"acondicionamento":null,"marcas":[],"fabricantesNacionais":[],"fabricantesInternacionais":[{"fabricante":"SANDOZ PRIVATE LIMITED","endereco":"PLOT NO. 8-A/2 E 8-B, TTC INDUSTRIAL AREA, KALWE BLOCK, VILLAGE DIGHE, NAVI MUMBAI 400708, MAHARASHTRA STATE","pais":"ÍNDIA","etapaFabricacao":"Processo produtivo completo "}],"viasAdministracao":["ORAL"],"ifaUnico":true,"conservacao":["CONSERVAR EM  TEMPERATURA AMBIENTE ( AMBIENTE COM TEMPERATURA ENTRE 15 E 30ºC)"],"restricaoPrescricao":["Venda sob Prescrição Médica"],"restricaoUso":["Adulto"],"destinacao":["Comercial"],"restricaoHospitais":"N","tarja":"Vermelha","medicamentoReferencia":"N","apresentacaoFracionada":"N","dataVencimentoRegistro":null,"tipoAutorizacao":"REGISTRADO","ativa":true,"inativa":false,"emAnalise":false},{"codigo":429704744,"apresentacao":"5 MG COM REV CT BL AL PLAS PVC/PVDC TRANS X 200","formasFarmaceuticas":["Comprimido Revestido "],"numero":7,"tonalidade":null,"dataPublicacao":"2023-02-06T00:00:00.000-0300","validade":"24","tipoValidade":"2","registro":"1004706520074","principiosAtivos":["apixabana"],"complemento":null,"embalagemPrimaria":{"tipo":"Blister de alumínio e plástico transparente ","observacao":"Folha de alumínio 20 &#956;m temperado duro  contendo laca de vedação a quente no lado brilhante e nitrocelulose no lado fosco + Laminado plástico duplex composto por polivinilcloreto (PVC) 200 &#956;m e polivinildenocloreto 60 g/m2, espessura total de 224,20 a 247,80 &#956;m, incolor, cristal."},"embalagemSecundaria":{"tipo":"Cartucho","observacao":"de cartolina"},"embalagemSecundariaTodas":[{"tipo":"Cartucho","observacao":"de cartolina"}],"envoltorios":[],"acessorios":[],"acondicionamento":null,"marcas":[],"fabricantesNacionais":[],"fabricantesInternacionais":[{"fabricante":"SANDOZ PRIVATE LIMITED","endereco":"PLOT NO. 8-A/2 E 8-B, TTC INDUSTRIAL AREA, KALWE BLOCK, VILLAGE DIGHE, NAVI MUMBAI 400708, MAHARASHTRA STATE","pais":"ÍNDIA","etapaFabricacao":"Processo produtivo completo "}],"viasAdministracao":["ORAL"],"ifaUnico":true,"conservacao":["CONSERVAR EM  TEMPERATURA AMBIENTE ( AMBIENTE COM TEMPERATURA ENTRE 15 E 30ºC)"],"restricaoPrescricao":["Venda sob Prescrição Médica"],"restricaoUso":["Adulto"],"destinacao":["Comercial"],"restricaoHospitais":"N","tarja":"Vermelha","medicamentoReferencia":"N","apresentacaoFracionada":"N","dataVencimentoRegistro":null,"tipoAutorizacao":"REGISTRADO","ativa":true,"inativa":false,"emAnalise":false}],"rotulos":[],"anexoRotulos":[],"tipoAutorizacao":"REGISTRADO"}