{"codigoProduto":137,"tipoProduto":1,"dataProduto":"2001-10-03T00:00:00.000-0300","nomeComercial":"AC. ASCORBICO","classesTerapeuticas":["VITAMINAS OU MINERAIS ASSOCIADOS A OUTROS FARMACOS"],"numeroRegistro":"100470344","dataVencimento":null,"mesAnoVencimento":"102006","codigoParecerPublico":null,"codigoBulaPaciente":null,"codigoBulaProfissional":null,"dataVencimentoRegistro":"2006-10-01T00:00:00.000-0300","principioAtivo":null,"medicamentoReferencia":null,"categoriaRegulatoria":"Similar","classeTerapeutica":null,"atc":null,"processosMedidaCautelar":[],"empresa":{"cnpj":"61286647000116","razaoSocial":"SANDOZ DO BRASIL INDÚSTRIA FARMACÊUTICA LTDA","numeroAutorizacao":"1000472"},"processo":{"numero":"253510110580175","situacao":29},"apresentacoes":[{"codigo":442,"apresentacao":"500 MG COM MAST CT ENV AL X 10","formasFarmaceuticas":["COMPRIMIDO MASTIGAVEL"],"numero":1,"tonalidade":null,"dataPublicacao":"2001-10-03T00:00:00.000-0300","validade":"24","tipoValidade":"2","registro":"1004703440010","principiosAtivos":[],"complemento":"VIVAGIL C","embalagemPrimaria":{"tipo":"ENVELOPE DE ALUMINIO","observacao":null},"embalagemSecundaria":{"tipo":"CARTUCHO DE CARTOLINA","observacao":null},"embalagemSecundariaTodas":[{"tipo":"CARTUCHO DE CARTOLINA","observacao":null}],"envoltorios":[],"acessorios":[],"acondicionamento":null,"marcas":[],"fabricantesNacionais":[],"fabricantesInternacionais":[],"viasAdministracao":[],"ifaUnico":false,"conservacao":[],"restricaoPrescricao":["Venda sem Prescrição Médica"],"restricaoUso":[],"destinacao":["Comercial"],"restricaoHospitais":null,"tarja":null,"medicamentoReferencia":"N","apresentacaoFracionada":"N","dataVencimentoRegistro":null,"tipoAutorizacao":"REGISTRADO","ativa":false,"inativa":true,"emAnalise":false},{"codigo":440,"apresentacao":"250 MG COM EFERV CT TB PLAS X 10","formasFarmaceuticas":["COMPRIMIDO EFERVESCENTE"],"numero":2,"tonalidade":null,"dataPublicacao":"2001-10-03T00:00:00.000-0300","validade":"24","tipoValidade":"2","registro":"1004703440029","principiosAtivos":[],"complemento":"VIVAGIL C","embalagemPrimaria":{"tipo":"TUBO PLASTICO","observacao":null},"embalagemSecundaria":{"tipo":"CARTUCHO DE CARTOLINA","observacao":null},"embalagemSecundariaTodas":[{"tipo":"CARTUCHO DE CARTOLINA","observacao":null}],"envoltorios":[],"acessorios":[],"acondicionamento":null,"marcas":[],"fabricantesNacionais":[],"fabricantesInternacionais":[],"viasAdministracao":[],"ifaUnico":false,"conservacao":[],"restricaoPrescricao":["Venda sem Prescrição Médica"],"restricaoUso":[],"destinacao":["Comercial"],"restricaoHospitais":null,"tarja":null,"medicamentoReferencia":"N","apresentacaoFracionada":"N","dataVencimentoRegistro":null,"tipoAutorizacao":"REGISTRADO","ativa":false,"inativa":true,"emAnalise":false},{"codigo":441,"apresentacao":"500 MG COM EFERV CT TB PLAS X 10","formasFarmaceuticas":["COMPRIMIDO EFERVESCENTE"],"numero":3,"tonalidade":null,"dataPublicacao":"2001-10-03T00:00:00.000-0300","validade":"24","tipoValidade":"2","registro":"1004703440037","principiosAtivos":[],"complemento":"VIVAGIL C","embalagemPrimaria":{"tipo":"TUBO PLASTICO","observacao":null},"embalagemSecundaria":{"tipo":"CARTUCHO DE CARTOLINA","observacao":null},"embalagemSecundariaTodas":[{"tipo":"CARTUCHO DE CARTOLINA","observacao":null}],"envoltorios":[],"acessorios":[],"acondicionamento":null,"marcas":[],"fabricantesNacionais":[],"fabricantesInternacionais":[],"viasAdministracao":[],"ifaUnico":false,"conservacao":[],"restricaoPrescricao":["Venda sem Prescrição Médica"],"restricaoUso":[],"destinacao":["Comercial"],"restricaoHospitais":null,"tarja":null,"medicamentoReferencia":"N","apresentacaoFracionada":"N","dataVencimentoRegistro":null,"tipoAutorizacao":"REGISTRADO","ativa":false,"inativa":true,"emAnalise":false},{"codigo":438,"apresentacao":" 1 G COM EFERV CT TB PLAS X 10","formasFarmaceuticas":["COMPRIMIDO EFERVESCENTE"],"numero":4,"tonalidade":null,"dataPublicacao":"2001-10-03T00:00:00.000-0300","validade":"24","tipoValidade":"2","registro":"1004703440045","principiosAtivos":[],"complemento":"VIVAGIL C","embalagemPrimaria":{"tipo":"TUBO PLASTICO","observacao":null},"embalagemSecundaria":{"tipo":"CARTUCHO DE CARTOLINA","observacao":null},"embalagemSecundariaTodas":[{"tipo":"CARTUCHO DE CARTOLINA","observacao":null}],"envoltorios":[],"acessorios":[],"acondicionamento":null,"marcas":[],"fabricantesNacionais":[],"fabricantesInternacionais":[],"viasAdministracao":[],"ifaUnico":false,"conservacao":[],"restricaoPrescricao":["Venda sem Prescrição Médica"],"restricaoUso":[],"destinacao":["Comercial"],"restricaoHospitais":null,"tarja":null,"medicamentoReferencia":"N","apresentacaoFracionada":"N","dataVencimentoRegistro":null,"tipoAutorizacao":"REGISTRADO","ativa":false,"inativa":true,"emAnalise":false},{"codigo":439,"apresentacao":" 2 G COM EFERV CT TB PLAS X 10","formasFarmaceuticas":["COMPRIMIDO EFERVESCENTE"],"numero":5,"tonalidade":null,"dataPublicacao":"2001-10-03T00:00:00.000-0300","validade":"24","tipoValidade":"2","registro":"1004703440053","principiosAtivos":[],"complemento":"VIVAGIL C","embalagemPrimaria":{"tipo":"TUBO PLASTICO","observacao":null},"embalagemSecundaria":{"tipo":"CARTUCHO DE CARTOLINA","observacao":null},"embalagemSecundariaTodas":[{"tipo":"CARTUCHO DE CARTOLINA","observacao":null}],"envoltorios":[],"acessorios":[],"acondicionamento":null,"marcas":[],"fabricantesNacionais":[],"fabricantesInternacionais":[],"viasAdministracao":[],"ifaUnico":false,"conservacao":[],"restricaoPrescricao":["Venda sem Prescrição Médica"],"restricaoUso":[],"destinacao":["Comercial"],"restricaoHospitais":null,"tarja":null,"medicamentoReferencia":"N","apresentacaoFracionada":"N","dataVencimentoRegistro":null,"tipoAutorizacao":"REGISTRADO","ativa":false,"inativa":true,"emAnalise":false}],"rotulos":[],"anexoRotulos":[],"tipoAutorizacao":"REGISTRADO"}