{"codigoProduto":6224,"tipoProduto":1,"dataProduto":"1997-03-11T00:00:00.000-0300","nomeComercial":"NISTATINA + OXIDO DE ZINCO","classesTerapeuticas":["OUTROS PRODUTOS COM ACAO NA PELE E MUCOSAS"],"numeroRegistro":"100470240","dataVencimento":null,"mesAnoVencimento":"032002","codigoParecerPublico":null,"codigoBulaPaciente":null,"codigoBulaProfissional":null,"dataVencimentoRegistro":"2002-03-01T00:00:00.000-0300","principioAtivo":null,"medicamentoReferencia":null,"categoriaRegulatoria":"Similar","classeTerapeutica":null,"atc":null,"processosMedidaCautelar":[],"empresa":{"cnpj":"61286647000116","razaoSocial":"SANDOZ DO BRASIL INDÚSTRIA FARMACÊUTICA LTDA","numeroAutorizacao":"1000472"},"processo":{"numero":"250000096039514","situacao":29},"apresentacoes":[{"codigo":21890,"apresentacao":"100000 UI + 200 MG/G POM DERM CT BG AL X 20 G","formasFarmaceuticas":["POMADA DERMATOLOGICA"],"numero":1,"tonalidade":null,"dataPublicacao":"1997-03-11T00:00:00.000-0300","validade":"24","tipoValidade":"2","registro":"1004702400015","principiosAtivos":[],"complemento":"SUAVEDERM","embalagemPrimaria":{"tipo":"BISNAGA DE ALUMINIO","observacao":null},"embalagemSecundaria":{"tipo":"CARTUCHO DE CARTOLINA","observacao":null},"embalagemSecundariaTodas":[{"tipo":"CARTUCHO DE CARTOLINA","observacao":null}],"envoltorios":[],"acessorios":[],"acondicionamento":null,"marcas":[],"fabricantesNacionais":[],"fabricantesInternacionais":[],"viasAdministracao":[],"ifaUnico":false,"conservacao":[],"restricaoPrescricao":["Venda sem Prescrição Médica"],"restricaoUso":[],"destinacao":["Comercial"],"restricaoHospitais":null,"tarja":null,"medicamentoReferencia":"N","apresentacaoFracionada":"N","dataVencimentoRegistro":null,"inativa":true,"emAnalise":false,"tipoAutorizacao":"REGISTRADO","ativa":false},{"codigo":21891,"apresentacao":"100000 UI + 200 MG/G POM DERM CT BG AL X 40 G","formasFarmaceuticas":["POMADA DERMATOLOGICA"],"numero":2,"tonalidade":null,"dataPublicacao":"1997-03-11T00:00:00.000-0300","validade":"24","tipoValidade":"2","registro":"1004702400023","principiosAtivos":[],"complemento":"SUAVEDERM","embalagemPrimaria":{"tipo":"BISNAGA DE ALUMINIO","observacao":null},"embalagemSecundaria":{"tipo":"CARTUCHO DE CARTOLINA","observacao":null},"embalagemSecundariaTodas":[{"tipo":"CARTUCHO DE CARTOLINA","observacao":null}],"envoltorios":[],"acessorios":[],"acondicionamento":null,"marcas":[],"fabricantesNacionais":[],"fabricantesInternacionais":[],"viasAdministracao":[],"ifaUnico":false,"conservacao":[],"restricaoPrescricao":["Venda sem Prescrição Médica"],"restricaoUso":[],"destinacao":["Comercial"],"restricaoHospitais":null,"tarja":null,"medicamentoReferencia":"N","apresentacaoFracionada":"N","dataVencimentoRegistro":null,"inativa":true,"emAnalise":false,"tipoAutorizacao":"REGISTRADO","ativa":false},{"codigo":21892,"apresentacao":"100000 UI + 200 MG/G POM DERM CT BG AL X 60 G","formasFarmaceuticas":["POMADA DERMATOLOGICA"],"numero":3,"tonalidade":null,"dataPublicacao":"1997-03-11T00:00:00.000-0300","validade":"24","tipoValidade":"2","registro":"1004702400031","principiosAtivos":[],"complemento":"SUAVEDERM","embalagemPrimaria":{"tipo":"BISNAGA DE ALUMINIO","observacao":null},"embalagemSecundaria":{"tipo":"CARTUCHO DE CARTOLINA","observacao":null},"embalagemSecundariaTodas":[{"tipo":"CARTUCHO DE CARTOLINA","observacao":null}],"envoltorios":[],"acessorios":[],"acondicionamento":null,"marcas":[],"fabricantesNacionais":[],"fabricantesInternacionais":[],"viasAdministracao":[],"ifaUnico":false,"conservacao":[],"restricaoPrescricao":["Venda sem Prescrição Médica"],"restricaoUso":[],"destinacao":["Comercial"],"restricaoHospitais":null,"tarja":null,"medicamentoReferencia":"N","apresentacaoFracionada":"N","dataVencimentoRegistro":null,"inativa":true,"emAnalise":false,"tipoAutorizacao":"REGISTRADO","ativa":false}],"rotulos":[],"anexoRotulos":[],"tipoAutorizacao":"REGISTRADO"}