{"codigoProduto":1360008,"tipoProduto":1,"dataProduto":"2020-11-23T00:00:00.000-0300","nomeComercial":"VSIQQ","classesTerapeuticas":["OUTROS MEDICAMENTOS COM ACAO NO APARELHO VISUAL"],"numeroRegistro":"100470634","dataVencimento":"2030-11-10T00:00:00.000-0300","mesAnoVencimento":"112030","codigoParecerPublico":null,"codigoBulaPaciente":"eyJhbGciOiJIUzUxMiJ9.eyJqdGkiOiIxODgwOTU0NyIsIm5iZiI6MTcxOTQxNzYyOSwiZXhwIjoxNzE5NDE3OTI5fQ.X7ElxySfxaFKiO0XTSolhJtp9yQnYYvfVCrCFXrdBj5m6fmCC_6C5Fi_LaRrbEwET-2G6IUINCQTa0MCD5Wc4w","codigoBulaProfissional":"eyJhbGciOiJIUzUxMiJ9.eyJqdGkiOiIxODgwOTU0OCIsIm5iZiI6MTcxOTQxNzYyOSwiZXhwIjoxNzE5NDE3OTI5fQ.o4aykv7_SIMMJE0CEJodBWms-37WR-D5tWDO7rbfnFmcLU3JIT-x1i1t9WDHp2ppkiN1V3OKNzrIdSYO18fujA","dataVencimentoRegistro":"2030-11-01T00:00:00.000-0300","principioAtivo":null,"medicamentoReferencia":null,"categoriaRegulatoria":"Biológico","classeTerapeutica":null,"atc":null,"processosMedidaCautelar":[],"empresa":{"cnpj":"61286647000116","razaoSocial":"SANDOZ DO BRASIL INDÚSTRIA FARMACÊUTICA LTDA","numeroAutorizacao":"1000472"},"processo":{"numero":"25351577169201912","situacao":29},"apresentacoes":[{"codigo":1787538,"apresentacao":"120 MG/ML SOL INJ CT FA VD TRANS X 0,23 ML + AGU C/ FILTRO","formasFarmaceuticas":["Solução Injetável "],"numero":1,"tonalidade":null,"dataPublicacao":"2020-11-23T00:00:00.000-0300","validade":"24","tipoValidade":"2","registro":"1004706340017","principiosAtivos":["BROLUCIZUMABE"],"complemento":null,"embalagemPrimaria":{"tipo":"Frasco-ampola de vidro transparente ","observacao":null},"embalagemSecundaria":{"tipo":"Cartucho","observacao":"cartucho de cartolina"},"embalagemSecundariaTodas":[{"tipo":"Cartucho","observacao":"cartucho de cartolina"}],"envoltorios":[],"acessorios":[],"acondicionamento":null,"marcas":[],"fabricantesNacionais":[],"fabricantesInternacionais":[{"fabricante":"LONZA AG","endereco":"LONZASTRASSE 3930, VISP","pais":"SUÍÇA","etapaFabricacao":null},{"fabricante":"NOVARTIS PHARMA STEIN AG","endereco":"SCHAFFHAUSERSTRASSE, CH-4332 STEIN","pais":"SUÍÇA","etapaFabricacao":"Produto terminado"},{"fabricante":"NOVARTIS PHARMA STEIN AG","endereco":"SCHAFFHAUSERSTRASSE, CH-4332 STEIN","pais":"SUÍÇA","etapaFabricacao":"Embalagem primária"},{"fabricante":"NOVARTIS PHARMA STEIN AG","endereco":"SCHAFFHAUSERSTRASSE, CH-4332 STEIN","pais":"SUÍÇA","etapaFabricacao":"Embalagem secundária"}],"viasAdministracao":["INTRAVÍTREA"],"ifaUnico":true,"conservacao":["CONSERVAR A TEMPERATURA ENTRE 2 E 8ºC ( REFRIGERADOR )","NAO CONGELAR","PROTEGER DA LUZ"],"restricaoPrescricao":["Venda sob Prescrição Médica"],"restricaoUso":["Adulto"],"destinacao":["Profissional /Empresa Especializada"],"restricaoHospitais":"S","tarja":"Vermelha","medicamentoReferencia":"S","apresentacaoFracionada":"N","dataVencimentoRegistro":null,"inativa":true,"emAnalise":false,"tipoAutorizacao":"REGISTRADO","ativa":false}],"rotulos":[],"anexoRotulos":[],"tipoAutorizacao":"REGISTRADO"}