{"codigoProduto":630809,"tipoProduto":1,"dataProduto":"2010-12-27T00:00:00.000-0300","nomeComercial":"HIDROGENOTARTARATO DE RIVASTIGMINA (PORT. 344/98 - LISTA C1)","classesTerapeuticas":["OUTROS PRODUTOS QUE ATUAM SOBRE O SISTEMA NERVOSO"],"numeroRegistro":"100470489","dataVencimento":null,"mesAnoVencimento":"122025","codigoParecerPublico":null,"codigoBulaPaciente":null,"codigoBulaProfissional":null,"dataVencimentoRegistro":"2025-12-01T00:00:00.000-0300","principioAtivo":null,"medicamentoReferencia":"EXELON","categoriaRegulatoria":"Genérico","classeTerapeutica":null,"atc":null,"processosMedidaCautelar":[],"empresa":{"cnpj":"61286647000116","razaoSocial":"SANDOZ DO BRASIL INDÚSTRIA FARMACÊUTICA LTDA","numeroAutorizacao":"1000472"},"processo":{"numero":"25351181264200971","situacao":29},"apresentacoes":[{"codigo":1121777,"apresentacao":"1,5 MG CAP GEL DURA CT BL AL PLAS TRANS X 14","formasFarmaceuticas":["CAPSULA GELATINOSA DURA"],"numero":1,"tonalidade":null,"dataPublicacao":"2010-12-27T00:00:00.000-0300","validade":"24","tipoValidade":"2","registro":"1004704890011","principiosAtivos":["HIDROGENOTARTARATO DE RIVASTIGMINA"],"complemento":null,"embalagemPrimaria":{"tipo":"BLISTER DE ALUMINIO/PLASTICO TRANSPARENTE","observacao":null},"embalagemSecundaria":{"tipo":"CARTUCHO DE CARTOLINA","observacao":null},"embalagemSecundariaTodas":[{"tipo":"CARTUCHO DE CARTOLINA","observacao":null}],"envoltorios":[],"acessorios":[],"acondicionamento":null,"marcas":[],"fabricantesNacionais":[{"fabricante":"ANOVIS INDUSTRIAL FARMACÊUTICA LTDA.","cnpj":"19426695000104","pais":"BRASIL","uf":"SP","cidade":"TABOÃO DA SERRA","etapaFabricacao":"Embalagem primária e secundária"}],"fabricantesInternacionais":[{"fabricante":"NOVARTIS FARMACEUTICA S.A.","endereco":"BARBERA DEL VALLES","pais":"ESPANHA","etapaFabricacao":"Processo produtivo completo "}],"viasAdministracao":["ORAL"],"ifaUnico":true,"conservacao":["CONSERVAR EM  TEMPERATURA AMBIENTE ( AMBIENTE COM TEMPERATURA ENTRE 15 E 30ºC)"],"restricaoPrescricao":["Venda sob prescrição médica com retenção de receita"],"restricaoUso":["Adulto"],"destinacao":["Comercial"],"restricaoHospitais":"N","tarja":"Vermelha sob restrição","medicamentoReferencia":"N","apresentacaoFracionada":"N","dataVencimentoRegistro":null,"ativa":false,"tipoAutorizacao":"REGISTRADO","inativa":true,"emAnalise":false},{"codigo":1121811,"apresentacao":"1,5 MG CAP GEL DURA CT BL AL PLAS TRANS X 28","formasFarmaceuticas":["CAPSULA GELATINOSA DURA"],"numero":2,"tonalidade":null,"dataPublicacao":"2010-12-27T00:00:00.000-0300","validade":"24","tipoValidade":"2","registro":"1004704890028","principiosAtivos":["HIDROGENOTARTARATO DE RIVASTIGMINA"],"complemento":null,"embalagemPrimaria":{"tipo":"BLISTER DE ALUMINIO/PLASTICO TRANSPARENTE","observacao":null},"embalagemSecundaria":{"tipo":"CARTUCHO DE CARTOLINA","observacao":null},"embalagemSecundariaTodas":[{"tipo":"CARTUCHO DE CARTOLINA","observacao":null}],"envoltorios":[],"acessorios":[],"acondicionamento":null,"marcas":[],"fabricantesNacionais":[{"fabricante":"ANOVIS INDUSTRIAL FARMACÊUTICA LTDA.","cnpj":"19426695000104","pais":"BRASIL","uf":"SP","cidade":"TABOÃO DA SERRA","etapaFabricacao":"Embalagem primária e secundária"}],"fabricantesInternacionais":[{"fabricante":"NOVARTIS FARMACEUTICA S.A.","endereco":"BARBERA DEL VALLES","pais":"ESPANHA","etapaFabricacao":null}],"viasAdministracao":["ORAL"],"ifaUnico":true,"conservacao":["CONSERVAR EM  TEMPERATURA AMBIENTE ( AMBIENTE COM TEMPERATURA ENTRE 15 E 30ºC)"],"restricaoPrescricao":["Venda sob prescrição médica com retenção de receita"],"restricaoUso":["Adulto"],"destinacao":["Comercial"],"restricaoHospitais":"N","tarja":"Vermelha sob restrição","medicamentoReferencia":"N","apresentacaoFracionada":"N","dataVencimentoRegistro":null,"ativa":false,"tipoAutorizacao":"REGISTRADO","inativa":true,"emAnalise":false},{"codigo":1121812,"apresentacao":"1,5 MG CAP GEL DURA CT BL AL PLAS TRANS X 56","formasFarmaceuticas":["CAPSULA GELATINOSA DURA"],"numero":3,"tonalidade":null,"dataPublicacao":"2010-12-27T00:00:00.000-0300","validade":"24","tipoValidade":"2","registro":"1004704890036","principiosAtivos":["HIDROGENOTARTARATO DE RIVASTIGMINA"],"complemento":null,"embalagemPrimaria":{"tipo":"BLISTER DE ALUMINIO/PLASTICO TRANSPARENTE","observacao":null},"embalagemSecundaria":{"tipo":"CARTUCHO DE CARTOLINA","observacao":null},"embalagemSecundariaTodas":[{"tipo":"CARTUCHO DE CARTOLINA","observacao":null}],"envoltorios":[],"acessorios":[],"acondicionamento":null,"marcas":[],"fabricantesNacionais":[{"fabricante":"ANOVIS INDUSTRIAL FARMACÊUTICA LTDA.","cnpj":"19426695000104","pais":"BRASIL","uf":"SP","cidade":"TABOÃO DA SERRA","etapaFabricacao":"Embalagem primária e secundária"}],"fabricantesInternacionais":[{"fabricante":"NOVARTIS FARMACEUTICA S.A.","endereco":"BARBERA DEL VALLES","pais":"ESPANHA","etapaFabricacao":null}],"viasAdministracao":["ORAL"],"ifaUnico":true,"conservacao":["CONSERVAR EM  TEMPERATURA AMBIENTE ( AMBIENTE COM TEMPERATURA ENTRE 15 E 30ºC)"],"restricaoPrescricao":["Venda sob prescrição médica com retenção de receita"],"restricaoUso":["Adulto"],"destinacao":["Comercial"],"restricaoHospitais":"N","tarja":"Vermelha sob restrição","medicamentoReferencia":"N","apresentacaoFracionada":"N","dataVencimentoRegistro":null,"ativa":false,"tipoAutorizacao":"REGISTRADO","inativa":true,"emAnalise":false},{"codigo":1121813,"apresentacao":"3,0 MG CAP GEL DURA CT BL AL PLAS TRANS X 28","formasFarmaceuticas":["CAPSULA GELATINOSA DURA"],"numero":4,"tonalidade":null,"dataPublicacao":"2010-12-27T00:00:00.000-0300","validade":"24","tipoValidade":"2","registro":"1004704890044","principiosAtivos":["HIDROGENOTARTARATO DE RIVASTIGMINA"],"complemento":null,"embalagemPrimaria":{"tipo":"BLISTER DE ALUMINIO/PLASTICO TRANSPARENTE","observacao":null},"embalagemSecundaria":{"tipo":"CARTUCHO DE CARTOLINA","observacao":null},"embalagemSecundariaTodas":[{"tipo":"CARTUCHO DE CARTOLINA","observacao":null}],"envoltorios":[],"acessorios":[],"acondicionamento":null,"marcas":[],"fabricantesNacionais":[{"fabricante":"ANOVIS INDUSTRIAL FARMACÊUTICA LTDA.","cnpj":"19426695000104","pais":"BRASIL","uf":"SP","cidade":"TABOÃO DA SERRA","etapaFabricacao":"Embalagem primária e secundária"}],"fabricantesInternacionais":[{"fabricante":"NOVARTIS FARMACEUTICA S.A.","endereco":"BARBERA DEL VALLES","pais":"ESPANHA","etapaFabricacao":null}],"viasAdministracao":["ORAL"],"ifaUnico":true,"conservacao":["CONSERVAR EM  TEMPERATURA AMBIENTE ( AMBIENTE COM TEMPERATURA ENTRE 15 E 30ºC)"],"restricaoPrescricao":["Venda sob prescrição médica com retenção de receita"],"restricaoUso":["Adulto"],"destinacao":["Comercial"],"restricaoHospitais":"N","tarja":"Vermelha sob restrição","medicamentoReferencia":"N","apresentacaoFracionada":"N","dataVencimentoRegistro":null,"ativa":false,"tipoAutorizacao":"REGISTRADO","inativa":true,"emAnalise":false},{"codigo":1121836,"apresentacao":"3,0 MG CAP GEL DURA CT BL AL PLAS TRANS X 56","formasFarmaceuticas":["CAPSULA GELATINOSA DURA"],"numero":5,"tonalidade":null,"dataPublicacao":"2010-12-27T00:00:00.000-0300","validade":"24","tipoValidade":"2","registro":"1004704890052","principiosAtivos":["HIDROGENOTARTARATO DE RIVASTIGMINA"],"complemento":null,"embalagemPrimaria":{"tipo":"BLISTER DE ALUMINIO/PLASTICO TRANSPARENTE","observacao":null},"embalagemSecundaria":{"tipo":"CARTUCHO DE CARTOLINA","observacao":null},"embalagemSecundariaTodas":[{"tipo":"CARTUCHO DE CARTOLINA","observacao":null}],"envoltorios":[],"acessorios":[],"acondicionamento":null,"marcas":[],"fabricantesNacionais":[{"fabricante":"ANOVIS INDUSTRIAL FARMACÊUTICA LTDA.","cnpj":"19426695000104","pais":"BRASIL","uf":"SP","cidade":"TABOÃO DA SERRA","etapaFabricacao":"Embalagem primária e secundária"}],"fabricantesInternacionais":[{"fabricante":"NOVARTIS FARMACEUTICA S.A.","endereco":"BARBERA DEL VALLES","pais":"ESPANHA","etapaFabricacao":null}],"viasAdministracao":["ORAL"],"ifaUnico":true,"conservacao":["CONSERVAR EM  TEMPERATURA AMBIENTE ( AMBIENTE COM TEMPERATURA ENTRE 15 E 30ºC)"],"restricaoPrescricao":["Venda sob prescrição médica com retenção de receita"],"restricaoUso":["Adulto"],"destinacao":["Comercial"],"restricaoHospitais":"N","tarja":"Vermelha sob restrição","medicamentoReferencia":"N","apresentacaoFracionada":"N","dataVencimentoRegistro":null,"ativa":false,"tipoAutorizacao":"REGISTRADO","inativa":true,"emAnalise":false},{"codigo":1121837,"apresentacao":"4,5 MG CAP GEL DURA CT BL AL PLAS TRANS X 28","formasFarmaceuticas":["CAPSULA GELATINOSA DURA"],"numero":6,"tonalidade":null,"dataPublicacao":"2010-12-27T00:00:00.000-0300","validade":"24","tipoValidade":"2","registro":"1004704890060","principiosAtivos":["HIDROGENOTARTARATO DE RIVASTIGMINA"],"complemento":null,"embalagemPrimaria":{"tipo":"BLISTER DE ALUMINIO/PLASTICO TRANSPARENTE","observacao":null},"embalagemSecundaria":{"tipo":"CARTUCHO DE CARTOLINA","observacao":null},"embalagemSecundariaTodas":[{"tipo":"CARTUCHO DE CARTOLINA","observacao":null}],"envoltorios":[],"acessorios":[],"acondicionamento":null,"marcas":[],"fabricantesNacionais":[{"fabricante":"ANOVIS INDUSTRIAL FARMACÊUTICA LTDA.","cnpj":"19426695000104","pais":"BRASIL","uf":"SP","cidade":"TABOÃO DA SERRA","etapaFabricacao":"Embalagem primária e secundária"}],"fabricantesInternacionais":[{"fabricante":"NOVARTIS FARMACEUTICA S.A.","endereco":"BARBERA DEL VALLES","pais":"ESPANHA","etapaFabricacao":null}],"viasAdministracao":["ORAL"],"ifaUnico":true,"conservacao":["CONSERVAR EM  TEMPERATURA AMBIENTE ( AMBIENTE COM TEMPERATURA ENTRE 15 E 30ºC)"],"restricaoPrescricao":["Venda sob prescrição médica com retenção de receita"],"restricaoUso":["Adulto"],"destinacao":["Comercial"],"restricaoHospitais":"N","tarja":"Vermelha sob restrição","medicamentoReferencia":"N","apresentacaoFracionada":"N","dataVencimentoRegistro":null,"ativa":false,"tipoAutorizacao":"REGISTRADO","inativa":true,"emAnalise":false},{"codigo":1121838,"apresentacao":"4,5 MG CAP GEL DURA CT BL AL PLAS TRANS X 56","formasFarmaceuticas":["CAPSULA GELATINOSA DURA"],"numero":7,"tonalidade":null,"dataPublicacao":"2010-12-27T00:00:00.000-0300","validade":"24","tipoValidade":"2","registro":"1004704890079","principiosAtivos":["HIDROGENOTARTARATO DE RIVASTIGMINA"],"complemento":null,"embalagemPrimaria":{"tipo":"BLISTER DE ALUMINIO/PLASTICO TRANSPARENTE","observacao":null},"embalagemSecundaria":{"tipo":"CARTUCHO DE CARTOLINA","observacao":null},"embalagemSecundariaTodas":[{"tipo":"CARTUCHO DE CARTOLINA","observacao":null}],"envoltorios":[],"acessorios":[],"acondicionamento":null,"marcas":[],"fabricantesNacionais":[{"fabricante":"ANOVIS INDUSTRIAL FARMACÊUTICA LTDA.","cnpj":"19426695000104","pais":"BRASIL","uf":"SP","cidade":"TABOÃO DA SERRA","etapaFabricacao":"Embalagem primária e secundária"}],"fabricantesInternacionais":[{"fabricante":"NOVARTIS FARMACEUTICA S.A.","endereco":"BARBERA DEL VALLES","pais":"ESPANHA","etapaFabricacao":null}],"viasAdministracao":["ORAL"],"ifaUnico":true,"conservacao":["CONSERVAR EM  TEMPERATURA AMBIENTE ( AMBIENTE COM TEMPERATURA ENTRE 15 E 30ºC)"],"restricaoPrescricao":["Venda sob prescrição médica com retenção de receita"],"restricaoUso":["Adulto"],"destinacao":["Comercial"],"restricaoHospitais":"N","tarja":"Vermelha sob restrição","medicamentoReferencia":"N","apresentacaoFracionada":"N","dataVencimentoRegistro":null,"ativa":false,"tipoAutorizacao":"REGISTRADO","inativa":true,"emAnalise":false},{"codigo":1122197,"apresentacao":"6,0 MG CAP GEL DURA CT BL AL PLAS TRANS X 28","formasFarmaceuticas":["CAPSULA GELATINOSA DURA"],"numero":8,"tonalidade":null,"dataPublicacao":"2010-12-27T00:00:00.000-0300","validade":"24","tipoValidade":"2","registro":"1004704890087","principiosAtivos":["HIDROGENOTARTARATO DE RIVASTIGMINA"],"complemento":null,"embalagemPrimaria":{"tipo":"BLISTER DE ALUMINIO/PLASTICO TRANSPARENTE","observacao":null},"embalagemSecundaria":{"tipo":"CARTUCHO DE CARTOLINA","observacao":null},"embalagemSecundariaTodas":[{"tipo":"CARTUCHO DE CARTOLINA","observacao":null}],"envoltorios":[],"acessorios":[],"acondicionamento":null,"marcas":[],"fabricantesNacionais":[{"fabricante":"ANOVIS INDUSTRIAL FARMACÊUTICA LTDA.","cnpj":"19426695000104","pais":"BRASIL","uf":"SP","cidade":"TABOÃO DA SERRA","etapaFabricacao":"Embalagem primária e secundária"}],"fabricantesInternacionais":[{"fabricante":"NOVARTIS FARMACEUTICA S.A.","endereco":"BARBERA DEL VALLES","pais":"ESPANHA","etapaFabricacao":null}],"viasAdministracao":["ORAL"],"ifaUnico":true,"conservacao":["CONSERVAR EM  TEMPERATURA AMBIENTE ( AMBIENTE COM TEMPERATURA ENTRE 15 E 30ºC)"],"restricaoPrescricao":["Venda sob prescrição médica com retenção de receita"],"restricaoUso":["Adulto"],"destinacao":["Comercial"],"restricaoHospitais":"N","tarja":"Vermelha sob restrição","medicamentoReferencia":"N","apresentacaoFracionada":"N","dataVencimentoRegistro":null,"ativa":false,"tipoAutorizacao":"REGISTRADO","inativa":true,"emAnalise":false},{"codigo":1122198,"apresentacao":"6,0 MG CAP GEL DURA CT BL AL PLAS TRANS X 56","formasFarmaceuticas":["CAPSULA GELATINOSA DURA"],"numero":9,"tonalidade":null,"dataPublicacao":"2010-12-27T00:00:00.000-0300","validade":"24","tipoValidade":"2","registro":"1004704890095","principiosAtivos":["HIDROGENOTARTARATO DE RIVASTIGMINA"],"complemento":null,"embalagemPrimaria":{"tipo":"BLISTER DE ALUMINIO/PLASTICO TRANSPARENTE","observacao":null},"embalagemSecundaria":{"tipo":"CARTUCHO DE CARTOLINA","observacao":null},"embalagemSecundariaTodas":[{"tipo":"CARTUCHO DE CARTOLINA","observacao":null}],"envoltorios":[],"acessorios":[],"acondicionamento":null,"marcas":[],"fabricantesNacionais":[{"fabricante":"ANOVIS INDUSTRIAL FARMACÊUTICA LTDA.","cnpj":"19426695000104","pais":"BRASIL","uf":"SP","cidade":"TABOÃO DA SERRA","etapaFabricacao":"Embalagem primária e secundária"}],"fabricantesInternacionais":[{"fabricante":"NOVARTIS FARMACEUTICA S.A.","endereco":"BARBERA DEL VALLES","pais":"ESPANHA","etapaFabricacao":null}],"viasAdministracao":["ORAL"],"ifaUnico":true,"conservacao":["CONSERVAR EM  TEMPERATURA AMBIENTE ( AMBIENTE COM TEMPERATURA ENTRE 15 E 30ºC)"],"restricaoPrescricao":["Venda sob prescrição médica com retenção de receita"],"restricaoUso":["Adulto"],"destinacao":["Comercial"],"restricaoHospitais":"N","tarja":"Vermelha sob restrição","medicamentoReferencia":"N","apresentacaoFracionada":"N","dataVencimentoRegistro":null,"ativa":false,"tipoAutorizacao":"REGISTRADO","inativa":true,"emAnalise":false},{"codigo":1192960,"apresentacao":"3,0 MG CAP GEL DURA CT BL AL PLAS TRANS X 14","formasFarmaceuticas":["CAPSULA GELATINOSA DURA"],"numero":10,"tonalidade":null,"dataPublicacao":"2010-12-27T00:00:00.000-0300","validade":"24","tipoValidade":"2","registro":"1004704890109","principiosAtivos":["HIDROGENOTARTARATO DE RIVASTIGMINA"],"complemento":null,"embalagemPrimaria":null,"embalagemSecundaria":{"tipo":"CARTUCHO DE CARTOLINA","observacao":null},"embalagemSecundariaTodas":[{"tipo":"BLISTER DE ALUMINIO/PLASTICO TRANSPARENTE","observacao":null},{"tipo":"CARTUCHO DE CARTOLINA","observacao":null}],"envoltorios":[],"acessorios":[],"acondicionamento":null,"marcas":[],"fabricantesNacionais":[{"fabricante":"ANOVIS INDUSTRIAL FARMACÊUTICA LTDA.","cnpj":"19426695000104","pais":"BRASIL","uf":"SP","cidade":"TABOÃO DA SERRA","etapaFabricacao":"Embalagem primária e secundária"}],"fabricantesInternacionais":[{"fabricante":"NOVARTIS FARMACEUTICA S.A.","endereco":"BARBERA DEL VALLES","pais":"ESPANHA","etapaFabricacao":"Processo produtivo completo "}],"viasAdministracao":["ORAL"],"ifaUnico":true,"conservacao":["CONSERVAR EM  TEMPERATURA AMBIENTE ( AMBIENTE COM TEMPERATURA ENTRE 15 E 30ºC)"],"restricaoPrescricao":["Venda sob prescrição médica com retenção de receita"],"restricaoUso":["Adulto"],"destinacao":["Comercial"],"restricaoHospitais":"N","tarja":"Vermelha sob restrição","medicamentoReferencia":"N","apresentacaoFracionada":"N","dataVencimentoRegistro":null,"ativa":false,"tipoAutorizacao":"REGISTRADO","inativa":true,"emAnalise":false},{"codigo":1192964,"apresentacao":"4,5 MG CAP GEL DURA CT BL AL PLAS TRANS X 14","formasFarmaceuticas":["CAPSULA GELATINOSA DURA"],"numero":11,"tonalidade":null,"dataPublicacao":"2010-12-27T00:00:00.000-0300","validade":"24","tipoValidade":"2","registro":"1004704890117","principiosAtivos":["HIDROGENOTARTARATO DE RIVASTIGMINA"],"complemento":null,"embalagemPrimaria":null,"embalagemSecundaria":{"tipo":"CARTUCHO DE CARTOLINA","observacao":null},"embalagemSecundariaTodas":[{"tipo":"BLISTER DE ALUMINIO/PLASTICO TRANSPARENTE","observacao":null},{"tipo":"CARTUCHO DE CARTOLINA","observacao":null}],"envoltorios":[],"acessorios":[],"acondicionamento":null,"marcas":[],"fabricantesNacionais":[{"fabricante":"ANOVIS INDUSTRIAL FARMACÊUTICA LTDA.","cnpj":"19426695000104","pais":"BRASIL","uf":"SP","cidade":"TABOÃO DA SERRA","etapaFabricacao":"Embalagem primária e secundária"}],"fabricantesInternacionais":[{"fabricante":"NOVARTIS FARMACEUTICA S.A.","endereco":"BARBERA DEL VALLES","pais":"ESPANHA","etapaFabricacao":"Processo produtivo completo "}],"viasAdministracao":["ORAL"],"ifaUnico":true,"conservacao":["CONSERVAR EM  TEMPERATURA AMBIENTE ( AMBIENTE COM TEMPERATURA ENTRE 15 E 30ºC)"],"restricaoPrescricao":["Venda sob prescrição médica com retenção de receita"],"restricaoUso":["Adulto"],"destinacao":["Comercial"],"restricaoHospitais":"N","tarja":"Vermelha sob restrição","medicamentoReferencia":"N","apresentacaoFracionada":"N","dataVencimentoRegistro":null,"ativa":false,"tipoAutorizacao":"REGISTRADO","inativa":true,"emAnalise":false},{"codigo":1193759,"apresentacao":"6,0 MG CAP GEL DURA CT BL AL PLAS TRANS X 14","formasFarmaceuticas":["CAPSULA GELATINOSA DURA"],"numero":12,"tonalidade":null,"dataPublicacao":"2010-12-27T00:00:00.000-0300","validade":"24","tipoValidade":"2","registro":"1004704890125","principiosAtivos":["HIDROGENOTARTARATO DE RIVASTIGMINA"],"complemento":null,"embalagemPrimaria":null,"embalagemSecundaria":{"tipo":"CARTUCHO DE CARTOLINA","observacao":null},"embalagemSecundariaTodas":[{"tipo":"BLISTER DE ALUMINIO/PLASTICO TRANSPARENTE","observacao":null},{"tipo":"CARTUCHO DE CARTOLINA","observacao":null}],"envoltorios":[],"acessorios":[],"acondicionamento":null,"marcas":[],"fabricantesNacionais":[{"fabricante":"ANOVIS INDUSTRIAL FARMACÊUTICA LTDA.","cnpj":"19426695000104","pais":"BRASIL","uf":"SP","cidade":"TABOÃO DA SERRA","etapaFabricacao":"Embalagem primária e secundária"}],"fabricantesInternacionais":[{"fabricante":"NOVARTIS FARMACEUTICA S.A.","endereco":"BARBERA DEL VALLES","pais":"ESPANHA","etapaFabricacao":"Processo produtivo completo "}],"viasAdministracao":["ORAL"],"ifaUnico":true,"conservacao":["CONSERVAR EM  TEMPERATURA AMBIENTE ( AMBIENTE COM TEMPERATURA ENTRE 15 E 30ºC)"],"restricaoPrescricao":["Venda sob prescrição médica com retenção de receita"],"restricaoUso":["Adulto"],"destinacao":["Comercial"],"restricaoHospitais":"N","tarja":"Vermelha sob restrição","medicamentoReferencia":"N","apresentacaoFracionada":"N","dataVencimentoRegistro":null,"ativa":false,"tipoAutorizacao":"REGISTRADO","inativa":true,"emAnalise":false}],"rotulos":[],"anexoRotulos":[],"tipoAutorizacao":"REGISTRADO"}