{"codigoProduto":5467,"tipoProduto":1,"dataProduto":"1999-08-25T00:00:00.000-0300","nomeComercial":"LOVASTATINA","classesTerapeuticas":["ANTILIPEMICOS"],"numeroRegistro":"101620211","dataVencimento":null,"mesAnoVencimento":"072004","codigoParecerPublico":null,"codigoBulaPaciente":null,"codigoBulaProfissional":null,"dataVencimentoRegistro":"2004-07-01T00:00:00.000-0300","principioAtivo":null,"medicamentoReferencia":null,"categoriaRegulatoria":"Similar","classeTerapeutica":null,"atc":null,"processosMedidaCautelar":[],"empresa":{"cnpj":"33051491000159","razaoSocial":"LABORATÓRIOS PIERRE FABRE DO BRASIL LTDA","numeroAutorizacao":"1001629"},"processo":{"numero":"250000010029914","situacao":29},"apresentacoes":[{"codigo":19235,"apresentacao":"10 MG COM CT 2 BL AL PLAS INC X 15","formasFarmaceuticas":["COMPRIMIDO SIMPLES"],"numero":1,"tonalidade":null,"dataPublicacao":"1999-08-25T00:00:00.000-0300","validade":"24","tipoValidade":"2","registro":"1016202110011","principiosAtivos":[],"complemento":"CELLOX","embalagemPrimaria":{"tipo":"BLISTER DE ALUMINIO/PLASTICO TRANSPARENTE","observacao":null},"embalagemSecundaria":{"tipo":"CARTUCHO DE CARTOLINA","observacao":null},"embalagemSecundariaTodas":[{"tipo":"CARTUCHO DE CARTOLINA","observacao":null}],"envoltorios":[],"acessorios":[],"acondicionamento":null,"marcas":[],"fabricantesNacionais":[],"fabricantesInternacionais":[],"viasAdministracao":[],"ifaUnico":false,"conservacao":[],"restricaoPrescricao":["Venda sob Prescrição Médica"],"restricaoUso":[],"destinacao":["Comercial"],"restricaoHospitais":null,"tarja":null,"medicamentoReferencia":"N","apresentacaoFracionada":"N","dataVencimentoRegistro":null,"tipoAutorizacao":"REGISTRADO","ativa":false,"inativa":true,"emAnalise":false},{"codigo":19237,"apresentacao":"20 MG COM CT BL AL PLAS INC X 10","formasFarmaceuticas":["COMPRIMIDO SIMPLES"],"numero":2,"tonalidade":null,"dataPublicacao":"1999-08-25T00:00:00.000-0300","validade":"24","tipoValidade":"2","registro":"1016202110021","principiosAtivos":[],"complemento":"CELLOX","embalagemPrimaria":{"tipo":"BLISTER DE ALUMINIO/PLASTICO TRANSPARENTE","observacao":null},"embalagemSecundaria":{"tipo":"CARTUCHO DE CARTOLINA","observacao":null},"embalagemSecundariaTodas":[{"tipo":"CARTUCHO DE CARTOLINA","observacao":null}],"envoltorios":[],"acessorios":[],"acondicionamento":null,"marcas":[],"fabricantesNacionais":[],"fabricantesInternacionais":[],"viasAdministracao":[],"ifaUnico":false,"conservacao":[],"restricaoPrescricao":["Venda sob Prescrição Médica"],"restricaoUso":[],"destinacao":["Comercial"],"restricaoHospitais":null,"tarja":null,"medicamentoReferencia":"N","apresentacaoFracionada":"N","dataVencimentoRegistro":null,"tipoAutorizacao":"REGISTRADO","ativa":false,"inativa":true,"emAnalise":false},{"codigo":19236,"apresentacao":"20 MG COM CT 2 BL AL PLAS INC X 15","formasFarmaceuticas":["COMPRIMIDO SIMPLES"],"numero":3,"tonalidade":null,"dataPublicacao":"1999-08-25T00:00:00.000-0300","validade":"24","tipoValidade":"2","registro":"1016202110038","principiosAtivos":[],"complemento":"CELLOX","embalagemPrimaria":{"tipo":"BLISTER DE ALUMINIO/PLASTICO TRANSPARENTE","observacao":null},"embalagemSecundaria":{"tipo":"CARTUCHO DE CARTOLINA","observacao":null},"embalagemSecundariaTodas":[{"tipo":"CARTUCHO DE CARTOLINA","observacao":null}],"envoltorios":[],"acessorios":[],"acondicionamento":null,"marcas":[],"fabricantesNacionais":[],"fabricantesInternacionais":[],"viasAdministracao":[],"ifaUnico":false,"conservacao":[],"restricaoPrescricao":["Venda sob Prescrição Médica"],"restricaoUso":[],"destinacao":["Comercial"],"restricaoHospitais":null,"tarja":null,"medicamentoReferencia":"N","apresentacaoFracionada":"N","dataVencimentoRegistro":null,"tipoAutorizacao":"REGISTRADO","ativa":false,"inativa":true,"emAnalise":false},{"codigo":19238,"apresentacao":"40 MG COM CT 2 BL AL PLAS INC X 15","formasFarmaceuticas":["COMPRIMIDO SIMPLES"],"numero":4,"tonalidade":null,"dataPublicacao":"1999-08-25T00:00:00.000-0300","validade":"24","tipoValidade":"2","registro":"1016202110046","principiosAtivos":[],"complemento":"CELLOX","embalagemPrimaria":{"tipo":"BLISTER DE ALUMINIO/PLASTICO TRANSPARENTE","observacao":null},"embalagemSecundaria":{"tipo":"CARTUCHO DE CARTOLINA","observacao":null},"embalagemSecundariaTodas":[{"tipo":"CARTUCHO DE CARTOLINA","observacao":null}],"envoltorios":[],"acessorios":[],"acondicionamento":null,"marcas":[],"fabricantesNacionais":[],"fabricantesInternacionais":[],"viasAdministracao":[],"ifaUnico":false,"conservacao":[],"restricaoPrescricao":["Venda sob Prescrição Médica"],"restricaoUso":[],"destinacao":["Comercial"],"restricaoHospitais":null,"tarja":null,"medicamentoReferencia":"N","apresentacaoFracionada":"N","dataVencimentoRegistro":null,"tipoAutorizacao":"REGISTRADO","ativa":false,"inativa":true,"emAnalise":false}],"rotulos":[],"anexoRotulos":[],"tipoAutorizacao":"REGISTRADO"}