{"codigoProduto":393690,"tipoProduto":1,"dataProduto":"2005-08-19T00:00:00.000-0300","nomeComercial":"DESONIDA","classesTerapeuticas":["GLICOCORTICOIDES TOP. SIMP. EXC. USO OFTALM."],"numeroRegistro":"102350734","dataVencimento":null,"mesAnoVencimento":"082010","codigoParecerPublico":null,"codigoBulaPaciente":null,"codigoBulaProfissional":null,"dataVencimentoRegistro":"2010-08-01T00:00:00.000-0300","principioAtivo":null,"medicamentoReferencia":"DESONOL","categoriaRegulatoria":"Genérico","classeTerapeutica":null,"atc":null,"processosMedidaCautelar":[],"empresa":{"cnpj":"57507378000365","razaoSocial":"EMS S/A","numeroAutorizacao":"1002351"},"processo":{"numero":"25351235438200490","situacao":29},"apresentacoes":[{"codigo":487723,"apresentacao":"1 MG/G LOC CAPIL CT FR PLAS OPC GOT X 30 G ","formasFarmaceuticas":["LOÇAO"],"numero":1,"tonalidade":null,"dataPublicacao":"2005-08-19T00:00:00.000-0300","validade":"24","tipoValidade":"2","registro":"1023507340013","principiosAtivos":["DESONIDA"],"complemento":null,"embalagemPrimaria":{"tipo":"FRASCO DE PLASTICO OPACO GOTEJADOR","observacao":null},"embalagemSecundaria":{"tipo":"CARTUCHO DE CARTOLINA","observacao":null},"embalagemSecundariaTodas":[{"tipo":"CARTUCHO DE CARTOLINA","observacao":null}],"envoltorios":[],"acessorios":[],"acondicionamento":null,"marcas":[],"fabricantesNacionais":[{"fabricante":"EMS S/A","cnpj":"57507378000365","pais":"BRASIL","uf":"SP","cidade":"HORTOLÂNDIA","etapaFabricacao":null}],"fabricantesInternacionais":[],"viasAdministracao":["TOPICA"],"ifaUnico":true,"conservacao":["CONSERVAR EM  TEMPERATURA AMBIENTE ( AMBIENTE COM TEMPERATURA ENTRE 15 E 30ºC)","PROTEGER DA LUZ E UMIDADE"],"restricaoPrescricao":["Venda sob Prescrição Médica"],"restricaoUso":[],"destinacao":["Comercial"],"restricaoHospitais":null,"tarja":null,"medicamentoReferencia":"N","apresentacaoFracionada":"N","dataVencimentoRegistro":null,"inativa":true,"emAnalise":false,"tipoAutorizacao":"REGISTRADO","ativa":false},{"codigo":487724,"apresentacao":"1 MG/G LOC CAPIL CT FR PLAS OPC GOT X 60 G ","formasFarmaceuticas":["LOÇAO"],"numero":2,"tonalidade":null,"dataPublicacao":"2005-08-19T00:00:00.000-0300","validade":"24","tipoValidade":"2","registro":"1023507340021","principiosAtivos":["DESONIDA"],"complemento":null,"embalagemPrimaria":{"tipo":"FRASCO DE PLASTICO OPACO GOTEJADOR","observacao":null},"embalagemSecundaria":{"tipo":"CARTUCHO DE CARTOLINA","observacao":null},"embalagemSecundariaTodas":[{"tipo":"CARTUCHO DE CARTOLINA","observacao":null}],"envoltorios":[],"acessorios":[],"acondicionamento":null,"marcas":[],"fabricantesNacionais":[{"fabricante":"EMS S/A","cnpj":"57507378000365","pais":"BRASIL","uf":"SP","cidade":"HORTOLÂNDIA","etapaFabricacao":null}],"fabricantesInternacionais":[],"viasAdministracao":["TOPICA"],"ifaUnico":true,"conservacao":["CONSERVAR EM  TEMPERATURA AMBIENTE ( AMBIENTE COM TEMPERATURA ENTRE 15 E 30ºC)","PROTEGER DA LUZ E UMIDADE"],"restricaoPrescricao":["Venda sob Prescrição Médica"],"restricaoUso":[],"destinacao":["Comercial"],"restricaoHospitais":null,"tarja":null,"medicamentoReferencia":"N","apresentacaoFracionada":"N","dataVencimentoRegistro":null,"inativa":true,"emAnalise":false,"tipoAutorizacao":"REGISTRADO","ativa":false},{"codigo":487725,"apresentacao":"1 MG/G LOC CAPIL CT FR PLAS TRANS GOT X 30 G ","formasFarmaceuticas":["LOÇAO"],"numero":3,"tonalidade":null,"dataPublicacao":"2005-08-19T00:00:00.000-0300","validade":"24","tipoValidade":"2","registro":"1023507340031","principiosAtivos":["DESONIDA"],"complemento":null,"embalagemPrimaria":{"tipo":"FRASCO DE PLASTICO TRANSPARENTE-GOTEJADOR","observacao":null},"embalagemSecundaria":{"tipo":"CARTUCHO DE CARTOLINA","observacao":null},"embalagemSecundariaTodas":[{"tipo":"CARTUCHO DE CARTOLINA","observacao":null}],"envoltorios":[],"acessorios":[],"acondicionamento":null,"marcas":[],"fabricantesNacionais":[{"fabricante":"EMS S/A","cnpj":"57507378000365","pais":"BRASIL","uf":"SP","cidade":"HORTOLÂNDIA","etapaFabricacao":null}],"fabricantesInternacionais":[],"viasAdministracao":["TOPICA"],"ifaUnico":true,"conservacao":["CONSERVAR EM  TEMPERATURA AMBIENTE ( AMBIENTE COM TEMPERATURA ENTRE 15 E 30ºC)","PROTEGER DA LUZ E UMIDADE"],"restricaoPrescricao":["Venda sob Prescrição Médica"],"restricaoUso":[],"destinacao":["Comercial"],"restricaoHospitais":null,"tarja":null,"medicamentoReferencia":"N","apresentacaoFracionada":"N","dataVencimentoRegistro":null,"inativa":true,"emAnalise":false,"tipoAutorizacao":"REGISTRADO","ativa":false},{"codigo":487726,"apresentacao":"1 MG/G LOC CAPIL CT FR PLAS TRANS GOT X 60 G ","formasFarmaceuticas":["LOÇAO"],"numero":4,"tonalidade":null,"dataPublicacao":"2005-08-19T00:00:00.000-0300","validade":"24","tipoValidade":"2","registro":"1023507340048","principiosAtivos":["DESONIDA"],"complemento":null,"embalagemPrimaria":{"tipo":"FRASCO DE PLASTICO TRANSPARENTE-GOTEJADOR","observacao":null},"embalagemSecundaria":{"tipo":"CARTUCHO DE CARTOLINA","observacao":null},"embalagemSecundariaTodas":[{"tipo":"CARTUCHO DE CARTOLINA","observacao":null}],"envoltorios":[],"acessorios":[],"acondicionamento":null,"marcas":[],"fabricantesNacionais":[{"fabricante":"EMS S/A","cnpj":"57507378000365","pais":"BRASIL","uf":"SP","cidade":"HORTOLÂNDIA","etapaFabricacao":null}],"fabricantesInternacionais":[],"viasAdministracao":["TOPICA"],"ifaUnico":true,"conservacao":["CONSERVAR EM  TEMPERATURA AMBIENTE ( AMBIENTE COM TEMPERATURA ENTRE 15 E 30ºC)","PROTEGER DA LUZ E UMIDADE"],"restricaoPrescricao":["Venda sob Prescrição Médica"],"restricaoUso":[],"destinacao":["Comercial"],"restricaoHospitais":null,"tarja":null,"medicamentoReferencia":"N","apresentacaoFracionada":"N","dataVencimentoRegistro":null,"inativa":true,"emAnalise":false,"tipoAutorizacao":"REGISTRADO","ativa":false}],"rotulos":[],"anexoRotulos":[],"tipoAutorizacao":"REGISTRADO"}