{"codigoProduto":882,"tipoProduto":1,"dataProduto":"1997-06-13T00:00:00.000-0300","nomeComercial":"TRICOCILIN B","classesTerapeuticas":["ANTINFECCIOSOS TOPICOS-ASSOCIACOES MEDICAMENTOSAS"],"numeroRegistro":"102350399","dataVencimento":null,"mesAnoVencimento":"062027","codigoParecerPublico":null,"codigoBulaPaciente":"eyJhbGciOiJIUzUxMiJ9.eyJqdGkiOiIxNDE3OTM4OCIsIm5iZiI6MTcxOTQxMjg4MiwiZXhwIjoxNzE5NDEzMTgyfQ.Wm4_Iq0PwnI_nOt2I8tMEXMDXK4ysD2j5dB8d2dn9rqXYQaTkxLNZutYhlDEUNVj4sgaQa_Xnu9SC42pPDXGLA","codigoBulaProfissional":"eyJhbGciOiJIUzUxMiJ9.eyJqdGkiOiIxNDE3OTM4OSIsIm5iZiI6MTcxOTQxMjg4MiwiZXhwIjoxNzE5NDEzMTgyfQ.w1F6dAmlITPUqChd2f3z6RVaVquxj94G36CRe1044fyZuWmvO1vu1b-7ZoxjRTYy-ig-lwKX_S2JotRZFQ1YZw","dataVencimentoRegistro":"2027-06-01T00:00:00.000-0300","principioAtivo":"CLORIDRATO DE TETRACICLINA, ANFOTERICINA B","medicamentoReferencia":"TALSUTIN","categoriaRegulatoria":"Similar","classeTerapeutica":null,"atc":null,"processosMedidaCautelar":[],"empresa":{"cnpj":"57507378000365","razaoSocial":"EMS S/A","numeroAutorizacao":"1002351"},"processo":{"numero":"250000282609678","situacao":29},"apresentacoes":[{"codigo":404572,"apresentacao":"12,5 MG/G + 25 MG/G CREM VAG CT BG AL X 60 G + 10 APLIC ","formasFarmaceuticas":["CREME VAGINAL"],"numero":3,"tonalidade":null,"dataPublicacao":"1997-06-13T00:00:00.000-0300","validade":"24","tipoValidade":"2","registro":"1023503990031","principiosAtivos":["CLORIDRATO DE TETRACICLINA","ANFOTERICINA B"],"complemento":null,"embalagemPrimaria":{"tipo":"BISNAGA DE ALUMINIO","observacao":null},"embalagemSecundaria":{"tipo":"CARTUCHO DE CARTOLINA","observacao":null},"embalagemSecundariaTodas":[{"tipo":"CARTUCHO DE CARTOLINA","observacao":null}],"envoltorios":[],"acessorios":[],"acondicionamento":null,"marcas":[],"fabricantesNacionais":[{"fabricante":"EMS S/A","cnpj":"57507378000365","pais":"BRASIL","uf":"SP","cidade":"HORTOLÂNDIA","etapaFabricacao":null}],"fabricantesInternacionais":[],"viasAdministracao":["VAGINAL"],"ifaUnico":false,"conservacao":["CONSERVAR EM  TEMPERATURA AMBIENTE ( AMBIENTE COM TEMPERATURA ENTRE 15 E 30ºC)","PROTEGER DA LUZ E UMIDADE"],"restricaoPrescricao":["Venda sob Prescrição Médica"],"restricaoUso":[],"destinacao":["Comercial"],"restricaoHospitais":null,"tarja":null,"medicamentoReferencia":"N","apresentacaoFracionada":"N","dataVencimentoRegistro":null,"inativa":false,"emAnalise":false,"tipoAutorizacao":"REGISTRADO","ativa":true},{"codigo":404573,"apresentacao":"12,5 MG/G + 25 MG/G CREM VAG CT BG AL X 45 G + 10 APLIC ","formasFarmaceuticas":["CREME VAGINAL"],"numero":4,"tonalidade":null,"dataPublicacao":"1997-06-13T00:00:00.000-0300","validade":"24","tipoValidade":"2","registro":"1023503990048","principiosAtivos":["CLORIDRATO DE TETRACICLINA","ANFOTERICINA B"],"complemento":null,"embalagemPrimaria":{"tipo":"BISNAGA DE ALUMINIO","observacao":null},"embalagemSecundaria":{"tipo":"CARTUCHO DE CARTOLINA","observacao":null},"embalagemSecundariaTodas":[{"tipo":"CARTUCHO DE CARTOLINA","observacao":null}],"envoltorios":[],"acessorios":[],"acondicionamento":null,"marcas":[],"fabricantesNacionais":[{"fabricante":"EMS S/A","cnpj":"57507378000365","pais":"BRASIL","uf":"SP","cidade":"HORTOLÂNDIA","etapaFabricacao":null}],"fabricantesInternacionais":[],"viasAdministracao":["VAGINAL"],"ifaUnico":false,"conservacao":["CONSERVAR EM  TEMPERATURA AMBIENTE ( AMBIENTE COM TEMPERATURA ENTRE 15 E 30ºC)","PROTEGER DA LUZ E UMIDADE"],"restricaoPrescricao":["Venda sob Prescrição Médica"],"restricaoUso":[],"destinacao":["Comercial"],"restricaoHospitais":null,"tarja":null,"medicamentoReferencia":"N","apresentacaoFracionada":"N","dataVencimentoRegistro":null,"inativa":false,"emAnalise":false,"tipoAutorizacao":"REGISTRADO","ativa":true},{"codigo":3049,"apresentacao":"12,5 MG/G + 25 MG/G CREM VAG CT BG AL X 60 G + APLIC ","formasFarmaceuticas":["CREME VAGINAL"],"numero":1,"tonalidade":null,"dataPublicacao":"1997-06-13T00:00:00.000-0300","validade":"24","tipoValidade":"2","registro":"1023503990013","principiosAtivos":["CLORIDRATO DE TETRACICLINA","ANFOTERICINA B"],"complemento":null,"embalagemPrimaria":{"tipo":"BISNAGA DE ALUMINIO","observacao":null},"embalagemSecundaria":{"tipo":"CARTUCHO DE CARTOLINA","observacao":null},"embalagemSecundariaTodas":[{"tipo":"CARTUCHO DE CARTOLINA","observacao":null}],"envoltorios":[],"acessorios":[],"acondicionamento":null,"marcas":[],"fabricantesNacionais":[{"fabricante":"EMS S/A","cnpj":"57507378000365","pais":"BRASIL","uf":"SP","cidade":"HORTOLÂNDIA","etapaFabricacao":null},{"fabricante":"GERMED FARMACEUTICA LTDA","cnpj":"45992062000165","pais":"BRASIL","uf":"SP","cidade":"HORTOLÂNDIA","etapaFabricacao":null}],"fabricantesInternacionais":[],"viasAdministracao":["VAGINAL"],"ifaUnico":false,"conservacao":["CONSERVAR EM  TEMPERATURA AMBIENTE ( AMBIENTE COM TEMPERATURA ENTRE 15 E 30ºC)","PROTEGER DA LUZ E UMIDADE"],"restricaoPrescricao":["Venda sob Prescrição Médica"],"restricaoUso":[],"destinacao":["Comercial"],"restricaoHospitais":null,"tarja":null,"medicamentoReferencia":"N","apresentacaoFracionada":"N","dataVencimentoRegistro":null,"inativa":true,"emAnalise":false,"tipoAutorizacao":"REGISTRADO","ativa":false},{"codigo":198520,"apresentacao":"12,5 MG/G + 25 MG/G CREM VAG CT BG AL X 45 G + APLIC ","formasFarmaceuticas":["CREME VAGINAL"],"numero":2,"tonalidade":null,"dataPublicacao":"2002-07-17T00:00:00.000-0300","validade":"24","tipoValidade":"2","registro":"1023503990021","principiosAtivos":["CLORIDRATO DE TETRACICLINA","ANFOTERICINA B"],"complemento":null,"embalagemPrimaria":{"tipo":"BISNAGA DE ALUMINIO","observacao":null},"embalagemSecundaria":{"tipo":"CARTUCHO DE CARTOLINA","observacao":null},"embalagemSecundariaTodas":[{"tipo":"CARTUCHO DE CARTOLINA","observacao":null}],"envoltorios":[],"acessorios":[],"acondicionamento":null,"marcas":[],"fabricantesNacionais":[{"fabricante":"EMS S/A","cnpj":"57507378000365","pais":"BRASIL","uf":"SP","cidade":"HORTOLÂNDIA","etapaFabricacao":null},{"fabricante":"GERMED FARMACEUTICA LTDA","cnpj":"45992062000165","pais":"BRASIL","uf":"SP","cidade":"HORTOLÂNDIA","etapaFabricacao":null}],"fabricantesInternacionais":[],"viasAdministracao":["VAGINAL"],"ifaUnico":false,"conservacao":["CONSERVAR EM  TEMPERATURA AMBIENTE ( AMBIENTE COM TEMPERATURA ENTRE 15 E 30ºC)","PROTEGER DA LUZ E UMIDADE"],"restricaoPrescricao":["Venda sob Prescrição Médica"],"restricaoUso":[],"destinacao":["Comercial"],"restricaoHospitais":null,"tarja":null,"medicamentoReferencia":"N","apresentacaoFracionada":"N","dataVencimentoRegistro":null,"inativa":true,"emAnalise":false,"tipoAutorizacao":"REGISTRADO","ativa":false}],"rotulos":[],"anexoRotulos":[],"tipoAutorizacao":"REGISTRADO"}