{"codigoProduto":174727,"tipoProduto":1,"dataProduto":"2003-03-24T00:00:00.000-0300","nomeComercial":"AMOXICILINA","classesTerapeuticas":["PENICILINA DE AMPLO ESPECTRO"],"numeroRegistro":"102350608","dataVencimento":null,"mesAnoVencimento":"032028","codigoParecerPublico":null,"codigoBulaPaciente":"eyJhbGciOiJIUzUxMiJ9.eyJqdGkiOiIyMDAyNjU3OCIsIm5iZiI6MTcxOTQwOTAzMCwiZXhwIjoxNzE5NDA5MzMwfQ.b_DlqJGdWh2xyW6YdPa5YLifhQEiuWvINceIZPyxLrIF0Nsd5RbiU9PKCQQ0vRhgxGs_htbQ9xnICtbgH2ARCw","codigoBulaProfissional":"eyJhbGciOiJIUzUxMiJ9.eyJqdGkiOiIyMDAyNjU3OSIsIm5iZiI6MTcxOTQwOTAzMCwiZXhwIjoxNzE5NDA5MzMwfQ.6FNgDhSmWlxMUK7BhIQkb023CTWcpRL3LdHb3cwUSLLp-ZzJgCaYyO_qMgPd0yv_Xlw8i9OoV_cVLBQPQnmJYw","dataVencimentoRegistro":"2028-03-01T00:00:00.000-0300","principioAtivo":"AMOXICILINA TRI-hIDRATADA","medicamentoReferencia":"AMOXIL BD","categoriaRegulatoria":"Genérico","classeTerapeutica":null,"atc":null,"processosMedidaCautelar":[],"empresa":{"cnpj":"57507378000365","razaoSocial":"EMS S/A","numeroAutorizacao":"1002351"},"processo":{"numero":"25351204530200246","situacao":29},"apresentacoes":[{"codigo":283496,"apresentacao":"80 MG/ML PO SUS OR CT FR PLAS OPC X 100 ML + SER DOS","formasFarmaceuticas":["PO PARA SUSPENSAO ORAL"],"numero":4,"tonalidade":null,"dataPublicacao":"2003-03-24T00:00:00.000-0300","validade":"24","tipoValidade":"2","registro":"1023506080042","principiosAtivos":["AMOXICILINA TRI-hIDRATADA"],"complemento":null,"embalagemPrimaria":{"tipo":"FRASCO DE PLASTICO OPACO","observacao":null},"embalagemSecundaria":{"tipo":"CARTUCHO DE CARTOLINA","observacao":null},"embalagemSecundariaTodas":[{"tipo":"CARTUCHO DE CARTOLINA","observacao":null}],"envoltorios":[],"acessorios":[],"acondicionamento":null,"marcas":[],"fabricantesNacionais":[{"fabricante":"MULTILAB INDÚSTRIA E COMÉRCIO DE PRODUTOS FARMACÊUTICOS LTDA","cnpj":"92265552000140","pais":"BRASIL","uf":"RS","cidade":"SÃO JERÔNIMO","etapaFabricacao":"Embalagem primária e secundária"},{"fabricante":"MULTILAB INDÚSTRIA E COMÉRCIO DE PRODUTOS FARMACÊUTICOS LTDA","cnpj":"92265552000140","pais":"BRASIL","uf":"RS","cidade":"SÃO JERÔNIMO","etapaFabricacao":"Granel"},{"fabricante":"MULTILAB INDUSTRIA E COMERCIO DE PRODUTOS FARMACEUTICOS LTDA","cnpj":"92265552000816","pais":"BRASIL","uf":"SP","cidade":"JAGUARIÚNA","etapaFabricacao":"Processo produtivo completo "}],"fabricantesInternacionais":[],"viasAdministracao":["ORAL"],"ifaUnico":true,"conservacao":["CONSERVAR EM  TEMPERATURA AMBIENTE ( AMBIENTE COM TEMPERATURA ENTRE 15 E 30ºC)","PROTEGER DA LUZ E UMIDADE"],"restricaoPrescricao":["Venda sob prescrição médica com retenção de receita"],"restricaoUso":["Pediátrico acima de 2 meses a 12  anos"],"destinacao":["Comercial"],"restricaoHospitais":"N","tarja":"Vermelha sob restrição","medicamentoReferencia":"N","apresentacaoFracionada":"N","dataVencimentoRegistro":null,"tipoAutorizacao":"REGISTRADO","ativa":true,"inativa":false,"emAnalise":false},{"codigo":283499,"apresentacao":"80 MG/ML PO SUS OR CT 20 FR PLAS OPC X 100 ML + 20 SER DOS","formasFarmaceuticas":["PO PARA SUSPENSAO ORAL"],"numero":7,"tonalidade":null,"dataPublicacao":"2003-03-24T00:00:00.000-0300","validade":"24","tipoValidade":"2","registro":"1023506080077","principiosAtivos":["AMOXICILINA TRI-hIDRATADA"],"complemento":null,"embalagemPrimaria":{"tipo":"FRASCO DE PLASTICO OPACO","observacao":null},"embalagemSecundaria":{"tipo":"CARTUCHO DE CARTOLINA","observacao":null},"embalagemSecundariaTodas":[{"tipo":"CARTUCHO DE CARTOLINA","observacao":null}],"envoltorios":[],"acessorios":[],"acondicionamento":null,"marcas":[],"fabricantesNacionais":[{"fabricante":"MULTILAB INDÚSTRIA E COMÉRCIO DE PRODUTOS FARMACÊUTICOS LTDA","cnpj":"92265552000140","pais":"BRASIL","uf":"RS","cidade":"SÃO JERÔNIMO","etapaFabricacao":"Embalagem primária e secundária"},{"fabricante":"MULTILAB INDÚSTRIA E COMÉRCIO DE PRODUTOS FARMACÊUTICOS LTDA","cnpj":"92265552000140","pais":"BRASIL","uf":"RS","cidade":"SÃO JERÔNIMO","etapaFabricacao":"Granel"},{"fabricante":"MULTILAB INDUSTRIA E COMERCIO DE PRODUTOS FARMACEUTICOS LTDA","cnpj":"92265552000816","pais":"BRASIL","uf":"SP","cidade":"JAGUARIÚNA","etapaFabricacao":"Processo produtivo completo "}],"fabricantesInternacionais":[],"viasAdministracao":["ORAL"],"ifaUnico":true,"conservacao":["CONSERVAR EM  TEMPERATURA AMBIENTE ( AMBIENTE COM TEMPERATURA ENTRE 15 E 30ºC)","PROTEGER DA LUZ E UMIDADE"],"restricaoPrescricao":["Venda sob prescrição médica com retenção de receita"],"restricaoUso":["Pediátrico acima de 2 meses a 12 anos"],"destinacao":["Comercial"],"restricaoHospitais":"N","tarja":"Vermelha sob restrição","medicamentoReferencia":"N","apresentacaoFracionada":"N","dataVencimentoRegistro":null,"tipoAutorizacao":"REGISTRADO","ativa":true,"inativa":false,"emAnalise":false},{"codigo":283503,"apresentacao":"80 MG/ML PO SUS OR CT 48 FR PLAS OPC X 100 ML + 48 SER DOS","formasFarmaceuticas":["PO PARA SUSPENSAO ORAL"],"numero":11,"tonalidade":null,"dataPublicacao":"2003-03-24T00:00:00.000-0300","validade":"24","tipoValidade":"2","registro":"1023506080115","principiosAtivos":["AMOXICILINA TRI-hIDRATADA"],"complemento":null,"embalagemPrimaria":{"tipo":"FRASCO DE PLASTICO OPACO","observacao":null},"embalagemSecundaria":{"tipo":"CARTUCHO DE CARTOLINA","observacao":null},"embalagemSecundariaTodas":[{"tipo":"CARTUCHO DE CARTOLINA","observacao":null}],"envoltorios":[],"acessorios":[],"acondicionamento":null,"marcas":[],"fabricantesNacionais":[{"fabricante":"MULTILAB INDÚSTRIA E COMÉRCIO DE PRODUTOS FARMACÊUTICOS LTDA","cnpj":"92265552000140","pais":"BRASIL","uf":"RS","cidade":"SÃO JERÔNIMO","etapaFabricacao":"Embalagem primária e secundária"},{"fabricante":"MULTILAB INDÚSTRIA E COMÉRCIO DE PRODUTOS FARMACÊUTICOS LTDA","cnpj":"92265552000140","pais":"BRASIL","uf":"RS","cidade":"SÃO JERÔNIMO","etapaFabricacao":"Granel"},{"fabricante":"MULTILAB INDUSTRIA E COMERCIO DE PRODUTOS FARMACEUTICOS LTDA","cnpj":"92265552000816","pais":"BRASIL","uf":"SP","cidade":"JAGUARIÚNA","etapaFabricacao":"Processo produtivo completo "}],"fabricantesInternacionais":[],"viasAdministracao":["ORAL"],"ifaUnico":true,"conservacao":["CONSERVAR EM  TEMPERATURA AMBIENTE ( AMBIENTE COM TEMPERATURA ENTRE 15 E 30ºC)","PROTEGER DA LUZ E UMIDADE"],"restricaoPrescricao":["Venda sob prescrição médica com retenção de receita"],"restricaoUso":["Pediátrico acima de  2 meses a 12 anos"],"destinacao":["Comercial"],"restricaoHospitais":"N","tarja":"Vermelha sob restrição","medicamentoReferencia":"N","apresentacaoFracionada":"N","dataVencimentoRegistro":null,"tipoAutorizacao":"REGISTRADO","ativa":true,"inativa":false,"emAnalise":false},{"codigo":283459,"apresentacao":"200 MG/5ML PÓ P/ SUS OR CT FR PLAS OPC X 100 ML + SER PLAS DOSAD","formasFarmaceuticas":["PO PARA SUSPENSAO ORAL"],"numero":1,"tonalidade":null,"dataPublicacao":"2003-03-24T00:00:00.000-0300","validade":"24","tipoValidade":"2","registro":"1023506080018","principiosAtivos":["AMOXICILINA TRIHIDRATADA"],"complemento":null,"embalagemPrimaria":{"tipo":"FRASCO DE PLASTICO OPACO","observacao":null},"embalagemSecundaria":{"tipo":"CARTUCHO DE CARTOLINA","observacao":null},"embalagemSecundariaTodas":[{"tipo":"CARTUCHO DE CARTOLINA","observacao":null}],"envoltorios":[],"acessorios":[],"acondicionamento":null,"marcas":[],"fabricantesNacionais":[{"fabricante":"EMS S/A","cnpj":"57507378000101","pais":"BRASIL","uf":"SP","cidade":"SÃO BERNARDO DO CAMPO","etapaFabricacao":null}],"fabricantesInternacionais":[],"viasAdministracao":["ORAL 1"],"ifaUnico":true,"conservacao":["CONSERVAR EM  TEMPERATURA AMBIENTE ( AMBIENTE COM TEMPERATURA ENTRE 15 E 30ºC)","PROTEGER DA LUZ E UMIDADE"],"restricaoPrescricao":["Venda sob Prescrição Médica"],"restricaoUso":[],"destinacao":["Comercial"],"restricaoHospitais":null,"tarja":null,"medicamentoReferencia":"N","apresentacaoFracionada":"N","dataVencimentoRegistro":null,"tipoAutorizacao":"REGISTRADO","ativa":false,"inativa":true,"emAnalise":false},{"codigo":283494,"apresentacao":"400 MG/5ML PÓ PARA SUS OR CT FR VD AMB X 100 ML + SER PLAS DOS","formasFarmaceuticas":["PO PARA SUSPENSAO ORAL"],"numero":2,"tonalidade":null,"dataPublicacao":"2003-03-24T00:00:00.000-0300","validade":"24","tipoValidade":"2","registro":"1023506080026","principiosAtivos":["AMOXICILINA TRIHIDRATADA"],"complemento":null,"embalagemPrimaria":{"tipo":"FRASCO DE VIDRO AMBAR","observacao":null},"embalagemSecundaria":{"tipo":"CARTUCHO DE CARTOLINA","observacao":null},"embalagemSecundariaTodas":[{"tipo":"CARTUCHO DE CARTOLINA","observacao":null}],"envoltorios":[],"acessorios":[],"acondicionamento":null,"marcas":[],"fabricantesNacionais":[{"fabricante":"EMS S/A","cnpj":"57507378000101","pais":"BRASIL","uf":"SP","cidade":"SÃO BERNARDO DO CAMPO","etapaFabricacao":null}],"fabricantesInternacionais":[],"viasAdministracao":["ORAL 1"],"ifaUnico":true,"conservacao":["CONSERVAR EM  TEMPERATURA AMBIENTE ( AMBIENTE COM TEMPERATURA ENTRE 15 E 30ºC)","PROTEGER DA LUZ E UMIDADE"],"restricaoPrescricao":["Venda sob Prescrição Médica"],"restricaoUso":[],"destinacao":["Comercial"],"restricaoHospitais":null,"tarja":null,"medicamentoReferencia":"N","apresentacaoFracionada":"N","dataVencimentoRegistro":null,"tipoAutorizacao":"REGISTRADO","ativa":false,"inativa":true,"emAnalise":false},{"codigo":283495,"apresentacao":"200 MG/5ML PÓ PARA SUS OR CT FR VD AMB X 100 ML + SER PLAS DOS","formasFarmaceuticas":["PO PARA SUSPENSAO ORAL"],"numero":3,"tonalidade":null,"dataPublicacao":"2003-03-24T00:00:00.000-0300","validade":"24","tipoValidade":"2","registro":"1023506080034","principiosAtivos":["AMOXICILINA TRIHIDRATADA"],"complemento":null,"embalagemPrimaria":{"tipo":"FRASCO DE VIDRO AMBAR","observacao":null},"embalagemSecundaria":{"tipo":"CARTUCHO DE CARTOLINA","observacao":null},"embalagemSecundariaTodas":[{"tipo":"CARTUCHO DE CARTOLINA","observacao":null}],"envoltorios":[],"acessorios":[],"acondicionamento":null,"marcas":[],"fabricantesNacionais":[{"fabricante":"EMS S/A","cnpj":"57507378000101","pais":"BRASIL","uf":"SP","cidade":"SÃO BERNARDO DO CAMPO","etapaFabricacao":null}],"fabricantesInternacionais":[],"viasAdministracao":["ORAL 1"],"ifaUnico":true,"conservacao":["CONSERVAR EM  TEMPERATURA AMBIENTE ( AMBIENTE COM TEMPERATURA ENTRE 15 E 30ºC)","PROTEGER DA LUZ E UMIDADE"],"restricaoPrescricao":["Venda sob Prescrição Médica"],"restricaoUso":[],"destinacao":["Comercial"],"restricaoHospitais":null,"tarja":null,"medicamentoReferencia":"N","apresentacaoFracionada":"N","dataVencimentoRegistro":null,"tipoAutorizacao":"REGISTRADO","ativa":false,"inativa":true,"emAnalise":false},{"codigo":283497,"apresentacao":"200 MG/5ML PÓ P/ SUS OR CX 20 FR PLAS OPC X 100 ML + 20 SER PLAS DOSAD (EMB HOSP)","formasFarmaceuticas":["PO PARA SUSPENSAO ORAL"],"numero":5,"tonalidade":null,"dataPublicacao":"2003-03-24T00:00:00.000-0300","validade":"24","tipoValidade":"2","registro":"1023506080050","principiosAtivos":["AMOXICILINA TRIHIDRATADA"],"complemento":null,"embalagemPrimaria":{"tipo":"FRASCO DE PLASTICO OPACO","observacao":null},"embalagemSecundaria":{"tipo":"CARTUCHO DE CARTOLINA","observacao":null},"embalagemSecundariaTodas":[{"tipo":"CARTUCHO DE CARTOLINA","observacao":null}],"envoltorios":[],"acessorios":[],"acondicionamento":null,"marcas":[],"fabricantesNacionais":[{"fabricante":"EMS S/A","cnpj":"57507378000101","pais":"BRASIL","uf":"SP","cidade":"SÃO BERNARDO DO CAMPO","etapaFabricacao":null}],"fabricantesInternacionais":[],"viasAdministracao":["ORAL 1"],"ifaUnico":true,"conservacao":["CONSERVAR EM  TEMPERATURA AMBIENTE ( AMBIENTE COM TEMPERATURA ENTRE 15 E 30ºC)","PROTEGER DA LUZ E UMIDADE"],"restricaoPrescricao":["Venda sob Prescrição Médica"],"restricaoUso":[],"destinacao":["Comercial"],"restricaoHospitais":null,"tarja":null,"medicamentoReferencia":"N","apresentacaoFracionada":"N","dataVencimentoRegistro":null,"tipoAutorizacao":"REGISTRADO","ativa":false,"inativa":true,"emAnalise":false},{"codigo":283498,"apresentacao":"200 MG/5ML PÓ PARA SUS OR CX 20 FR VD AMB X 100 ML + SER PLAS DOS","formasFarmaceuticas":["PO PARA SUSPENSAO ORAL"],"numero":6,"tonalidade":null,"dataPublicacao":"2003-03-24T00:00:00.000-0300","validade":"24","tipoValidade":"2","registro":"1023506080069","principiosAtivos":["AMOXICILINA TRIHIDRATADA"],"complemento":null,"embalagemPrimaria":{"tipo":"FRASCO DE VIDRO AMBAR","observacao":null},"embalagemSecundaria":{"tipo":"CARTUCHO DE CARTOLINA","observacao":null},"embalagemSecundariaTodas":[{"tipo":"CARTUCHO DE CARTOLINA","observacao":null}],"envoltorios":[],"acessorios":[],"acondicionamento":null,"marcas":[],"fabricantesNacionais":[{"fabricante":"EMS S/A","cnpj":"57507378000101","pais":"BRASIL","uf":"SP","cidade":"SÃO BERNARDO DO CAMPO","etapaFabricacao":null}],"fabricantesInternacionais":[],"viasAdministracao":["ORAL 1"],"ifaUnico":true,"conservacao":["CONSERVAR EM  TEMPERATURA AMBIENTE ( AMBIENTE COM TEMPERATURA ENTRE 15 E 30ºC)","PROTEGER DA LUZ E UMIDADE"],"restricaoPrescricao":["Venda sob Prescrição Médica"],"restricaoUso":[],"destinacao":["Comercial"],"restricaoHospitais":null,"tarja":null,"medicamentoReferencia":"N","apresentacaoFracionada":"N","dataVencimentoRegistro":null,"tipoAutorizacao":"REGISTRADO","ativa":false,"inativa":true,"emAnalise":false},{"codigo":283500,"apresentacao":"400 MG/5ML PÓ PARA SUS OR CX 20 FR VD AMB X 100 ML + SER PLAS DOS","formasFarmaceuticas":["PO PARA SUSPENSAO ORAL"],"numero":8,"tonalidade":null,"dataPublicacao":"2003-03-24T00:00:00.000-0300","validade":"24","tipoValidade":"2","registro":"1023506080085","principiosAtivos":["AMOXICILINA TRIHIDRATADA"],"complemento":null,"embalagemPrimaria":{"tipo":"FRASCO DE VIDRO AMBAR","observacao":null},"embalagemSecundaria":{"tipo":"CARTUCHO DE CARTOLINA","observacao":null},"embalagemSecundariaTodas":[{"tipo":"CARTUCHO DE CARTOLINA","observacao":null}],"envoltorios":[],"acessorios":[],"acondicionamento":null,"marcas":[],"fabricantesNacionais":[{"fabricante":"EMS S/A","cnpj":"57507378000101","pais":"BRASIL","uf":"SP","cidade":"SÃO BERNARDO DO CAMPO","etapaFabricacao":null}],"fabricantesInternacionais":[],"viasAdministracao":["ORAL 1"],"ifaUnico":true,"conservacao":["CONSERVAR EM  TEMPERATURA AMBIENTE ( AMBIENTE COM TEMPERATURA ENTRE 15 E 30ºC)","PROTEGER DA LUZ E UMIDADE"],"restricaoPrescricao":["Venda sob Prescrição Médica"],"restricaoUso":[],"destinacao":["Comercial"],"restricaoHospitais":null,"tarja":null,"medicamentoReferencia":"N","apresentacaoFracionada":"N","dataVencimentoRegistro":null,"tipoAutorizacao":"REGISTRADO","ativa":false,"inativa":true,"emAnalise":false},{"codigo":283501,"apresentacao":"200 MG/5ML PÓ PARA SUS OR CX 48 FR VD AMB X 100 ML + SER PLAS DOS","formasFarmaceuticas":["PO PARA SUSPENSAO ORAL"],"numero":9,"tonalidade":null,"dataPublicacao":"2003-03-24T00:00:00.000-0300","validade":"24","tipoValidade":"2","registro":"1023506080093","principiosAtivos":["AMOXICILINA TRIHIDRATADA"],"complemento":null,"embalagemPrimaria":{"tipo":"FRASCO DE VIDRO AMBAR","observacao":null},"embalagemSecundaria":{"tipo":"CAIXA DE PAPELAO","observacao":null},"embalagemSecundariaTodas":[{"tipo":"CAIXA DE PAPELAO","observacao":null}],"envoltorios":[],"acessorios":[],"acondicionamento":null,"marcas":[],"fabricantesNacionais":[{"fabricante":"EMS S/A","cnpj":"57507378000101","pais":"BRASIL","uf":"SP","cidade":"SÃO BERNARDO DO CAMPO","etapaFabricacao":null}],"fabricantesInternacionais":[],"viasAdministracao":["ORAL 1"],"ifaUnico":true,"conservacao":["CONSERVAR EM  TEMPERATURA AMBIENTE ( AMBIENTE COM TEMPERATURA ENTRE 15 E 30ºC)","PROTEGER DA LUZ E UMIDADE"],"restricaoPrescricao":["Venda sob Prescrição Médica"],"restricaoUso":[],"destinacao":["Comercial"],"restricaoHospitais":null,"tarja":null,"medicamentoReferencia":"N","apresentacaoFracionada":"N","dataVencimentoRegistro":null,"tipoAutorizacao":"REGISTRADO","ativa":false,"inativa":true,"emAnalise":false},{"codigo":283502,"apresentacao":"200 MG/5ML PÓ P/ SUS OR CX 48 FR PLAS OPC X 100 ML + 48 SER PLAS DOSAD (EMB HOSP)","formasFarmaceuticas":["PO PARA SUSPENSAO ORAL"],"numero":10,"tonalidade":null,"dataPublicacao":"2003-03-24T00:00:00.000-0300","validade":"24","tipoValidade":"2","registro":"1023506080107","principiosAtivos":["AMOXICILINA TRIHIDRATADA"],"complemento":null,"embalagemPrimaria":{"tipo":"FRASCO DE PLASTICO OPACO","observacao":null},"embalagemSecundaria":{"tipo":"CARTUCHO DE CARTOLINA","observacao":null},"embalagemSecundariaTodas":[{"tipo":"CARTUCHO DE CARTOLINA","observacao":null}],"envoltorios":[],"acessorios":[],"acondicionamento":null,"marcas":[],"fabricantesNacionais":[{"fabricante":"EMS S/A","cnpj":"57507378000101","pais":"BRASIL","uf":"SP","cidade":"SÃO BERNARDO DO CAMPO","etapaFabricacao":null}],"fabricantesInternacionais":[],"viasAdministracao":["ORAL 1"],"ifaUnico":true,"conservacao":["CONSERVAR EM  TEMPERATURA AMBIENTE ( AMBIENTE COM TEMPERATURA ENTRE 15 E 30ºC)","PROTEGER DA LUZ E UMIDADE"],"restricaoPrescricao":["Venda sob Prescrição Médica"],"restricaoUso":[],"destinacao":["Comercial"],"restricaoHospitais":null,"tarja":null,"medicamentoReferencia":"N","apresentacaoFracionada":"N","dataVencimentoRegistro":null,"tipoAutorizacao":"REGISTRADO","ativa":false,"inativa":true,"emAnalise":false},{"codigo":283504,"apresentacao":"400 MG/5ML PÓ PARA SUS OR CX 48 FR VD AMB X 100 ML + SER PLAS DOS","formasFarmaceuticas":["PO PARA SUSPENSAO ORAL"],"numero":12,"tonalidade":null,"dataPublicacao":"2003-03-24T00:00:00.000-0300","validade":"24","tipoValidade":"2","registro":"1023506080123","principiosAtivos":["AMOXICILINA TRIHIDRATADA"],"complemento":null,"embalagemPrimaria":{"tipo":"FRASCO DE VIDRO AMBAR","observacao":null},"embalagemSecundaria":{"tipo":"CARTUCHO DE CARTOLINA","observacao":null},"embalagemSecundariaTodas":[{"tipo":"CARTUCHO DE CARTOLINA","observacao":null}],"envoltorios":[],"acessorios":[],"acondicionamento":null,"marcas":[],"fabricantesNacionais":[{"fabricante":"EMS S/A","cnpj":"57507378000101","pais":"BRASIL","uf":"SP","cidade":"SÃO BERNARDO DO CAMPO","etapaFabricacao":null}],"fabricantesInternacionais":[],"viasAdministracao":["ORAL 1"],"ifaUnico":true,"conservacao":["CONSERVAR EM  TEMPERATURA AMBIENTE ( AMBIENTE COM TEMPERATURA ENTRE 15 E 30ºC)","PROTEGER DA LUZ E UMIDADE"],"restricaoPrescricao":["Venda sob Prescrição Médica"],"restricaoUso":[],"destinacao":["Comercial"],"restricaoHospitais":null,"tarja":null,"medicamentoReferencia":"N","apresentacaoFracionada":"N","dataVencimentoRegistro":null,"tipoAutorizacao":"REGISTRADO","ativa":false,"inativa":true,"emAnalise":false}],"rotulos":[],"anexoRotulos":[],"tipoAutorizacao":"REGISTRADO"}