{"codigoProduto":413170,"tipoProduto":1,"dataProduto":"2005-07-18T00:00:00.000-0300","nomeComercial":"PARACETAMOL","classesTerapeuticas":["ANALGESICOS NAO NARCOTICOS"],"numeroRegistro":"102350764","dataVencimento":null,"mesAnoVencimento":"072025","codigoParecerPublico":null,"codigoBulaPaciente":"eyJhbGciOiJIUzUxMiJ9.eyJqdGkiOiIyMjI3NzEyIiwibmJmIjoxNzE5NDExMTg3LCJleHAiOjE3MTk0MTE0ODd9.EoThKa_c7S2gLTJbEFP3suVJ6EaB9lynES2Fy2Fy8ODCe071EGXR0JCNO48zmCHmB7DbNU4jgz0ZN9z6j-qGgg","codigoBulaProfissional":"eyJhbGciOiJIUzUxMiJ9.eyJqdGkiOiIyMjI3NzEzIiwibmJmIjoxNzE5NDExMTg3LCJleHAiOjE3MTk0MTE0ODd9.lDILGmecoORZ1wnwBuv054oeyk01Sx2NAEaRcKZr4bjIp8voVlpitg30kbxMtvpeOj6DzsOaBk2rJIt6ITEvXA","dataVencimentoRegistro":"2025-07-01T00:00:00.000-0300","principioAtivo":"PARACETAMOL","medicamentoReferencia":"VICK PYRENA","categoriaRegulatoria":"Genérico","classeTerapeutica":null,"atc":null,"processosMedidaCautelar":[],"empresa":{"cnpj":"57507378000365","razaoSocial":"EMS S/A","numeroAutorizacao":"1002351"},"processo":{"numero":"25351135211200526","situacao":29},"apresentacoes":[{"codigo":522142,"apresentacao":"100 MG/G PO SOL OR CT SACH AL PE X 5 G","formasFarmaceuticas":["Pó para Solução "],"numero":1,"tonalidade":null,"dataPublicacao":"2005-07-18T00:00:00.000-0300","validade":"24","tipoValidade":"2","registro":"1023507640017","principiosAtivos":["PARACETAMOL"],"complemento":null,"embalagemPrimaria":{"tipo":"SACHE DE ALUMINIO/POLIETILENO","observacao":null},"embalagemSecundaria":{"tipo":"CARTUCHO DE CARTOLINA","observacao":null},"embalagemSecundariaTodas":[{"tipo":"CARTUCHO DE CARTOLINA","observacao":null}],"envoltorios":[],"acessorios":[],"acondicionamento":null,"marcas":[],"fabricantesNacionais":[{"fabricante":"EMS S/A","cnpj":"57507378000101","pais":"BRASIL","uf":"SP","cidade":"SÃO BERNARDO DO CAMPO","etapaFabricacao":null},{"fabricante":"EMS S/A","cnpj":"57507378000365","pais":"BRASIL","uf":"SP","cidade":"HORTOLÂNDIA","etapaFabricacao":null}],"fabricantesInternacionais":[],"viasAdministracao":["ORAL"],"ifaUnico":true,"conservacao":["CONSERVAR EM  TEMPERATURA AMBIENTE ( AMBIENTE COM TEMPERATURA ENTRE 15 E 30ºC)","PROTEGER DA LUZ E UMIDADE"],"restricaoPrescricao":["Venda sem Prescrição Médica"],"restricaoUso":[],"destinacao":["Comercial"],"restricaoHospitais":null,"tarja":null,"medicamentoReferencia":"N","apresentacaoFracionada":"N","dataVencimentoRegistro":null,"tipoAutorizacao":"REGISTRADO","ativa":true,"inativa":false,"emAnalise":false},{"codigo":522143,"apresentacao":"100 MG/G PO SOL OR CT 5 SACH AL PE X 5 G","formasFarmaceuticas":["Pó para Solução "],"numero":2,"tonalidade":null,"dataPublicacao":"2005-07-18T00:00:00.000-0300","validade":"24","tipoValidade":"2","registro":"1023507640025","principiosAtivos":["PARACETAMOL"],"complemento":null,"embalagemPrimaria":{"tipo":"SACHE DE ALUMINIO/POLIETILENO","observacao":null},"embalagemSecundaria":{"tipo":"CARTUCHO DE CARTOLINA","observacao":null},"embalagemSecundariaTodas":[{"tipo":"CARTUCHO DE CARTOLINA","observacao":null}],"envoltorios":[],"acessorios":[],"acondicionamento":null,"marcas":[],"fabricantesNacionais":[],"fabricantesInternacionais":[],"viasAdministracao":["ORAL"],"ifaUnico":true,"conservacao":["CONSERVAR EM  TEMPERATURA AMBIENTE ( AMBIENTE COM TEMPERATURA ENTRE 15 E 30ºC)","PROTEGER DA LUZ E UMIDADE"],"restricaoPrescricao":["Venda sem Prescrição Médica"],"restricaoUso":[],"destinacao":["Comercial"],"restricaoHospitais":null,"tarja":null,"medicamentoReferencia":"N","apresentacaoFracionada":"N","dataVencimentoRegistro":null,"tipoAutorizacao":"REGISTRADO","ativa":true,"inativa":false,"emAnalise":false},{"codigo":522144,"apresentacao":"100 MG/G PO SOL OR CT 10 SACH AL PE X 5 G","formasFarmaceuticas":["Pó para Solução "],"numero":3,"tonalidade":null,"dataPublicacao":"2005-07-18T00:00:00.000-0300","validade":"24","tipoValidade":"2","registro":"1023507640033","principiosAtivos":["PARACETAMOL"],"complemento":null,"embalagemPrimaria":{"tipo":"SACHE DE ALUMINIO/POLIETILENO","observacao":null},"embalagemSecundaria":{"tipo":"CARTUCHO DE CARTOLINA","observacao":null},"embalagemSecundariaTodas":[{"tipo":"CARTUCHO DE CARTOLINA","observacao":null}],"envoltorios":[],"acessorios":[],"acondicionamento":null,"marcas":[],"fabricantesNacionais":[],"fabricantesInternacionais":[],"viasAdministracao":["ORAL"],"ifaUnico":true,"conservacao":["CONSERVAR EM  TEMPERATURA AMBIENTE ( AMBIENTE COM TEMPERATURA ENTRE 15 E 30ºC)","PROTEGER DA LUZ E UMIDADE"],"restricaoPrescricao":["Venda sem Prescrição Médica"],"restricaoUso":[],"destinacao":["Comercial"],"restricaoHospitais":null,"tarja":null,"medicamentoReferencia":"N","apresentacaoFracionada":"N","dataVencimentoRegistro":null,"tipoAutorizacao":"REGISTRADO","ativa":true,"inativa":false,"emAnalise":false},{"codigo":522145,"apresentacao":"100 MG/G PO SOL OR CT 16 SACH AL PE X 5 G","formasFarmaceuticas":["Pó para Solução "],"numero":4,"tonalidade":null,"dataPublicacao":"2005-07-18T00:00:00.000-0300","validade":"24","tipoValidade":"2","registro":"1023507640041","principiosAtivos":["PARACETAMOL"],"complemento":null,"embalagemPrimaria":{"tipo":"SACHE DE ALUMINIO/POLIETILENO","observacao":null},"embalagemSecundaria":{"tipo":"CARTUCHO DE CARTOLINA","observacao":null},"embalagemSecundariaTodas":[{"tipo":"CARTUCHO DE CARTOLINA","observacao":null}],"envoltorios":[],"acessorios":[],"acondicionamento":null,"marcas":[],"fabricantesNacionais":[],"fabricantesInternacionais":[],"viasAdministracao":["ORAL"],"ifaUnico":true,"conservacao":["CONSERVAR EM  TEMPERATURA AMBIENTE ( AMBIENTE COM TEMPERATURA ENTRE 15 E 30ºC)","PROTEGER DA LUZ E UMIDADE"],"restricaoPrescricao":["Venda sem Prescrição Médica"],"restricaoUso":[],"destinacao":["Comercial"],"restricaoHospitais":null,"tarja":null,"medicamentoReferencia":"N","apresentacaoFracionada":"N","dataVencimentoRegistro":null,"tipoAutorizacao":"REGISTRADO","ativa":true,"inativa":false,"emAnalise":false},{"codigo":522146,"apresentacao":"100 MG/G PO SOL OR CT 20 SACH AL PE X 5 G","formasFarmaceuticas":["Pó para Solução "],"numero":5,"tonalidade":null,"dataPublicacao":"2005-07-18T00:00:00.000-0300","validade":"24","tipoValidade":"2","registro":"1023507640051","principiosAtivos":["PARACETAMOL"],"complemento":null,"embalagemPrimaria":{"tipo":"SACHE DE ALUMINIO/POLIETILENO","observacao":null},"embalagemSecundaria":{"tipo":"CARTUCHO DE CARTOLINA","observacao":null},"embalagemSecundariaTodas":[{"tipo":"CARTUCHO DE CARTOLINA","observacao":null}],"envoltorios":[],"acessorios":[],"acondicionamento":null,"marcas":[],"fabricantesNacionais":[],"fabricantesInternacionais":[],"viasAdministracao":["ORAL"],"ifaUnico":true,"conservacao":["CONSERVAR EM  TEMPERATURA AMBIENTE ( AMBIENTE COM TEMPERATURA ENTRE 15 E 30ºC)","PROTEGER DA LUZ E UMIDADE"],"restricaoPrescricao":["Venda sem Prescrição Médica"],"restricaoUso":[],"destinacao":["Comercial"],"restricaoHospitais":null,"tarja":null,"medicamentoReferencia":"N","apresentacaoFracionada":"N","dataVencimentoRegistro":null,"tipoAutorizacao":"REGISTRADO","ativa":true,"inativa":false,"emAnalise":false},{"codigo":522147,"apresentacao":"100 MG/G PO SOL OR CT 24 SACH AL PE X 5 G","formasFarmaceuticas":["Pó para Solução "],"numero":6,"tonalidade":null,"dataPublicacao":"2005-07-18T00:00:00.000-0300","validade":"24","tipoValidade":"2","registro":"1023507640068","principiosAtivos":["PARACETAMOL"],"complemento":null,"embalagemPrimaria":{"tipo":"SACHE DE ALUMINIO/POLIETILENO","observacao":null},"embalagemSecundaria":{"tipo":"CARTUCHO DE CARTOLINA","observacao":null},"embalagemSecundariaTodas":[{"tipo":"CARTUCHO DE CARTOLINA","observacao":null}],"envoltorios":[],"acessorios":[],"acondicionamento":null,"marcas":[],"fabricantesNacionais":[],"fabricantesInternacionais":[],"viasAdministracao":["ORAL"],"ifaUnico":true,"conservacao":["CONSERVAR EM  TEMPERATURA AMBIENTE ( AMBIENTE COM TEMPERATURA ENTRE 15 E 30ºC)","PROTEGER DA LUZ E UMIDADE"],"restricaoPrescricao":["Venda sem Prescrição Médica"],"restricaoUso":[],"destinacao":["Comercial"],"restricaoHospitais":null,"tarja":null,"medicamentoReferencia":"N","apresentacaoFracionada":"N","dataVencimentoRegistro":null,"tipoAutorizacao":"REGISTRADO","ativa":true,"inativa":false,"emAnalise":false},{"codigo":522148,"apresentacao":"100 MG/G PO SOL OR CT 50 SACH AL PE X 5 G","formasFarmaceuticas":["Pó para Solução "],"numero":7,"tonalidade":null,"dataPublicacao":"2005-07-18T00:00:00.000-0300","validade":"24","tipoValidade":"2","registro":"1023507640076","principiosAtivos":["PARACETAMOL"],"complemento":null,"embalagemPrimaria":{"tipo":"SACHE DE ALUMINIO/POLIETILENO","observacao":null},"embalagemSecundaria":{"tipo":"CARTUCHO DE CARTOLINA","observacao":null},"embalagemSecundariaTodas":[{"tipo":"CARTUCHO DE CARTOLINA","observacao":null}],"envoltorios":[],"acessorios":[],"acondicionamento":null,"marcas":[],"fabricantesNacionais":[],"fabricantesInternacionais":[],"viasAdministracao":["ORAL"],"ifaUnico":true,"conservacao":["CONSERVAR EM  TEMPERATURA AMBIENTE ( AMBIENTE COM TEMPERATURA ENTRE 15 E 30ºC)","PROTEGER DA LUZ E UMIDADE"],"restricaoPrescricao":["Venda sem Prescrição Médica"],"restricaoUso":[],"destinacao":["Comercial"],"restricaoHospitais":null,"tarja":null,"medicamentoReferencia":"N","apresentacaoFracionada":"N","dataVencimentoRegistro":null,"tipoAutorizacao":"REGISTRADO","ativa":true,"inativa":false,"emAnalise":false},{"codigo":522149,"apresentacao":"100 MG/G PO SOL OR CT 80 SACH AL PE X 5 G","formasFarmaceuticas":["Pó para Solução "],"numero":8,"tonalidade":null,"dataPublicacao":"2005-07-18T00:00:00.000-0300","validade":"24","tipoValidade":"2","registro":"1023507640084","principiosAtivos":["PARACETAMOL"],"complemento":null,"embalagemPrimaria":{"tipo":"SACHE DE ALUMINIO/POLIETILENO","observacao":null},"embalagemSecundaria":{"tipo":"CARTUCHO DE CARTOLINA","observacao":null},"embalagemSecundariaTodas":[{"tipo":"CARTUCHO DE CARTOLINA","observacao":null}],"envoltorios":[],"acessorios":[],"acondicionamento":null,"marcas":[],"fabricantesNacionais":[],"fabricantesInternacionais":[],"viasAdministracao":["ORAL"],"ifaUnico":true,"conservacao":["CONSERVAR EM  TEMPERATURA AMBIENTE ( AMBIENTE COM TEMPERATURA ENTRE 15 E 30ºC)","PROTEGER DA LUZ E UMIDADE"],"restricaoPrescricao":["Venda sem Prescrição Médica"],"restricaoUso":[],"destinacao":["Comercial"],"restricaoHospitais":null,"tarja":null,"medicamentoReferencia":"N","apresentacaoFracionada":"N","dataVencimentoRegistro":null,"tipoAutorizacao":"REGISTRADO","ativa":true,"inativa":false,"emAnalise":false},{"codigo":522150,"apresentacao":"100 MG/G PO SOL OR CT 100 SACH AL PE X 5 G","formasFarmaceuticas":["Pó para Solução "],"numero":9,"tonalidade":null,"dataPublicacao":"2005-07-18T00:00:00.000-0300","validade":"24","tipoValidade":"2","registro":"1023507640092","principiosAtivos":["PARACETAMOL"],"complemento":null,"embalagemPrimaria":{"tipo":"SACHE DE ALUMINIO/POLIETILENO","observacao":null},"embalagemSecundaria":{"tipo":"CARTUCHO DE CARTOLINA","observacao":null},"embalagemSecundariaTodas":[{"tipo":"CARTUCHO DE CARTOLINA","observacao":null}],"envoltorios":[],"acessorios":[],"acondicionamento":null,"marcas":[],"fabricantesNacionais":[],"fabricantesInternacionais":[],"viasAdministracao":["ORAL"],"ifaUnico":true,"conservacao":["CONSERVAR EM  TEMPERATURA AMBIENTE ( AMBIENTE COM TEMPERATURA ENTRE 15 E 30ºC)","PROTEGER DA LUZ E UMIDADE"],"restricaoPrescricao":["Venda sem Prescrição Médica"],"restricaoUso":[],"destinacao":["Comercial"],"restricaoHospitais":null,"tarja":null,"medicamentoReferencia":"N","apresentacaoFracionada":"N","dataVencimentoRegistro":null,"tipoAutorizacao":"REGISTRADO","ativa":true,"inativa":false,"emAnalise":false},{"codigo":522151,"apresentacao":"100 MG/G PO SOL OR CT 120 SACH AL PE X 5 G","formasFarmaceuticas":["Pó para Solução "],"numero":10,"tonalidade":null,"dataPublicacao":"2005-07-18T00:00:00.000-0300","validade":"24","tipoValidade":"2","registro":"1023507640106","principiosAtivos":["PARACETAMOL"],"complemento":null,"embalagemPrimaria":{"tipo":"SACHE DE ALUMINIO/POLIETILENO","observacao":null},"embalagemSecundaria":{"tipo":"CARTUCHO DE CARTOLINA","observacao":null},"embalagemSecundariaTodas":[{"tipo":"CARTUCHO DE CARTOLINA","observacao":null}],"envoltorios":[],"acessorios":[],"acondicionamento":null,"marcas":[],"fabricantesNacionais":[],"fabricantesInternacionais":[],"viasAdministracao":["ORAL"],"ifaUnico":true,"conservacao":["CONSERVAR EM  TEMPERATURA AMBIENTE ( AMBIENTE COM TEMPERATURA ENTRE 15 E 30ºC)","PROTEGER DA LUZ E UMIDADE"],"restricaoPrescricao":["Venda sem Prescrição Médica"],"restricaoUso":[],"destinacao":["Comercial"],"restricaoHospitais":null,"tarja":null,"medicamentoReferencia":"N","apresentacaoFracionada":"N","dataVencimentoRegistro":null,"tipoAutorizacao":"REGISTRADO","ativa":true,"inativa":false,"emAnalise":false},{"codigo":618298,"apresentacao":"100 MG/G PO SOL OR CT 25 SACH AL PE X 5 G (EMB FRAC)","formasFarmaceuticas":["Pó para Solução "],"numero":11,"tonalidade":null,"dataPublicacao":"2005-07-18T00:00:00.000-0300","validade":"24","tipoValidade":"2","registro":"1023507640114","principiosAtivos":["PARACETAMOL"],"complemento":null,"embalagemPrimaria":{"tipo":"SACHE DE ALUMINIO/POLIETILENO","observacao":null},"embalagemSecundaria":{"tipo":"CARTUCHO DE CARTOLINA","observacao":null},"embalagemSecundariaTodas":[{"tipo":"CARTUCHO DE CARTOLINA","observacao":null}],"envoltorios":[],"acessorios":[],"acondicionamento":null,"marcas":[],"fabricantesNacionais":[],"fabricantesInternacionais":[],"viasAdministracao":["ORAL"],"ifaUnico":true,"conservacao":["CONSERVAR EM  TEMPERATURA AMBIENTE ( AMBIENTE COM TEMPERATURA ENTRE 15 E 30ºC)","PROTEGER DA LUZ E UMIDADE"],"restricaoPrescricao":["Venda sem Prescrição Médica"],"restricaoUso":[],"destinacao":["Comercial"],"restricaoHospitais":null,"tarja":null,"medicamentoReferencia":"N","apresentacaoFracionada":"S","dataVencimentoRegistro":null,"tipoAutorizacao":"REGISTRADO","ativa":true,"inativa":false,"emAnalise":false}],"rotulos":[],"anexoRotulos":[],"tipoAutorizacao":"REGISTRADO"}