{"codigoProduto":1251719,"tipoProduto":1,"dataProduto":"2018-05-28T00:00:00.000-0300","nomeComercial":"NEULOX","classesTerapeuticas":["ANTIDEPRESSIVOS"],"numeroRegistro":"102351264","dataVencimento":null,"mesAnoVencimento":"052028","codigoParecerPublico":null,"codigoBulaPaciente":"eyJhbGciOiJIUzUxMiJ9.eyJqdGkiOiIxNzcwNzYzOSIsIm5iZiI6MTcxOTQxMDk3MCwiZXhwIjoxNzE5NDExMjcwfQ.baX4-CK-Rek34o36y64eWnsVtgE_ZiqsSehbNJXam9lFWpQmDuoFY6aEEd_uMh4fbrudtulfVd5rsVpxDKFo4A","codigoBulaProfissional":"eyJhbGciOiJIUzUxMiJ9.eyJqdGkiOiIxNzcwNzY0MCIsIm5iZiI6MTcxOTQxMDk3MCwiZXhwIjoxNzE5NDExMjcwfQ.1-GcJUBuJpRIbux2rG4CKSbenPU2em9C6bB65qP_IK0wld6cCIVf35Qa7llaVcujkrQk4I-_mZyqGk6w-zFOjw","dataVencimentoRegistro":"2028-05-01T00:00:00.000-0300","principioAtivo":"CLORIDRATO DE DULOXETINA","medicamentoReferencia":"CYMBALTA","categoriaRegulatoria":"Similar","classeTerapeutica":null,"atc":null,"processosMedidaCautelar":[],"empresa":{"cnpj":"57507378000365","razaoSocial":"EMS S/A","numeroAutorizacao":"1002351"},"processo":{"numero":"25351166683201845","situacao":29},"apresentacoes":[{"codigo":1743819,"apresentacao":"30 MG CAP DURA LIB RETARD CT BL AL AL X 7 ","formasFarmaceuticas":["CAPSULA GELATINOSA DURA COM MICROGRANULOS DE LIBERAÇAO RETARDADA"],"numero":1,"tonalidade":null,"dataPublicacao":"2018-05-28T00:00:00.000-0300","validade":"24","tipoValidade":"2","registro":"1023512640011","principiosAtivos":["CLORIDRATO DE DULOXETINA"],"complemento":null,"embalagemPrimaria":{"tipo":"BLISTER DE ALUMINIO/ALUMINIO","observacao":null},"embalagemSecundaria":{"tipo":"CARTUCHO DE CARTOLINA","observacao":null},"embalagemSecundariaTodas":[{"tipo":"CARTUCHO DE CARTOLINA","observacao":null}],"envoltorios":[],"acessorios":[],"acondicionamento":null,"marcas":[],"fabricantesNacionais":[{"fabricante":"NOVAMED FABRICAÇÃO DE PRODUTOS FARMACEUTICOS LTDA","cnpj":"12424020000179","pais":"BRASIL","uf":"AM","cidade":"MANAUS","etapaFabricacao":null}],"fabricantesInternacionais":[],"viasAdministracao":["ORAL"],"ifaUnico":true,"conservacao":["CONSERVAR EM  TEMPERATURA AMBIENTE ( AMBIENTE COM TEMPERATURA ENTRE 15 E 30ºC)","PROTEGER DA LUZ E UMIDADE"],"restricaoPrescricao":["Venda sob prescrição médica com retenção de receita"],"restricaoUso":["Adulto"],"destinacao":["Comercial"],"restricaoHospitais":"N","tarja":"Vermelha sob restrição","medicamentoReferencia":"N","apresentacaoFracionada":"N","dataVencimentoRegistro":null,"ativa":true,"tipoAutorizacao":"REGISTRADO","emAnalise":false,"inativa":false},{"codigo":1743820,"apresentacao":"30 MG CAP DURA LIB RETARD CT BL AL AL X 15","formasFarmaceuticas":["CAPSULA GELATINOSA DURA COM MICROGRANULOS DE LIBERAÇAO RETARDADA"],"numero":2,"tonalidade":null,"dataPublicacao":"2018-05-28T00:00:00.000-0300","validade":"24","tipoValidade":"2","registro":"1023512640021","principiosAtivos":["CLORIDRATO DE DULOXETINA"],"complemento":null,"embalagemPrimaria":{"tipo":"BLISTER DE ALUMINIO/ALUMINIO","observacao":null},"embalagemSecundaria":{"tipo":"CARTUCHO DE CARTOLINA","observacao":null},"embalagemSecundariaTodas":[{"tipo":"CARTUCHO DE CARTOLINA","observacao":null}],"envoltorios":[],"acessorios":[],"acondicionamento":null,"marcas":[],"fabricantesNacionais":[{"fabricante":"NOVAMED FABRICAÇÃO DE PRODUTOS FARMACEUTICOS LTDA","cnpj":"12424020000179","pais":"BRASIL","uf":"AM","cidade":"MANAUS","etapaFabricacao":null}],"fabricantesInternacionais":[],"viasAdministracao":["ORAL"],"ifaUnico":true,"conservacao":["CONSERVAR EM  TEMPERATURA AMBIENTE ( AMBIENTE COM TEMPERATURA ENTRE 15 E 30ºC)","PROTEGER DA LUZ E UMIDADE"],"restricaoPrescricao":["Venda sob prescrição médica com retenção de receita"],"restricaoUso":["Adulto"],"destinacao":["Comercial"],"restricaoHospitais":"N","tarja":"Vermelha sob restrição","medicamentoReferencia":"N","apresentacaoFracionada":"N","dataVencimentoRegistro":null,"ativa":true,"tipoAutorizacao":"REGISTRADO","emAnalise":false,"inativa":false},{"codigo":1743821,"apresentacao":"30 MG CAP DURA LIB RETARD CT BL AL AL X 30 ","formasFarmaceuticas":["CAPSULA GELATINOSA DURA COM MICROGRANULOS DE LIBERAÇAO RETARDADA"],"numero":3,"tonalidade":null,"dataPublicacao":"2018-05-28T00:00:00.000-0300","validade":"24","tipoValidade":"2","registro":"1023512640038","principiosAtivos":["CLORIDRATO DE DULOXETINA"],"complemento":null,"embalagemPrimaria":{"tipo":"BLISTER DE ALUMINIO/ALUMINIO","observacao":null},"embalagemSecundaria":{"tipo":"CARTUCHO DE CARTOLINA","observacao":null},"embalagemSecundariaTodas":[{"tipo":"CARTUCHO DE CARTOLINA","observacao":null}],"envoltorios":[],"acessorios":[],"acondicionamento":null,"marcas":[],"fabricantesNacionais":[{"fabricante":"NOVAMED FABRICAÇÃO DE PRODUTOS FARMACEUTICOS LTDA","cnpj":"12424020000179","pais":"BRASIL","uf":"AM","cidade":"MANAUS","etapaFabricacao":null}],"fabricantesInternacionais":[],"viasAdministracao":["ORAL"],"ifaUnico":true,"conservacao":["CONSERVAR EM  TEMPERATURA AMBIENTE ( AMBIENTE COM TEMPERATURA ENTRE 15 E 30ºC)","PROTEGER DA LUZ E UMIDADE"],"restricaoPrescricao":["Venda sob prescrição médica com retenção de receita"],"restricaoUso":["Adulto"],"destinacao":["Comercial"],"restricaoHospitais":"N","tarja":"Vermelha sob restrição","medicamentoReferencia":"N","apresentacaoFracionada":"N","dataVencimentoRegistro":null,"ativa":true,"tipoAutorizacao":"REGISTRADO","emAnalise":false,"inativa":false},{"codigo":1743822,"apresentacao":"30 MG CAP DURA LIB RETARD CT BL AL AL X 60","formasFarmaceuticas":["CAPSULA GELATINOSA DURA COM MICROGRANULOS DE LIBERAÇAO RETARDADA"],"numero":4,"tonalidade":null,"dataPublicacao":"2018-05-28T00:00:00.000-0300","validade":"24","tipoValidade":"2","registro":"1023512640046","principiosAtivos":["CLORIDRATO DE DULOXETINA"],"complemento":null,"embalagemPrimaria":{"tipo":"BLISTER DE ALUMINIO/ALUMINIO","observacao":null},"embalagemSecundaria":{"tipo":"CARTUCHO DE CARTOLINA","observacao":null},"embalagemSecundariaTodas":[{"tipo":"CARTUCHO DE CARTOLINA","observacao":null}],"envoltorios":[],"acessorios":[],"acondicionamento":null,"marcas":[],"fabricantesNacionais":[{"fabricante":"NOVAMED FABRICAÇÃO DE PRODUTOS FARMACEUTICOS LTDA","cnpj":"12424020000179","pais":"BRASIL","uf":"AM","cidade":"MANAUS","etapaFabricacao":null}],"fabricantesInternacionais":[],"viasAdministracao":["ORAL"],"ifaUnico":true,"conservacao":["CONSERVAR EM  TEMPERATURA AMBIENTE ( AMBIENTE COM TEMPERATURA ENTRE 15 E 30ºC)","PROTEGER DA LUZ E UMIDADE"],"restricaoPrescricao":["Venda sob prescrição médica com retenção de receita"],"restricaoUso":["Adulto"],"destinacao":["Comercial"],"restricaoHospitais":"N","tarja":"Vermelha sob restrição","medicamentoReferencia":"N","apresentacaoFracionada":"N","dataVencimentoRegistro":null,"ativa":true,"tipoAutorizacao":"REGISTRADO","emAnalise":false,"inativa":false},{"codigo":1743823,"apresentacao":"30 MG CAP DURA LIB RETARD CT BL AL AL X 100","formasFarmaceuticas":["CAPSULA GELATINOSA DURA COM MICROGRANULOS DE LIBERAÇAO RETARDADA"],"numero":5,"tonalidade":null,"dataPublicacao":"2018-05-28T00:00:00.000-0300","validade":"24","tipoValidade":"2","registro":"1023512640054","principiosAtivos":["CLORIDRATO DE DULOXETINA"],"complemento":null,"embalagemPrimaria":{"tipo":"BLISTER DE ALUMINIO/ALUMINIO","observacao":null},"embalagemSecundaria":{"tipo":"CARTUCHO DE CARTOLINA","observacao":null},"embalagemSecundariaTodas":[{"tipo":"CARTUCHO DE CARTOLINA","observacao":null}],"envoltorios":[],"acessorios":[],"acondicionamento":null,"marcas":[],"fabricantesNacionais":[{"fabricante":"NOVAMED FABRICAÇÃO DE PRODUTOS FARMACEUTICOS LTDA","cnpj":"12424020000179","pais":"BRASIL","uf":"AM","cidade":"MANAUS","etapaFabricacao":null}],"fabricantesInternacionais":[],"viasAdministracao":["ORAL"],"ifaUnico":true,"conservacao":["CONSERVAR EM  TEMPERATURA AMBIENTE ( AMBIENTE COM TEMPERATURA ENTRE 15 E 30ºC)","PROTEGER DA LUZ E UMIDADE"],"restricaoPrescricao":["Venda sob prescrição médica com retenção de receita"],"restricaoUso":["Adulto"],"destinacao":["Hospitalar"],"restricaoHospitais":"N","tarja":"Vermelha sob restrição","medicamentoReferencia":"N","apresentacaoFracionada":"N","dataVencimentoRegistro":null,"ativa":true,"tipoAutorizacao":"REGISTRADO","emAnalise":false,"inativa":false},{"codigo":1743824,"apresentacao":"60 MG CAP DURA LIB RETARD CT BL AL AL X 7 ","formasFarmaceuticas":["CAPSULA GELATINOSA DURA COM MICROGRANULOS DE LIBERAÇAO RETARDADA"],"numero":6,"tonalidade":null,"dataPublicacao":"2018-05-28T00:00:00.000-0300","validade":"24","tipoValidade":"2","registro":"1023512640062","principiosAtivos":["CLORIDRATO DE DULOXETINA"],"complemento":null,"embalagemPrimaria":{"tipo":"BLISTER DE ALUMINIO/ALUMINIO","observacao":null},"embalagemSecundaria":{"tipo":"CARTUCHO DE CARTOLINA","observacao":null},"embalagemSecundariaTodas":[{"tipo":"CARTUCHO DE CARTOLINA","observacao":null}],"envoltorios":[],"acessorios":[],"acondicionamento":null,"marcas":[],"fabricantesNacionais":[{"fabricante":"NOVAMED FABRICAÇÃO DE PRODUTOS FARMACEUTICOS LTDA","cnpj":"12424020000179","pais":"BRASIL","uf":"AM","cidade":"MANAUS","etapaFabricacao":null}],"fabricantesInternacionais":[],"viasAdministracao":["ORAL"],"ifaUnico":true,"conservacao":["CONSERVAR EM  TEMPERATURA AMBIENTE ( AMBIENTE COM TEMPERATURA ENTRE 15 E 30ºC)","PROTEGER DA LUZ E UMIDADE"],"restricaoPrescricao":["Venda sob prescrição médica com retenção de receita"],"restricaoUso":["Adulto"],"destinacao":["Comercial"],"restricaoHospitais":"N","tarja":"Vermelha sob restrição","medicamentoReferencia":"N","apresentacaoFracionada":"N","dataVencimentoRegistro":null,"ativa":true,"tipoAutorizacao":"REGISTRADO","emAnalise":false,"inativa":false},{"codigo":1743825,"apresentacao":"60 MG CAP DURA LIB RETARD CT BL AL AL X 15","formasFarmaceuticas":["CAPSULA GELATINOSA DURA COM MICROGRANULOS DE LIBERAÇAO RETARDADA"],"numero":7,"tonalidade":null,"dataPublicacao":"2018-05-28T00:00:00.000-0300","validade":"24","tipoValidade":"2","registro":"1023512640070","principiosAtivos":["CLORIDRATO DE DULOXETINA"],"complemento":null,"embalagemPrimaria":{"tipo":"BLISTER DE ALUMINIO/ALUMINIO","observacao":null},"embalagemSecundaria":{"tipo":"CARTUCHO DE CARTOLINA","observacao":null},"embalagemSecundariaTodas":[{"tipo":"CARTUCHO DE CARTOLINA","observacao":null}],"envoltorios":[],"acessorios":[],"acondicionamento":null,"marcas":[],"fabricantesNacionais":[{"fabricante":"NOVAMED FABRICAÇÃO DE PRODUTOS FARMACEUTICOS LTDA","cnpj":"12424020000179","pais":"BRASIL","uf":"AM","cidade":"MANAUS","etapaFabricacao":null}],"fabricantesInternacionais":[],"viasAdministracao":["ORAL"],"ifaUnico":true,"conservacao":["CONSERVAR EM  TEMPERATURA AMBIENTE ( AMBIENTE COM TEMPERATURA ENTRE 15 E 30ºC)","PROTEGER DA LUZ E UMIDADE"],"restricaoPrescricao":["Venda sob prescrição médica com retenção de receita"],"restricaoUso":["Adulto"],"destinacao":["Comercial"],"restricaoHospitais":"N","tarja":"Vermelha sob restrição","medicamentoReferencia":"N","apresentacaoFracionada":"N","dataVencimentoRegistro":null,"ativa":true,"tipoAutorizacao":"REGISTRADO","emAnalise":false,"inativa":false},{"codigo":1743826,"apresentacao":"60 MG CAP DURA LIB RETARD CT BL AL AL X 30","formasFarmaceuticas":["CAPSULA GELATINOSA DURA COM MICROGRANULOS DE LIBERAÇAO RETARDADA"],"numero":8,"tonalidade":null,"dataPublicacao":"2018-05-28T00:00:00.000-0300","validade":"24","tipoValidade":"2","registro":"1023512640089","principiosAtivos":["CLORIDRATO DE DULOXETINA"],"complemento":null,"embalagemPrimaria":{"tipo":"BLISTER DE ALUMINIO/ALUMINIO","observacao":null},"embalagemSecundaria":{"tipo":"CARTUCHO DE CARTOLINA","observacao":null},"embalagemSecundariaTodas":[{"tipo":"CARTUCHO DE CARTOLINA","observacao":null}],"envoltorios":[],"acessorios":[],"acondicionamento":null,"marcas":[],"fabricantesNacionais":[{"fabricante":"NOVAMED FABRICAÇÃO DE PRODUTOS FARMACEUTICOS LTDA","cnpj":"12424020000179","pais":"BRASIL","uf":"AM","cidade":"MANAUS","etapaFabricacao":null}],"fabricantesInternacionais":[],"viasAdministracao":["ORAL"],"ifaUnico":true,"conservacao":["CONSERVAR EM  TEMPERATURA AMBIENTE ( AMBIENTE COM TEMPERATURA ENTRE 15 E 30ºC)","PROTEGER DA LUZ E UMIDADE"],"restricaoPrescricao":["Venda sob prescrição médica com retenção de receita"],"restricaoUso":["Adulto"],"destinacao":["Comercial"],"restricaoHospitais":"N","tarja":"Vermelha sob restrição","medicamentoReferencia":"N","apresentacaoFracionada":"N","dataVencimentoRegistro":null,"ativa":true,"tipoAutorizacao":"REGISTRADO","emAnalise":false,"inativa":false},{"codigo":1743827,"apresentacao":"60 MG CAP DURA LIB RETARD CT BL AL AL X 60","formasFarmaceuticas":["CAPSULA GELATINOSA DURA COM MICROGRANULOS DE LIBERAÇAO RETARDADA"],"numero":9,"tonalidade":null,"dataPublicacao":"2018-05-28T00:00:00.000-0300","validade":"24","tipoValidade":"2","registro":"1023512640097","principiosAtivos":["CLORIDRATO DE DULOXETINA"],"complemento":null,"embalagemPrimaria":{"tipo":"BLISTER DE ALUMINIO/ALUMINIO","observacao":null},"embalagemSecundaria":{"tipo":"CARTUCHO DE CARTOLINA","observacao":null},"embalagemSecundariaTodas":[{"tipo":"CARTUCHO DE CARTOLINA","observacao":null}],"envoltorios":[],"acessorios":[],"acondicionamento":null,"marcas":[],"fabricantesNacionais":[{"fabricante":"NOVAMED FABRICAÇÃO DE PRODUTOS FARMACEUTICOS LTDA","cnpj":"12424020000179","pais":"BRASIL","uf":"AM","cidade":"MANAUS","etapaFabricacao":null}],"fabricantesInternacionais":[],"viasAdministracao":["ORAL"],"ifaUnico":true,"conservacao":["CONSERVAR EM  TEMPERATURA AMBIENTE ( AMBIENTE COM TEMPERATURA ENTRE 15 E 30ºC)","PROTEGER DA LUZ E UMIDADE"],"restricaoPrescricao":["Venda sob prescrição médica com retenção de receita"],"restricaoUso":["Adulto"],"destinacao":["Comercial"],"restricaoHospitais":"N","tarja":"Vermelha sob restrição","medicamentoReferencia":"N","apresentacaoFracionada":"N","dataVencimentoRegistro":null,"ativa":true,"tipoAutorizacao":"REGISTRADO","emAnalise":false,"inativa":false},{"codigo":1743828,"apresentacao":"60 MG CAP DURA LIB RETARD CT BL AL AL X 100","formasFarmaceuticas":["CAPSULA GELATINOSA DURA COM MICROGRANULOS DE LIBERAÇAO RETARDADA"],"numero":10,"tonalidade":null,"dataPublicacao":"2018-05-28T00:00:00.000-0300","validade":"24","tipoValidade":"2","registro":"1023512640100","principiosAtivos":["CLORIDRATO DE DULOXETINA"],"complemento":null,"embalagemPrimaria":{"tipo":"BLISTER DE ALUMINIO/ALUMINIO","observacao":null},"embalagemSecundaria":{"tipo":"CARTUCHO DE CARTOLINA","observacao":null},"embalagemSecundariaTodas":[{"tipo":"CARTUCHO DE CARTOLINA","observacao":null}],"envoltorios":[],"acessorios":[],"acondicionamento":null,"marcas":[],"fabricantesNacionais":[{"fabricante":"NOVAMED FABRICAÇÃO DE PRODUTOS FARMACEUTICOS LTDA","cnpj":"12424020000179","pais":"BRASIL","uf":"AM","cidade":"MANAUS","etapaFabricacao":null}],"fabricantesInternacionais":[],"viasAdministracao":["ORAL"],"ifaUnico":true,"conservacao":["CONSERVAR EM  TEMPERATURA AMBIENTE ( AMBIENTE COM TEMPERATURA ENTRE 15 E 30ºC)","PROTEGER DA LUZ E UMIDADE"],"restricaoPrescricao":["Venda sob prescrição médica com retenção de receita"],"restricaoUso":["Adulto"],"destinacao":["Hospitalar"],"restricaoHospitais":"N","tarja":"Vermelha sob restrição","medicamentoReferencia":"N","apresentacaoFracionada":"N","dataVencimentoRegistro":null,"ativa":true,"tipoAutorizacao":"REGISTRADO","emAnalise":false,"inativa":false},{"codigo":1743829,"apresentacao":"30 MG CAP DURA LIB RETARD CT BL AL AL X 14","formasFarmaceuticas":["CAPSULA GELATINOSA DURA COM MICROGRANULOS DE LIBERAÇAO RETARDADA"],"numero":11,"tonalidade":null,"dataPublicacao":"2018-05-28T00:00:00.000-0300","validade":"24","tipoValidade":"2","registro":"1023512640119","principiosAtivos":["CLORIDRATO DE DULOXETINA"],"complemento":null,"embalagemPrimaria":{"tipo":"BLISTER DE ALUMINIO/ALUMINIO","observacao":null},"embalagemSecundaria":{"tipo":"CARTUCHO DE CARTOLINA","observacao":null},"embalagemSecundariaTodas":[{"tipo":"CARTUCHO DE CARTOLINA","observacao":null}],"envoltorios":[],"acessorios":[],"acondicionamento":null,"marcas":[],"fabricantesNacionais":[{"fabricante":"NOVAMED FABRICAÇÃO DE PRODUTOS FARMACEUTICOS LTDA","cnpj":"12424020000179","pais":"BRASIL","uf":"AM","cidade":"MANAUS","etapaFabricacao":null}],"fabricantesInternacionais":[],"viasAdministracao":["ORAL"],"ifaUnico":true,"conservacao":["CONSERVAR EM  TEMPERATURA AMBIENTE ( AMBIENTE COM TEMPERATURA ENTRE 15 E 30ºC)","PROTEGER DA LUZ E UMIDADE"],"restricaoPrescricao":["Venda sob prescrição médica com retenção de receita"],"restricaoUso":["Adulto"],"destinacao":["Comercial"],"restricaoHospitais":"N","tarja":"Vermelha sob restrição","medicamentoReferencia":"N","apresentacaoFracionada":"N","dataVencimentoRegistro":null,"ativa":true,"tipoAutorizacao":"REGISTRADO","emAnalise":false,"inativa":false},{"codigo":1743830,"apresentacao":"30 MG CAP DURA LIB RETARD CT BL AL AL X 28","formasFarmaceuticas":["CAPSULA GELATINOSA DURA COM MICROGRANULOS DE LIBERAÇAO RETARDADA"],"numero":12,"tonalidade":null,"dataPublicacao":"2018-05-28T00:00:00.000-0300","validade":"24","tipoValidade":"2","registro":"1023512640127","principiosAtivos":["CLORIDRATO DE DULOXETINA"],"complemento":null,"embalagemPrimaria":{"tipo":"BLISTER DE ALUMINIO/ALUMINIO","observacao":null},"embalagemSecundaria":{"tipo":"CARTUCHO DE CARTOLINA","observacao":null},"embalagemSecundariaTodas":[{"tipo":"CARTUCHO DE CARTOLINA","observacao":null}],"envoltorios":[],"acessorios":[],"acondicionamento":null,"marcas":[],"fabricantesNacionais":[{"fabricante":"NOVAMED FABRICAÇÃO DE PRODUTOS FARMACEUTICOS LTDA","cnpj":"12424020000179","pais":"BRASIL","uf":"AM","cidade":"MANAUS","etapaFabricacao":null}],"fabricantesInternacionais":[],"viasAdministracao":["ORAL"],"ifaUnico":true,"conservacao":["CONSERVAR EM  TEMPERATURA AMBIENTE ( AMBIENTE COM TEMPERATURA ENTRE 15 E 30ºC)","PROTEGER DA LUZ E UMIDADE"],"restricaoPrescricao":["Venda sob prescrição médica com retenção de receita"],"restricaoUso":["Adulto"],"destinacao":["Comercial"],"restricaoHospitais":"N","tarja":"Vermelha sob restrição","medicamentoReferencia":"N","apresentacaoFracionada":"N","dataVencimentoRegistro":null,"ativa":true,"tipoAutorizacao":"REGISTRADO","emAnalise":false,"inativa":false},{"codigo":1743831,"apresentacao":"60 MG CAP DURA LIB RETARD CT BL AL AL X 14","formasFarmaceuticas":["CAPSULA GELATINOSA DURA COM MICROGRANULOS DE LIBERAÇAO RETARDADA"],"numero":13,"tonalidade":null,"dataPublicacao":"2018-05-28T00:00:00.000-0300","validade":"24","tipoValidade":"2","registro":"1023512640135","principiosAtivos":["CLORIDRATO DE DULOXETINA"],"complemento":null,"embalagemPrimaria":{"tipo":"BLISTER DE ALUMINIO/ALUMINIO","observacao":null},"embalagemSecundaria":{"tipo":"CARTUCHO DE CARTOLINA","observacao":null},"embalagemSecundariaTodas":[{"tipo":"CARTUCHO DE CARTOLINA","observacao":null}],"envoltorios":[],"acessorios":[],"acondicionamento":null,"marcas":[],"fabricantesNacionais":[{"fabricante":"NOVAMED FABRICAÇÃO DE PRODUTOS FARMACEUTICOS LTDA","cnpj":"12424020000179","pais":"BRASIL","uf":"AM","cidade":"MANAUS","etapaFabricacao":null}],"fabricantesInternacionais":[],"viasAdministracao":["ORAL"],"ifaUnico":true,"conservacao":["CONSERVAR EM  TEMPERATURA AMBIENTE ( AMBIENTE COM TEMPERATURA ENTRE 15 E 30ºC)","PROTEGER DA LUZ E UMIDADE"],"restricaoPrescricao":["Venda sob prescrição médica com retenção de receita"],"restricaoUso":["Adulto"],"destinacao":["Comercial"],"restricaoHospitais":"N","tarja":"Vermelha sob restrição","medicamentoReferencia":"N","apresentacaoFracionada":"N","dataVencimentoRegistro":null,"ativa":true,"tipoAutorizacao":"REGISTRADO","emAnalise":false,"inativa":false},{"codigo":1743832,"apresentacao":"60 MG CAP DURA LIB RETARD CT BL AL AL X 28","formasFarmaceuticas":["CAPSULA GELATINOSA DURA COM MICROGRANULOS DE LIBERAÇAO RETARDADA"],"numero":14,"tonalidade":null,"dataPublicacao":"2018-05-28T00:00:00.000-0300","validade":"24","tipoValidade":"2","registro":"1023512640143","principiosAtivos":["CLORIDRATO DE DULOXETINA"],"complemento":null,"embalagemPrimaria":{"tipo":"BLISTER DE ALUMINIO/ALUMINIO","observacao":null},"embalagemSecundaria":{"tipo":"CARTUCHO DE CARTOLINA","observacao":null},"embalagemSecundariaTodas":[{"tipo":"CARTUCHO DE CARTOLINA","observacao":null}],"envoltorios":[],"acessorios":[],"acondicionamento":null,"marcas":[],"fabricantesNacionais":[{"fabricante":"NOVAMED FABRICAÇÃO DE PRODUTOS FARMACEUTICOS LTDA","cnpj":"12424020000179","pais":"BRASIL","uf":"AM","cidade":"MANAUS","etapaFabricacao":null}],"fabricantesInternacionais":[],"viasAdministracao":["ORAL"],"ifaUnico":true,"conservacao":["CONSERVAR EM  TEMPERATURA AMBIENTE ( AMBIENTE COM TEMPERATURA ENTRE 15 E 30ºC)","PROTEGER DA LUZ E UMIDADE"],"restricaoPrescricao":["Venda sob prescrição médica com retenção de receita"],"restricaoUso":["Adulto"],"destinacao":["Comercial"],"restricaoHospitais":"N","tarja":"Vermelha sob restrição","medicamentoReferencia":"N","apresentacaoFracionada":"N","dataVencimentoRegistro":null,"ativa":true,"tipoAutorizacao":"REGISTRADO","emAnalise":false,"inativa":false}],"rotulos":[],"anexoRotulos":[],"tipoAutorizacao":"REGISTRADO"}