{"codigoProduto":162095,"tipoProduto":1,"dataProduto":"2002-11-19T00:00:00.000-0300","nomeComercial":"GLICLAZIDA","classesTerapeuticas":["ANTIDIABETICOS"],"numeroRegistro":"102350567","dataVencimento":null,"mesAnoVencimento":"112003","codigoParecerPublico":null,"codigoBulaPaciente":null,"codigoBulaProfissional":null,"dataVencimentoRegistro":"2003-11-01T00:00:00.000-0300","principioAtivo":null,"medicamentoReferencia":"DIAMICRON","categoriaRegulatoria":"Genérico","classeTerapeutica":null,"atc":null,"processosMedidaCautelar":[],"empresa":{"cnpj":"57507378000365","razaoSocial":"EMS S/A","numeroAutorizacao":"1002351"},"processo":{"numero":"25351200071200221","situacao":20},"apresentacoes":[{"codigo":226056,"apresentacao":"80 MG COM CT BL AL PLAS INC X 10","formasFarmaceuticas":["COMPRIMIDO SIMPLES"],"numero":1,"tonalidade":null,"dataPublicacao":"2002-11-19T00:00:00.000-0300","validade":"24","tipoValidade":"2","registro":"1023505670016","principiosAtivos":["GLICLAZIDA"],"complemento":null,"embalagemPrimaria":{"tipo":"BLISTER DE ALUMINIO/PLASTICO TRANSPARENTE","observacao":null},"embalagemSecundaria":{"tipo":"CARTUCHO DE CARTOLINA","observacao":null},"embalagemSecundariaTodas":[{"tipo":"CARTUCHO DE CARTOLINA","observacao":null}],"envoltorios":[],"acessorios":[],"acondicionamento":null,"marcas":[],"fabricantesNacionais":[],"fabricantesInternacionais":[],"viasAdministracao":["ORAL 1"],"ifaUnico":true,"conservacao":["CONSERVAR EM  TEMPERATURA AMBIENTE ( AMBIENTE COM TEMPERATURA ENTRE 15 E 30ºC)","PROTEGER DA LUZ E UMIDADE"],"restricaoPrescricao":["Venda sob Prescrição Médica"],"restricaoUso":[],"destinacao":["Comercial"],"restricaoHospitais":null,"tarja":null,"medicamentoReferencia":"N","apresentacaoFracionada":"N","dataVencimentoRegistro":null,"inativa":true,"emAnalise":false,"tipoAutorizacao":"REGISTRADO","ativa":false},{"codigo":226057,"apresentacao":"80 MG COM CT BL AL PLAS INC X 20","formasFarmaceuticas":["COMPRIMIDO SIMPLES"],"numero":2,"tonalidade":null,"dataPublicacao":"2002-11-19T00:00:00.000-0300","validade":"24","tipoValidade":"2","registro":"1023505670024","principiosAtivos":["GLICLAZIDA"],"complemento":null,"embalagemPrimaria":{"tipo":"BLISTER DE ALUMINIO/PLASTICO TRANSPARENTE","observacao":null},"embalagemSecundaria":{"tipo":"CARTUCHO DE CARTOLINA","observacao":null},"embalagemSecundariaTodas":[{"tipo":"CARTUCHO DE CARTOLINA","observacao":null}],"envoltorios":[],"acessorios":[],"acondicionamento":null,"marcas":[],"fabricantesNacionais":[],"fabricantesInternacionais":[],"viasAdministracao":["ORAL 1"],"ifaUnico":true,"conservacao":["CONSERVAR EM  TEMPERATURA AMBIENTE ( AMBIENTE COM TEMPERATURA ENTRE 15 E 30ºC)","PROTEGER DA LUZ E UMIDADE"],"restricaoPrescricao":["Venda sob Prescrição Médica"],"restricaoUso":[],"destinacao":["Comercial"],"restricaoHospitais":null,"tarja":null,"medicamentoReferencia":"N","apresentacaoFracionada":"N","dataVencimentoRegistro":null,"inativa":true,"emAnalise":false,"tipoAutorizacao":"REGISTRADO","ativa":false},{"codigo":226058,"apresentacao":"80 MG COM CT 2 BL AL PLAS INC X 5","formasFarmaceuticas":["COMPRIMIDO SIMPLES"],"numero":3,"tonalidade":null,"dataPublicacao":"2002-11-19T00:00:00.000-0300","validade":"24","tipoValidade":"2","registro":"1023505670032","principiosAtivos":["GLICLAZIDA"],"complemento":null,"embalagemPrimaria":{"tipo":"BLISTER DE ALUMINIO/PLASTICO TRANSPARENTE","observacao":null},"embalagemSecundaria":{"tipo":"CARTUCHO DE CARTOLINA","observacao":null},"embalagemSecundariaTodas":[{"tipo":"CARTUCHO DE CARTOLINA","observacao":null}],"envoltorios":[],"acessorios":[],"acondicionamento":null,"marcas":[],"fabricantesNacionais":[],"fabricantesInternacionais":[],"viasAdministracao":["ORAL 1"],"ifaUnico":true,"conservacao":["CONSERVAR EM  TEMPERATURA AMBIENTE ( AMBIENTE COM TEMPERATURA ENTRE 15 E 30ºC)","PROTEGER DA LUZ E UMIDADE"],"restricaoPrescricao":["Venda sob Prescrição Médica"],"restricaoUso":[],"destinacao":["Comercial"],"restricaoHospitais":null,"tarja":null,"medicamentoReferencia":"N","apresentacaoFracionada":"N","dataVencimentoRegistro":null,"inativa":true,"emAnalise":false,"tipoAutorizacao":"REGISTRADO","ativa":false},{"codigo":226059,"apresentacao":"80 MG COM CT 2 BL AL PLAS INC X 15","formasFarmaceuticas":["COMPRIMIDO SIMPLES"],"numero":4,"tonalidade":null,"dataPublicacao":"2002-11-19T00:00:00.000-0300","validade":"24","tipoValidade":"2","registro":"1023505670040","principiosAtivos":["GLICLAZIDA"],"complemento":null,"embalagemPrimaria":{"tipo":"BLISTER DE ALUMINIO/PLASTICO TRANSPARENTE","observacao":null},"embalagemSecundaria":{"tipo":"CARTUCHO DE CARTOLINA","observacao":null},"embalagemSecundariaTodas":[{"tipo":"CARTUCHO DE CARTOLINA","observacao":null}],"envoltorios":[],"acessorios":[],"acondicionamento":null,"marcas":[],"fabricantesNacionais":[],"fabricantesInternacionais":[],"viasAdministracao":["ORAL 1"],"ifaUnico":true,"conservacao":["CONSERVAR EM  TEMPERATURA AMBIENTE ( AMBIENTE COM TEMPERATURA ENTRE 15 E 30ºC)","PROTEGER DA LUZ E UMIDADE"],"restricaoPrescricao":["Venda sob Prescrição Médica"],"restricaoUso":[],"destinacao":["Comercial"],"restricaoHospitais":null,"tarja":null,"medicamentoReferencia":"N","apresentacaoFracionada":"N","dataVencimentoRegistro":null,"inativa":true,"emAnalise":false,"tipoAutorizacao":"REGISTRADO","ativa":false},{"codigo":226060,"apresentacao":"80 MG COM CT 3 BL AL PLAS INC X 10","formasFarmaceuticas":["COMPRIMIDO SIMPLES"],"numero":5,"tonalidade":null,"dataPublicacao":"2002-11-19T00:00:00.000-0300","validade":"24","tipoValidade":"2","registro":"1023505670059","principiosAtivos":["GLICLAZIDA"],"complemento":null,"embalagemPrimaria":{"tipo":"BLISTER DE ALUMINIO/PLASTICO TRANSPARENTE","observacao":null},"embalagemSecundaria":{"tipo":"CARTUCHO DE CARTOLINA","observacao":null},"embalagemSecundariaTodas":[{"tipo":"CARTUCHO DE CARTOLINA","observacao":null}],"envoltorios":[],"acessorios":[],"acondicionamento":null,"marcas":[],"fabricantesNacionais":[],"fabricantesInternacionais":[],"viasAdministracao":["ORAL 1"],"ifaUnico":true,"conservacao":["CONSERVAR EM  TEMPERATURA AMBIENTE ( AMBIENTE COM TEMPERATURA ENTRE 15 E 30ºC)","PROTEGER DA LUZ E UMIDADE"],"restricaoPrescricao":["Venda sob Prescrição Médica"],"restricaoUso":[],"destinacao":["Comercial"],"restricaoHospitais":null,"tarja":null,"medicamentoReferencia":"N","apresentacaoFracionada":"N","dataVencimentoRegistro":null,"inativa":true,"emAnalise":false,"tipoAutorizacao":"REGISTRADO","ativa":false},{"codigo":226061,"apresentacao":"80 MG COM CX 4 BL AL PLAS INC X 15 (EMB HOSP)","formasFarmaceuticas":["COMPRIMIDO SIMPLES"],"numero":6,"tonalidade":null,"dataPublicacao":"2002-11-19T00:00:00.000-0300","validade":"24","tipoValidade":"2","registro":"1023505670067","principiosAtivos":["GLICLAZIDA"],"complemento":null,"embalagemPrimaria":{"tipo":"BLISTER DE ALUMINIO/PLASTICO TRANSPARENTE","observacao":null},"embalagemSecundaria":{"tipo":"CARTUCHO DE CARTOLINA","observacao":null},"embalagemSecundariaTodas":[{"tipo":"CARTUCHO DE CARTOLINA","observacao":null}],"envoltorios":[],"acessorios":[],"acondicionamento":null,"marcas":[],"fabricantesNacionais":[],"fabricantesInternacionais":[],"viasAdministracao":["ORAL 1"],"ifaUnico":true,"conservacao":["CONSERVAR EM  TEMPERATURA AMBIENTE ( AMBIENTE COM TEMPERATURA ENTRE 15 E 30ºC)","PROTEGER DA LUZ E UMIDADE"],"restricaoPrescricao":["Venda sob Prescrição Médica"],"restricaoUso":[],"destinacao":["Comercial"],"restricaoHospitais":null,"tarja":null,"medicamentoReferencia":"N","apresentacaoFracionada":"N","dataVencimentoRegistro":null,"inativa":true,"emAnalise":false,"tipoAutorizacao":"REGISTRADO","ativa":false},{"codigo":226062,"apresentacao":"80 MG COM CX 6 BL AL PLAS INC X 10 (EMB HOSP)","formasFarmaceuticas":["COMPRIMIDO SIMPLES"],"numero":7,"tonalidade":null,"dataPublicacao":"2002-11-19T00:00:00.000-0300","validade":"24","tipoValidade":"2","registro":"1023505670075","principiosAtivos":["GLICLAZIDA"],"complemento":null,"embalagemPrimaria":{"tipo":"BLISTER DE ALUMINIO/PLASTICO TRANSPARENTE","observacao":null},"embalagemSecundaria":{"tipo":"CARTUCHO DE CARTOLINA","observacao":null},"embalagemSecundariaTodas":[{"tipo":"CARTUCHO DE CARTOLINA","observacao":null}],"envoltorios":[],"acessorios":[],"acondicionamento":null,"marcas":[],"fabricantesNacionais":[],"fabricantesInternacionais":[],"viasAdministracao":["ORAL 1"],"ifaUnico":true,"conservacao":["CONSERVAR EM  TEMPERATURA AMBIENTE ( AMBIENTE COM TEMPERATURA ENTRE 15 E 30ºC)","PROTEGER DA LUZ E UMIDADE"],"restricaoPrescricao":["Venda sob Prescrição Médica"],"restricaoUso":[],"destinacao":["Comercial"],"restricaoHospitais":null,"tarja":null,"medicamentoReferencia":"N","apresentacaoFracionada":"N","dataVencimentoRegistro":null,"inativa":true,"emAnalise":false,"tipoAutorizacao":"REGISTRADO","ativa":false},{"codigo":226063,"apresentacao":"80 MG COM CX 40 BL AL PLAS INC X 10 (EMB HOSP)","formasFarmaceuticas":["COMPRIMIDO SIMPLES"],"numero":8,"tonalidade":null,"dataPublicacao":"2002-11-19T00:00:00.000-0300","validade":"24","tipoValidade":"2","registro":"1023505670083","principiosAtivos":["GLICLAZIDA"],"complemento":null,"embalagemPrimaria":{"tipo":"BLISTER DE ALUMINIO/PLASTICO TRANSPARENTE","observacao":null},"embalagemSecundaria":{"tipo":"CARTUCHO DE CARTOLINA","observacao":null},"embalagemSecundariaTodas":[{"tipo":"CARTUCHO DE CARTOLINA","observacao":null}],"envoltorios":[],"acessorios":[],"acondicionamento":null,"marcas":[],"fabricantesNacionais":[],"fabricantesInternacionais":[],"viasAdministracao":["ORAL 1"],"ifaUnico":true,"conservacao":["CONSERVAR EM  TEMPERATURA AMBIENTE ( AMBIENTE COM TEMPERATURA ENTRE 15 E 30ºC)","PROTEGER DA LUZ E UMIDADE"],"restricaoPrescricao":["Venda sob Prescrição Médica"],"restricaoUso":[],"destinacao":["Comercial"],"restricaoHospitais":null,"tarja":null,"medicamentoReferencia":"N","apresentacaoFracionada":"N","dataVencimentoRegistro":null,"inativa":true,"emAnalise":false,"tipoAutorizacao":"REGISTRADO","ativa":false},{"codigo":226064,"apresentacao":"80 MG COM CX 50 BL AL PLAS INC X 10 (EMB HOSP)","formasFarmaceuticas":["COMPRIMIDO SIMPLES"],"numero":9,"tonalidade":null,"dataPublicacao":"2002-11-19T00:00:00.000-0300","validade":"24","tipoValidade":"2","registro":"1023505670091","principiosAtivos":["GLICLAZIDA"],"complemento":null,"embalagemPrimaria":{"tipo":"BLISTER DE ALUMINIO/PLASTICO TRANSPARENTE","observacao":null},"embalagemSecundaria":{"tipo":"CARTUCHO DE CARTOLINA","observacao":null},"embalagemSecundariaTodas":[{"tipo":"CARTUCHO DE CARTOLINA","observacao":null}],"envoltorios":[],"acessorios":[],"acondicionamento":null,"marcas":[],"fabricantesNacionais":[],"fabricantesInternacionais":[],"viasAdministracao":["ORAL 1"],"ifaUnico":true,"conservacao":["CONSERVAR EM  TEMPERATURA AMBIENTE ( AMBIENTE COM TEMPERATURA ENTRE 15 E 30ºC)","PROTEGER DA LUZ E UMIDADE"],"restricaoPrescricao":["Venda sob Prescrição Médica"],"restricaoUso":[],"destinacao":["Comercial"],"restricaoHospitais":null,"tarja":null,"medicamentoReferencia":"N","apresentacaoFracionada":"N","dataVencimentoRegistro":null,"inativa":true,"emAnalise":false,"tipoAutorizacao":"REGISTRADO","ativa":false},{"codigo":227122,"apresentacao":"80 MG COM CT 2 BL AL PLAS INC X 10","formasFarmaceuticas":["COMPRIMIDO SIMPLES"],"numero":10,"tonalidade":null,"dataPublicacao":"2002-11-19T00:00:00.000-0300","validade":"24","tipoValidade":"2","registro":"1023505670105","principiosAtivos":["GLICLAZIDA"],"complemento":null,"embalagemPrimaria":{"tipo":"BLISTER DE ALUMINIO/PLASTICO TRANSPARENTE","observacao":null},"embalagemSecundaria":{"tipo":"CARTUCHO DE CARTOLINA","observacao":null},"embalagemSecundariaTodas":[{"tipo":"CARTUCHO DE CARTOLINA","observacao":null}],"envoltorios":[],"acessorios":[],"acondicionamento":null,"marcas":[],"fabricantesNacionais":[],"fabricantesInternacionais":[],"viasAdministracao":["ORAL 1"],"ifaUnico":true,"conservacao":["CONSERVAR EM  TEMPERATURA AMBIENTE ( AMBIENTE COM TEMPERATURA ENTRE 15 E 30ºC)","PROTEGER DA LUZ E UMIDADE"],"restricaoPrescricao":["Venda sob Prescrição Médica"],"restricaoUso":[],"destinacao":["Comercial"],"restricaoHospitais":null,"tarja":null,"medicamentoReferencia":"N","apresentacaoFracionada":"N","dataVencimentoRegistro":null,"inativa":true,"emAnalise":false,"tipoAutorizacao":"REGISTRADO","ativa":false}],"rotulos":[],"anexoRotulos":[],"tipoAutorizacao":"REGISTRADO"}