{"codigoProduto":6975,"tipoProduto":1,"dataProduto":"2002-01-21T00:00:00.000-0200","nomeComercial":"GEROVITAL","classesTerapeuticas":["POLIVITAMINICOS COM MINERAIS"],"numeroRegistro":"102350339","dataVencimento":null,"mesAnoVencimento":"102026","codigoParecerPublico":null,"codigoBulaPaciente":"eyJhbGciOiJIUzUxMiJ9.eyJqdGkiOiIyMDQwNjE4MiIsIm5iZiI6MTcxOTQxMDQ0OSwiZXhwIjoxNzE5NDEwNzQ5fQ.Ah90waqh9UR5UhtXODDg_ctfyI8hB293YKhNNRMX7W7C0i6BUIK4qfr98mi_EyvOSVz_AWh7qzR01rWuGMWEsA","codigoBulaProfissional":"eyJhbGciOiJIUzUxMiJ9.eyJqdGkiOiIyMDQwNjE4MyIsIm5iZiI6MTcxOTQxMDQ0OSwiZXhwIjoxNzE5NDEwNzQ5fQ.9o1tLCYZtJvH746PkJhLicf88im7jqUATBFdXNZj0yaMBX_2pl9klAZGQnwTUn7eiYc_YzsCvPOl3Bn0zTkd2Q","dataVencimentoRegistro":"2026-10-01T00:00:00.000-0300","principioAtivo":"ACETATO DE RACEALFATOCOFEROL, BIOTINA, CIANOCOBALAMINA, CLORIDRATO DE PIRIDOXINA, COLECALCIFEROL, D-PANTENOL, FLUORETO DE SÓDIO, FOSFATO DE CÁLCIO DIBÁSICO, IODETO DE POTÁSSIO, NICOTINAMIDA, NITRATO DE TIAMINA, PALMITATO DE RETINOL, PANAX GINSENG C. A. MEY., RIBOFLAVINA, RUTOSÍDEO, SULFATO DE MAGNÉSIO, SULFATO DE MANGANÊS, SULFATO DE POTÁSSIO, SULFATO FERROSO, ÁCIDO ASCÓRBICO","medicamentoReferencia":null,"categoriaRegulatoria":"Específico","classeTerapeutica":null,"atc":null,"processosMedidaCautelar":[],"empresa":{"cnpj":"57507378000365","razaoSocial":"EMS S/A","numeroAutorizacao":"1002351"},"processo":{"numero":"2500100566284","situacao":29},"apresentacoes":[{"codigo":458041,"apresentacao":"DRG. CT. 3 BL. AL. PLAST. INC. X 10","formasFarmaceuticas":["DRAGEA SIMPLES"],"numero":6,"tonalidade":null,"dataPublicacao":"2002-01-21T00:00:00.000-0200","validade":"24","tipoValidade":"2","registro":null,"principiosAtivos":["VITAMINA A","VITAMINA B1","VITAMINA B2","VITAMINA B6","VITAMINA B12","VITAMINA C","VITAMINA D3","VITAMINA E","BIOTINA","NICOTINAMIDA","PANTOTENATO DE CALCIO","RUTINA","FLUORETO DE SÓDIO","CÁLCIO","SULFATO FERROSO","IODETO DE POTÁSSIO","SULFATO DE MAGNÉSIO","SULFATO DE MANGANÊS","SULFATO DE POTÁSSIO","FÓSFORO"],"complemento":null,"embalagemPrimaria":null,"embalagemSecundaria":{"tipo":"CARTUCHO DE CARTOLINA","observacao":null},"embalagemSecundariaTodas":[{"tipo":"CARTUCHO DE CARTOLINA","observacao":null},{"tipo":"BLISTER DE ALUMINIO/PLASTICO TRANSPARENTE","observacao":null}],"envoltorios":[],"acessorios":[],"acondicionamento":null,"marcas":[],"fabricantesNacionais":[],"fabricantesInternacionais":[],"viasAdministracao":["ORAL"],"ifaUnico":false,"conservacao":["CONSERVAR EM  TEMPERATURA AMBIENTE ( AMBIENTE COM TEMPERATURA ENTRE 15 E 30ºC)","PROTEGER DA LUZ E UMIDADE"],"restricaoPrescricao":["Venda sem Prescrição Médica"],"restricaoUso":[],"destinacao":["Comercial"],"restricaoHospitais":null,"tarja":null,"medicamentoReferencia":"N","apresentacaoFracionada":"N","dataVencimentoRegistro":null,"tipoAutorizacao":"REGISTRADO","ativa":false,"inativa":false,"emAnalise":true},{"codigo":458073,"apresentacao":"DRG. CT. 6 BL. AL. PLAST. INC. X 10","formasFarmaceuticas":["DRAGEA SIMPLES"],"numero":7,"tonalidade":null,"dataPublicacao":"2002-01-21T00:00:00.000-0200","validade":"24","tipoValidade":"2","registro":null,"principiosAtivos":["VITAMINA A","VITAMINA B1","VITAMINA B2","VITAMINA B6","VITAMINA B12","VITAMINA C","VITAMINA D3","VITAMINA E","BIOTINA","NICOTINAMIDA","PANTOTENATO DE CALCIO","RUTINA","FLUORETO DE SÓDIO","CÁLCIO","SULFATO FERROSO","IODETO DE POTÁSSIO","SULFATO DE MAGNÉSIO","SULFATO DE MANGANÊS","SULFATO DE POTÁSSIO","FÓSFORO"],"complemento":null,"embalagemPrimaria":null,"embalagemSecundaria":{"tipo":"CARTUCHO DE CARTOLINA","observacao":null},"embalagemSecundariaTodas":[{"tipo":"CARTUCHO DE CARTOLINA","observacao":null},{"tipo":"BLISTER DE ALUMINIO/PLASTICO TRANSPARENTE","observacao":null}],"envoltorios":[],"acessorios":[],"acondicionamento":null,"marcas":[],"fabricantesNacionais":[],"fabricantesInternacionais":[],"viasAdministracao":["ORAL"],"ifaUnico":false,"conservacao":["CONSERVAR EM  TEMPERATURA AMBIENTE ( AMBIENTE COM TEMPERATURA ENTRE 15 E 30ºC)","PROTEGER DA LUZ E UMIDADE"],"restricaoPrescricao":["Venda sem Prescrição Médica"],"restricaoUso":[],"destinacao":["Comercial"],"restricaoHospitais":null,"tarja":null,"medicamentoReferencia":"N","apresentacaoFracionada":"N","dataVencimentoRegistro":null,"tipoAutorizacao":"REGISTRADO","ativa":false,"inativa":false,"emAnalise":true},{"codigo":458098,"apresentacao":"DRG. CT. 10 BL. AL. PLAST. INC. X 10","formasFarmaceuticas":["DRAGEA SIMPLES"],"numero":8,"tonalidade":null,"dataPublicacao":"2002-01-21T00:00:00.000-0200","validade":"24","tipoValidade":"2","registro":null,"principiosAtivos":["VITAMINA A","VITAMINA B1","VITAMINA B2","VITAMINA B6","VITAMINA B12","VITAMINA C","VITAMINA D3","VITAMINA E","BIOTINA","NICOTINAMIDA","PANTOTENATO DE CALCIO","RUTINA","FLUORETO DE SÓDIO","CÁLCIO","SULFATO FERROSO","IODETO DE POTÁSSIO","SULFATO DE MAGNÉSIO","SULFATO DE MANGANÊS","SULFATO DE POTÁSSIO","FÓSFORO"],"complemento":null,"embalagemPrimaria":{"tipo":"BLISTER DE ALUMINIO/PLASTICO TRANSPARENTE","observacao":null},"embalagemSecundaria":{"tipo":"CARTUCHO DE CARTOLINA","observacao":null},"embalagemSecundariaTodas":[{"tipo":"CARTUCHO DE CARTOLINA","observacao":null}],"envoltorios":[],"acessorios":[],"acondicionamento":null,"marcas":[],"fabricantesNacionais":[],"fabricantesInternacionais":[],"viasAdministracao":["ORAL"],"ifaUnico":false,"conservacao":["PROTEGER DA LUZ E UMIDADE","PROTEGER DO CALOR"],"restricaoPrescricao":["Venda sob Prescrição Médica"],"restricaoUso":[],"destinacao":["Comercial"],"restricaoHospitais":null,"tarja":null,"medicamentoReferencia":"N","apresentacaoFracionada":"N","dataVencimentoRegistro":null,"tipoAutorizacao":"REGISTRADO","ativa":false,"inativa":false,"emAnalise":true},{"codigo":458132,"apresentacao":"DRG. CT. FR. VD. AMB. X 30","formasFarmaceuticas":["DRAGEA SIMPLES"],"numero":9,"tonalidade":null,"dataPublicacao":"2002-01-21T00:00:00.000-0200","validade":"24","tipoValidade":"2","registro":null,"principiosAtivos":["VITAMINA A","VITAMINA B1","VITAMINA B2","VITAMINA B6","VITAMINA B12","VITAMINA C","VITAMINA D3","VITAMINA E","BIOTINA","NICOTINAMIDA","PANTOTENATO DE CALCIO","RUTINA","FLUORETO DE SÓDIO","CÁLCIO","SULFATO FERROSO","IODETO DE POTÁSSIO","SULFATO DE MAGNÉSIO","SULFATO DE MANGANÊS","SULFATO DE POTÁSSIO","FÓSFORO"],"complemento":null,"embalagemPrimaria":{"tipo":"FRASCO DE VIDRO AMBAR","observacao":null},"embalagemSecundaria":{"tipo":"CARTUCHO DE CARTOLINA","observacao":null},"embalagemSecundariaTodas":[{"tipo":"CARTUCHO DE CARTOLINA","observacao":null}],"envoltorios":[],"acessorios":[],"acondicionamento":null,"marcas":[],"fabricantesNacionais":[],"fabricantesInternacionais":[],"viasAdministracao":["ORAL"],"ifaUnico":false,"conservacao":["PROTEGER DA LUZ E UMIDADE","PROTEGER DO CALOR"],"restricaoPrescricao":["Venda sob Prescrição Médica"],"restricaoUso":[],"destinacao":["Comercial"],"restricaoHospitais":null,"tarja":null,"medicamentoReferencia":"N","apresentacaoFracionada":"N","dataVencimentoRegistro":null,"tipoAutorizacao":"REGISTRADO","ativa":false,"inativa":false,"emAnalise":true},{"codigo":458153,"apresentacao":"DRG. CT. FR. PLAST. OPC. X 30","formasFarmaceuticas":["DRAGEA SIMPLES"],"numero":10,"tonalidade":null,"dataPublicacao":"2002-01-21T00:00:00.000-0200","validade":"24","tipoValidade":"2","registro":null,"principiosAtivos":["VITAMINA A","VITAMINA B1","VITAMINA B2","VITAMINA B6","VITAMINA B12","VITAMINA C","VITAMINA D3","VITAMINA E","BIOTINA","NICOTINAMIDA","PANTOTENATO DE CÁLCIO","RUTINA","FLUORETO DE SÓDIO","CÁLCIO","SULFATO FERROSO","IODETO DE POTÁSSIO","SULFATO DE MAGNÉSIO","SULFATO DE MANGANÊS","SULFATO DE POTÁSSIO","FÓSFORO"],"complemento":null,"embalagemPrimaria":{"tipo":"FRASCO DE PLASTICO OPACO","observacao":null},"embalagemSecundaria":{"tipo":"CARTUCHO DE CARTOLINA","observacao":null},"embalagemSecundariaTodas":[{"tipo":"CARTUCHO DE CARTOLINA","observacao":null}],"envoltorios":[],"acessorios":[],"acondicionamento":null,"marcas":[],"fabricantesNacionais":[],"fabricantesInternacionais":[],"viasAdministracao":["ORAL"],"ifaUnico":false,"conservacao":["PROTEGER DA LUZ E UMIDADE","PROTEGER DO CALOR"],"restricaoPrescricao":["Venda sob Prescrição Médica"],"restricaoUso":[],"destinacao":["Comercial"],"restricaoHospitais":null,"tarja":null,"medicamentoReferencia":"N","apresentacaoFracionada":"N","dataVencimentoRegistro":null,"tipoAutorizacao":"REGISTRADO","ativa":false,"inativa":false,"emAnalise":true},{"codigo":458209,"apresentacao":"DRG. CT. FR. PLAST. OPC. X 50","formasFarmaceuticas":["DRAGEA SIMPLES"],"numero":11,"tonalidade":null,"dataPublicacao":"2002-01-21T00:00:00.000-0200","validade":"24","tipoValidade":"2","registro":null,"principiosAtivos":["VITAMINA A","VITAMINA B2","VITAMINA B6","VITAMINA B12","VITAMINA C","VITAMINA D3","VITAMINA E","BIOTINA","NICOTINAMIDA","PANTOTENATO DE CALCIO","RUTINA","FLUORETO DE SÓDIO","CÁLCIO","SULFATO FERROSO","IODETO DE POTÁSSIO","SULFATO DE MAGNÉSIO","SULFATO DE MANGANÊS","SULFATO DE POTÁSSIO","FÓSFORO"],"complemento":null,"embalagemPrimaria":{"tipo":"FRASCO DE PLASTICO OPACO","observacao":null},"embalagemSecundaria":{"tipo":"CARTUCHO DE CARTOLINA","observacao":null},"embalagemSecundariaTodas":[{"tipo":"CARTUCHO DE CARTOLINA","observacao":null}],"envoltorios":[],"acessorios":[],"acondicionamento":null,"marcas":[],"fabricantesNacionais":[],"fabricantesInternacionais":[],"viasAdministracao":["ORAL"],"ifaUnico":false,"conservacao":["PROTEGER DA LUZ E UMIDADE","PROTEGER DO CALOR"],"restricaoPrescricao":["Venda sob Prescrição Médica"],"restricaoUso":[],"destinacao":["Comercial"],"restricaoHospitais":null,"tarja":null,"medicamentoReferencia":"N","apresentacaoFracionada":"N","dataVencimentoRegistro":null,"tipoAutorizacao":"REGISTRADO","ativa":false,"inativa":false,"emAnalise":true},{"codigo":458268,"apresentacao":"DRG. CT. FR. PLAST. OPC. X 100","formasFarmaceuticas":["DRAGEA SIMPLES"],"numero":12,"tonalidade":null,"dataPublicacao":"2002-01-21T00:00:00.000-0200","validade":"24","tipoValidade":"2","registro":null,"principiosAtivos":["VITAMINA A","VITAMINA B1","VITAMINA B2","VITAMINA B6","VITAMINA B12","VITAMINA C","VITAMINA D3","VITAMINA E","BIOTINA","NICOTINAMIDA","PANTOTENATO DE CALCIO","RUTINA","FLUORETO DE SÓDIO","CÁLCIO","SULFATO FERROSO","IODETO DE POTÁSSIO","SULFATO DE MAGNÉSIO","SULFATO DE MANGANÊS","SULFATO DE POTÁSSIO","FÓSFORO","GINSENG"],"complemento":null,"embalagemPrimaria":{"tipo":"FRASCO DE PLASTICO OPACO","observacao":null},"embalagemSecundaria":{"tipo":"CARTUCHO DE CARTOLINA","observacao":null},"embalagemSecundariaTodas":[{"tipo":"CARTUCHO DE CARTOLINA","observacao":null}],"envoltorios":[],"acessorios":[],"acondicionamento":null,"marcas":[],"fabricantesNacionais":[],"fabricantesInternacionais":[],"viasAdministracao":["ORAL"],"ifaUnico":false,"conservacao":["PROTEGER DA LUZ E UMIDADE","PROTEGER DO CALOR"],"restricaoPrescricao":["Venda sob Prescrição Médica"],"restricaoUso":[],"destinacao":["Comercial"],"restricaoHospitais":null,"tarja":null,"medicamentoReferencia":"N","apresentacaoFracionada":"N","dataVencimentoRegistro":null,"tipoAutorizacao":"REGISTRADO","ativa":false,"inativa":false,"emAnalise":true},{"codigo":256866,"apresentacao":"CAP GEL MOLE CT BL AL PLAS TRANS X 30","formasFarmaceuticas":["CAPSULA GELATINOSA MOLE"],"numero":4,"tonalidade":null,"dataPublicacao":"2002-11-13T00:00:00.000-0300","validade":"24","tipoValidade":"2","registro":"1023503390040","principiosAtivos":["FLUORETO DE SÓDIO","SULFATO FERROSO","PALMITATO DE RETINOL","CLORIDRATO DE PIRIDOXINA","RUTOSÍDEO","CIANOCOBALAMINA","IODETO DE POTÁSSIO","PANAX GINSENG C. A. MEY.","D-PANTENOL","FOSFATO DE CÁLCIO DIBÁSICO","BIOTINA","NICOTINAMIDA","RIBOFLAVINA","COLECALCIFEROL","NITRATO DE TIAMINA","SULFATO DE MAGNÉSIO","SULFATO DE MANGANÊS","SULFATO DE POTÁSSIO","ÁCIDO ASCÓRBICO","ACETATO DE RACEALFATOCOFEROL"],"complemento":null,"embalagemPrimaria":{"tipo":"BLISTER DE ALUMINIO/PLASTICO TRANSPARENTE","observacao":null},"embalagemSecundaria":{"tipo":"CARTUCHO DE CARTOLINA","observacao":null},"embalagemSecundariaTodas":[{"tipo":"CARTUCHO DE CARTOLINA","observacao":null}],"envoltorios":[],"acessorios":[],"acondicionamento":null,"marcas":[],"fabricantesNacionais":[{"fabricante":"CATALENT BRASIL LTDA","cnpj":"45569555000197","pais":"BRASIL","uf":"SP","cidade":"SOROCABA","etapaFabricacao":null},{"fabricante":"CATALENT BRASIL LTDA.","cnpj":"45569555000782","pais":"BRASIL","uf":"SP","cidade":"INDAIATUBA","etapaFabricacao":null}],"fabricantesInternacionais":[],"viasAdministracao":["ORAL"],"ifaUnico":false,"conservacao":["CONSERVAR EM  TEMPERATURA AMBIENTE ( AMBIENTE COM TEMPERATURA ENTRE 15 E 30ºC)","PROTEGER DA LUZ E UMIDADE"],"restricaoPrescricao":["Venda sem Prescrição Médica"],"restricaoUso":[],"destinacao":["Comercial"],"restricaoHospitais":null,"tarja":null,"medicamentoReferencia":"N","apresentacaoFracionada":"N","dataVencimentoRegistro":null,"tipoAutorizacao":"REGISTRADO","ativa":true,"inativa":false,"emAnalise":false},{"codigo":256867,"apresentacao":"CAP GEL MOLE CT BL AL PLAS TRANS X 60","formasFarmaceuticas":["CAPSULA GELATINOSA MOLE"],"numero":5,"tonalidade":null,"dataPublicacao":"2002-11-13T00:00:00.000-0300","validade":"24","tipoValidade":"2","registro":"1023503390059","principiosAtivos":["FLUORETO DE SÓDIO","ÁCIDO ASCÓRBICO","ACETATO DE RACEALFATOCOFEROL","CLORIDRATO DE PIRIDOXINA","CIANOCOBALAMINA","IODETO DE POTÁSSIO","RUTOSÍDEO","D-PANTENOL","BIOTINA","PANAX GINSENG C. A. MEY.","FOSFATO DE CÁLCIO DIBÁSICO","NICOTINAMIDA","RIBOFLAVINA","SULFATO DE MAGNÉSIO","NITRATO DE TIAMINA","SULFATO DE POTÁSSIO","SULFATO DE MANGANÊS","COLECALCIFEROL","SULFATO FERROSO","PALMITATO DE RETINOL"],"complemento":null,"embalagemPrimaria":{"tipo":"BLISTER DE ALUMINIO/PLASTICO TRANSPARENTE","observacao":null},"embalagemSecundaria":{"tipo":"CARTUCHO DE CARTOLINA","observacao":null},"embalagemSecundariaTodas":[{"tipo":"CARTUCHO DE CARTOLINA","observacao":null}],"envoltorios":[],"acessorios":[],"acondicionamento":null,"marcas":[],"fabricantesNacionais":[{"fabricante":"CATALENT BRASIL LTDA","cnpj":"45569555000197","pais":"BRASIL","uf":"SP","cidade":"SOROCABA","etapaFabricacao":null},{"fabricante":"CATALENT BRASIL LTDA.","cnpj":"45569555000782","pais":"BRASIL","uf":"SP","cidade":"INDAIATUBA","etapaFabricacao":null}],"fabricantesInternacionais":[],"viasAdministracao":["ORAL"],"ifaUnico":false,"conservacao":["CONSERVAR EM  TEMPERATURA AMBIENTE ( AMBIENTE COM TEMPERATURA ENTRE 15 E 30ºC)","PROTEGER DA LUZ E UMIDADE"],"restricaoPrescricao":["Venda sem Prescrição Médica"],"restricaoUso":[],"destinacao":["Comercial"],"restricaoHospitais":null,"tarja":null,"medicamentoReferencia":"N","apresentacaoFracionada":"N","dataVencimentoRegistro":null,"tipoAutorizacao":"REGISTRADO","ativa":true,"inativa":false,"emAnalise":false},{"codigo":24230,"apresentacao":"DRG CT FR VD AMB X 35","formasFarmaceuticas":["DRAGEA SIMPLES"],"numero":1,"tonalidade":null,"dataPublicacao":"2002-01-21T00:00:00.000-0200","validade":"24","tipoValidade":"2","registro":"1023503390018","principiosAtivos":["VITAMINA A","VITAMINA B1","VITAMINA B2","VITAMINA B6","VITAMINA B12","VITAMINA C","VITAMINA D2","VITAMINA E","NICOTINAMIDA","ÁCIDO PARA-AMINOBENZÓICO","PANTOTENATO DE CALCIO","RUTINA","FLUORETO DE CÁLCIO","CÁLCIO","SULFATO FERROSO","IODETO DE POTÁSSIO","SULFATO DE MAGNÉSIO","SULFATO DE MANGANÊS","SULFATO DE POTÁSSIO","FÓSFORO"],"complemento":null,"embalagemPrimaria":{"tipo":"FRASCO DE VIDRO AMBAR","observacao":null},"embalagemSecundaria":{"tipo":"CARTUCHO DE CARTOLINA","observacao":null},"embalagemSecundariaTodas":[{"tipo":"CARTUCHO DE CARTOLINA","observacao":null}],"envoltorios":[],"acessorios":[],"acondicionamento":null,"marcas":[],"fabricantesNacionais":[{"fabricante":"RELTHY LABORATÓRIOS LTDA","cnpj":"58884735000105","pais":"BRASIL","uf":"SP","cidade":"INDAIATUBA","etapaFabricacao":null}],"fabricantesInternacionais":[],"viasAdministracao":["ORAL"],"ifaUnico":false,"conservacao":["PROTEGER DA LUZ E UMIDADE","PROTEGER DO CALOR"],"restricaoPrescricao":["Venda sem Prescrição Médica"],"restricaoUso":[],"destinacao":["Comercial"],"restricaoHospitais":null,"tarja":null,"medicamentoReferencia":"N","apresentacaoFracionada":"N","dataVencimentoRegistro":null,"tipoAutorizacao":"REGISTRADO","ativa":false,"inativa":true,"emAnalise":false},{"codigo":24231,"apresentacao":"DRG CT FR VD AMB X 50","formasFarmaceuticas":["DRAGEA SIMPLES"],"numero":2,"tonalidade":null,"dataPublicacao":"2002-01-21T00:00:00.000-0200","validade":"24","tipoValidade":"2","registro":"1023503390026","principiosAtivos":["RETINOL","VITAMINA B1","VITAMINA B2","VITAMINA B6","VITAMINA B12","VITAMINA C","VITAMINA D3","VITAMINA E","BIOTINA","NICOTINAMIDA","PANTOTENATO DE CALCIO","RUTINA","FLUORETO DE SÓDIO","CÁLCIO","SULFATO FERROSO","IODETO DE POTÁSSIO","SULFATO DE MAGNÉSIO","SULFATO DE MANGANÊS","SULFATO DE POTÁSSIO","FÓSFORO"],"complemento":null,"embalagemPrimaria":{"tipo":"FRASCO DE VIDRO AMBAR","observacao":null},"embalagemSecundaria":{"tipo":"CARTUCHO DE CARTOLINA","observacao":null},"embalagemSecundariaTodas":[{"tipo":"CARTUCHO DE CARTOLINA","observacao":null}],"envoltorios":[],"acessorios":[],"acondicionamento":null,"marcas":[],"fabricantesNacionais":[],"fabricantesInternacionais":[],"viasAdministracao":["ORAL"],"ifaUnico":false,"conservacao":["PROTEGER DA LUZ E UMIDADE","PROTEGER DO CALOR"],"restricaoPrescricao":["Venda sem Prescrição Médica"],"restricaoUso":[],"destinacao":["Comercial"],"restricaoHospitais":null,"tarja":null,"medicamentoReferencia":"N","apresentacaoFracionada":"N","dataVencimentoRegistro":null,"tipoAutorizacao":"REGISTRADO","ativa":false,"inativa":true,"emAnalise":false},{"codigo":24229,"apresentacao":"DRG CT FR VD AMB X 100","formasFarmaceuticas":["DRAGEA SIMPLES"],"numero":3,"tonalidade":null,"dataPublicacao":"2002-01-21T00:00:00.000-0200","validade":"24","tipoValidade":"2","registro":"1023503390034","principiosAtivos":["VITAMINA A","VITAMINA B1","VITAMINA B2","VITAMINA B6","VITAMINA B12","VITAMINA C","VITAMINA D3","VITAMINA E","BIOTINA","NICOTINAMIDA","PANTOTENATO DE CALCIO","RUTINA","FLUORETO DE SÓDIO","CÁLCIO","SULFATO FERROSO","IODETO DE POTÁSSIO","SULFATO DE MAGNÉSIO","SULFATO DE MANGANÊS","SULFATO DE POTÁSSIO","FÓSFORO"],"complemento":null,"embalagemPrimaria":{"tipo":"FRASCO DE VIDRO AMBAR","observacao":null},"embalagemSecundaria":{"tipo":"CARTUCHO DE CARTOLINA","observacao":null},"embalagemSecundariaTodas":[{"tipo":"CARTUCHO DE CARTOLINA","observacao":null}],"envoltorios":[],"acessorios":[],"acondicionamento":null,"marcas":[],"fabricantesNacionais":[],"fabricantesInternacionais":[],"viasAdministracao":["ORAL"],"ifaUnico":false,"conservacao":["PROTEGER DA LUZ E UMIDADE","PROTEGER DO CALOR"],"restricaoPrescricao":["Venda sem Prescrição Médica"],"restricaoUso":[],"destinacao":["Comercial"],"restricaoHospitais":null,"tarja":null,"medicamentoReferencia":"N","apresentacaoFracionada":"N","dataVencimentoRegistro":null,"tipoAutorizacao":"REGISTRADO","ativa":false,"inativa":true,"emAnalise":false}],"rotulos":[],"anexoRotulos":[],"tipoAutorizacao":"REGISTRADO"}