{"codigoProduto":684683,"tipoProduto":1,"dataProduto":"2017-06-26T00:00:00.000-0300","nomeComercial":"MONTELUCASTE DE SÓDIO","classesTerapeuticas":["ANTIASMATICOS"],"numeroRegistro":"102351104","dataVencimento":null,"mesAnoVencimento":"062027","codigoParecerPublico":null,"codigoBulaPaciente":"eyJhbGciOiJIUzUxMiJ9.eyJqdGkiOiIxNzc0Njk5OSIsIm5iZiI6MTcxOTQxMDkyMCwiZXhwIjoxNzE5NDExMjIwfQ.AfgFUE86J44BaiHPj4iiieqChbCFCvIIOuU1aSAhOhCZDrVRrjRN3NC1hHeFhRVysjK2cwc3RUJ65oQnMwydlw","codigoBulaProfissional":"eyJhbGciOiJIUzUxMiJ9.eyJqdGkiOiIxNzc0NzAwMCIsIm5iZiI6MTcxOTQxMDkyMCwiZXhwIjoxNzE5NDExMjIwfQ.b8Binta_Mn0nxhlgGZJ3RYY1fQAEtrILEp6rPyVGpOSUIiadzzjq81CWx3fCmv8x62vDno0cLLHs5zF9L4yw0Q","dataVencimentoRegistro":"2027-06-01T00:00:00.000-0300","principioAtivo":"MONTELUCASTE de SÓDIO","medicamentoReferencia":"SINGULAIR/SINGULAIR BABY","categoriaRegulatoria":"Genérico","classeTerapeutica":null,"atc":null,"processosMedidaCautelar":[],"empresa":{"cnpj":"57507378000365","razaoSocial":"EMS S/A","numeroAutorizacao":"1002351"},"processo":{"numero":"25351158384201027","situacao":29},"apresentacoes":[{"codigo":1621607,"apresentacao":"4 MG COM MAST CT BL AL AL X 10","formasFarmaceuticas":["COMPRIMIDO MASTIGAVEL"],"numero":8,"tonalidade":null,"dataPublicacao":"2017-06-26T00:00:00.000-0300","validade":"24","tipoValidade":"2","registro":"1023511040088","principiosAtivos":["MONTELUCASTE de SÓDIO"],"complemento":null,"embalagemPrimaria":{"tipo":"BLISTER DE ALUMINIO/ALUMINIO","observacao":null},"embalagemSecundaria":{"tipo":"CARTUCHO DE CARTOLINA","observacao":null},"embalagemSecundariaTodas":[{"tipo":"CARTUCHO DE CARTOLINA","observacao":null}],"envoltorios":[],"acessorios":[],"acondicionamento":null,"marcas":[],"fabricantesNacionais":[{"fabricante":"EMS S/A","cnpj":"57507378000365","pais":"BRASIL","uf":"SP","cidade":"HORTOLÂNDIA","etapaFabricacao":null}],"fabricantesInternacionais":[],"viasAdministracao":["ORAL"],"ifaUnico":true,"conservacao":["CONSERVAR EM  TEMPERATURA AMBIENTE ( AMBIENTE COM TEMPERATURA ENTRE 15 E 30ºC)","PROTEGER DA LUZ E UMIDADE"],"restricaoPrescricao":["Venda sob Prescrição Médica"],"restricaoUso":["Adulto"],"destinacao":["Comercial"],"restricaoHospitais":null,"tarja":"Vermelha sob restrição","medicamentoReferencia":"N","apresentacaoFracionada":"N","dataVencimentoRegistro":null,"inativa":false,"emAnalise":false,"tipoAutorizacao":"REGISTRADO","ativa":true},{"codigo":1621609,"apresentacao":"4 MG COM MAST CT BL AL AL X 30","formasFarmaceuticas":["COMPRIMIDO MASTIGAVEL"],"numero":9,"tonalidade":null,"dataPublicacao":"2017-06-26T00:00:00.000-0300","validade":"24","tipoValidade":"2","registro":"1023511040096","principiosAtivos":["MONTELUCASTE de SÓDIO"],"complemento":null,"embalagemPrimaria":{"tipo":"BLISTER DE ALUMINIO/ALUMINIO","observacao":null},"embalagemSecundaria":{"tipo":"CARTUCHO DE CARTOLINA","observacao":null},"embalagemSecundariaTodas":[{"tipo":"CARTUCHO DE CARTOLINA","observacao":null}],"envoltorios":[],"acessorios":[],"acondicionamento":null,"marcas":[],"fabricantesNacionais":[{"fabricante":"EMS S/A","cnpj":"57507378000365","pais":"BRASIL","uf":"SP","cidade":"HORTOLÂNDIA","etapaFabricacao":null}],"fabricantesInternacionais":[],"viasAdministracao":["ORAL"],"ifaUnico":true,"conservacao":["CONSERVAR EM  TEMPERATURA AMBIENTE ( AMBIENTE COM TEMPERATURA ENTRE 15 E 30ºC)","PROTEGER DA LUZ E UMIDADE"],"restricaoPrescricao":["Venda sob Prescrição Médica"],"restricaoUso":["Adulto"],"destinacao":["Comercial"],"restricaoHospitais":null,"tarja":"Vermelha sob restrição","medicamentoReferencia":"N","apresentacaoFracionada":"N","dataVencimentoRegistro":null,"inativa":false,"emAnalise":false,"tipoAutorizacao":"REGISTRADO","ativa":true},{"codigo":1621610,"apresentacao":"5 MG COM MAST CT BL AL AL X 10","formasFarmaceuticas":["COMPRIMIDO MASTIGAVEL"],"numero":10,"tonalidade":null,"dataPublicacao":"2017-06-26T00:00:00.000-0300","validade":"24","tipoValidade":"2","registro":"1023511040101","principiosAtivos":["MONTELUCASTE de SÓDIO"],"complemento":null,"embalagemPrimaria":{"tipo":"BLISTER DE ALUMINIO/ALUMINIO","observacao":null},"embalagemSecundaria":{"tipo":"CARTUCHO DE CARTOLINA","observacao":null},"embalagemSecundariaTodas":[{"tipo":"CARTUCHO DE CARTOLINA","observacao":null}],"envoltorios":[],"acessorios":[],"acondicionamento":null,"marcas":[],"fabricantesNacionais":[{"fabricante":"EMS S/A","cnpj":"57507378000365","pais":"BRASIL","uf":"SP","cidade":"HORTOLÂNDIA","etapaFabricacao":null}],"fabricantesInternacionais":[],"viasAdministracao":["ORAL"],"ifaUnico":true,"conservacao":["CONSERVAR EM  TEMPERATURA AMBIENTE ( AMBIENTE COM TEMPERATURA ENTRE 15 E 30ºC)","PROTEGER DA LUZ E UMIDADE"],"restricaoPrescricao":["Venda sob Prescrição Médica"],"restricaoUso":["Adulto"],"destinacao":["Comercial"],"restricaoHospitais":null,"tarja":"Vermelha sob restrição","medicamentoReferencia":"N","apresentacaoFracionada":"N","dataVencimentoRegistro":null,"inativa":false,"emAnalise":false,"tipoAutorizacao":"REGISTRADO","ativa":true},{"codigo":1621612,"apresentacao":"5 MG COM MAST CT BL AL AL X 14","formasFarmaceuticas":["COMPRIMIDO MASTIGAVEL"],"numero":11,"tonalidade":null,"dataPublicacao":"2017-06-26T00:00:00.000-0300","validade":"24","tipoValidade":"2","registro":"1023511040118","principiosAtivos":["MONTELUCASTE de SÓDIO"],"complemento":null,"embalagemPrimaria":{"tipo":"BLISTER DE ALUMINIO/ALUMINIO","observacao":null},"embalagemSecundaria":{"tipo":"CARTUCHO DE CARTOLINA","observacao":null},"embalagemSecundariaTodas":[{"tipo":"CARTUCHO DE CARTOLINA","observacao":null}],"envoltorios":[],"acessorios":[],"acondicionamento":null,"marcas":[],"fabricantesNacionais":[{"fabricante":"EMS S/A","cnpj":"57507378000365","pais":"BRASIL","uf":"SP","cidade":"HORTOLÂNDIA","etapaFabricacao":null}],"fabricantesInternacionais":[],"viasAdministracao":["ORAL"],"ifaUnico":true,"conservacao":["CONSERVAR EM  TEMPERATURA AMBIENTE ( AMBIENTE COM TEMPERATURA ENTRE 15 E 30ºC)","PROTEGER DA LUZ E UMIDADE"],"restricaoPrescricao":["Venda sob Prescrição Médica"],"restricaoUso":["Adulto"],"destinacao":["Comercial"],"restricaoHospitais":"N","tarja":"Vermelha sob restrição","medicamentoReferencia":"N","apresentacaoFracionada":"N","dataVencimentoRegistro":null,"inativa":false,"emAnalise":false,"tipoAutorizacao":"REGISTRADO","ativa":true},{"codigo":1621613,"apresentacao":"5 MG COM MAST CT BL AL AL X 30","formasFarmaceuticas":["COMPRIMIDO MASTIGAVEL"],"numero":12,"tonalidade":null,"dataPublicacao":"2017-06-26T00:00:00.000-0300","validade":"24","tipoValidade":"2","registro":"1023511040126","principiosAtivos":["MONTELUCASTE de SÓDIO"],"complemento":null,"embalagemPrimaria":{"tipo":"BLISTER DE ALUMINIO/ALUMINIO","observacao":null},"embalagemSecundaria":{"tipo":"CARTUCHO DE CARTOLINA","observacao":null},"embalagemSecundariaTodas":[{"tipo":"CARTUCHO DE CARTOLINA","observacao":null}],"envoltorios":[],"acessorios":[],"acondicionamento":null,"marcas":[],"fabricantesNacionais":[{"fabricante":"EMS S/A","cnpj":"57507378000365","pais":"BRASIL","uf":"SP","cidade":"HORTOLÂNDIA","etapaFabricacao":null}],"fabricantesInternacionais":[],"viasAdministracao":["ORAL"],"ifaUnico":true,"conservacao":["CONSERVAR EM  TEMPERATURA AMBIENTE ( AMBIENTE COM TEMPERATURA ENTRE 15 E 30ºC)","PROTEGER DA LUZ E UMIDADE"],"restricaoPrescricao":["Venda sob Prescrição Médica"],"restricaoUso":["Adulto"],"destinacao":["Comercial"],"restricaoHospitais":null,"tarja":"Vermelha sob restrição","medicamentoReferencia":"N","apresentacaoFracionada":"N","dataVencimentoRegistro":null,"inativa":false,"emAnalise":false,"tipoAutorizacao":"REGISTRADO","ativa":true},{"codigo":1621614,"apresentacao":"5 MG COM MAST CT BL AL AL X 90 (EMB FRAC)","formasFarmaceuticas":["COMPRIMIDO MASTIGAVEL"],"numero":13,"tonalidade":null,"dataPublicacao":"2017-06-26T00:00:00.000-0300","validade":"24","tipoValidade":"2","registro":"1023511040134","principiosAtivos":["MONTELUCASTE de SÓDIO"],"complemento":null,"embalagemPrimaria":{"tipo":"BLISTER DE ALUMINIO/ALUMINIO","observacao":null},"embalagemSecundaria":{"tipo":"CARTUCHO DE CARTOLINA","observacao":null},"embalagemSecundariaTodas":[{"tipo":"CARTUCHO DE CARTOLINA","observacao":null}],"envoltorios":[],"acessorios":[],"acondicionamento":null,"marcas":[],"fabricantesNacionais":[{"fabricante":"EMS S/A","cnpj":"57507378000365","pais":"BRASIL","uf":"SP","cidade":"HORTOLÂNDIA","etapaFabricacao":null}],"fabricantesInternacionais":[],"viasAdministracao":["ORAL"],"ifaUnico":true,"conservacao":["CONSERVAR EM  TEMPERATURA AMBIENTE ( AMBIENTE COM TEMPERATURA ENTRE 15 E 30ºC)","PROTEGER DA LUZ E UMIDADE"],"restricaoPrescricao":["Venda sob Prescrição Médica"],"restricaoUso":["Adulto"],"destinacao":["Comercial"],"restricaoHospitais":null,"tarja":"Vermelha sob restrição","medicamentoReferencia":"N","apresentacaoFracionada":"S","dataVencimentoRegistro":null,"inativa":false,"emAnalise":false,"tipoAutorizacao":"REGISTRADO","ativa":true},{"codigo":1621615,"apresentacao":"5 MG COM MAST CT BL AL AL X 100","formasFarmaceuticas":["COMPRIMIDO MASTIGAVEL"],"numero":14,"tonalidade":null,"dataPublicacao":"2017-06-26T00:00:00.000-0300","validade":"24","tipoValidade":"2","registro":"1023511040142","principiosAtivos":["MONTELUCASTE de SÓDIO"],"complemento":null,"embalagemPrimaria":{"tipo":"BLISTER DE ALUMINIO/ALUMINIO","observacao":null},"embalagemSecundaria":{"tipo":"CARTUCHO DE CARTOLINA","observacao":null},"embalagemSecundariaTodas":[{"tipo":"CARTUCHO DE CARTOLINA","observacao":null}],"envoltorios":[],"acessorios":[],"acondicionamento":null,"marcas":[],"fabricantesNacionais":[{"fabricante":"EMS S/A","cnpj":"57507378000365","pais":"BRASIL","uf":"SP","cidade":"HORTOLÂNDIA","etapaFabricacao":null}],"fabricantesInternacionais":[],"viasAdministracao":["ORAL"],"ifaUnico":true,"conservacao":["CONSERVAR EM  TEMPERATURA AMBIENTE ( AMBIENTE COM TEMPERATURA ENTRE 15 E 30ºC)","PROTEGER DA LUZ E UMIDADE"],"restricaoPrescricao":["Venda sob Prescrição Médica"],"restricaoUso":["Adulto"],"destinacao":["Hospitalar"],"restricaoHospitais":"N","tarja":"Vermelha sob restrição","medicamentoReferencia":"N","apresentacaoFracionada":"N","dataVencimentoRegistro":null,"inativa":false,"emAnalise":false,"tipoAutorizacao":"REGISTRADO","ativa":true}],"rotulos":[],"anexoRotulos":[],"tipoAutorizacao":"REGISTRADO"}