{"codigoProduto":439638,"tipoProduto":1,"dataProduto":"2004-06-22T00:00:00.000-0300","nomeComercial":"FRIXOPEL","classesTerapeuticas":["ANALGESICOS NAO NARCOTICOS"],"numeroRegistro":"102350106","dataVencimento":null,"mesAnoVencimento":"022028","codigoParecerPublico":null,"codigoBulaPaciente":"eyJhbGciOiJIUzUxMiJ9.eyJqdGkiOiIxNDEwNjQ3NyIsIm5iZiI6MTcxOTQxMDM5MiwiZXhwIjoxNzE5NDEwNjkyfQ.fRXBY81altSZB1ygEopWfqGDwSgrm8MOko2hwqctE1AQkV5ZcwKZgDQjQQS2bxXULVQkQaTyg5jLdltBbk4ihA","codigoBulaProfissional":"eyJhbGciOiJIUzUxMiJ9.eyJqdGkiOiIxNDEwNjQ3OSIsIm5iZiI6MTcxOTQxMDM5MiwiZXhwIjoxNzE5NDEwNjkyfQ.6rEp-x59iLoxlJa925xMbXCGB-03DqMQ4RfycGq1ke8mEHnOaTHPxvnniduwUz0ojwd0XyZb1Bp6TxTklxBWKQ","dataVencimentoRegistro":"2028-02-01T00:00:00.000-0300","principioAtivo":null,"medicamentoReferencia":null,"categoriaRegulatoria":"Específico","classeTerapeutica":null,"atc":null,"processosMedidaCautelar":[],"empresa":{"cnpj":"57507378000365","razaoSocial":"EMS S/A","numeroAutorizacao":"1002351"},"processo":{"numero":"2599200397460","situacao":29},"apresentacoes":[{"codigo":569492,"apresentacao":"0,0444 ML/G + 0,00444 G/G + 0,0980G/G + 0,2222 ML/G GEL CT BG AL X 25 G","formasFarmaceuticas":["GEL DERMATOLOGICO"],"numero":1,"tonalidade":null,"dataPublicacao":"2004-06-22T00:00:00.000-0300","validade":"24","tipoValidade":"2","registro":"1023501060056","principiosAtivos":["SALICILATO DE METILA","CÂNFORA","MENTOL","ESSÊNCIA DE TEREBENTINA"],"complemento":null,"embalagemPrimaria":{"tipo":"TUBO DE ALUMINIO","observacao":null},"embalagemSecundaria":{"tipo":"CARTUCHO DE CARTOLINA","observacao":null},"embalagemSecundariaTodas":[{"tipo":"CARTUCHO DE CARTOLINA","observacao":null}],"envoltorios":[],"acessorios":[],"acondicionamento":null,"marcas":[],"fabricantesNacionais":[{"fabricante":"EMS S/A","cnpj":"57507378000101","pais":"BRASIL","uf":"SP","cidade":"SÃO BERNARDO DO CAMPO","etapaFabricacao":null}],"fabricantesInternacionais":[],"viasAdministracao":["TOPICO"],"ifaUnico":false,"conservacao":["CONSERVAR EM  TEMPERATURA AMBIENTE ( AMBIENTE COM TEMPERATURA ENTRE 15 E 30ºC)","PROTEGER DA LUZ E UMIDADE"],"restricaoPrescricao":["Venda sem Prescrição Médica"],"restricaoUso":[],"destinacao":["Comercial"],"restricaoHospitais":null,"tarja":null,"medicamentoReferencia":"N","apresentacaoFracionada":"N","dataVencimentoRegistro":null,"ativa":false,"tipoAutorizacao":"REGISTRADO","inativa":true,"emAnalise":false},{"codigo":569493,"apresentacao":"0,0333 ML/ML + 0,0333 G/ML + 0,0083 G/ML + 0,0833 ML/ML AER CT TB AL X 50 ML","formasFarmaceuticas":["AEROSSOL TOPICO"],"numero":2,"tonalidade":null,"dataPublicacao":"2004-06-22T00:00:00.000-0300","validade":"24","tipoValidade":"2","registro":"1023501060030","principiosAtivos":["SALICILATO DE METILA","CÂNFORA","MENTOL","ESSÊNCIA DE TEREBENTINA"],"complemento":null,"embalagemPrimaria":{"tipo":"TUBO DE ALUMINIO","observacao":null},"embalagemSecundaria":{"tipo":"CARTUCHO DE CARTOLINA","observacao":null},"embalagemSecundariaTodas":[{"tipo":"CARTUCHO DE CARTOLINA","observacao":null}],"envoltorios":[],"acessorios":[],"acondicionamento":null,"marcas":[],"fabricantesNacionais":[{"fabricante":"EMS S/A","cnpj":"57507378000101","pais":"BRASIL","uf":"SP","cidade":"SÃO BERNARDO DO CAMPO","etapaFabricacao":null}],"fabricantesInternacionais":[],"viasAdministracao":["TOPICO"],"ifaUnico":false,"conservacao":["CONSERVAR EM  TEMPERATURA AMBIENTE ( AMBIENTE COM TEMPERATURA ENTRE 15 E 30ºC)","PROTEGER DA LUZ E UMIDADE"],"restricaoPrescricao":["Venda sem Prescrição Médica"],"restricaoUso":[],"destinacao":["Comercial"],"restricaoHospitais":null,"tarja":null,"medicamentoReferencia":"N","apresentacaoFracionada":"N","dataVencimentoRegistro":null,"ativa":false,"tipoAutorizacao":"REGISTRADO","inativa":true,"emAnalise":false},{"codigo":678861,"apresentacao":"(0,0444 ML + 0,0444 G + 0,0200 G + 0,2220 ML)/G CREM CT BG AL X 25 G","formasFarmaceuticas":["CREME"],"numero":3,"tonalidade":null,"dataPublicacao":"2004-06-22T00:00:00.000-0300","validade":"24","tipoValidade":"2","registro":"1023501060027","principiosAtivos":[],"complemento":null,"embalagemPrimaria":null,"embalagemSecundaria":{"tipo":"CARTUCHO DE CARTOLINA","observacao":null},"embalagemSecundariaTodas":[{"tipo":"BISNAGA DE ALUMINIO","observacao":null},{"tipo":"CARTUCHO DE CARTOLINA","observacao":null}],"envoltorios":[],"acessorios":[],"acondicionamento":null,"marcas":[],"fabricantesNacionais":[],"fabricantesInternacionais":[],"viasAdministracao":["DÉRMICA ( Aplicação Tópica )"],"ifaUnico":false,"conservacao":["CONSERVAR EM  TEMPERATURA AMBIENTE ( AMBIENTE COM TEMPERATURA ENTRE 15 E 30ºC)","PROTEGER DA LUZ E UMIDADE"],"restricaoPrescricao":["Venda sem Prescrição Médica"],"restricaoUso":[],"destinacao":["Comercial"],"restricaoHospitais":null,"tarja":null,"medicamentoReferencia":"N","apresentacaoFracionada":"N","dataVencimentoRegistro":null,"ativa":false,"tipoAutorizacao":"REGISTRADO","inativa":true,"emAnalise":false}],"rotulos":[],"anexoRotulos":[],"tipoAutorizacao":"REGISTRADO"}