{"codigoProduto":554252,"tipoProduto":1,"dataProduto":"2008-05-05T00:00:00.000-0300","nomeComercial":"SEFENTIL","classesTerapeuticas":["ANALGESICOS NARCOTICOS"],"numeroRegistro":"102350903","dataVencimento":null,"mesAnoVencimento":"052013","codigoParecerPublico":null,"codigoBulaPaciente":null,"codigoBulaProfissional":null,"dataVencimentoRegistro":"2013-05-01T00:00:00.000-0300","principioAtivo":null,"medicamentoReferencia":null,"categoriaRegulatoria":"Similar","classeTerapeutica":null,"atc":null,"processosMedidaCautelar":[],"empresa":{"cnpj":"57507378000365","razaoSocial":"EMS S/A","numeroAutorizacao":"1002351"},"processo":{"numero":"25351038493200867","situacao":29},"apresentacoes":[{"codigo":802348,"apresentacao":"50 MCG / ML SOL INJ CT 5 AMP VD INC X 2 ML ","formasFarmaceuticas":["SOLUÇAO INJETAVEL"],"numero":1,"tonalidade":null,"dataPublicacao":"2008-05-05T00:00:00.000-0300","validade":"24","tipoValidade":"2","registro":"1023509030011","principiosAtivos":["CITRATO DE FENTANILA"],"complemento":null,"embalagemPrimaria":{"tipo":"AMPOLA DE VIDRO TRANSPARENTE","observacao":null},"embalagemSecundaria":{"tipo":"CARTUCHO DE CARTOLINA","observacao":null},"embalagemSecundariaTodas":[{"tipo":"CARTUCHO DE CARTOLINA","observacao":null}],"envoltorios":[],"acessorios":[],"acondicionamento":null,"marcas":[],"fabricantesNacionais":[{"fabricante":"EMS S/A","cnpj":"57507378000365","pais":"BRASIL","uf":"SP","cidade":"HORTOLÂNDIA","etapaFabricacao":null}],"fabricantesInternacionais":[],"viasAdministracao":["INTRAVENOSA"],"ifaUnico":true,"conservacao":["CONSERVAR EM  TEMPERATURA AMBIENTE ( AMBIENTE COM TEMPERATURA ENTRE 15 E 30ºC)","PROTEGER DA LUZ E UMIDADE"],"restricaoPrescricao":[],"restricaoUso":[],"destinacao":["Comercial","Comercial"],"restricaoHospitais":"S","tarja":null,"medicamentoReferencia":"N","apresentacaoFracionada":"N","dataVencimentoRegistro":null,"tipoAutorizacao":"REGISTRADO","ativa":false,"inativa":true,"emAnalise":false},{"codigo":802349,"apresentacao":"50 MCG / ML SOL INJ CT 5 AMP VD INC X 5 ML ","formasFarmaceuticas":["SOLUÇAO INJETAVEL"],"numero":2,"tonalidade":null,"dataPublicacao":"2008-05-05T00:00:00.000-0300","validade":"24","tipoValidade":"2","registro":"1023509030021","principiosAtivos":["CITRATO DE FENTANILA"],"complemento":null,"embalagemPrimaria":{"tipo":"AMPOLA DE VIDRO TRANSPARENTE","observacao":null},"embalagemSecundaria":{"tipo":"CARTUCHO DE CARTOLINA","observacao":null},"embalagemSecundariaTodas":[{"tipo":"CARTUCHO DE CARTOLINA","observacao":null}],"envoltorios":[],"acessorios":[],"acondicionamento":null,"marcas":[],"fabricantesNacionais":[{"fabricante":"EMS S/A","cnpj":"57507378000365","pais":"BRASIL","uf":"SP","cidade":"HORTOLÂNDIA","etapaFabricacao":null}],"fabricantesInternacionais":[],"viasAdministracao":["INTRAVENOSA"],"ifaUnico":true,"conservacao":["CONSERVAR EM  TEMPERATURA AMBIENTE ( AMBIENTE COM TEMPERATURA ENTRE 15 E 30ºC)","PROTEGER DA LUZ E UMIDADE"],"restricaoPrescricao":[],"restricaoUso":[],"destinacao":["Comercial","Comercial"],"restricaoHospitais":"S","tarja":null,"medicamentoReferencia":"N","apresentacaoFracionada":"N","dataVencimentoRegistro":null,"tipoAutorizacao":"REGISTRADO","ativa":false,"inativa":true,"emAnalise":false},{"codigo":802350,"apresentacao":"50 MCG / ML SOL INJ CT 5 AMP VD INC X 10 ML ","formasFarmaceuticas":["SOLUÇAO INJETAVEL"],"numero":3,"tonalidade":null,"dataPublicacao":"2008-05-05T00:00:00.000-0300","validade":"24","tipoValidade":"2","registro":"1023509030038","principiosAtivos":["CITRATO DE FENTANILA"],"complemento":null,"embalagemPrimaria":{"tipo":"AMPOLA DE VIDRO TRANSPARENTE","observacao":null},"embalagemSecundaria":{"tipo":"CARTUCHO DE CARTOLINA","observacao":null},"embalagemSecundariaTodas":[{"tipo":"CARTUCHO DE CARTOLINA","observacao":null}],"envoltorios":[],"acessorios":[],"acondicionamento":null,"marcas":[],"fabricantesNacionais":[{"fabricante":"EMS S/A","cnpj":"57507378000365","pais":"BRASIL","uf":"SP","cidade":"HORTOLÂNDIA","etapaFabricacao":null}],"fabricantesInternacionais":[],"viasAdministracao":["INTRAVENOSA"],"ifaUnico":true,"conservacao":["CONSERVAR EM  TEMPERATURA AMBIENTE ( AMBIENTE COM TEMPERATURA ENTRE 15 E 30ºC)","PROTEGER DA LUZ E UMIDADE"],"restricaoPrescricao":[],"restricaoUso":[],"destinacao":["Comercial","Comercial"],"restricaoHospitais":"S","tarja":null,"medicamentoReferencia":"N","apresentacaoFracionada":"N","dataVencimentoRegistro":null,"tipoAutorizacao":"REGISTRADO","ativa":false,"inativa":true,"emAnalise":false},{"codigo":802351,"apresentacao":"50 MCG / ML SOL INJ CT 25 AMP VD INC X 2 ML ","formasFarmaceuticas":["SOLUÇAO INJETAVEL"],"numero":4,"tonalidade":null,"dataPublicacao":"2008-05-05T00:00:00.000-0300","validade":"24","tipoValidade":"2","registro":"1023509030046","principiosAtivos":["CITRATO DE FENTANILA"],"complemento":null,"embalagemPrimaria":{"tipo":"AMPOLA DE VIDRO TRANSPARENTE","observacao":null},"embalagemSecundaria":{"tipo":"CARTUCHO DE CARTOLINA","observacao":null},"embalagemSecundariaTodas":[{"tipo":"CARTUCHO DE CARTOLINA","observacao":null}],"envoltorios":[],"acessorios":[],"acondicionamento":null,"marcas":[],"fabricantesNacionais":[{"fabricante":"EMS S/A","cnpj":"57507378000365","pais":"BRASIL","uf":"SP","cidade":"HORTOLÂNDIA","etapaFabricacao":null}],"fabricantesInternacionais":[],"viasAdministracao":["INTRAVENOSA"],"ifaUnico":true,"conservacao":["CONSERVAR EM  TEMPERATURA AMBIENTE ( AMBIENTE COM TEMPERATURA ENTRE 15 E 30ºC)","PROTEGER DA LUZ E UMIDADE"],"restricaoPrescricao":[],"restricaoUso":[],"destinacao":["Comercial","Comercial"],"restricaoHospitais":"S","tarja":null,"medicamentoReferencia":"N","apresentacaoFracionada":"N","dataVencimentoRegistro":null,"tipoAutorizacao":"REGISTRADO","ativa":false,"inativa":true,"emAnalise":false},{"codigo":802352,"apresentacao":"50 MCG / ML SOL INJ CT 25 AMP VD INC X 5 ML ","formasFarmaceuticas":["SOLUÇAO INJETAVEL"],"numero":5,"tonalidade":null,"dataPublicacao":"2008-05-05T00:00:00.000-0300","validade":"24","tipoValidade":"2","registro":"1023509030054","principiosAtivos":["CITRATO DE FENTANILA"],"complemento":null,"embalagemPrimaria":{"tipo":"AMPOLA DE VIDRO TRANSPARENTE","observacao":null},"embalagemSecundaria":{"tipo":"CARTUCHO DE CARTOLINA","observacao":null},"embalagemSecundariaTodas":[{"tipo":"CARTUCHO DE CARTOLINA","observacao":null}],"envoltorios":[],"acessorios":[],"acondicionamento":null,"marcas":[],"fabricantesNacionais":[{"fabricante":"EMS S/A","cnpj":"57507378000365","pais":"BRASIL","uf":"SP","cidade":"HORTOLÂNDIA","etapaFabricacao":null}],"fabricantesInternacionais":[],"viasAdministracao":["INTRAVENOSA"],"ifaUnico":true,"conservacao":["CONSERVAR EM  TEMPERATURA AMBIENTE ( AMBIENTE COM TEMPERATURA ENTRE 15 E 30ºC)","PROTEGER DA LUZ E UMIDADE"],"restricaoPrescricao":[],"restricaoUso":[],"destinacao":["Comercial","Comercial"],"restricaoHospitais":"S","tarja":null,"medicamentoReferencia":"N","apresentacaoFracionada":"N","dataVencimentoRegistro":null,"tipoAutorizacao":"REGISTRADO","ativa":false,"inativa":true,"emAnalise":false},{"codigo":802353,"apresentacao":"50 MCG / ML SOL INJ CT 25 AMP VD INC X 10 ML ","formasFarmaceuticas":["SOLUÇAO INJETAVEL"],"numero":6,"tonalidade":null,"dataPublicacao":"2008-05-05T00:00:00.000-0300","validade":"24","tipoValidade":"2","registro":"1023509030062","principiosAtivos":["CITRATO DE FENTANILA"],"complemento":null,"embalagemPrimaria":{"tipo":"AMPOLA DE VIDRO TRANSPARENTE","observacao":null},"embalagemSecundaria":{"tipo":"CARTUCHO DE CARTOLINA","observacao":null},"embalagemSecundariaTodas":[{"tipo":"CARTUCHO DE CARTOLINA","observacao":null}],"envoltorios":[],"acessorios":[],"acondicionamento":null,"marcas":[],"fabricantesNacionais":[{"fabricante":"EMS S/A","cnpj":"57507378000365","pais":"BRASIL","uf":"SP","cidade":"HORTOLÂNDIA","etapaFabricacao":null}],"fabricantesInternacionais":[],"viasAdministracao":["INTRAVENOSA"],"ifaUnico":true,"conservacao":["CONSERVAR EM  TEMPERATURA AMBIENTE ( AMBIENTE COM TEMPERATURA ENTRE 15 E 30ºC)","PROTEGER DA LUZ E UMIDADE"],"restricaoPrescricao":[],"restricaoUso":[],"destinacao":["Comercial","Comercial"],"restricaoHospitais":"S","tarja":null,"medicamentoReferencia":"N","apresentacaoFracionada":"N","dataVencimentoRegistro":null,"tipoAutorizacao":"REGISTRADO","ativa":false,"inativa":true,"emAnalise":false}],"rotulos":[],"anexoRotulos":[],"tipoAutorizacao":"REGISTRADO"}