{"codigoProduto":5890,"tipoProduto":1,"dataProduto":"2000-04-20T00:00:00.000-0300","nomeComercial":"METRONIDAZOL","classesTerapeuticas":["AMEBICIDAS, GIARDICIDAS E TRICOMONICIDAS"],"numeroRegistro":"102350434","dataVencimento":null,"mesAnoVencimento":"042015","codigoParecerPublico":null,"codigoBulaPaciente":"eyJhbGciOiJIUzUxMiJ9.eyJqdGkiOiIyMDA1ODc2IiwibmJmIjoxNzE5NDEwODI4LCJleHAiOjE3MTk0MTExMjh9.hxQXgA1kDuwTusHBKXQ0MxP2Dua1sOp2A-RRICACjKT5yrW5L51LFgbbRGFJ0YqRwCvoo-RJeiVk-gAWvk_Uow","codigoBulaProfissional":"eyJhbGciOiJIUzUxMiJ9.eyJqdGkiOiIyMDA1ODc3IiwibmJmIjoxNzE5NDEwODI4LCJleHAiOjE3MTk0MTExMjh9.QQSVX6R7PZasiSnCtLGCrAx2KPr_T3q94hqGDQjFz4wNgoTYV__6ev9_kG8cVlW3eMgrappU-3uABle1zZYqEQ","dataVencimentoRegistro":"2015-04-01T00:00:00.000-0300","principioAtivo":null,"medicamentoReferencia":"FLAGYL Ginecológico","categoriaRegulatoria":"Genérico","classeTerapeutica":null,"atc":null,"processosMedidaCautelar":[],"empresa":{"cnpj":"57507378000365","razaoSocial":"EMS S/A","numeroAutorizacao":"1002351"},"processo":{"numero":"250000018940012","situacao":29},"apresentacoes":[{"codigo":20727,"apresentacao":"100 MG/G GEL VAG CT BG AL X 50 G + APLIC&nbsp;01","formasFarmaceuticas":["GEL"],"numero":1,"tonalidade":null,"dataPublicacao":"2000-04-20T00:00:00.000-0300","validade":"36","tipoValidade":"2","registro":"1023504340012","principiosAtivos":["METRONIDAZOL"],"complemento":null,"embalagemPrimaria":{"tipo":"BISNAGA DE ALUMINIO","observacao":null},"embalagemSecundaria":{"tipo":"CARTUCHO DE CARTOLINA","observacao":null},"embalagemSecundariaTodas":[{"tipo":"CARTUCHO DE CARTOLINA","observacao":null}],"envoltorios":[],"acessorios":[],"acondicionamento":null,"marcas":[],"fabricantesNacionais":[{"fabricante":"EMS S/A","cnpj":"57507378000101","pais":"BRASIL","uf":"SP","cidade":"SÃO BERNARDO DO CAMPO","etapaFabricacao":null}],"fabricantesInternacionais":[],"viasAdministracao":["TOPICA"],"ifaUnico":true,"conservacao":["CONSERVAR EM  TEMPERATURA AMBIENTE ( AMBIENTE COM TEMPERATURA ENTRE 15 E 30ºC)","PROTEGER DA LUZ E UMIDADE"],"restricaoPrescricao":["Venda sob Prescrição Médica"],"restricaoUso":[],"destinacao":["Comercial"],"restricaoHospitais":null,"tarja":null,"medicamentoReferencia":"N","apresentacaoFracionada":"N","dataVencimentoRegistro":null,"tipoAutorizacao":"REGISTRADO","ativa":false,"inativa":true,"emAnalise":false},{"codigo":20726,"apresentacao":"100 MG/G GEL VAG CT 25 BG AL X 50 G + 25 APLIC","formasFarmaceuticas":["GEL"],"numero":2,"tonalidade":null,"dataPublicacao":"2000-04-20T00:00:00.000-0300","validade":"36","tipoValidade":"2","registro":"1023504340020","principiosAtivos":["METRONIDAZOL"],"complemento":null,"embalagemPrimaria":{"tipo":"BISNAGA DE ALUMINIO","observacao":null},"embalagemSecundaria":{"tipo":"CARTUCHO DE CARTOLINA","observacao":null},"embalagemSecundariaTodas":[{"tipo":"CARTUCHO DE CARTOLINA","observacao":null}],"envoltorios":[],"acessorios":[],"acondicionamento":null,"marcas":[],"fabricantesNacionais":[{"fabricante":"EMS S/A","cnpj":"57507378000101","pais":"BRASIL","uf":"SP","cidade":"SÃO BERNARDO DO CAMPO","etapaFabricacao":null}],"fabricantesInternacionais":[],"viasAdministracao":["TOPICA"],"ifaUnico":true,"conservacao":["CONSERVAR EM  TEMPERATURA AMBIENTE ( AMBIENTE COM TEMPERATURA ENTRE 15 E 30ºC)","PROTEGER DA LUZ E UMIDADE"],"restricaoPrescricao":["Venda sob Prescrição Médica"],"restricaoUso":[],"destinacao":["Comercial"],"restricaoHospitais":null,"tarja":null,"medicamentoReferencia":"N","apresentacaoFracionada":"N","dataVencimentoRegistro":null,"tipoAutorizacao":"REGISTRADO","ativa":false,"inativa":true,"emAnalise":false},{"codigo":1138264,"apresentacao":"100 MG/G GEL VAG CT BG AL X 50 G + 10 APLIC ","formasFarmaceuticas":["GEL"],"numero":3,"tonalidade":null,"dataPublicacao":"2000-04-20T00:00:00.000-0300","validade":"36","tipoValidade":"2","registro":"1023504340039","principiosAtivos":["METRONIDAZOL"],"complemento":null,"embalagemPrimaria":{"tipo":"BISNAGA DE ALUMINIO","observacao":null},"embalagemSecundaria":{"tipo":"CARTUCHO DE CARTOLINA","observacao":null},"embalagemSecundariaTodas":[{"tipo":"CARTUCHO DE CARTOLINA","observacao":null}],"envoltorios":[],"acessorios":[],"acondicionamento":null,"marcas":[],"fabricantesNacionais":[{"fabricante":"EMS S/A","cnpj":"57507378000365","pais":"BRASIL","uf":"SP","cidade":"HORTOLÂNDIA","etapaFabricacao":null}],"fabricantesInternacionais":[],"viasAdministracao":["TOPICA"],"ifaUnico":true,"conservacao":["CONSERVAR EM  TEMPERATURA AMBIENTE ( AMBIENTE COM TEMPERATURA ENTRE 15 E 30ºC)","PROTEGER DA LUZ E UMIDADE"],"restricaoPrescricao":["Venda sob Prescrição Médica"],"restricaoUso":[],"destinacao":["Comercial"],"restricaoHospitais":null,"tarja":null,"medicamentoReferencia":"N","apresentacaoFracionada":"N","dataVencimentoRegistro":null,"tipoAutorizacao":"REGISTRADO","ativa":false,"inativa":true,"emAnalise":false}],"rotulos":[],"anexoRotulos":[],"tipoAutorizacao":"REGISTRADO"}