{"codigoProduto":6232,"tipoProduto":1,"dataProduto":"1997-05-08T00:00:00.000-0300","nomeComercial":"NITRATO DE ISOCONAZOL","classesTerapeuticas":["ANTIMICOTICOS PARA USO TOPICO","ANTIMICOTICO"],"numeroRegistro":"102350395","dataVencimento":null,"mesAnoVencimento":"052002","codigoParecerPublico":null,"codigoBulaPaciente":null,"codigoBulaProfissional":null,"dataVencimentoRegistro":"2002-05-01T00:00:00.000-0300","principioAtivo":null,"medicamentoReferencia":null,"categoriaRegulatoria":"Similar","classeTerapeutica":null,"atc":null,"processosMedidaCautelar":[],"empresa":{"cnpj":"57507378000365","razaoSocial":"EMS S/A","numeroAutorizacao":"1002351"},"processo":{"numero":"250000043269761","situacao":29},"apresentacoes":[{"codigo":21946,"apresentacao":"10 MG/G CREM DERM CT TB AL X 20 G","formasFarmaceuticas":["CREME DERMATOLOGICO"],"numero":1,"tonalidade":null,"dataPublicacao":"1997-05-08T00:00:00.000-0300","validade":"24","tipoValidade":"2","registro":"1023503950011","principiosAtivos":[],"complemento":"ISOCONAL","embalagemPrimaria":{"tipo":"TUBO DE ALUMINIO","observacao":null},"embalagemSecundaria":{"tipo":"CARTUCHO DE CARTOLINA","observacao":null},"embalagemSecundariaTodas":[{"tipo":"CARTUCHO DE CARTOLINA","observacao":null}],"envoltorios":[],"acessorios":[],"acondicionamento":null,"marcas":[],"fabricantesNacionais":[],"fabricantesInternacionais":[],"viasAdministracao":[],"ifaUnico":false,"conservacao":[],"restricaoPrescricao":["Venda sob Prescrição Médica"],"restricaoUso":[],"destinacao":["Institucional"],"restricaoHospitais":null,"tarja":null,"medicamentoReferencia":"N","apresentacaoFracionada":"N","dataVencimentoRegistro":null,"tipoAutorizacao":"REGISTRADO","ativa":false,"inativa":true,"emAnalise":false},{"codigo":21948,"apresentacao":"10 MG/G SOL TOP CT FR PLAS OPC GOT X 20 ML","formasFarmaceuticas":["SOLUÇAO TOPICA"],"numero":2,"tonalidade":null,"dataPublicacao":"1997-05-08T00:00:00.000-0300","validade":"24","tipoValidade":"2","registro":"1023503950021","principiosAtivos":[],"complemento":"ISOCONAL","embalagemPrimaria":{"tipo":"FRASCO DE PLASTICO OPACO GOTEJADOR","observacao":null},"embalagemSecundaria":{"tipo":"CARTUCHO DE CARTOLINA","observacao":null},"embalagemSecundariaTodas":[{"tipo":"CARTUCHO DE CARTOLINA","observacao":null}],"envoltorios":[],"acessorios":[],"acondicionamento":null,"marcas":[],"fabricantesNacionais":[],"fabricantesInternacionais":[],"viasAdministracao":[],"ifaUnico":false,"conservacao":[],"restricaoPrescricao":["Venda sob Prescrição Médica"],"restricaoUso":[],"destinacao":["Institucional"],"restricaoHospitais":null,"tarja":null,"medicamentoReferencia":"N","apresentacaoFracionada":"N","dataVencimentoRegistro":null,"tipoAutorizacao":"REGISTRADO","ativa":false,"inativa":true,"emAnalise":false},{"codigo":21949,"apresentacao":"10 MG/G SOL TOP CT FR PLAS OPC SPR X 30 ML","formasFarmaceuticas":["SOLUÇAO TOPICA"],"numero":3,"tonalidade":null,"dataPublicacao":"1997-05-08T00:00:00.000-0300","validade":"24","tipoValidade":"2","registro":"1023503950038","principiosAtivos":[],"complemento":"ISOCONAL","embalagemPrimaria":{"tipo":"FRASCO DE PLASTICO OPACO GOTEJADOR","observacao":null},"embalagemSecundaria":{"tipo":"CARTUCHO DE CARTOLINA","observacao":null},"embalagemSecundariaTodas":[{"tipo":"CARTUCHO DE CARTOLINA","observacao":null}],"envoltorios":[],"acessorios":[],"acondicionamento":null,"marcas":[],"fabricantesNacionais":[],"fabricantesInternacionais":[],"viasAdministracao":[],"ifaUnico":false,"conservacao":[],"restricaoPrescricao":["Venda sob Prescrição Médica"],"restricaoUso":[],"destinacao":["Institucional"],"restricaoHospitais":null,"tarja":null,"medicamentoReferencia":"N","apresentacaoFracionada":"N","dataVencimentoRegistro":null,"tipoAutorizacao":"REGISTRADO","ativa":false,"inativa":true,"emAnalise":false},{"codigo":21947,"apresentacao":"10 MG/G CREM VAG CT TB AL X 20 G + 7 APLIC (GINECOLOGICO)","formasFarmaceuticas":["CREME VAGINAL"],"numero":4,"tonalidade":null,"dataPublicacao":"1997-05-08T00:00:00.000-0300","validade":"24","tipoValidade":"2","registro":"1023503950046","principiosAtivos":[],"complemento":"ISOCONAL","embalagemPrimaria":{"tipo":"TUBO DE ALUMINIO","observacao":null},"embalagemSecundaria":{"tipo":"CARTUCHO DE CARTOLINA","observacao":null},"embalagemSecundariaTodas":[{"tipo":"CARTUCHO DE CARTOLINA","observacao":null}],"envoltorios":[],"acessorios":[],"acondicionamento":null,"marcas":[],"fabricantesNacionais":[],"fabricantesInternacionais":[],"viasAdministracao":[],"ifaUnico":false,"conservacao":[],"restricaoPrescricao":["Venda sob Prescrição Médica"],"restricaoUso":[],"destinacao":["Institucional"],"restricaoHospitais":null,"tarja":null,"medicamentoReferencia":"N","apresentacaoFracionada":"N","dataVencimentoRegistro":null,"tipoAutorizacao":"REGISTRADO","ativa":false,"inativa":true,"emAnalise":false},{"codigo":21950,"apresentacao":"600 MG OVL CT BL PLAS OPC X 1 + 2 DEDEIRAS (GINECOLOGICO)","formasFarmaceuticas":["OVULO"],"numero":5,"tonalidade":null,"dataPublicacao":"1997-05-08T00:00:00.000-0300","validade":"24","tipoValidade":"2","registro":"1023503950054","principiosAtivos":[],"complemento":"ISOCONAL","embalagemPrimaria":null,"embalagemSecundaria":{"tipo":"CARTUCHO DE CARTOLINA","observacao":null},"embalagemSecundariaTodas":[{"tipo":"CARTUCHO DE CARTOLINA","observacao":null}],"envoltorios":[],"acessorios":[],"acondicionamento":null,"marcas":[],"fabricantesNacionais":[],"fabricantesInternacionais":[],"viasAdministracao":[],"ifaUnico":false,"conservacao":[],"restricaoPrescricao":["Venda sob Prescrição Médica"],"restricaoUso":[],"destinacao":["Institucional"],"restricaoHospitais":null,"tarja":null,"medicamentoReferencia":"N","apresentacaoFracionada":"N","dataVencimentoRegistro":null,"tipoAutorizacao":"REGISTRADO","ativa":false,"inativa":true,"emAnalise":false}],"rotulos":[],"anexoRotulos":[],"tipoAutorizacao":"REGISTRADO"}