{"codigoProduto":6996,"tipoProduto":1,"dataProduto":"1998-10-02T00:00:00.000-0300","nomeComercial":"POLIVITAMINAS E MINERAIS","classesTerapeuticas":["POLIVITAMINICOS COM MINERAIS"],"numeroRegistro":"102350415","dataVencimento":null,"mesAnoVencimento":"102003","codigoParecerPublico":null,"codigoBulaPaciente":null,"codigoBulaProfissional":null,"dataVencimentoRegistro":"2003-10-01T00:00:00.000-0300","principioAtivo":null,"medicamentoReferencia":null,"categoriaRegulatoria":"Similar","classeTerapeutica":null,"atc":null,"processosMedidaCautelar":[],"empresa":{"cnpj":"57507378000365","razaoSocial":"EMS S/A","numeroAutorizacao":"1002351"},"processo":{"numero":"250000363099611","situacao":29},"apresentacoes":[{"codigo":24287,"apresentacao":"COM REV CT FR PLAS OPC X 30","formasFarmaceuticas":["COMPRIMIDO REVESTIDO (ENGLOBADO)"],"numero":1,"tonalidade":null,"dataPublicacao":"1998-10-02T00:00:00.000-0300","validade":"24","tipoValidade":"2","registro":"1023504150019","principiosAtivos":[],"complemento":"BIOVITAL AS","embalagemPrimaria":{"tipo":"FRASCO DE PLASTICO OPACO","observacao":null},"embalagemSecundaria":{"tipo":"CARTUCHO DE CARTOLINA","observacao":null},"embalagemSecundariaTodas":[{"tipo":"CARTUCHO DE CARTOLINA","observacao":null}],"envoltorios":[],"acessorios":[],"acondicionamento":null,"marcas":[],"fabricantesNacionais":[],"fabricantesInternacionais":[],"viasAdministracao":[],"ifaUnico":false,"conservacao":[],"restricaoPrescricao":["Venda sem Prescrição Médica"],"restricaoUso":[],"destinacao":["Institucional"],"restricaoHospitais":null,"tarja":null,"medicamentoReferencia":"N","apresentacaoFracionada":"N","dataVencimentoRegistro":null,"ativa":false,"tipoAutorizacao":"REGISTRADO","emAnalise":false,"inativa":true}],"rotulos":[],"anexoRotulos":[],"tipoAutorizacao":"REGISTRADO"}