{"codigoProduto":141038,"tipoProduto":1,"dataProduto":"2002-09-11T00:00:00.000-0300","nomeComercial":"CEFALEXINA","classesTerapeuticas":["CEFALOSPORINAS"],"numeroRegistro":"102350553","dataVencimento":null,"mesAnoVencimento":"092027","codigoParecerPublico":null,"codigoBulaPaciente":"eyJhbGciOiJIUzUxMiJ9.eyJqdGkiOiIyMjc1ODYxNyIsIm5iZiI6MTcxOTQwOTQxNywiZXhwIjoxNzE5NDA5NzE3fQ.llYBsM7BIf2FOeqivgdHr2LqogKzwVzlvTw6x6puCZ1lOtn7gGVVGACjYpaNx-pW1q5tbBFmSrfrnmBS5XW32g","codigoBulaProfissional":"eyJhbGciOiJIUzUxMiJ9.eyJqdGkiOiIyMjc1ODYxOCIsIm5iZiI6MTcxOTQwOTQxNywiZXhwIjoxNzE5NDA5NzE3fQ.g00laD2NDEGJIFvT1vMTCtaEWLRRXQQUggiiVGB3_JWJ5TCVyzEcHnQpRENiQ8nYriH65YargdRcrE51bezprw","dataVencimentoRegistro":"2027-09-01T00:00:00.000-0300","principioAtivo":"CEFALEXINA","medicamentoReferencia":"Keflex","categoriaRegulatoria":"Genérico","classeTerapeutica":null,"atc":null,"processosMedidaCautelar":[],"empresa":{"cnpj":"57507378000365","razaoSocial":"EMS S/A","numeroAutorizacao":"1002351"},"processo":{"numero":"253510287300152","situacao":29},"apresentacoes":[{"codigo":204751,"apresentacao":"50 MG/ML SUS OR CT FR VD AMB X 100 ML + COP","formasFarmaceuticas":["SUSPENSAO ORAL"],"numero":2,"tonalidade":null,"dataPublicacao":"2002-09-11T00:00:00.000-0300","validade":"24","tipoValidade":"2","registro":"1023505530028","principiosAtivos":["CEFALEXINA"],"complemento":null,"embalagemPrimaria":{"tipo":"FRASCO DE VIDRO AMBAR","observacao":null},"embalagemSecundaria":{"tipo":"CARTUCHO DE CARTOLINA","observacao":null},"embalagemSecundariaTodas":[{"tipo":"CARTUCHO DE CARTOLINA","observacao":null}],"envoltorios":[],"acessorios":[],"acondicionamento":null,"marcas":[],"fabricantesNacionais":[{"fabricante":"NOVA QUIMICA FARMACÊUTICA S/A","cnpj":"72593791000111","pais":"BRASIL","uf":"SP","cidade":"HORTOLÂNDIA","etapaFabricacao":null},{"fabricante":"EMS S/A","cnpj":"57507378000608","pais":"BRASIL","uf":"DF","cidade":"SANTA MARIA","etapaFabricacao":"Processo produtivo completo "}],"fabricantesInternacionais":[],"viasAdministracao":["ORAL 1"],"ifaUnico":true,"conservacao":["CONSERVAR EM  TEMPERATURA AMBIENTE ( AMBIENTE COM TEMPERATURA ENTRE 15 E 30ºC)","PROTEGER DA LUZ E UMIDADE"],"restricaoPrescricao":["Venda sob prescrição médica com retenção de receita"],"restricaoUso":["Adulto e Pediátrico"],"destinacao":["Comercial"],"restricaoHospitais":"N","tarja":"Vermelha sob restrição","medicamentoReferencia":"N","apresentacaoFracionada":"N","dataVencimentoRegistro":null,"tipoAutorizacao":"REGISTRADO","ativa":true,"inativa":false,"emAnalise":false},{"codigo":204750,"apresentacao":"50 MG/ML SUS OR CT FR VD AMB X 60 ML + COP","formasFarmaceuticas":["SUSPENSAO ORAL"],"numero":1,"tonalidade":null,"dataPublicacao":"2002-09-11T00:00:00.000-0300","validade":"24","tipoValidade":"2","registro":"1023505530011","principiosAtivos":["CEFALEXINA"],"complemento":null,"embalagemPrimaria":{"tipo":"FRASCO DE VIDRO AMBAR","observacao":null},"embalagemSecundaria":{"tipo":"CARTUCHO DE CARTOLINA","observacao":null},"embalagemSecundariaTodas":[{"tipo":"CARTUCHO DE CARTOLINA","observacao":null}],"envoltorios":[],"acessorios":[],"acondicionamento":null,"marcas":[],"fabricantesNacionais":[{"fabricante":"NOVA QUIMICA FARMACÊUTICA S/A","cnpj":"72593791000111","pais":"BRASIL","uf":"SP","cidade":"HORTOLÂNDIA","etapaFabricacao":null}],"fabricantesInternacionais":[],"viasAdministracao":["ORAL 1"],"ifaUnico":true,"conservacao":["CONSERVAR EM  TEMPERATURA AMBIENTE ( AMBIENTE COM TEMPERATURA ENTRE 15 E 30ºC)","PROTEGER DA LUZ E UMIDADE"],"restricaoPrescricao":["Venda sob prescrição médica com retenção de receita"],"restricaoUso":["Adulto e Pediátrico"],"destinacao":["Comercial"],"restricaoHospitais":"N","tarja":"Vermelha sob restrição","medicamentoReferencia":"N","apresentacaoFracionada":"N","dataVencimentoRegistro":null,"tipoAutorizacao":"REGISTRADO","ativa":false,"inativa":true,"emAnalise":false}],"rotulos":[],"anexoRotulos":[],"tipoAutorizacao":"REGISTRADO"}