{"codigoProduto":7653,"tipoProduto":1,"dataProduto":"2000-04-20T00:00:00.000-0300","nomeComercial":"SULFATO DE GENTAMICINA","classesTerapeuticas":["AMINOGLICOSIDEOS"],"numeroRegistro":"102350437","dataVencimento":null,"mesAnoVencimento":"042005","codigoParecerPublico":null,"codigoBulaPaciente":null,"codigoBulaProfissional":null,"dataVencimentoRegistro":"2005-04-01T00:00:00.000-0300","principioAtivo":null,"medicamentoReferencia":"GARAMICINA","categoriaRegulatoria":"Genérico","classeTerapeutica":null,"atc":null,"processosMedidaCautelar":[],"empresa":{"cnpj":"57507378000365","razaoSocial":"EMS S/A","numeroAutorizacao":"1002351"},"processo":{"numero":"250000545789957","situacao":29},"apresentacoes":[{"codigo":26568,"apresentacao":"40 MG/ML SOL INJ CT 2 AMP VD INC X 2 ML","formasFarmaceuticas":["SOLUÇAO INJETAVEL"],"numero":1,"tonalidade":null,"dataPublicacao":"2000-04-20T00:00:00.000-0300","validade":"24","tipoValidade":"2","registro":"1023504370019","principiosAtivos":["SULFATO DE GENTAMICINA"],"complemento":null,"embalagemPrimaria":null,"embalagemSecundaria":{"tipo":"CARTUCHO DE CARTOLINA","observacao":null},"embalagemSecundariaTodas":[{"tipo":"CARTUCHO DE CARTOLINA","observacao":null},{"tipo":"AMPOLA DE VIDRO TRANSPARENTE","observacao":null}],"envoltorios":[],"acessorios":[],"acondicionamento":null,"marcas":[],"fabricantesNacionais":[],"fabricantesInternacionais":[],"viasAdministracao":["INTRAVENOSA"],"ifaUnico":true,"conservacao":["CONSERVAR EM  TEMPERATURA AMBIENTE ( AMBIENTE COM TEMPERATURA ENTRE 15 E 30ºC)","PROTEGER DA LUZ E UMIDADE"],"restricaoPrescricao":["Venda sob Prescrição Médica"],"restricaoUso":[],"destinacao":["Comercial"],"restricaoHospitais":null,"tarja":null,"medicamentoReferencia":"N","apresentacaoFracionada":"N","dataVencimentoRegistro":null,"inativa":true,"emAnalise":false,"tipoAutorizacao":"REGISTRADO","ativa":false},{"codigo":26570,"apresentacao":"80 MG/ML SOL INJ CT 10 AMP VD INC X 2 ML","formasFarmaceuticas":["SOLUÇAO INJETAVEL"],"numero":2,"tonalidade":null,"dataPublicacao":"2000-04-20T00:00:00.000-0300","validade":"24","tipoValidade":"2","registro":"1023504370027","principiosAtivos":[],"complemento":null,"embalagemPrimaria":{"tipo":"AMPOLA DE VIDRO AMBAR","observacao":null},"embalagemSecundaria":{"tipo":"CARTUCHO DE CARTOLINA","observacao":null},"embalagemSecundariaTodas":[{"tipo":"CARTUCHO DE CARTOLINA","observacao":null}],"envoltorios":[],"acessorios":[],"acondicionamento":null,"marcas":[],"fabricantesNacionais":[],"fabricantesInternacionais":[],"viasAdministracao":["INTRAVENOSA"],"ifaUnico":false,"conservacao":[],"restricaoPrescricao":["Venda sob Prescrição Médica"],"restricaoUso":[],"destinacao":["Comercial"],"restricaoHospitais":null,"tarja":null,"medicamentoReferencia":"N","apresentacaoFracionada":"N","dataVencimentoRegistro":null,"inativa":true,"emAnalise":false,"tipoAutorizacao":"REGISTRADO","ativa":false},{"codigo":26567,"apresentacao":"140 MG/ML SOL INJ CT AMP VD INC X 2 ML","formasFarmaceuticas":["SOLUÇAO INJETAVEL"],"numero":3,"tonalidade":null,"dataPublicacao":"2000-04-20T00:00:00.000-0300","validade":"24","tipoValidade":"2","registro":"1023504370035","principiosAtivos":["SULFATO DE GENTAMICINA"],"complemento":null,"embalagemPrimaria":null,"embalagemSecundaria":{"tipo":"CARTUCHO DE CARTOLINA","observacao":null},"embalagemSecundariaTodas":[{"tipo":"CARTUCHO DE CARTOLINA","observacao":null},{"tipo":"AMPOLA DE VIDRO TRANSPARENTE","observacao":null}],"envoltorios":[],"acessorios":[],"acondicionamento":null,"marcas":[],"fabricantesNacionais":[],"fabricantesInternacionais":[],"viasAdministracao":["INTRAVENOSA"],"ifaUnico":true,"conservacao":["CONSERVAR EM  TEMPERATURA AMBIENTE ( AMBIENTE COM TEMPERATURA ENTRE 15 E 30ºC)","PROTEGER DA LUZ E UMIDADE"],"restricaoPrescricao":["Venda sob Prescrição Médica"],"restricaoUso":[],"destinacao":["Comercial"],"restricaoHospitais":null,"tarja":null,"medicamentoReferencia":"N","apresentacaoFracionada":"N","dataVencimentoRegistro":null,"inativa":true,"emAnalise":false,"tipoAutorizacao":"REGISTRADO","ativa":false},{"codigo":26569,"apresentacao":"40 MG/ML SOL INJ CT 50 AMP VD INC X 2 ML","formasFarmaceuticas":["SOLUÇAO INJETAVEL"],"numero":4,"tonalidade":null,"dataPublicacao":"2000-04-20T00:00:00.000-0300","validade":"24","tipoValidade":"2","registro":"1023504370043","principiosAtivos":["SULFATO DE GENTAMICINA"],"complemento":null,"embalagemPrimaria":null,"embalagemSecundaria":{"tipo":"CARTUCHO DE CARTOLINA","observacao":null},"embalagemSecundariaTodas":[{"tipo":"CARTUCHO DE CARTOLINA","observacao":null},{"tipo":"AMPOLA DE VIDRO TRANSPARENTE","observacao":null}],"envoltorios":[],"acessorios":[],"acondicionamento":null,"marcas":[],"fabricantesNacionais":[],"fabricantesInternacionais":[],"viasAdministracao":["INTRAVENOSA"],"ifaUnico":true,"conservacao":["CONSERVAR EM  TEMPERATURA AMBIENTE ( AMBIENTE COM TEMPERATURA ENTRE 15 E 30ºC)","PROTEGER DA LUZ E UMIDADE"],"restricaoPrescricao":["Venda sob Prescrição Médica"],"restricaoUso":[],"destinacao":["Comercial"],"restricaoHospitais":null,"tarja":null,"medicamentoReferencia":"N","apresentacaoFracionada":"N","dataVencimentoRegistro":null,"inativa":true,"emAnalise":false,"tipoAutorizacao":"REGISTRADO","ativa":false},{"codigo":26571,"apresentacao":"80 MG/ML SOL INJ CT AMP VD INC X 2 ML","formasFarmaceuticas":["SOLUÇAO INJETAVEL"],"numero":5,"tonalidade":null,"dataPublicacao":"2000-04-20T00:00:00.000-0300","validade":"24","tipoValidade":"2","registro":"1023504370051","principiosAtivos":[],"complemento":null,"embalagemPrimaria":{"tipo":"AMPOLA DE VIDRO AMBAR","observacao":null},"embalagemSecundaria":{"tipo":"CARTUCHO DE CARTOLINA","observacao":null},"embalagemSecundariaTodas":[{"tipo":"CARTUCHO DE CARTOLINA","observacao":null}],"envoltorios":[],"acessorios":[],"acondicionamento":null,"marcas":[],"fabricantesNacionais":[],"fabricantesInternacionais":[],"viasAdministracao":["IMPLANTE OSSEO"],"ifaUnico":false,"conservacao":[],"restricaoPrescricao":["Venda sob Prescrição Médica"],"restricaoUso":[],"destinacao":["Comercial"],"restricaoHospitais":null,"tarja":null,"medicamentoReferencia":"N","apresentacaoFracionada":"N","dataVencimentoRegistro":null,"inativa":true,"emAnalise":false,"tipoAutorizacao":"REGISTRADO","ativa":false},{"codigo":26566,"apresentacao":"140 MG/ML SOL INJ CT 10 AMP VD INC X 2 ML","formasFarmaceuticas":["SOLUÇAO INJETAVEL"],"numero":6,"tonalidade":null,"dataPublicacao":"2000-04-20T00:00:00.000-0300","validade":"24","tipoValidade":"2","registro":"1023504370061","principiosAtivos":["SULFATO DE GENTAMICINA"],"complemento":null,"embalagemPrimaria":null,"embalagemSecundaria":{"tipo":"CARTUCHO DE CARTOLINA","observacao":null},"embalagemSecundariaTodas":[{"tipo":"CARTUCHO DE CARTOLINA","observacao":null},{"tipo":"AMPOLA DE VIDRO TRANSPARENTE","observacao":null}],"envoltorios":[],"acessorios":[],"acondicionamento":null,"marcas":[],"fabricantesNacionais":[],"fabricantesInternacionais":[],"viasAdministracao":["INTRAVENOSA"],"ifaUnico":true,"conservacao":["CONSERVAR EM  TEMPERATURA AMBIENTE ( AMBIENTE COM TEMPERATURA ENTRE 15 E 30ºC)","PROTEGER DA LUZ E UMIDADE"],"restricaoPrescricao":["Venda sob Prescrição Médica"],"restricaoUso":[],"destinacao":["Comercial"],"restricaoHospitais":null,"tarja":null,"medicamentoReferencia":"N","apresentacaoFracionada":"N","dataVencimentoRegistro":null,"inativa":true,"emAnalise":false,"tipoAutorizacao":"REGISTRADO","ativa":false}],"rotulos":[],"anexoRotulos":[],"tipoAutorizacao":"REGISTRADO"}