{"codigoProduto":1141395,"tipoProduto":1,"dataProduto":"2017-01-09T00:00:00.000-0300","nomeComercial":"TIBOCLIN","classesTerapeuticas":["OUTROS PRODUTOS PARA USO EM GINECOLOGIA E OBSTETRICIA"],"numeroRegistro":"102351186","dataVencimento":null,"mesAnoVencimento":"012027","codigoParecerPublico":null,"codigoBulaPaciente":"eyJhbGciOiJIUzUxMiJ9.eyJqdGkiOiIxNzQ2MDQ0MiIsIm5iZiI6MTcxOTQxMjc3NiwiZXhwIjoxNzE5NDEzMDc2fQ.vMqgUwZ-oaHNAzSQOMAK4xUBtBdJA9GIAop0uEV2bAAHjrLFDf5Br42JIpOhUJTjKCH6ipwiY5ZedmTcUlEx_A","codigoBulaProfissional":"eyJhbGciOiJIUzUxMiJ9.eyJqdGkiOiIxNzQ2MDQ0MyIsIm5iZiI6MTcxOTQxMjc3NiwiZXhwIjoxNzE5NDEzMDc2fQ.2gMgey-7NWVLdRpb1J0iy5s7xO8iEGs86CzDePRUDuwN_4aaDKPFFZluQB1C9dxdjDIhxOoOo0b22mqDS7vHbA","dataVencimentoRegistro":"2027-01-01T00:00:00.000-0300","principioAtivo":"TIBOLONA","medicamentoReferencia":"LIVIAL","categoriaRegulatoria":"Similar","classeTerapeutica":null,"atc":null,"processosMedidaCautelar":[],"empresa":{"cnpj":"57507378000365","razaoSocial":"EMS S/A","numeroAutorizacao":"1002351"},"processo":{"numero":"25351409020201669","situacao":29},"apresentacoes":[{"codigo":1687527,"apresentacao":"2,5 MG COM CT BL AL PLAS OPC X 15","formasFarmaceuticas":["COMPRIMIDO SIMPLES"],"numero":1,"tonalidade":null,"dataPublicacao":"2017-01-09T00:00:00.000-0300","validade":"24","tipoValidade":"2","registro":"1023511860018","principiosAtivos":["TIBOLONA"],"complemento":null,"embalagemPrimaria":{"tipo":"BLISTER DE ALUMINIO/PLASTICO OPACO","observacao":null},"embalagemSecundaria":{"tipo":"CARTUCHO DE CARTOLINA","observacao":null},"embalagemSecundariaTodas":[{"tipo":"CARTUCHO DE CARTOLINA","observacao":null}],"envoltorios":[],"acessorios":[],"acondicionamento":null,"marcas":[],"fabricantesNacionais":[{"fabricante":"EMS S/A","cnpj":"57507378000608","pais":"BRASIL","uf":"DF","cidade":"SANTA MARIA","etapaFabricacao":null}],"fabricantesInternacionais":[],"viasAdministracao":["ORAL"],"ifaUnico":true,"conservacao":["CONSERVAR EM  TEMPERATURA AMBIENTE ( AMBIENTE COM TEMPERATURA ENTRE 15 E 30ºC)","PROTEGER DA LUZ E UMIDADE"],"restricaoPrescricao":["Venda sob Prescrição Médica"],"restricaoUso":[],"destinacao":["Comercial"],"restricaoHospitais":null,"tarja":null,"medicamentoReferencia":"N","apresentacaoFracionada":"N","dataVencimentoRegistro":null,"tipoAutorizacao":"REGISTRADO","ativa":true,"inativa":false,"emAnalise":false},{"codigo":1687528,"apresentacao":"2,5 MG COM CT BL AL PLAS OPC X 30","formasFarmaceuticas":["COMPRIMIDO SIMPLES"],"numero":2,"tonalidade":null,"dataPublicacao":"2017-01-09T00:00:00.000-0300","validade":"24","tipoValidade":"2","registro":"1023511860026","principiosAtivos":["TIBOLONA"],"complemento":null,"embalagemPrimaria":{"tipo":"BLISTER DE ALUMINIO/PLASTICO OPACO","observacao":null},"embalagemSecundaria":{"tipo":"CARTUCHO DE CARTOLINA","observacao":null},"embalagemSecundariaTodas":[{"tipo":"CARTUCHO DE CARTOLINA","observacao":null}],"envoltorios":[],"acessorios":[],"acondicionamento":null,"marcas":[],"fabricantesNacionais":[{"fabricante":"EMS S/A","cnpj":"57507378000608","pais":"BRASIL","uf":"DF","cidade":"SANTA MARIA","etapaFabricacao":null}],"fabricantesInternacionais":[],"viasAdministracao":["ORAL"],"ifaUnico":true,"conservacao":["CONSERVAR EM  TEMPERATURA AMBIENTE ( AMBIENTE COM TEMPERATURA ENTRE 15 E 30ºC)","PROTEGER DA LUZ E UMIDADE"],"restricaoPrescricao":["Venda sob Prescrição Médica"],"restricaoUso":[],"destinacao":["Comercial"],"restricaoHospitais":null,"tarja":null,"medicamentoReferencia":"N","apresentacaoFracionada":"N","dataVencimentoRegistro":null,"tipoAutorizacao":"REGISTRADO","ativa":true,"inativa":false,"emAnalise":false},{"codigo":1687529,"apresentacao":"2,5 MG COM CT BL AL PLAS OPC X 60","formasFarmaceuticas":["COMPRIMIDO SIMPLES"],"numero":3,"tonalidade":null,"dataPublicacao":"2017-01-09T00:00:00.000-0300","validade":"24","tipoValidade":"2","registro":"1023511860034","principiosAtivos":["TIBOLONA"],"complemento":null,"embalagemPrimaria":{"tipo":"BLISTER DE ALUMINIO/PLASTICO OPACO","observacao":null},"embalagemSecundaria":{"tipo":"CARTUCHO DE CARTOLINA","observacao":null},"embalagemSecundariaTodas":[{"tipo":"CARTUCHO DE CARTOLINA","observacao":null}],"envoltorios":[],"acessorios":[],"acondicionamento":null,"marcas":[],"fabricantesNacionais":[{"fabricante":"EMS S/A","cnpj":"57507378000608","pais":"BRASIL","uf":"DF","cidade":"SANTA MARIA","etapaFabricacao":null}],"fabricantesInternacionais":[],"viasAdministracao":["ORAL"],"ifaUnico":true,"conservacao":["CONSERVAR EM  TEMPERATURA AMBIENTE ( AMBIENTE COM TEMPERATURA ENTRE 15 E 30ºC)","PROTEGER DA LUZ E UMIDADE"],"restricaoPrescricao":["Venda sob Prescrição Médica"],"restricaoUso":[],"destinacao":["Comercial"],"restricaoHospitais":null,"tarja":null,"medicamentoReferencia":"N","apresentacaoFracionada":"N","dataVencimentoRegistro":null,"tipoAutorizacao":"REGISTRADO","ativa":true,"inativa":false,"emAnalise":false},{"codigo":1687530,"apresentacao":"2,5 MG COM CT BL AL PLAS OPC X 90","formasFarmaceuticas":["COMPRIMIDO SIMPLES"],"numero":4,"tonalidade":null,"dataPublicacao":"2017-01-09T00:00:00.000-0300","validade":"24","tipoValidade":"2","registro":"1023511860042","principiosAtivos":["TIBOLONA"],"complemento":null,"embalagemPrimaria":{"tipo":"BLISTER DE ALUMINIO/PLASTICO OPACO","observacao":null},"embalagemSecundaria":{"tipo":"CARTUCHO DE CARTOLINA","observacao":null},"embalagemSecundariaTodas":[{"tipo":"CARTUCHO DE CARTOLINA","observacao":null}],"envoltorios":[],"acessorios":[],"acondicionamento":null,"marcas":[],"fabricantesNacionais":[{"fabricante":"EMS S/A","cnpj":"57507378000608","pais":"BRASIL","uf":"DF","cidade":"SANTA MARIA","etapaFabricacao":null}],"fabricantesInternacionais":[],"viasAdministracao":["ORAL"],"ifaUnico":true,"conservacao":["CONSERVAR EM  TEMPERATURA AMBIENTE ( AMBIENTE COM TEMPERATURA ENTRE 15 E 30ºC)","PROTEGER DA LUZ E UMIDADE"],"restricaoPrescricao":["Venda sob Prescrição Médica"],"restricaoUso":[],"destinacao":["Comercial"],"restricaoHospitais":null,"tarja":null,"medicamentoReferencia":"N","apresentacaoFracionada":"N","dataVencimentoRegistro":null,"tipoAutorizacao":"REGISTRADO","ativa":true,"inativa":false,"emAnalise":false},{"codigo":1687531,"apresentacao":"2,5 MG COM CT BL AL PLAS OPC X 200","formasFarmaceuticas":["COMPRIMIDO SIMPLES"],"numero":5,"tonalidade":null,"dataPublicacao":"2017-01-09T00:00:00.000-0300","validade":"24","tipoValidade":"2","registro":"1023511860050","principiosAtivos":["TIBOLONA"],"complemento":null,"embalagemPrimaria":{"tipo":"BLISTER DE ALUMINIO/PLASTICO OPACO","observacao":null},"embalagemSecundaria":{"tipo":"CARTUCHO DE CARTOLINA","observacao":null},"embalagemSecundariaTodas":[{"tipo":"CARTUCHO DE CARTOLINA","observacao":null}],"envoltorios":[],"acessorios":[],"acondicionamento":null,"marcas":[],"fabricantesNacionais":[{"fabricante":"EMS S/A","cnpj":"57507378000608","pais":"BRASIL","uf":"DF","cidade":"SANTA MARIA","etapaFabricacao":null}],"fabricantesInternacionais":[],"viasAdministracao":["ORAL"],"ifaUnico":true,"conservacao":["CONSERVAR EM  TEMPERATURA AMBIENTE ( AMBIENTE COM TEMPERATURA ENTRE 15 E 30ºC)","PROTEGER DA LUZ E UMIDADE"],"restricaoPrescricao":["Venda sob Prescrição Médica"],"restricaoUso":[],"destinacao":["Hospitalar"],"restricaoHospitais":null,"tarja":null,"medicamentoReferencia":"N","apresentacaoFracionada":"N","dataVencimentoRegistro":null,"tipoAutorizacao":"REGISTRADO","ativa":true,"inativa":false,"emAnalise":false},{"codigo":1687532,"apresentacao":"2,5 MG COM CT BL AL PLAS OPC X 500","formasFarmaceuticas":["COMPRIMIDO SIMPLES"],"numero":6,"tonalidade":null,"dataPublicacao":"2017-01-09T00:00:00.000-0300","validade":"24","tipoValidade":"2","registro":"1023511860069","principiosAtivos":["TIBOLONA"],"complemento":null,"embalagemPrimaria":{"tipo":"BLISTER DE ALUMINIO/PLASTICO OPACO","observacao":null},"embalagemSecundaria":{"tipo":"CARTUCHO DE CARTOLINA","observacao":null},"embalagemSecundariaTodas":[{"tipo":"CARTUCHO DE CARTOLINA","observacao":null}],"envoltorios":[],"acessorios":[],"acondicionamento":null,"marcas":[],"fabricantesNacionais":[{"fabricante":"EMS S/A","cnpj":"57507378000608","pais":"BRASIL","uf":"DF","cidade":"SANTA MARIA","etapaFabricacao":null}],"fabricantesInternacionais":[],"viasAdministracao":["ORAL"],"ifaUnico":true,"conservacao":["CONSERVAR EM  TEMPERATURA AMBIENTE ( AMBIENTE COM TEMPERATURA ENTRE 15 E 30ºC)","PROTEGER DA LUZ E UMIDADE"],"restricaoPrescricao":["Venda sob Prescrição Médica"],"restricaoUso":[],"destinacao":["Hospitalar"],"restricaoHospitais":null,"tarja":null,"medicamentoReferencia":"N","apresentacaoFracionada":"N","dataVencimentoRegistro":null,"tipoAutorizacao":"REGISTRADO","ativa":true,"inativa":false,"emAnalise":false}],"rotulos":[],"anexoRotulos":[],"tipoAutorizacao":"REGISTRADO"}