{"codigoProduto":7413,"tipoProduto":1,"dataProduto":"2001-02-07T00:00:00.000-0300","nomeComercial":"SINVASTATINA","classesTerapeuticas":["ANTILIPEMICOS"],"numeroRegistro":"102350487","dataVencimento":null,"mesAnoVencimento":"022026","codigoParecerPublico":null,"codigoBulaPaciente":"eyJhbGciOiJIUzUxMiJ9.eyJqdGkiOiIyMTk1NDY0MiIsIm5iZiI6MTcxOTQxMjU3OCwiZXhwIjoxNzE5NDEyODc4fQ.YrZ7S7B4O16GCJ69kVXRypmgyb5Y_DwMi4GxdomCrGJRBPycgr14qn-sk7D2FTJ1Vx08Af-9fUyIFASL-tajZw","codigoBulaProfissional":"eyJhbGciOiJIUzUxMiJ9.eyJqdGkiOiIyMTk1NDY0MyIsIm5iZiI6MTcxOTQxMjU3OCwiZXhwIjoxNzE5NDEyODc4fQ.VhTJYgq7kIY0AIjEgLuoVmsztxnZcYddHyt_YBTo6P4SwKQc9oN_EkL-f3-AOHOQpXb_CWyOTILDMfNrqZilqg","dataVencimentoRegistro":"2026-02-01T00:00:00.000-0300","principioAtivo":"SINVASTATINA","medicamentoReferencia":"ZOCOR","categoriaRegulatoria":"Genérico","classeTerapeutica":null,"atc":null,"processosMedidaCautelar":[],"empresa":{"cnpj":"57507378000365","razaoSocial":"EMS S/A","numeroAutorizacao":"1002351"},"processo":{"numero":"253510282480012","situacao":29},"apresentacoes":[{"codigo":543527,"apresentacao":"20 MG COM REV CT BL AL PLAS INC X 20","formasFarmaceuticas":["COMPRIMIDO REVESTIDO"],"numero":9,"tonalidade":null,"dataPublicacao":"2001-02-07T00:00:00.000-0300","validade":"24","tipoValidade":"2","registro":null,"principiosAtivos":["SINVASTATINA"],"complemento":null,"embalagemPrimaria":null,"embalagemSecundaria":{"tipo":"CARTUCHO DE CARTOLINA","observacao":null},"embalagemSecundariaTodas":[{"tipo":"BLISTER DE ALUMINIO/PLASTICO TRANSPARENTE","observacao":null},{"tipo":"CARTUCHO DE CARTOLINA","observacao":null}],"envoltorios":[],"acessorios":[],"acondicionamento":null,"marcas":[],"fabricantesNacionais":[],"fabricantesInternacionais":[],"viasAdministracao":["ORAL"],"ifaUnico":true,"conservacao":["CONSERVAR EM  TEMPERATURA AMBIENTE ( AMBIENTE COM TEMPERATURA ENTRE 15 E 30ºC)","PROTEGER DA LUZ E UMIDADE"],"restricaoPrescricao":["Venda sob Prescrição Médica"],"restricaoUso":[],"destinacao":["Comercial"],"restricaoHospitais":null,"tarja":null,"medicamentoReferencia":"N","apresentacaoFracionada":"N","dataVencimentoRegistro":null,"tipoAutorizacao":"REGISTRADO","ativa":false,"inativa":false,"emAnalise":true},{"codigo":543529,"apresentacao":"20 MG COM REV CT BL AL PLAS INC X 30","formasFarmaceuticas":["COMPRIMIDO REVESTIDO"],"numero":10,"tonalidade":null,"dataPublicacao":"2001-02-07T00:00:00.000-0300","validade":"24","tipoValidade":"2","registro":null,"principiosAtivos":["SINVASTATINA"],"complemento":null,"embalagemPrimaria":null,"embalagemSecundaria":{"tipo":"CARTUCHO DE CARTOLINA","observacao":null},"embalagemSecundariaTodas":[{"tipo":"CARTUCHO DE CARTOLINA","observacao":null},{"tipo":"BLISTER DE ALUMINIO/PLASTICO TRANSPARENTE","observacao":null}],"envoltorios":[],"acessorios":[],"acondicionamento":null,"marcas":[],"fabricantesNacionais":[],"fabricantesInternacionais":[],"viasAdministracao":["ORAL"],"ifaUnico":true,"conservacao":["CONSERVAR EM  TEMPERATURA AMBIENTE ( AMBIENTE COM TEMPERATURA ENTRE 15 E 30ºC)","PROTEGER DA LUZ E UMIDADE"],"restricaoPrescricao":["Venda sob Prescrição Médica"],"restricaoUso":[],"destinacao":["Comercial"],"restricaoHospitais":null,"tarja":null,"medicamentoReferencia":"N","apresentacaoFracionada":"N","dataVencimentoRegistro":null,"tipoAutorizacao":"REGISTRADO","ativa":false,"inativa":false,"emAnalise":true},{"codigo":543530,"apresentacao":"20 MG COM REV CT BL AL PLAS INC X 60","formasFarmaceuticas":["COMPRIMIDO REVESTIDO"],"numero":11,"tonalidade":null,"dataPublicacao":"2001-02-07T00:00:00.000-0300","validade":"24","tipoValidade":"2","registro":null,"principiosAtivos":["SINVASTATINA"],"complemento":null,"embalagemPrimaria":null,"embalagemSecundaria":{"tipo":"CARTUCHO DE CARTOLINA","observacao":null},"embalagemSecundariaTodas":[{"tipo":"CARTUCHO DE CARTOLINA","observacao":null},{"tipo":"BLISTER DE ALUMINIO/PLASTICO TRANSPARENTE","observacao":null}],"envoltorios":[],"acessorios":[],"acondicionamento":null,"marcas":[],"fabricantesNacionais":[],"fabricantesInternacionais":[],"viasAdministracao":["ORAL"],"ifaUnico":true,"conservacao":["CONSERVAR EM  TEMPERATURA AMBIENTE ( AMBIENTE COM TEMPERATURA ENTRE 15 E 30ºC)","PROTEGER DA LUZ E UMIDADE"],"restricaoPrescricao":["Venda sob Prescrição Médica"],"restricaoUso":[],"destinacao":["Comercial"],"restricaoHospitais":null,"tarja":null,"medicamentoReferencia":"N","apresentacaoFracionada":"N","dataVencimentoRegistro":null,"tipoAutorizacao":"REGISTRADO","ativa":false,"inativa":false,"emAnalise":true},{"codigo":543531,"apresentacao":"20 MG COM REV CT BL AL PLAS INC X 500 (EMB HOSP)","formasFarmaceuticas":["COMPRIMIDO REVESTIDO"],"numero":12,"tonalidade":null,"dataPublicacao":"2001-02-07T00:00:00.000-0300","validade":"24","tipoValidade":"2","registro":null,"principiosAtivos":["SINVASTATINA"],"complemento":null,"embalagemPrimaria":null,"embalagemSecundaria":{"tipo":"CARTUCHO DE CARTOLINA","observacao":null},"embalagemSecundariaTodas":[{"tipo":"CARTUCHO DE CARTOLINA","observacao":null},{"tipo":"BLISTER DE ALUMINIO/PLASTICO TRANSPARENTE","observacao":null}],"envoltorios":[],"acessorios":[],"acondicionamento":null,"marcas":[],"fabricantesNacionais":[],"fabricantesInternacionais":[],"viasAdministracao":["ORAL"],"ifaUnico":true,"conservacao":["CONSERVAR EM  TEMPERATURA AMBIENTE ( AMBIENTE COM TEMPERATURA ENTRE 15 E 30ºC)","PROTEGER DA LUZ E UMIDADE"],"restricaoPrescricao":["Venda sob Prescrição Médica"],"restricaoUso":[],"destinacao":["Comercial"],"restricaoHospitais":null,"tarja":null,"medicamentoReferencia":"N","apresentacaoFracionada":"N","dataVencimentoRegistro":null,"tipoAutorizacao":"REGISTRADO","ativa":false,"inativa":false,"emAnalise":true},{"codigo":543532,"apresentacao":"20 MG COM REV CT BL AL PLAS BCO LEIT X 10","formasFarmaceuticas":["COMPRIMIDO REVESTIDO"],"numero":13,"tonalidade":null,"dataPublicacao":"2001-02-07T00:00:00.000-0300","validade":"24","tipoValidade":"2","registro":null,"principiosAtivos":["SINVASTATINA"],"complemento":null,"embalagemPrimaria":null,"embalagemSecundaria":{"tipo":"CARTUCHO DE CARTOLINA","observacao":null},"embalagemSecundariaTodas":[{"tipo":"CARTUCHO DE CARTOLINA","observacao":null},{"tipo":"BLISTER DE ALUMINIO PLASTICO LEITOSO","observacao":null}],"envoltorios":[],"acessorios":[],"acondicionamento":null,"marcas":[],"fabricantesNacionais":[],"fabricantesInternacionais":[],"viasAdministracao":["ORAL"],"ifaUnico":true,"conservacao":["CONSERVAR EM  TEMPERATURA AMBIENTE ( AMBIENTE COM TEMPERATURA ENTRE 15 E 30ºC)","PROTEGER DA LUZ E UMIDADE"],"restricaoPrescricao":["Venda sob Prescrição Médica"],"restricaoUso":[],"destinacao":["Comercial"],"restricaoHospitais":null,"tarja":null,"medicamentoReferencia":"N","apresentacaoFracionada":"N","dataVencimentoRegistro":null,"tipoAutorizacao":"REGISTRADO","ativa":false,"inativa":false,"emAnalise":true},{"codigo":543542,"apresentacao":"20 MG COM REV CT BL AL PLAS BCO LEIT X 20","formasFarmaceuticas":["COMPRIMIDO REVESTIDO"],"numero":14,"tonalidade":null,"dataPublicacao":"2001-02-07T00:00:00.000-0300","validade":"24","tipoValidade":"2","registro":null,"principiosAtivos":["SINVASTATINA"],"complemento":null,"embalagemPrimaria":null,"embalagemSecundaria":{"tipo":"CARTUCHO DE CARTOLINA","observacao":null},"embalagemSecundariaTodas":[{"tipo":"CARTUCHO DE CARTOLINA","observacao":null},{"tipo":"BLISTER DE ALUMINIO PLASTICO LEITOSO","observacao":null}],"envoltorios":[],"acessorios":[],"acondicionamento":null,"marcas":[],"fabricantesNacionais":[],"fabricantesInternacionais":[],"viasAdministracao":["ORAL"],"ifaUnico":true,"conservacao":["CONSERVAR EM  TEMPERATURA AMBIENTE ( AMBIENTE COM TEMPERATURA ENTRE 15 E 30ºC)","PROTEGER DA LUZ E UMIDADE"],"restricaoPrescricao":["Venda sob Prescrição Médica"],"restricaoUso":[],"destinacao":["Comercial"],"restricaoHospitais":null,"tarja":null,"medicamentoReferencia":"N","apresentacaoFracionada":"N","dataVencimentoRegistro":null,"tipoAutorizacao":"REGISTRADO","ativa":false,"inativa":false,"emAnalise":true},{"codigo":543543,"apresentacao":"20 MG COM REV CT BL AL PLAS BCO LEIT X 30","formasFarmaceuticas":["COMPRIMIDO REVESTIDO"],"numero":15,"tonalidade":null,"dataPublicacao":"2001-02-07T00:00:00.000-0300","validade":"24","tipoValidade":"2","registro":null,"principiosAtivos":["SINVASTATINA"],"complemento":null,"embalagemPrimaria":null,"embalagemSecundaria":{"tipo":"CARTUCHO DE CARTOLINA","observacao":null},"embalagemSecundariaTodas":[{"tipo":"BLISTER DE ALUMINIO PLASTICO LEITOSO","observacao":null},{"tipo":"CARTUCHO DE CARTOLINA","observacao":null}],"envoltorios":[],"acessorios":[],"acondicionamento":null,"marcas":[],"fabricantesNacionais":[],"fabricantesInternacionais":[],"viasAdministracao":["ORAL"],"ifaUnico":true,"conservacao":["CONSERVAR EM  TEMPERATURA AMBIENTE ( AMBIENTE COM TEMPERATURA ENTRE 15 E 30ºC)","PROTEGER DA LUZ E UMIDADE"],"restricaoPrescricao":["Venda sob Prescrição Médica"],"restricaoUso":[],"destinacao":["Comercial"],"restricaoHospitais":null,"tarja":null,"medicamentoReferencia":"N","apresentacaoFracionada":"N","dataVencimentoRegistro":null,"tipoAutorizacao":"REGISTRADO","ativa":false,"inativa":false,"emAnalise":true},{"codigo":543544,"apresentacao":"20 MG COM REV CT BL AL PLAS BCO LEIT X 60","formasFarmaceuticas":["COMPRIMIDO REVESTIDO"],"numero":16,"tonalidade":null,"dataPublicacao":"2001-02-07T00:00:00.000-0300","validade":"24","tipoValidade":"2","registro":null,"principiosAtivos":["SINVASTATINA"],"complemento":null,"embalagemPrimaria":null,"embalagemSecundaria":{"tipo":"CARTUCHO DE CARTOLINA","observacao":null},"embalagemSecundariaTodas":[{"tipo":"BLISTER DE ALUMINIO PLASTICO LEITOSO","observacao":null},{"tipo":"CARTUCHO DE CARTOLINA","observacao":null}],"envoltorios":[],"acessorios":[],"acondicionamento":null,"marcas":[],"fabricantesNacionais":[],"fabricantesInternacionais":[],"viasAdministracao":["ORAL"],"ifaUnico":true,"conservacao":["CONSERVAR EM  TEMPERATURA AMBIENTE ( AMBIENTE COM TEMPERATURA ENTRE 15 E 30ºC)","PROTEGER DA LUZ E UMIDADE"],"restricaoPrescricao":["Venda sob Prescrição Médica"],"restricaoUso":[],"destinacao":["Comercial"],"restricaoHospitais":null,"tarja":null,"medicamentoReferencia":"N","apresentacaoFracionada":"N","dataVencimentoRegistro":null,"tipoAutorizacao":"REGISTRADO","ativa":false,"inativa":false,"emAnalise":true},{"codigo":543545,"apresentacao":"20 MG COM REV CT BL AL PLAS BCO LEIT X 500","formasFarmaceuticas":["COMPRIMIDO REVESTIDO"],"numero":17,"tonalidade":null,"dataPublicacao":"2001-02-07T00:00:00.000-0300","validade":"24","tipoValidade":"2","registro":null,"principiosAtivos":["SINVASTATINA"],"complemento":null,"embalagemPrimaria":null,"embalagemSecundaria":{"tipo":"CARTUCHO DE CARTOLINA","observacao":null},"embalagemSecundariaTodas":[{"tipo":"BLISTER DE ALUMINIO PLASTICO LEITOSO","observacao":null},{"tipo":"CARTUCHO DE CARTOLINA","observacao":null}],"envoltorios":[],"acessorios":[],"acondicionamento":null,"marcas":[],"fabricantesNacionais":[],"fabricantesInternacionais":[],"viasAdministracao":["ORAL"],"ifaUnico":true,"conservacao":["CONSERVAR EM  TEMPERATURA AMBIENTE ( AMBIENTE COM TEMPERATURA ENTRE 15 E 30ºC)","PROTEGER DA LUZ E UMIDADE"],"restricaoPrescricao":["Venda sob Prescrição Médica"],"restricaoUso":[],"destinacao":["Comercial"],"restricaoHospitais":null,"tarja":null,"medicamentoReferencia":"N","apresentacaoFracionada":"N","dataVencimentoRegistro":null,"tipoAutorizacao":"REGISTRADO","ativa":false,"inativa":false,"emAnalise":true},{"codigo":543546,"apresentacao":"40 MG COM REV CT BL AL PLAS INC X 10","formasFarmaceuticas":["COMPRIMIDO REVESTIDO"],"numero":18,"tonalidade":null,"dataPublicacao":"2001-02-07T00:00:00.000-0300","validade":"24","tipoValidade":"2","registro":null,"principiosAtivos":["SINVASTATINA"],"complemento":null,"embalagemPrimaria":null,"embalagemSecundaria":{"tipo":"CARTUCHO DE CARTOLINA","observacao":null},"embalagemSecundariaTodas":[{"tipo":"CARTUCHO DE CARTOLINA","observacao":null},{"tipo":"BLISTER DE ALUMINIO/PLASTICO TRANSPARENTE","observacao":null}],"envoltorios":[],"acessorios":[],"acondicionamento":null,"marcas":[],"fabricantesNacionais":[],"fabricantesInternacionais":[],"viasAdministracao":["ORAL"],"ifaUnico":true,"conservacao":["CONSERVAR EM  TEMPERATURA AMBIENTE ( AMBIENTE COM TEMPERATURA ENTRE 15 E 30ºC)","PROTEGER DA LUZ E UMIDADE"],"restricaoPrescricao":["Venda sob Prescrição Médica"],"restricaoUso":[],"destinacao":["Comercial"],"restricaoHospitais":null,"tarja":null,"medicamentoReferencia":"N","apresentacaoFracionada":"N","dataVencimentoRegistro":null,"tipoAutorizacao":"REGISTRADO","ativa":false,"inativa":false,"emAnalise":true},{"codigo":543551,"apresentacao":"40 MG COM REV CT BL AL PLAS INC X 20","formasFarmaceuticas":["COMPRIMIDO REVESTIDO"],"numero":19,"tonalidade":null,"dataPublicacao":"2001-02-07T00:00:00.000-0300","validade":"24","tipoValidade":"2","registro":null,"principiosAtivos":["SINVASTATINA"],"complemento":null,"embalagemPrimaria":null,"embalagemSecundaria":{"tipo":"CARTUCHO DE CARTOLINA","observacao":null},"embalagemSecundariaTodas":[{"tipo":"BLISTER DE ALUMINIO/PLASTICO TRANSPARENTE","observacao":null},{"tipo":"CARTUCHO DE CARTOLINA","observacao":null}],"envoltorios":[],"acessorios":[],"acondicionamento":null,"marcas":[],"fabricantesNacionais":[],"fabricantesInternacionais":[],"viasAdministracao":["ORAL"],"ifaUnico":true,"conservacao":["CONSERVAR EM  TEMPERATURA AMBIENTE ( AMBIENTE COM TEMPERATURA ENTRE 15 E 30ºC)","PROTEGER DA LUZ E UMIDADE"],"restricaoPrescricao":["Venda sob Prescrição Médica"],"restricaoUso":[],"destinacao":["Comercial"],"restricaoHospitais":null,"tarja":null,"medicamentoReferencia":"N","apresentacaoFracionada":"N","dataVencimentoRegistro":null,"tipoAutorizacao":"REGISTRADO","ativa":false,"inativa":false,"emAnalise":true},{"codigo":543552,"apresentacao":"40 MG COM REV CT BL AL PLAS INC X 30","formasFarmaceuticas":["COMPRIMIDO REVESTIDO"],"numero":20,"tonalidade":null,"dataPublicacao":"2001-02-07T00:00:00.000-0300","validade":"24","tipoValidade":"2","registro":null,"principiosAtivos":["SINVASTATINA"],"complemento":null,"embalagemPrimaria":null,"embalagemSecundaria":{"tipo":"CARTUCHO DE CARTOLINA","observacao":null},"embalagemSecundariaTodas":[{"tipo":"BLISTER DE ALUMINIO/PLASTICO TRANSPARENTE","observacao":null},{"tipo":"CARTUCHO DE CARTOLINA","observacao":null}],"envoltorios":[],"acessorios":[],"acondicionamento":null,"marcas":[],"fabricantesNacionais":[],"fabricantesInternacionais":[],"viasAdministracao":["ORAL"],"ifaUnico":true,"conservacao":["CONSERVAR EM  TEMPERATURA AMBIENTE ( AMBIENTE COM TEMPERATURA ENTRE 15 E 30ºC)","PROTEGER DA LUZ E UMIDADE"],"restricaoPrescricao":["Venda sob Prescrição Médica"],"restricaoUso":[],"destinacao":["Comercial"],"restricaoHospitais":null,"tarja":null,"medicamentoReferencia":"N","apresentacaoFracionada":"N","dataVencimentoRegistro":null,"tipoAutorizacao":"REGISTRADO","ativa":false,"inativa":false,"emAnalise":true},{"codigo":543553,"apresentacao":"40 MG COM REV CT BL AL PLAS INC X 60","formasFarmaceuticas":["COMPRIMIDO REVESTIDO"],"numero":21,"tonalidade":null,"dataPublicacao":"2001-02-07T00:00:00.000-0300","validade":"24","tipoValidade":"2","registro":null,"principiosAtivos":["SINVASTATINA"],"complemento":null,"embalagemPrimaria":null,"embalagemSecundaria":{"tipo":"CARTUCHO DE CARTOLINA","observacao":null},"embalagemSecundariaTodas":[{"tipo":"BLISTER DE ALUMINIO/PLASTICO TRANSPARENTE","observacao":null},{"tipo":"CARTUCHO DE CARTOLINA","observacao":null}],"envoltorios":[],"acessorios":[],"acondicionamento":null,"marcas":[],"fabricantesNacionais":[],"fabricantesInternacionais":[],"viasAdministracao":["ORAL"],"ifaUnico":true,"conservacao":["CONSERVAR EM  TEMPERATURA AMBIENTE ( AMBIENTE COM TEMPERATURA ENTRE 15 E 30ºC)","PROTEGER DA LUZ E UMIDADE"],"restricaoPrescricao":["Venda sob Prescrição Médica"],"restricaoUso":[],"destinacao":["Comercial"],"restricaoHospitais":null,"tarja":null,"medicamentoReferencia":"N","apresentacaoFracionada":"N","dataVencimentoRegistro":null,"tipoAutorizacao":"REGISTRADO","ativa":false,"inativa":false,"emAnalise":true},{"codigo":543554,"apresentacao":"40 MG COM REV CT BL AL PLAS INC X 500 (EMB HOSP)","formasFarmaceuticas":["COMPRIMIDO REVESTIDO"],"numero":22,"tonalidade":null,"dataPublicacao":"2001-02-07T00:00:00.000-0300","validade":"24","tipoValidade":"2","registro":null,"principiosAtivos":["SINVASTATINA"],"complemento":null,"embalagemPrimaria":null,"embalagemSecundaria":{"tipo":"CARTUCHO DE CARTOLINA","observacao":null},"embalagemSecundariaTodas":[{"tipo":"BLISTER DE ALUMINIO/PLASTICO TRANSPARENTE","observacao":null},{"tipo":"CARTUCHO DE CARTOLINA","observacao":null}],"envoltorios":[],"acessorios":[],"acondicionamento":null,"marcas":[],"fabricantesNacionais":[],"fabricantesInternacionais":[],"viasAdministracao":["ORAL"],"ifaUnico":true,"conservacao":["CONSERVAR EM  TEMPERATURA AMBIENTE ( AMBIENTE COM TEMPERATURA ENTRE 15 E 30ºC)","PROTEGER DA LUZ E UMIDADE"],"restricaoPrescricao":["Venda sob Prescrição Médica"],"restricaoUso":[],"destinacao":["Comercial"],"restricaoHospitais":null,"tarja":null,"medicamentoReferencia":"N","apresentacaoFracionada":"N","dataVencimentoRegistro":null,"tipoAutorizacao":"REGISTRADO","ativa":false,"inativa":false,"emAnalise":true},{"codigo":543555,"apresentacao":"40 MG COM REV CT BL AL PLAS BCO LEIT X 10","formasFarmaceuticas":["COMPRIMIDO REVESTIDO"],"numero":23,"tonalidade":null,"dataPublicacao":"2001-02-07T00:00:00.000-0300","validade":"24","tipoValidade":"2","registro":null,"principiosAtivos":["SINVASTATINA"],"complemento":null,"embalagemPrimaria":null,"embalagemSecundaria":{"tipo":"CARTUCHO DE CARTOLINA","observacao":null},"embalagemSecundariaTodas":[{"tipo":"CARTUCHO DE CARTOLINA","observacao":null},{"tipo":"BLISTER DE ALUMINIO PLASTICO LEITOSO","observacao":null}],"envoltorios":[],"acessorios":[],"acondicionamento":null,"marcas":[],"fabricantesNacionais":[],"fabricantesInternacionais":[],"viasAdministracao":["ORAL"],"ifaUnico":true,"conservacao":["CONSERVAR EM  TEMPERATURA AMBIENTE ( AMBIENTE COM TEMPERATURA ENTRE 15 E 30ºC)","PROTEGER DA LUZ E UMIDADE"],"restricaoPrescricao":["Venda sob Prescrição Médica"],"restricaoUso":[],"destinacao":["Comercial"],"restricaoHospitais":null,"tarja":null,"medicamentoReferencia":"N","apresentacaoFracionada":"N","dataVencimentoRegistro":null,"tipoAutorizacao":"REGISTRADO","ativa":false,"inativa":false,"emAnalise":true},{"codigo":543558,"apresentacao":"40 MG COM REV CT BL AL PLAS BCO LEIT X 20","formasFarmaceuticas":["COMPRIMIDO REVESTIDO"],"numero":24,"tonalidade":null,"dataPublicacao":"2001-02-07T00:00:00.000-0300","validade":"24","tipoValidade":"2","registro":null,"principiosAtivos":["SINVASTATINA"],"complemento":null,"embalagemPrimaria":null,"embalagemSecundaria":{"tipo":"CARTUCHO DE CARTOLINA","observacao":null},"embalagemSecundariaTodas":[{"tipo":"CARTUCHO DE CARTOLINA","observacao":null},{"tipo":"BLISTER DE ALUMINIO PLASTICO LEITOSO","observacao":null}],"envoltorios":[],"acessorios":[],"acondicionamento":null,"marcas":[],"fabricantesNacionais":[],"fabricantesInternacionais":[],"viasAdministracao":["ORAL"],"ifaUnico":true,"conservacao":["CONSERVAR EM  TEMPERATURA AMBIENTE ( AMBIENTE COM TEMPERATURA ENTRE 15 E 30ºC)","PROTEGER DA LUZ E UMIDADE"],"restricaoPrescricao":["Venda sob Prescrição Médica"],"restricaoUso":[],"destinacao":["Comercial"],"restricaoHospitais":null,"tarja":null,"medicamentoReferencia":"N","apresentacaoFracionada":"N","dataVencimentoRegistro":null,"tipoAutorizacao":"REGISTRADO","ativa":false,"inativa":false,"emAnalise":true},{"codigo":543559,"apresentacao":"40 MG COM REV CT BL AL PLAS BCO LEIT X 30","formasFarmaceuticas":["COMPRIMIDO REVESTIDO"],"numero":25,"tonalidade":null,"dataPublicacao":"2001-02-07T00:00:00.000-0300","validade":"24","tipoValidade":"2","registro":null,"principiosAtivos":["SINVASTATINA"],"complemento":null,"embalagemPrimaria":null,"embalagemSecundaria":{"tipo":"CARTUCHO DE CARTOLINA","observacao":null},"embalagemSecundariaTodas":[{"tipo":"BLISTER DE ALUMINIO PLASTICO LEITOSO","observacao":null},{"tipo":"CARTUCHO DE CARTOLINA","observacao":null}],"envoltorios":[],"acessorios":[],"acondicionamento":null,"marcas":[],"fabricantesNacionais":[],"fabricantesInternacionais":[],"viasAdministracao":["ORAL"],"ifaUnico":true,"conservacao":["CONSERVAR EM  TEMPERATURA AMBIENTE ( AMBIENTE COM TEMPERATURA ENTRE 15 E 30ºC)","PROTEGER DA LUZ E UMIDADE"],"restricaoPrescricao":["Venda sob Prescrição Médica"],"restricaoUso":[],"destinacao":["Comercial"],"restricaoHospitais":null,"tarja":null,"medicamentoReferencia":"N","apresentacaoFracionada":"N","dataVencimentoRegistro":null,"tipoAutorizacao":"REGISTRADO","ativa":false,"inativa":false,"emAnalise":true},{"codigo":543560,"apresentacao":"40 MG COM REV CT BL AL PLAS BCO LEIT X 60","formasFarmaceuticas":["COMPRIMIDO REVESTIDO"],"numero":26,"tonalidade":null,"dataPublicacao":"2001-02-07T00:00:00.000-0300","validade":"24","tipoValidade":"2","registro":null,"principiosAtivos":["SINVASTATINA"],"complemento":null,"embalagemPrimaria":null,"embalagemSecundaria":{"tipo":"CARTUCHO DE CARTOLINA","observacao":null},"embalagemSecundariaTodas":[{"tipo":"BLISTER DE ALUMINIO PLASTICO LEITOSO","observacao":null},{"tipo":"CARTUCHO DE CARTOLINA","observacao":null}],"envoltorios":[],"acessorios":[],"acondicionamento":null,"marcas":[],"fabricantesNacionais":[],"fabricantesInternacionais":[],"viasAdministracao":["ORAL"],"ifaUnico":true,"conservacao":["CONSERVAR EM  TEMPERATURA AMBIENTE ( AMBIENTE COM TEMPERATURA ENTRE 15 E 30ºC)","PROTEGER DA LUZ E UMIDADE"],"restricaoPrescricao":["Venda sob Prescrição Médica"],"restricaoUso":[],"destinacao":["Comercial"],"restricaoHospitais":null,"tarja":null,"medicamentoReferencia":"N","apresentacaoFracionada":"N","dataVencimentoRegistro":null,"tipoAutorizacao":"REGISTRADO","ativa":false,"inativa":false,"emAnalise":true},{"codigo":543561,"apresentacao":"40 MG COM REV CT BL AL PLAS BCO LEIT X 500 (EMB HOSP)","formasFarmaceuticas":["COMPRIMIDO REVESTIDO"],"numero":27,"tonalidade":null,"dataPublicacao":"2001-02-07T00:00:00.000-0300","validade":"24","tipoValidade":"2","registro":null,"principiosAtivos":["SINVASTATINA"],"complemento":null,"embalagemPrimaria":null,"embalagemSecundaria":{"tipo":"CARTUCHO DE CARTOLINA","observacao":null},"embalagemSecundariaTodas":[{"tipo":"BLISTER DE ALUMINIO PLASTICO LEITOSO","observacao":null},{"tipo":"CARTUCHO DE CARTOLINA","observacao":null}],"envoltorios":[],"acessorios":[],"acondicionamento":null,"marcas":[],"fabricantesNacionais":[],"fabricantesInternacionais":[],"viasAdministracao":["ORAL"],"ifaUnico":true,"conservacao":["CONSERVAR EM  TEMPERATURA AMBIENTE ( AMBIENTE COM TEMPERATURA ENTRE 15 E 30ºC)","PROTEGER DA LUZ E UMIDADE"],"restricaoPrescricao":["Venda sob Prescrição Médica"],"restricaoUso":[],"destinacao":["Comercial"],"restricaoHospitais":null,"tarja":null,"medicamentoReferencia":"N","apresentacaoFracionada":"N","dataVencimentoRegistro":null,"tipoAutorizacao":"REGISTRADO","ativa":false,"inativa":false,"emAnalise":true},{"codigo":543583,"apresentacao":"80 MG COM REV CT BL AL PLAS INC X 20","formasFarmaceuticas":["COMPRIMIDO REVESTIDO"],"numero":29,"tonalidade":null,"dataPublicacao":"2001-02-07T00:00:00.000-0300","validade":"24","tipoValidade":"2","registro":null,"principiosAtivos":["SINVASTATINA"],"complemento":null,"embalagemPrimaria":null,"embalagemSecundaria":{"tipo":"CARTUCHO DE CARTOLINA","observacao":null},"embalagemSecundariaTodas":[{"tipo":"CARTUCHO DE CARTOLINA","observacao":null},{"tipo":"BLISTER DE ALUMINIO/PLASTICO TRANSPARENTE","observacao":null}],"envoltorios":[],"acessorios":[],"acondicionamento":null,"marcas":[],"fabricantesNacionais":[],"fabricantesInternacionais":[],"viasAdministracao":["ORAL"],"ifaUnico":true,"conservacao":["CONSERVAR EM  TEMPERATURA AMBIENTE ( AMBIENTE COM TEMPERATURA ENTRE 15 E 30ºC)","PROTEGER DA LUZ E UMIDADE"],"restricaoPrescricao":["Venda sob Prescrição Médica"],"restricaoUso":[],"destinacao":["Comercial"],"restricaoHospitais":null,"tarja":null,"medicamentoReferencia":"N","apresentacaoFracionada":"N","dataVencimentoRegistro":null,"tipoAutorizacao":"REGISTRADO","ativa":false,"inativa":false,"emAnalise":true},{"codigo":543584,"apresentacao":"80 MG COM REV CT BL AL PLAS INC X 30","formasFarmaceuticas":["COMPRIMIDO REVESTIDO"],"numero":30,"tonalidade":null,"dataPublicacao":"2001-02-07T00:00:00.000-0300","validade":"24","tipoValidade":"2","registro":null,"principiosAtivos":["SINVASTATINA"],"complemento":null,"embalagemPrimaria":null,"embalagemSecundaria":{"tipo":"CARTUCHO DE CARTOLINA","observacao":null},"embalagemSecundariaTodas":[{"tipo":"CARTUCHO DE CARTOLINA","observacao":null},{"tipo":"BLISTER DE ALUMINIO/PLASTICO TRANSPARENTE","observacao":null}],"envoltorios":[],"acessorios":[],"acondicionamento":null,"marcas":[],"fabricantesNacionais":[],"fabricantesInternacionais":[],"viasAdministracao":["ORAL"],"ifaUnico":true,"conservacao":["CONSERVAR EM  TEMPERATURA AMBIENTE ( AMBIENTE COM TEMPERATURA ENTRE 15 E 30ºC)","PROTEGER DA LUZ E UMIDADE"],"restricaoPrescricao":["Venda sob Prescrição Médica"],"restricaoUso":[],"destinacao":["Comercial"],"restricaoHospitais":null,"tarja":null,"medicamentoReferencia":"N","apresentacaoFracionada":"N","dataVencimentoRegistro":null,"tipoAutorizacao":"REGISTRADO","ativa":false,"inativa":false,"emAnalise":true},{"codigo":543585,"apresentacao":"80 MG COM REV CT BL AL PLAS INC X 60","formasFarmaceuticas":["COMPRIMIDO REVESTIDO"],"numero":31,"tonalidade":null,"dataPublicacao":"2001-02-07T00:00:00.000-0300","validade":"24","tipoValidade":"2","registro":null,"principiosAtivos":["SINVASTATINA"],"complemento":null,"embalagemPrimaria":null,"embalagemSecundaria":{"tipo":"CARTUCHO DE CARTOLINA","observacao":null},"embalagemSecundariaTodas":[{"tipo":"CARTUCHO DE CARTOLINA","observacao":null},{"tipo":"BLISTER DE ALUMINIO/PLASTICO TRANSPARENTE","observacao":null}],"envoltorios":[],"acessorios":[],"acondicionamento":null,"marcas":[],"fabricantesNacionais":[],"fabricantesInternacionais":[],"viasAdministracao":["ORAL"],"ifaUnico":true,"conservacao":["CONSERVAR EM  TEMPERATURA AMBIENTE ( AMBIENTE COM TEMPERATURA ENTRE 15 E 30ºC)","PROTEGER DA LUZ E UMIDADE"],"restricaoPrescricao":["Venda sob Prescrição Médica"],"restricaoUso":[],"destinacao":["Comercial"],"restricaoHospitais":null,"tarja":null,"medicamentoReferencia":"N","apresentacaoFracionada":"N","dataVencimentoRegistro":null,"tipoAutorizacao":"REGISTRADO","ativa":false,"inativa":false,"emAnalise":true},{"codigo":543586,"apresentacao":"80 MG COM REV CT BL AL PLAS INC X 500 (EMB HOSP)","formasFarmaceuticas":["COMPRIMIDO REVESTIDO"],"numero":32,"tonalidade":null,"dataPublicacao":"2001-02-07T00:00:00.000-0300","validade":"24","tipoValidade":"2","registro":null,"principiosAtivos":["SINVASTATINA"],"complemento":null,"embalagemPrimaria":null,"embalagemSecundaria":{"tipo":"CARTUCHO DE CARTOLINA","observacao":null},"embalagemSecundariaTodas":[{"tipo":"CARTUCHO DE CARTOLINA","observacao":null},{"tipo":"BLISTER DE ALUMINIO/PLASTICO TRANSPARENTE","observacao":null}],"envoltorios":[],"acessorios":[],"acondicionamento":null,"marcas":[],"fabricantesNacionais":[],"fabricantesInternacionais":[],"viasAdministracao":["ORAL"],"ifaUnico":true,"conservacao":["CONSERVAR EM  TEMPERATURA AMBIENTE ( AMBIENTE COM TEMPERATURA ENTRE 15 E 30ºC)","PROTEGER DA LUZ E UMIDADE"],"restricaoPrescricao":["Venda sob Prescrição Médica"],"restricaoUso":[],"destinacao":["Comercial"],"restricaoHospitais":null,"tarja":null,"medicamentoReferencia":"N","apresentacaoFracionada":"N","dataVencimentoRegistro":null,"tipoAutorizacao":"REGISTRADO","ativa":false,"inativa":false,"emAnalise":true},{"codigo":543587,"apresentacao":"80 MG COM REV CT BL AL PLAS BCO LEIT X 10","formasFarmaceuticas":["COMPRIMIDO REVESTIDO"],"numero":33,"tonalidade":null,"dataPublicacao":"2001-02-07T00:00:00.000-0300","validade":"24","tipoValidade":"2","registro":null,"principiosAtivos":["SINVASTATINA"],"complemento":null,"embalagemPrimaria":null,"embalagemSecundaria":{"tipo":"CARTUCHO DE CARTOLINA","observacao":null},"embalagemSecundariaTodas":[{"tipo":"BLISTER DE ALUMINIO PLASTICO LEITOSO","observacao":null},{"tipo":"CARTUCHO DE CARTOLINA","observacao":null}],"envoltorios":[],"acessorios":[],"acondicionamento":null,"marcas":[],"fabricantesNacionais":[],"fabricantesInternacionais":[],"viasAdministracao":["ORAL"],"ifaUnico":true,"conservacao":["CONSERVAR EM  TEMPERATURA AMBIENTE ( AMBIENTE COM TEMPERATURA ENTRE 15 E 30ºC)","PROTEGER DA LUZ E UMIDADE"],"restricaoPrescricao":["Venda sob Prescrição Médica"],"restricaoUso":[],"destinacao":["Comercial"],"restricaoHospitais":null,"tarja":null,"medicamentoReferencia":"N","apresentacaoFracionada":"N","dataVencimentoRegistro":null,"tipoAutorizacao":"REGISTRADO","ativa":false,"inativa":false,"emAnalise":true},{"codigo":543589,"apresentacao":"80 MG COM REV CT BL AL PLAS BCO LEIT X 20","formasFarmaceuticas":["COMPRIMIDO REVESTIDO"],"numero":34,"tonalidade":null,"dataPublicacao":"2001-02-07T00:00:00.000-0300","validade":"24","tipoValidade":"2","registro":null,"principiosAtivos":["SINVASTATINA"],"complemento":null,"embalagemPrimaria":null,"embalagemSecundaria":{"tipo":"CARTUCHO DE CARTOLINA","observacao":null},"embalagemSecundariaTodas":[{"tipo":"CARTUCHO DE CARTOLINA","observacao":null},{"tipo":"BLISTER DE ALUMINIO PLASTICO LEITOSO","observacao":null}],"envoltorios":[],"acessorios":[],"acondicionamento":null,"marcas":[],"fabricantesNacionais":[],"fabricantesInternacionais":[],"viasAdministracao":["ORAL"],"ifaUnico":true,"conservacao":["CONSERVAR EM  TEMPERATURA AMBIENTE ( AMBIENTE COM TEMPERATURA ENTRE 15 E 30ºC)","PROTEGER DA LUZ E UMIDADE"],"restricaoPrescricao":["Venda sob Prescrição Médica"],"restricaoUso":[],"destinacao":["Comercial"],"restricaoHospitais":null,"tarja":null,"medicamentoReferencia":"N","apresentacaoFracionada":"N","dataVencimentoRegistro":null,"tipoAutorizacao":"REGISTRADO","ativa":false,"inativa":false,"emAnalise":true},{"codigo":543590,"apresentacao":"80 MG COM REV CT BL AL PLAS BCO LEIT X 30","formasFarmaceuticas":["COMPRIMIDO REVESTIDO"],"numero":35,"tonalidade":null,"dataPublicacao":"2001-02-07T00:00:00.000-0300","validade":"24","tipoValidade":"2","registro":null,"principiosAtivos":["SINVASTATINA"],"complemento":null,"embalagemPrimaria":null,"embalagemSecundaria":{"tipo":"CARTUCHO DE CARTOLINA","observacao":null},"embalagemSecundariaTodas":[{"tipo":"CARTUCHO DE CARTOLINA","observacao":null},{"tipo":"BLISTER DE ALUMINIO PLASTICO LEITOSO","observacao":null}],"envoltorios":[],"acessorios":[],"acondicionamento":null,"marcas":[],"fabricantesNacionais":[],"fabricantesInternacionais":[],"viasAdministracao":["ORAL"],"ifaUnico":true,"conservacao":["CONSERVAR EM  TEMPERATURA AMBIENTE ( AMBIENTE COM TEMPERATURA ENTRE 15 E 30ºC)","PROTEGER DA LUZ E UMIDADE"],"restricaoPrescricao":["Venda sob Prescrição Médica"],"restricaoUso":[],"destinacao":["Comercial"],"restricaoHospitais":null,"tarja":null,"medicamentoReferencia":"N","apresentacaoFracionada":"N","dataVencimentoRegistro":null,"tipoAutorizacao":"REGISTRADO","ativa":false,"inativa":false,"emAnalise":true},{"codigo":543591,"apresentacao":"80 MG COM REV CT BL AL PLAS BCO LEIT X 60","formasFarmaceuticas":["COMPRIMIDO REVESTIDO"],"numero":36,"tonalidade":null,"dataPublicacao":"2001-02-07T00:00:00.000-0300","validade":"24","tipoValidade":"2","registro":null,"principiosAtivos":["SINVASTATINA"],"complemento":null,"embalagemPrimaria":null,"embalagemSecundaria":{"tipo":"CARTUCHO DE CARTOLINA","observacao":null},"embalagemSecundariaTodas":[{"tipo":"CARTUCHO DE CARTOLINA","observacao":null},{"tipo":"BLISTER DE ALUMINIO PLASTICO LEITOSO","observacao":null}],"envoltorios":[],"acessorios":[],"acondicionamento":null,"marcas":[],"fabricantesNacionais":[],"fabricantesInternacionais":[],"viasAdministracao":["ORAL"],"ifaUnico":true,"conservacao":["CONSERVAR EM  TEMPERATURA AMBIENTE ( AMBIENTE COM TEMPERATURA ENTRE 15 E 30ºC)","PROTEGER DA LUZ E UMIDADE"],"restricaoPrescricao":["Venda sob Prescrição Médica"],"restricaoUso":[],"destinacao":["Comercial"],"restricaoHospitais":null,"tarja":null,"medicamentoReferencia":"N","apresentacaoFracionada":"N","dataVencimentoRegistro":null,"tipoAutorizacao":"REGISTRADO","ativa":false,"inativa":false,"emAnalise":true},{"codigo":543592,"apresentacao":"80 MG COM REV CT BL AL PLAS BCO LEIT X 500 (EMB HOSP)","formasFarmaceuticas":["COMPRIMIDO REVESTIDO"],"numero":37,"tonalidade":null,"dataPublicacao":"2001-02-07T00:00:00.000-0300","validade":"24","tipoValidade":"2","registro":null,"principiosAtivos":["SINVASTATINA"],"complemento":null,"embalagemPrimaria":null,"embalagemSecundaria":{"tipo":"CARTUCHO DE CARTOLINA","observacao":null},"embalagemSecundariaTodas":[{"tipo":"CARTUCHO DE CARTOLINA","observacao":null},{"tipo":"BLISTER DE ALUMINIO PLASTICO LEITOSO","observacao":null}],"envoltorios":[],"acessorios":[],"acondicionamento":null,"marcas":[],"fabricantesNacionais":[],"fabricantesInternacionais":[],"viasAdministracao":["ORAL"],"ifaUnico":true,"conservacao":["CONSERVAR EM  TEMPERATURA AMBIENTE ( AMBIENTE COM TEMPERATURA ENTRE 15 E 30ºC)","PROTEGER DA LUZ E UMIDADE"],"restricaoPrescricao":["Venda sob Prescrição Médica"],"restricaoUso":[],"destinacao":["Comercial"],"restricaoHospitais":null,"tarja":null,"medicamentoReferencia":"N","apresentacaoFracionada":"N","dataVencimentoRegistro":null,"tipoAutorizacao":"REGISTRADO","ativa":false,"inativa":false,"emAnalise":true},{"codigo":543237,"apresentacao":"10 MG COM REV CT BL AL PLAS BCO LEIT X 20","formasFarmaceuticas":["COMPRIMIDO REVESTIDO"],"numero":38,"tonalidade":null,"dataPublicacao":"2001-02-07T00:00:00.000-0300","validade":"24","tipoValidade":"2","registro":null,"principiosAtivos":["SINVASTATINA"],"complemento":null,"embalagemPrimaria":null,"embalagemSecundaria":{"tipo":"CARTUCHO DE CARTOLINA","observacao":null},"embalagemSecundariaTodas":[{"tipo":"CARTUCHO DE CARTOLINA","observacao":null},{"tipo":"BLISTER DE ALUMINIO PLASTICO LEITOSO","observacao":null}],"envoltorios":[],"acessorios":[],"acondicionamento":null,"marcas":[],"fabricantesNacionais":[],"fabricantesInternacionais":[],"viasAdministracao":["ORAL 1"],"ifaUnico":true,"conservacao":["PROTEGER DA LUZ E UMIDADE","PROTEGER DO CALOR"],"restricaoPrescricao":["Venda sob Prescrição Médica"],"restricaoUso":[],"destinacao":["Comercial"],"restricaoHospitais":null,"tarja":null,"medicamentoReferencia":"N","apresentacaoFracionada":"N","dataVencimentoRegistro":null,"tipoAutorizacao":"REGISTRADO","ativa":false,"inativa":false,"emAnalise":true},{"codigo":543238,"apresentacao":"10 MG COM REV CT BL AL PLAS BCO LEIT X 30","formasFarmaceuticas":["COMPRIMIDO REVESTIDO"],"numero":39,"tonalidade":null,"dataPublicacao":"2001-02-07T00:00:00.000-0300","validade":"24","tipoValidade":"2","registro":null,"principiosAtivos":["SINVASTATINA"],"complemento":null,"embalagemPrimaria":null,"embalagemSecundaria":{"tipo":"CARTUCHO DE CARTOLINA","observacao":null},"embalagemSecundariaTodas":[{"tipo":"CARTUCHO DE CARTOLINA","observacao":null},{"tipo":"BLISTER DE ALUMINIO PLASTICO LEITOSO","observacao":null}],"envoltorios":[],"acessorios":[],"acondicionamento":null,"marcas":[],"fabricantesNacionais":[],"fabricantesInternacionais":[],"viasAdministracao":["ORAL 1"],"ifaUnico":true,"conservacao":["PROTEGER DA LUZ E UMIDADE","PROTEGER DO CALOR"],"restricaoPrescricao":["Venda sob Prescrição Médica"],"restricaoUso":[],"destinacao":["Comercial"],"restricaoHospitais":null,"tarja":null,"medicamentoReferencia":"N","apresentacaoFracionada":"N","dataVencimentoRegistro":null,"tipoAutorizacao":"REGISTRADO","ativa":false,"inativa":false,"emAnalise":true},{"codigo":543239,"apresentacao":"5 MG COM REV CT BL AL PLAS BCO LEIT  X 10","formasFarmaceuticas":["COMPRIMIDO REVESTIDO"],"numero":40,"tonalidade":null,"dataPublicacao":"2001-02-07T00:00:00.000-0300","validade":"24","tipoValidade":"2","registro":null,"principiosAtivos":["SINVASTATINA"],"complemento":null,"embalagemPrimaria":null,"embalagemSecundaria":{"tipo":"CARTUCHO DE CARTOLINA","observacao":null},"embalagemSecundariaTodas":[{"tipo":"CARTUCHO DE CARTOLINA","observacao":null},{"tipo":"BLISTER DE ALUMINIO PLASTICO LEITOSO","observacao":null}],"envoltorios":[],"acessorios":[],"acondicionamento":null,"marcas":[],"fabricantesNacionais":[],"fabricantesInternacionais":[],"viasAdministracao":["ORAL 1"],"ifaUnico":true,"conservacao":["PROTEGER DA LUZ E UMIDADE","PROTEGER DO CALOR"],"restricaoPrescricao":["Venda sob Prescrição Médica"],"restricaoUso":[],"destinacao":["Comercial"],"restricaoHospitais":null,"tarja":null,"medicamentoReferencia":"N","apresentacaoFracionada":"N","dataVencimentoRegistro":null,"tipoAutorizacao":"REGISTRADO","ativa":false,"inativa":false,"emAnalise":true},{"codigo":543240,"apresentacao":"5 MG COM REV CT BL AL PLAS BCO LEIT  X 20","formasFarmaceuticas":["COMPRIMIDO REVESTIDO"],"numero":41,"tonalidade":null,"dataPublicacao":"2001-02-07T00:00:00.000-0300","validade":"24","tipoValidade":"2","registro":null,"principiosAtivos":["SINVASTATINA"],"complemento":null,"embalagemPrimaria":null,"embalagemSecundaria":{"tipo":"CARTUCHO DE CARTOLINA","observacao":null},"embalagemSecundariaTodas":[{"tipo":"CARTUCHO DE CARTOLINA","observacao":null},{"tipo":"BLISTER DE ALUMINIO PLASTICO LEITOSO","observacao":null}],"envoltorios":[],"acessorios":[],"acondicionamento":null,"marcas":[],"fabricantesNacionais":[],"fabricantesInternacionais":[],"viasAdministracao":["ORAL 1"],"ifaUnico":true,"conservacao":["PROTEGER DA LUZ E UMIDADE","PROTEGER DO CALOR"],"restricaoPrescricao":["Venda sob Prescrição Médica"],"restricaoUso":[],"destinacao":["Comercial"],"restricaoHospitais":null,"tarja":null,"medicamentoReferencia":"N","apresentacaoFracionada":"N","dataVencimentoRegistro":null,"tipoAutorizacao":"REGISTRADO","ativa":false,"inativa":false,"emAnalise":true},{"codigo":543241,"apresentacao":"5 MG COM REV CT BL AL PLAS BCO LEIT  X 30","formasFarmaceuticas":["COMPRIMIDO REVESTIDO"],"numero":42,"tonalidade":null,"dataPublicacao":"2001-02-07T00:00:00.000-0300","validade":"24","tipoValidade":"2","registro":null,"principiosAtivos":["SINVASTATINA"],"complemento":null,"embalagemPrimaria":null,"embalagemSecundaria":{"tipo":"CARTUCHO DE CARTOLINA","observacao":null},"embalagemSecundariaTodas":[{"tipo":"CARTUCHO DE CARTOLINA","observacao":null},{"tipo":"BLISTER DE ALUMINIO PLASTICO LEITOSO","observacao":null}],"envoltorios":[],"acessorios":[],"acondicionamento":null,"marcas":[],"fabricantesNacionais":[],"fabricantesInternacionais":[],"viasAdministracao":["ORAL 1"],"ifaUnico":true,"conservacao":["PROTEGER DA LUZ E UMIDADE","PROTEGER DO CALOR"],"restricaoPrescricao":["Venda sob Prescrição Médica"],"restricaoUso":[],"destinacao":["Comercial"],"restricaoHospitais":null,"tarja":null,"medicamentoReferencia":"N","apresentacaoFracionada":"N","dataVencimentoRegistro":null,"tipoAutorizacao":"REGISTRADO","ativa":false,"inativa":false,"emAnalise":true},{"codigo":543582,"apresentacao":"80 MG COM REV CT BL AL PLAS OPC X 10","formasFarmaceuticas":["COMPRIMIDO REVESTIDO"],"numero":28,"tonalidade":null,"dataPublicacao":"2001-02-07T00:00:00.000-0300","validade":"24","tipoValidade":"2","registro":"1023504870283","principiosAtivos":["SINVASTATINA"],"complemento":null,"embalagemPrimaria":{"tipo":"BLISTER DE ALUMINIO/PLASTICO OPACO","observacao":"PVC/PVDC LAMINADO BRANCO LEITOSO (250.5.60) 211X0,29MM"},"embalagemSecundaria":{"tipo":"CARTUCHO DE CARTOLINA","observacao":null},"embalagemSecundariaTodas":[{"tipo":"CARTUCHO DE CARTOLINA","observacao":null}],"envoltorios":[],"acessorios":[],"acondicionamento":null,"marcas":[],"fabricantesNacionais":[{"fabricante":"EMS S/A","cnpj":"57507378000365","pais":"BRASIL","uf":"SP","cidade":"HORTOLÂNDIA","etapaFabricacao":"Processo produtivo completo "}],"fabricantesInternacionais":[],"viasAdministracao":["ORAL"],"ifaUnico":true,"conservacao":["CONSERVAR EM  TEMPERATURA AMBIENTE ( AMBIENTE COM TEMPERATURA ENTRE 15 E 30ºC)","PROTEGER DA LUZ E UMIDADE"],"restricaoPrescricao":["Venda sob Prescrição Médica"],"restricaoUso":["Adulto"],"destinacao":["Comercial"],"restricaoHospitais":"N","tarja":"Vermelha","medicamentoReferencia":"N","apresentacaoFracionada":"N","dataVencimentoRegistro":null,"tipoAutorizacao":"REGISTRADO","ativa":true,"inativa":false,"emAnalise":false},{"codigo":1066405,"apresentacao":"80 MG COM REV CT BL AL PLAS OPC X 20","formasFarmaceuticas":["COMPRIMIDO REVESTIDO"],"numero":43,"tonalidade":null,"dataPublicacao":"2001-02-07T00:00:00.000-0300","validade":"24","tipoValidade":"2","registro":"1023504870437","principiosAtivos":["SINVASTATINA"],"complemento":null,"embalagemPrimaria":{"tipo":"BLISTER DE ALUMINIO/PLASTICO OPACO","observacao":"PVC/PVDC LAMINADO BRANCO LEITOSO (250.5.60) 211X0,29MM"},"embalagemSecundaria":{"tipo":"CARTUCHO DE CARTOLINA","observacao":null},"embalagemSecundariaTodas":[{"tipo":"CARTUCHO DE CARTOLINA","observacao":null}],"envoltorios":[],"acessorios":[],"acondicionamento":null,"marcas":[],"fabricantesNacionais":[{"fabricante":"EMS S/A","cnpj":"57507378000365","pais":"BRASIL","uf":"SP","cidade":"HORTOLÂNDIA","etapaFabricacao":"Processo produtivo completo "}],"fabricantesInternacionais":[],"viasAdministracao":["ORAL"],"ifaUnico":true,"conservacao":["CONSERVAR EM  TEMPERATURA AMBIENTE ( AMBIENTE COM TEMPERATURA ENTRE 15 E 30ºC)","PROTEGER DA LUZ E UMIDADE"],"restricaoPrescricao":["Venda sob Prescrição Médica"],"restricaoUso":["Adulto"],"destinacao":["Comercial"],"restricaoHospitais":"N","tarja":"Vermelha","medicamentoReferencia":"N","apresentacaoFracionada":"N","dataVencimentoRegistro":null,"tipoAutorizacao":"REGISTRADO","ativa":true,"inativa":false,"emAnalise":false},{"codigo":1066406,"apresentacao":"80 MG COM REV CT BL AL PLAS OPC X 30","formasFarmaceuticas":["COMPRIMIDO REVESTIDO"],"numero":44,"tonalidade":null,"dataPublicacao":"2001-02-07T00:00:00.000-0300","validade":"24","tipoValidade":"2","registro":"1023504870445","principiosAtivos":["SINVASTATINA"],"complemento":null,"embalagemPrimaria":{"tipo":"BLISTER DE ALUMINIO/PLASTICO OPACO","observacao":"PVC/PVDC LAMINADO BRANCO LEITOSO (250.5.60) 211X0,29MM"},"embalagemSecundaria":{"tipo":"CARTUCHO DE CARTOLINA","observacao":null},"embalagemSecundariaTodas":[{"tipo":"CARTUCHO DE CARTOLINA","observacao":null}],"envoltorios":[],"acessorios":[],"acondicionamento":null,"marcas":[],"fabricantesNacionais":[{"fabricante":"EMS S/A","cnpj":"57507378000365","pais":"BRASIL","uf":"SP","cidade":"HORTOLÂNDIA","etapaFabricacao":"Processo produtivo completo "}],"fabricantesInternacionais":[],"viasAdministracao":["ORAL"],"ifaUnico":true,"conservacao":["CONSERVAR EM  TEMPERATURA AMBIENTE ( AMBIENTE COM TEMPERATURA ENTRE 15 E 30ºC)","PROTEGER DA LUZ E UMIDADE"],"restricaoPrescricao":["Venda sob Prescrição Médica"],"restricaoUso":["Adulto"],"destinacao":["Comercial"],"restricaoHospitais":"N","tarja":"Vermelha","medicamentoReferencia":"N","apresentacaoFracionada":"N","dataVencimentoRegistro":null,"tipoAutorizacao":"REGISTRADO","ativa":true,"inativa":false,"emAnalise":false},{"codigo":1066407,"apresentacao":"80 MG COM REV CT BL AL PLAS OPC X 40","formasFarmaceuticas":["COMPRIMIDO REVESTIDO"],"numero":45,"tonalidade":null,"dataPublicacao":"2001-02-07T00:00:00.000-0300","validade":"24","tipoValidade":"2","registro":"1023504870453","principiosAtivos":["SINVASTATINA"],"complemento":null,"embalagemPrimaria":{"tipo":"BLISTER DE ALUMINIO/PLASTICO OPACO","observacao":"PVC/PVDC LAMINADO BRANCO LEITOSO (250.5.60) 211X0,29MM"},"embalagemSecundaria":{"tipo":"CARTUCHO DE CARTOLINA","observacao":null},"embalagemSecundariaTodas":[{"tipo":"CARTUCHO DE CARTOLINA","observacao":null}],"envoltorios":[],"acessorios":[],"acondicionamento":null,"marcas":[],"fabricantesNacionais":[{"fabricante":"EMS S/A","cnpj":"57507378000365","pais":"BRASIL","uf":"SP","cidade":"HORTOLÂNDIA","etapaFabricacao":"Processo produtivo completo "}],"fabricantesInternacionais":[],"viasAdministracao":["ORAL"],"ifaUnico":true,"conservacao":["CONSERVAR EM  TEMPERATURA AMBIENTE ( AMBIENTE COM TEMPERATURA ENTRE 15 E 30ºC)","PROTEGER DA LUZ E UMIDADE"],"restricaoPrescricao":["Venda sob Prescrição Médica"],"restricaoUso":["Adulto"],"destinacao":["Comercial"],"restricaoHospitais":"N","tarja":"Vermelha","medicamentoReferencia":"N","apresentacaoFracionada":"N","dataVencimentoRegistro":null,"tipoAutorizacao":"REGISTRADO","ativa":true,"inativa":false,"emAnalise":false},{"codigo":1066408,"apresentacao":"80 MG COM REV CT BL AL PLAS OPC X 60","formasFarmaceuticas":["COMPRIMIDO REVESTIDO"],"numero":46,"tonalidade":null,"dataPublicacao":"2001-02-07T00:00:00.000-0300","validade":"24","tipoValidade":"2","registro":"1023504870461","principiosAtivos":["SINVASTATINA"],"complemento":null,"embalagemPrimaria":{"tipo":"BLISTER DE ALUMINIO/PLASTICO OPACO","observacao":"PVC/PVDC LAMINADO BRANCO LEITOSO (250.5.60) 211X0,29MM"},"embalagemSecundaria":{"tipo":"CARTUCHO DE CARTOLINA","observacao":null},"embalagemSecundariaTodas":[{"tipo":"CARTUCHO DE CARTOLINA","observacao":null}],"envoltorios":[],"acessorios":[],"acondicionamento":null,"marcas":[],"fabricantesNacionais":[{"fabricante":"EMS S/A","cnpj":"57507378000365","pais":"BRASIL","uf":"SP","cidade":"HORTOLÂNDIA","etapaFabricacao":"Processo produtivo completo "}],"fabricantesInternacionais":[],"viasAdministracao":["ORAL"],"ifaUnico":true,"conservacao":["CONSERVAR EM  TEMPERATURA AMBIENTE ( AMBIENTE COM TEMPERATURA ENTRE 15 E 30ºC)","PROTEGER DA LUZ E UMIDADE"],"restricaoPrescricao":["Venda sob Prescrição Médica"],"restricaoUso":["Adulto"],"destinacao":["Comercial"],"restricaoHospitais":"N","tarja":"Vermelha","medicamentoReferencia":"N","apresentacaoFracionada":"N","dataVencimentoRegistro":null,"tipoAutorizacao":"REGISTRADO","ativa":true,"inativa":false,"emAnalise":false},{"codigo":1066455,"apresentacao":"20 MG COM REV CT BL AL PLAS OPC X 10","formasFarmaceuticas":["COMPRIMIDO REVESTIDO"],"numero":47,"tonalidade":null,"dataPublicacao":"2001-02-07T00:00:00.000-0300","validade":"24","tipoValidade":"2","registro":"1023504870471","principiosAtivos":["SINVASTATINA"],"complemento":null,"embalagemPrimaria":{"tipo":"BLISTER DE ALUMINIO/PLASTICO OPACO","observacao":"PVC/PVDC LAMINADO BRANCO LEITOSO (250.5.60) 211X0,29MM"},"embalagemSecundaria":{"tipo":"CARTUCHO DE CARTOLINA","observacao":null},"embalagemSecundariaTodas":[{"tipo":"CARTUCHO DE CARTOLINA","observacao":null}],"envoltorios":[],"acessorios":[],"acondicionamento":null,"marcas":[],"fabricantesNacionais":[{"fabricante":"EMS S/A","cnpj":"57507378000365","pais":"BRASIL","uf":"SP","cidade":"HORTOLÂNDIA","etapaFabricacao":"Embalagem secundária"},{"fabricante":"CPM CONCESSIONARIA PAULISTA DE MEDICAMENTOS S/A","cnpj":"18676762000178","pais":"BRASIL","uf":"SP","cidade":"AMÉRICO BRASILIENSE","etapaFabricacao":"Embalagem a granel"},{"fabricante":"EMS S/A","cnpj":"57507378000365","pais":"BRASIL","uf":"SP","cidade":"HORTOLÂNDIA","etapaFabricacao":"Processo produtivo completo "},{"fabricante":"NOVAMED FABRICAÇÃO DE PRODUTOS FARMACEUTICOS LTDA","cnpj":"12424020000179","pais":"BRASIL","uf":"AM","cidade":"MANAUS","etapaFabricacao":null},{"fabricante":"CPM CONCESSIONARIA PAULISTA DE MEDICAMENTOS S/A","cnpj":"18676762000178","pais":"BRASIL","uf":"SP","cidade":"AMÉRICO BRASILIENSE","etapaFabricacao":"Embalagem primária"}],"fabricantesInternacionais":[],"viasAdministracao":["ORAL"],"ifaUnico":true,"conservacao":["CONSERVAR EM  TEMPERATURA AMBIENTE ( AMBIENTE COM TEMPERATURA ENTRE 15 E 30ºC)","PROTEGER DA LUZ E UMIDADE"],"restricaoPrescricao":["Venda sob Prescrição Médica"],"restricaoUso":["Adulto"],"destinacao":["Comercial"],"restricaoHospitais":"N","tarja":"Vermelha","medicamentoReferencia":"N","apresentacaoFracionada":"N","dataVencimentoRegistro":null,"tipoAutorizacao":"REGISTRADO","ativa":true,"inativa":false,"emAnalise":false},{"codigo":1066456,"apresentacao":"20 MG COM REV CT BL AL PLAS OPC X 20","formasFarmaceuticas":["COMPRIMIDO REVESTIDO"],"numero":48,"tonalidade":null,"dataPublicacao":"2001-02-07T00:00:00.000-0300","validade":"24","tipoValidade":"2","registro":"1023504870488","principiosAtivos":["SINVASTATINA"],"complemento":null,"embalagemPrimaria":{"tipo":"BLISTER DE ALUMINIO/PLASTICO OPACO","observacao":"PVC/PVDC LAMINADO BRANCO LEITOSO (250.5.60) 211X0,29MM"},"embalagemSecundaria":{"tipo":"CARTUCHO DE CARTOLINA","observacao":null},"embalagemSecundariaTodas":[{"tipo":"CARTUCHO DE CARTOLINA","observacao":null}],"envoltorios":[],"acessorios":[],"acondicionamento":null,"marcas":[],"fabricantesNacionais":[{"fabricante":"EMS S/A","cnpj":"57507378000365","pais":"BRASIL","uf":"SP","cidade":"HORTOLÂNDIA","etapaFabricacao":"Embalagem secundária"},{"fabricante":"CPM CONCESSIONARIA PAULISTA DE MEDICAMENTOS S/A","cnpj":"18676762000178","pais":"BRASIL","uf":"SP","cidade":"AMÉRICO BRASILIENSE","etapaFabricacao":"Embalagem a granel"},{"fabricante":"EMS S/A","cnpj":"57507378000365","pais":"BRASIL","uf":"SP","cidade":"HORTOLÂNDIA","etapaFabricacao":"Processo produtivo completo "},{"fabricante":"NOVAMED FABRICAÇÃO DE PRODUTOS FARMACEUTICOS LTDA","cnpj":"12424020000179","pais":"BRASIL","uf":"AM","cidade":"MANAUS","etapaFabricacao":null},{"fabricante":"CPM CONCESSIONARIA PAULISTA DE MEDICAMENTOS S/A","cnpj":"18676762000178","pais":"BRASIL","uf":"SP","cidade":"AMÉRICO BRASILIENSE","etapaFabricacao":"Embalagem primária"}],"fabricantesInternacionais":[],"viasAdministracao":["ORAL"],"ifaUnico":true,"conservacao":["CONSERVAR EM  TEMPERATURA AMBIENTE ( AMBIENTE COM TEMPERATURA ENTRE 15 E 30ºC)","PROTEGER DA LUZ E UMIDADE"],"restricaoPrescricao":["Venda sob Prescrição Médica"],"restricaoUso":["Adulto"],"destinacao":["Comercial"],"restricaoHospitais":"N","tarja":"Vermelha","medicamentoReferencia":"N","apresentacaoFracionada":"N","dataVencimentoRegistro":null,"tipoAutorizacao":"REGISTRADO","ativa":true,"inativa":false,"emAnalise":false},{"codigo":1066457,"apresentacao":"20 MG COM REV CT BL AL PLAS OPC X 30","formasFarmaceuticas":["COMPRIMIDO REVESTIDO"],"numero":49,"tonalidade":null,"dataPublicacao":"2001-02-07T00:00:00.000-0300","validade":"24","tipoValidade":"2","registro":"1023504870496","principiosAtivos":["SINVASTATINA"],"complemento":null,"embalagemPrimaria":{"tipo":"BLISTER DE ALUMINIO/PLASTICO OPACO","observacao":"PVC/PVDC LAMINADO BRANCO LEITOSO (250.5.60) 211X0,29MM"},"embalagemSecundaria":{"tipo":"CARTUCHO DE CARTOLINA","observacao":null},"embalagemSecundariaTodas":[{"tipo":"CARTUCHO DE CARTOLINA","observacao":null}],"envoltorios":[],"acessorios":[],"acondicionamento":null,"marcas":[],"fabricantesNacionais":[{"fabricante":"EMS S/A","cnpj":"57507378000365","pais":"BRASIL","uf":"SP","cidade":"HORTOLÂNDIA","etapaFabricacao":"Embalagem secundária"},{"fabricante":"CPM CONCESSIONARIA PAULISTA DE MEDICAMENTOS S/A","cnpj":"18676762000178","pais":"BRASIL","uf":"SP","cidade":"AMÉRICO BRASILIENSE","etapaFabricacao":"Embalagem a granel"},{"fabricante":"EMS S/A","cnpj":"57507378000365","pais":"BRASIL","uf":"SP","cidade":"HORTOLÂNDIA","etapaFabricacao":"Processo produtivo completo "},{"fabricante":"NOVAMED FABRICAÇÃO DE PRODUTOS FARMACEUTICOS LTDA","cnpj":"12424020000179","pais":"BRASIL","uf":"AM","cidade":"MANAUS","etapaFabricacao":null},{"fabricante":"CPM CONCESSIONARIA PAULISTA DE MEDICAMENTOS S/A","cnpj":"18676762000178","pais":"BRASIL","uf":"SP","cidade":"AMÉRICO BRASILIENSE","etapaFabricacao":"Embalagem primária"}],"fabricantesInternacionais":[],"viasAdministracao":["ORAL"],"ifaUnico":true,"conservacao":["CONSERVAR EM  TEMPERATURA AMBIENTE ( AMBIENTE COM TEMPERATURA ENTRE 15 E 30ºC)","PROTEGER DA LUZ E UMIDADE"],"restricaoPrescricao":["Venda sob Prescrição Médica"],"restricaoUso":["Adulto"],"destinacao":["Comercial"],"restricaoHospitais":"N","tarja":"Vermelha","medicamentoReferencia":"N","apresentacaoFracionada":"N","dataVencimentoRegistro":null,"tipoAutorizacao":"REGISTRADO","ativa":true,"inativa":false,"emAnalise":false},{"codigo":1066458,"apresentacao":"20 MG COM REV CT BL AL PLAS OPC X 40","formasFarmaceuticas":["COMPRIMIDO REVESTIDO"],"numero":50,"tonalidade":null,"dataPublicacao":"2001-02-07T00:00:00.000-0300","validade":"24","tipoValidade":"2","registro":"1023504870501","principiosAtivos":["SINVASTATINA"],"complemento":null,"embalagemPrimaria":{"tipo":"BLISTER DE ALUMINIO/PLASTICO OPACO","observacao":"PVC/PVDC LAMINADO BRANCO LEITOSO (250.5.60) 211X0,29MM"},"embalagemSecundaria":{"tipo":"CARTUCHO DE CARTOLINA","observacao":null},"embalagemSecundariaTodas":[{"tipo":"CARTUCHO DE CARTOLINA","observacao":null}],"envoltorios":[],"acessorios":[],"acondicionamento":null,"marcas":[],"fabricantesNacionais":[{"fabricante":"EMS S/A","cnpj":"57507378000365","pais":"BRASIL","uf":"SP","cidade":"HORTOLÂNDIA","etapaFabricacao":"Embalagem secundária"},{"fabricante":"CPM CONCESSIONARIA PAULISTA DE MEDICAMENTOS S/A","cnpj":"18676762000178","pais":"BRASIL","uf":"SP","cidade":"AMÉRICO BRASILIENSE","etapaFabricacao":"Embalagem a granel"},{"fabricante":"EMS S/A","cnpj":"57507378000365","pais":"BRASIL","uf":"SP","cidade":"HORTOLÂNDIA","etapaFabricacao":"Processo produtivo completo "},{"fabricante":"NOVAMED FABRICAÇÃO DE PRODUTOS FARMACEUTICOS LTDA","cnpj":"12424020000179","pais":"BRASIL","uf":"AM","cidade":"MANAUS","etapaFabricacao":null},{"fabricante":"CPM CONCESSIONARIA PAULISTA DE MEDICAMENTOS S/A","cnpj":"18676762000178","pais":"BRASIL","uf":"SP","cidade":"AMÉRICO BRASILIENSE","etapaFabricacao":"Embalagem primária"}],"fabricantesInternacionais":[],"viasAdministracao":["ORAL"],"ifaUnico":true,"conservacao":["CONSERVAR EM  TEMPERATURA AMBIENTE ( AMBIENTE COM TEMPERATURA ENTRE 15 E 30ºC)","PROTEGER DA LUZ E UMIDADE"],"restricaoPrescricao":["Venda sob Prescrição Médica"],"restricaoUso":["Adulto"],"destinacao":["Comercial"],"restricaoHospitais":"N","tarja":"Vermelha","medicamentoReferencia":"N","apresentacaoFracionada":"N","dataVencimentoRegistro":null,"tipoAutorizacao":"REGISTRADO","ativa":true,"inativa":false,"emAnalise":false},{"codigo":1066459,"apresentacao":"20 MG COM REV CT BL AL PLAS OPC X 60","formasFarmaceuticas":["COMPRIMIDO REVESTIDO"],"numero":51,"tonalidade":null,"dataPublicacao":"2001-02-07T00:00:00.000-0300","validade":"24","tipoValidade":"2","registro":"1023504870235","principiosAtivos":["SINVASTATINA"],"complemento":null,"embalagemPrimaria":{"tipo":"BLISTER DE ALUMINIO/PLASTICO OPACO","observacao":"PVC/PVDC LAMINADO BRANCO LEITOSO (250.5.60) 211X0,29MM"},"embalagemSecundaria":{"tipo":"CARTUCHO DE CARTOLINA","observacao":null},"embalagemSecundariaTodas":[{"tipo":"CARTUCHO DE CARTOLINA","observacao":null}],"envoltorios":[],"acessorios":[],"acondicionamento":null,"marcas":[],"fabricantesNacionais":[{"fabricante":"EMS S/A","cnpj":"57507378000365","pais":"BRASIL","uf":"SP","cidade":"HORTOLÂNDIA","etapaFabricacao":"Embalagem secundária"},{"fabricante":"CPM CONCESSIONARIA PAULISTA DE MEDICAMENTOS S/A","cnpj":"18676762000178","pais":"BRASIL","uf":"SP","cidade":"AMÉRICO BRASILIENSE","etapaFabricacao":"Embalagem a granel"},{"fabricante":"EMS S/A","cnpj":"57507378000365","pais":"BRASIL","uf":"SP","cidade":"HORTOLÂNDIA","etapaFabricacao":"Processo produtivo completo "},{"fabricante":"NOVAMED FABRICAÇÃO DE PRODUTOS FARMACEUTICOS LTDA","cnpj":"12424020000179","pais":"BRASIL","uf":"AM","cidade":"MANAUS","etapaFabricacao":null},{"fabricante":"CPM CONCESSIONARIA PAULISTA DE MEDICAMENTOS S/A","cnpj":"18676762000178","pais":"BRASIL","uf":"SP","cidade":"AMÉRICO BRASILIENSE","etapaFabricacao":"Embalagem primária"}],"fabricantesInternacionais":[],"viasAdministracao":["ORAL"],"ifaUnico":true,"conservacao":["CONSERVAR EM  TEMPERATURA AMBIENTE ( AMBIENTE COM TEMPERATURA ENTRE 15 E 30ºC)","PROTEGER DA LUZ E UMIDADE"],"restricaoPrescricao":["Venda sob Prescrição Médica"],"restricaoUso":["Adulto"],"destinacao":["Comercial"],"restricaoHospitais":"N","tarja":"Vermelha","medicamentoReferencia":"N","apresentacaoFracionada":"N","dataVencimentoRegistro":null,"tipoAutorizacao":"REGISTRADO","ativa":true,"inativa":false,"emAnalise":false},{"codigo":1066460,"apresentacao":"40 MG COM REV CT BL AL PLAS OPC X 10","formasFarmaceuticas":["COMPRIMIDO REVESTIDO"],"numero":52,"tonalidade":null,"dataPublicacao":"2001-02-07T00:00:00.000-0300","validade":"24","tipoValidade":"2","registro":"1023504870125","principiosAtivos":["SINVASTATINA"],"complemento":null,"embalagemPrimaria":{"tipo":"BLISTER DE ALUMINIO/PLASTICO OPACO","observacao":"PVC/PVDC LAMINADO BRANCO LEITOSO (250.5.60) 211X0,29MM"},"embalagemSecundaria":{"tipo":"CARTUCHO DE CARTOLINA","observacao":null},"embalagemSecundariaTodas":[{"tipo":"CARTUCHO DE CARTOLINA","observacao":null}],"envoltorios":[],"acessorios":[],"acondicionamento":null,"marcas":[],"fabricantesNacionais":[{"fabricante":"NOVAMED FABRICAÇÃO DE PRODUTOS FARMACEUTICOS LTDA","cnpj":"12424020000179","pais":"BRASIL","uf":"AM","cidade":"MANAUS","etapaFabricacao":"Embalagem a granel"}],"fabricantesInternacionais":[],"viasAdministracao":["ORAL"],"ifaUnico":true,"conservacao":["CONSERVAR EM  TEMPERATURA AMBIENTE ( AMBIENTE COM TEMPERATURA ENTRE 15 E 30ºC)","PROTEGER DA LUZ E UMIDADE"],"restricaoPrescricao":["Venda sob Prescrição Médica"],"restricaoUso":["Adulto"],"destinacao":["Comercial"],"restricaoHospitais":"N","tarja":"Vermelha","medicamentoReferencia":"N","apresentacaoFracionada":"N","dataVencimentoRegistro":null,"tipoAutorizacao":"REGISTRADO","ativa":true,"inativa":false,"emAnalise":false},{"codigo":1066461,"apresentacao":"40 MG COM REV CT BL AL PLAS OPC X 20","formasFarmaceuticas":["COMPRIMIDO REVESTIDO"],"numero":53,"tonalidade":null,"dataPublicacao":"2001-02-07T00:00:00.000-0300","validade":"24","tipoValidade":"2","registro":"1023504870534","principiosAtivos":["SINVASTATINA"],"complemento":null,"embalagemPrimaria":{"tipo":"BLISTER DE ALUMINIO/PLASTICO OPACO","observacao":"PVC/PVDC LAMINADO BRANCO LEITOSO (250.5.60) 211X0,29MM"},"embalagemSecundaria":{"tipo":"CARTUCHO DE CARTOLINA","observacao":null},"embalagemSecundariaTodas":[{"tipo":"CARTUCHO DE CARTOLINA","observacao":null}],"envoltorios":[],"acessorios":[],"acondicionamento":null,"marcas":[],"fabricantesNacionais":[{"fabricante":"NOVAMED FABRICAÇÃO DE PRODUTOS FARMACEUTICOS LTDA","cnpj":"12424020000179","pais":"BRASIL","uf":"AM","cidade":"MANAUS","etapaFabricacao":"Embalagem a granel"}],"fabricantesInternacionais":[],"viasAdministracao":["ORAL"],"ifaUnico":true,"conservacao":["CONSERVAR EM  TEMPERATURA AMBIENTE ( AMBIENTE COM TEMPERATURA ENTRE 15 E 30ºC)","PROTEGER DA LUZ E UMIDADE"],"restricaoPrescricao":["Venda sob Prescrição Médica"],"restricaoUso":["Adulto"],"destinacao":["Comercial"],"restricaoHospitais":"N","tarja":"Vermelha","medicamentoReferencia":"N","apresentacaoFracionada":"N","dataVencimentoRegistro":null,"tipoAutorizacao":"REGISTRADO","ativa":true,"inativa":false,"emAnalise":false},{"codigo":1066462,"apresentacao":"40 MG COM REV CT BL AL PLAS OPC X 30","formasFarmaceuticas":["COMPRIMIDO REVESTIDO"],"numero":54,"tonalidade":null,"dataPublicacao":"2001-02-07T00:00:00.000-0300","validade":"24","tipoValidade":"2","registro":"1023504870542","principiosAtivos":["SINVASTATINA"],"complemento":null,"embalagemPrimaria":{"tipo":"BLISTER DE ALUMINIO/PLASTICO OPACO","observacao":"PVC/PVDC LAMINADO BRANCO LEITOSO (250.5.60) 211X0,29MM"},"embalagemSecundaria":{"tipo":"CARTUCHO DE CARTOLINA","observacao":null},"embalagemSecundariaTodas":[{"tipo":"CARTUCHO DE CARTOLINA","observacao":null}],"envoltorios":[],"acessorios":[],"acondicionamento":null,"marcas":[],"fabricantesNacionais":[{"fabricante":"NOVAMED FABRICAÇÃO DE PRODUTOS FARMACEUTICOS LTDA","cnpj":"12424020000179","pais":"BRASIL","uf":"AM","cidade":"MANAUS","etapaFabricacao":"Embalagem a granel"}],"fabricantesInternacionais":[],"viasAdministracao":["ORAL"],"ifaUnico":true,"conservacao":["CONSERVAR EM  TEMPERATURA AMBIENTE ( AMBIENTE COM TEMPERATURA ENTRE 15 E 30ºC)","PROTEGER DA LUZ E UMIDADE"],"restricaoPrescricao":["Venda sob Prescrição Médica"],"restricaoUso":["Adulto"],"destinacao":["Comercial"],"restricaoHospitais":"N","tarja":"Vermelha","medicamentoReferencia":"N","apresentacaoFracionada":"N","dataVencimentoRegistro":null,"tipoAutorizacao":"REGISTRADO","ativa":true,"inativa":false,"emAnalise":false},{"codigo":1066463,"apresentacao":"40 MG COM REV CT BL AL PLAS OPC X 40","formasFarmaceuticas":["COMPRIMIDO REVESTIDO"],"numero":55,"tonalidade":null,"dataPublicacao":"2001-02-07T00:00:00.000-0300","validade":"24","tipoValidade":"2","registro":"1023504870550","principiosAtivos":["SINVASTATINA"],"complemento":null,"embalagemPrimaria":{"tipo":"BLISTER DE ALUMINIO/PLASTICO OPACO","observacao":"PVC/PVDC LAMINADO BRANCO LEITOSO (250.5.60) 211X0,29MM"},"embalagemSecundaria":{"tipo":"CARTUCHO DE CARTOLINA","observacao":null},"embalagemSecundariaTodas":[{"tipo":"CARTUCHO DE CARTOLINA","observacao":null}],"envoltorios":[],"acessorios":[],"acondicionamento":null,"marcas":[],"fabricantesNacionais":[{"fabricante":"NOVAMED FABRICAÇÃO DE PRODUTOS FARMACEUTICOS LTDA","cnpj":"12424020000179","pais":"BRASIL","uf":"AM","cidade":"MANAUS","etapaFabricacao":"Embalagem a granel"}],"fabricantesInternacionais":[],"viasAdministracao":["ORAL"],"ifaUnico":true,"conservacao":["CONSERVAR EM  TEMPERATURA AMBIENTE ( AMBIENTE COM TEMPERATURA ENTRE 15 E 30ºC)","PROTEGER DA LUZ E UMIDADE"],"restricaoPrescricao":["Venda sob Prescrição Médica"],"restricaoUso":["Adulto"],"destinacao":["Comercial"],"restricaoHospitais":"N","tarja":"Vermelha","medicamentoReferencia":"N","apresentacaoFracionada":"N","dataVencimentoRegistro":null,"tipoAutorizacao":"REGISTRADO","ativa":true,"inativa":false,"emAnalise":false},{"codigo":1066464,"apresentacao":"40 MG COM REV CT BL AL PLAS OPC X 60","formasFarmaceuticas":["COMPRIMIDO REVESTIDO"],"numero":56,"tonalidade":null,"dataPublicacao":"2001-02-07T00:00:00.000-0300","validade":"24","tipoValidade":"2","registro":"1023504870569","principiosAtivos":["SINVASTATINA"],"complemento":null,"embalagemPrimaria":{"tipo":"BLISTER DE ALUMINIO/PLASTICO OPACO","observacao":"PVC/PVDC LAMINADO BRANCO LEITOSO (250.5.60) 211X0,29MM"},"embalagemSecundaria":{"tipo":"CARTUCHO DE CARTOLINA","observacao":null},"embalagemSecundariaTodas":[{"tipo":"CARTUCHO DE CARTOLINA","observacao":null}],"envoltorios":[],"acessorios":[],"acondicionamento":null,"marcas":[],"fabricantesNacionais":[{"fabricante":"NOVAMED FABRICAÇÃO DE PRODUTOS FARMACEUTICOS LTDA","cnpj":"12424020000179","pais":"BRASIL","uf":"AM","cidade":"MANAUS","etapaFabricacao":"Embalagem a granel"}],"fabricantesInternacionais":[],"viasAdministracao":["ORAL"],"ifaUnico":true,"conservacao":["CONSERVAR EM  TEMPERATURA AMBIENTE ( AMBIENTE COM TEMPERATURA ENTRE 15 E 30ºC)","PROTEGER DA LUZ E UMIDADE"],"restricaoPrescricao":["Venda sob Prescrição Médica"],"restricaoUso":["Adulto"],"destinacao":["Comercial"],"restricaoHospitais":"N","tarja":"Vermelha","medicamentoReferencia":"N","apresentacaoFracionada":"N","dataVencimentoRegistro":null,"tipoAutorizacao":"REGISTRADO","ativa":true,"inativa":false,"emAnalise":false},{"codigo":1311849,"apresentacao":"10 MG COM REV CT BL AL PLAS OPC X 10","formasFarmaceuticas":["COMPRIMIDO REVESTIDO"],"numero":57,"tonalidade":null,"dataPublicacao":"2001-02-07T00:00:00.000-0300","validade":"24","tipoValidade":"2","registro":"1023504870577","principiosAtivos":["SINVASTATINA"],"complemento":null,"embalagemPrimaria":{"tipo":"BLISTER DE ALUMINIO/PLASTICO OPACO","observacao":"PVC/PVDC LAMINADO BRANCO LEITOSO (250.5.60) 211X0,29MM"},"embalagemSecundaria":{"tipo":"CARTUCHO DE CARTOLINA","observacao":null},"embalagemSecundariaTodas":[{"tipo":"CARTUCHO DE CARTOLINA","observacao":null}],"envoltorios":[],"acessorios":[],"acondicionamento":null,"marcas":[],"fabricantesNacionais":[{"fabricante":"EMS S/A","cnpj":"57507378000365","pais":"BRASIL","uf":"SP","cidade":"HORTOLÂNDIA","etapaFabricacao":"Embalagem secundária"},{"fabricante":"CPM CONCESSIONARIA PAULISTA DE MEDICAMENTOS S/A","cnpj":"18676762000178","pais":"BRASIL","uf":"SP","cidade":"AMÉRICO BRASILIENSE","etapaFabricacao":"Embalagem a granel"},{"fabricante":"EMS S/A","cnpj":"57507378000365","pais":"BRASIL","uf":"SP","cidade":"HORTOLÂNDIA","etapaFabricacao":"Processo produtivo completo "},{"fabricante":"NOVAMED FABRICAÇÃO DE PRODUTOS FARMACEUTICOS LTDA","cnpj":"12424020000179","pais":"BRASIL","uf":"AM","cidade":"MANAUS","etapaFabricacao":null},{"fabricante":"CPM CONCESSIONARIA PAULISTA DE MEDICAMENTOS S/A","cnpj":"18676762000178","pais":"BRASIL","uf":"SP","cidade":"AMÉRICO BRASILIENSE","etapaFabricacao":"Embalagem primária"}],"fabricantesInternacionais":[],"viasAdministracao":["ORAL"],"ifaUnico":true,"conservacao":["CONSERVAR EM  TEMPERATURA AMBIENTE ( AMBIENTE COM TEMPERATURA ENTRE 15 E 30ºC)","PROTEGER DA LUZ E UMIDADE"],"restricaoPrescricao":["Venda sob Prescrição Médica"],"restricaoUso":["Adulto"],"destinacao":["Comercial"],"restricaoHospitais":"N","tarja":"Vermelha","medicamentoReferencia":"N","apresentacaoFracionada":"N","dataVencimentoRegistro":null,"tipoAutorizacao":"REGISTRADO","ativa":true,"inativa":false,"emAnalise":false},{"codigo":1311850,"apresentacao":"10 MG COM REV CT BL AL PLAS OPC X 20","formasFarmaceuticas":["COMPRIMIDO REVESTIDO"],"numero":58,"tonalidade":null,"dataPublicacao":"2001-02-07T00:00:00.000-0300","validade":"24","tipoValidade":"2","registro":"1023504870585","principiosAtivos":["SINVASTATINA"],"complemento":null,"embalagemPrimaria":{"tipo":"BLISTER DE ALUMINIO/PLASTICO OPACO","observacao":"PVC/PVDC LAMINADO BRANCO LEITOSO (250.5.60) 211X0,29MM"},"embalagemSecundaria":{"tipo":"CARTUCHO DE CARTOLINA","observacao":null},"embalagemSecundariaTodas":[{"tipo":"CARTUCHO DE CARTOLINA","observacao":null}],"envoltorios":[],"acessorios":[],"acondicionamento":null,"marcas":[],"fabricantesNacionais":[{"fabricante":"EMS S/A","cnpj":"57507378000365","pais":"BRASIL","uf":"SP","cidade":"HORTOLÂNDIA","etapaFabricacao":"Embalagem secundária"},{"fabricante":"CPM CONCESSIONARIA PAULISTA DE MEDICAMENTOS S/A","cnpj":"18676762000178","pais":"BRASIL","uf":"SP","cidade":"AMÉRICO BRASILIENSE","etapaFabricacao":"Embalagem a granel"},{"fabricante":"EMS S/A","cnpj":"57507378000365","pais":"BRASIL","uf":"SP","cidade":"HORTOLÂNDIA","etapaFabricacao":"Processo produtivo completo "},{"fabricante":"NOVAMED FABRICAÇÃO DE PRODUTOS FARMACEUTICOS LTDA","cnpj":"12424020000179","pais":"BRASIL","uf":"AM","cidade":"MANAUS","etapaFabricacao":null},{"fabricante":"CPM CONCESSIONARIA PAULISTA DE MEDICAMENTOS S/A","cnpj":"18676762000178","pais":"BRASIL","uf":"SP","cidade":"AMÉRICO BRASILIENSE","etapaFabricacao":"Embalagem primária"}],"fabricantesInternacionais":[],"viasAdministracao":["ORAL"],"ifaUnico":true,"conservacao":["CONSERVAR EM  TEMPERATURA AMBIENTE ( AMBIENTE COM TEMPERATURA ENTRE 15 E 30ºC)","PROTEGER DA LUZ E UMIDADE"],"restricaoPrescricao":["Venda sob Prescrição Médica"],"restricaoUso":["Adulto"],"destinacao":["Comercial"],"restricaoHospitais":"N","tarja":"Vermelha","medicamentoReferencia":"N","apresentacaoFracionada":"N","dataVencimentoRegistro":null,"tipoAutorizacao":"REGISTRADO","ativa":true,"inativa":false,"emAnalise":false},{"codigo":1311851,"apresentacao":"10 MG COM REV CT BL AL PLAS OPC X 30","formasFarmaceuticas":["COMPRIMIDO REVESTIDO"],"numero":59,"tonalidade":null,"dataPublicacao":"2001-02-07T00:00:00.000-0300","validade":"24","tipoValidade":"2","registro":"1023504870593","principiosAtivos":["SINVASTATINA"],"complemento":null,"embalagemPrimaria":{"tipo":"BLISTER DE ALUMINIO/PLASTICO OPACO","observacao":"PVC/PVDC LAMINADO BRANCO LEITOSO (250.5.60) 211X0,29MM"},"embalagemSecundaria":{"tipo":"CARTUCHO DE CARTOLINA","observacao":null},"embalagemSecundariaTodas":[{"tipo":"CARTUCHO DE CARTOLINA","observacao":null}],"envoltorios":[],"acessorios":[],"acondicionamento":null,"marcas":[],"fabricantesNacionais":[{"fabricante":"EMS S/A","cnpj":"57507378000365","pais":"BRASIL","uf":"SP","cidade":"HORTOLÂNDIA","etapaFabricacao":"Embalagem secundária"},{"fabricante":"CPM CONCESSIONARIA PAULISTA DE MEDICAMENTOS S/A","cnpj":"18676762000178","pais":"BRASIL","uf":"SP","cidade":"AMÉRICO BRASILIENSE","etapaFabricacao":"Embalagem a granel"},{"fabricante":"EMS S/A","cnpj":"57507378000365","pais":"BRASIL","uf":"SP","cidade":"HORTOLÂNDIA","etapaFabricacao":"Processo produtivo completo "},{"fabricante":"NOVAMED FABRICAÇÃO DE PRODUTOS FARMACEUTICOS LTDA","cnpj":"12424020000179","pais":"BRASIL","uf":"AM","cidade":"MANAUS","etapaFabricacao":null},{"fabricante":"CPM CONCESSIONARIA PAULISTA DE MEDICAMENTOS S/A","cnpj":"18676762000178","pais":"BRASIL","uf":"SP","cidade":"AMÉRICO BRASILIENSE","etapaFabricacao":"Embalagem primária"}],"fabricantesInternacionais":[],"viasAdministracao":["ORAL"],"ifaUnico":true,"conservacao":["CONSERVAR EM  TEMPERATURA AMBIENTE ( AMBIENTE COM TEMPERATURA ENTRE 15 E 30ºC)","PROTEGER DA LUZ E UMIDADE"],"restricaoPrescricao":["Venda sob Prescrição Médica"],"restricaoUso":["Adulto"],"destinacao":["Comercial"],"restricaoHospitais":"N","tarja":"Vermelha","medicamentoReferencia":"N","apresentacaoFracionada":"N","dataVencimentoRegistro":null,"tipoAutorizacao":"REGISTRADO","ativa":true,"inativa":false,"emAnalise":false},{"codigo":1311852,"apresentacao":"10 MG COM REV CT BL AL PLAS OPC X 60 (EMB FRAC)","formasFarmaceuticas":["COMPRIMIDO REVESTIDO"],"numero":60,"tonalidade":null,"dataPublicacao":"2001-02-07T00:00:00.000-0300","validade":"24","tipoValidade":"2","registro":"1023504870607","principiosAtivos":["SINVASTATINA"],"complemento":null,"embalagemPrimaria":{"tipo":"BLISTER DE ALUMINIO/PLASTICO OPACO","observacao":"PVC/PVDC LAMINADO BRANCO LEITOSO (250.5.60) 211X0,29MM"},"embalagemSecundaria":{"tipo":"CARTUCHO DE CARTOLINA","observacao":null},"embalagemSecundariaTodas":[{"tipo":"CARTUCHO DE CARTOLINA","observacao":null}],"envoltorios":[],"acessorios":[],"acondicionamento":null,"marcas":[],"fabricantesNacionais":[{"fabricante":"EMS S/A","cnpj":"57507378000365","pais":"BRASIL","uf":"SP","cidade":"HORTOLÂNDIA","etapaFabricacao":"Embalagem secundária"},{"fabricante":"CPM CONCESSIONARIA PAULISTA DE MEDICAMENTOS S/A","cnpj":"18676762000178","pais":"BRASIL","uf":"SP","cidade":"AMÉRICO BRASILIENSE","etapaFabricacao":"Embalagem a granel"},{"fabricante":"EMS S/A","cnpj":"57507378000365","pais":"BRASIL","uf":"SP","cidade":"HORTOLÂNDIA","etapaFabricacao":"Processo produtivo completo "},{"fabricante":"NOVAMED FABRICAÇÃO DE PRODUTOS FARMACEUTICOS LTDA","cnpj":"12424020000179","pais":"BRASIL","uf":"AM","cidade":"MANAUS","etapaFabricacao":null},{"fabricante":"CPM CONCESSIONARIA PAULISTA DE MEDICAMENTOS S/A","cnpj":"18676762000178","pais":"BRASIL","uf":"SP","cidade":"AMÉRICO BRASILIENSE","etapaFabricacao":"Embalagem primária"}],"fabricantesInternacionais":[],"viasAdministracao":["ORAL"],"ifaUnico":true,"conservacao":["CONSERVAR EM  TEMPERATURA AMBIENTE ( AMBIENTE COM TEMPERATURA ENTRE 15 E 30ºC)","PROTEGER DA LUZ E UMIDADE"],"restricaoPrescricao":["Venda sob Prescrição Médica"],"restricaoUso":["Adulto"],"destinacao":["Comercial"],"restricaoHospitais":"N","tarja":"Vermelha","medicamentoReferencia":"N","apresentacaoFracionada":"S","dataVencimentoRegistro":null,"tipoAutorizacao":"REGISTRADO","ativa":true,"inativa":false,"emAnalise":false},{"codigo":1311853,"apresentacao":"10 MG COM REV CT BL AL PLAS OPC X 90 (EMB FRAC)","formasFarmaceuticas":["COMPRIMIDO REVESTIDO"],"numero":61,"tonalidade":null,"dataPublicacao":"2001-02-07T00:00:00.000-0300","validade":"24","tipoValidade":"2","registro":"1023504870615","principiosAtivos":["SINVASTATINA"],"complemento":null,"embalagemPrimaria":{"tipo":"BLISTER DE ALUMINIO/PLASTICO OPACO","observacao":"PVC/PVDC LAMINADO BRANCO LEITOSO (250.5.60) 211X0,29MM"},"embalagemSecundaria":{"tipo":"CARTUCHO DE CARTOLINA","observacao":null},"embalagemSecundariaTodas":[{"tipo":"CARTUCHO DE CARTOLINA","observacao":null}],"envoltorios":[],"acessorios":[],"acondicionamento":null,"marcas":[],"fabricantesNacionais":[{"fabricante":"EMS S/A","cnpj":"57507378000365","pais":"BRASIL","uf":"SP","cidade":"HORTOLÂNDIA","etapaFabricacao":"Embalagem secundária"},{"fabricante":"CPM CONCESSIONARIA PAULISTA DE MEDICAMENTOS S/A","cnpj":"18676762000178","pais":"BRASIL","uf":"SP","cidade":"AMÉRICO BRASILIENSE","etapaFabricacao":"Embalagem a granel"},{"fabricante":"EMS S/A","cnpj":"57507378000365","pais":"BRASIL","uf":"SP","cidade":"HORTOLÂNDIA","etapaFabricacao":"Processo produtivo completo "},{"fabricante":"NOVAMED FABRICAÇÃO DE PRODUTOS FARMACEUTICOS LTDA","cnpj":"12424020000179","pais":"BRASIL","uf":"AM","cidade":"MANAUS","etapaFabricacao":null},{"fabricante":"CPM CONCESSIONARIA PAULISTA DE MEDICAMENTOS S/A","cnpj":"18676762000178","pais":"BRASIL","uf":"SP","cidade":"AMÉRICO BRASILIENSE","etapaFabricacao":"Embalagem primária"}],"fabricantesInternacionais":[],"viasAdministracao":["ORAL"],"ifaUnico":true,"conservacao":["CONSERVAR EM  TEMPERATURA AMBIENTE ( AMBIENTE COM TEMPERATURA ENTRE 15 E 30ºC)","PROTEGER DA LUZ E UMIDADE"],"restricaoPrescricao":["Venda sob Prescrição Médica"],"restricaoUso":["Adulto"],"destinacao":["Comercial"],"restricaoHospitais":"N","tarja":"Vermelha","medicamentoReferencia":"N","apresentacaoFracionada":"S","dataVencimentoRegistro":null,"tipoAutorizacao":"REGISTRADO","ativa":true,"inativa":false,"emAnalise":false},{"codigo":1575900,"apresentacao":"10 MG COM REV CT BL AL PLAS OPC X 500","formasFarmaceuticas":["COMPRIMIDO REVESTIDO"],"numero":62,"tonalidade":null,"dataPublicacao":"2001-02-07T00:00:00.000-0300","validade":"24","tipoValidade":"2","registro":"1023504870623","principiosAtivos":["SINVASTATINA"],"complemento":null,"embalagemPrimaria":{"tipo":"BLISTER DE ALUMINIO/PLASTICO OPACO","observacao":"PVC/PVDC LAMINADO BRANCO LEITOSO (250.5.60) 211X0,29MM"},"embalagemSecundaria":{"tipo":"CARTUCHO DE CARTOLINA","observacao":null},"embalagemSecundariaTodas":[{"tipo":"CARTUCHO DE CARTOLINA","observacao":null}],"envoltorios":[],"acessorios":[],"acondicionamento":null,"marcas":[],"fabricantesNacionais":[{"fabricante":"EMS S/A","cnpj":"57507378000365","pais":"BRASIL","uf":"SP","cidade":"HORTOLÂNDIA","etapaFabricacao":"Embalagem secundária"},{"fabricante":"CPM CONCESSIONARIA PAULISTA DE MEDICAMENTOS S/A","cnpj":"18676762000178","pais":"BRASIL","uf":"SP","cidade":"AMÉRICO BRASILIENSE","etapaFabricacao":"Embalagem a granel"},{"fabricante":"EMS S/A","cnpj":"57507378000365","pais":"BRASIL","uf":"SP","cidade":"HORTOLÂNDIA","etapaFabricacao":"Processo produtivo completo "},{"fabricante":"NOVAMED FABRICAÇÃO DE PRODUTOS FARMACEUTICOS LTDA","cnpj":"12424020000179","pais":"BRASIL","uf":"AM","cidade":"MANAUS","etapaFabricacao":null},{"fabricante":"CPM CONCESSIONARIA PAULISTA DE MEDICAMENTOS S/A","cnpj":"18676762000178","pais":"BRASIL","uf":"SP","cidade":"AMÉRICO BRASILIENSE","etapaFabricacao":"Embalagem primária"}],"fabricantesInternacionais":[],"viasAdministracao":["ORAL"],"ifaUnico":true,"conservacao":["CONSERVAR EM  TEMPERATURA AMBIENTE ( AMBIENTE COM TEMPERATURA ENTRE 15 E 30ºC)","PROTEGER DA LUZ E UMIDADE"],"restricaoPrescricao":["Venda sob Prescrição Médica"],"restricaoUso":["Adulto"],"destinacao":["Hospitalar"],"restricaoHospitais":"N","tarja":"Vermelha","medicamentoReferencia":"N","apresentacaoFracionada":"N","dataVencimentoRegistro":null,"tipoAutorizacao":"REGISTRADO","ativa":true,"inativa":false,"emAnalise":false},{"codigo":1575901,"apresentacao":"10 MG COM REV CT BL AL PLAS OPC X 450","formasFarmaceuticas":["COMPRIMIDO REVESTIDO"],"numero":63,"tonalidade":null,"dataPublicacao":"2001-02-07T00:00:00.000-0300","validade":"24","tipoValidade":"2","registro":"1023504870631","principiosAtivos":["SINVASTATINA"],"complemento":null,"embalagemPrimaria":{"tipo":"BLISTER DE ALUMINIO/PLASTICO OPACO","observacao":"PVC/PVDC LAMINADO BRANCO LEITOSO (250.5.60) 211X0,29MM"},"embalagemSecundaria":{"tipo":"CARTUCHO DE CARTOLINA","observacao":null},"embalagemSecundariaTodas":[{"tipo":"CARTUCHO DE CARTOLINA","observacao":null}],"envoltorios":[],"acessorios":[],"acondicionamento":null,"marcas":[],"fabricantesNacionais":[{"fabricante":"EMS S/A","cnpj":"57507378000365","pais":"BRASIL","uf":"SP","cidade":"HORTOLÂNDIA","etapaFabricacao":"Embalagem secundária"},{"fabricante":"CPM CONCESSIONARIA PAULISTA DE MEDICAMENTOS S/A","cnpj":"18676762000178","pais":"BRASIL","uf":"SP","cidade":"AMÉRICO BRASILIENSE","etapaFabricacao":"Embalagem a granel"},{"fabricante":"EMS S/A","cnpj":"57507378000365","pais":"BRASIL","uf":"SP","cidade":"HORTOLÂNDIA","etapaFabricacao":"Processo produtivo completo "},{"fabricante":"NOVAMED FABRICAÇÃO DE PRODUTOS FARMACEUTICOS LTDA","cnpj":"12424020000179","pais":"BRASIL","uf":"AM","cidade":"MANAUS","etapaFabricacao":null},{"fabricante":"CPM CONCESSIONARIA PAULISTA DE MEDICAMENTOS S/A","cnpj":"18676762000178","pais":"BRASIL","uf":"SP","cidade":"AMÉRICO BRASILIENSE","etapaFabricacao":"Embalagem primária"}],"fabricantesInternacionais":[],"viasAdministracao":["ORAL"],"ifaUnico":true,"conservacao":["CONSERVAR EM  TEMPERATURA AMBIENTE ( AMBIENTE COM TEMPERATURA ENTRE 15 E 30ºC)","PROTEGER DA LUZ E UMIDADE"],"restricaoPrescricao":["Venda sob Prescrição Médica"],"restricaoUso":["Adulto"],"destinacao":["Hospitalar"],"restricaoHospitais":"N","tarja":"Vermelha","medicamentoReferencia":"N","apresentacaoFracionada":"N","dataVencimentoRegistro":null,"tipoAutorizacao":"REGISTRADO","ativa":true,"inativa":false,"emAnalise":false},{"codigo":1575902,"apresentacao":"20 MG COM REV CT BL AL PLAS OPC X 500","formasFarmaceuticas":["COMPRIMIDO REVESTIDO"],"numero":64,"tonalidade":null,"dataPublicacao":"2001-02-07T00:00:00.000-0300","validade":"24","tipoValidade":"2","registro":"1023504870641","principiosAtivos":["SINVASTATINA"],"complemento":null,"embalagemPrimaria":{"tipo":"BLISTER DE ALUMINIO/PLASTICO OPACO","observacao":"PVC/PVDC LAMINADO BRANCO LEITOSO (250.5.60) 211X0,29MM"},"embalagemSecundaria":{"tipo":"CARTUCHO DE CARTOLINA","observacao":null},"embalagemSecundariaTodas":[{"tipo":"CARTUCHO DE CARTOLINA","observacao":null}],"envoltorios":[],"acessorios":[],"acondicionamento":null,"marcas":[],"fabricantesNacionais":[{"fabricante":"EMS S/A","cnpj":"57507378000365","pais":"BRASIL","uf":"SP","cidade":"HORTOLÂNDIA","etapaFabricacao":"Embalagem secundária"},{"fabricante":"CPM CONCESSIONARIA PAULISTA DE MEDICAMENTOS S/A","cnpj":"18676762000178","pais":"BRASIL","uf":"SP","cidade":"AMÉRICO BRASILIENSE","etapaFabricacao":"Embalagem a granel"},{"fabricante":"EMS S/A","cnpj":"57507378000365","pais":"BRASIL","uf":"SP","cidade":"HORTOLÂNDIA","etapaFabricacao":"Processo produtivo completo "},{"fabricante":"NOVAMED FABRICAÇÃO DE PRODUTOS FARMACEUTICOS LTDA","cnpj":"12424020000179","pais":"BRASIL","uf":"AM","cidade":"MANAUS","etapaFabricacao":null},{"fabricante":"CPM CONCESSIONARIA PAULISTA DE MEDICAMENTOS S/A","cnpj":"18676762000178","pais":"BRASIL","uf":"SP","cidade":"AMÉRICO BRASILIENSE","etapaFabricacao":"Embalagem primária"}],"fabricantesInternacionais":[],"viasAdministracao":["ORAL"],"ifaUnico":true,"conservacao":["CONSERVAR EM  TEMPERATURA AMBIENTE ( AMBIENTE COM TEMPERATURA ENTRE 15 E 30ºC)","PROTEGER DA LUZ E UMIDADE"],"restricaoPrescricao":["Venda sob Prescrição Médica"],"restricaoUso":["Adulto"],"destinacao":["Hospitalar"],"restricaoHospitais":"N","tarja":"Vermelha","medicamentoReferencia":"N","apresentacaoFracionada":"N","dataVencimentoRegistro":null,"tipoAutorizacao":"REGISTRADO","ativa":true,"inativa":false,"emAnalise":false},{"codigo":1575903,"apresentacao":"20 MG COM REV CT BL AL PLAS OPC X 450","formasFarmaceuticas":["COMPRIMIDO REVESTIDO"],"numero":65,"tonalidade":null,"dataPublicacao":"2001-02-07T00:00:00.000-0300","validade":"24","tipoValidade":"2","registro":"1023504870658","principiosAtivos":["SINVASTATINA"],"complemento":null,"embalagemPrimaria":{"tipo":"BLISTER DE ALUMINIO/PLASTICO OPACO","observacao":"PVC/PVDC LAMINADO BRANCO LEITOSO (250.5.60) 211X0,29MM"},"embalagemSecundaria":{"tipo":"CARTUCHO DE CARTOLINA","observacao":null},"embalagemSecundariaTodas":[{"tipo":"CARTUCHO DE CARTOLINA","observacao":null}],"envoltorios":[],"acessorios":[],"acondicionamento":null,"marcas":[],"fabricantesNacionais":[{"fabricante":"EMS S/A","cnpj":"57507378000365","pais":"BRASIL","uf":"SP","cidade":"HORTOLÂNDIA","etapaFabricacao":"Embalagem secundária"},{"fabricante":"CPM CONCESSIONARIA PAULISTA DE MEDICAMENTOS S/A","cnpj":"18676762000178","pais":"BRASIL","uf":"SP","cidade":"AMÉRICO BRASILIENSE","etapaFabricacao":"Embalagem a granel"},{"fabricante":"EMS S/A","cnpj":"57507378000365","pais":"BRASIL","uf":"SP","cidade":"HORTOLÂNDIA","etapaFabricacao":"Processo produtivo completo "},{"fabricante":"NOVAMED FABRICAÇÃO DE PRODUTOS FARMACEUTICOS LTDA","cnpj":"12424020000179","pais":"BRASIL","uf":"AM","cidade":"MANAUS","etapaFabricacao":null},{"fabricante":"CPM CONCESSIONARIA PAULISTA DE MEDICAMENTOS S/A","cnpj":"18676762000178","pais":"BRASIL","uf":"SP","cidade":"AMÉRICO BRASILIENSE","etapaFabricacao":"Embalagem primária"}],"fabricantesInternacionais":[],"viasAdministracao":["ORAL"],"ifaUnico":true,"conservacao":["CONSERVAR EM  TEMPERATURA AMBIENTE ( AMBIENTE COM TEMPERATURA ENTRE 15 E 30ºC)","PROTEGER DA LUZ E UMIDADE"],"restricaoPrescricao":["Venda sob Prescrição Médica"],"restricaoUso":["Adulto"],"destinacao":["Hospitalar"],"restricaoHospitais":"N","tarja":"Vermelha","medicamentoReferencia":"N","apresentacaoFracionada":"N","dataVencimentoRegistro":null,"tipoAutorizacao":"REGISTRADO","ativa":true,"inativa":false,"emAnalise":false},{"codigo":25722,"apresentacao":"10 MG COM REV CT BL AL PLAS INC X 10 ","formasFarmaceuticas":["COMPRIMIDO REVESTIDO"],"numero":1,"tonalidade":null,"dataPublicacao":"2001-02-20T00:00:00.000-0300","validade":"24","tipoValidade":"2","registro":"1023504870011","principiosAtivos":["SINVASTATINA"],"complemento":null,"embalagemPrimaria":{"tipo":"BLISTER DE ALUMINIO/PLASTICO TRANSPARENTE","observacao":null},"embalagemSecundaria":{"tipo":"CARTUCHO DE CARTOLINA","observacao":null},"embalagemSecundariaTodas":[{"tipo":"CARTUCHO DE CARTOLINA","observacao":null}],"envoltorios":[],"acessorios":[],"acondicionamento":null,"marcas":[],"fabricantesNacionais":[{"fabricante":"EMS S/A","cnpj":"57507378000101","pais":"BRASIL","uf":"SP","cidade":"SÃO BERNARDO DO CAMPO","etapaFabricacao":null},{"fabricante":"EMS S/A","cnpj":"57507378000365","pais":"BRASIL","uf":"SP","cidade":"HORTOLÂNDIA","etapaFabricacao":null}],"fabricantesInternacionais":[],"viasAdministracao":["ORAL 1"],"ifaUnico":true,"conservacao":["PROTEGER DA LUZ E UMIDADE","PROTEGER DO CALOR"],"restricaoPrescricao":["Venda sob Prescrição Médica"],"restricaoUso":[],"destinacao":["Comercial"],"restricaoHospitais":null,"tarja":null,"medicamentoReferencia":"N","apresentacaoFracionada":"N","dataVencimentoRegistro":null,"tipoAutorizacao":"REGISTRADO","ativa":false,"inativa":true,"emAnalise":false},{"codigo":25721,"apresentacao":"10 MG COM REV CT BL AL PLAS INC X 30","formasFarmaceuticas":["COMPRIMIDO REVESTIDO"],"numero":2,"tonalidade":null,"dataPublicacao":"2001-02-20T00:00:00.000-0300","validade":"24","tipoValidade":"2","registro":"1023504870021","principiosAtivos":["SINVASTATINA"],"complemento":null,"embalagemPrimaria":{"tipo":"BLISTER DE ALUMINIO/PLASTICO TRANSPARENTE","observacao":null},"embalagemSecundaria":{"tipo":"CARTUCHO DE CARTOLINA","observacao":null},"embalagemSecundariaTodas":[{"tipo":"CARTUCHO DE CARTOLINA","observacao":null}],"envoltorios":[],"acessorios":[],"acondicionamento":null,"marcas":[],"fabricantesNacionais":[{"fabricante":"EMS S/A","cnpj":"57507378000101","pais":"BRASIL","uf":"SP","cidade":"SÃO BERNARDO DO CAMPO","etapaFabricacao":null},{"fabricante":"EMS S/A","cnpj":"57507378000365","pais":"BRASIL","uf":"SP","cidade":"HORTOLÂNDIA","etapaFabricacao":null}],"fabricantesInternacionais":[],"viasAdministracao":["ORAL 1"],"ifaUnico":true,"conservacao":["PROTEGER DA LUZ E UMIDADE","PROTEGER DO CALOR"],"restricaoPrescricao":["Venda sob Prescrição Médica"],"restricaoUso":[],"destinacao":["Comercial"],"restricaoHospitais":null,"tarja":null,"medicamentoReferencia":"N","apresentacaoFracionada":"N","dataVencimentoRegistro":null,"tipoAutorizacao":"REGISTRADO","ativa":false,"inativa":true,"emAnalise":false},{"codigo":25720,"apresentacao":"10 MG COM REV CT BL AL PLAS INC X 20","formasFarmaceuticas":["COMPRIMIDO REVESTIDO"],"numero":3,"tonalidade":null,"dataPublicacao":"2001-02-20T00:00:00.000-0300","validade":"24","tipoValidade":"2","registro":"1023504870038","principiosAtivos":["SINVASTATINA"],"complemento":null,"embalagemPrimaria":{"tipo":"BLISTER DE ALUMINIO/PLASTICO TRANSPARENTE","observacao":null},"embalagemSecundaria":{"tipo":"CARTUCHO DE CARTOLINA","observacao":null},"embalagemSecundariaTodas":[{"tipo":"CARTUCHO DE CARTOLINA","observacao":null}],"envoltorios":[],"acessorios":[],"acondicionamento":null,"marcas":[],"fabricantesNacionais":[{"fabricante":"EMS S/A","cnpj":"57507378000101","pais":"BRASIL","uf":"SP","cidade":"SÃO BERNARDO DO CAMPO","etapaFabricacao":null},{"fabricante":"EMS S/A","cnpj":"57507378000365","pais":"BRASIL","uf":"SP","cidade":"HORTOLÂNDIA","etapaFabricacao":null}],"fabricantesInternacionais":[],"viasAdministracao":["ORAL 1"],"ifaUnico":true,"conservacao":["PROTEGER DA LUZ E UMIDADE","PROTEGER DO CALOR"],"restricaoPrescricao":["Venda sob Prescrição Médica"],"restricaoUso":[],"destinacao":["Comercial"],"restricaoHospitais":null,"tarja":null,"medicamentoReferencia":"N","apresentacaoFracionada":"N","dataVencimentoRegistro":null,"tipoAutorizacao":"REGISTRADO","ativa":false,"inativa":true,"emAnalise":false},{"codigo":199065,"apresentacao":"5 MG COM REV CT BL AL PLAS INC X 10","formasFarmaceuticas":["COMPRIMIDO REVESTIDO"],"numero":4,"tonalidade":null,"dataPublicacao":"2002-04-26T00:00:00.000-0300","validade":"24","tipoValidade":"2","registro":"1023504870046","principiosAtivos":["SINVASTATINA"],"complemento":null,"embalagemPrimaria":{"tipo":"BLISTER DE ALUMINIO/PLASTICO TRANSPARENTE","observacao":null},"embalagemSecundaria":{"tipo":"CARTUCHO DE CARTOLINA","observacao":null},"embalagemSecundariaTodas":[{"tipo":"CARTUCHO DE CARTOLINA","observacao":null}],"envoltorios":[],"acessorios":[],"acondicionamento":null,"marcas":[],"fabricantesNacionais":[{"fabricante":"EMS S/A","cnpj":"57507378000101","pais":"BRASIL","uf":"SP","cidade":"SÃO BERNARDO DO CAMPO","etapaFabricacao":null}],"fabricantesInternacionais":[],"viasAdministracao":["ORAL 1"],"ifaUnico":true,"conservacao":["PROTEGER DA LUZ E UMIDADE","PROTEGER DO CALOR"],"restricaoPrescricao":["Venda sob Prescrição Médica"],"restricaoUso":[],"destinacao":["Comercial"],"restricaoHospitais":null,"tarja":null,"medicamentoReferencia":"N","apresentacaoFracionada":"N","dataVencimentoRegistro":null,"tipoAutorizacao":"REGISTRADO","ativa":false,"inativa":true,"emAnalise":false},{"codigo":199066,"apresentacao":"5 MG COM REV CT BL AL PLAS INC X 20","formasFarmaceuticas":["COMPRIMIDO REVESTIDO"],"numero":5,"tonalidade":null,"dataPublicacao":"2002-04-26T00:00:00.000-0300","validade":"24","tipoValidade":"2","registro":"1023504870054","principiosAtivos":["SINVASTATINA"],"complemento":null,"embalagemPrimaria":{"tipo":"BLISTER DE ALUMINIO/PLASTICO TRANSPARENTE","observacao":null},"embalagemSecundaria":{"tipo":"CARTUCHO DE CARTOLINA","observacao":null},"embalagemSecundariaTodas":[{"tipo":"CARTUCHO DE CARTOLINA","observacao":null}],"envoltorios":[],"acessorios":[],"acondicionamento":null,"marcas":[],"fabricantesNacionais":[{"fabricante":"EMS S/A","cnpj":"57507378000101","pais":"BRASIL","uf":"SP","cidade":"SÃO BERNARDO DO CAMPO","etapaFabricacao":null}],"fabricantesInternacionais":[],"viasAdministracao":["ORAL 1"],"ifaUnico":true,"conservacao":["PROTEGER DA LUZ E UMIDADE","PROTEGER DO CALOR"],"restricaoPrescricao":["Venda sob Prescrição Médica"],"restricaoUso":[],"destinacao":["Comercial"],"restricaoHospitais":null,"tarja":null,"medicamentoReferencia":"N","apresentacaoFracionada":"N","dataVencimentoRegistro":null,"tipoAutorizacao":"REGISTRADO","ativa":false,"inativa":true,"emAnalise":false},{"codigo":199067,"apresentacao":"5 MG COM REV CT BL AL PLAS INC X 30","formasFarmaceuticas":["COMPRIMIDO REVESTIDO"],"numero":6,"tonalidade":null,"dataPublicacao":"2002-04-26T00:00:00.000-0300","validade":"24","tipoValidade":"2","registro":"1023504870062","principiosAtivos":["SINVASTATINA"],"complemento":null,"embalagemPrimaria":{"tipo":"BLISTER DE ALUMINIO/PLASTICO TRANSPARENTE","observacao":null},"embalagemSecundaria":{"tipo":"CARTUCHO DE CARTOLINA","observacao":null},"embalagemSecundariaTodas":[{"tipo":"CARTUCHO DE CARTOLINA","observacao":null}],"envoltorios":[],"acessorios":[],"acondicionamento":null,"marcas":[],"fabricantesNacionais":[{"fabricante":"EMS S/A","cnpj":"57507378000101","pais":"BRASIL","uf":"SP","cidade":"SÃO BERNARDO DO CAMPO","etapaFabricacao":null}],"fabricantesInternacionais":[],"viasAdministracao":["ORAL 1"],"ifaUnico":true,"conservacao":["PROTEGER DA LUZ E UMIDADE","PROTEGER DO CALOR"],"restricaoPrescricao":["Venda sob Prescrição Médica"],"restricaoUso":[],"destinacao":["Comercial"],"restricaoHospitais":null,"tarja":null,"medicamentoReferencia":"N","apresentacaoFracionada":"N","dataVencimentoRegistro":null,"tipoAutorizacao":"REGISTRADO","ativa":false,"inativa":true,"emAnalise":false},{"codigo":624855,"apresentacao":"10 MG COM REV CT BL AL PLAS INC X 60 (EMB FRAC)","formasFarmaceuticas":["COMPRIMIDO REVESTIDO"],"numero":7,"tonalidade":null,"dataPublicacao":"2001-02-07T00:00:00.000-0300","validade":"24","tipoValidade":"2","registro":"1023504870518","principiosAtivos":["SINVASTATINA"],"complemento":null,"embalagemPrimaria":{"tipo":"BLISTER DE ALUMINIO/PLASTICO TRANSPARENTE","observacao":null},"embalagemSecundaria":{"tipo":"CARTUCHO DE CARTOLINA","observacao":null},"embalagemSecundariaTodas":[{"tipo":"CARTUCHO DE CARTOLINA","observacao":null}],"envoltorios":[],"acessorios":[],"acondicionamento":null,"marcas":[],"fabricantesNacionais":[{"fabricante":"EMS S/A","cnpj":"57507378000101","pais":"BRASIL","uf":"SP","cidade":"SÃO BERNARDO DO CAMPO","etapaFabricacao":null},{"fabricante":"EMS S/A","cnpj":"57507378000365","pais":"BRASIL","uf":"SP","cidade":"HORTOLÂNDIA","etapaFabricacao":null}],"fabricantesInternacionais":[],"viasAdministracao":["ORAL 1"],"ifaUnico":true,"conservacao":["PROTEGER DA LUZ E UMIDADE","PROTEGER DO CALOR"],"restricaoPrescricao":["Venda sob Prescrição Médica"],"restricaoUso":[],"destinacao":["Comercial"],"restricaoHospitais":null,"tarja":null,"medicamentoReferencia":"N","apresentacaoFracionada":"S","dataVencimentoRegistro":null,"tipoAutorizacao":"REGISTRADO","ativa":false,"inativa":true,"emAnalise":false},{"codigo":624856,"apresentacao":"10 MG COM REV CT BL AL PLAS INC X 90 (EMB FRAC)","formasFarmaceuticas":["COMPRIMIDO REVESTIDO"],"numero":8,"tonalidade":null,"dataPublicacao":"2001-02-07T00:00:00.000-0300","validade":"24","tipoValidade":"2","registro":"1023504870526","principiosAtivos":["SINVASTATINA"],"complemento":null,"embalagemPrimaria":{"tipo":"BLISTER DE ALUMINIO/PLASTICO TRANSPARENTE","observacao":null},"embalagemSecundaria":{"tipo":"CARTUCHO DE CARTOLINA","observacao":null},"embalagemSecundariaTodas":[{"tipo":"CARTUCHO DE CARTOLINA","observacao":null}],"envoltorios":[],"acessorios":[],"acondicionamento":null,"marcas":[],"fabricantesNacionais":[{"fabricante":"EMS S/A","cnpj":"57507378000101","pais":"BRASIL","uf":"SP","cidade":"SÃO BERNARDO DO CAMPO","etapaFabricacao":null},{"fabricante":"EMS S/A","cnpj":"57507378000365","pais":"BRASIL","uf":"SP","cidade":"HORTOLÂNDIA","etapaFabricacao":null}],"fabricantesInternacionais":[],"viasAdministracao":["ORAL 1"],"ifaUnico":true,"conservacao":["PROTEGER DA LUZ E UMIDADE","PROTEGER DO CALOR"],"restricaoPrescricao":["Venda sob Prescrição Médica"],"restricaoUso":[],"destinacao":["Comercial"],"restricaoHospitais":null,"tarja":null,"medicamentoReferencia":"N","apresentacaoFracionada":"S","dataVencimentoRegistro":null,"tipoAutorizacao":"REGISTRADO","ativa":false,"inativa":true,"emAnalise":false}],"rotulos":[],"anexoRotulos":[],"tipoAutorizacao":"REGISTRADO"}