{"codigoProduto":5419,"tipoProduto":1,"dataProduto":"2001-05-31T00:00:00.000-0300","nomeComercial":"LORATADINA","classesTerapeuticas":["ANTI-HISTAMINICOS SISTEMICOS"],"numeroRegistro":"102350506","dataVencimento":null,"mesAnoVencimento":"052026","codigoParecerPublico":null,"codigoBulaPaciente":"eyJhbGciOiJIUzUxMiJ9.eyJqdGkiOiIxODAzMjI5NSIsIm5iZiI6MTcxOTQxMDcyOCwiZXhwIjoxNzE5NDExMDI4fQ.TlmE264y140T5KbbVXTttUcyKFqn53xhazMop1t3SQlPo2slLLYEGJCAqYNIdeSl3fR0cW7iCzGJvTpnP5byVg","codigoBulaProfissional":"eyJhbGciOiJIUzUxMiJ9.eyJqdGkiOiIxODAzMjI5NiIsIm5iZiI6MTcxOTQxMDcyOCwiZXhwIjoxNzE5NDExMDI4fQ.Y6iNUQdLq9GJ3KeJS8Yii6Qtqw8E-0oJyGSKHJKyMgApOTUm6bVA36itYpxFCMXfHw8oN7als45F9Os1BaOVZA","dataVencimentoRegistro":"2026-05-01T00:00:00.000-0300","principioAtivo":"LORATADINA","medicamentoReferencia":"CLARITIN","categoriaRegulatoria":"Genérico","classeTerapeutica":null,"atc":null,"processosMedidaCautelar":[],"empresa":{"cnpj":"57507378000365","razaoSocial":"EMS S/A","numeroAutorizacao":"1002351"},"processo":{"numero":"253510120280140","situacao":29},"apresentacoes":[{"codigo":19059,"apresentacao":"1 MG/ML XPE CT FR VD AMB X 100 ML + COP","formasFarmaceuticas":["XAROPE"],"numero":1,"tonalidade":null,"dataPublicacao":"2001-05-31T00:00:00.000-0300","validade":"24","tipoValidade":"2","registro":"1023505060013","principiosAtivos":["LORATADINA"],"complemento":null,"embalagemPrimaria":{"tipo":"FRASCO DE VIDRO AMBAR","observacao":null},"embalagemSecundaria":{"tipo":"CARTUCHO DE CARTOLINA","observacao":null},"embalagemSecundariaTodas":[{"tipo":"CARTUCHO DE CARTOLINA","observacao":null}],"envoltorios":[],"acessorios":[],"acondicionamento":null,"marcas":[],"fabricantesNacionais":[{"fabricante":"EMS S/A","cnpj":"57507378000365","pais":"BRASIL","uf":"SP","cidade":"HORTOLÂNDIA","etapaFabricacao":null}],"fabricantesInternacionais":[],"viasAdministracao":["ORAL"],"ifaUnico":true,"conservacao":["CONSERVAR EM  TEMPERATURA AMBIENTE ( AMBIENTE COM TEMPERATURA ENTRE 15 E 30ºC)","PROTEGER DA LUZ E UMIDADE"],"restricaoPrescricao":["Venda sem Prescrição Médica"],"restricaoUso":["Adulto e Pediátrico acima de  2 anos"],"destinacao":["Comercial"],"restricaoHospitais":"N","tarja":"Sem Tarja","medicamentoReferencia":"N","apresentacaoFracionada":"N","dataVencimentoRegistro":null,"tipoAutorizacao":"REGISTRADO","ativa":true,"inativa":false,"emAnalise":false},{"codigo":19058,"apresentacao":"1 MG/ML XPE CT 30  FR VD AMB X 100 ML + COP","formasFarmaceuticas":["XAROPE"],"numero":2,"tonalidade":null,"dataPublicacao":"2001-05-31T00:00:00.000-0300","validade":"24","tipoValidade":"2","registro":"1023505060021","principiosAtivos":["LORATADINA"],"complemento":null,"embalagemPrimaria":{"tipo":"FRASCO DE VIDRO AMBAR","observacao":null},"embalagemSecundaria":{"tipo":"CARTUCHO DE CARTOLINA","observacao":null},"embalagemSecundariaTodas":[{"tipo":"CARTUCHO DE CARTOLINA","observacao":null}],"envoltorios":[],"acessorios":[],"acondicionamento":null,"marcas":[],"fabricantesNacionais":[{"fabricante":"EMS S/A","cnpj":"57507378000365","pais":"BRASIL","uf":"SP","cidade":"HORTOLÂNDIA","etapaFabricacao":null}],"fabricantesInternacionais":[],"viasAdministracao":["ORAL"],"ifaUnico":true,"conservacao":["CONSERVAR EM  TEMPERATURA AMBIENTE ( AMBIENTE COM TEMPERATURA ENTRE 15 E 30ºC)","PROTEGER DA LUZ E UMIDADE"],"restricaoPrescricao":["Venda sem Prescrição Médica"],"restricaoUso":["Adulto e Pediátrico acima de  2 anos"],"destinacao":["Hospitalar"],"restricaoHospitais":"N","tarja":"Sem Tarja","medicamentoReferencia":"N","apresentacaoFracionada":"N","dataVencimentoRegistro":null,"tipoAutorizacao":"REGISTRADO","ativa":true,"inativa":false,"emAnalise":false},{"codigo":1705473,"apresentacao":"1 MG/ML XPE CT FR PLAS AMB X 100 ML + COP","formasFarmaceuticas":["XAROPE"],"numero":3,"tonalidade":null,"dataPublicacao":"2001-05-31T00:00:00.000-0300","validade":"24","tipoValidade":"2","registro":"1023505060031","principiosAtivos":["LORATADINA"],"complemento":null,"embalagemPrimaria":{"tipo":"FRASCO DE PLASTICO AMBAR","observacao":" FRASCO PET 120ML AMBAR 24MM + TPA PLAST.C/LACREPILFER PP 24MM "},"embalagemSecundaria":{"tipo":"CARTUCHO DE CARTOLINA","observacao":null},"embalagemSecundariaTodas":[{"tipo":"CARTUCHO DE CARTOLINA","observacao":null}],"envoltorios":[],"acessorios":[{"descricao":"COPO DOSADOR ","quantidade":1}],"acondicionamento":null,"marcas":[],"fabricantesNacionais":[{"fabricante":"EMS S/A","cnpj":"57507378000365","pais":"BRASIL","uf":"SP","cidade":"HORTOLÂNDIA","etapaFabricacao":null}],"fabricantesInternacionais":[],"viasAdministracao":[],"ifaUnico":true,"conservacao":["CONSERVAR EM  TEMPERATURA AMBIENTE ( AMBIENTE COM TEMPERATURA ENTRE 15 E 30ºC)","PROTEGER DA LUZ E UMIDADE"],"restricaoPrescricao":["Venda sem Prescrição Médica"],"restricaoUso":["Adulto e Pediátrico acima de  2 anos"],"destinacao":["Comercial"],"restricaoHospitais":"N","tarja":"Sem Tarja","medicamentoReferencia":"N","apresentacaoFracionada":"N","dataVencimentoRegistro":null,"tipoAutorizacao":"REGISTRADO","ativa":true,"inativa":false,"emAnalise":false},{"codigo":1705474,"apresentacao":"1 MG/ML XPE CT 30  FR PLAS AMB X 100 ML + COP","formasFarmaceuticas":["XAROPE"],"numero":4,"tonalidade":null,"dataPublicacao":"2001-05-31T00:00:00.000-0300","validade":"24","tipoValidade":"2","registro":"1023505060048","principiosAtivos":["LORATADINA"],"complemento":null,"embalagemPrimaria":{"tipo":"FRASCO DE PLASTICO AMBAR","observacao":" FRASCO PET 120ML AMBAR 24MM + TPA PLAST.C/LACREPILFER PP 24MM "},"embalagemSecundaria":{"tipo":"CARTUCHO DE CARTOLINA","observacao":null},"embalagemSecundariaTodas":[{"tipo":"CARTUCHO DE CARTOLINA","observacao":null}],"envoltorios":[],"acessorios":[{"descricao":"COPO DOSADOR ","quantidade":1}],"acondicionamento":null,"marcas":[],"fabricantesNacionais":[{"fabricante":"EMS S/A","cnpj":"57507378000365","pais":"BRASIL","uf":"SP","cidade":"HORTOLÂNDIA","etapaFabricacao":null}],"fabricantesInternacionais":[],"viasAdministracao":[],"ifaUnico":true,"conservacao":["CONSERVAR EM  TEMPERATURA AMBIENTE ( AMBIENTE COM TEMPERATURA ENTRE 15 E 30ºC)","PROTEGER DA LUZ E UMIDADE"],"restricaoPrescricao":["Venda sem Prescrição Médica"],"restricaoUso":["Adulto e Pediátrico acima de  2 anos"],"destinacao":["Hospitalar"],"restricaoHospitais":"N","tarja":"Sem Tarja","medicamentoReferencia":"N","apresentacaoFracionada":"N","dataVencimentoRegistro":null,"tipoAutorizacao":"REGISTRADO","ativa":true,"inativa":false,"emAnalise":false}],"rotulos":[],"anexoRotulos":[],"tipoAutorizacao":"REGISTRADO"}