{"codigoProduto":1150790,"tipoProduto":1,"dataProduto":"2018-04-23T00:00:00.000-0300","nomeComercial":"LINADIB","classesTerapeuticas":["ANTIDIABETICOS"],"numeroRegistro":"102351259","dataVencimento":null,"mesAnoVencimento":"042028","codigoParecerPublico":null,"codigoBulaPaciente":"eyJhbGciOiJIUzUxMiJ9.eyJqdGkiOiIyMDkzMzE1NSIsIm5iZiI6MTcxOTQxMDc1OSwiZXhwIjoxNzE5NDExMDU5fQ.k5zPhf3vTt4x0nLcX2NUgMdArJ0IdGmKOceVfMi5_WFTUwEN3pwTgZTooREr4F1qbehJvoQGIl2v--4ndjw8EA","codigoBulaProfissional":"eyJhbGciOiJIUzUxMiJ9.eyJqdGkiOiIyMDkzMzE1NiIsIm5iZiI6MTcxOTQxMDc1OSwiZXhwIjoxNzE5NDExMDU5fQ.L-avE3af95gQRrFEeY5aIinXZ7Ypko4e5mQWRh-WGW7Ox8VW4UCtuHObdfPSLUHxd_1j_vGiPQfv4IHoTo-3Vg","dataVencimentoRegistro":"2028-04-01T00:00:00.000-0300","principioAtivo":"linagliptina","medicamentoReferencia":"TRAYENTA","categoriaRegulatoria":"Similar","classeTerapeutica":null,"atc":null,"processosMedidaCautelar":[],"empresa":{"cnpj":"57507378000365","razaoSocial":"EMS S/A","numeroAutorizacao":"1002351"},"processo":{"numero":"25351072022201779","situacao":29},"apresentacoes":[{"codigo":1721180,"apresentacao":"5 MG COM REV CT BL AL AL X 10","formasFarmaceuticas":["Comprimido Revestido "],"numero":1,"tonalidade":null,"dataPublicacao":"2018-04-23T00:00:00.000-0300","validade":"24","tipoValidade":"2","registro":"1023512590014","principiosAtivos":["linagliptina"],"complemento":null,"embalagemPrimaria":{"tipo":"Blister de alumínio e alumínio","observacao":"Alumínio liso 105x0,021 BLT e Alumínio ALU-ALU 110x100 micras "},"embalagemSecundaria":{"tipo":"Cartucho","observacao":"Cartolina"},"embalagemSecundariaTodas":[{"tipo":"Cartucho","observacao":"Cartolina"}],"envoltorios":[],"acessorios":[],"acondicionamento":null,"marcas":[],"fabricantesNacionais":[{"fabricante":"EMS S/A","cnpj":"57507378000365","pais":"BRASIL","uf":"SP","cidade":"HORTOLÂNDIA","etapaFabricacao":"Processo produtivo completo "}],"fabricantesInternacionais":[],"viasAdministracao":["ORAL"],"ifaUnico":true,"conservacao":["CONSERVAR EM  TEMPERATURA AMBIENTE ( AMBIENTE COM TEMPERATURA ENTRE 15 E 30ºC)","CONSERVAR EM LUGAR SECO","PROTEGER DA LUZ"],"restricaoPrescricao":["Venda sob Prescrição Médica"],"restricaoUso":["Adulto"],"destinacao":["Comercial","Institucional"],"restricaoHospitais":"N","tarja":"Vermelha","medicamentoReferencia":"N","apresentacaoFracionada":"N","dataVencimentoRegistro":null,"ativa":true,"tipoAutorizacao":"REGISTRADO","emAnalise":false,"inativa":false},{"codigo":1721181,"apresentacao":"5 MG COM REV CT BL AL AL X 30","formasFarmaceuticas":["Comprimido Revestido "],"numero":2,"tonalidade":null,"dataPublicacao":"2018-04-23T00:00:00.000-0300","validade":"24","tipoValidade":"2","registro":"1023512590022","principiosAtivos":["linagliptina"],"complemento":null,"embalagemPrimaria":{"tipo":"Blister de alumínio e alumínio","observacao":"Alumínio liso 105x0,021 BLT e Alumínio ALU-ALU 110x100 micras "},"embalagemSecundaria":{"tipo":"Cartucho","observacao":"Cartolina"},"embalagemSecundariaTodas":[{"tipo":"Cartucho","observacao":"Cartolina"}],"envoltorios":[],"acessorios":[],"acondicionamento":null,"marcas":[],"fabricantesNacionais":[{"fabricante":"EMS S/A","cnpj":"57507378000365","pais":"BRASIL","uf":"SP","cidade":"HORTOLÂNDIA","etapaFabricacao":"Processo produtivo completo "}],"fabricantesInternacionais":[],"viasAdministracao":["ORAL"],"ifaUnico":true,"conservacao":["CONSERVAR EM  TEMPERATURA AMBIENTE ( AMBIENTE COM TEMPERATURA ENTRE 15 E 30ºC)","CONSERVAR EM LUGAR SECO","PROTEGER DA LUZ"],"restricaoPrescricao":["Venda sob Prescrição Médica"],"restricaoUso":["Adulto"],"destinacao":["Comercial","Institucional"],"restricaoHospitais":"N","tarja":"Vermelha","medicamentoReferencia":"N","apresentacaoFracionada":"N","dataVencimentoRegistro":null,"ativa":true,"tipoAutorizacao":"REGISTRADO","emAnalise":false,"inativa":false},{"codigo":1721182,"apresentacao":"5 MG COM REV CT BL AL AL X 60","formasFarmaceuticas":["Comprimido Revestido "],"numero":3,"tonalidade":null,"dataPublicacao":"2018-04-23T00:00:00.000-0300","validade":"24","tipoValidade":"2","registro":"1023512590030","principiosAtivos":["linagliptina"],"complemento":null,"embalagemPrimaria":{"tipo":"Blister de alumínio e alumínio","observacao":"Alumínio liso 105x0,021 BLT e Alumínio ALU-ALU 110x100 micras "},"embalagemSecundaria":{"tipo":"Cartucho","observacao":"Cartolina"},"embalagemSecundariaTodas":[{"tipo":"Cartucho","observacao":"Cartolina"}],"envoltorios":[],"acessorios":[],"acondicionamento":null,"marcas":[],"fabricantesNacionais":[{"fabricante":"EMS S/A","cnpj":"57507378000365","pais":"BRASIL","uf":"SP","cidade":"HORTOLÂNDIA","etapaFabricacao":"Processo produtivo completo "}],"fabricantesInternacionais":[],"viasAdministracao":["ORAL"],"ifaUnico":true,"conservacao":["CONSERVAR EM  TEMPERATURA AMBIENTE ( AMBIENTE COM TEMPERATURA ENTRE 15 E 30ºC)","CONSERVAR EM LUGAR SECO","PROTEGER DA LUZ"],"restricaoPrescricao":["Venda sob Prescrição Médica"],"restricaoUso":["Adulto"],"destinacao":["Comercial","Institucional"],"restricaoHospitais":"N","tarja":"Vermelha","medicamentoReferencia":"N","apresentacaoFracionada":"N","dataVencimentoRegistro":null,"ativa":true,"tipoAutorizacao":"REGISTRADO","emAnalise":false,"inativa":false},{"codigo":1721183,"apresentacao":"5 MG COM REV CT BL AL AL X 90 (EMB FRAC)","formasFarmaceuticas":["Comprimido Revestido "],"numero":4,"tonalidade":null,"dataPublicacao":"2018-04-23T00:00:00.000-0300","validade":"24","tipoValidade":"2","registro":"1023512590049","principiosAtivos":["linagliptina"],"complemento":null,"embalagemPrimaria":{"tipo":"Blister de alumínio e alumínio","observacao":"Alumínio liso 105x0,021 BLT e Alumínio ALU-ALU 110x100 micras "},"embalagemSecundaria":{"tipo":"Cartucho","observacao":"Cartolina"},"embalagemSecundariaTodas":[{"tipo":"Cartucho","observacao":"Cartolina"}],"envoltorios":[],"acessorios":[],"acondicionamento":null,"marcas":[],"fabricantesNacionais":[{"fabricante":"EMS S/A","cnpj":"57507378000365","pais":"BRASIL","uf":"SP","cidade":"HORTOLÂNDIA","etapaFabricacao":"Processo produtivo completo "}],"fabricantesInternacionais":[],"viasAdministracao":["ORAL"],"ifaUnico":true,"conservacao":["CONSERVAR EM  TEMPERATURA AMBIENTE ( AMBIENTE COM TEMPERATURA ENTRE 15 E 30ºC)","CONSERVAR EM LUGAR SECO","PROTEGER DA LUZ"],"restricaoPrescricao":["Venda sob Prescrição Médica"],"restricaoUso":["Adulto"],"destinacao":["Comercial","Institucional"],"restricaoHospitais":"N","tarja":"Vermelha","medicamentoReferencia":"N","apresentacaoFracionada":"N","dataVencimentoRegistro":null,"ativa":true,"tipoAutorizacao":"REGISTRADO","emAnalise":false,"inativa":false},{"codigo":1721184,"apresentacao":"5 MG COM REV CT BL AL AL X 100","formasFarmaceuticas":["Comprimido Revestido "],"numero":5,"tonalidade":null,"dataPublicacao":"2018-04-23T00:00:00.000-0300","validade":"24","tipoValidade":"2","registro":"1023512590057","principiosAtivos":["linagliptina"],"complemento":null,"embalagemPrimaria":{"tipo":"Blister de alumínio e alumínio","observacao":"Alumínio liso 105x0,021 BLT e Alumínio ALU-ALU 110x100 micras "},"embalagemSecundaria":{"tipo":"Cartucho","observacao":"Cartolina"},"embalagemSecundariaTodas":[{"tipo":"Cartucho","observacao":"Cartolina"}],"envoltorios":[],"acessorios":[],"acondicionamento":null,"marcas":[],"fabricantesNacionais":[{"fabricante":"EMS S/A","cnpj":"57507378000365","pais":"BRASIL","uf":"SP","cidade":"HORTOLÂNDIA","etapaFabricacao":"Processo produtivo completo "}],"fabricantesInternacionais":[],"viasAdministracao":["ORAL"],"ifaUnico":true,"conservacao":["CONSERVAR EM  TEMPERATURA AMBIENTE ( AMBIENTE COM TEMPERATURA ENTRE 15 E 30ºC)","CONSERVAR EM LUGAR SECO","PROTEGER DA LUZ"],"restricaoPrescricao":["Venda sob Prescrição Médica"],"restricaoUso":["Adulto"],"destinacao":["Hospitalar"],"restricaoHospitais":"N","tarja":"Vermelha","medicamentoReferencia":"N","apresentacaoFracionada":"N","dataVencimentoRegistro":null,"ativa":true,"tipoAutorizacao":"REGISTRADO","emAnalise":false,"inativa":false},{"codigo":1721185,"apresentacao":"5 MG COM REV CT BL AL AL X 200","formasFarmaceuticas":["Comprimido Revestido "],"numero":6,"tonalidade":null,"dataPublicacao":"2018-04-23T00:00:00.000-0300","validade":"24","tipoValidade":"2","registro":"1023512590065","principiosAtivos":["linagliptina"],"complemento":null,"embalagemPrimaria":{"tipo":"Blister de alumínio e alumínio","observacao":"Alumínio liso 105x0,021 BLT e Alumínio ALU-ALU 110x100 micras "},"embalagemSecundaria":{"tipo":"Cartucho","observacao":"Cartolina"},"embalagemSecundariaTodas":[{"tipo":"Cartucho","observacao":"Cartolina"}],"envoltorios":[],"acessorios":[],"acondicionamento":null,"marcas":[],"fabricantesNacionais":[{"fabricante":"EMS S/A","cnpj":"57507378000365","pais":"BRASIL","uf":"SP","cidade":"HORTOLÂNDIA","etapaFabricacao":"Processo produtivo completo "}],"fabricantesInternacionais":[],"viasAdministracao":["ORAL"],"ifaUnico":true,"conservacao":["CONSERVAR EM  TEMPERATURA AMBIENTE ( AMBIENTE COM TEMPERATURA ENTRE 15 E 30ºC)","CONSERVAR EM LUGAR SECO","PROTEGER DA LUZ"],"restricaoPrescricao":["Venda sob Prescrição Médica"],"restricaoUso":["Adulto"],"destinacao":["Hospitalar"],"restricaoHospitais":"N","tarja":"Vermelha","medicamentoReferencia":"N","apresentacaoFracionada":"N","dataVencimentoRegistro":null,"ativa":true,"tipoAutorizacao":"REGISTRADO","emAnalise":false,"inativa":false}],"rotulos":[],"anexoRotulos":[],"tipoAutorizacao":"REGISTRADO"}