{"codigoProduto":1228535,"tipoProduto":1,"dataProduto":"2019-12-02T00:00:00.000-0300","nomeComercial":"Moriale ODT","classesTerapeuticas":["OUTROS PRODUTOS QUE ATUAM SOBRE O SISTEMA NERVOSO"],"numeroRegistro":"102351324","dataVencimento":null,"mesAnoVencimento":"122029","codigoParecerPublico":null,"codigoBulaPaciente":"eyJhbGciOiJIUzUxMiJ9.eyJqdGkiOiIxNzM5NDEyNiIsIm5iZiI6MTcxOTQxMDk1NSwiZXhwIjoxNzE5NDExMjU1fQ.hSbrXHwDab13ErntDPJnDOi-ciCIdNV2ZFErFOSbTTy9FwvJa2X6sp9jAhT2fP6aLNKbzxr6Sh3KivbrweWWQQ","codigoBulaProfissional":"eyJhbGciOiJIUzUxMiJ9.eyJqdGkiOiIxNzM5NDEyNyIsIm5iZiI6MTcxOTQxMDk1NSwiZXhwIjoxNzE5NDExMjU1fQ.rbbD0OqLeTSfM6bRwWBrY3dCGT8cJA_ifM2QyptBnDG-dSw-vq5d8-IyL9ijtzBmYdrQkQdkgbAP6RM6BO-pKA","dataVencimentoRegistro":"2029-12-01T00:00:00.000-0300","principioAtivo":"CLORIDRATO DE MEMANTINA","medicamentoReferencia":null,"categoriaRegulatoria":"Novo","classeTerapeutica":null,"atc":null,"processosMedidaCautelar":[],"empresa":{"cnpj":"57507378000365","razaoSocial":"EMS S/A","numeroAutorizacao":"1002351"},"processo":{"numero":"25351721506201753","situacao":29},"apresentacoes":[{"codigo":1791717,"apresentacao":"5 MG COM ORODISP CT BL AL AL X 7","formasFarmaceuticas":["Comprimido Orodispersível "],"numero":1,"tonalidade":null,"dataPublicacao":"2019-12-02T00:00:00.000-0300","validade":"24","tipoValidade":"2","registro":"1023513240017","principiosAtivos":["CLORIDRATO DE MEMANTINA"],"complemento":null,"embalagemPrimaria":{"tipo":"Blister de alumínio e alumínio","observacao":"Blister de alumínio 110x0,10mm contendo filme de nylon, adesivo, primer e filme de PVC + alumínio com resina termoselante incolor (PVC ou PVDC) 105x0,025mm "},"embalagemSecundaria":{"tipo":"Cartucho","observacao":"Cartolina"},"embalagemSecundariaTodas":[{"tipo":"Cartucho","observacao":"Cartolina"}],"envoltorios":[],"acessorios":[],"acondicionamento":null,"marcas":[],"fabricantesNacionais":[{"fabricante":"EMS S/A","cnpj":"57507378000365","pais":"BRASIL","uf":"SP","cidade":"HORTOLÂNDIA","etapaFabricacao":"Processo produtivo completo "}],"fabricantesInternacionais":[],"viasAdministracao":["ORAL"],"ifaUnico":true,"conservacao":["CONSERVAR EM  TEMPERATURA AMBIENTE ( AMBIENTE COM TEMPERATURA ENTRE 15 E 30ºC)","CONSERVAR EM LUGAR SECO","PROTEGER DA LUZ"],"restricaoPrescricao":["Venda sob prescrição médica com retenção de receita"],"restricaoUso":["Adulto"],"destinacao":["Comercial"],"restricaoHospitais":"N","tarja":"Vermelha sob restrição","medicamentoReferencia":"N","apresentacaoFracionada":"N","dataVencimentoRegistro":null,"tipoAutorizacao":"REGISTRADO","ativa":true,"inativa":false,"emAnalise":false},{"codigo":1791718,"apresentacao":"5 MG COM ORODISP CT BL AL AL X 15","formasFarmaceuticas":["Comprimido Orodispersível "],"numero":2,"tonalidade":null,"dataPublicacao":"2019-12-02T00:00:00.000-0300","validade":"24","tipoValidade":"2","registro":"1023513240025","principiosAtivos":["CLORIDRATO DE MEMANTINA"],"complemento":null,"embalagemPrimaria":{"tipo":"Blister de alumínio e alumínio","observacao":"Blister de alumínio 110x0,10mm contendo filme de nylon, adesivo, primer e filme de PVC + alumínio com resina termoselante incolor (PVC ou PVDC) 105x0,025mm "},"embalagemSecundaria":{"tipo":"Cartucho","observacao":"Cartolina"},"embalagemSecundariaTodas":[{"tipo":"Cartucho","observacao":"Cartolina"}],"envoltorios":[],"acessorios":[],"acondicionamento":null,"marcas":[],"fabricantesNacionais":[{"fabricante":"EMS S/A","cnpj":"57507378000365","pais":"BRASIL","uf":"SP","cidade":"HORTOLÂNDIA","etapaFabricacao":"Processo produtivo completo "}],"fabricantesInternacionais":[],"viasAdministracao":["ORAL"],"ifaUnico":true,"conservacao":["CONSERVAR EM  TEMPERATURA AMBIENTE ( AMBIENTE COM TEMPERATURA ENTRE 15 E 30ºC)","CONSERVAR EM LUGAR SECO","PROTEGER DA LUZ"],"restricaoPrescricao":["Venda sob prescrição médica com retenção de receita"],"restricaoUso":["Adulto"],"destinacao":["Comercial"],"restricaoHospitais":"N","tarja":"Vermelha sob restrição","medicamentoReferencia":"N","apresentacaoFracionada":"N","dataVencimentoRegistro":null,"tipoAutorizacao":"REGISTRADO","ativa":true,"inativa":false,"emAnalise":false},{"codigo":1791719,"apresentacao":"5 MG COM ORODISP CT BL AL AL X 30","formasFarmaceuticas":["Comprimido Orodispersível "],"numero":3,"tonalidade":null,"dataPublicacao":"2019-12-02T00:00:00.000-0300","validade":"24","tipoValidade":"2","registro":"1023513240033","principiosAtivos":["CLORIDRATO DE MEMANTINA"],"complemento":null,"embalagemPrimaria":{"tipo":"Blister de alumínio e alumínio","observacao":"Blister de alumínio 110x0,10mm contendo filme de nylon, adesivo, primer e filme de PVC + alumínio com resina termoselante incolor (PVC ou PVDC) 105x0,025mm "},"embalagemSecundaria":{"tipo":"Cartucho","observacao":"Cartolina"},"embalagemSecundariaTodas":[{"tipo":"Cartucho","observacao":"Cartolina"}],"envoltorios":[],"acessorios":[],"acondicionamento":null,"marcas":[],"fabricantesNacionais":[{"fabricante":"EMS S/A","cnpj":"57507378000365","pais":"BRASIL","uf":"SP","cidade":"HORTOLÂNDIA","etapaFabricacao":"Processo produtivo completo "}],"fabricantesInternacionais":[],"viasAdministracao":["ORAL"],"ifaUnico":true,"conservacao":["CONSERVAR EM  TEMPERATURA AMBIENTE ( AMBIENTE COM TEMPERATURA ENTRE 15 E 30ºC)","CONSERVAR EM LUGAR SECO","PROTEGER DA LUZ"],"restricaoPrescricao":["Venda sob prescrição médica com retenção de receita"],"restricaoUso":["Adulto"],"destinacao":["Comercial"],"restricaoHospitais":"N","tarja":"Vermelha sob restrição","medicamentoReferencia":"N","apresentacaoFracionada":"N","dataVencimentoRegistro":null,"tipoAutorizacao":"REGISTRADO","ativa":true,"inativa":false,"emAnalise":false},{"codigo":1791720,"apresentacao":"5 MG COM ORODISP CT BL AL AL X 60","formasFarmaceuticas":["Comprimido Orodispersível "],"numero":4,"tonalidade":null,"dataPublicacao":"2019-12-02T00:00:00.000-0300","validade":"24","tipoValidade":"2","registro":"1023513240041","principiosAtivos":["CLORIDRATO DE MEMANTINA"],"complemento":null,"embalagemPrimaria":{"tipo":"Blister de alumínio e alumínio","observacao":"Blister de alumínio 110x0,10mm contendo filme de nylon, adesivo, primer e filme de PVC + alumínio com resina termoselante incolor (PVC ou PVDC) 105x0,025mm "},"embalagemSecundaria":{"tipo":"Cartucho","observacao":"Cartolina"},"embalagemSecundariaTodas":[{"tipo":"Cartucho","observacao":"Cartolina"}],"envoltorios":[],"acessorios":[],"acondicionamento":null,"marcas":[],"fabricantesNacionais":[{"fabricante":"EMS S/A","cnpj":"57507378000365","pais":"BRASIL","uf":"SP","cidade":"HORTOLÂNDIA","etapaFabricacao":"Processo produtivo completo "}],"fabricantesInternacionais":[],"viasAdministracao":["ORAL"],"ifaUnico":true,"conservacao":["CONSERVAR EM  TEMPERATURA AMBIENTE ( AMBIENTE COM TEMPERATURA ENTRE 15 E 30ºC)","CONSERVAR EM LUGAR SECO","PROTEGER DA LUZ"],"restricaoPrescricao":["Venda sob prescrição médica com retenção de receita"],"restricaoUso":["Adulto"],"destinacao":["Comercial"],"restricaoHospitais":"N","tarja":"Vermelha sob restrição","medicamentoReferencia":"N","apresentacaoFracionada":"N","dataVencimentoRegistro":null,"tipoAutorizacao":"REGISTRADO","ativa":true,"inativa":false,"emAnalise":false},{"codigo":1791721,"apresentacao":"5 MG COM ORODISP CT BL AL AL X 90","formasFarmaceuticas":["Comprimido Orodispersível "],"numero":5,"tonalidade":null,"dataPublicacao":"2019-12-02T00:00:00.000-0300","validade":"24","tipoValidade":"2","registro":"1023513240051","principiosAtivos":["CLORIDRATO DE MEMANTINA"],"complemento":null,"embalagemPrimaria":{"tipo":"Blister de alumínio e alumínio","observacao":"Blister de alumínio 110x0,10mm contendo filme de nylon, adesivo, primer e filme de PVC + alumínio com resina termoselante incolor (PVC ou PVDC) 105x0,025mm "},"embalagemSecundaria":{"tipo":"Cartucho","observacao":"Cartolina"},"embalagemSecundariaTodas":[{"tipo":"Cartucho","observacao":"Cartolina"}],"envoltorios":[],"acessorios":[],"acondicionamento":null,"marcas":[],"fabricantesNacionais":[{"fabricante":"EMS S/A","cnpj":"57507378000365","pais":"BRASIL","uf":"SP","cidade":"HORTOLÂNDIA","etapaFabricacao":"Processo produtivo completo "}],"fabricantesInternacionais":[],"viasAdministracao":["ORAL"],"ifaUnico":true,"conservacao":["CONSERVAR EM  TEMPERATURA AMBIENTE ( AMBIENTE COM TEMPERATURA ENTRE 15 E 30ºC)","CONSERVAR EM LUGAR SECO","PROTEGER DA LUZ"],"restricaoPrescricao":["Venda sob prescrição médica com retenção de receita"],"restricaoUso":["Adulto"],"destinacao":["Comercial"],"restricaoHospitais":"N","tarja":"Vermelha sob restrição","medicamentoReferencia":"N","apresentacaoFracionada":"N","dataVencimentoRegistro":null,"tipoAutorizacao":"REGISTRADO","ativa":true,"inativa":false,"emAnalise":false},{"codigo":1791722,"apresentacao":"5 MG COM ORODISP CT BL AL AL X 120","formasFarmaceuticas":["Comprimido Orodispersível "],"numero":6,"tonalidade":null,"dataPublicacao":"2019-12-02T00:00:00.000-0300","validade":"24","tipoValidade":"2","registro":"1023513240068","principiosAtivos":["CLORIDRATO DE MEMANTINA"],"complemento":null,"embalagemPrimaria":{"tipo":"Blister de alumínio e alumínio","observacao":"Blister de alumínio 110x0,10mm contendo filme de nylon, adesivo, primer e filme de PVC + alumínio com resina termoselante incolor (PVC ou PVDC) 105x0,025mm "},"embalagemSecundaria":{"tipo":"Cartucho","observacao":"Cartolina"},"embalagemSecundariaTodas":[{"tipo":"Cartucho","observacao":"Cartolina"}],"envoltorios":[],"acessorios":[],"acondicionamento":null,"marcas":[],"fabricantesNacionais":[{"fabricante":"EMS S/A","cnpj":"57507378000365","pais":"BRASIL","uf":"SP","cidade":"HORTOLÂNDIA","etapaFabricacao":"Processo produtivo completo "}],"fabricantesInternacionais":[],"viasAdministracao":["ORAL"],"ifaUnico":true,"conservacao":["CONSERVAR EM  TEMPERATURA AMBIENTE ( AMBIENTE COM TEMPERATURA ENTRE 15 E 30ºC)","CONSERVAR EM LUGAR SECO","PROTEGER DA LUZ"],"restricaoPrescricao":["Venda sob prescrição médica com retenção de receita"],"restricaoUso":["Adulto"],"destinacao":["Comercial"],"restricaoHospitais":"N","tarja":"Vermelha sob restrição","medicamentoReferencia":"N","apresentacaoFracionada":"N","dataVencimentoRegistro":null,"tipoAutorizacao":"REGISTRADO","ativa":true,"inativa":false,"emAnalise":false},{"codigo":1791723,"apresentacao":"10 MG COM ORODISP CT BL AL AL X 7","formasFarmaceuticas":["Comprimido Orodispersível "],"numero":7,"tonalidade":null,"dataPublicacao":"2019-12-02T00:00:00.000-0300","validade":"24","tipoValidade":"2","registro":"1023513240076","principiosAtivos":["CLORIDRATO DE MEMANTINA"],"complemento":null,"embalagemPrimaria":{"tipo":"Blister de alumínio e alumínio","observacao":"Blister de alumínio 110x0,10mm contendo filme de nylon, adesivo, primer e filme de PVC + alumínio com resina termoselante incolor (PVC ou PVDC) 105x0,025mm "},"embalagemSecundaria":{"tipo":"Cartucho","observacao":"Cartolina"},"embalagemSecundariaTodas":[{"tipo":"Cartucho","observacao":"Cartolina"}],"envoltorios":[],"acessorios":[],"acondicionamento":null,"marcas":[],"fabricantesNacionais":[{"fabricante":"EMS S/A","cnpj":"57507378000365","pais":"BRASIL","uf":"SP","cidade":"HORTOLÂNDIA","etapaFabricacao":"Processo produtivo completo "}],"fabricantesInternacionais":[],"viasAdministracao":["ORAL"],"ifaUnico":true,"conservacao":["CONSERVAR EM  TEMPERATURA AMBIENTE ( AMBIENTE COM TEMPERATURA ENTRE 15 E 30ºC)","CONSERVAR EM LUGAR SECO","PROTEGER DA LUZ"],"restricaoPrescricao":["Venda sob prescrição médica com retenção de receita"],"restricaoUso":["Adulto"],"destinacao":["Comercial"],"restricaoHospitais":"N","tarja":"Vermelha sob restrição","medicamentoReferencia":"N","apresentacaoFracionada":"N","dataVencimentoRegistro":null,"tipoAutorizacao":"REGISTRADO","ativa":true,"inativa":false,"emAnalise":false},{"codigo":1791724,"apresentacao":"10 MG COM ORODISP CT BL AL AL X 15","formasFarmaceuticas":["Comprimido Orodispersível "],"numero":8,"tonalidade":null,"dataPublicacao":"2019-12-02T00:00:00.000-0300","validade":"24","tipoValidade":"2","registro":"1023513240084","principiosAtivos":["CLORIDRATO DE MEMANTINA"],"complemento":null,"embalagemPrimaria":{"tipo":"Blister de alumínio e alumínio","observacao":"Blister de alumínio 110x0,10mm contendo filme de nylon, adesivo, primer e filme de PVC + alumínio com resina termoselante incolor (PVC ou PVDC) 105x0,025mm "},"embalagemSecundaria":{"tipo":"Cartucho","observacao":"Cartolina"},"embalagemSecundariaTodas":[{"tipo":"Cartucho","observacao":"Cartolina"}],"envoltorios":[],"acessorios":[],"acondicionamento":null,"marcas":[],"fabricantesNacionais":[{"fabricante":"EMS S/A","cnpj":"57507378000365","pais":"BRASIL","uf":"SP","cidade":"HORTOLÂNDIA","etapaFabricacao":"Processo produtivo completo "}],"fabricantesInternacionais":[],"viasAdministracao":["ORAL"],"ifaUnico":true,"conservacao":["CONSERVAR EM  TEMPERATURA AMBIENTE ( AMBIENTE COM TEMPERATURA ENTRE 15 E 30ºC)","CONSERVAR EM LUGAR SECO","PROTEGER DA LUZ"],"restricaoPrescricao":["Venda sob prescrição médica com retenção de receita"],"restricaoUso":["Adulto"],"destinacao":["Comercial"],"restricaoHospitais":"N","tarja":"Vermelha sob restrição","medicamentoReferencia":"N","apresentacaoFracionada":"N","dataVencimentoRegistro":null,"tipoAutorizacao":"REGISTRADO","ativa":true,"inativa":false,"emAnalise":false},{"codigo":1791725,"apresentacao":"10 MG COM ORODISP CT BL AL AL X 30","formasFarmaceuticas":["Comprimido Orodispersível "],"numero":9,"tonalidade":null,"dataPublicacao":"2019-12-02T00:00:00.000-0300","validade":"24","tipoValidade":"2","registro":"1023513240092","principiosAtivos":["CLORIDRATO DE MEMANTINA"],"complemento":null,"embalagemPrimaria":{"tipo":"Blister de alumínio e alumínio","observacao":"Blister de alumínio 110x0,10mm contendo filme de nylon, adesivo, primer e filme de PVC + alumínio com resina termoselante incolor (PVC ou PVDC) 105x0,025mm "},"embalagemSecundaria":{"tipo":"Cartucho","observacao":"Cartolina"},"embalagemSecundariaTodas":[{"tipo":"Cartucho","observacao":"Cartolina"}],"envoltorios":[],"acessorios":[],"acondicionamento":null,"marcas":[],"fabricantesNacionais":[{"fabricante":"EMS S/A","cnpj":"57507378000365","pais":"BRASIL","uf":"SP","cidade":"HORTOLÂNDIA","etapaFabricacao":"Processo produtivo completo "}],"fabricantesInternacionais":[],"viasAdministracao":["ORAL"],"ifaUnico":true,"conservacao":["CONSERVAR EM  TEMPERATURA AMBIENTE ( AMBIENTE COM TEMPERATURA ENTRE 15 E 30ºC)","CONSERVAR EM LUGAR SECO","PROTEGER DA LUZ"],"restricaoPrescricao":["Venda sob prescrição médica com retenção de receita"],"restricaoUso":["Adulto"],"destinacao":["Comercial"],"restricaoHospitais":"N","tarja":"Vermelha sob restrição","medicamentoReferencia":"N","apresentacaoFracionada":"N","dataVencimentoRegistro":null,"tipoAutorizacao":"REGISTRADO","ativa":true,"inativa":false,"emAnalise":false},{"codigo":1791726,"apresentacao":"10 MG COM ORODISP CT BL AL AL X 60","formasFarmaceuticas":["Comprimido Orodispersível "],"numero":10,"tonalidade":null,"dataPublicacao":"2019-12-02T00:00:00.000-0300","validade":"24","tipoValidade":"2","registro":"1023513240106","principiosAtivos":["CLORIDRATO DE MEMANTINA"],"complemento":null,"embalagemPrimaria":{"tipo":"Blister de alumínio e alumínio","observacao":"Blister de alumínio 110x0,10mm contendo filme de nylon, adesivo, primer e filme de PVC + alumínio com resina termoselante incolor (PVC ou PVDC) 105x0,025mm "},"embalagemSecundaria":{"tipo":"Cartucho","observacao":"Cartolina"},"embalagemSecundariaTodas":[{"tipo":"Cartucho","observacao":"Cartolina"}],"envoltorios":[],"acessorios":[],"acondicionamento":null,"marcas":[],"fabricantesNacionais":[{"fabricante":"EMS S/A","cnpj":"57507378000365","pais":"BRASIL","uf":"SP","cidade":"HORTOLÂNDIA","etapaFabricacao":"Processo produtivo completo "}],"fabricantesInternacionais":[],"viasAdministracao":["ORAL"],"ifaUnico":true,"conservacao":["CONSERVAR EM  TEMPERATURA AMBIENTE ( AMBIENTE COM TEMPERATURA ENTRE 15 E 30ºC)","CONSERVAR EM LUGAR SECO","PROTEGER DA LUZ"],"restricaoPrescricao":["Venda sob prescrição médica com retenção de receita"],"restricaoUso":["Adulto"],"destinacao":["Comercial"],"restricaoHospitais":"N","tarja":"Vermelha sob restrição","medicamentoReferencia":"N","apresentacaoFracionada":"N","dataVencimentoRegistro":null,"tipoAutorizacao":"REGISTRADO","ativa":true,"inativa":false,"emAnalise":false},{"codigo":1791727,"apresentacao":"10 MG COM ORODISP CT BL AL AL X 90","formasFarmaceuticas":["Comprimido Orodispersível "],"numero":11,"tonalidade":null,"dataPublicacao":"2019-12-02T00:00:00.000-0300","validade":"24","tipoValidade":"2","registro":"1023513240114","principiosAtivos":["CLORIDRATO DE MEMANTINA"],"complemento":null,"embalagemPrimaria":{"tipo":"Blister de alumínio e alumínio","observacao":"Blister de alumínio 110x0,10mm contendo filme de nylon, adesivo, primer e filme de PVC + alumínio com resina termoselante incolor (PVC ou PVDC) 105x0,025mm "},"embalagemSecundaria":{"tipo":"Cartucho","observacao":"Cartolina"},"embalagemSecundariaTodas":[{"tipo":"Cartucho","observacao":"Cartolina"}],"envoltorios":[],"acessorios":[],"acondicionamento":null,"marcas":[],"fabricantesNacionais":[{"fabricante":"EMS S/A","cnpj":"57507378000365","pais":"BRASIL","uf":"SP","cidade":"HORTOLÂNDIA","etapaFabricacao":"Processo produtivo completo "}],"fabricantesInternacionais":[],"viasAdministracao":["ORAL"],"ifaUnico":true,"conservacao":["CONSERVAR EM  TEMPERATURA AMBIENTE ( AMBIENTE COM TEMPERATURA ENTRE 15 E 30ºC)","CONSERVAR EM LUGAR SECO","PROTEGER DA LUZ"],"restricaoPrescricao":["Venda sob prescrição médica com retenção de receita"],"restricaoUso":["Adulto"],"destinacao":["Comercial"],"restricaoHospitais":"N","tarja":"Vermelha sob restrição","medicamentoReferencia":"N","apresentacaoFracionada":"N","dataVencimentoRegistro":null,"tipoAutorizacao":"REGISTRADO","ativa":true,"inativa":false,"emAnalise":false},{"codigo":1791728,"apresentacao":"10 MG COM ORODISP CT BL AL AL X 120","formasFarmaceuticas":["Comprimido Orodispersível "],"numero":12,"tonalidade":null,"dataPublicacao":"2019-12-02T00:00:00.000-0300","validade":"24","tipoValidade":"2","registro":"1023513240122","principiosAtivos":["CLORIDRATO DE MEMANTINA"],"complemento":null,"embalagemPrimaria":{"tipo":"Blister de alumínio e alumínio","observacao":"Blister de alumínio 110x0,10mm contendo filme de nylon, adesivo, primer e filme de PVC + alumínio com resina termoselante incolor (PVC ou PVDC) 105x0,025mm "},"embalagemSecundaria":{"tipo":"Cartucho","observacao":"Cartolina"},"embalagemSecundariaTodas":[{"tipo":"Cartucho","observacao":"Cartolina"}],"envoltorios":[],"acessorios":[],"acondicionamento":null,"marcas":[],"fabricantesNacionais":[{"fabricante":"EMS S/A","cnpj":"57507378000365","pais":"BRASIL","uf":"SP","cidade":"HORTOLÂNDIA","etapaFabricacao":"Processo produtivo completo "}],"fabricantesInternacionais":[],"viasAdministracao":["ORAL"],"ifaUnico":true,"conservacao":["CONSERVAR EM  TEMPERATURA AMBIENTE ( AMBIENTE COM TEMPERATURA ENTRE 15 E 30ºC)","CONSERVAR EM LUGAR SECO","PROTEGER DA LUZ"],"restricaoPrescricao":["Venda sob prescrição médica com retenção de receita"],"restricaoUso":["Adulto"],"destinacao":["Comercial"],"restricaoHospitais":"N","tarja":"Vermelha sob restrição","medicamentoReferencia":"N","apresentacaoFracionada":"N","dataVencimentoRegistro":null,"tipoAutorizacao":"REGISTRADO","ativa":true,"inativa":false,"emAnalise":false},{"codigo":1791729,"apresentacao":"15 MG COM ORODISP CT BL AL AL X 7","formasFarmaceuticas":["Comprimido Orodispersível "],"numero":13,"tonalidade":null,"dataPublicacao":"2019-12-02T00:00:00.000-0300","validade":"24","tipoValidade":"2","registro":"1023513240130","principiosAtivos":["CLORIDRATO DE MEMANTINA"],"complemento":null,"embalagemPrimaria":{"tipo":"Blister de alumínio e alumínio","observacao":"Blister de alumínio 110x0,10mm contendo filme de nylon, adesivo, primer e filme de PVC + alumínio com resina termoselante incolor (PVC ou PVDC) 105x0,025mm "},"embalagemSecundaria":{"tipo":"Cartucho","observacao":"Cartolina"},"embalagemSecundariaTodas":[{"tipo":"Cartucho","observacao":"Cartolina"}],"envoltorios":[],"acessorios":[],"acondicionamento":null,"marcas":[],"fabricantesNacionais":[{"fabricante":"EMS S/A","cnpj":"57507378000365","pais":"BRASIL","uf":"SP","cidade":"HORTOLÂNDIA","etapaFabricacao":"Processo produtivo completo "}],"fabricantesInternacionais":[],"viasAdministracao":["ORAL"],"ifaUnico":true,"conservacao":["CONSERVAR EM  TEMPERATURA AMBIENTE ( AMBIENTE COM TEMPERATURA ENTRE 15 E 30ºC)","CONSERVAR EM LUGAR SECO","PROTEGER DA LUZ"],"restricaoPrescricao":["Venda sob prescrição médica com retenção de receita"],"restricaoUso":["Adulto"],"destinacao":["Comercial"],"restricaoHospitais":"N","tarja":"Vermelha sob restrição","medicamentoReferencia":"N","apresentacaoFracionada":"N","dataVencimentoRegistro":null,"tipoAutorizacao":"REGISTRADO","ativa":true,"inativa":false,"emAnalise":false},{"codigo":1791730,"apresentacao":"15 MG COM ORODISP CT BL AL AL X 15","formasFarmaceuticas":["Comprimido Orodispersível "],"numero":14,"tonalidade":null,"dataPublicacao":"2019-12-02T00:00:00.000-0300","validade":"24","tipoValidade":"2","registro":"1023513240149","principiosAtivos":["CLORIDRATO DE MEMANTINA"],"complemento":null,"embalagemPrimaria":{"tipo":"Blister de alumínio e alumínio","observacao":"Blister de alumínio 110x0,10mm contendo filme de nylon, adesivo, primer e filme de PVC + alumínio com resina termoselante incolor (PVC ou PVDC) 105x0,025mm "},"embalagemSecundaria":{"tipo":"Cartucho","observacao":"Cartolina"},"embalagemSecundariaTodas":[{"tipo":"Cartucho","observacao":"Cartolina"}],"envoltorios":[],"acessorios":[],"acondicionamento":null,"marcas":[],"fabricantesNacionais":[{"fabricante":"EMS S/A","cnpj":"57507378000365","pais":"BRASIL","uf":"SP","cidade":"HORTOLÂNDIA","etapaFabricacao":"Processo produtivo completo "}],"fabricantesInternacionais":[],"viasAdministracao":["ORAL"],"ifaUnico":true,"conservacao":["CONSERVAR EM  TEMPERATURA AMBIENTE ( AMBIENTE COM TEMPERATURA ENTRE 15 E 30ºC)","CONSERVAR EM LUGAR SECO","PROTEGER DA LUZ"],"restricaoPrescricao":["Venda sob prescrição médica com retenção de receita"],"restricaoUso":["Adulto"],"destinacao":["Comercial"],"restricaoHospitais":"N","tarja":"Vermelha sob restrição","medicamentoReferencia":"N","apresentacaoFracionada":"N","dataVencimentoRegistro":null,"tipoAutorizacao":"REGISTRADO","ativa":true,"inativa":false,"emAnalise":false},{"codigo":1791731,"apresentacao":"15 MG COM ORODISP CT BL AL AL X 30","formasFarmaceuticas":["Comprimido Orodispersível "],"numero":15,"tonalidade":null,"dataPublicacao":"2019-12-02T00:00:00.000-0300","validade":"24","tipoValidade":"2","registro":"1023513240157","principiosAtivos":["CLORIDRATO DE MEMANTINA"],"complemento":null,"embalagemPrimaria":{"tipo":"Blister de alumínio e alumínio","observacao":"Blister de alumínio 110x0,10mm contendo filme de nylon, adesivo, primer e filme de PVC + alumínio com resina termoselante incolor (PVC ou PVDC) 105x0,025mm "},"embalagemSecundaria":{"tipo":"Cartucho","observacao":"Cartolina"},"embalagemSecundariaTodas":[{"tipo":"Cartucho","observacao":"Cartolina"}],"envoltorios":[],"acessorios":[],"acondicionamento":null,"marcas":[],"fabricantesNacionais":[{"fabricante":"EMS S/A","cnpj":"57507378000365","pais":"BRASIL","uf":"SP","cidade":"HORTOLÂNDIA","etapaFabricacao":"Processo produtivo completo "}],"fabricantesInternacionais":[],"viasAdministracao":["ORAL"],"ifaUnico":true,"conservacao":["CONSERVAR EM  TEMPERATURA AMBIENTE ( AMBIENTE COM TEMPERATURA ENTRE 15 E 30ºC)","CONSERVAR EM LUGAR SECO","PROTEGER DA LUZ"],"restricaoPrescricao":["Venda sob prescrição médica com retenção de receita"],"restricaoUso":["Adulto"],"destinacao":["Comercial"],"restricaoHospitais":"N","tarja":"Vermelha sob restrição","medicamentoReferencia":"N","apresentacaoFracionada":"N","dataVencimentoRegistro":null,"tipoAutorizacao":"REGISTRADO","ativa":true,"inativa":false,"emAnalise":false},{"codigo":1791732,"apresentacao":"15 MG COM ORODISP CT BL AL AL X 60","formasFarmaceuticas":["Comprimido Orodispersível "],"numero":16,"tonalidade":null,"dataPublicacao":"2019-12-02T00:00:00.000-0300","validade":"24","tipoValidade":"2","registro":"1023513240165","principiosAtivos":["CLORIDRATO DE MEMANTINA"],"complemento":null,"embalagemPrimaria":{"tipo":"Blister de alumínio e alumínio","observacao":"Blister de alumínio 110x0,10mm contendo filme de nylon, adesivo, primer e filme de PVC + alumínio com resina termoselante incolor (PVC ou PVDC) 105x0,025mm "},"embalagemSecundaria":{"tipo":"Cartucho","observacao":"Cartolina"},"embalagemSecundariaTodas":[{"tipo":"Cartucho","observacao":"Cartolina"}],"envoltorios":[],"acessorios":[],"acondicionamento":null,"marcas":[],"fabricantesNacionais":[{"fabricante":"EMS S/A","cnpj":"57507378000365","pais":"BRASIL","uf":"SP","cidade":"HORTOLÂNDIA","etapaFabricacao":"Processo produtivo completo "}],"fabricantesInternacionais":[],"viasAdministracao":["ORAL"],"ifaUnico":true,"conservacao":["CONSERVAR EM  TEMPERATURA AMBIENTE ( AMBIENTE COM TEMPERATURA ENTRE 15 E 30ºC)","CONSERVAR EM LUGAR SECO","PROTEGER DA LUZ"],"restricaoPrescricao":["Venda sob prescrição médica com retenção de receita"],"restricaoUso":["Adulto"],"destinacao":["Comercial"],"restricaoHospitais":"N","tarja":"Vermelha sob restrição","medicamentoReferencia":"N","apresentacaoFracionada":"N","dataVencimentoRegistro":null,"tipoAutorizacao":"REGISTRADO","ativa":true,"inativa":false,"emAnalise":false},{"codigo":1791733,"apresentacao":"15 MG COM ORODISP CT BL AL AL X 90","formasFarmaceuticas":["Comprimido Orodispersível "],"numero":17,"tonalidade":null,"dataPublicacao":"2019-12-02T00:00:00.000-0300","validade":"24","tipoValidade":"2","registro":"1023513240173","principiosAtivos":["CLORIDRATO DE MEMANTINA"],"complemento":null,"embalagemPrimaria":{"tipo":"Blister de alumínio e alumínio","observacao":"Blister de alumínio 110x0,10mm contendo filme de nylon, adesivo, primer e filme de PVC + alumínio com resina termoselante incolor (PVC ou PVDC) 105x0,025mm "},"embalagemSecundaria":{"tipo":"Cartucho","observacao":"Cartolina"},"embalagemSecundariaTodas":[{"tipo":"Cartucho","observacao":"Cartolina"}],"envoltorios":[],"acessorios":[],"acondicionamento":null,"marcas":[],"fabricantesNacionais":[{"fabricante":"EMS S/A","cnpj":"57507378000365","pais":"BRASIL","uf":"SP","cidade":"HORTOLÂNDIA","etapaFabricacao":"Processo produtivo completo "}],"fabricantesInternacionais":[],"viasAdministracao":["ORAL"],"ifaUnico":true,"conservacao":["CONSERVAR EM  TEMPERATURA AMBIENTE ( AMBIENTE COM TEMPERATURA ENTRE 15 E 30ºC)","CONSERVAR EM LUGAR SECO","PROTEGER DA LUZ"],"restricaoPrescricao":["Venda sob prescrição médica com retenção de receita"],"restricaoUso":["Adulto"],"destinacao":["Comercial"],"restricaoHospitais":"N","tarja":"Vermelha sob restrição","medicamentoReferencia":"N","apresentacaoFracionada":"N","dataVencimentoRegistro":null,"tipoAutorizacao":"REGISTRADO","ativa":true,"inativa":false,"emAnalise":false},{"codigo":1791734,"apresentacao":"15 MG COM ORODISP CT BL AL AL X 120","formasFarmaceuticas":["Comprimido Orodispersível "],"numero":18,"tonalidade":null,"dataPublicacao":"2019-12-02T00:00:00.000-0300","validade":"24","tipoValidade":"2","registro":"1023513240181","principiosAtivos":["CLORIDRATO DE MEMANTINA"],"complemento":null,"embalagemPrimaria":{"tipo":"Blister de alumínio e alumínio","observacao":"Blister de alumínio 110x0,10mm contendo filme de nylon, adesivo, primer e filme de PVC + alumínio com resina termoselante incolor (PVC ou PVDC) 105x0,025mm "},"embalagemSecundaria":{"tipo":"Cartucho","observacao":"Cartolina"},"embalagemSecundariaTodas":[{"tipo":"Cartucho","observacao":"Cartolina"}],"envoltorios":[],"acessorios":[],"acondicionamento":null,"marcas":[],"fabricantesNacionais":[{"fabricante":"EMS S/A","cnpj":"57507378000365","pais":"BRASIL","uf":"SP","cidade":"HORTOLÂNDIA","etapaFabricacao":"Processo produtivo completo "}],"fabricantesInternacionais":[],"viasAdministracao":["ORAL"],"ifaUnico":true,"conservacao":["CONSERVAR EM  TEMPERATURA AMBIENTE ( AMBIENTE COM TEMPERATURA ENTRE 15 E 30ºC)","CONSERVAR EM LUGAR SECO","PROTEGER DA LUZ"],"restricaoPrescricao":["Venda sob prescrição médica com retenção de receita"],"restricaoUso":["Adulto"],"destinacao":["Comercial"],"restricaoHospitais":"N","tarja":"Vermelha sob restrição","medicamentoReferencia":"N","apresentacaoFracionada":"N","dataVencimentoRegistro":null,"tipoAutorizacao":"REGISTRADO","ativa":true,"inativa":false,"emAnalise":false},{"codigo":1791738,"apresentacao":"20 MG COM ORODISP CT BL AL AL X 7","formasFarmaceuticas":["Comprimido Orodispersível "],"numero":19,"tonalidade":null,"dataPublicacao":"2019-12-02T00:00:00.000-0300","validade":"24","tipoValidade":"2","registro":"1023513240191","principiosAtivos":["CLORIDRATO DE MEMANTINA"],"complemento":null,"embalagemPrimaria":{"tipo":"Blister de alumínio e alumínio","observacao":"Blister de alumínio 110x0,10mm contendo filme de nylon, adesivo, primer e filme de PVC + alumínio com resina termoselante incolor (PVC ou PVDC) 105x0,025mm "},"embalagemSecundaria":{"tipo":"Cartucho","observacao":"Cartolina"},"embalagemSecundariaTodas":[{"tipo":"Cartucho","observacao":"Cartolina"}],"envoltorios":[],"acessorios":[],"acondicionamento":null,"marcas":[],"fabricantesNacionais":[{"fabricante":"EMS S/A","cnpj":"57507378000365","pais":"BRASIL","uf":"SP","cidade":"HORTOLÂNDIA","etapaFabricacao":"Processo produtivo completo "}],"fabricantesInternacionais":[],"viasAdministracao":["ORAL"],"ifaUnico":true,"conservacao":["CONSERVAR EM  TEMPERATURA AMBIENTE ( AMBIENTE COM TEMPERATURA ENTRE 15 E 30ºC)","CONSERVAR EM LUGAR SECO","PROTEGER DA LUZ"],"restricaoPrescricao":["Venda sob prescrição médica com retenção de receita"],"restricaoUso":["Adulto"],"destinacao":["Comercial"],"restricaoHospitais":"N","tarja":"Vermelha sob restrição","medicamentoReferencia":"N","apresentacaoFracionada":"N","dataVencimentoRegistro":null,"tipoAutorizacao":"REGISTRADO","ativa":true,"inativa":false,"emAnalise":false},{"codigo":1791739,"apresentacao":"20 MG COM ORODISP CT BL AL AL X 15","formasFarmaceuticas":["Comprimido Orodispersível "],"numero":20,"tonalidade":null,"dataPublicacao":"2019-12-02T00:00:00.000-0300","validade":"24","tipoValidade":"2","registro":"1023513240203","principiosAtivos":["CLORIDRATO DE MEMANTINA"],"complemento":null,"embalagemPrimaria":{"tipo":"Blister de alumínio e alumínio","observacao":"Blister de alumínio 110x0,10mm contendo filme de nylon, adesivo, primer e filme de PVC + alumínio com resina termoselante incolor (PVC ou PVDC) 105x0,025mm "},"embalagemSecundaria":{"tipo":"Cartucho","observacao":"Cartolina"},"embalagemSecundariaTodas":[{"tipo":"Cartucho","observacao":"Cartolina"}],"envoltorios":[],"acessorios":[],"acondicionamento":null,"marcas":[],"fabricantesNacionais":[{"fabricante":"EMS S/A","cnpj":"57507378000365","pais":"BRASIL","uf":"SP","cidade":"HORTOLÂNDIA","etapaFabricacao":"Processo produtivo completo "}],"fabricantesInternacionais":[],"viasAdministracao":["ORAL"],"ifaUnico":true,"conservacao":["CONSERVAR EM  TEMPERATURA AMBIENTE ( AMBIENTE COM TEMPERATURA ENTRE 15 E 30ºC)","CONSERVAR EM LUGAR SECO","PROTEGER DA LUZ"],"restricaoPrescricao":["Venda sob prescrição médica com retenção de receita"],"restricaoUso":["Adulto"],"destinacao":["Comercial"],"restricaoHospitais":"N","tarja":"Vermelha sob restrição","medicamentoReferencia":"N","apresentacaoFracionada":"N","dataVencimentoRegistro":null,"tipoAutorizacao":"REGISTRADO","ativa":true,"inativa":false,"emAnalise":false},{"codigo":1791740,"apresentacao":"20 MG COM ORODISP CT BL AL AL X 30","formasFarmaceuticas":["Comprimido Orodispersível "],"numero":21,"tonalidade":null,"dataPublicacao":"2019-12-02T00:00:00.000-0300","validade":"24","tipoValidade":"2","registro":"1023513240211","principiosAtivos":["CLORIDRATO DE MEMANTINA"],"complemento":null,"embalagemPrimaria":{"tipo":"Blister de alumínio e alumínio","observacao":"Blister de alumínio 110x0,10mm contendo filme de nylon, adesivo, primer e filme de PVC + alumínio com resina termoselante incolor (PVC ou PVDC) 105x0,025mm "},"embalagemSecundaria":{"tipo":"Cartucho","observacao":"Cartolina"},"embalagemSecundariaTodas":[{"tipo":"Cartucho","observacao":"Cartolina"}],"envoltorios":[],"acessorios":[],"acondicionamento":null,"marcas":[],"fabricantesNacionais":[{"fabricante":"EMS S/A","cnpj":"57507378000365","pais":"BRASIL","uf":"SP","cidade":"HORTOLÂNDIA","etapaFabricacao":"Processo produtivo completo "}],"fabricantesInternacionais":[],"viasAdministracao":["ORAL"],"ifaUnico":true,"conservacao":["CONSERVAR EM  TEMPERATURA AMBIENTE ( AMBIENTE COM TEMPERATURA ENTRE 15 E 30ºC)","CONSERVAR EM LUGAR SECO","PROTEGER DA LUZ"],"restricaoPrescricao":["Venda sob prescrição médica com retenção de receita"],"restricaoUso":["Adulto"],"destinacao":["Comercial"],"restricaoHospitais":"N","tarja":"Vermelha sob restrição","medicamentoReferencia":"N","apresentacaoFracionada":"N","dataVencimentoRegistro":null,"tipoAutorizacao":"REGISTRADO","ativa":true,"inativa":false,"emAnalise":false},{"codigo":1791741,"apresentacao":"20 MG COM ORODISP CT BL AL AL X 60","formasFarmaceuticas":["Comprimido Orodispersível "],"numero":22,"tonalidade":null,"dataPublicacao":"2019-12-02T00:00:00.000-0300","validade":"24","tipoValidade":"2","registro":"1023513240221","principiosAtivos":["CLORIDRATO DE MEMANTINA"],"complemento":null,"embalagemPrimaria":{"tipo":"Blister de alumínio e alumínio","observacao":"Blister de alumínio 110x0,10mm contendo filme de nylon, adesivo, primer e filme de PVC + alumínio com resina termoselante incolor (PVC ou PVDC) 105x0,025mm "},"embalagemSecundaria":{"tipo":"Cartucho","observacao":"Cartolina"},"embalagemSecundariaTodas":[{"tipo":"Cartucho","observacao":"Cartolina"}],"envoltorios":[],"acessorios":[],"acondicionamento":null,"marcas":[],"fabricantesNacionais":[{"fabricante":"EMS S/A","cnpj":"57507378000365","pais":"BRASIL","uf":"SP","cidade":"HORTOLÂNDIA","etapaFabricacao":"Processo produtivo completo "}],"fabricantesInternacionais":[],"viasAdministracao":["ORAL"],"ifaUnico":true,"conservacao":["CONSERVAR EM  TEMPERATURA AMBIENTE ( AMBIENTE COM TEMPERATURA ENTRE 15 E 30ºC)","CONSERVAR EM LUGAR SECO","PROTEGER DA LUZ"],"restricaoPrescricao":["Venda sob prescrição médica com retenção de receita"],"restricaoUso":["Adulto"],"destinacao":["Comercial"],"restricaoHospitais":"N","tarja":"Vermelha sob restrição","medicamentoReferencia":"N","apresentacaoFracionada":"N","dataVencimentoRegistro":null,"tipoAutorizacao":"REGISTRADO","ativa":true,"inativa":false,"emAnalise":false},{"codigo":1791742,"apresentacao":"20 MG COM ORODISP CT BL AL AL X 90","formasFarmaceuticas":["Comprimido Orodispersível "],"numero":23,"tonalidade":null,"dataPublicacao":"2019-12-02T00:00:00.000-0300","validade":"24","tipoValidade":"2","registro":"1023513240238","principiosAtivos":["CLORIDRATO DE MEMANTINA"],"complemento":null,"embalagemPrimaria":{"tipo":"Blister de alumínio e alumínio","observacao":"Blister de alumínio 110x0,10mm contendo filme de nylon, adesivo, primer e filme de PVC + alumínio com resina termoselante incolor (PVC ou PVDC) 105x0,025mm "},"embalagemSecundaria":{"tipo":"Cartucho","observacao":"Cartolina"},"embalagemSecundariaTodas":[{"tipo":"Cartucho","observacao":"Cartolina"}],"envoltorios":[],"acessorios":[],"acondicionamento":null,"marcas":[],"fabricantesNacionais":[{"fabricante":"EMS S/A","cnpj":"57507378000365","pais":"BRASIL","uf":"SP","cidade":"HORTOLÂNDIA","etapaFabricacao":"Processo produtivo completo "}],"fabricantesInternacionais":[],"viasAdministracao":["ORAL"],"ifaUnico":true,"conservacao":["CONSERVAR EM  TEMPERATURA AMBIENTE ( AMBIENTE COM TEMPERATURA ENTRE 15 E 30ºC)","CONSERVAR EM LUGAR SECO","PROTEGER DA LUZ"],"restricaoPrescricao":["Venda sob prescrição médica com retenção de receita"],"restricaoUso":["Adulto"],"destinacao":["Comercial"],"restricaoHospitais":"N","tarja":"Vermelha sob restrição","medicamentoReferencia":"N","apresentacaoFracionada":"N","dataVencimentoRegistro":null,"tipoAutorizacao":"REGISTRADO","ativa":true,"inativa":false,"emAnalise":false},{"codigo":1791743,"apresentacao":"20 MG COM ORODISP CT BL AL AL X 120","formasFarmaceuticas":["Comprimido Orodispersível "],"numero":24,"tonalidade":null,"dataPublicacao":"2019-12-02T00:00:00.000-0300","validade":"24","tipoValidade":"2","registro":"1023513240246","principiosAtivos":["CLORIDRATO DE MEMANTINA"],"complemento":null,"embalagemPrimaria":{"tipo":"Blister de alumínio e alumínio","observacao":"Blister de alumínio 110x0,10mm contendo filme de nylon, adesivo, primer e filme de PVC + alumínio com resina termoselante incolor (PVC ou PVDC) 105x0,025mm "},"embalagemSecundaria":{"tipo":"Cartucho","observacao":"Cartolina"},"embalagemSecundariaTodas":[{"tipo":"Cartucho","observacao":"Cartolina"}],"envoltorios":[],"acessorios":[],"acondicionamento":null,"marcas":[],"fabricantesNacionais":[{"fabricante":"EMS S/A","cnpj":"57507378000365","pais":"BRASIL","uf":"SP","cidade":"HORTOLÂNDIA","etapaFabricacao":"Processo produtivo completo "}],"fabricantesInternacionais":[],"viasAdministracao":["ORAL"],"ifaUnico":true,"conservacao":["CONSERVAR EM  TEMPERATURA AMBIENTE ( AMBIENTE COM TEMPERATURA ENTRE 15 E 30ºC)","CONSERVAR EM LUGAR SECO","PROTEGER DA LUZ"],"restricaoPrescricao":["Venda sob prescrição médica com retenção de receita"],"restricaoUso":["Adulto"],"destinacao":["Comercial"],"restricaoHospitais":"N","tarja":"Vermelha sob restrição","medicamentoReferencia":"N","apresentacaoFracionada":"N","dataVencimentoRegistro":null,"tipoAutorizacao":"REGISTRADO","ativa":true,"inativa":false,"emAnalise":false}],"rotulos":[],"anexoRotulos":[],"tipoAutorizacao":"REGISTRADO"}