{"codigoProduto":1870775,"tipoProduto":1,"dataProduto":"2021-02-01T00:00:00.000-0300","nomeComercial":"cloridrato de metoclopramida","classesTerapeuticas":["ANTIEMETICOS E ANTINAUSEANTES"],"numeroRegistro":"105710165","dataVencimento":null,"mesAnoVencimento":"022031","codigoParecerPublico":null,"codigoBulaPaciente":"eyJhbGciOiJIUzUxMiJ9.eyJqdGkiOiIyMjgxNDYxMyIsIm5iZiI6MTcxOTQxNjMzNywiZXhwIjoxNzE5NDE2NjM3fQ.DyBk3fUixKr2aJV8VQDW8TXli3H_5kV4EUmoRRy-K65GBBHUWhLua4O5fzsy9H09AhNzUU65urY-DEoSbXqY9A","codigoBulaProfissional":"eyJhbGciOiJIUzUxMiJ9.eyJqdGkiOiIyMjgxNDYxNCIsIm5iZiI6MTcxOTQxNjMzNywiZXhwIjoxNzE5NDE2NjM3fQ.9b81wSutz00Pra8lTvxg5Kam2ya48P12w5KvS7jLXhaoObuGCnZ5L8QK3TtrslEOmkI3PDqht-5aVjiyEghtcw","dataVencimentoRegistro":"2031-02-01T00:00:00.000-0300","principioAtivo":"CLORIDRATO DE METOCLOPRAMIDA monoidratado","medicamentoReferencia":"PLASIL","categoriaRegulatoria":"Genérico","classeTerapeutica":null,"atc":null,"processosMedidaCautelar":[],"empresa":{"cnpj":"18324343000177","razaoSocial":"BELFAR LTDA","numeroAutorizacao":"1005711"},"processo":{"numero":"25351278037202044","situacao":29},"apresentacoes":[{"codigo":3750587,"apresentacao":"4,0 MG/ML SOL OR CT FR PLAS OPC GOT X 10 ML","formasFarmaceuticas":["SOLUÇAO ORAL"],"numero":1,"tonalidade":null,"dataPublicacao":"2021-02-01T00:00:00.000-0300","validade":"24","tipoValidade":"2","registro":"1057101650018","principiosAtivos":["CLORIDRATO DE METOCLOPRAMIDA monoidratado"],"complemento":null,"embalagemPrimaria":{"tipo":"FRASCO DE PLASTICO OPACO GOTEJADOR","observacao":null},"embalagemSecundaria":{"tipo":"CARTUCHO DE CARTOLINA","observacao":null},"embalagemSecundariaTodas":[{"tipo":"CARTUCHO DE CARTOLINA","observacao":null}],"envoltorios":[],"acessorios":[],"acondicionamento":null,"marcas":[],"fabricantesNacionais":[{"fabricante":"BELFAR LTDA","cnpj":"18324343000177","pais":"BRASIL","uf":"MG","cidade":"BELO HORIZONTE","etapaFabricacao":"Processo produtivo completo "},{"fabricante":"Belfar Limitada","cnpj":"18324343000509","pais":"BRASIL","uf":null,"cidade":null,"etapaFabricacao":"Embalagem secundária"}],"fabricantesInternacionais":[],"viasAdministracao":["ORAL"],"ifaUnico":true,"conservacao":["CONSERVAR EM  TEMPERATURA AMBIENTE ( AMBIENTE COM TEMPERATURA ENTRE 15 E 30ºC)","PROTEGER DA LUZ"],"restricaoPrescricao":["Venda sob Prescrição Médica"],"restricaoUso":["Adulto"],"destinacao":["Comercial"],"restricaoHospitais":"N","tarja":"Vermelha","medicamentoReferencia":"N","apresentacaoFracionada":"N","dataVencimentoRegistro":null,"tipoAutorizacao":"REGISTRADO","ativa":true,"inativa":false,"emAnalise":false},{"codigo":3750588,"apresentacao":"10 MG COM CT BL AL PLAS TRANS X 20","formasFarmaceuticas":["COMPRIMIDO SIMPLES"],"numero":2,"tonalidade":null,"dataPublicacao":"2021-02-01T00:00:00.000-0300","validade":"24","tipoValidade":"2","registro":"1057101650026","principiosAtivos":["CLORIDRATO DE METOCLOPRAMIDA monoidratado"],"complemento":null,"embalagemPrimaria":{"tipo":"BLISTER DE ALUMINIO/PLASTICO TRANSPARENTE","observacao":null},"embalagemSecundaria":{"tipo":"CARTUCHO DE CARTOLINA","observacao":null},"embalagemSecundariaTodas":[{"tipo":"CARTUCHO DE CARTOLINA","observacao":null}],"envoltorios":[],"acessorios":[],"acondicionamento":null,"marcas":[],"fabricantesNacionais":[{"fabricante":"BELFAR LTDA","cnpj":"18324343000177","pais":"BRASIL","uf":"MG","cidade":"BELO HORIZONTE","etapaFabricacao":"Processo produtivo completo "},{"fabricante":"Belfar Limitada","cnpj":"18324343000509","pais":"BRASIL","uf":null,"cidade":null,"etapaFabricacao":"Embalagem secundária"}],"fabricantesInternacionais":[],"viasAdministracao":["ORAL"],"ifaUnico":true,"conservacao":["CONSERVAR EM  TEMPERATURA AMBIENTE ( AMBIENTE COM TEMPERATURA ENTRE 15 E 30ºC)","PROTEGER DA LUZ E UMIDADE"],"restricaoPrescricao":["Venda sob Prescrição Médica"],"restricaoUso":["Adulto"],"destinacao":["Comercial"],"restricaoHospitais":"N","tarja":"Vermelha","medicamentoReferencia":"N","apresentacaoFracionada":"N","dataVencimentoRegistro":null,"tipoAutorizacao":"REGISTRADO","ativa":true,"inativa":false,"emAnalise":false},{"codigo":3750589,"apresentacao":"4,0 MG/ML SOL OR CT 25 FR PLAS OPC GOT X 10 ML","formasFarmaceuticas":["SOLUÇAO ORAL"],"numero":3,"tonalidade":null,"dataPublicacao":"2021-02-01T00:00:00.000-0300","validade":"24","tipoValidade":"2","registro":"1057101650034","principiosAtivos":["CLORIDRATO DE METOCLOPRAMIDA monoidratado"],"complemento":null,"embalagemPrimaria":{"tipo":"FRASCO DE PLASTICO OPACO GOTEJADOR","observacao":null},"embalagemSecundaria":{"tipo":"CARTUCHO DE CARTOLINA","observacao":null},"embalagemSecundariaTodas":[{"tipo":"CARTUCHO DE CARTOLINA","observacao":null}],"envoltorios":[],"acessorios":[],"acondicionamento":null,"marcas":[],"fabricantesNacionais":[{"fabricante":"BELFAR LTDA","cnpj":"18324343000177","pais":"BRASIL","uf":"MG","cidade":"BELO HORIZONTE","etapaFabricacao":"Processo produtivo completo "},{"fabricante":"Belfar Limitada","cnpj":"18324343000509","pais":"BRASIL","uf":null,"cidade":null,"etapaFabricacao":"Embalagem secundária"}],"fabricantesInternacionais":[],"viasAdministracao":["ORAL"],"ifaUnico":true,"conservacao":["CONSERVAR EM  TEMPERATURA AMBIENTE ( AMBIENTE COM TEMPERATURA ENTRE 15 E 30ºC)","PROTEGER DA LUZ"],"restricaoPrescricao":["Venda sob Prescrição Médica"],"restricaoUso":["Adulto"],"destinacao":["Hospitalar"],"restricaoHospitais":"N","tarja":"Vermelha","medicamentoReferencia":"N","apresentacaoFracionada":"N","dataVencimentoRegistro":null,"tipoAutorizacao":"REGISTRADO","ativa":true,"inativa":false,"emAnalise":false},{"codigo":3750590,"apresentacao":"4,0 MG/ML SOL OR CT 50 FR PLAS OPC GOT X 10 ML","formasFarmaceuticas":["SOLUÇAO ORAL"],"numero":4,"tonalidade":null,"dataPublicacao":"2021-02-01T00:00:00.000-0300","validade":"24","tipoValidade":"2","registro":"1057101650042","principiosAtivos":["CLORIDRATO DE METOCLOPRAMIDA monoidratado"],"complemento":null,"embalagemPrimaria":{"tipo":"FRASCO DE PLASTICO OPACO GOTEJADOR","observacao":null},"embalagemSecundaria":{"tipo":"CARTUCHO DE CARTOLINA","observacao":null},"embalagemSecundariaTodas":[{"tipo":"CARTUCHO DE CARTOLINA","observacao":null}],"envoltorios":[],"acessorios":[],"acondicionamento":null,"marcas":[],"fabricantesNacionais":[{"fabricante":"BELFAR LTDA","cnpj":"18324343000177","pais":"BRASIL","uf":"MG","cidade":"BELO HORIZONTE","etapaFabricacao":"Processo produtivo completo "},{"fabricante":"Belfar Limitada","cnpj":"18324343000509","pais":"BRASIL","uf":null,"cidade":null,"etapaFabricacao":"Embalagem secundária"}],"fabricantesInternacionais":[],"viasAdministracao":["ORAL"],"ifaUnico":true,"conservacao":["CONSERVAR EM  TEMPERATURA AMBIENTE ( AMBIENTE COM TEMPERATURA ENTRE 15 E 30ºC)","PROTEGER DA LUZ"],"restricaoPrescricao":["Venda sob Prescrição Médica"],"restricaoUso":["Adulto"],"destinacao":["Hospitalar"],"restricaoHospitais":"N","tarja":"Vermelha","medicamentoReferencia":"N","apresentacaoFracionada":"N","dataVencimentoRegistro":null,"tipoAutorizacao":"REGISTRADO","ativa":true,"inativa":false,"emAnalise":false},{"codigo":3750591,"apresentacao":"10 MG COM CT BL AL PLAS TRANS X 500","formasFarmaceuticas":["COMPRIMIDO SIMPLES"],"numero":5,"tonalidade":null,"dataPublicacao":"2021-02-01T00:00:00.000-0300","validade":"24","tipoValidade":"2","registro":"1057101650050","principiosAtivos":["CLORIDRATO DE METOCLOPRAMIDA monoidratado"],"complemento":null,"embalagemPrimaria":{"tipo":"BLISTER DE ALUMINIO/PLASTICO TRANSPARENTE","observacao":null},"embalagemSecundaria":{"tipo":"CARTUCHO DE CARTOLINA","observacao":null},"embalagemSecundariaTodas":[{"tipo":"CARTUCHO DE CARTOLINA","observacao":null}],"envoltorios":[],"acessorios":[],"acondicionamento":null,"marcas":[],"fabricantesNacionais":[{"fabricante":"BELFAR LTDA","cnpj":"18324343000177","pais":"BRASIL","uf":"MG","cidade":"BELO HORIZONTE","etapaFabricacao":"Processo produtivo completo "},{"fabricante":"Belfar Limitada","cnpj":"18324343000509","pais":"BRASIL","uf":null,"cidade":null,"etapaFabricacao":"Embalagem secundária"}],"fabricantesInternacionais":[],"viasAdministracao":["ORAL"],"ifaUnico":true,"conservacao":["CONSERVAR EM  TEMPERATURA AMBIENTE ( AMBIENTE COM TEMPERATURA ENTRE 15 E 30ºC)","PROTEGER DA LUZ E UMIDADE"],"restricaoPrescricao":["Venda sob Prescrição Médica"],"restricaoUso":["Adulto"],"destinacao":["Hospitalar"],"restricaoHospitais":"N","tarja":"Vermelha","medicamentoReferencia":"N","apresentacaoFracionada":"N","dataVencimentoRegistro":null,"tipoAutorizacao":"REGISTRADO","ativa":true,"inativa":false,"emAnalise":false},{"codigo":3750592,"apresentacao":"10 MG COM CT BL AL PLAS TRANS X 1000","formasFarmaceuticas":["COMPRIMIDO SIMPLES"],"numero":6,"tonalidade":null,"dataPublicacao":"2021-02-01T00:00:00.000-0300","validade":"24","tipoValidade":"2","registro":"1057101650069","principiosAtivos":["CLORIDRATO DE METOCLOPRAMIDA monoidratado"],"complemento":null,"embalagemPrimaria":{"tipo":"BLISTER DE ALUMINIO/PLASTICO TRANSPARENTE","observacao":null},"embalagemSecundaria":{"tipo":"CARTUCHO DE CARTOLINA","observacao":null},"embalagemSecundariaTodas":[{"tipo":"CARTUCHO DE CARTOLINA","observacao":null}],"envoltorios":[],"acessorios":[],"acondicionamento":null,"marcas":[],"fabricantesNacionais":[{"fabricante":"BELFAR LTDA","cnpj":"18324343000177","pais":"BRASIL","uf":"MG","cidade":"BELO HORIZONTE","etapaFabricacao":"Processo produtivo completo "},{"fabricante":"Belfar Limitada","cnpj":"18324343000509","pais":"BRASIL","uf":null,"cidade":null,"etapaFabricacao":"Embalagem secundária"}],"fabricantesInternacionais":[],"viasAdministracao":["ORAL"],"ifaUnico":true,"conservacao":["CONSERVAR EM  TEMPERATURA AMBIENTE ( AMBIENTE COM TEMPERATURA ENTRE 15 E 30ºC)","PROTEGER DA LUZ E UMIDADE"],"restricaoPrescricao":["Venda sob Prescrição Médica"],"restricaoUso":["Adulto"],"destinacao":["Hospitalar"],"restricaoHospitais":"N","tarja":"Vermelha","medicamentoReferencia":"N","apresentacaoFracionada":"N","dataVencimentoRegistro":null,"tipoAutorizacao":"REGISTRADO","ativa":true,"inativa":false,"emAnalise":false},{"codigo":3750593,"apresentacao":"10 MG COM CT BL AL PLAS TRANS X 2000","formasFarmaceuticas":["COMPRIMIDO SIMPLES"],"numero":7,"tonalidade":null,"dataPublicacao":"2021-02-01T00:00:00.000-0300","validade":"24","tipoValidade":"2","registro":"1057101650077","principiosAtivos":["CLORIDRATO DE METOCLOPRAMIDA monoidratado"],"complemento":null,"embalagemPrimaria":{"tipo":"BLISTER DE ALUMINIO/PLASTICO TRANSPARENTE","observacao":null},"embalagemSecundaria":{"tipo":"CARTUCHO DE CARTOLINA","observacao":null},"embalagemSecundariaTodas":[{"tipo":"CARTUCHO DE CARTOLINA","observacao":null}],"envoltorios":[],"acessorios":[],"acondicionamento":null,"marcas":[],"fabricantesNacionais":[{"fabricante":"BELFAR LTDA","cnpj":"18324343000177","pais":"BRASIL","uf":"MG","cidade":"BELO HORIZONTE","etapaFabricacao":"Processo produtivo completo "},{"fabricante":"Belfar Limitada","cnpj":"18324343000509","pais":"BRASIL","uf":null,"cidade":null,"etapaFabricacao":"Embalagem secundária"}],"fabricantesInternacionais":[],"viasAdministracao":["ORAL"],"ifaUnico":true,"conservacao":["CONSERVAR EM  TEMPERATURA AMBIENTE ( AMBIENTE COM TEMPERATURA ENTRE 15 E 30ºC)","PROTEGER DA LUZ E UMIDADE"],"restricaoPrescricao":["Venda sob Prescrição Médica"],"restricaoUso":["Adulto"],"destinacao":["Hospitalar"],"restricaoHospitais":"N","tarja":"Vermelha","medicamentoReferencia":"N","apresentacaoFracionada":"N","dataVencimentoRegistro":null,"tipoAutorizacao":"REGISTRADO","ativa":true,"inativa":false,"emAnalise":false}],"rotulos":[],"anexoRotulos":[],"tipoAutorizacao":"REGISTRADO"}