{"codigoProduto":7721,"tipoProduto":1,"dataProduto":"1997-10-22T00:00:00.000-0300","nomeComercial":"BACINA","classesTerapeuticas":["ANTIBIOTICOS SISTEMICOS-ASSOCIACOES MEDICAMENTOSAS"],"numeroRegistro":"105710082","dataVencimento":null,"mesAnoVencimento":"102027","codigoParecerPublico":null,"codigoBulaPaciente":"eyJhbGciOiJIUzUxMiJ9.eyJqdGkiOiIyMTQ2ODg4NSIsIm5iZiI6MTcxOTQxNjA1NCwiZXhwIjoxNzE5NDE2MzU0fQ.mut47t7OKvGhA2pVDzDb2Gx5qQe0bdrq7HtOgYQIlSlKizHD1VG_GRfmI3Ooau2fTgGkNWLwbyutucYX7fW5kQ","codigoBulaProfissional":"eyJhbGciOiJIUzUxMiJ9.eyJqdGkiOiIyMTQ2ODg4NiIsIm5iZiI6MTcxOTQxNjA1NCwiZXhwIjoxNzE5NDE2MzU0fQ.3CrfWXUMLVnCw9tcGrZfU8O_JC_oSyWmPUUEl3RBLadl788oDP294dKBP0mUQTo1OdDjMa9dvwSRiIwkfDxaKQ","dataVencimentoRegistro":"2027-10-01T00:00:00.000-0300","principioAtivo":"SULFATO DE NEOMICINA, BACITRACINA ZÍNCICA","medicamentoReferencia":"Nebacetin®","categoriaRegulatoria":"Similar","classeTerapeutica":null,"atc":null,"processosMedidaCautelar":[],"empresa":{"cnpj":"18324343000177","razaoSocial":"BELFAR LTDA","numeroAutorizacao":"1005711"},"processo":{"numero":"250000022649734","situacao":29},"apresentacoes":[{"codigo":26827,"apresentacao":"(5 MG + 250 UI)/G POM DERM CT BG AL X 15 G","formasFarmaceuticas":["Pomada"],"numero":1,"tonalidade":null,"dataPublicacao":"2001-06-04T00:00:00.000-0300","validade":"24","tipoValidade":"2","registro":"1057100820017","principiosAtivos":["SULFATO DE NEOMICINA","BACITRACINA ZÍNCICA"],"complemento":null,"embalagemPrimaria":{"tipo":"Bisnaga de alumínio ","observacao":" Bisnaga com 15 g em alumínio revestido com verniz epoxi dourado"},"embalagemSecundaria":{"tipo":"Cartucho","observacao":"de papelão"},"embalagemSecundariaTodas":[{"tipo":"Cartucho","observacao":"de papelão"}],"envoltorios":[],"acessorios":[],"acondicionamento":null,"marcas":[],"fabricantesNacionais":[{"fabricante":"BELFAR LTDA","cnpj":"18324343000177","pais":"BRASIL","uf":"MG","cidade":"BELO HORIZONTE","etapaFabricacao":"Processo produtivo completo "},{"fabricante":"Belfar Limitada","cnpj":"18324343000509","pais":"BRASIL","uf":null,"cidade":null,"etapaFabricacao":"Embalagem secundária"}],"fabricantesInternacionais":[],"viasAdministracao":["DERMATOLÓGICA"],"ifaUnico":false,"conservacao":["CONSERVAR EM  TEMPERATURA AMBIENTE ( AMBIENTE COM TEMPERATURA ENTRE 15 E 30ºC)","PROTEGER DA LUZ"],"restricaoPrescricao":["Venda sem Prescrição Médica"],"restricaoUso":["Adulto e Pediátrico"],"destinacao":["Comercial"],"restricaoHospitais":"N","tarja":"Sem Tarja","medicamentoReferencia":"N","apresentacaoFracionada":"N","dataVencimentoRegistro":null,"tipoAutorizacao":"REGISTRADO","ativa":true,"inativa":false,"emAnalise":false},{"codigo":826085,"apresentacao":"(5 MG + 250 UI)/G POM DERM CT BG AL X 10 G","formasFarmaceuticas":["Pomada"],"numero":2,"tonalidade":null,"dataPublicacao":"1997-10-22T00:00:00.000-0300","validade":"24","tipoValidade":"2","registro":"1057100820025","principiosAtivos":["SULFATO DE NEOMICINA","BACITRACINA ZÍNCICA"],"complemento":null,"embalagemPrimaria":{"tipo":"Bisnaga de alumínio ","observacao":" Bisnaga com 15 g em alumínio revestido com verniz epoxi dourado"},"embalagemSecundaria":{"tipo":"Cartucho","observacao":"de cartolina"},"embalagemSecundariaTodas":[{"tipo":"Cartucho","observacao":"de cartolina"}],"envoltorios":[],"acessorios":[],"acondicionamento":null,"marcas":[],"fabricantesNacionais":[{"fabricante":"BELFAR LTDA","cnpj":"18324343000177","pais":"BRASIL","uf":"MG","cidade":"BELO HORIZONTE","etapaFabricacao":"Processo produtivo completo "},{"fabricante":"Belfar Limitada","cnpj":"18324343000509","pais":"BRASIL","uf":null,"cidade":null,"etapaFabricacao":"Embalagem secundária"}],"fabricantesInternacionais":[],"viasAdministracao":["DERMATOLÓGICA"],"ifaUnico":false,"conservacao":["CONSERVAR EM  TEMPERATURA AMBIENTE ( AMBIENTE COM TEMPERATURA ENTRE 15 E 30ºC)","PROTEGER DA LUZ"],"restricaoPrescricao":["Venda sem Prescrição Médica"],"restricaoUso":["Adulto e Pediátrico"],"destinacao":["Comercial"],"restricaoHospitais":"N","tarja":"Sem Tarja","medicamentoReferencia":"N","apresentacaoFracionada":"N","dataVencimentoRegistro":null,"tipoAutorizacao":"REGISTRADO","ativa":true,"inativa":false,"emAnalise":false},{"codigo":1143143,"apresentacao":"(5 MG + 250 UI)/G POM DERM CT 50 BG AL X 15 G","formasFarmaceuticas":["Pomada"],"numero":3,"tonalidade":null,"dataPublicacao":"1997-10-22T00:00:00.000-0300","validade":"24","tipoValidade":"2","registro":"1057100820033","principiosAtivos":["SULFATO DE NEOMICINA","BACITRACINA ZÍNCICA"],"complemento":null,"embalagemPrimaria":{"tipo":"Bisnaga de alumínio ","observacao":" Bisnaga com 15 g em alumínio revestido com verniz epoxi dourado"},"embalagemSecundaria":{"tipo":"Cartucho","observacao":"de cartolina"},"embalagemSecundariaTodas":[{"tipo":"Cartucho","observacao":"de cartolina"}],"envoltorios":[],"acessorios":[],"acondicionamento":null,"marcas":[],"fabricantesNacionais":[{"fabricante":"BELFAR LTDA","cnpj":"18324343000177","pais":"BRASIL","uf":"MG","cidade":"BELO HORIZONTE","etapaFabricacao":"Processo produtivo completo "},{"fabricante":"Belfar Limitada","cnpj":"18324343000509","pais":"BRASIL","uf":null,"cidade":null,"etapaFabricacao":"Embalagem secundária"}],"fabricantesInternacionais":[],"viasAdministracao":["DERMATOLÓGICA"],"ifaUnico":false,"conservacao":["CONSERVAR EM  TEMPERATURA AMBIENTE ( AMBIENTE COM TEMPERATURA ENTRE 15 E 30ºC)","PROTEGER DA LUZ"],"restricaoPrescricao":["Venda sem Prescrição Médica"],"restricaoUso":["Adulto e Pediátrico"],"destinacao":["Hospitalar"],"restricaoHospitais":"N","tarja":"Sem Tarja","medicamentoReferencia":"N","apresentacaoFracionada":"N","dataVencimentoRegistro":null,"tipoAutorizacao":"REGISTRADO","ativa":true,"inativa":false,"emAnalise":false},{"codigo":1143144,"apresentacao":"(5 MG + 250 UI)/G POM DERM CT 50 BG AL X 10 G","formasFarmaceuticas":["Pomada"],"numero":4,"tonalidade":null,"dataPublicacao":"1997-10-22T00:00:00.000-0300","validade":"24","tipoValidade":"2","registro":"1057100820041","principiosAtivos":["SULFATO DE NEOMICINA","BACITRACINA ZÍNCICA"],"complemento":null,"embalagemPrimaria":{"tipo":"Bisnaga de alumínio ","observacao":" Bisnaga com 15 g em alumínio revestido com verniz epoxi dourado"},"embalagemSecundaria":{"tipo":"Cartucho","observacao":"de cartolina"},"embalagemSecundariaTodas":[{"tipo":"Cartucho","observacao":"de cartolina"}],"envoltorios":[],"acessorios":[],"acondicionamento":null,"marcas":[],"fabricantesNacionais":[{"fabricante":"BELFAR LTDA","cnpj":"18324343000177","pais":"BRASIL","uf":"MG","cidade":"BELO HORIZONTE","etapaFabricacao":"Processo produtivo completo "},{"fabricante":"Belfar Limitada","cnpj":"18324343000509","pais":"BRASIL","uf":null,"cidade":null,"etapaFabricacao":"Embalagem secundária"}],"fabricantesInternacionais":[],"viasAdministracao":["DERMATOLÓGICA"],"ifaUnico":false,"conservacao":["CONSERVAR EM  TEMPERATURA AMBIENTE ( AMBIENTE COM TEMPERATURA ENTRE 15 E 30ºC)","PROTEGER DA LUZ"],"restricaoPrescricao":["Venda sem Prescrição Médica"],"restricaoUso":["Adulto e Pediátrico"],"destinacao":["Hospitalar"],"restricaoHospitais":"N","tarja":"Sem Tarja","medicamentoReferencia":"N","apresentacaoFracionada":"N","dataVencimentoRegistro":null,"tipoAutorizacao":"REGISTRADO","ativa":true,"inativa":false,"emAnalise":false}],"rotulos":[],"anexoRotulos":[],"tipoAutorizacao":"REGISTRADO"}