{"codigoProduto":143912,"tipoProduto":1,"dataProduto":"2005-10-24T00:00:00.000-0300","nomeComercial":"CLAVAXACILIN","classesTerapeuticas":["ANTIBIOTICOS SISTEM -ASSOC  MEDIC  ENTRE ANTINFEC"],"numeroRegistro":"105710135","dataVencimento":null,"mesAnoVencimento":"102010","codigoParecerPublico":null,"codigoBulaPaciente":null,"codigoBulaProfissional":null,"dataVencimentoRegistro":"2010-10-01T00:00:00.000-0300","principioAtivo":null,"medicamentoReferencia":null,"categoriaRegulatoria":"Similar","classeTerapeutica":null,"atc":null,"processosMedidaCautelar":[],"empresa":{"cnpj":"18324343000177","razaoSocial":"BELFAR LTDA","numeroAutorizacao":"1005711"},"processo":{"numero":"25351190487200224","situacao":29},"apresentacoes":[{"codigo":209836,"apresentacao":"(500,0 + 125,0) MG COM REV CT FR VD AMB X 30 ","formasFarmaceuticas":["COMPRIMIDO REVESTIDO"],"numero":1,"tonalidade":null,"dataPublicacao":"2005-10-24T00:00:00.000-0300","validade":"24","tipoValidade":"2","registro":"1057101350014","principiosAtivos":["AMOXICILINA TRI-hIDRATADA","CLAVULANATO DE POTÁSSIO"],"complemento":null,"embalagemPrimaria":{"tipo":"FRASCO DE VIDRO AMBAR","observacao":null},"embalagemSecundaria":{"tipo":"CARTUCHO DE CARTOLINA","observacao":null},"embalagemSecundariaTodas":[{"tipo":"CARTUCHO DE CARTOLINA","observacao":null}],"envoltorios":[],"acessorios":[],"acondicionamento":null,"marcas":[],"fabricantesNacionais":[],"fabricantesInternacionais":[],"viasAdministracao":["ORAL 1"],"ifaUnico":false,"conservacao":["EVITAR CALOR EXCESSIVO (TEMPERATURA SUPERIOR A 40 GRAUS C)","PROTEGER DA LUZ E UMIDADE"],"restricaoPrescricao":["Venda sob Prescrição Médica"],"restricaoUso":[],"destinacao":["Comercial"],"restricaoHospitais":null,"tarja":null,"medicamentoReferencia":"N","apresentacaoFracionada":"N","dataVencimentoRegistro":null,"tipoAutorizacao":"REGISTRADO","ativa":false,"inativa":true,"emAnalise":false},{"codigo":209838,"apresentacao":"(500,0 + 125,0) MG COM REV CT FR VD AMB X 18","formasFarmaceuticas":["COMPRIMIDO REVESTIDO"],"numero":2,"tonalidade":null,"dataPublicacao":"2005-10-24T00:00:00.000-0300","validade":"24","tipoValidade":"2","registro":"1057101350022","principiosAtivos":["AMOXICILINA TRI-hIDRATADA","CLAVULANATO DE POTÁSSIO"],"complemento":null,"embalagemPrimaria":{"tipo":"FRASCO DE VIDRO AMBAR","observacao":null},"embalagemSecundaria":{"tipo":"CARTUCHO DE CARTOLINA","observacao":null},"embalagemSecundariaTodas":[{"tipo":"CARTUCHO DE CARTOLINA","observacao":null}],"envoltorios":[],"acessorios":[],"acondicionamento":null,"marcas":[],"fabricantesNacionais":[],"fabricantesInternacionais":[],"viasAdministracao":["ORAL 1"],"ifaUnico":false,"conservacao":["EVITAR CALOR EXCESSIVO (TEMPERATURA SUPERIOR A 40 GRAUS C)","PROTEGER DA LUZ E UMIDADE"],"restricaoPrescricao":["Venda sob Prescrição Médica"],"restricaoUso":[],"destinacao":["Comercial"],"restricaoHospitais":null,"tarja":null,"medicamentoReferencia":"N","apresentacaoFracionada":"N","dataVencimentoRegistro":null,"tipoAutorizacao":"REGISTRADO","ativa":false,"inativa":true,"emAnalise":false},{"codigo":209839,"apresentacao":"(500,0 + 125,0) MG COM REV CT FR VD AMB X 15","formasFarmaceuticas":["COMPRIMIDO REVESTIDO"],"numero":3,"tonalidade":null,"dataPublicacao":"2005-10-24T00:00:00.000-0300","validade":"24","tipoValidade":"2","registro":"1057101350030","principiosAtivos":["AMOXICILINA TRI-hIDRATADA","CLAVULANATO DE POTÁSSIO"],"complemento":null,"embalagemPrimaria":{"tipo":"FRASCO DE VIDRO AMBAR","observacao":null},"embalagemSecundaria":{"tipo":"CARTUCHO DE CARTOLINA","observacao":null},"embalagemSecundariaTodas":[{"tipo":"CARTUCHO DE CARTOLINA","observacao":null}],"envoltorios":[],"acessorios":[],"acondicionamento":null,"marcas":[],"fabricantesNacionais":[],"fabricantesInternacionais":[],"viasAdministracao":["ORAL 1"],"ifaUnico":false,"conservacao":["EVITAR CALOR EXCESSIVO (TEMPERATURA SUPERIOR A 40 GRAUS C)","PROTEGER DA LUZ E UMIDADE"],"restricaoPrescricao":["Venda sob Prescrição Médica"],"restricaoUso":[],"destinacao":["Comercial"],"restricaoHospitais":null,"tarja":null,"medicamentoReferencia":"N","apresentacaoFracionada":"N","dataVencimentoRegistro":null,"tipoAutorizacao":"REGISTRADO","ativa":false,"inativa":true,"emAnalise":false},{"codigo":209840,"apresentacao":"(500,0 + 125,0) MG COM REV CT FR VD AMB X 12","formasFarmaceuticas":["COMPRIMIDO REVESTIDO"],"numero":4,"tonalidade":null,"dataPublicacao":"2005-10-24T00:00:00.000-0300","validade":"24","tipoValidade":"2","registro":"1057101350049","principiosAtivos":["AMOXICILINA TRI-hIDRATADA","CLAVULANATO DE POTÁSSIO"],"complemento":null,"embalagemPrimaria":{"tipo":"FRASCO DE VIDRO AMBAR","observacao":null},"embalagemSecundaria":{"tipo":"CARTUCHO DE CARTOLINA","observacao":null},"embalagemSecundariaTodas":[{"tipo":"CARTUCHO DE CARTOLINA","observacao":null}],"envoltorios":[],"acessorios":[],"acondicionamento":null,"marcas":[],"fabricantesNacionais":[],"fabricantesInternacionais":[],"viasAdministracao":["ORAL 1"],"ifaUnico":false,"conservacao":["EVITAR CALOR EXCESSIVO (TEMPERATURA SUPERIOR A 40 GRAUS C)","PROTEGER DA LUZ E UMIDADE"],"restricaoPrescricao":["Venda sob Prescrição Médica"],"restricaoUso":[],"destinacao":["Comercial"],"restricaoHospitais":null,"tarja":null,"medicamentoReferencia":"N","apresentacaoFracionada":"N","dataVencimentoRegistro":null,"tipoAutorizacao":"REGISTRADO","ativa":false,"inativa":true,"emAnalise":false},{"codigo":209841,"apresentacao":"(28,7+8,4) MG/ML PO PREP EXT SOL OR CT FR VD AMB X 75 ML = (25+6,25)MG","formasFarmaceuticas":["PO PARA SOLUÇAO EXTEMPORANEA"],"numero":5,"tonalidade":null,"dataPublicacao":"2005-10-24T00:00:00.000-0300","validade":"24","tipoValidade":"2","registro":"1057101350057","principiosAtivos":["AMOXICILINA TRI-hIDRATADA","CLAVULANATO DE POTÁSSIO"],"complemento":null,"embalagemPrimaria":{"tipo":"FRASCO DE VIDRO AMBAR","observacao":null},"embalagemSecundaria":{"tipo":"CARTUCHO DE CARTOLINA","observacao":null},"embalagemSecundariaTodas":[{"tipo":"CARTUCHO DE CARTOLINA","observacao":null}],"envoltorios":[],"acessorios":[],"acondicionamento":null,"marcas":[],"fabricantesNacionais":[],"fabricantesInternacionais":[],"viasAdministracao":["ORAL 1"],"ifaUnico":false,"conservacao":["EVITAR CALOR EXCESSIVO (TEMPERATURA SUPERIOR A 40 GRAUS C)","PROTEGER DA LUZ E UMIDADE"],"restricaoPrescricao":["Venda sob Prescrição Médica"],"restricaoUso":[],"destinacao":["Comercial"],"restricaoHospitais":null,"tarja":null,"medicamentoReferencia":"N","apresentacaoFracionada":"N","dataVencimentoRegistro":null,"tipoAutorizacao":"REGISTRADO","ativa":false,"inativa":true,"emAnalise":false},{"codigo":209842,"apresentacao":"(57,4+16,8) MG/ML PO PREP EXTEMP CT FR VD AMB X 75 ML","formasFarmaceuticas":["PO PARA SOLUÇAO EXTEMPORANEA"],"numero":6,"tonalidade":null,"dataPublicacao":"2005-10-24T00:00:00.000-0300","validade":"24","tipoValidade":"2","registro":"1057101350065","principiosAtivos":["AMOXICILINA TRI-hIDRATADA","CLAVULANATO DE POTÁSSIO"],"complemento":null,"embalagemPrimaria":{"tipo":"FRASCO DE VIDRO AMBAR","observacao":null},"embalagemSecundaria":{"tipo":"CARTUCHO DE CARTOLINA","observacao":null},"embalagemSecundariaTodas":[{"tipo":"CARTUCHO DE CARTOLINA","observacao":null}],"envoltorios":[],"acessorios":[],"acondicionamento":null,"marcas":[],"fabricantesNacionais":[],"fabricantesInternacionais":[],"viasAdministracao":["ORAL 1"],"ifaUnico":false,"conservacao":["EVITAR CALOR EXCESSIVO (TEMPERATURA SUPERIOR A 40 GRAUS C)","PROTEGER DA LUZ E UMIDADE"],"restricaoPrescricao":["Venda sob Prescrição Médica"],"restricaoUso":[],"destinacao":["Comercial"],"restricaoHospitais":null,"tarja":null,"medicamentoReferencia":"N","apresentacaoFracionada":"N","dataVencimentoRegistro":null,"tipoAutorizacao":"REGISTRADO","ativa":false,"inativa":true,"emAnalise":false}],"rotulos":[],"anexoRotulos":[],"tipoAutorizacao":"REGISTRADO"}