{"codigoProduto":68404,"tipoProduto":1,"dataProduto":"2002-03-18T00:00:00.000-0300","nomeComercial":"A.F.B.M","classesTerapeuticas":["POLIVITAMINICOS SEM MINERAIS"],"numeroRegistro":"105830001","dataVencimento":null,"mesAnoVencimento":"032007","codigoParecerPublico":null,"codigoBulaPaciente":null,"codigoBulaProfissional":null,"dataVencimentoRegistro":"2007-03-01T00:00:00.000-0300","principioAtivo":null,"medicamentoReferencia":null,"categoriaRegulatoria":"Similar","classeTerapeutica":null,"atc":null,"processosMedidaCautelar":[],"empresa":{"cnpj":"45992062000165","razaoSocial":"GERMED FARMACEUTICA LTDA","numeroAutorizacao":"1005833"},"processo":{"numero":"250000194869821","situacao":29},"apresentacoes":[{"codigo":123320,"apresentacao":"5.000 UI + 100 MG + 300 MG CAP GEL MOLE CT FR PLAS OPC X 30 ","formasFarmaceuticas":["CAPSULA GELATINOSA MOLE"],"numero":1,"tonalidade":null,"dataPublicacao":"2002-03-18T00:00:00.000-0300","validade":"24","tipoValidade":"2","registro":"1058300010017","principiosAtivos":["PALMITATO DE RETINOL","CLORIDRATO DE PIRIDOXINA","ACETATO DE RACEALFATOCOFEROL"],"complemento":null,"embalagemPrimaria":{"tipo":"FRASCO DE PLASTICO OPACO","observacao":null},"embalagemSecundaria":{"tipo":"CARTUCHO DE CARTOLINA","observacao":null},"embalagemSecundariaTodas":[{"tipo":"CARTUCHO DE CARTOLINA","observacao":null}],"envoltorios":[],"acessorios":[],"acondicionamento":null,"marcas":[],"fabricantesNacionais":[{"fabricante":"RELTHY LABORATÓRIOS LTDA","cnpj":"58884735000105","pais":"BRASIL","uf":"SP","cidade":"INDAIATUBA","etapaFabricacao":null}],"fabricantesInternacionais":[],"viasAdministracao":["ORAL"],"ifaUnico":false,"conservacao":["CONSERVAR EM  TEMPERATURA AMBIENTE ( AMBIENTE COM TEMPERATURA ENTRE 15 E 30ºC)","PROTEGER DA LUZ E UMIDADE"],"restricaoPrescricao":["Venda sem Prescrição Médica"],"restricaoUso":[],"destinacao":["Comercial"],"restricaoHospitais":null,"tarja":null,"medicamentoReferencia":"N","apresentacaoFracionada":"N","dataVencimentoRegistro":null,"tipoAutorizacao":"REGISTRADO","ativa":false,"inativa":true,"emAnalise":false},{"codigo":646249,"apresentacao":"5.000 UI + 100 MG + 300 MG CAP GEL MOLE CT BL AL PLAS PVC/PVDC LEIT X 30","formasFarmaceuticas":["CAPSULA GELATINOSA MOLE"],"numero":2,"tonalidade":null,"dataPublicacao":"2002-03-18T00:00:00.000-0300","validade":"24","tipoValidade":"2","registro":"1058300010025","principiosAtivos":["PALMITATO DE RETINOL","CLORIDRATO DE PIRIDOXINA","ACETATO DE RACEALFATOCOFEROL"],"complemento":null,"embalagemPrimaria":{"tipo":"FRASCO DE PLASTICO OPACO","observacao":null},"embalagemSecundaria":{"tipo":"CARTUCHO DE CARTOLINA","observacao":null},"embalagemSecundariaTodas":[{"tipo":"CARTUCHO DE CARTOLINA","observacao":null}],"envoltorios":[],"acessorios":[],"acondicionamento":null,"marcas":[],"fabricantesNacionais":[{"fabricante":"RELTHY LABORATÓRIOS LTDA","cnpj":"58884735000105","pais":"BRASIL","uf":"SP","cidade":"INDAIATUBA","etapaFabricacao":null}],"fabricantesInternacionais":[],"viasAdministracao":["ORAL"],"ifaUnico":false,"conservacao":["CONSERVAR EM  TEMPERATURA AMBIENTE ( AMBIENTE COM TEMPERATURA ENTRE 15 E 30ºC)","PROTEGER DA LUZ E UMIDADE"],"restricaoPrescricao":["Venda sem Prescrição Médica"],"restricaoUso":[],"destinacao":["Comercial"],"restricaoHospitais":null,"tarja":null,"medicamentoReferencia":"N","apresentacaoFracionada":"N","dataVencimentoRegistro":null,"tipoAutorizacao":"REGISTRADO","ativa":false,"inativa":true,"emAnalise":false},{"codigo":646279,"apresentacao":"5.000 UI + 100 MG + 300 MG CAP GEL MOLE CT BL AL PLAS PVC/PVDC LEIT X 4","formasFarmaceuticas":["CAPSULA GELATINOSA MOLE"],"numero":3,"tonalidade":null,"dataPublicacao":"2002-03-18T00:00:00.000-0300","validade":"24","tipoValidade":"2","registro":"1058300010033","principiosAtivos":["PALMITATO DE RETINOL","CLORIDRATO DE PIRIDOXINA","ACETATO DE RACEALFATOCOFEROL"],"complemento":null,"embalagemPrimaria":{"tipo":"FRASCO DE PLASTICO OPACO","observacao":null},"embalagemSecundaria":{"tipo":"CARTUCHO DE CARTOLINA","observacao":null},"embalagemSecundariaTodas":[{"tipo":"CARTUCHO DE CARTOLINA","observacao":null}],"envoltorios":[],"acessorios":[],"acondicionamento":null,"marcas":[],"fabricantesNacionais":[{"fabricante":"RELTHY LABORATÓRIOS LTDA","cnpj":"58884735000105","pais":"BRASIL","uf":"SP","cidade":"INDAIATUBA","etapaFabricacao":null}],"fabricantesInternacionais":[],"viasAdministracao":["ORAL"],"ifaUnico":false,"conservacao":["CONSERVAR EM  TEMPERATURA AMBIENTE ( AMBIENTE COM TEMPERATURA ENTRE 15 E 30ºC)","PROTEGER DA LUZ E UMIDADE"],"restricaoPrescricao":["Venda sem Prescrição Médica"],"restricaoUso":[],"destinacao":["Comercial"],"restricaoHospitais":null,"tarja":null,"medicamentoReferencia":"N","apresentacaoFracionada":"N","dataVencimentoRegistro":null,"tipoAutorizacao":"REGISTRADO","ativa":false,"inativa":true,"emAnalise":false}],"rotulos":[],"anexoRotulos":[],"tipoAutorizacao":"REGISTRADO"}