{"codigoProduto":4911,"tipoProduto":1,"dataProduto":"1997-05-08T00:00:00.000-0300","nomeComercial":"SOMALFEN","classesTerapeuticas":["ANALGESICOS"],"numeroRegistro":"105830199","dataVencimento":null,"mesAnoVencimento":"052002","codigoParecerPublico":null,"codigoBulaPaciente":null,"codigoBulaProfissional":null,"dataVencimentoRegistro":"2002-05-01T00:00:00.000-0300","principioAtivo":null,"medicamentoReferencia":null,"categoriaRegulatoria":"Similar","classeTerapeutica":null,"atc":null,"processosMedidaCautelar":[],"empresa":{"cnpj":"45992062000165","razaoSocial":"GERMED FARMACEUTICA LTDA","numeroAutorizacao":"1005833"},"processo":{"numero":"250000363089658","situacao":29},"apresentacoes":[{"codigo":17278,"apresentacao":"200 MG COM REV CT 2 BL AL PLAS INC X 10","formasFarmaceuticas":["COMPRIMIDO REVESTIDO"],"numero":1,"tonalidade":null,"dataPublicacao":"1997-05-08T00:00:00.000-0300","validade":"24","tipoValidade":"2","registro":"1058301990015","principiosAtivos":["IBUPROFENO"],"complemento":null,"embalagemPrimaria":{"tipo":"BLISTER DE ALUMINIO/PLASTICO TRANSPARENTE","observacao":null},"embalagemSecundaria":{"tipo":"CARTUCHO DE CARTOLINA","observacao":null},"embalagemSecundariaTodas":[{"tipo":"CARTUCHO DE CARTOLINA","observacao":null}],"envoltorios":[],"acessorios":[],"acondicionamento":null,"marcas":[],"fabricantesNacionais":[{"fabricante":"GERMED FARMACEUTICA LTDA","cnpj":"45992062000165","pais":"BRASIL","uf":"SP","cidade":"HORTOLÂNDIA","etapaFabricacao":null}],"fabricantesInternacionais":[],"viasAdministracao":["ORAL"],"ifaUnico":true,"conservacao":["PROTEGER DA LUZ E UMIDADE","PROTEGER DO CALOR"],"restricaoPrescricao":["Venda sob Prescrição Médica"],"restricaoUso":[],"destinacao":["Comercial","Institucional"],"restricaoHospitais":null,"tarja":null,"medicamentoReferencia":"N","apresentacaoFracionada":"N","dataVencimentoRegistro":null,"tipoAutorizacao":"REGISTRADO","ativa":false,"inativa":true,"emAnalise":false},{"codigo":17279,"apresentacao":"200 MG COM REV CT 50 BL AL PLAS INC X 4 EMB HOSP","formasFarmaceuticas":["COMPRIMIDO REVESTIDO"],"numero":2,"tonalidade":null,"dataPublicacao":"1997-05-08T00:00:00.000-0300","validade":"24","tipoValidade":"2","registro":"1058301990023","principiosAtivos":["IBUPROFENO"],"complemento":null,"embalagemPrimaria":{"tipo":"BLISTER DE ALUMINIO/PLASTICO TRANSPARENTE","observacao":null},"embalagemSecundaria":{"tipo":"CARTUCHO DE CARTOLINA","observacao":null},"embalagemSecundariaTodas":[{"tipo":"CARTUCHO DE CARTOLINA","observacao":null}],"envoltorios":[],"acessorios":[],"acondicionamento":null,"marcas":[],"fabricantesNacionais":[{"fabricante":"GERMED FARMACEUTICA LTDA","cnpj":"45992062000165","pais":"BRASIL","uf":"SP","cidade":"HORTOLÂNDIA","etapaFabricacao":null}],"fabricantesInternacionais":[],"viasAdministracao":["ORAL"],"ifaUnico":true,"conservacao":["PROTEGER DA LUZ E UMIDADE","PROTEGER DO CALOR"],"restricaoPrescricao":["Venda sob Prescrição Médica"],"restricaoUso":[],"destinacao":["Comercial","Institucional"],"restricaoHospitais":null,"tarja":null,"medicamentoReferencia":"N","apresentacaoFracionada":"N","dataVencimentoRegistro":null,"tipoAutorizacao":"REGISTRADO","ativa":false,"inativa":true,"emAnalise":false}],"rotulos":[],"anexoRotulos":[],"tipoAutorizacao":"REGISTRADO"}