{"codigoProduto":570069,"tipoProduto":1,"dataProduto":"2008-09-22T00:00:00.000-0300","nomeComercial":"Lidocaína + Prilocaína","classesTerapeuticas":["ANESTESICOS LOCAIS"],"numeroRegistro":"105830609","dataVencimento":null,"mesAnoVencimento":"092013","codigoParecerPublico":null,"codigoBulaPaciente":null,"codigoBulaProfissional":null,"dataVencimentoRegistro":"2013-09-01T00:00:00.000-0300","principioAtivo":null,"medicamentoReferencia":"Emla","categoriaRegulatoria":"Genérico","classeTerapeutica":null,"atc":null,"processosMedidaCautelar":[],"empresa":{"cnpj":"45992062000165","razaoSocial":"GERMED FARMACEUTICA LTDA","numeroAutorizacao":"1005833"},"processo":{"numero":"25351094482200867","situacao":29},"apresentacoes":[{"codigo":842993,"apresentacao":"25 MG/G + 25 MG/G CREM DERM CT BG AL X 5 G + 2 BAND OCL ","formasFarmaceuticas":["CREME DERMATOLOGICO"],"numero":1,"tonalidade":null,"dataPublicacao":"2008-09-22T00:00:00.000-0300","validade":"24","tipoValidade":"2","registro":"1058306090012","principiosAtivos":["LIDOCAÍNA","PRILOCAÍNA"],"complemento":null,"embalagemPrimaria":{"tipo":"BISNAGA DE ALUMINIO","observacao":null},"embalagemSecundaria":{"tipo":"CARTUCHO DE CARTOLINA","observacao":null},"embalagemSecundariaTodas":[{"tipo":"CARTUCHO DE CARTOLINA","observacao":null}],"envoltorios":[],"acessorios":[],"acondicionamento":null,"marcas":[],"fabricantesNacionais":[{"fabricante":"EMS S/A","cnpj":"57507378000365","pais":"BRASIL","uf":"SP","cidade":"HORTOLÂNDIA","etapaFabricacao":null}],"fabricantesInternacionais":[],"viasAdministracao":["DÉRMICA ( Aplicação Tópica )"],"ifaUnico":false,"conservacao":["CONSERVAR EM  TEMPERATURA AMBIENTE ( AMBIENTE COM TEMPERATURA ENTRE 15 E 30ºC)","PROTEGER DA LUZ E UMIDADE"],"restricaoPrescricao":["Venda sob Prescrição Médica"],"restricaoUso":[],"destinacao":["Comercial"],"restricaoHospitais":null,"tarja":null,"medicamentoReferencia":"N","apresentacaoFracionada":"N","dataVencimentoRegistro":null,"tipoAutorizacao":"REGISTRADO","ativa":false,"inativa":true,"emAnalise":false},{"codigo":842994,"apresentacao":"25 MG/G + 25 MG/G CREM DERM CT 5 BG AL X 5 G + 10 BAND OCL ","formasFarmaceuticas":["CREME DERMATOLOGICO"],"numero":2,"tonalidade":null,"dataPublicacao":"2008-09-22T00:00:00.000-0300","validade":"24","tipoValidade":"2","registro":"1058306090020","principiosAtivos":["LIDOCAÍNA","PRILOCAÍNA"],"complemento":null,"embalagemPrimaria":{"tipo":"BISNAGA DE ALUMINIO","observacao":null},"embalagemSecundaria":{"tipo":"CARTUCHO DE CARTOLINA","observacao":null},"embalagemSecundariaTodas":[{"tipo":"CARTUCHO DE CARTOLINA","observacao":null}],"envoltorios":[],"acessorios":[],"acondicionamento":null,"marcas":[],"fabricantesNacionais":[{"fabricante":"EMS S/A","cnpj":"57507378000365","pais":"BRASIL","uf":"SP","cidade":"HORTOLÂNDIA","etapaFabricacao":null}],"fabricantesInternacionais":[],"viasAdministracao":["DÉRMICA ( Aplicação Tópica )"],"ifaUnico":false,"conservacao":["CONSERVAR EM  TEMPERATURA AMBIENTE ( AMBIENTE COM TEMPERATURA ENTRE 15 E 30ºC)","PROTEGER DA LUZ E UMIDADE"],"restricaoPrescricao":["Venda sob Prescrição Médica"],"restricaoUso":[],"destinacao":["Comercial"],"restricaoHospitais":null,"tarja":null,"medicamentoReferencia":"N","apresentacaoFracionada":"N","dataVencimentoRegistro":null,"tipoAutorizacao":"REGISTRADO","ativa":false,"inativa":true,"emAnalise":false}],"rotulos":[],"anexoRotulos":[],"tipoAutorizacao":"REGISTRADO"}