{"codigoProduto":698129,"tipoProduto":1,"dataProduto":"2011-06-27T00:00:00.000-0300","nomeComercial":"ACNOVA","classesTerapeuticas":["PRODUTOS ANTI-ACNE"],"numeroRegistro":"105830731","dataVencimento":null,"mesAnoVencimento":"062021","codigoParecerPublico":null,"codigoBulaPaciente":null,"codigoBulaProfissional":null,"dataVencimentoRegistro":"2021-06-01T00:00:00.000-0300","principioAtivo":null,"medicamentoReferencia":"ROACUTAN","categoriaRegulatoria":"Similar","classeTerapeutica":null,"atc":null,"processosMedidaCautelar":[],"empresa":{"cnpj":"45992062000165","razaoSocial":"GERMED FARMACEUTICA LTDA","numeroAutorizacao":"1005833"},"processo":{"numero":"25351344939201018","situacao":29},"apresentacoes":[{"codigo":1175625,"apresentacao":"10 MG CAP GEL MOLE CT BL AL AL X 30 ","formasFarmaceuticas":["CAPSULA GELATINOSA MOLE"],"numero":1,"tonalidade":null,"dataPublicacao":"2011-06-27T00:00:00.000-0300","validade":"24","tipoValidade":"2","registro":"1058307310016","principiosAtivos":["ISOTRETINOÍNA"],"complemento":null,"embalagemPrimaria":{"tipo":"BLISTER DE ALUMINIO/ALUMINIO","observacao":null},"embalagemSecundaria":{"tipo":"CARTUCHO DE CARTOLINA","observacao":null},"embalagemSecundariaTodas":[{"tipo":"CARTUCHO DE CARTOLINA","observacao":null}],"envoltorios":[],"acessorios":[],"acondicionamento":null,"marcas":[],"fabricantesNacionais":[{"fabricante":"GERMED FARMACEUTICA LTDA","cnpj":"45992062000165","pais":"BRASIL","uf":"SP","cidade":"HORTOLÂNDIA","etapaFabricacao":null}],"fabricantesInternacionais":[],"viasAdministracao":["ORAL"],"ifaUnico":true,"conservacao":["CONSERVAR EM  TEMPERATURA AMBIENTE ( AMBIENTE COM TEMPERATURA ENTRE 15 E 30ºC)","PROTEGER DA LUZ E UMIDADE"],"restricaoPrescricao":["Venda Sob Prescrição Médica Sujeita a Notificação de Receita \"A\""],"restricaoUso":[],"destinacao":["Comercial"],"restricaoHospitais":null,"tarja":null,"medicamentoReferencia":"N","apresentacaoFracionada":"N","dataVencimentoRegistro":null,"tipoAutorizacao":"REGISTRADO","ativa":false,"inativa":true,"emAnalise":false},{"codigo":1175627,"apresentacao":"10 MG CAP GEL MOLE CT BL AL AL X 60 ","formasFarmaceuticas":["CAPSULA GELATINOSA MOLE"],"numero":2,"tonalidade":null,"dataPublicacao":"2011-06-27T00:00:00.000-0300","validade":"24","tipoValidade":"2","registro":"1058307310024","principiosAtivos":["ISOTRETINOÍNA"],"complemento":null,"embalagemPrimaria":{"tipo":"BLISTER DE ALUMINIO/ALUMINIO","observacao":null},"embalagemSecundaria":{"tipo":"CARTUCHO DE CARTOLINA","observacao":null},"embalagemSecundariaTodas":[{"tipo":"CARTUCHO DE CARTOLINA","observacao":null}],"envoltorios":[],"acessorios":[],"acondicionamento":null,"marcas":[],"fabricantesNacionais":[{"fabricante":"GERMED FARMACEUTICA LTDA","cnpj":"45992062000165","pais":"BRASIL","uf":"SP","cidade":"HORTOLÂNDIA","etapaFabricacao":null}],"fabricantesInternacionais":[],"viasAdministracao":["ORAL"],"ifaUnico":true,"conservacao":["CONSERVAR EM  TEMPERATURA AMBIENTE ( AMBIENTE COM TEMPERATURA ENTRE 15 E 30ºC)","PROTEGER DA LUZ E UMIDADE"],"restricaoPrescricao":["Venda Sob Prescrição Médica Sujeita a Notificação de Receita \"A\""],"restricaoUso":[],"destinacao":["Comercial"],"restricaoHospitais":null,"tarja":null,"medicamentoReferencia":"N","apresentacaoFracionada":"N","dataVencimentoRegistro":null,"tipoAutorizacao":"REGISTRADO","ativa":false,"inativa":true,"emAnalise":false},{"codigo":1175634,"apresentacao":"10 MG CAP GEL MOLE CT BL AL AL X 90 (EMB HOSP) ","formasFarmaceuticas":["CAPSULA GELATINOSA MOLE"],"numero":3,"tonalidade":null,"dataPublicacao":"2011-06-27T00:00:00.000-0300","validade":"24","tipoValidade":"2","registro":"1058307310032","principiosAtivos":["ISOTRETINOÍNA"],"complemento":null,"embalagemPrimaria":{"tipo":"BLISTER DE ALUMINIO/ALUMINIO","observacao":null},"embalagemSecundaria":{"tipo":"CARTUCHO DE CARTOLINA","observacao":null},"embalagemSecundariaTodas":[{"tipo":"CARTUCHO DE CARTOLINA","observacao":null}],"envoltorios":[],"acessorios":[],"acondicionamento":null,"marcas":[],"fabricantesNacionais":[{"fabricante":"GERMED FARMACEUTICA LTDA","cnpj":"45992062000165","pais":"BRASIL","uf":"SP","cidade":"HORTOLÂNDIA","etapaFabricacao":null}],"fabricantesInternacionais":[],"viasAdministracao":["ORAL"],"ifaUnico":true,"conservacao":["CONSERVAR EM  TEMPERATURA AMBIENTE ( AMBIENTE COM TEMPERATURA ENTRE 15 E 30ºC)","PROTEGER DA LUZ E UMIDADE"],"restricaoPrescricao":["Venda Sob Prescrição Médica Sujeita a Notificação de Receita \"A\""],"restricaoUso":[],"destinacao":["Comercial"],"restricaoHospitais":null,"tarja":null,"medicamentoReferencia":"N","apresentacaoFracionada":"N","dataVencimentoRegistro":null,"tipoAutorizacao":"REGISTRADO","ativa":false,"inativa":true,"emAnalise":false},{"codigo":1175635,"apresentacao":"20 MG CAP GEL MOLE CT BL AL AL X 30 ","formasFarmaceuticas":["CAPSULA GELATINOSA MOLE"],"numero":4,"tonalidade":null,"dataPublicacao":"2011-06-27T00:00:00.000-0300","validade":"24","tipoValidade":"2","registro":"1058307310040","principiosAtivos":["ISOTRETINOÍNA"],"complemento":null,"embalagemPrimaria":{"tipo":"BLISTER DE ALUMINIO/ALUMINIO","observacao":null},"embalagemSecundaria":{"tipo":"CARTUCHO DE CARTOLINA","observacao":null},"embalagemSecundariaTodas":[{"tipo":"CARTUCHO DE CARTOLINA","observacao":null}],"envoltorios":[],"acessorios":[],"acondicionamento":null,"marcas":[],"fabricantesNacionais":[{"fabricante":"GERMED FARMACEUTICA LTDA","cnpj":"45992062000165","pais":"BRASIL","uf":"SP","cidade":"HORTOLÂNDIA","etapaFabricacao":null}],"fabricantesInternacionais":[],"viasAdministracao":["ORAL"],"ifaUnico":true,"conservacao":["CONSERVAR EM  TEMPERATURA AMBIENTE ( AMBIENTE COM TEMPERATURA ENTRE 15 E 30ºC)","PROTEGER DA LUZ E UMIDADE"],"restricaoPrescricao":["Venda Sob Prescrição Médica Sujeita a Notificação de Receita \"A\""],"restricaoUso":[],"destinacao":["Comercial"],"restricaoHospitais":null,"tarja":null,"medicamentoReferencia":"N","apresentacaoFracionada":"N","dataVencimentoRegistro":null,"tipoAutorizacao":"REGISTRADO","ativa":false,"inativa":true,"emAnalise":false},{"codigo":1175636,"apresentacao":"20 MG CAP GEL MOLE CT BL AL AL X 60","formasFarmaceuticas":["CAPSULA GELATINOSA MOLE"],"numero":5,"tonalidade":null,"dataPublicacao":"2011-06-27T00:00:00.000-0300","validade":"24","tipoValidade":"2","registro":"1058307310059","principiosAtivos":["ISOTRETINOÍNA"],"complemento":null,"embalagemPrimaria":{"tipo":"BLISTER DE ALUMINIO/ALUMINIO","observacao":null},"embalagemSecundaria":{"tipo":"CARTUCHO DE CARTOLINA","observacao":null},"embalagemSecundariaTodas":[{"tipo":"CARTUCHO DE CARTOLINA","observacao":null}],"envoltorios":[],"acessorios":[],"acondicionamento":null,"marcas":[],"fabricantesNacionais":[{"fabricante":"GERMED FARMACEUTICA LTDA","cnpj":"45992062000165","pais":"BRASIL","uf":"SP","cidade":"HORTOLÂNDIA","etapaFabricacao":null}],"fabricantesInternacionais":[],"viasAdministracao":["ORAL"],"ifaUnico":true,"conservacao":["CONSERVAR EM  TEMPERATURA AMBIENTE ( AMBIENTE COM TEMPERATURA ENTRE 15 E 30ºC)","PROTEGER DA LUZ E UMIDADE"],"restricaoPrescricao":["Venda Sob Prescrição Médica Sujeita a Notificação de Receita \"A\""],"restricaoUso":[],"destinacao":["Comercial"],"restricaoHospitais":null,"tarja":null,"medicamentoReferencia":"N","apresentacaoFracionada":"N","dataVencimentoRegistro":null,"tipoAutorizacao":"REGISTRADO","ativa":false,"inativa":true,"emAnalise":false},{"codigo":1175637,"apresentacao":"20 MG CAP GEL MOLE CT BL AL AL X 90 (EMB HOSP)","formasFarmaceuticas":["CAPSULA GELATINOSA MOLE"],"numero":6,"tonalidade":null,"dataPublicacao":"2011-06-27T00:00:00.000-0300","validade":"24","tipoValidade":"2","registro":"1058307310067","principiosAtivos":["ISOTRETINOÍNA"],"complemento":null,"embalagemPrimaria":{"tipo":"BLISTER DE ALUMINIO/ALUMINIO","observacao":null},"embalagemSecundaria":{"tipo":"CARTUCHO DE CARTOLINA","observacao":null},"embalagemSecundariaTodas":[{"tipo":"CARTUCHO DE CARTOLINA","observacao":null}],"envoltorios":[],"acessorios":[],"acondicionamento":null,"marcas":[],"fabricantesNacionais":[{"fabricante":"GERMED FARMACEUTICA LTDA","cnpj":"45992062000165","pais":"BRASIL","uf":"SP","cidade":"HORTOLÂNDIA","etapaFabricacao":null}],"fabricantesInternacionais":[],"viasAdministracao":["ORAL"],"ifaUnico":true,"conservacao":["CONSERVAR EM  TEMPERATURA AMBIENTE ( AMBIENTE COM TEMPERATURA ENTRE 15 E 30ºC)","PROTEGER DA LUZ E UMIDADE"],"restricaoPrescricao":["Venda Sob Prescrição Médica Sujeita a Notificação de Receita \"A\""],"restricaoUso":[],"destinacao":["Comercial"],"restricaoHospitais":null,"tarja":null,"medicamentoReferencia":"N","apresentacaoFracionada":"N","dataVencimentoRegistro":null,"tipoAutorizacao":"REGISTRADO","ativa":false,"inativa":true,"emAnalise":false}],"rotulos":[],"anexoRotulos":[],"tipoAutorizacao":"REGISTRADO"}