{"codigoProduto":3563,"tipoProduto":1,"dataProduto":"2001-03-26T00:00:00.000-0300","nomeComercial":"FLATOL MAX","classesTerapeuticas":["ADSORVENTES E ANTIFISETICOS INTESTINAIS SIMPLES"],"numeroRegistro":"105830095","dataVencimento":null,"mesAnoVencimento":"102015","codigoParecerPublico":null,"codigoBulaPaciente":null,"codigoBulaProfissional":null,"dataVencimentoRegistro":"2015-10-01T00:00:00.000-0300","principioAtivo":null,"medicamentoReferencia":null,"categoriaRegulatoria":"Similar","classeTerapeutica":null,"atc":null,"processosMedidaCautelar":[],"empresa":{"cnpj":"45992062000165","razaoSocial":"GERMED FARMACEUTICA LTDA","numeroAutorizacao":"1005833"},"processo":{"numero":"2500100992482","situacao":29},"apresentacoes":[{"codigo":12877,"apresentacao":"75 MG/ML EMU OR  FR PLAS OPC GOT X 10 ML","formasFarmaceuticas":["EMULSAO ORAL"],"numero":1,"tonalidade":null,"dataPublicacao":"2001-03-26T00:00:00.000-0300","validade":"36","tipoValidade":"2","registro":"1058300950014","principiosAtivos":["DIMETICONA"],"complemento":null,"embalagemPrimaria":{"tipo":"FRASCO DE PLASTICO OPACO GOTEJADOR","observacao":null},"embalagemSecundaria":{"tipo":"CARTUCHO DE CARTOLINA","observacao":null},"embalagemSecundariaTodas":[{"tipo":"CARTUCHO DE CARTOLINA","observacao":null}],"envoltorios":[],"acessorios":[],"acondicionamento":null,"marcas":[],"fabricantesNacionais":[{"fabricante":"EMS S/A","cnpj":"57507378000365","pais":"BRASIL","uf":"SP","cidade":"HORTOLÂNDIA","etapaFabricacao":null}],"fabricantesInternacionais":[],"viasAdministracao":["ORAL 1"],"ifaUnico":true,"conservacao":["PROTEGER DA LUZ E UMIDADE","PROTEGER DO CALOR"],"restricaoPrescricao":["Venda sem Prescrição Médica"],"restricaoUso":[],"destinacao":["Comercial"],"restricaoHospitais":null,"tarja":null,"medicamentoReferencia":"N","apresentacaoFracionada":"N","dataVencimentoRegistro":null,"tipoAutorizacao":"REGISTRADO","ativa":false,"inativa":true,"emAnalise":false},{"codigo":12876,"apresentacao":"40 MG COM CT  BL AL PLAS INC X 20","formasFarmaceuticas":["COMPRIMIDO SIMPLES"],"numero":3,"tonalidade":null,"dataPublicacao":"2001-03-26T00:00:00.000-0300","validade":"24","tipoValidade":"2","registro":"1058300950030","principiosAtivos":["DIMETICONA"],"complemento":null,"embalagemPrimaria":{"tipo":"BLISTER DE ALUMINIO/PLASTICO TRANSPARENTE","observacao":null},"embalagemSecundaria":{"tipo":"CARTUCHO DE CARTOLINA","observacao":null},"embalagemSecundariaTodas":[{"tipo":"CARTUCHO DE CARTOLINA","observacao":null}],"envoltorios":[],"acessorios":[],"acondicionamento":null,"marcas":[],"fabricantesNacionais":[{"fabricante":"EMS S/A","cnpj":"57507378000101","pais":"BRASIL","uf":"SP","cidade":"SÃO BERNARDO DO CAMPO","etapaFabricacao":null}],"fabricantesInternacionais":[],"viasAdministracao":["ORAL 1"],"ifaUnico":true,"conservacao":["CONSERVAR EM  TEMPERATURA AMBIENTE ( AMBIENTE COM TEMPERATURA ENTRE 15 E 30ºC)","PROTEGER DA LUZ E UMIDADE","PROTEGER DO CALOR"],"restricaoPrescricao":["Venda sem Prescrição Médica"],"restricaoUso":[],"destinacao":["Comercial"],"restricaoHospitais":null,"tarja":null,"medicamentoReferencia":"N","apresentacaoFracionada":"N","dataVencimentoRegistro":null,"tipoAutorizacao":"REGISTRADO","ativa":false,"inativa":true,"emAnalise":false},{"codigo":282330,"apresentacao":"125 MG CAP GEL MOLE CT BL AL PLAS INC X 6 ","formasFarmaceuticas":["CAPSULA GELATINOSA MOLE"],"numero":4,"tonalidade":null,"dataPublicacao":"2003-03-10T00:00:00.000-0300","validade":"24","tipoValidade":"2","registro":"1058300950052","principiosAtivos":["SIMETICONA"],"complemento":null,"embalagemPrimaria":{"tipo":"BLISTER DE ALUMINIO/PLASTICO TRANSPARENTE","observacao":null},"embalagemSecundaria":{"tipo":"CARTUCHO DE CARTOLINA","observacao":null},"embalagemSecundariaTodas":[{"tipo":"CARTUCHO DE CARTOLINA","observacao":null}],"envoltorios":[],"acessorios":[],"acondicionamento":null,"marcas":[],"fabricantesNacionais":[{"fabricante":"RELTHY LABORATÓRIOS LTDA","cnpj":"58884735000105","pais":"BRASIL","uf":"SP","cidade":"INDAIATUBA","etapaFabricacao":null}],"fabricantesInternacionais":[],"viasAdministracao":["ORAL 1"],"ifaUnico":true,"conservacao":["CONSERVAR EM  TEMPERATURA AMBIENTE ( AMBIENTE COM TEMPERATURA ENTRE 15 E 30ºC)","PROTEGER DA LUZ E UMIDADE"],"restricaoPrescricao":["Venda sem Prescrição Médica"],"restricaoUso":[],"destinacao":["Comercial"],"restricaoHospitais":null,"tarja":null,"medicamentoReferencia":"N","apresentacaoFracionada":"N","dataVencimentoRegistro":null,"tipoAutorizacao":"REGISTRADO","ativa":false,"inativa":true,"emAnalise":false},{"codigo":568816,"apresentacao":"75 MG / ML EMU OR FR PLAS OPC GOT X 15 ML","formasFarmaceuticas":["EMULSAO ORAL"],"numero":5,"tonalidade":null,"dataPublicacao":"2001-03-26T00:00:00.000-0300","validade":"36","tipoValidade":"2","registro":"1058300950095","principiosAtivos":["DIMETICONA"],"complemento":"FLATOL","embalagemPrimaria":{"tipo":"FRASCO DE PLASTICO OPACO GOTEJADOR","observacao":null},"embalagemSecundaria":{"tipo":"CARTUCHO DE CARTOLINA","observacao":null},"embalagemSecundariaTodas":[{"tipo":"CARTUCHO DE CARTOLINA","observacao":null}],"envoltorios":[],"acessorios":[],"acondicionamento":null,"marcas":[],"fabricantesNacionais":[{"fabricante":"EMS S/A","cnpj":"57507378000365","pais":"BRASIL","uf":"SP","cidade":"HORTOLÂNDIA","etapaFabricacao":null}],"fabricantesInternacionais":[],"viasAdministracao":["ORAL"],"ifaUnico":true,"conservacao":["PROTEGER DA LUZ E UMIDADE","PROTEGER DO CALOR"],"restricaoPrescricao":["Venda sem Prescrição Médica"],"restricaoUso":[],"destinacao":["Comercial"],"restricaoHospitais":null,"tarja":null,"medicamentoReferencia":"N","apresentacaoFracionada":"N","dataVencimentoRegistro":null,"tipoAutorizacao":"REGISTRADO","ativa":false,"inativa":true,"emAnalise":false},{"codigo":820787,"apresentacao":"125 MG CAP GEL MOLE CT BL AL PLAS INC X 4","formasFarmaceuticas":["CAPSULA GELATINOSA MOLE"],"numero":6,"tonalidade":null,"dataPublicacao":"2001-03-26T00:00:00.000-0300","validade":"24","tipoValidade":"2","registro":"1058300950044","principiosAtivos":["SIMETICONA"],"complemento":null,"embalagemPrimaria":{"tipo":"BLISTER DE ALUMINIO/PLASTICO TRANSPARENTE","observacao":null},"embalagemSecundaria":{"tipo":"CARTUCHO DE CARTOLINA","observacao":null},"embalagemSecundariaTodas":[{"tipo":"CARTUCHO DE CARTOLINA","observacao":null}],"envoltorios":[],"acessorios":[],"acondicionamento":null,"marcas":[],"fabricantesNacionais":[],"fabricantesInternacionais":[],"viasAdministracao":["ORAL 1"],"ifaUnico":true,"conservacao":["CONSERVAR EM  TEMPERATURA AMBIENTE ( AMBIENTE COM TEMPERATURA ENTRE 15 E 30ºC)","PROTEGER DA LUZ E UMIDADE"],"restricaoPrescricao":["Venda sem Prescrição Médica"],"restricaoUso":[],"destinacao":["Comercial"],"restricaoHospitais":null,"tarja":null,"medicamentoReferencia":"N","apresentacaoFracionada":"N","dataVencimentoRegistro":null,"tipoAutorizacao":"REGISTRADO","ativa":false,"inativa":true,"emAnalise":false},{"codigo":820788,"apresentacao":"125 MG CAP GEL MOLE CT BL AL PLAS INC X 8","formasFarmaceuticas":["CAPSULA GELATINOSA MOLE"],"numero":7,"tonalidade":null,"dataPublicacao":"2001-03-26T00:00:00.000-0300","validade":"24","tipoValidade":"2","registro":"1058300950060","principiosAtivos":["SIMETICONA"],"complemento":null,"embalagemPrimaria":{"tipo":"BLISTER DE ALUMINIO/PLASTICO TRANSPARENTE","observacao":null},"embalagemSecundaria":{"tipo":"CARTUCHO DE CARTOLINA","observacao":null},"embalagemSecundariaTodas":[{"tipo":"CARTUCHO DE CARTOLINA","observacao":null}],"envoltorios":[],"acessorios":[],"acondicionamento":null,"marcas":[],"fabricantesNacionais":[],"fabricantesInternacionais":[],"viasAdministracao":["ORAL 1"],"ifaUnico":true,"conservacao":["CONSERVAR EM  TEMPERATURA AMBIENTE ( AMBIENTE COM TEMPERATURA ENTRE 15 E 30ºC)","PROTEGER DA LUZ E UMIDADE"],"restricaoPrescricao":["Venda sem Prescrição Médica"],"restricaoUso":[],"destinacao":["Comercial"],"restricaoHospitais":null,"tarja":null,"medicamentoReferencia":"N","apresentacaoFracionada":"N","dataVencimentoRegistro":null,"tipoAutorizacao":"REGISTRADO","ativa":false,"inativa":true,"emAnalise":false},{"codigo":820789,"apresentacao":"125 MG CAP GEL MOLE CT BL AL PLAS INC X 10","formasFarmaceuticas":["CAPSULA GELATINOSA MOLE"],"numero":8,"tonalidade":null,"dataPublicacao":"2001-03-26T00:00:00.000-0300","validade":"24","tipoValidade":"2","registro":"1058300950079","principiosAtivos":["SIMETICONA"],"complemento":null,"embalagemPrimaria":{"tipo":"BLISTER DE ALUMINIO/PLASTICO TRANSPARENTE","observacao":null},"embalagemSecundaria":{"tipo":"CARTUCHO DE CARTOLINA","observacao":null},"embalagemSecundariaTodas":[{"tipo":"CARTUCHO DE CARTOLINA","observacao":null}],"envoltorios":[],"acessorios":[],"acondicionamento":null,"marcas":[],"fabricantesNacionais":[],"fabricantesInternacionais":[],"viasAdministracao":["ORAL 1"],"ifaUnico":true,"conservacao":["CONSERVAR EM  TEMPERATURA AMBIENTE ( AMBIENTE COM TEMPERATURA ENTRE 15 E 30ºC)","PROTEGER DA LUZ E UMIDADE"],"restricaoPrescricao":["Venda sem Prescrição Médica"],"restricaoUso":[],"destinacao":["Comercial"],"restricaoHospitais":null,"tarja":null,"medicamentoReferencia":"N","apresentacaoFracionada":"N","dataVencimentoRegistro":null,"tipoAutorizacao":"REGISTRADO","ativa":false,"inativa":true,"emAnalise":false},{"codigo":820790,"apresentacao":"125 MG CAP GEL MOLE CT BL AL PLAS INC X 80","formasFarmaceuticas":["CAPSULA GELATINOSA MOLE"],"numero":9,"tonalidade":null,"dataPublicacao":"2001-03-26T00:00:00.000-0300","validade":"24","tipoValidade":"2","registro":"1058300950087","principiosAtivos":["SIMETICONA"],"complemento":null,"embalagemPrimaria":{"tipo":"BLISTER DE ALUMINIO/PLASTICO TRANSPARENTE","observacao":null},"embalagemSecundaria":{"tipo":"CARTUCHO DE CARTOLINA","observacao":null},"embalagemSecundariaTodas":[{"tipo":"CARTUCHO DE CARTOLINA","observacao":null}],"envoltorios":[],"acessorios":[],"acondicionamento":null,"marcas":[],"fabricantesNacionais":[],"fabricantesInternacionais":[],"viasAdministracao":["ORAL 1"],"ifaUnico":true,"conservacao":["CONSERVAR EM  TEMPERATURA AMBIENTE ( AMBIENTE COM TEMPERATURA ENTRE 15 E 30ºC)","PROTEGER DA LUZ E UMIDADE"],"restricaoPrescricao":["Venda sem Prescrição Médica"],"restricaoUso":[],"destinacao":["Comercial"],"restricaoHospitais":null,"tarja":null,"medicamentoReferencia":"N","apresentacaoFracionada":"N","dataVencimentoRegistro":null,"tipoAutorizacao":"REGISTRADO","ativa":false,"inativa":true,"emAnalise":false}],"rotulos":[],"anexoRotulos":[],"tipoAutorizacao":"REGISTRADO"}