{"codigoProduto":1007154,"tipoProduto":1,"dataProduto":"2020-07-13T00:00:00.000-0300","nomeComercial":"NITAZOXANIDA","classesTerapeuticas":["ANTIPARASITARIOS"],"numeroRegistro":"105830976","dataVencimento":null,"mesAnoVencimento":"072030","codigoParecerPublico":null,"codigoBulaPaciente":"eyJhbGciOiJIUzUxMiJ9.eyJqdGkiOiIxNTc2NDA5NyIsIm5iZiI6MTcxOTQwNTE4MCwiZXhwIjoxNzE5NDA1NDgwfQ.yzqrQYGFKKO3EdFrrF-Otze56TcaHI5cub89v1E7vqS9PAOrRTablNpJrt1k0JUNiU_NRI0qZ6IiVUKF2W_a4A","codigoBulaProfissional":"eyJhbGciOiJIUzUxMiJ9.eyJqdGkiOiIxNTc2NDA5OCIsIm5iZiI6MTcxOTQwNTE4MCwiZXhwIjoxNzE5NDA1NDgwfQ.ZWHcDyB83UDWF8WM2FnnuBkTrpTrcxNPkbsJ7YAuLJkkIfWrfjGum3Gt90b3XKicpebWPAZH-0EKbmBd1G4Pew","dataVencimentoRegistro":"2030-07-01T00:00:00.000-0300","principioAtivo":"NITAZOXANIDA","medicamentoReferencia":"ANNITA","categoriaRegulatoria":"Genérico","classeTerapeutica":null,"atc":null,"processosMedidaCautelar":[],"empresa":{"cnpj":"45992062000165","razaoSocial":"GERMED FARMACEUTICA LTDA","numeroAutorizacao":"1005833"},"processo":{"numero":"25351470832201444","situacao":29},"apresentacoes":[{"codigo":1804916,"apresentacao":"20MG/ML PO SUS OR CT FR VD AMB X 45 ML + SER DOS","formasFarmaceuticas":["Pó para Suspensão"],"numero":1,"tonalidade":null,"dataPublicacao":"2020-07-13T00:00:00.000-0300","validade":"24 ","tipoValidade":"2","registro":"1058309760019","principiosAtivos":["NITAZOXANIDA"],"complemento":null,"embalagemPrimaria":{"tipo":"Frasco de vidro âmbar ","observacao":"Frasco de vidro tipo III âmbar, de capacidade 60 ml, com terminação pilfer proof 24 mm + tampa de poliproprileno branca leitosa, com lacre pilfer de polietileno de baixa densidade + Seringa dosadora de 10 ml, com gravação de graduação em azul, e adaptador de 16 mm "},"embalagemSecundaria":{"tipo":"Cartucho","observacao":"de cartolina"},"embalagemSecundariaTodas":[{"tipo":"Cartucho","observacao":"de cartolina"}],"envoltorios":[],"acessorios":[{"descricao":"SERINGA DOSADORA","quantidade":1}],"acondicionamento":null,"marcas":[],"fabricantesNacionais":[{"fabricante":"EMS S/A","cnpj":"57507378000365","pais":"BRASIL","uf":"SP","cidade":"HORTOLÂNDIA","etapaFabricacao":"Processo produtivo completo "}],"fabricantesInternacionais":[],"viasAdministracao":["ORAL"],"ifaUnico":true,"conservacao":["CONSERVAR EM  TEMPERATURA AMBIENTE ( AMBIENTE COM TEMPERATURA ENTRE 15 E 30ºC)"],"restricaoPrescricao":["Venda sob Prescrição Médica"],"restricaoUso":["Pediátrico acima de 1 ano"],"destinacao":["Comercial"],"restricaoHospitais":"N","tarja":"Vermelha","medicamentoReferencia":"N","apresentacaoFracionada":"N","dataVencimentoRegistro":null,"tipoAutorizacao":"REGISTRADO","ativa":true,"inativa":false,"emAnalise":false},{"codigo":1804917,"apresentacao":"20MG/ML PO SUS OR CT FR VD AMB X 100 ML + SER DOS","formasFarmaceuticas":["Pó para Suspensão"],"numero":2,"tonalidade":null,"dataPublicacao":"2020-07-13T00:00:00.000-0300","validade":"24 ","tipoValidade":"2","registro":"1058309760027","principiosAtivos":["NITAZOXANIDA"],"complemento":null,"embalagemPrimaria":{"tipo":"Frasco de vidro âmbar ","observacao":"Frasco de vidro tipo III âmbar, de capacidade 150 ml, com terminação pilfer proof 24 mm + tampa de poliproprileno branca leitosa, com lacre pilfer de polietileno de baixa densidade + Seringa dosadora de 15 ml, com gravação de graduação em azul, e adaptador de 16 mm "},"embalagemSecundaria":{"tipo":"Cartucho","observacao":"de cartolina"},"embalagemSecundariaTodas":[{"tipo":"Cartucho","observacao":"de cartolina"}],"envoltorios":[],"acessorios":[{"descricao":"SERINGA DOSADORA","quantidade":1}],"acondicionamento":null,"marcas":[],"fabricantesNacionais":[{"fabricante":"EMS S/A","cnpj":"57507378000365","pais":"BRASIL","uf":"SP","cidade":"HORTOLÂNDIA","etapaFabricacao":"Processo produtivo completo "}],"fabricantesInternacionais":[],"viasAdministracao":["ORAL"],"ifaUnico":true,"conservacao":["CONSERVAR EM  TEMPERATURA AMBIENTE ( AMBIENTE COM TEMPERATURA ENTRE 15 E 30ºC)"],"restricaoPrescricao":["Venda sob Prescrição Médica"],"restricaoUso":["Pediátrico acima de 1 ano"],"destinacao":["Comercial"],"restricaoHospitais":"N","tarja":"Vermelha","medicamentoReferencia":"N","apresentacaoFracionada":"N","dataVencimentoRegistro":null,"tipoAutorizacao":"REGISTRADO","ativa":true,"inativa":false,"emAnalise":false},{"codigo":1804918,"apresentacao":"20MG/ML PO SUS OR CT FR PLAS PEAD OPC X 45 ML + SER DOS","formasFarmaceuticas":["Pó para Suspensão"],"numero":3,"tonalidade":null,"dataPublicacao":"2020-07-13T00:00:00.000-0300","validade":"24 ","tipoValidade":"2","registro":"1058309760035","principiosAtivos":["NITAZOXANIDA"],"complemento":null,"embalagemPrimaria":{"tipo":"Frasco de plástico opaco ","observacao":"Frasco de polietileno de alta densidade (PEAD) natural opaco, de capacidade 60 ml, volume de reconstituição 35 ml e 50 ml e terminação pilfer proof 28 mm + tampa de polipropileno branca leitosa, com disco de polexam e selo de alumínio para indução + Seringa dosadora de 10 ml, com gravação de graduação em azul, e adaptador de 16 mm."},"embalagemSecundaria":{"tipo":"Cartucho","observacao":"de cartolina"},"embalagemSecundariaTodas":[{"tipo":"Cartucho","observacao":"de cartolina"}],"envoltorios":[],"acessorios":[{"descricao":"SERINGA DOSADORA","quantidade":1}],"acondicionamento":null,"marcas":[],"fabricantesNacionais":[{"fabricante":"EMS S/A","cnpj":"57507378000365","pais":"BRASIL","uf":"SP","cidade":"HORTOLÂNDIA","etapaFabricacao":"Processo produtivo completo "}],"fabricantesInternacionais":[],"viasAdministracao":["ORAL"],"ifaUnico":true,"conservacao":["CONSERVAR EM  TEMPERATURA AMBIENTE ( AMBIENTE COM TEMPERATURA ENTRE 15 E 30ºC)"],"restricaoPrescricao":["Venda sob Prescrição Médica"],"restricaoUso":["Pediátrico acima de 1 ano"],"destinacao":["Comercial"],"restricaoHospitais":"N","tarja":"Vermelha","medicamentoReferencia":"N","apresentacaoFracionada":"N","dataVencimentoRegistro":null,"tipoAutorizacao":"REGISTRADO","ativa":true,"inativa":false,"emAnalise":false},{"codigo":1804919,"apresentacao":"20MG/ML PO SUS OR CT FR PLAS PEAD OPC X 100 ML + SER DOS","formasFarmaceuticas":["Pó para Suspensão"],"numero":4,"tonalidade":null,"dataPublicacao":"2020-07-13T00:00:00.000-0300","validade":"24 ","tipoValidade":"2","registro":"1058309760043","principiosAtivos":["NITAZOXANIDA"],"complemento":null,"embalagemPrimaria":{"tipo":"Frasco de plástico opaco ","observacao":"Frasco de polietileno de alta densidade (PEAD) natural opaco, de capacidade 150 ml, volume de reconstituição 100 ml e terminação pilfer proof 28 mm + tampa de polipropileno branca leitosa, com disco de polexam e selo de alumínio para indução + Seringa dosadora de 15 ml, com gravação de graduação em azul, e adaptador de 16 mm. "},"embalagemSecundaria":{"tipo":"Cartucho","observacao":"de cartolina"},"embalagemSecundariaTodas":[{"tipo":"Cartucho","observacao":"de cartolina"}],"envoltorios":[],"acessorios":[{"descricao":"SERINGA DOSADORA","quantidade":1}],"acondicionamento":null,"marcas":[],"fabricantesNacionais":[{"fabricante":"EMS S/A","cnpj":"57507378000365","pais":"BRASIL","uf":"SP","cidade":"HORTOLÂNDIA","etapaFabricacao":"Processo produtivo completo "}],"fabricantesInternacionais":[],"viasAdministracao":["ORAL"],"ifaUnico":true,"conservacao":["CONSERVAR EM  TEMPERATURA AMBIENTE ( AMBIENTE COM TEMPERATURA ENTRE 15 E 30ºC)"],"restricaoPrescricao":["Venda sob Prescrição Médica"],"restricaoUso":["Pediátrico acima de 1 ano"],"destinacao":["Comercial"],"restricaoHospitais":"N","tarja":"Vermelha","medicamentoReferencia":"N","apresentacaoFracionada":"N","dataVencimentoRegistro":null,"tipoAutorizacao":"REGISTRADO","ativa":true,"inativa":false,"emAnalise":false},{"codigo":1804920,"apresentacao":"500MG COM REV CT BL AL PLAS PVDC OPC X 6","formasFarmaceuticas":["Comprimido Revestido "],"numero":5,"tonalidade":null,"dataPublicacao":"2020-07-13T00:00:00.000-0300","validade":"24","tipoValidade":"2","registro":"1058309760051","principiosAtivos":["NITAZOXANIDA"],"complemento":null,"embalagemPrimaria":{"tipo":"Blister de alumínio e plástico opaco","observacao":"blíster de alumínio liso + plástico PVDC (cloreto de polivinilideno) laminado branco leitoso (250.5.120) 110 x 0,32 mm. "},"embalagemSecundaria":{"tipo":"Cartucho","observacao":"de cartolina"},"embalagemSecundariaTodas":[{"tipo":"Cartucho","observacao":"de cartolina"}],"envoltorios":[],"acessorios":[],"acondicionamento":null,"marcas":[],"fabricantesNacionais":[{"fabricante":"EMS S/A","cnpj":"57507378000365","pais":"BRASIL","uf":"SP","cidade":"HORTOLÂNDIA","etapaFabricacao":"Processo produtivo completo "},{"fabricante":"NOVAMED FABRICAÇÃO DE PRODUTOS FARMACEUTICOS LTDA","cnpj":"12424020000179","pais":"BRASIL","uf":"AM","cidade":"MANAUS","etapaFabricacao":"Granel"}],"fabricantesInternacionais":[],"viasAdministracao":["ORAL"],"ifaUnico":true,"conservacao":["CONSERVAR EM  TEMPERATURA AMBIENTE ( AMBIENTE COM TEMPERATURA ENTRE 15 E 30ºC)"],"restricaoPrescricao":["Venda sob Prescrição Médica"],"restricaoUso":["Adulto e Pediátrico acima de  12 anos"],"destinacao":["Comercial"],"restricaoHospitais":"N","tarja":"Vermelha","medicamentoReferencia":"N","apresentacaoFracionada":"N","dataVencimentoRegistro":null,"tipoAutorizacao":"REGISTRADO","ativa":true,"inativa":false,"emAnalise":false},{"codigo":1804921,"apresentacao":"500MG COM REV CT BL AL PLAS PVDC OPC X 14","formasFarmaceuticas":["Comprimido Revestido "],"numero":6,"tonalidade":null,"dataPublicacao":"2020-07-13T00:00:00.000-0300","validade":"24","tipoValidade":"2","registro":"1058309760061","principiosAtivos":["NITAZOXANIDA"],"complemento":null,"embalagemPrimaria":{"tipo":"Blister de alumínio e plástico opaco","observacao":"blíster de alumínio liso + plástico PVDC (cloreto de polivinilideno) laminado branco leitoso (250.5.120) 110 x 0,32 mm. "},"embalagemSecundaria":{"tipo":"Cartucho","observacao":"de cartolina"},"embalagemSecundariaTodas":[{"tipo":"Cartucho","observacao":"de cartolina"}],"envoltorios":[],"acessorios":[],"acondicionamento":null,"marcas":[],"fabricantesNacionais":[{"fabricante":"EMS S/A","cnpj":"57507378000365","pais":"BRASIL","uf":"SP","cidade":"HORTOLÂNDIA","etapaFabricacao":"Processo produtivo completo "},{"fabricante":"NOVAMED FABRICAÇÃO DE PRODUTOS FARMACEUTICOS LTDA","cnpj":"12424020000179","pais":"BRASIL","uf":"AM","cidade":"MANAUS","etapaFabricacao":"Granel"}],"fabricantesInternacionais":[],"viasAdministracao":["ORAL"],"ifaUnico":true,"conservacao":["CONSERVAR EM  TEMPERATURA AMBIENTE ( AMBIENTE COM TEMPERATURA ENTRE 15 E 30ºC)"],"restricaoPrescricao":["Venda sob Prescrição Médica"],"restricaoUso":["Adulto e Pediátrico acima de  12 anos"],"destinacao":["Comercial"],"restricaoHospitais":"N","tarja":"Vermelha","medicamentoReferencia":"N","apresentacaoFracionada":"N","dataVencimentoRegistro":null,"tipoAutorizacao":"REGISTRADO","ativa":true,"inativa":false,"emAnalise":false},{"codigo":1804922,"apresentacao":"500MG COM REV CT BL AL PLAS PVDC OPC X 18","formasFarmaceuticas":["Comprimido Revestido "],"numero":7,"tonalidade":null,"dataPublicacao":"2020-07-13T00:00:00.000-0300","validade":"24","tipoValidade":"2","registro":"1058309760078","principiosAtivos":["NITAZOXANIDA"],"complemento":null,"embalagemPrimaria":{"tipo":"Blister de alumínio e plástico opaco","observacao":"blíster de alumínio liso + plástico PVDC (cloreto de polivinilideno) laminado branco leitoso (250.5.120) 110 x 0,32 mm. "},"embalagemSecundaria":{"tipo":"Cartucho","observacao":"de cartolina"},"embalagemSecundariaTodas":[{"tipo":"Cartucho","observacao":"de cartolina"}],"envoltorios":[],"acessorios":[],"acondicionamento":null,"marcas":[],"fabricantesNacionais":[{"fabricante":"EMS S/A","cnpj":"57507378000365","pais":"BRASIL","uf":"SP","cidade":"HORTOLÂNDIA","etapaFabricacao":"Processo produtivo completo "},{"fabricante":"NOVAMED FABRICAÇÃO DE PRODUTOS FARMACEUTICOS LTDA","cnpj":"12424020000179","pais":"BRASIL","uf":"AM","cidade":"MANAUS","etapaFabricacao":"Granel"}],"fabricantesInternacionais":[],"viasAdministracao":["ORAL"],"ifaUnico":true,"conservacao":["CONSERVAR EM  TEMPERATURA AMBIENTE ( AMBIENTE COM TEMPERATURA ENTRE 15 E 30ºC)"],"restricaoPrescricao":["Venda sob Prescrição Médica"],"restricaoUso":["Adulto e Pediátrico acima de  12 anos"],"destinacao":["Comercial"],"restricaoHospitais":"N","tarja":"Vermelha","medicamentoReferencia":"N","apresentacaoFracionada":"N","dataVencimentoRegistro":null,"tipoAutorizacao":"REGISTRADO","ativa":true,"inativa":false,"emAnalise":false},{"codigo":1804923,"apresentacao":"500MG COM REV CT BL AL PLAS PVDC OPC X 60","formasFarmaceuticas":["Comprimido Revestido "],"numero":8,"tonalidade":null,"dataPublicacao":"2020-07-13T00:00:00.000-0300","validade":"24","tipoValidade":"2","registro":"1058309760086","principiosAtivos":["NITAZOXANIDA"],"complemento":null,"embalagemPrimaria":{"tipo":"Blister de alumínio e plástico opaco","observacao":"blíster de alumínio liso + plástico PVDC (cloreto de polivinilideno) laminado branco leitoso (250.5.120) 110 x 0,32 mm. "},"embalagemSecundaria":{"tipo":"Cartucho","observacao":"de cartolina"},"embalagemSecundariaTodas":[{"tipo":"Cartucho","observacao":"de cartolina"}],"envoltorios":[],"acessorios":[],"acondicionamento":null,"marcas":[],"fabricantesNacionais":[{"fabricante":"EMS S/A","cnpj":"57507378000365","pais":"BRASIL","uf":"SP","cidade":"HORTOLÂNDIA","etapaFabricacao":"Processo produtivo completo "},{"fabricante":"NOVAMED FABRICAÇÃO DE PRODUTOS FARMACEUTICOS LTDA","cnpj":"12424020000179","pais":"BRASIL","uf":"AM","cidade":"MANAUS","etapaFabricacao":"Granel"}],"fabricantesInternacionais":[],"viasAdministracao":["ORAL"],"ifaUnico":true,"conservacao":["CONSERVAR EM  TEMPERATURA AMBIENTE ( AMBIENTE COM TEMPERATURA ENTRE 15 E 30ºC)"],"restricaoPrescricao":["Venda sob Prescrição Médica"],"restricaoUso":["Adulto e Pediátrico acima de  12 anos"],"destinacao":["Comercial"],"restricaoHospitais":"N","tarja":"Vermelha","medicamentoReferencia":"N","apresentacaoFracionada":"N","dataVencimentoRegistro":null,"tipoAutorizacao":"REGISTRADO","ativa":true,"inativa":false,"emAnalise":false}],"rotulos":[],"anexoRotulos":[],"tipoAutorizacao":"REGISTRADO"}