{"codigoProduto":615364,"tipoProduto":1,"dataProduto":"2009-08-17T00:00:00.000-0300","nomeComercial":"Glimepirida","classesTerapeuticas":["ANTIDIABETICOS"],"numeroRegistro":"105830665","dataVencimento":null,"mesAnoVencimento":null,"codigoParecerPublico":null,"codigoBulaPaciente":null,"codigoBulaProfissional":null,"dataVencimentoRegistro":null,"principioAtivo":null,"medicamentoReferencia":"amaryl","categoriaRegulatoria":"Genérico","classeTerapeutica":null,"atc":null,"processosMedidaCautelar":[],"empresa":{"cnpj":"45992062000165","razaoSocial":"GERMED FARMACEUTICA LTDA","numeroAutorizacao":"1005833"},"processo":{"numero":"25351773140200823","situacao":29},"apresentacoes":[{"codigo":890922,"apresentacao":"4 MG COM CT BL PLAS PVDC OPC X 15  ","formasFarmaceuticas":["Comprimido"],"numero":2,"tonalidade":null,"dataPublicacao":"2009-08-17T00:00:00.000-0300","validade":"24","tipoValidade":"2","registro":"1058306650026","principiosAtivos":["GLIMEPIRIDA"],"complemento":null,"embalagemPrimaria":{"tipo":"Blister de alumínio e plástico opaco","observacao":"BLISTER DE ALUMINIO/PLÁSTICO PVDC LAMINADO BRANCO LEITOSO"},"embalagemSecundaria":{"tipo":"CARTUCHO DE CARTOLINA","observacao":null},"embalagemSecundariaTodas":[{"tipo":"CARTUCHO DE CARTOLINA","observacao":null}],"envoltorios":[],"acessorios":[],"acondicionamento":null,"marcas":[],"fabricantesNacionais":[{"fabricante":"EMS S/A","cnpj":"57507378000365","pais":"BRASIL","uf":"SP","cidade":"HORTOLÂNDIA","etapaFabricacao":"Embalagem primária e secundária"},{"fabricante":"NOVAMED FABRICAÇÃO DE PRODUTOS FARMACEUTICOS LTDA","cnpj":"12424020000179","pais":"BRASIL","uf":"AM","cidade":"MANAUS","etapaFabricacao":"Processo produtivo até a embalagem primária"}],"fabricantesInternacionais":[],"viasAdministracao":["ORAL"],"ifaUnico":true,"conservacao":["CONSERVAR EM  TEMPERATURA AMBIENTE ( AMBIENTE COM TEMPERATURA ENTRE 15 E 30ºC)","PROTEGER DA LUZ E UMIDADE"],"restricaoPrescricao":["Venda sob Prescrição Médica"],"restricaoUso":["Adulto"],"destinacao":["Comercial"],"restricaoHospitais":"N","tarja":"Vermelha","medicamentoReferencia":"N","apresentacaoFracionada":"N","dataVencimentoRegistro":null,"tipoAutorizacao":"REGISTRADO","ativa":false,"inativa":true,"emAnalise":false},{"codigo":890923,"apresentacao":"4 MG COM CT BL PLAS PVDC OPC X 30","formasFarmaceuticas":["Comprimido"],"numero":3,"tonalidade":null,"dataPublicacao":"2009-08-17T00:00:00.000-0300","validade":"24","tipoValidade":"2","registro":"1058306650034","principiosAtivos":["GLIMEPIRIDA"],"complemento":null,"embalagemPrimaria":{"tipo":"Blister de alumínio e plástico opaco","observacao":"BLISTER DE ALUMINIO/PLÁSTICO PVDC LAMINADO BRANCO LEITOSO"},"embalagemSecundaria":{"tipo":"CARTUCHO DE CARTOLINA","observacao":null},"embalagemSecundariaTodas":[{"tipo":"CARTUCHO DE CARTOLINA","observacao":null}],"envoltorios":[],"acessorios":[],"acondicionamento":null,"marcas":[],"fabricantesNacionais":[{"fabricante":"EMS S/A","cnpj":"57507378000365","pais":"BRASIL","uf":"SP","cidade":"HORTOLÂNDIA","etapaFabricacao":"Embalagem primária e secundária"},{"fabricante":"NOVAMED FABRICAÇÃO DE PRODUTOS FARMACEUTICOS LTDA","cnpj":"12424020000179","pais":"BRASIL","uf":"AM","cidade":"MANAUS","etapaFabricacao":"Processo produtivo até a embalagem primária"}],"fabricantesInternacionais":[],"viasAdministracao":["ORAL"],"ifaUnico":true,"conservacao":["CONSERVAR EM  TEMPERATURA AMBIENTE ( AMBIENTE COM TEMPERATURA ENTRE 15 E 30ºC)","PROTEGER DA LUZ E UMIDADE"],"restricaoPrescricao":["Venda sob Prescrição Médica"],"restricaoUso":["Adulto"],"destinacao":["Comercial"],"restricaoHospitais":"N","tarja":"Vermelha","medicamentoReferencia":"N","apresentacaoFracionada":"N","dataVencimentoRegistro":null,"tipoAutorizacao":"REGISTRADO","ativa":false,"inativa":true,"emAnalise":false},{"codigo":890924,"apresentacao":"4 MG COM CT BL PLAS PVDC OPC X 60","formasFarmaceuticas":["Comprimido"],"numero":4,"tonalidade":null,"dataPublicacao":"2009-08-17T00:00:00.000-0300","validade":"24","tipoValidade":"2","registro":"1058306650042","principiosAtivos":["GLIMEPIRIDA"],"complemento":null,"embalagemPrimaria":{"tipo":"Blister de alumínio e plástico opaco","observacao":"BLISTER DE ALUMINIO/PLÁSTICO PVDC LAMINADO BRANCO LEITOSO"},"embalagemSecundaria":{"tipo":"CARTUCHO DE CARTOLINA","observacao":null},"embalagemSecundariaTodas":[{"tipo":"CARTUCHO DE CARTOLINA","observacao":null}],"envoltorios":[],"acessorios":[],"acondicionamento":null,"marcas":[],"fabricantesNacionais":[{"fabricante":"EMS S/A","cnpj":"57507378000365","pais":"BRASIL","uf":"SP","cidade":"HORTOLÂNDIA","etapaFabricacao":"Embalagem primária e secundária"},{"fabricante":"NOVAMED FABRICAÇÃO DE PRODUTOS FARMACEUTICOS LTDA","cnpj":"12424020000179","pais":"BRASIL","uf":"AM","cidade":"MANAUS","etapaFabricacao":"Processo produtivo até a embalagem primária"}],"fabricantesInternacionais":[],"viasAdministracao":["ORAL"],"ifaUnico":true,"conservacao":["CONSERVAR EM  TEMPERATURA AMBIENTE ( AMBIENTE COM TEMPERATURA ENTRE 15 E 30ºC)","PROTEGER DA LUZ E UMIDADE"],"restricaoPrescricao":["Venda sob Prescrição Médica"],"restricaoUso":["Adulto"],"destinacao":["Comercial"],"restricaoHospitais":"N","tarja":"Vermelha","medicamentoReferencia":"N","apresentacaoFracionada":"N","dataVencimentoRegistro":null,"tipoAutorizacao":"REGISTRADO","ativa":false,"inativa":true,"emAnalise":false},{"codigo":890930,"apresentacao":"4 MG COM CT BL PLAS PVDC OPC X 250","formasFarmaceuticas":["Comprimido"],"numero":9,"tonalidade":null,"dataPublicacao":"2009-08-17T00:00:00.000-0300","validade":"24","tipoValidade":"2","registro":"1058306650093","principiosAtivos":["GLIMEPIRIDA"],"complemento":null,"embalagemPrimaria":{"tipo":"Blister de alumínio e plástico opaco","observacao":"BLISTER DE ALUMINIO/PLÁSTICO PVDC LAMINADO BRANCO LEITOSO"},"embalagemSecundaria":{"tipo":"CARTUCHO DE CARTOLINA","observacao":null},"embalagemSecundariaTodas":[{"tipo":"CARTUCHO DE CARTOLINA","observacao":null}],"envoltorios":[],"acessorios":[],"acondicionamento":null,"marcas":[],"fabricantesNacionais":[{"fabricante":"EMS S/A","cnpj":"57507378000365","pais":"BRASIL","uf":"SP","cidade":"HORTOLÂNDIA","etapaFabricacao":"Embalagem primária e secundária"},{"fabricante":"NOVAMED FABRICAÇÃO DE PRODUTOS FARMACEUTICOS LTDA","cnpj":"12424020000179","pais":"BRASIL","uf":"AM","cidade":"MANAUS","etapaFabricacao":"Processo produtivo até a embalagem primária"}],"fabricantesInternacionais":[],"viasAdministracao":["ORAL"],"ifaUnico":true,"conservacao":["CONSERVAR EM  TEMPERATURA AMBIENTE ( AMBIENTE COM TEMPERATURA ENTRE 15 E 30ºC)","PROTEGER DA LUZ E UMIDADE"],"restricaoPrescricao":["Venda sob Prescrição Médica"],"restricaoUso":["Adulto"],"destinacao":["Comercial"],"restricaoHospitais":"N","tarja":"Vermelha","medicamentoReferencia":"N","apresentacaoFracionada":"N","dataVencimentoRegistro":null,"tipoAutorizacao":"REGISTRADO","ativa":false,"inativa":true,"emAnalise":false},{"codigo":1025577,"apresentacao":"1MG COM CT BL AL PLAS PVDC OPC X 7","formasFarmaceuticas":["Comprimido"],"numero":10,"tonalidade":null,"dataPublicacao":"2009-08-17T00:00:00.000-0300","validade":"24","tipoValidade":"2","registro":"1058306650107","principiosAtivos":["GLIMEPIRIDA"],"complemento":null,"embalagemPrimaria":{"tipo":"Blister de alumínio e plástico opaco","observacao":"BLISTER DE ALUMINIO/PLÁSTICO PVDC LAMINADO BRANCO LEITOSO"},"embalagemSecundaria":{"tipo":"CARTUCHO DE CARTOLINA","observacao":null},"embalagemSecundariaTodas":[{"tipo":"CARTUCHO DE CARTOLINA","observacao":null}],"envoltorios":[],"acessorios":[],"acondicionamento":null,"marcas":[],"fabricantesNacionais":[{"fabricante":"GERMED FARMACEUTICA LTDA","cnpj":"45992062000165","pais":"BRASIL","uf":"SP","cidade":"HORTOLÂNDIA","etapaFabricacao":null}],"fabricantesInternacionais":[],"viasAdministracao":["ORAL"],"ifaUnico":true,"conservacao":["CONSERVAR EM  TEMPERATURA AMBIENTE ( AMBIENTE COM TEMPERATURA ENTRE 15 E 30ºC)","PROTEGER DA LUZ E UMIDADE"],"restricaoPrescricao":["Venda sob Prescrição Médica"],"restricaoUso":["Adulto"],"destinacao":["Comercial"],"restricaoHospitais":"N","tarja":"Vermelha","medicamentoReferencia":"N","apresentacaoFracionada":"N","dataVencimentoRegistro":null,"tipoAutorizacao":"REGISTRADO","ativa":false,"inativa":true,"emAnalise":false},{"codigo":1025578,"apresentacao":"1MG COM CT BL AL PLAS PVDC OPC X 15","formasFarmaceuticas":["Comprimido"],"numero":11,"tonalidade":null,"dataPublicacao":"2009-08-17T00:00:00.000-0300","validade":"24","tipoValidade":"2","registro":"1058306650115","principiosAtivos":["GLIMEPIRIDA"],"complemento":null,"embalagemPrimaria":{"tipo":"Blister de alumínio e plástico opaco","observacao":"BLISTER DE ALUMINIO/PLÁSTICO PVDC LAMINADO BRANCO LEITOSO"},"embalagemSecundaria":{"tipo":"CARTUCHO DE CARTOLINA","observacao":null},"embalagemSecundariaTodas":[{"tipo":"CARTUCHO DE CARTOLINA","observacao":null}],"envoltorios":[],"acessorios":[],"acondicionamento":null,"marcas":[],"fabricantesNacionais":[{"fabricante":"GERMED FARMACEUTICA LTDA","cnpj":"45992062000165","pais":"BRASIL","uf":"SP","cidade":"HORTOLÂNDIA","etapaFabricacao":null}],"fabricantesInternacionais":[],"viasAdministracao":["ORAL"],"ifaUnico":true,"conservacao":["CONSERVAR EM  TEMPERATURA AMBIENTE ( AMBIENTE COM TEMPERATURA ENTRE 15 E 30ºC)","PROTEGER DA LUZ E UMIDADE"],"restricaoPrescricao":["Venda sob Prescrição Médica"],"restricaoUso":["Adulto"],"destinacao":["Comercial"],"restricaoHospitais":"N","tarja":"Vermelha","medicamentoReferencia":"N","apresentacaoFracionada":"N","dataVencimentoRegistro":null,"tipoAutorizacao":"REGISTRADO","ativa":false,"inativa":true,"emAnalise":false},{"codigo":1025579,"apresentacao":"1MG COM CT BL AL PLAS PVDC OPC X 30","formasFarmaceuticas":["Comprimido"],"numero":12,"tonalidade":null,"dataPublicacao":"2009-08-17T00:00:00.000-0300","validade":"24","tipoValidade":"2","registro":"1058306650123","principiosAtivos":["GLIMEPIRIDA"],"complemento":null,"embalagemPrimaria":{"tipo":"Blister de alumínio e plástico opaco","observacao":"BLISTER DE ALUMINIO/PLÁSTICO PVDC LAMINADO BRANCO LEITOSO"},"embalagemSecundaria":{"tipo":"CARTUCHO DE CARTOLINA","observacao":null},"embalagemSecundariaTodas":[{"tipo":"CARTUCHO DE CARTOLINA","observacao":null}],"envoltorios":[],"acessorios":[],"acondicionamento":null,"marcas":[],"fabricantesNacionais":[{"fabricante":"GERMED FARMACEUTICA LTDA","cnpj":"45992062000165","pais":"BRASIL","uf":"SP","cidade":"HORTOLÂNDIA","etapaFabricacao":null}],"fabricantesInternacionais":[],"viasAdministracao":["ORAL"],"ifaUnico":true,"conservacao":["CONSERVAR EM  TEMPERATURA AMBIENTE ( AMBIENTE COM TEMPERATURA ENTRE 15 E 30ºC)","PROTEGER DA LUZ E UMIDADE"],"restricaoPrescricao":["Venda sob Prescrição Médica"],"restricaoUso":["Adulto"],"destinacao":["Comercial"],"restricaoHospitais":"N","tarja":"Vermelha","medicamentoReferencia":"N","apresentacaoFracionada":"N","dataVencimentoRegistro":null,"tipoAutorizacao":"REGISTRADO","ativa":false,"inativa":true,"emAnalise":false},{"codigo":1025580,"apresentacao":"1MG COM CT BL AL PLAS PVDC OPC X 60","formasFarmaceuticas":["Comprimido"],"numero":13,"tonalidade":null,"dataPublicacao":"2009-08-17T00:00:00.000-0300","validade":"24","tipoValidade":"2","registro":"1058306650131","principiosAtivos":["GLIMEPIRIDA"],"complemento":null,"embalagemPrimaria":{"tipo":"Blister de alumínio e plástico opaco","observacao":"BLISTER DE ALUMINIO/PLÁSTICO PVDC LAMINADO BRANCO LEITOSO"},"embalagemSecundaria":{"tipo":"CARTUCHO DE CARTOLINA","observacao":null},"embalagemSecundariaTodas":[{"tipo":"CARTUCHO DE CARTOLINA","observacao":null}],"envoltorios":[],"acessorios":[],"acondicionamento":null,"marcas":[],"fabricantesNacionais":[{"fabricante":"GERMED FARMACEUTICA LTDA","cnpj":"45992062000165","pais":"BRASIL","uf":"SP","cidade":"HORTOLÂNDIA","etapaFabricacao":null}],"fabricantesInternacionais":[],"viasAdministracao":["ORAL"],"ifaUnico":true,"conservacao":["CONSERVAR EM  TEMPERATURA AMBIENTE ( AMBIENTE COM TEMPERATURA ENTRE 15 E 30ºC)","PROTEGER DA LUZ E UMIDADE"],"restricaoPrescricao":["Venda sob Prescrição Médica"],"restricaoUso":["Adulto"],"destinacao":["Comercial"],"restricaoHospitais":"N","tarja":"Vermelha","medicamentoReferencia":"N","apresentacaoFracionada":"N","dataVencimentoRegistro":null,"tipoAutorizacao":"REGISTRADO","ativa":false,"inativa":true,"emAnalise":false},{"codigo":1025581,"apresentacao":"1MG COM CT BL AL PLAS PVDC OPC X 100","formasFarmaceuticas":["Comprimido"],"numero":14,"tonalidade":null,"dataPublicacao":"2009-08-17T00:00:00.000-0300","validade":"24","tipoValidade":"2","registro":"1058306650141","principiosAtivos":["GLIMEPIRIDA"],"complemento":null,"embalagemPrimaria":{"tipo":"Blister de alumínio e plástico opaco","observacao":"BLISTER DE ALUMINIO/PLÁSTICO PVDC LAMINADO BRANCO LEITOSO"},"embalagemSecundaria":{"tipo":"CARTUCHO DE CARTOLINA","observacao":null},"embalagemSecundariaTodas":[{"tipo":"CARTUCHO DE CARTOLINA","observacao":null}],"envoltorios":[],"acessorios":[],"acondicionamento":null,"marcas":[],"fabricantesNacionais":[{"fabricante":"GERMED FARMACEUTICA LTDA","cnpj":"45992062000165","pais":"BRASIL","uf":"SP","cidade":"HORTOLÂNDIA","etapaFabricacao":null}],"fabricantesInternacionais":[],"viasAdministracao":["ORAL"],"ifaUnico":true,"conservacao":["CONSERVAR EM  TEMPERATURA AMBIENTE ( AMBIENTE COM TEMPERATURA ENTRE 15 E 30ºC)","PROTEGER DA LUZ E UMIDADE"],"restricaoPrescricao":["Venda sob Prescrição Médica"],"restricaoUso":["Adulto"],"destinacao":["Comercial"],"restricaoHospitais":"N","tarja":"Vermelha","medicamentoReferencia":"N","apresentacaoFracionada":"S","dataVencimentoRegistro":null,"tipoAutorizacao":"REGISTRADO","ativa":false,"inativa":true,"emAnalise":false},{"codigo":1025582,"apresentacao":"1MG COM CT BL AL PLAS PVDC OPC X 120","formasFarmaceuticas":["Comprimido"],"numero":15,"tonalidade":null,"dataPublicacao":"2009-08-17T00:00:00.000-0300","validade":"24","tipoValidade":"2","registro":"1058306650158","principiosAtivos":["GLIMEPIRIDA"],"complemento":null,"embalagemPrimaria":{"tipo":"Blister de alumínio e plástico opaco","observacao":"BLISTER DE ALUMINIO/PLÁSTICO PVDC LAMINADO BRANCO LEITOSO"},"embalagemSecundaria":{"tipo":"CARTUCHO DE CARTOLINA","observacao":null},"embalagemSecundariaTodas":[{"tipo":"CARTUCHO DE CARTOLINA","observacao":null}],"envoltorios":[],"acessorios":[],"acondicionamento":null,"marcas":[],"fabricantesNacionais":[{"fabricante":"GERMED FARMACEUTICA LTDA","cnpj":"45992062000165","pais":"BRASIL","uf":"SP","cidade":"HORTOLÂNDIA","etapaFabricacao":null}],"fabricantesInternacionais":[],"viasAdministracao":["ORAL"],"ifaUnico":true,"conservacao":["CONSERVAR EM  TEMPERATURA AMBIENTE ( AMBIENTE COM TEMPERATURA ENTRE 15 E 30ºC)","PROTEGER DA LUZ E UMIDADE"],"restricaoPrescricao":["Venda sob Prescrição Médica"],"restricaoUso":["Adulto"],"destinacao":["Comercial"],"restricaoHospitais":"N","tarja":"Vermelha","medicamentoReferencia":"N","apresentacaoFracionada":"N","dataVencimentoRegistro":null,"tipoAutorizacao":"REGISTRADO","ativa":false,"inativa":true,"emAnalise":false},{"codigo":1025583,"apresentacao":"1MG COM CT  BL AL PLAS PVDC OPC X 250","formasFarmaceuticas":["Comprimido"],"numero":16,"tonalidade":null,"dataPublicacao":"2009-08-17T00:00:00.000-0300","validade":"24","tipoValidade":"2","registro":"1058306650166","principiosAtivos":["GLIMEPIRIDA"],"complemento":null,"embalagemPrimaria":{"tipo":"Blister de alumínio e plástico opaco","observacao":"BLISTER DE ALUMINIO/PLÁSTICO PVDC LAMINADO BRANCO LEITOSO"},"embalagemSecundaria":{"tipo":"CARTUCHO DE CARTOLINA","observacao":null},"embalagemSecundariaTodas":[{"tipo":"CARTUCHO DE CARTOLINA","observacao":null}],"envoltorios":[],"acessorios":[],"acondicionamento":null,"marcas":[],"fabricantesNacionais":[{"fabricante":"GERMED FARMACEUTICA LTDA","cnpj":"45992062000165","pais":"BRASIL","uf":"SP","cidade":"HORTOLÂNDIA","etapaFabricacao":null}],"fabricantesInternacionais":[],"viasAdministracao":["ORAL"],"ifaUnico":true,"conservacao":["CONSERVAR EM  TEMPERATURA AMBIENTE ( AMBIENTE COM TEMPERATURA ENTRE 15 E 30ºC)","PROTEGER DA LUZ E UMIDADE"],"restricaoPrescricao":["Venda sob Prescrição Médica"],"restricaoUso":["Adulto"],"destinacao":["Comercial"],"restricaoHospitais":"N","tarja":"Vermelha","medicamentoReferencia":"N","apresentacaoFracionada":"N","dataVencimentoRegistro":null,"tipoAutorizacao":"REGISTRADO","ativa":false,"inativa":true,"emAnalise":false},{"codigo":1025584,"apresentacao":"1MG COM CT BL AL PLAS PVDC OPC X 450","formasFarmaceuticas":["Comprimido"],"numero":17,"tonalidade":null,"dataPublicacao":"2009-08-17T00:00:00.000-0300","validade":"24","tipoValidade":"2","registro":"1058306650174","principiosAtivos":["GLIMEPIRIDA"],"complemento":null,"embalagemPrimaria":{"tipo":"Blister de alumínio e plástico opaco","observacao":"BLISTER DE ALUMINIO/PLÁSTICO PVDC LAMINADO BRANCO LEITOSO"},"embalagemSecundaria":{"tipo":"CARTUCHO DE CARTOLINA","observacao":null},"embalagemSecundariaTodas":[{"tipo":"CARTUCHO DE CARTOLINA","observacao":null}],"envoltorios":[],"acessorios":[],"acondicionamento":null,"marcas":[],"fabricantesNacionais":[{"fabricante":"GERMED FARMACEUTICA LTDA","cnpj":"45992062000165","pais":"BRASIL","uf":"SP","cidade":"HORTOLÂNDIA","etapaFabricacao":null}],"fabricantesInternacionais":[],"viasAdministracao":["ORAL"],"ifaUnico":true,"conservacao":["CONSERVAR EM  TEMPERATURA AMBIENTE ( AMBIENTE COM TEMPERATURA ENTRE 15 E 30ºC)","PROTEGER DA LUZ E UMIDADE"],"restricaoPrescricao":["Venda sob Prescrição Médica"],"restricaoUso":["Adulto"],"destinacao":["Comercial"],"restricaoHospitais":"N","tarja":"Vermelha","medicamentoReferencia":"N","apresentacaoFracionada":"N","dataVencimentoRegistro":null,"tipoAutorizacao":"REGISTRADO","ativa":false,"inativa":true,"emAnalise":false},{"codigo":1025585,"apresentacao":"2MG COM CT BL AL PLAS PVDC OPC X 7 ","formasFarmaceuticas":["Comprimido"],"numero":18,"tonalidade":null,"dataPublicacao":"2009-08-17T00:00:00.000-0300","validade":"24","tipoValidade":"2","registro":"1058306650182","principiosAtivos":["GLIMEPIRIDA"],"complemento":null,"embalagemPrimaria":{"tipo":"Blister de alumínio e plástico opaco","observacao":"BLISTER DE ALUMINIO/PLÁSTICO PVDC LAMINADO BRANCO LEITOSO"},"embalagemSecundaria":{"tipo":"CARTUCHO DE CARTOLINA","observacao":null},"embalagemSecundariaTodas":[{"tipo":"CARTUCHO DE CARTOLINA","observacao":null}],"envoltorios":[],"acessorios":[],"acondicionamento":null,"marcas":[],"fabricantesNacionais":[{"fabricante":"EMS S/A","cnpj":"57507378000365","pais":"BRASIL","uf":"SP","cidade":"HORTOLÂNDIA","etapaFabricacao":"Embalagem primária e secundária"},{"fabricante":"NOVAMED FABRICAÇÃO DE PRODUTOS FARMACEUTICOS LTDA","cnpj":"12424020000179","pais":"BRASIL","uf":"AM","cidade":"MANAUS","etapaFabricacao":"Processo produtivo até a embalagem primária"}],"fabricantesInternacionais":[],"viasAdministracao":["ORAL"],"ifaUnico":true,"conservacao":["CONSERVAR EM  TEMPERATURA AMBIENTE ( AMBIENTE COM TEMPERATURA ENTRE 15 E 30ºC)","PROTEGER DA LUZ E UMIDADE"],"restricaoPrescricao":["Venda sob Prescrição Médica"],"restricaoUso":["Adulto"],"destinacao":["Comercial"],"restricaoHospitais":"N","tarja":"Vermelha","medicamentoReferencia":"N","apresentacaoFracionada":"N","dataVencimentoRegistro":null,"tipoAutorizacao":"REGISTRADO","ativa":false,"inativa":true,"emAnalise":false},{"codigo":1026047,"apresentacao":"2MG COM CT BL AL PLAS PVDC OPC X 15","formasFarmaceuticas":["Comprimido"],"numero":19,"tonalidade":null,"dataPublicacao":"2009-08-17T00:00:00.000-0300","validade":"24","tipoValidade":"2","registro":"1058306650190","principiosAtivos":["GLIMEPIRIDA"],"complemento":null,"embalagemPrimaria":{"tipo":"Blister de alumínio e plástico opaco","observacao":"BLISTER DE ALUMINIO/PLÁSTICO PVDC LAMINADO BRANCO LEITOSO"},"embalagemSecundaria":{"tipo":"CARTUCHO DE CARTOLINA","observacao":null},"embalagemSecundariaTodas":[{"tipo":"CARTUCHO DE CARTOLINA","observacao":null}],"envoltorios":[],"acessorios":[],"acondicionamento":null,"marcas":[],"fabricantesNacionais":[{"fabricante":"EMS S/A","cnpj":"57507378000365","pais":"BRASIL","uf":"SP","cidade":"HORTOLÂNDIA","etapaFabricacao":"Embalagem primária e secundária"},{"fabricante":"NOVAMED FABRICAÇÃO DE PRODUTOS FARMACEUTICOS LTDA","cnpj":"12424020000179","pais":"BRASIL","uf":"AM","cidade":"MANAUS","etapaFabricacao":"Processo produtivo até a embalagem primária"}],"fabricantesInternacionais":[],"viasAdministracao":["ORAL"],"ifaUnico":true,"conservacao":["CONSERVAR EM  TEMPERATURA AMBIENTE ( AMBIENTE COM TEMPERATURA ENTRE 15 E 30ºC)","PROTEGER DA LUZ E UMIDADE"],"restricaoPrescricao":["Venda sob Prescrição Médica"],"restricaoUso":["Adulto"],"destinacao":["Comercial"],"restricaoHospitais":"N","tarja":"Vermelha","medicamentoReferencia":"N","apresentacaoFracionada":"N","dataVencimentoRegistro":null,"tipoAutorizacao":"REGISTRADO","ativa":false,"inativa":true,"emAnalise":false},{"codigo":1026048,"apresentacao":"2MG COM CT BL AL PLAS PVDC OPC X 30","formasFarmaceuticas":["Comprimido"],"numero":20,"tonalidade":null,"dataPublicacao":"2009-08-17T00:00:00.000-0300","validade":"24","tipoValidade":"2","registro":"1058306650204","principiosAtivos":["GLIMEPIRIDA"],"complemento":null,"embalagemPrimaria":{"tipo":"Blister de alumínio e plástico opaco","observacao":"BLISTER DE ALUMINIO/PLÁSTICO PVDC LAMINADO BRANCO LEITOSO"},"embalagemSecundaria":{"tipo":"CARTUCHO DE CARTOLINA","observacao":null},"embalagemSecundariaTodas":[{"tipo":"CARTUCHO DE CARTOLINA","observacao":null}],"envoltorios":[],"acessorios":[],"acondicionamento":null,"marcas":[],"fabricantesNacionais":[{"fabricante":"EMS S/A","cnpj":"57507378000365","pais":"BRASIL","uf":"SP","cidade":"HORTOLÂNDIA","etapaFabricacao":"Embalagem primária e secundária"},{"fabricante":"NOVAMED FABRICAÇÃO DE PRODUTOS FARMACEUTICOS LTDA","cnpj":"12424020000179","pais":"BRASIL","uf":"AM","cidade":"MANAUS","etapaFabricacao":"Processo produtivo até a embalagem primária"}],"fabricantesInternacionais":[],"viasAdministracao":["ORAL"],"ifaUnico":true,"conservacao":["CONSERVAR EM  TEMPERATURA AMBIENTE ( AMBIENTE COM TEMPERATURA ENTRE 15 E 30ºC)","PROTEGER DA LUZ E UMIDADE"],"restricaoPrescricao":["Venda sob Prescrição Médica"],"restricaoUso":["Adulto"],"destinacao":["Comercial"],"restricaoHospitais":"N","tarja":"Vermelha","medicamentoReferencia":"N","apresentacaoFracionada":"N","dataVencimentoRegistro":null,"tipoAutorizacao":"REGISTRADO","ativa":false,"inativa":true,"emAnalise":false},{"codigo":1026049,"apresentacao":"2MG COM CT BL AL PLAS PVDC OPC X 60","formasFarmaceuticas":["Comprimido"],"numero":21,"tonalidade":null,"dataPublicacao":"2009-08-17T00:00:00.000-0300","validade":"24","tipoValidade":"2","registro":"1058306650212","principiosAtivos":["GLIMEPIRIDA"],"complemento":null,"embalagemPrimaria":{"tipo":"Blister de alumínio e plástico opaco","observacao":"BLISTER DE ALUMINIO/PLÁSTICO PVDC LAMINADO BRANCO LEITOSO"},"embalagemSecundaria":{"tipo":"CARTUCHO DE CARTOLINA","observacao":null},"embalagemSecundariaTodas":[{"tipo":"CARTUCHO DE CARTOLINA","observacao":null}],"envoltorios":[],"acessorios":[],"acondicionamento":null,"marcas":[],"fabricantesNacionais":[{"fabricante":"EMS S/A","cnpj":"57507378000365","pais":"BRASIL","uf":"SP","cidade":"HORTOLÂNDIA","etapaFabricacao":"Embalagem primária e secundária"},{"fabricante":"NOVAMED FABRICAÇÃO DE PRODUTOS FARMACEUTICOS LTDA","cnpj":"12424020000179","pais":"BRASIL","uf":"AM","cidade":"MANAUS","etapaFabricacao":"Processo produtivo até a embalagem primária"}],"fabricantesInternacionais":[],"viasAdministracao":["ORAL"],"ifaUnico":true,"conservacao":["CONSERVAR EM  TEMPERATURA AMBIENTE ( AMBIENTE COM TEMPERATURA ENTRE 15 E 30ºC)","PROTEGER DA LUZ E UMIDADE"],"restricaoPrescricao":["Venda sob Prescrição Médica"],"restricaoUso":["Adulto"],"destinacao":["Comercial"],"restricaoHospitais":"N","tarja":"Vermelha","medicamentoReferencia":"N","apresentacaoFracionada":"N","dataVencimentoRegistro":null,"tipoAutorizacao":"REGISTRADO","ativa":false,"inativa":true,"emAnalise":false},{"codigo":1026050,"apresentacao":"2MG COM CT BL AL PLAS PVDC OPC X 100","formasFarmaceuticas":["Comprimido"],"numero":22,"tonalidade":null,"dataPublicacao":"2009-08-17T00:00:00.000-0300","validade":"24","tipoValidade":"2","registro":"1058306650220","principiosAtivos":["GLIMEPIRIDA"],"complemento":null,"embalagemPrimaria":{"tipo":"Blister de alumínio e plástico opaco","observacao":"BLISTER DE ALUMINIO/PLÁSTICO PVDC LAMINADO BRANCO LEITOSO"},"embalagemSecundaria":{"tipo":"CARTUCHO DE CARTOLINA","observacao":null},"embalagemSecundariaTodas":[{"tipo":"CARTUCHO DE CARTOLINA","observacao":null}],"envoltorios":[],"acessorios":[],"acondicionamento":null,"marcas":[],"fabricantesNacionais":[{"fabricante":"EMS S/A","cnpj":"57507378000365","pais":"BRASIL","uf":"SP","cidade":"HORTOLÂNDIA","etapaFabricacao":"Embalagem primária e secundária"},{"fabricante":"NOVAMED FABRICAÇÃO DE PRODUTOS FARMACEUTICOS LTDA","cnpj":"12424020000179","pais":"BRASIL","uf":"AM","cidade":"MANAUS","etapaFabricacao":"Processo produtivo até a embalagem primária"}],"fabricantesInternacionais":[],"viasAdministracao":["ORAL"],"ifaUnico":true,"conservacao":["CONSERVAR EM  TEMPERATURA AMBIENTE ( AMBIENTE COM TEMPERATURA ENTRE 15 E 30ºC)","PROTEGER DA LUZ E UMIDADE"],"restricaoPrescricao":["Venda sob Prescrição Médica"],"restricaoUso":["Adulto"],"destinacao":["Comercial"],"restricaoHospitais":"N","tarja":"Vermelha","medicamentoReferencia":"N","apresentacaoFracionada":"S","dataVencimentoRegistro":null,"tipoAutorizacao":"REGISTRADO","ativa":false,"inativa":true,"emAnalise":false},{"codigo":1026051,"apresentacao":"2MG COM CT BL AL PLAS PVDC OPC X 120","formasFarmaceuticas":["Comprimido"],"numero":23,"tonalidade":null,"dataPublicacao":"2009-08-17T00:00:00.000-0300","validade":"24","tipoValidade":"2","registro":"1058306650239","principiosAtivos":["GLIMEPIRIDA"],"complemento":null,"embalagemPrimaria":{"tipo":"Blister de alumínio e plástico opaco","observacao":"BLISTER DE ALUMINIO/PLÁSTICO PVDC LAMINADO BRANCO LEITOSO"},"embalagemSecundaria":{"tipo":"CARTUCHO DE CARTOLINA","observacao":null},"embalagemSecundariaTodas":[{"tipo":"CARTUCHO DE CARTOLINA","observacao":null}],"envoltorios":[],"acessorios":[],"acondicionamento":null,"marcas":[],"fabricantesNacionais":[{"fabricante":"EMS S/A","cnpj":"57507378000365","pais":"BRASIL","uf":"SP","cidade":"HORTOLÂNDIA","etapaFabricacao":"Embalagem primária e secundária"},{"fabricante":"NOVAMED FABRICAÇÃO DE PRODUTOS FARMACEUTICOS LTDA","cnpj":"12424020000179","pais":"BRASIL","uf":"AM","cidade":"MANAUS","etapaFabricacao":"Processo produtivo até a embalagem primária"}],"fabricantesInternacionais":[],"viasAdministracao":["ORAL"],"ifaUnico":true,"conservacao":["CONSERVAR EM  TEMPERATURA AMBIENTE ( AMBIENTE COM TEMPERATURA ENTRE 15 E 30ºC)","PROTEGER DA LUZ E UMIDADE"],"restricaoPrescricao":["Venda sob Prescrição Médica"],"restricaoUso":["Adulto"],"destinacao":["Comercial"],"restricaoHospitais":"N","tarja":"Vermelha","medicamentoReferencia":"N","apresentacaoFracionada":"N","dataVencimentoRegistro":null,"tipoAutorizacao":"REGISTRADO","ativa":false,"inativa":true,"emAnalise":false},{"codigo":1026052,"apresentacao":"2MG COM CT BL AL PLAS PVDC OPC X 250","formasFarmaceuticas":["Comprimido"],"numero":24,"tonalidade":null,"dataPublicacao":"2009-08-17T00:00:00.000-0300","validade":"24","tipoValidade":"2","registro":"1058306650247","principiosAtivos":["GLIMEPIRIDA"],"complemento":null,"embalagemPrimaria":{"tipo":"Blister de alumínio e plástico opaco","observacao":"BLISTER DE ALUMINIO/PLÁSTICO PVDC LAMINADO BRANCO LEITOSO"},"embalagemSecundaria":{"tipo":"CARTUCHO DE CARTOLINA","observacao":null},"embalagemSecundariaTodas":[{"tipo":"CARTUCHO DE CARTOLINA","observacao":null}],"envoltorios":[],"acessorios":[],"acondicionamento":null,"marcas":[],"fabricantesNacionais":[{"fabricante":"EMS S/A","cnpj":"57507378000365","pais":"BRASIL","uf":"SP","cidade":"HORTOLÂNDIA","etapaFabricacao":"Embalagem primária e secundária"},{"fabricante":"NOVAMED FABRICAÇÃO DE PRODUTOS FARMACEUTICOS LTDA","cnpj":"12424020000179","pais":"BRASIL","uf":"AM","cidade":"MANAUS","etapaFabricacao":"Processo produtivo até a embalagem primária"}],"fabricantesInternacionais":[],"viasAdministracao":["ORAL"],"ifaUnico":true,"conservacao":["CONSERVAR EM  TEMPERATURA AMBIENTE ( AMBIENTE COM TEMPERATURA ENTRE 15 E 30ºC)","PROTEGER DA LUZ E UMIDADE"],"restricaoPrescricao":["Venda sob Prescrição Médica"],"restricaoUso":["Adulto"],"destinacao":["Comercial"],"restricaoHospitais":"N","tarja":"Vermelha","medicamentoReferencia":"N","apresentacaoFracionada":"N","dataVencimentoRegistro":null,"tipoAutorizacao":"REGISTRADO","ativa":false,"inativa":true,"emAnalise":false},{"codigo":1026053,"apresentacao":"2MG COM CT BL AL PLAS PVDC OPC X 450","formasFarmaceuticas":["Comprimido"],"numero":25,"tonalidade":null,"dataPublicacao":"2009-08-17T00:00:00.000-0300","validade":"24","tipoValidade":"2","registro":"1058306650255","principiosAtivos":["GLIMEPIRIDA"],"complemento":null,"embalagemPrimaria":{"tipo":"Blister de alumínio e plástico opaco","observacao":"BLISTER DE ALUMINIO/PLÁSTICO PVDC LAMINADO BRANCO LEITOSO"},"embalagemSecundaria":{"tipo":"CARTUCHO DE CARTOLINA","observacao":null},"embalagemSecundariaTodas":[{"tipo":"CARTUCHO DE CARTOLINA","observacao":null}],"envoltorios":[],"acessorios":[],"acondicionamento":null,"marcas":[],"fabricantesNacionais":[{"fabricante":"EMS S/A","cnpj":"57507378000365","pais":"BRASIL","uf":"SP","cidade":"HORTOLÂNDIA","etapaFabricacao":"Embalagem primária e secundária"},{"fabricante":"NOVAMED FABRICAÇÃO DE PRODUTOS FARMACEUTICOS LTDA","cnpj":"12424020000179","pais":"BRASIL","uf":"AM","cidade":"MANAUS","etapaFabricacao":"Processo produtivo até a embalagem primária"}],"fabricantesInternacionais":[],"viasAdministracao":["ORAL"],"ifaUnico":true,"conservacao":["CONSERVAR EM  TEMPERATURA AMBIENTE ( AMBIENTE COM TEMPERATURA ENTRE 15 E 30ºC)","PROTEGER DA LUZ E UMIDADE"],"restricaoPrescricao":["Venda sob Prescrição Médica"],"restricaoUso":["Adulto"],"destinacao":["Comercial"],"restricaoHospitais":"N","tarja":"Vermelha","medicamentoReferencia":"N","apresentacaoFracionada":"N","dataVencimentoRegistro":null,"tipoAutorizacao":"REGISTRADO","ativa":false,"inativa":true,"emAnalise":false},{"codigo":1026054,"apresentacao":"2MG COM CT BL AL PLAS OPC X 7&nbsp;01&nbsp;26","formasFarmaceuticas":["Comprimido"],"numero":26,"tonalidade":null,"dataPublicacao":"2009-08-17T00:00:00.000-0300","validade":"24","tipoValidade":"2","registro":"1058306650263","principiosAtivos":["GLIMEPIRIDA"],"complemento":null,"embalagemPrimaria":{"tipo":"Blister de alumínio e plástico opaco","observacao":"BLISTER DE ALUMINIO/PLÁSTICO PVDC LAMINADO BRANCO LEITOSO"},"embalagemSecundaria":{"tipo":"CARTUCHO DE CARTOLINA","observacao":null},"embalagemSecundariaTodas":[{"tipo":"CARTUCHO DE CARTOLINA","observacao":null}],"envoltorios":[],"acessorios":[],"acondicionamento":null,"marcas":[],"fabricantesNacionais":[{"fabricante":"EMS S/A","cnpj":"57507378000365","pais":"BRASIL","uf":"SP","cidade":"HORTOLÂNDIA","etapaFabricacao":"Embalagem primária e secundária"},{"fabricante":"NOVAMED FABRICAÇÃO DE PRODUTOS FARMACEUTICOS LTDA","cnpj":"12424020000179","pais":"BRASIL","uf":"AM","cidade":"MANAUS","etapaFabricacao":"Processo produtivo até a embalagem primária"}],"fabricantesInternacionais":[],"viasAdministracao":["ORAL"],"ifaUnico":true,"conservacao":["CONSERVAR EM  TEMPERATURA AMBIENTE ( AMBIENTE COM TEMPERATURA ENTRE 15 E 30ºC)","PROTEGER DA LUZ E UMIDADE"],"restricaoPrescricao":["Venda sob Prescrição Médica"],"restricaoUso":["Adulto"],"destinacao":["Comercial"],"restricaoHospitais":"N","tarja":"Vermelha","medicamentoReferencia":"N","apresentacaoFracionada":"N","dataVencimentoRegistro":null,"tipoAutorizacao":"REGISTRADO","ativa":false,"inativa":true,"emAnalise":false},{"codigo":1026055,"apresentacao":"2MG COM CT BL AL PLAS OPC X 7&nbsp;01&nbsp;27","formasFarmaceuticas":["Comprimido"],"numero":27,"tonalidade":null,"dataPublicacao":"2009-08-17T00:00:00.000-0300","validade":"24","tipoValidade":"2","registro":"1058306650271","principiosAtivos":["GLIMEPIRIDA"],"complemento":null,"embalagemPrimaria":{"tipo":"Blister de alumínio e plástico opaco","observacao":"BLISTER DE ALUMINIO/PLÁSTICO PVDC LAMINADO BRANCO LEITOSO"},"embalagemSecundaria":{"tipo":"CARTUCHO DE CARTOLINA","observacao":null},"embalagemSecundariaTodas":[{"tipo":"CARTUCHO DE CARTOLINA","observacao":null}],"envoltorios":[],"acessorios":[],"acondicionamento":null,"marcas":[],"fabricantesNacionais":[{"fabricante":"EMS S/A","cnpj":"57507378000365","pais":"BRASIL","uf":"SP","cidade":"HORTOLÂNDIA","etapaFabricacao":"Embalagem primária e secundária"},{"fabricante":"NOVAMED FABRICAÇÃO DE PRODUTOS FARMACEUTICOS LTDA","cnpj":"12424020000179","pais":"BRASIL","uf":"AM","cidade":"MANAUS","etapaFabricacao":"Processo produtivo até a embalagem primária"}],"fabricantesInternacionais":[],"viasAdministracao":["ORAL"],"ifaUnico":true,"conservacao":["CONSERVAR EM  TEMPERATURA AMBIENTE ( AMBIENTE COM TEMPERATURA ENTRE 15 E 30ºC)","PROTEGER DA LUZ E UMIDADE"],"restricaoPrescricao":["Venda sob Prescrição Médica"],"restricaoUso":["Adulto"],"destinacao":["Comercial"],"restricaoHospitais":"N","tarja":"Vermelha","medicamentoReferencia":"N","apresentacaoFracionada":"N","dataVencimentoRegistro":null,"tipoAutorizacao":"REGISTRADO","ativa":false,"inativa":true,"emAnalise":false},{"codigo":1026056,"apresentacao":"2MG COM CT BL AL PLAS OPC X 7&nbsp;01&nbsp;28","formasFarmaceuticas":["Comprimido"],"numero":28,"tonalidade":null,"dataPublicacao":"2009-08-17T00:00:00.000-0300","validade":"24","tipoValidade":"2","registro":"1058306650281","principiosAtivos":["GLIMEPIRIDA"],"complemento":null,"embalagemPrimaria":{"tipo":"Blister de alumínio e plástico opaco","observacao":"BLISTER DE ALUMINIO/PLÁSTICO PVDC LAMINADO BRANCO LEITOSO"},"embalagemSecundaria":{"tipo":"CARTUCHO DE CARTOLINA","observacao":null},"embalagemSecundariaTodas":[{"tipo":"CARTUCHO DE CARTOLINA","observacao":null}],"envoltorios":[],"acessorios":[],"acondicionamento":null,"marcas":[],"fabricantesNacionais":[{"fabricante":"EMS S/A","cnpj":"57507378000365","pais":"BRASIL","uf":"SP","cidade":"HORTOLÂNDIA","etapaFabricacao":"Embalagem primária e secundária"},{"fabricante":"NOVAMED FABRICAÇÃO DE PRODUTOS FARMACEUTICOS LTDA","cnpj":"12424020000179","pais":"BRASIL","uf":"AM","cidade":"MANAUS","etapaFabricacao":"Processo produtivo até a embalagem primária"}],"fabricantesInternacionais":[],"viasAdministracao":["ORAL"],"ifaUnico":true,"conservacao":["CONSERVAR EM  TEMPERATURA AMBIENTE ( AMBIENTE COM TEMPERATURA ENTRE 15 E 30ºC)","PROTEGER DA LUZ E UMIDADE"],"restricaoPrescricao":["Venda sob Prescrição Médica"],"restricaoUso":["Adulto"],"destinacao":["Comercial"],"restricaoHospitais":"N","tarja":"Vermelha","medicamentoReferencia":"N","apresentacaoFracionada":"N","dataVencimentoRegistro":null,"tipoAutorizacao":"REGISTRADO","ativa":false,"inativa":true,"emAnalise":false},{"codigo":1026057,"apresentacao":"2MG COM CT BL AL PLAS OPC X 7&nbsp;01&nbsp;29","formasFarmaceuticas":["Comprimido"],"numero":29,"tonalidade":null,"dataPublicacao":"2009-08-17T00:00:00.000-0300","validade":"24","tipoValidade":"2","registro":"1058306650298","principiosAtivos":["GLIMEPIRIDA"],"complemento":null,"embalagemPrimaria":{"tipo":"Blister de alumínio e plástico opaco","observacao":"BLISTER DE ALUMINIO/PLÁSTICO PVDC LAMINADO BRANCO LEITOSO"},"embalagemSecundaria":{"tipo":"CARTUCHO DE CARTOLINA","observacao":null},"embalagemSecundariaTodas":[{"tipo":"CARTUCHO DE CARTOLINA","observacao":null}],"envoltorios":[],"acessorios":[],"acondicionamento":null,"marcas":[],"fabricantesNacionais":[{"fabricante":"EMS S/A","cnpj":"57507378000365","pais":"BRASIL","uf":"SP","cidade":"HORTOLÂNDIA","etapaFabricacao":"Embalagem primária e secundária"},{"fabricante":"NOVAMED FABRICAÇÃO DE PRODUTOS FARMACEUTICOS LTDA","cnpj":"12424020000179","pais":"BRASIL","uf":"AM","cidade":"MANAUS","etapaFabricacao":"Processo produtivo até a embalagem primária"}],"fabricantesInternacionais":[],"viasAdministracao":["ORAL"],"ifaUnico":true,"conservacao":["CONSERVAR EM  TEMPERATURA AMBIENTE ( AMBIENTE COM TEMPERATURA ENTRE 15 E 30ºC)","PROTEGER DA LUZ E UMIDADE"],"restricaoPrescricao":["Venda sob Prescrição Médica"],"restricaoUso":["Adulto"],"destinacao":["Comercial"],"restricaoHospitais":"N","tarja":"Vermelha","medicamentoReferencia":"N","apresentacaoFracionada":"N","dataVencimentoRegistro":null,"tipoAutorizacao":"REGISTRADO","ativa":false,"inativa":true,"emAnalise":false},{"codigo":1026058,"apresentacao":"2MG COM CT BL AL PLAS OPC X 7&nbsp;01&nbsp;30","formasFarmaceuticas":["Comprimido"],"numero":30,"tonalidade":null,"dataPublicacao":"2009-08-17T00:00:00.000-0300","validade":"24","tipoValidade":"2","registro":"1058306650301","principiosAtivos":["GLIMEPIRIDA"],"complemento":null,"embalagemPrimaria":{"tipo":"Blister de alumínio e plástico opaco","observacao":"BLISTER DE ALUMINIO/PLÁSTICO PVDC LAMINADO BRANCO LEITOSO"},"embalagemSecundaria":{"tipo":"CARTUCHO DE CARTOLINA","observacao":null},"embalagemSecundariaTodas":[{"tipo":"CARTUCHO DE CARTOLINA","observacao":null}],"envoltorios":[],"acessorios":[],"acondicionamento":null,"marcas":[],"fabricantesNacionais":[{"fabricante":"EMS S/A","cnpj":"57507378000365","pais":"BRASIL","uf":"SP","cidade":"HORTOLÂNDIA","etapaFabricacao":"Embalagem primária e secundária"},{"fabricante":"NOVAMED FABRICAÇÃO DE PRODUTOS FARMACEUTICOS LTDA","cnpj":"12424020000179","pais":"BRASIL","uf":"AM","cidade":"MANAUS","etapaFabricacao":"Processo produtivo até a embalagem primária"}],"fabricantesInternacionais":[],"viasAdministracao":["ORAL"],"ifaUnico":true,"conservacao":["CONSERVAR EM  TEMPERATURA AMBIENTE ( AMBIENTE COM TEMPERATURA ENTRE 15 E 30ºC)","PROTEGER DA LUZ E UMIDADE"],"restricaoPrescricao":["Venda sob Prescrição Médica"],"restricaoUso":["Adulto"],"destinacao":["Comercial"],"restricaoHospitais":"N","tarja":"Vermelha","medicamentoReferencia":"N","apresentacaoFracionada":"N","dataVencimentoRegistro":null,"tipoAutorizacao":"REGISTRADO","ativa":false,"inativa":true,"emAnalise":false},{"codigo":1026059,"apresentacao":"2MG COM CT BL AL PLAS OPC X 7&nbsp;01&nbsp;31","formasFarmaceuticas":["Comprimido"],"numero":31,"tonalidade":null,"dataPublicacao":"2009-08-17T00:00:00.000-0300","validade":"24","tipoValidade":"2","registro":"1058306650311","principiosAtivos":["GLIMEPIRIDA"],"complemento":null,"embalagemPrimaria":{"tipo":"Blister de alumínio e plástico opaco","observacao":"BLISTER DE ALUMINIO/PLÁSTICO PVDC LAMINADO BRANCO LEITOSO"},"embalagemSecundaria":{"tipo":"CARTUCHO DE CARTOLINA","observacao":null},"embalagemSecundariaTodas":[{"tipo":"CARTUCHO DE CARTOLINA","observacao":null}],"envoltorios":[],"acessorios":[],"acondicionamento":null,"marcas":[],"fabricantesNacionais":[{"fabricante":"EMS S/A","cnpj":"57507378000365","pais":"BRASIL","uf":"SP","cidade":"HORTOLÂNDIA","etapaFabricacao":"Embalagem primária e secundária"},{"fabricante":"NOVAMED FABRICAÇÃO DE PRODUTOS FARMACEUTICOS LTDA","cnpj":"12424020000179","pais":"BRASIL","uf":"AM","cidade":"MANAUS","etapaFabricacao":"Processo produtivo até a embalagem primária"}],"fabricantesInternacionais":[],"viasAdministracao":["ORAL"],"ifaUnico":true,"conservacao":["CONSERVAR EM  TEMPERATURA AMBIENTE ( AMBIENTE COM TEMPERATURA ENTRE 15 E 30ºC)","PROTEGER DA LUZ E UMIDADE"],"restricaoPrescricao":["Venda sob Prescrição Médica"],"restricaoUso":["Adulto"],"destinacao":["Comercial"],"restricaoHospitais":"N","tarja":"Vermelha","medicamentoReferencia":"N","apresentacaoFracionada":"N","dataVencimentoRegistro":null,"tipoAutorizacao":"REGISTRADO","ativa":false,"inativa":true,"emAnalise":false},{"codigo":1026060,"apresentacao":"2MG COM CT BL AL PLAS OPC X 7&nbsp;01&nbsp;32","formasFarmaceuticas":["Comprimido"],"numero":32,"tonalidade":null,"dataPublicacao":"2009-08-17T00:00:00.000-0300","validade":"24","tipoValidade":"2","registro":"1058306650328","principiosAtivos":["GLIMEPIRIDA"],"complemento":null,"embalagemPrimaria":{"tipo":"Blister de alumínio e plástico opaco","observacao":"BLISTER DE ALUMINIO/PLÁSTICO PVDC LAMINADO BRANCO LEITOSO"},"embalagemSecundaria":{"tipo":"CARTUCHO DE CARTOLINA","observacao":null},"embalagemSecundariaTodas":[{"tipo":"CARTUCHO DE CARTOLINA","observacao":null}],"envoltorios":[],"acessorios":[],"acondicionamento":null,"marcas":[],"fabricantesNacionais":[{"fabricante":"EMS S/A","cnpj":"57507378000365","pais":"BRASIL","uf":"SP","cidade":"HORTOLÂNDIA","etapaFabricacao":"Embalagem primária e secundária"},{"fabricante":"NOVAMED FABRICAÇÃO DE PRODUTOS FARMACEUTICOS LTDA","cnpj":"12424020000179","pais":"BRASIL","uf":"AM","cidade":"MANAUS","etapaFabricacao":"Processo produtivo até a embalagem primária"}],"fabricantesInternacionais":[],"viasAdministracao":["ORAL"],"ifaUnico":true,"conservacao":["CONSERVAR EM  TEMPERATURA AMBIENTE ( AMBIENTE COM TEMPERATURA ENTRE 15 E 30ºC)","PROTEGER DA LUZ E UMIDADE"],"restricaoPrescricao":["Venda sob Prescrição Médica"],"restricaoUso":["Adulto"],"destinacao":["Comercial"],"restricaoHospitais":"N","tarja":"Vermelha","medicamentoReferencia":"N","apresentacaoFracionada":"N","dataVencimentoRegistro":null,"tipoAutorizacao":"REGISTRADO","ativa":false,"inativa":true,"emAnalise":false}],"rotulos":[],"anexoRotulos":[],"tipoAutorizacao":"REGISTRADO"}