{"codigoProduto":1142912,"tipoProduto":1,"dataProduto":"2017-01-09T00:00:00.000-0300","nomeComercial":"algestona acetofenida + enantato de estradiol","classesTerapeuticas":["ANTICONCEPCIONAIS"],"numeroRegistro":"105830865","dataVencimento":null,"mesAnoVencimento":"012027","codigoParecerPublico":null,"codigoBulaPaciente":"eyJhbGciOiJIUzUxMiJ9.eyJqdGkiOiIyMzIyMjgxMSIsIm5iZiI6MTcxOTQwNTg0NiwiZXhwIjoxNzE5NDA2MTQ2fQ.cJ8_8MgAKj51IreNmWnqkM8LuA_ugcGKTBvXgasB5Fd8z4Uvscr5-tPPf5K3GJ-A3KoYwwPr6PfXW4ry1TM0zw","codigoBulaProfissional":"eyJhbGciOiJIUzUxMiJ9.eyJqdGkiOiIyMzIyMjgxMiIsIm5iZiI6MTcxOTQwNTg0NiwiZXhwIjoxNzE5NDA2MTQ2fQ.HAvgNz_8ZYnkjB5qU1wJbpEq2tCs64qF6oinOuyIPpDyq3sGdZc8VHDRNZBfxWvoRR9Cm0JqJa2cIOiF4Vi8uw","dataVencimentoRegistro":"2027-01-01T00:00:00.000-0300","principioAtivo":"ALGESTONA ACETOFENIDA, ENANTATO DE ESTRADIOL","medicamentoReferencia":"PERLUTAN","categoriaRegulatoria":"Genérico","classeTerapeutica":null,"atc":null,"processosMedidaCautelar":[],"empresa":{"cnpj":"45992062000165","razaoSocial":"GERMED FARMACEUTICA LTDA","numeroAutorizacao":"1005833"},"processo":{"numero":"25351484731201612","situacao":29},"apresentacoes":[{"codigo":1689613,"apresentacao":"150 MG/ML + 10 MG/ML SOL INJ IM CT AMP VD AMB X 1 ML ","formasFarmaceuticas":["SOLUÇAO INJETAVEL"],"numero":1,"tonalidade":null,"dataPublicacao":"2017-01-09T00:00:00.000-0300","validade":"24","tipoValidade":"2","registro":"1058308650015","principiosAtivos":["ALGESTONA ACETOFENIDA","ENANTATO DE ESTRADIOL"],"complemento":null,"embalagemPrimaria":{"tipo":"AMPOLA DE VIDRO AMBAR","observacao":null},"embalagemSecundaria":{"tipo":"CARTUCHO DE CARTOLINA","observacao":null},"embalagemSecundariaTodas":[{"tipo":"CARTUCHO DE CARTOLINA","observacao":null}],"envoltorios":[],"acessorios":[],"acondicionamento":null,"marcas":[],"fabricantesNacionais":[{"fabricante":"EMS S/A","cnpj":"57507378000365","pais":"BRASIL","uf":"SP","cidade":"HORTOLÂNDIA","etapaFabricacao":null}],"fabricantesInternacionais":[],"viasAdministracao":["INTRAMUSCULAR"],"ifaUnico":false,"conservacao":["CONSERVAR EM  TEMPERATURA AMBIENTE ( AMBIENTE COM TEMPERATURA ENTRE 15 E 30ºC)","PROTEGER DA LUZ E UMIDADE"],"restricaoPrescricao":["Venda sob Prescrição Médica"],"restricaoUso":["Adulto"],"destinacao":["Comercial"],"restricaoHospitais":"N","tarja":"Vermelha","medicamentoReferencia":"N","apresentacaoFracionada":"N","dataVencimentoRegistro":null,"inativa":false,"emAnalise":false,"tipoAutorizacao":"REGISTRADO","ativa":true},{"codigo":1689614,"apresentacao":"150 MG/ML + 10 MG/ML SOL INJ IM CT 50 AMP VD AMB X 1 ML (EMB HOSP)","formasFarmaceuticas":["SOLUÇAO INJETAVEL"],"numero":2,"tonalidade":null,"dataPublicacao":"2017-01-09T00:00:00.000-0300","validade":"24","tipoValidade":"2","registro":"1058308650023","principiosAtivos":["ALGESTONA ACETOFENIDA","ENANTATO DE ESTRADIOL"],"complemento":null,"embalagemPrimaria":{"tipo":"AMPOLA DE VIDRO AMBAR","observacao":null},"embalagemSecundaria":{"tipo":"CARTUCHO DE CARTOLINA","observacao":null},"embalagemSecundariaTodas":[{"tipo":"CARTUCHO DE CARTOLINA","observacao":null}],"envoltorios":[],"acessorios":[],"acondicionamento":null,"marcas":[],"fabricantesNacionais":[{"fabricante":"EMS S/A","cnpj":"57507378000365","pais":"BRASIL","uf":"SP","cidade":"HORTOLÂNDIA","etapaFabricacao":null}],"fabricantesInternacionais":[],"viasAdministracao":["INTRAMUSCULAR"],"ifaUnico":false,"conservacao":["CONSERVAR EM  TEMPERATURA AMBIENTE ( AMBIENTE COM TEMPERATURA ENTRE 15 E 30ºC)","PROTEGER DA LUZ E UMIDADE"],"restricaoPrescricao":["Venda sob Prescrição Médica"],"restricaoUso":["Adulto"],"destinacao":["Hospitalar"],"restricaoHospitais":"N","tarja":"Vermelha","medicamentoReferencia":"N","apresentacaoFracionada":"N","dataVencimentoRegistro":null,"inativa":false,"emAnalise":false,"tipoAutorizacao":"REGISTRADO","ativa":true},{"codigo":1689615,"apresentacao":"150 MG/ML + 10 MG/ML SOL INJ IM CT 100 AMP VD AMB X 1 ML (EMB HOSP)","formasFarmaceuticas":["SOLUÇAO INJETAVEL"],"numero":3,"tonalidade":null,"dataPublicacao":"2017-01-09T00:00:00.000-0300","validade":"24","tipoValidade":"2","registro":"1058308650031","principiosAtivos":["ALGESTONA ACETOFENIDA","ENANTATO DE ESTRADIOL"],"complemento":null,"embalagemPrimaria":{"tipo":"AMPOLA DE VIDRO AMBAR","observacao":null},"embalagemSecundaria":{"tipo":"CARTUCHO DE CARTOLINA","observacao":null},"embalagemSecundariaTodas":[{"tipo":"CARTUCHO DE CARTOLINA","observacao":null}],"envoltorios":[],"acessorios":[],"acondicionamento":null,"marcas":[],"fabricantesNacionais":[{"fabricante":"EMS S/A","cnpj":"57507378000365","pais":"BRASIL","uf":"SP","cidade":"HORTOLÂNDIA","etapaFabricacao":null}],"fabricantesInternacionais":[],"viasAdministracao":["INTRAMUSCULAR"],"ifaUnico":false,"conservacao":["CONSERVAR EM  TEMPERATURA AMBIENTE ( AMBIENTE COM TEMPERATURA ENTRE 15 E 30ºC)","PROTEGER DA LUZ E UMIDADE"],"restricaoPrescricao":["Venda sob Prescrição Médica"],"restricaoUso":["Adulto"],"destinacao":["Hospitalar"],"restricaoHospitais":"N","tarja":"Vermelha","medicamentoReferencia":"N","apresentacaoFracionada":"N","dataVencimentoRegistro":null,"inativa":false,"emAnalise":false,"tipoAutorizacao":"REGISTRADO","ativa":true}],"rotulos":[],"anexoRotulos":[],"tipoAutorizacao":"REGISTRADO"}