{"codigoProduto":335732,"tipoProduto":1,"dataProduto":"2004-05-26T00:00:00.000-0300","nomeComercial":"PENTOXIFILINA","classesTerapeuticas":["VASODILATADORES"],"numeroRegistro":"105830346","dataVencimento":null,"mesAnoVencimento":"052019","codigoParecerPublico":null,"codigoBulaPaciente":null,"codigoBulaProfissional":null,"dataVencimentoRegistro":"2019-05-01T00:00:00.000-0300","principioAtivo":null,"medicamentoReferencia":"TRENTAL","categoriaRegulatoria":"Genérico","classeTerapeutica":null,"atc":null,"processosMedidaCautelar":[],"empresa":{"cnpj":"45992062000165","razaoSocial":"GERMED FARMACEUTICA LTDA","numeroAutorizacao":"1005833"},"processo":{"numero":"25351020934200360","situacao":29},"apresentacoes":[{"codigo":1310436,"apresentacao":"400 MG COM REV LIB PROLONG CT BL AL PLAS OPC X 20 ","formasFarmaceuticas":["COMPRIMIDO REVESTIDO"],"numero":4,"tonalidade":null,"dataPublicacao":"2004-05-26T00:00:00.000-0300","validade":"24","tipoValidade":"2","registro":null,"principiosAtivos":["PENTOXIFILINA"],"complemento":null,"embalagemPrimaria":{"tipo":"BLISTER DE ALUMINIO/PLASTICO OPACO","observacao":null},"embalagemSecundaria":{"tipo":"CARTUCHO DE CARTOLINA","observacao":null},"embalagemSecundariaTodas":[{"tipo":"CARTUCHO DE CARTOLINA","observacao":null}],"envoltorios":[],"acessorios":[],"acondicionamento":null,"marcas":[],"fabricantesNacionais":[{"fabricante":"EMS S/A","cnpj":"57507378000101","pais":"BRASIL","uf":"SP","cidade":"SÃO BERNARDO DO CAMPO","etapaFabricacao":null}],"fabricantesInternacionais":[],"viasAdministracao":["ORAL"],"ifaUnico":true,"conservacao":["CONSERVAR EM  TEMPERATURA AMBIENTE ( AMBIENTE COM TEMPERATURA ENTRE 15 E 30ºC)","PROTEGER DA LUZ E UMIDADE"],"restricaoPrescricao":["Venda sob Prescrição Médica"],"restricaoUso":[],"destinacao":["Comercial"],"restricaoHospitais":null,"tarja":null,"medicamentoReferencia":"N","apresentacaoFracionada":"N","dataVencimentoRegistro":null,"tipoAutorizacao":"REGISTRADO","ativa":false,"inativa":false,"emAnalise":true},{"codigo":1310437,"apresentacao":"400 MG COM REV LIB PROLONG CT BL AL PLAS OPC X 30","formasFarmaceuticas":["COMPRIMIDO REVESTIDO"],"numero":5,"tonalidade":null,"dataPublicacao":"2004-05-26T00:00:00.000-0300","validade":"24","tipoValidade":"2","registro":null,"principiosAtivos":["PENTOXIFILINA"],"complemento":null,"embalagemPrimaria":{"tipo":"BLISTER DE ALUMINIO/PLASTICO OPACO","observacao":null},"embalagemSecundaria":{"tipo":"CARTUCHO DE CARTOLINA","observacao":null},"embalagemSecundariaTodas":[{"tipo":"CARTUCHO DE CARTOLINA","observacao":null}],"envoltorios":[],"acessorios":[],"acondicionamento":null,"marcas":[],"fabricantesNacionais":[{"fabricante":"EMS S/A","cnpj":"57507378000101","pais":"BRASIL","uf":"SP","cidade":"SÃO BERNARDO DO CAMPO","etapaFabricacao":null}],"fabricantesInternacionais":[],"viasAdministracao":["ORAL"],"ifaUnico":true,"conservacao":["CONSERVAR EM  TEMPERATURA AMBIENTE ( AMBIENTE COM TEMPERATURA ENTRE 15 E 30ºC)","PROTEGER DA LUZ E UMIDADE"],"restricaoPrescricao":["Venda sob Prescrição Médica"],"restricaoUso":[],"destinacao":["Comercial"],"restricaoHospitais":null,"tarja":null,"medicamentoReferencia":"N","apresentacaoFracionada":"N","dataVencimentoRegistro":null,"tipoAutorizacao":"REGISTRADO","ativa":false,"inativa":false,"emAnalise":true},{"codigo":1310438,"apresentacao":"600 MG COM REV LIB PROLONG CT BL AL PLAS OPC X 20","formasFarmaceuticas":["COMPRIMIDO REVESTIDO"],"numero":6,"tonalidade":null,"dataPublicacao":"2004-05-26T00:00:00.000-0300","validade":"24","tipoValidade":"2","registro":null,"principiosAtivos":["PENTOXIFILINA"],"complemento":null,"embalagemPrimaria":{"tipo":"BLISTER DE ALUMINIO/PLASTICO OPACO","observacao":null},"embalagemSecundaria":{"tipo":"CARTUCHO DE CARTOLINA","observacao":null},"embalagemSecundariaTodas":[{"tipo":"CARTUCHO DE CARTOLINA","observacao":null}],"envoltorios":[],"acessorios":[],"acondicionamento":null,"marcas":[],"fabricantesNacionais":[{"fabricante":"EMS S/A","cnpj":"57507378000101","pais":"BRASIL","uf":"SP","cidade":"SÃO BERNARDO DO CAMPO","etapaFabricacao":null}],"fabricantesInternacionais":[],"viasAdministracao":["ORAL"],"ifaUnico":true,"conservacao":["CONSERVAR EM  TEMPERATURA AMBIENTE ( AMBIENTE COM TEMPERATURA ENTRE 15 E 30ºC)","PROTEGER DA LUZ E UMIDADE"],"restricaoPrescricao":["Venda sob Prescrição Médica"],"restricaoUso":[],"destinacao":["Comercial"],"restricaoHospitais":null,"tarja":null,"medicamentoReferencia":"N","apresentacaoFracionada":"N","dataVencimentoRegistro":null,"tipoAutorizacao":"REGISTRADO","ativa":false,"inativa":false,"emAnalise":true},{"codigo":384000,"apresentacao":"600 MG COM REV LIB PROLONG CT BL AL PLAS INC X 20","formasFarmaceuticas":["COMPRIMIDO REVESTIDO"],"numero":1,"tonalidade":null,"dataPublicacao":"2004-05-26T00:00:00.000-0300","validade":"24","tipoValidade":"2","registro":"1058303460013","principiosAtivos":["PENTOXIFILINA"],"complemento":null,"embalagemPrimaria":{"tipo":"BLISTER DE ALUMINIO/PLASTICO TRANSPARENTE","observacao":null},"embalagemSecundaria":{"tipo":"CARTUCHO DE CARTOLINA","observacao":null},"embalagemSecundariaTodas":[{"tipo":"CARTUCHO DE CARTOLINA","observacao":null}],"envoltorios":[],"acessorios":[],"acondicionamento":null,"marcas":[],"fabricantesNacionais":[{"fabricante":"EMS S/A","cnpj":"57507378000101","pais":"BRASIL","uf":"SP","cidade":"SÃO BERNARDO DO CAMPO","etapaFabricacao":null}],"fabricantesInternacionais":[],"viasAdministracao":["ORAL"],"ifaUnico":true,"conservacao":["CONSERVAR EM  TEMPERATURA AMBIENTE ( AMBIENTE COM TEMPERATURA ENTRE 15 E 30ºC)","PROTEGER DA LUZ E UMIDADE"],"restricaoPrescricao":["Venda sob Prescrição Médica"],"restricaoUso":[],"destinacao":["Comercial"],"restricaoHospitais":null,"tarja":null,"medicamentoReferencia":"N","apresentacaoFracionada":"N","dataVencimentoRegistro":null,"tipoAutorizacao":"REGISTRADO","ativa":false,"inativa":true,"emAnalise":false},{"codigo":384003,"apresentacao":"400 MG COM REV LIB PROLONG CT BL AL PLAS INC X 20","formasFarmaceuticas":["COMPRIMIDO REVESTIDO"],"numero":2,"tonalidade":null,"dataPublicacao":"2004-05-26T00:00:00.000-0300","validade":"24","tipoValidade":"2","registro":"1058303460021","principiosAtivos":["PENTOXIFILINA"],"complemento":null,"embalagemPrimaria":{"tipo":"BLISTER DE ALUMINIO/PLASTICO TRANSPARENTE","observacao":null},"embalagemSecundaria":{"tipo":"CARTUCHO DE CARTOLINA","observacao":null},"embalagemSecundariaTodas":[{"tipo":"CARTUCHO DE CARTOLINA","observacao":null}],"envoltorios":[],"acessorios":[],"acondicionamento":null,"marcas":[],"fabricantesNacionais":[{"fabricante":"EMS S/A","cnpj":"57507378000101","pais":"BRASIL","uf":"SP","cidade":"SÃO BERNARDO DO CAMPO","etapaFabricacao":null},{"fabricante":"NOVAMED FABRICAÇÃO DE PRODUTOS FARMACEUTICOS LTDA","cnpj":"12424020000179","pais":"BRASIL","uf":"AM","cidade":"MANAUS","etapaFabricacao":null}],"fabricantesInternacionais":[],"viasAdministracao":["ORAL"],"ifaUnico":true,"conservacao":["CONSERVAR EM  TEMPERATURA AMBIENTE ( AMBIENTE COM TEMPERATURA ENTRE 15 E 30ºC)","PROTEGER DA LUZ E UMIDADE"],"restricaoPrescricao":["Venda sob Prescrição Médica"],"restricaoUso":[],"destinacao":["Comercial"],"restricaoHospitais":null,"tarja":null,"medicamentoReferencia":"N","apresentacaoFracionada":"N","dataVencimentoRegistro":null,"tipoAutorizacao":"REGISTRADO","ativa":false,"inativa":true,"emAnalise":false},{"codigo":527970,"apresentacao":"400 MG COM REV LIB PROLONG CT BL AL PLAS INC X 30","formasFarmaceuticas":["COMPRIMIDO REVESTIDO"],"numero":3,"tonalidade":null,"dataPublicacao":"2004-05-26T00:00:00.000-0300","validade":"24","tipoValidade":"2","registro":"1058303460031","principiosAtivos":["PENTOXIFILINA"],"complemento":null,"embalagemPrimaria":{"tipo":"BLISTER DE ALUMINIO/PLASTICO TRANSPARENTE","observacao":null},"embalagemSecundaria":{"tipo":"CARTUCHO DE CARTOLINA","observacao":null},"embalagemSecundariaTodas":[{"tipo":"CARTUCHO DE CARTOLINA","observacao":null}],"envoltorios":[],"acessorios":[],"acondicionamento":null,"marcas":[],"fabricantesNacionais":[{"fabricante":"EMS S/A","cnpj":"57507378000101","pais":"BRASIL","uf":"SP","cidade":"SÃO BERNARDO DO CAMPO","etapaFabricacao":null},{"fabricante":"NOVAMED FABRICAÇÃO DE PRODUTOS FARMACEUTICOS LTDA","cnpj":"12424020000179","pais":"BRASIL","uf":"AM","cidade":"MANAUS","etapaFabricacao":null}],"fabricantesInternacionais":[],"viasAdministracao":["ORAL"],"ifaUnico":true,"conservacao":["CONSERVAR EM  TEMPERATURA AMBIENTE ( AMBIENTE COM TEMPERATURA ENTRE 15 E 30ºC)","PROTEGER DA LUZ E UMIDADE"],"restricaoPrescricao":["Venda sob Prescrição Médica"],"restricaoUso":[],"destinacao":["Comercial"],"restricaoHospitais":null,"tarja":null,"medicamentoReferencia":"N","apresentacaoFracionada":"N","dataVencimentoRegistro":null,"tipoAutorizacao":"REGISTRADO","ativa":false,"inativa":true,"emAnalise":false}],"rotulos":[],"anexoRotulos":[],"tipoAutorizacao":"REGISTRADO"}