{"codigoProduto":733044,"tipoProduto":1,"dataProduto":"2015-06-08T00:00:00.000-0300","nomeComercial":"oxaliplatina","classesTerapeuticas":["CITOSTATICOS ALQUILANTES"],"numeroRegistro":"106460204","dataVencimento":null,"mesAnoVencimento":"062025","codigoParecerPublico":null,"codigoBulaPaciente":"eyJhbGciOiJIUzUxMiJ9.eyJqdGkiOiIyMzkwNDM5MCIsIm5iZiI6MTcxOTQwNzE4MiwiZXhwIjoxNzE5NDA3NDgyfQ.32CP_M7GePl2H9liP90Ql2zQGXH0XUu9OICRGU5ysiFP4t1kPreLi0kW5vXExKhjHZiUTUvDPSTgUbbbg-z8Tw","codigoBulaProfissional":"eyJhbGciOiJIUzUxMiJ9.eyJqdGkiOiIyMzkwNDM5MiIsIm5iZiI6MTcxOTQwNzE4MiwiZXhwIjoxNzE5NDA3NDgyfQ.8zxNBVCianzkJrskRcjjn-gug9wa748A6pZE3nCHXwXs9Rt-YFzIi3EH743OXYQAR5Zy8oaNpZioOivSonmdpA","dataVencimentoRegistro":"2025-06-01T00:00:00.000-0300","principioAtivo":"OXALIPLATINA","medicamentoReferencia":"ELOXATIN","categoriaRegulatoria":"Genérico","classeTerapeutica":null,"atc":null,"processosMedidaCautelar":[],"empresa":{"cnpj":"61282661000141","razaoSocial":"LABORATÓRIO QUÍMICO FARMACÊUTICO BERGAMO LTDA","numeroAutorizacao":"1006461"},"processo":{"numero":"25351779139201028","situacao":29},"apresentacoes":[{"codigo":1602695,"apresentacao":"50 MG PO LIOF SOL INFUS IV CT FA VD TRANS","formasFarmaceuticas":["Pó Liofilizado para Solução para Infusão"],"numero":1,"tonalidade":null,"dataPublicacao":"2015-06-08T00:00:00.000-0300","validade":"24","tipoValidade":"2","registro":"1064602040010","principiosAtivos":["OXALIPLATINA"],"complemento":null,"embalagemPrimaria":{"tipo":"Frasco-ampola de vidro transparente ","observacao":"Frasco-ampola de vidro tipo III transparente, capacidade nominal 30 mL, capacidade total 38,5 mL, boca 20 mm + Tampa de borracha bromobutílica de 20 mm + Selo de alumínio 20 mm com pastilha plástica flip-off confeccionada em polipropileno (PP) na cor verde escuro."},"embalagemSecundaria":{"tipo":"CARTUCHO DE CARTOLINA","observacao":null},"embalagemSecundariaTodas":[{"tipo":"CARTUCHO DE CARTOLINA","observacao":null}],"envoltorios":[],"acessorios":[],"acondicionamento":null,"marcas":[],"fabricantesNacionais":[{"fabricante":"LABORATÓRIO QUÍMICO FARMACÊUTICO BERGAMO LTDA","cnpj":"61282661000141","pais":"BRASIL","uf":"SP","cidade":"TABOÃO DA SERRA","etapaFabricacao":"Processo produtivo completo "}],"fabricantesInternacionais":[],"viasAdministracao":["ENDOVENOSA/INTRAVENOSA"],"ifaUnico":true,"conservacao":["CONSERVAR EM  TEMPERATURA AMBIENTE ( AMBIENTE COM TEMPERATURA ENTRE 15 E 30ºC)"],"restricaoPrescricao":["Venda sob Prescrição Médica"],"restricaoUso":["Adulto"],"destinacao":["Hospitalar"],"restricaoHospitais":"S","tarja":"Vermelha","medicamentoReferencia":"N","apresentacaoFracionada":"N","dataVencimentoRegistro":null,"tipoAutorizacao":"REGISTRADO","ativa":true,"inativa":false,"emAnalise":false},{"codigo":1602697,"apresentacao":"50 MG PO LIOF SOL INJFUS IV CT 10 FA VD TRANS","formasFarmaceuticas":["Pó Liofilizado para Solução para Infusão"],"numero":2,"tonalidade":null,"dataPublicacao":"2015-06-08T00:00:00.000-0300","validade":"24","tipoValidade":"2","registro":"1064602040029","principiosAtivos":["OXALIPLATINA"],"complemento":null,"embalagemPrimaria":{"tipo":"Frasco-ampola de vidro transparente ","observacao":"Frasco-ampola de vidro tipo III transparente, capacidade nominal 30 mL, capacidade total 38,5 mL, boca 20 mm + Tampa de borracha bromobutílica de 20 mm + Selo de alumínio 20 mm com pastilha plástica flip-off confeccionada em polipropileno (PP) na cor verde escuro."},"embalagemSecundaria":{"tipo":"CARTUCHO DE CARTOLINA","observacao":null},"embalagemSecundariaTodas":[{"tipo":"CARTUCHO DE CARTOLINA","observacao":null}],"envoltorios":[],"acessorios":[],"acondicionamento":null,"marcas":[],"fabricantesNacionais":[{"fabricante":"LABORATÓRIO QUÍMICO FARMACÊUTICO BERGAMO LTDA","cnpj":"61282661000141","pais":"BRASIL","uf":"SP","cidade":"TABOÃO DA SERRA","etapaFabricacao":"Processo produtivo completo "}],"fabricantesInternacionais":[],"viasAdministracao":["ENDOVENOSA/INTRAVENOSA"],"ifaUnico":true,"conservacao":["CONSERVAR EM  TEMPERATURA AMBIENTE ( AMBIENTE COM TEMPERATURA ENTRE 15 E 30ºC)"],"restricaoPrescricao":["Venda sob Prescrição Médica"],"restricaoUso":["Adulto"],"destinacao":["Hospitalar"],"restricaoHospitais":"S","tarja":"Vermelha","medicamentoReferencia":"N","apresentacaoFracionada":"N","dataVencimentoRegistro":null,"tipoAutorizacao":"REGISTRADO","ativa":true,"inativa":false,"emAnalise":false},{"codigo":1602698,"apresentacao":"100 MG PO LIOF SOL INFUS IV CT FA VD TRANS","formasFarmaceuticas":["Pó Liofilizado para Solução para Infusão"],"numero":3,"tonalidade":null,"dataPublicacao":"2015-06-08T00:00:00.000-0300","validade":"24","tipoValidade":"2","registro":"1064602040037","principiosAtivos":["OXALIPLATINA"],"complemento":null,"embalagemPrimaria":{"tipo":"Frasco-ampola de vidro transparente ","observacao":"Frasco-ampola de vidro tipo III transparente, capacidade nominal 50 mL, boca 20 mm + Tampa de borracha bromobutílica de 20 mm + Selo de alumínio 20 mm com pastilha plástica flip-off confeccionada em polipropileno (PP) na cor azul escuro."},"embalagemSecundaria":{"tipo":"CARTUCHO DE CARTOLINA","observacao":null},"embalagemSecundariaTodas":[{"tipo":"CARTUCHO DE CARTOLINA","observacao":null}],"envoltorios":[],"acessorios":[],"acondicionamento":null,"marcas":[],"fabricantesNacionais":[{"fabricante":"LABORATÓRIO QUÍMICO FARMACÊUTICO BERGAMO LTDA","cnpj":"61282661000141","pais":"BRASIL","uf":"SP","cidade":"TABOÃO DA SERRA","etapaFabricacao":"Processo produtivo completo "}],"fabricantesInternacionais":[],"viasAdministracao":["ENDOVENOSA/INTRAVENOSA"],"ifaUnico":true,"conservacao":["CONSERVAR EM  TEMPERATURA AMBIENTE ( AMBIENTE COM TEMPERATURA ENTRE 15 E 30ºC)"],"restricaoPrescricao":["Venda sob Prescrição Médica"],"restricaoUso":["Adulto"],"destinacao":["Hospitalar"],"restricaoHospitais":"S","tarja":"Vermelha","medicamentoReferencia":"N","apresentacaoFracionada":"N","dataVencimentoRegistro":null,"tipoAutorizacao":"REGISTRADO","ativa":true,"inativa":false,"emAnalise":false},{"codigo":1602699,"apresentacao":"100 MG PO LIOF SOL INFUS IV CT 10 FA VD TRANS","formasFarmaceuticas":["Pó Liofilizado para Solução para Infusão"],"numero":4,"tonalidade":null,"dataPublicacao":"2015-06-08T00:00:00.000-0300","validade":"24","tipoValidade":"2","registro":"1064602040045","principiosAtivos":["OXALIPLATINA"],"complemento":null,"embalagemPrimaria":{"tipo":"Frasco-ampola de vidro transparente ","observacao":"Frasco-ampola de vidro tipo III transparente, capacidade nominal 50 mL, boca 20 mm + Tampa de borracha bromobutílica de 20 mm + Selo de alumínio 20 mm com pastilha plástica flip-off confeccionada em polipropileno (PP) na cor azul escuro."},"embalagemSecundaria":{"tipo":"CARTUCHO DE CARTOLINA","observacao":null},"embalagemSecundariaTodas":[{"tipo":"CARTUCHO DE CARTOLINA","observacao":null}],"envoltorios":[],"acessorios":[],"acondicionamento":null,"marcas":[],"fabricantesNacionais":[{"fabricante":"LABORATÓRIO QUÍMICO FARMACÊUTICO BERGAMO LTDA","cnpj":"61282661000141","pais":"BRASIL","uf":"SP","cidade":"TABOÃO DA SERRA","etapaFabricacao":"Processo produtivo completo "}],"fabricantesInternacionais":[],"viasAdministracao":["ENDOVENOSA/INTRAVENOSA"],"ifaUnico":true,"conservacao":["CONSERVAR EM  TEMPERATURA AMBIENTE ( AMBIENTE COM TEMPERATURA ENTRE 15 E 30ºC)"],"restricaoPrescricao":["Venda sob Prescrição Médica"],"restricaoUso":["Adulto"],"destinacao":["Hospitalar"],"restricaoHospitais":"S","tarja":"Vermelha","medicamentoReferencia":"N","apresentacaoFracionada":"N","dataVencimentoRegistro":null,"tipoAutorizacao":"REGISTRADO","ativa":true,"inativa":false,"emAnalise":false}],"rotulos":[],"anexoRotulos":[],"tipoAutorizacao":"REGISTRADO"}