{"codigoProduto":843,"tipoProduto":1,"dataProduto":"2001-04-06T00:00:00.000-0300","nomeComercial":"COMBACTAN","classesTerapeuticas":["PENICILINAS PENICILINASE-RESISTENTES"],"numeroRegistro":"106460150","dataVencimento":null,"mesAnoVencimento":"042016","codigoParecerPublico":null,"codigoBulaPaciente":null,"codigoBulaProfissional":null,"dataVencimentoRegistro":"2016-04-01T00:00:00.000-0300","principioAtivo":null,"medicamentoReferencia":null,"categoriaRegulatoria":"Similar","classeTerapeutica":null,"atc":null,"processosMedidaCautelar":[],"empresa":{"cnpj":"61282661000141","razaoSocial":"LABORATÓRIO QUÍMICO FARMACÊUTICO BERGAMO LTDA","numeroAutorizacao":"1006461"},"processo":{"numero":"250000215159518","situacao":29},"apresentacoes":[{"codigo":2922,"apresentacao":"250 / 125 MG PO INJ CT 20 FA VD INC + 20 DIL X 5 ML","formasFarmaceuticas":["PO INJETAVEL + SOLUCAO DILUENTE"],"numero":1,"tonalidade":null,"dataPublicacao":"2001-04-06T00:00:00.000-0300","validade":"24","tipoValidade":"2","registro":"1064601500018","principiosAtivos":["AMPICILINA SÓDICA","SULBACTAM SÓDICo"],"complemento":null,"embalagemPrimaria":{"tipo":"FRASCO-AMPOLA DE VIDRO TRANSPARENTE","observacao":null},"embalagemSecundaria":{"tipo":"CARTUCHO DE CARTOLINA","observacao":null},"embalagemSecundariaTodas":[{"tipo":"CARTUCHO DE CARTOLINA","observacao":null}],"envoltorios":[],"acessorios":[],"acondicionamento":null,"marcas":[],"fabricantesNacionais":[{"fabricante":"LABORATÓRIO QUÍMICO FARMACÊUTICO BERGAMO LTDA","cnpj":"61282661000141","pais":"BRASIL","uf":"SP","cidade":"TABOÃO DA SERRA","etapaFabricacao":null}],"fabricantesInternacionais":[],"viasAdministracao":["INTRAMUSCULAR/INTRAVENOSO"],"ifaUnico":false,"conservacao":["CONSERVAR EM  TEMPERATURA AMBIENTE ( AMBIENTE COM TEMPERATURA ENTRE 15 E 30ºC)"],"restricaoPrescricao":["Venda sob Prescrição Médica"],"restricaoUso":[],"destinacao":["Comercial"],"restricaoHospitais":null,"tarja":null,"medicamentoReferencia":"N","apresentacaoFracionada":"N","dataVencimentoRegistro":null,"tipoAutorizacao":"REGISTRADO","ativa":false,"inativa":true,"emAnalise":false},{"codigo":2924,"apresentacao":"500 / 250 MG PO INJ CT 5 FA VD INC + 5 DIL X 5 ML","formasFarmaceuticas":["PO INJETAVEL + SOLUCAO DILUENTE"],"numero":2,"tonalidade":null,"dataPublicacao":"2001-04-06T00:00:00.000-0300","validade":"24","tipoValidade":"2","registro":"1064601500026","principiosAtivos":["AMPICILINA SÓDICA","SULBACTAM SÓDICo"],"complemento":null,"embalagemPrimaria":{"tipo":"FRASCO-AMPOLA DE VIDRO TRANSPARENTE","observacao":null},"embalagemSecundaria":{"tipo":"CARTUCHO DE CARTOLINA","observacao":null},"embalagemSecundariaTodas":[{"tipo":"CARTUCHO DE CARTOLINA","observacao":null}],"envoltorios":[],"acessorios":[],"acondicionamento":null,"marcas":[],"fabricantesNacionais":[{"fabricante":"LABORATÓRIO QUÍMICO FARMACÊUTICO BERGAMO LTDA","cnpj":"61282661000141","pais":"BRASIL","uf":"SP","cidade":"TABOÃO DA SERRA","etapaFabricacao":null}],"fabricantesInternacionais":[],"viasAdministracao":["INTRAMUSCULAR/INTRAVENOSO"],"ifaUnico":false,"conservacao":["CONSERVAR EM  TEMPERATURA AMBIENTE ( AMBIENTE COM TEMPERATURA ENTRE 15 E 30ºC)"],"restricaoPrescricao":["Venda sob Prescrição Médica"],"restricaoUso":[],"destinacao":["Comercial"],"restricaoHospitais":null,"tarja":null,"medicamentoReferencia":"N","apresentacaoFracionada":"N","dataVencimentoRegistro":null,"tipoAutorizacao":"REGISTRADO","ativa":false,"inativa":true,"emAnalise":false},{"codigo":2923,"apresentacao":"500 / 250 MG PO INJ CT 20 FA VD INC + 20 DIL X 5 ML","formasFarmaceuticas":["PO INJETAVEL + SOLUCAO DILUENTE"],"numero":3,"tonalidade":null,"dataPublicacao":"2001-04-06T00:00:00.000-0300","validade":"24","tipoValidade":"2","registro":"1064601500034","principiosAtivos":["AMPICILINA SÓDICA","SULBACTAM SÓDICo"],"complemento":null,"embalagemPrimaria":{"tipo":"FRASCO-AMPOLA DE VIDRO TRANSPARENTE","observacao":null},"embalagemSecundaria":{"tipo":"CARTUCHO DE CARTOLINA","observacao":null},"embalagemSecundariaTodas":[{"tipo":"CARTUCHO DE CARTOLINA","observacao":null}],"envoltorios":[],"acessorios":[],"acondicionamento":null,"marcas":[],"fabricantesNacionais":[{"fabricante":"LABORATÓRIO QUÍMICO FARMACÊUTICO BERGAMO LTDA","cnpj":"61282661000141","pais":"BRASIL","uf":"SP","cidade":"TABOÃO DA SERRA","etapaFabricacao":null}],"fabricantesInternacionais":[],"viasAdministracao":["INTRAMUSCULAR/INTRAVENOSO"],"ifaUnico":false,"conservacao":["CONSERVAR EM  TEMPERATURA AMBIENTE ( AMBIENTE COM TEMPERATURA ENTRE 15 E 30ºC)"],"restricaoPrescricao":["Venda sob Prescrição Médica"],"restricaoUso":[],"destinacao":["Comercial"],"restricaoHospitais":null,"tarja":null,"medicamentoReferencia":"N","apresentacaoFracionada":"N","dataVencimentoRegistro":null,"tipoAutorizacao":"REGISTRADO","ativa":false,"inativa":true,"emAnalise":false},{"codigo":2920,"apresentacao":"1000 MG + 500 MG PO INJ CT 5 FA VD INC + 5 AMP VD INC DIL X 10 ML","formasFarmaceuticas":["PO INJETAVEL + SOLUCAO DILUENTE"],"numero":4,"tonalidade":null,"dataPublicacao":"2001-04-06T00:00:00.000-0300","validade":"24","tipoValidade":"2","registro":"1064601500042","principiosAtivos":["AMPICILINA SÓDICA","SULBACTAM SÓDICo"],"complemento":null,"embalagemPrimaria":{"tipo":"FRASCO-AMPOLA DE VIDRO TRANSPARENTE","observacao":null},"embalagemSecundaria":{"tipo":"CARTUCHO DE CARTOLINA","observacao":null},"embalagemSecundariaTodas":[{"tipo":"CARTUCHO DE CARTOLINA","observacao":null}],"envoltorios":[],"acessorios":[],"acondicionamento":null,"marcas":[],"fabricantesNacionais":[{"fabricante":"Eurofarma Labroratórios Ltda.","cnpj":"61190096000516","pais":"BRASIL","uf":"SP","cidade":"SÃO PAULO","etapaFabricacao":null},{"fabricante":"HIPOLABOR FARMACEUTICA LTDA","cnpj":"19570720000110","pais":"BRASIL","uf":"MG","cidade":"SABARÁ","etapaFabricacao":null}],"fabricantesInternacionais":[],"viasAdministracao":["INTRAMUSCULAR/INTRAVENOSO"],"ifaUnico":false,"conservacao":["CONSERVAR EM  TEMPERATURA AMBIENTE ( AMBIENTE COM TEMPERATURA ENTRE 15 E 30ºC)"],"restricaoPrescricao":["Venda sob Prescrição Médica"],"restricaoUso":[],"destinacao":["Comercial"],"restricaoHospitais":null,"tarja":null,"medicamentoReferencia":"N","apresentacaoFracionada":"N","dataVencimentoRegistro":null,"tipoAutorizacao":"REGISTRADO","ativa":false,"inativa":true,"emAnalise":false},{"codigo":2919,"apresentacao":"1000 MG + 500 MG PO INJ CT 20 FA VD INC + 20 AMP VD INC DIL X 10 ML","formasFarmaceuticas":["PO INJETAVEL + SOLUCAO DILUENTE"],"numero":5,"tonalidade":null,"dataPublicacao":"2001-06-04T00:00:00.000-0300","validade":"24","tipoValidade":"2","registro":"1064601500050","principiosAtivos":["AMPICILINA SÓDICA","SULBACTAM SÓDICo"],"complemento":null,"embalagemPrimaria":{"tipo":"FRASCO-AMPOLA DE VIDRO TRANSPARENTE","observacao":null},"embalagemSecundaria":{"tipo":"CARTUCHO DE CARTOLINA","observacao":null},"embalagemSecundariaTodas":[{"tipo":"CARTUCHO DE CARTOLINA","observacao":null}],"envoltorios":[],"acessorios":[],"acondicionamento":null,"marcas":[],"fabricantesNacionais":[{"fabricante":"Eurofarma Labroratórios Ltda.","cnpj":"61190096000516","pais":"BRASIL","uf":"SP","cidade":"SÃO PAULO","etapaFabricacao":null},{"fabricante":"HIPOLABOR FARMACEUTICA LTDA","cnpj":"19570720000110","pais":"BRASIL","uf":"MG","cidade":"SABARÁ","etapaFabricacao":null}],"fabricantesInternacionais":[],"viasAdministracao":["INTRAMUSCULAR/INTRAVENOSO"],"ifaUnico":false,"conservacao":["CONSERVAR EM  TEMPERATURA AMBIENTE ( AMBIENTE COM TEMPERATURA ENTRE 15 E 30ºC)"],"restricaoPrescricao":["Venda sob Prescrição Médica"],"restricaoUso":[],"destinacao":["Comercial"],"restricaoHospitais":null,"tarja":null,"medicamentoReferencia":"N","apresentacaoFracionada":"N","dataVencimentoRegistro":null,"tipoAutorizacao":"REGISTRADO","ativa":false,"inativa":true,"emAnalise":false},{"codigo":2921,"apresentacao":"2000 MG + 1000 MG PO INJ CT 20 FA VD INC + 20 AMP VD INC DIL X 10 ML","formasFarmaceuticas":["PO INJETAVEL + SOLUCAO DILUENTE"],"numero":6,"tonalidade":null,"dataPublicacao":"2001-04-06T00:00:00.000-0300","validade":"24","tipoValidade":"2","registro":"1064601500069","principiosAtivos":["AMPICILINA SÓDICA","SULBACTAM SÓDICo"],"complemento":null,"embalagemPrimaria":{"tipo":"FRASCO-AMPOLA DE VIDRO TRANSPARENTE","observacao":null},"embalagemSecundaria":{"tipo":"CARTUCHO DE CARTOLINA","observacao":null},"embalagemSecundariaTodas":[{"tipo":"CARTUCHO DE CARTOLINA","observacao":null}],"envoltorios":[],"acessorios":[],"acondicionamento":null,"marcas":[],"fabricantesNacionais":[{"fabricante":"Eurofarma Labroratórios Ltda.","cnpj":"61190096000516","pais":"BRASIL","uf":"SP","cidade":"SÃO PAULO","etapaFabricacao":null},{"fabricante":"HIPOLABOR FARMACEUTICA LTDA","cnpj":"19570720000110","pais":"BRASIL","uf":"MG","cidade":"SABARÁ","etapaFabricacao":null}],"fabricantesInternacionais":[],"viasAdministracao":["INTRAMUSCULAR/INTRAVENOSO"],"ifaUnico":false,"conservacao":["CONSERVAR EM  TEMPERATURA AMBIENTE ( AMBIENTE COM TEMPERATURA ENTRE 15 E 30ºC)"],"restricaoPrescricao":["Venda sob Prescrição Médica"],"restricaoUso":[],"destinacao":["Comercial"],"restricaoHospitais":null,"tarja":null,"medicamentoReferencia":"N","apresentacaoFracionada":"N","dataVencimentoRegistro":null,"tipoAutorizacao":"REGISTRADO","ativa":false,"inativa":true,"emAnalise":false}],"rotulos":[],"anexoRotulos":[],"tipoAutorizacao":"REGISTRADO"}