{"codigoProduto":697017,"tipoProduto":1,"dataProduto":"2011-08-30T00:00:00.000-0300","nomeComercial":"CICLOPIROX","classesTerapeuticas":["ANTIMICOTICOS PARA USO TOPICO"],"numeroRegistro":"106460185","dataVencimento":null,"mesAnoVencimento":"082016","codigoParecerPublico":null,"codigoBulaPaciente":null,"codigoBulaProfissional":null,"dataVencimentoRegistro":"2016-08-01T00:00:00.000-0300","principioAtivo":null,"medicamentoReferencia":"LOPROX NL","categoriaRegulatoria":"Genérico","classeTerapeutica":null,"atc":null,"processosMedidaCautelar":[],"empresa":{"cnpj":"61282661000141","razaoSocial":"LABORATÓRIO QUÍMICO FARMACÊUTICO BERGAMO LTDA","numeroAutorizacao":"1006461"},"processo":{"numero":"25351327920201055","situacao":29},"apresentacoes":[{"codigo":1196927,"apresentacao":"80 MG/G ESMALT UNHA CT FR VD INC  PINCEL X 3 G + 30 LENÇOS ALC ISOP + 14 LIXAS + 30 ADESIVOS ","formasFarmaceuticas":["ESMALTE DE UNHA"],"numero":1,"tonalidade":null,"dataPublicacao":"2011-08-30T00:00:00.000-0300","validade":"24","tipoValidade":"2","registro":"1064601850019","principiosAtivos":["CICLOPIROX"],"complemento":null,"embalagemPrimaria":{"tipo":"FRASCO DE VIDRO INCOLOR","observacao":null},"embalagemSecundaria":{"tipo":"CARTUCHO DE CARTOLINA","observacao":null},"embalagemSecundariaTodas":[{"tipo":"CARTUCHO DE CARTOLINA","observacao":null}],"envoltorios":[],"acessorios":[],"acondicionamento":null,"marcas":[],"fabricantesNacionais":[{"fabricante":"LABORATÓRIO QUÍMICO FARMACÊUTICO BERGAMO LTDA","cnpj":"61282661000141","pais":"BRASIL","uf":"SP","cidade":"TABOÃO DA SERRA","etapaFabricacao":null}],"fabricantesInternacionais":[],"viasAdministracao":["DÉRMICA ( Aplicação Tópica )"],"ifaUnico":true,"conservacao":["CONSERVAR EM  TEMPERATURA AMBIENTE ( AMBIENTE COM TEMPERATURA ENTRE 15 E 30ºC)"],"restricaoPrescricao":["Venda sob Prescrição Médica"],"restricaoUso":[],"destinacao":["Comercial"],"restricaoHospitais":null,"tarja":null,"medicamentoReferencia":"N","apresentacaoFracionada":"N","dataVencimentoRegistro":null,"tipoAutorizacao":"REGISTRADO","ativa":false,"inativa":true,"emAnalise":false},{"codigo":1197035,"apresentacao":"80 MG/G ESMALT UNHA CT FR VD INC  PINCEL X 3 G + 30 LENÇOS ALC ISOP + 14 LIXAS","formasFarmaceuticas":["ESMALTE DE UNHA"],"numero":2,"tonalidade":null,"dataPublicacao":"2011-08-30T00:00:00.000-0300","validade":"24","tipoValidade":"2","registro":"1064601850027","principiosAtivos":["CICLOPIROX"],"complemento":null,"embalagemPrimaria":{"tipo":"FRASCO DE VIDRO INCOLOR","observacao":null},"embalagemSecundaria":{"tipo":"CARTUCHO DE CARTOLINA","observacao":null},"embalagemSecundariaTodas":[{"tipo":"CARTUCHO DE CARTOLINA","observacao":null}],"envoltorios":[],"acessorios":[],"acondicionamento":null,"marcas":[],"fabricantesNacionais":[],"fabricantesInternacionais":[],"viasAdministracao":["DÉRMICA ( Aplicação Tópica )"],"ifaUnico":true,"conservacao":["CONSERVAR EM  TEMPERATURA AMBIENTE ( AMBIENTE COM TEMPERATURA ENTRE 15 E 30ºC)"],"restricaoPrescricao":["Venda sob Prescrição Médica"],"restricaoUso":[],"destinacao":["Comercial"],"restricaoHospitais":null,"tarja":null,"medicamentoReferencia":"N","apresentacaoFracionada":"N","dataVencimentoRegistro":null,"tipoAutorizacao":"REGISTRADO","ativa":false,"inativa":true,"emAnalise":false}],"rotulos":[],"anexoRotulos":[],"tipoAutorizacao":"REGISTRADO"}