{"codigoProduto":1718,"tipoProduto":1,"dataProduto":"1998-01-21T00:00:00.000-0300","nomeComercial":"GLICOCEF","classesTerapeuticas":["CEFALOSPORINAS"],"numeroRegistro":"106460124","dataVencimento":null,"mesAnoVencimento":"012008","codigoParecerPublico":null,"codigoBulaPaciente":null,"codigoBulaProfissional":null,"dataVencimentoRegistro":"2008-01-01T00:00:00.000-0300","principioAtivo":null,"medicamentoReferencia":null,"categoriaRegulatoria":"Similar","classeTerapeutica":null,"atc":null,"processosMedidaCautelar":[],"empresa":{"cnpj":"61282661000141","razaoSocial":"LABORATÓRIO QUÍMICO FARMACÊUTICO BERGAMO LTDA","numeroAutorizacao":"1006461"},"processo":{"numero":"250000215149555","situacao":29},"apresentacoes":[{"codigo":6404,"apresentacao":"250 MG PO INJ IM CT FA VD AMB +  DIL X 2 ML","formasFarmaceuticas":["PO INJETAVEL + SOLUCAO DILUENTE"],"numero":1,"tonalidade":null,"dataPublicacao":"2001-04-04T00:00:00.000-0300","validade":"24","tipoValidade":"2","registro":"1064601240016","principiosAtivos":["CEFTRIAXONA DISSÓDICA HEMIEPTAIDRATADA"],"complemento":null,"embalagemPrimaria":{"tipo":"FRASCO-AMPOLA DE VIDRO AMBAR","observacao":null},"embalagemSecundaria":{"tipo":"CARTUCHO DE CARTOLINA","observacao":null},"embalagemSecundariaTodas":[{"tipo":"CARTUCHO DE CARTOLINA","observacao":null}],"envoltorios":[],"acessorios":[],"acondicionamento":null,"marcas":[],"fabricantesNacionais":[],"fabricantesInternacionais":[],"viasAdministracao":["INTRAMUSCULAR"],"ifaUnico":true,"conservacao":["INDICADO NO TEXTO DE ROTULAGEM"],"restricaoPrescricao":["Venda sob Prescrição Médica"],"restricaoUso":[],"destinacao":["Comercial"],"restricaoHospitais":null,"tarja":null,"medicamentoReferencia":"N","apresentacaoFracionada":"N","dataVencimentoRegistro":null,"tipoAutorizacao":"REGISTRADO","ativa":false,"inativa":true,"emAnalise":false},{"codigo":6403,"apresentacao":"250 MG PO INJ IM CT 50 FA  VD AMB + 50 AMP DIL X 2 ML","formasFarmaceuticas":["PO INJETAVEL + SOLUCAO DILUENTE"],"numero":2,"tonalidade":null,"dataPublicacao":"2001-04-04T00:00:00.000-0300","validade":"24","tipoValidade":"2","registro":"1064601240024","principiosAtivos":["CEFTRIAXONA DISSÓDICA HEMIEPTAIDRATADA"],"complemento":null,"embalagemPrimaria":{"tipo":"FRASCO-AMPOLA DE VIDRO AMBAR","observacao":null},"embalagemSecundaria":{"tipo":"CARTUCHO DE CARTOLINA","observacao":null},"embalagemSecundariaTodas":[{"tipo":"CARTUCHO DE CARTOLINA","observacao":null}],"envoltorios":[],"acessorios":[],"acondicionamento":null,"marcas":[],"fabricantesNacionais":[],"fabricantesInternacionais":[],"viasAdministracao":["INTRAMUSCULAR"],"ifaUnico":true,"conservacao":["INDICADO NO TEXTO DE ROTULAGEM"],"restricaoPrescricao":["Venda sob Prescrição Médica"],"restricaoUso":[],"destinacao":["Comercial"],"restricaoHospitais":null,"tarja":null,"medicamentoReferencia":"N","apresentacaoFracionada":"N","dataVencimentoRegistro":null,"tipoAutorizacao":"REGISTRADO","ativa":false,"inativa":true,"emAnalise":false},{"codigo":6407,"apresentacao":"500 MG PO INJ IM CT FA VD AMB +  AMP DIL X 2 ML","formasFarmaceuticas":["PO INJETAVEL + SOLUCAO DILUENTE"],"numero":3,"tonalidade":null,"dataPublicacao":"2001-04-04T00:00:00.000-0300","validade":"24","tipoValidade":"2","registro":"1064601240032","principiosAtivos":["CEFTRIAXONA DISSÓDICA HEMIEPTAIDRATADA"],"complemento":null,"embalagemPrimaria":{"tipo":"FRASCO-AMPOLA DE VIDRO AMBAR","observacao":null},"embalagemSecundaria":{"tipo":"CARTUCHO DE CARTOLINA","observacao":null},"embalagemSecundariaTodas":[{"tipo":"CARTUCHO DE CARTOLINA","observacao":null}],"envoltorios":[],"acessorios":[],"acondicionamento":null,"marcas":[],"fabricantesNacionais":[],"fabricantesInternacionais":[],"viasAdministracao":["INTRAMUSCULAR"],"ifaUnico":true,"conservacao":["INDICADO NO TEXTO DE ROTULAGEM"],"restricaoPrescricao":["Venda sob Prescrição Médica"],"restricaoUso":[],"destinacao":["Comercial"],"restricaoHospitais":null,"tarja":null,"medicamentoReferencia":"N","apresentacaoFracionada":"N","dataVencimentoRegistro":null,"tipoAutorizacao":"REGISTRADO","ativa":false,"inativa":true,"emAnalise":false},{"codigo":6406,"apresentacao":"500 MG PO INJ IM CT 50 FA VD AMB + 50 AMP DIL X 2 ML","formasFarmaceuticas":["PO INJETAVEL + SOLUCAO DILUENTE"],"numero":4,"tonalidade":null,"dataPublicacao":"2001-04-04T00:00:00.000-0300","validade":"24","tipoValidade":"2","registro":"1064601240040","principiosAtivos":["CEFTRIAXONA DISSÓDICA HEMIEPTAIDRATADA"],"complemento":null,"embalagemPrimaria":{"tipo":"FRASCO-AMPOLA DE VIDRO AMBAR","observacao":null},"embalagemSecundaria":{"tipo":"CARTUCHO DE CARTOLINA","observacao":null},"embalagemSecundariaTodas":[{"tipo":"CARTUCHO DE CARTOLINA","observacao":null}],"envoltorios":[],"acessorios":[],"acondicionamento":null,"marcas":[],"fabricantesNacionais":[],"fabricantesInternacionais":[],"viasAdministracao":["INTRAMUSCULAR"],"ifaUnico":true,"conservacao":["INDICADO NO TEXTO DE ROTULAGEM"],"restricaoPrescricao":["Venda sob Prescrição Médica"],"restricaoUso":[],"destinacao":["Comercial"],"restricaoHospitais":null,"tarja":null,"medicamentoReferencia":"N","apresentacaoFracionada":"N","dataVencimentoRegistro":null,"tipoAutorizacao":"REGISTRADO","ativa":false,"inativa":true,"emAnalise":false},{"codigo":6400,"apresentacao":"1 G PO INJ IM CT FA VD AMB + AMP DIL X 3,5 ML","formasFarmaceuticas":["PO INJETAVEL + SOLUCAO DILUENTE"],"numero":5,"tonalidade":null,"dataPublicacao":"2001-04-04T00:00:00.000-0300","validade":"24","tipoValidade":"2","registro":"1064601240059","principiosAtivos":["CEFTRIAXONA DISSÓDICA HEMIEPTAIDRATADA"],"complemento":null,"embalagemPrimaria":{"tipo":"FRASCO-AMPOLA DE VIDRO AMBAR","observacao":null},"embalagemSecundaria":{"tipo":"CARTUCHO DE CARTOLINA","observacao":null},"embalagemSecundariaTodas":[{"tipo":"CARTUCHO DE CARTOLINA","observacao":null}],"envoltorios":[],"acessorios":[],"acondicionamento":null,"marcas":[],"fabricantesNacionais":[],"fabricantesInternacionais":[],"viasAdministracao":["INTRAMUSCULAR"],"ifaUnico":true,"conservacao":["INDICADO NO TEXTO DE ROTULAGEM"],"restricaoPrescricao":["Venda sob Prescrição Médica"],"restricaoUso":[],"destinacao":["Comercial"],"restricaoHospitais":null,"tarja":null,"medicamentoReferencia":"N","apresentacaoFracionada":"N","dataVencimentoRegistro":null,"tipoAutorizacao":"REGISTRADO","ativa":false,"inativa":true,"emAnalise":false},{"codigo":6409,"apresentacao":"500 MG PO INJ IV CT FA VD  AMB + AMP DIL X 5 ML","formasFarmaceuticas":["PO INJETAVEL + SOLUCAO DILUENTE"],"numero":6,"tonalidade":null,"dataPublicacao":"2001-08-16T00:00:00.000-0300","validade":"24","tipoValidade":"2","registro":"1064601240067","principiosAtivos":["CEFTRIAXONA DISSÓDICA HEMIEPTAIDRATADA"],"complemento":null,"embalagemPrimaria":{"tipo":"FRASCO-AMPOLA DE VIDRO AMBAR","observacao":null},"embalagemSecundaria":{"tipo":"CARTUCHO DE CARTOLINA","observacao":null},"embalagemSecundariaTodas":[{"tipo":"CARTUCHO DE CARTOLINA","observacao":null}],"envoltorios":[],"acessorios":[],"acondicionamento":null,"marcas":[],"fabricantesNacionais":[],"fabricantesInternacionais":[],"viasAdministracao":["INTRAVENOSO"],"ifaUnico":true,"conservacao":["INDICADO NO TEXTO DE ROTULAGEM"],"restricaoPrescricao":["Venda sob Prescrição Médica"],"restricaoUso":[],"destinacao":["Comercial"],"restricaoHospitais":null,"tarja":null,"medicamentoReferencia":"N","apresentacaoFracionada":"N","dataVencimentoRegistro":null,"tipoAutorizacao":"REGISTRADO","ativa":false,"inativa":true,"emAnalise":false},{"codigo":6408,"apresentacao":"500 MG PO INJ IV CT 50 FA VD AMB + 50 AMP DIL X 5 ML","formasFarmaceuticas":["PO INJETAVEL + SOLUCAO DILUENTE"],"numero":7,"tonalidade":null,"dataPublicacao":"2001-08-16T00:00:00.000-0300","validade":"24","tipoValidade":"2","registro":"1064601240075","principiosAtivos":["CEFTRIAXONA DISSÓDICA HEMIEPTAIDRATADA"],"complemento":null,"embalagemPrimaria":{"tipo":"FRASCO-AMPOLA DE VIDRO AMBAR","observacao":null},"embalagemSecundaria":{"tipo":"CARTUCHO DE CARTOLINA","observacao":null},"embalagemSecundariaTodas":[{"tipo":"CARTUCHO DE CARTOLINA","observacao":null}],"envoltorios":[],"acessorios":[],"acondicionamento":null,"marcas":[],"fabricantesNacionais":[],"fabricantesInternacionais":[],"viasAdministracao":["INTRAVENOSO"],"ifaUnico":true,"conservacao":["INDICADO NO TEXTO DE ROTULAGEM"],"restricaoPrescricao":["Venda sob Prescrição Médica"],"restricaoUso":[],"destinacao":["Comercial"],"restricaoHospitais":null,"tarja":null,"medicamentoReferencia":"N","apresentacaoFracionada":"N","dataVencimentoRegistro":null,"tipoAutorizacao":"REGISTRADO","ativa":false,"inativa":true,"emAnalise":false},{"codigo":6402,"apresentacao":"1 G PO INJ IV CT FA VD AMB + AMP DIL X 10 ML","formasFarmaceuticas":["PO INJETAVEL + SOLUCAO DILUENTE"],"numero":8,"tonalidade":null,"dataPublicacao":"2001-08-16T00:00:00.000-0300","validade":"24","tipoValidade":"2","registro":"1064601240083","principiosAtivos":["CEFTRIAXONA DISSÓDICA HEMIEPTAIDRATADA"],"complemento":null,"embalagemPrimaria":{"tipo":"FRASCO-AMPOLA DE VIDRO AMBAR","observacao":null},"embalagemSecundaria":{"tipo":"CARTUCHO DE CARTOLINA","observacao":null},"embalagemSecundariaTodas":[{"tipo":"CARTUCHO DE CARTOLINA","observacao":null}],"envoltorios":[],"acessorios":[],"acondicionamento":null,"marcas":[],"fabricantesNacionais":[],"fabricantesInternacionais":[],"viasAdministracao":["INTRAVENOSO"],"ifaUnico":true,"conservacao":["INDICADO NO TEXTO DE ROTULAGEM"],"restricaoPrescricao":["Venda sob Prescrição Médica"],"restricaoUso":[],"destinacao":["Comercial"],"restricaoHospitais":null,"tarja":null,"medicamentoReferencia":"N","apresentacaoFracionada":"N","dataVencimentoRegistro":null,"tipoAutorizacao":"REGISTRADO","ativa":false,"inativa":true,"emAnalise":false},{"codigo":6401,"apresentacao":"1 G PO INJ IV CT 50 FA VD AMB + 50 AMP DIL X 10 ML","formasFarmaceuticas":["PO INJETAVEL + SOLUCAO DILUENTE"],"numero":9,"tonalidade":null,"dataPublicacao":"2001-08-16T00:00:00.000-0300","validade":"24","tipoValidade":"2","registro":"1064601240091","principiosAtivos":["CEFTRIAXONA DISSÓDICA HEMIEPTAIDRATADA"],"complemento":null,"embalagemPrimaria":{"tipo":"FRASCO-AMPOLA DE VIDRO AMBAR","observacao":null},"embalagemSecundaria":{"tipo":"CARTUCHO DE CARTOLINA","observacao":null},"embalagemSecundariaTodas":[{"tipo":"CARTUCHO DE CARTOLINA","observacao":null}],"envoltorios":[],"acessorios":[],"acondicionamento":null,"marcas":[],"fabricantesNacionais":[],"fabricantesInternacionais":[],"viasAdministracao":["INTRAVENOSO"],"ifaUnico":true,"conservacao":["INDICADO NO TEXTO DE ROTULAGEM"],"restricaoPrescricao":["Venda sob Prescrição Médica"],"restricaoUso":[],"destinacao":["Comercial"],"restricaoHospitais":null,"tarja":null,"medicamentoReferencia":"N","apresentacaoFracionada":"N","dataVencimentoRegistro":null,"tipoAutorizacao":"REGISTRADO","ativa":false,"inativa":true,"emAnalise":false},{"codigo":6399,"apresentacao":"1 G PO INJ IM CX 50 FA VD AMB + 50 AMP DIL X 3,5 ML","formasFarmaceuticas":["PO INJETAVEL + SOLUCAO DILUENTE"],"numero":10,"tonalidade":null,"dataPublicacao":"2000-11-08T00:00:00.000-0300","validade":"24","tipoValidade":"2","registro":"1064601240105","principiosAtivos":["CEFTRIAXONA DISSÓDICA HEMIEPTAIDRATADA"],"complemento":null,"embalagemPrimaria":{"tipo":"FRASCO-AMPOLA DE VIDRO AMBAR","observacao":null},"embalagemSecundaria":{"tipo":"CAIXA DE PAPELAO COM COLMEIA","observacao":null},"embalagemSecundariaTodas":[{"tipo":"CAIXA DE PAPELAO COM COLMEIA","observacao":null}],"envoltorios":[],"acessorios":[],"acondicionamento":null,"marcas":[],"fabricantesNacionais":[],"fabricantesInternacionais":[],"viasAdministracao":["INTRAMUSCULAR"],"ifaUnico":true,"conservacao":["INDICADO NO TEXTO DE ROTULAGEM"],"restricaoPrescricao":["Venda sob Prescrição Médica"],"restricaoUso":[],"destinacao":["Comercial"],"restricaoHospitais":null,"tarja":null,"medicamentoReferencia":"N","apresentacaoFracionada":"N","dataVencimentoRegistro":null,"tipoAutorizacao":"REGISTRADO","ativa":false,"inativa":true,"emAnalise":false},{"codigo":6405,"apresentacao":"500 MG PO INJ IV CX 50 FA VD AMB","formasFarmaceuticas":["PO INJETAVEL"],"numero":11,"tonalidade":null,"dataPublicacao":"2000-11-08T00:00:00.000-0300","validade":"24","tipoValidade":"2","registro":"1064601240113","principiosAtivos":["CEFTRIAXONA DISSÓDICA HEMIEPTAIDRATADA"],"complemento":null,"embalagemPrimaria":{"tipo":"FRASCO-AMPOLA DE VIDRO AMBAR","observacao":null},"embalagemSecundaria":{"tipo":"CAIXA DE PAPELAO SEM COLMEIA","observacao":null},"embalagemSecundariaTodas":[{"tipo":"CAIXA DE PAPELAO SEM COLMEIA","observacao":null}],"envoltorios":[],"acessorios":[],"acondicionamento":null,"marcas":[],"fabricantesNacionais":[],"fabricantesInternacionais":[],"viasAdministracao":["INTRAVENOSO"],"ifaUnico":true,"conservacao":["INDICADO NO TEXTO DE ROTULAGEM"],"restricaoPrescricao":["Venda sob Prescrição Médica"],"restricaoUso":[],"destinacao":["Comercial"],"restricaoHospitais":null,"tarja":null,"medicamentoReferencia":"N","apresentacaoFracionada":"N","dataVencimentoRegistro":null,"tipoAutorizacao":"REGISTRADO","ativa":false,"inativa":true,"emAnalise":false},{"codigo":6398,"apresentacao":"1 G PO INJ IV CX 50 FA VD AMB","formasFarmaceuticas":["PO INJETAVEL"],"numero":12,"tonalidade":null,"dataPublicacao":"2000-11-08T00:00:00.000-0300","validade":"24","tipoValidade":"2","registro":"1064601240121","principiosAtivos":["CEFTRIAXONA DISSÓDICA HEMIEPTAIDRATADA"],"complemento":null,"embalagemPrimaria":{"tipo":"FRASCO-AMPOLA DE VIDRO AMBAR","observacao":null},"embalagemSecundaria":{"tipo":"CAIXA DE PAPELAO SEM COLMEIA","observacao":null},"embalagemSecundariaTodas":[{"tipo":"CAIXA DE PAPELAO SEM COLMEIA","observacao":null}],"envoltorios":[],"acessorios":[],"acondicionamento":null,"marcas":[],"fabricantesNacionais":[],"fabricantesInternacionais":[],"viasAdministracao":["INTRAVENOSO"],"ifaUnico":true,"conservacao":["INDICADO NO TEXTO DE ROTULAGEM"],"restricaoPrescricao":["Venda sob Prescrição Médica"],"restricaoUso":[],"destinacao":["Comercial"],"restricaoHospitais":null,"tarja":null,"medicamentoReferencia":"N","apresentacaoFracionada":"N","dataVencimentoRegistro":null,"tipoAutorizacao":"REGISTRADO","ativa":false,"inativa":true,"emAnalise":false}],"rotulos":[],"anexoRotulos":[],"tipoAutorizacao":"REGISTRADO"}