{"codigoProduto":70555,"tipoProduto":1,"dataProduto":"1998-05-15T00:00:00.000-0300","nomeComercial":"XAROPE SANTO ANTONIO","classesTerapeuticas":["EXPECTORANTES"],"numeroRegistro":"109630039","dataVencimento":null,"mesAnoVencimento":"052003","codigoParecerPublico":null,"codigoBulaPaciente":null,"codigoBulaProfissional":null,"dataVencimentoRegistro":"2003-05-01T00:00:00.000-0300","principioAtivo":null,"medicamentoReferencia":null,"categoriaRegulatoria":"Similar","classeTerapeutica":null,"atc":null,"processosMedidaCautelar":[],"empresa":{"cnpj":"06597801000162","razaoSocial":"THEODORO F SOBRAL & CIA LTDA","numeroAutorizacao":"1009636"},"processo":{"numero":"2500001526789","situacao":29},"apresentacoes":[{"codigo":150086,"apresentacao":"10 MG/ML XPE CT FR VD AMB X 100 ML","formasFarmaceuticas":["XAROPE"],"numero":1,"tonalidade":null,"dataPublicacao":"2001-03-30T00:00:00.000-0300","validade":"24","tipoValidade":"2","registro":"1096300390017","principiosAtivos":["IODETO DE POTÁSSIO"],"complemento":null,"embalagemPrimaria":{"tipo":"FRASCO DE VIDRO AMBAR","observacao":null},"embalagemSecundaria":null,"embalagemSecundariaTodas":[],"envoltorios":[],"acessorios":[],"acondicionamento":null,"marcas":[],"fabricantesNacionais":[],"fabricantesInternacionais":[],"viasAdministracao":["ORAL 1"],"ifaUnico":true,"conservacao":["CONSERVAR EM  TEMPERATURA AMBIENTE ( AMBIENTE COM TEMPERATURA ENTRE 15 E 30ºC)"],"restricaoPrescricao":["Venda sob Prescrição Médica"],"restricaoUso":[],"destinacao":["Comercial"],"restricaoHospitais":null,"tarja":null,"medicamentoReferencia":"N","apresentacaoFracionada":"N","dataVencimentoRegistro":null,"tipoAutorizacao":"REGISTRADO","ativa":false,"inativa":true,"emAnalise":false},{"codigo":150087,"apresentacao":"10 MG/ML XPE CT FR PLAS  AMB X  100 ML","formasFarmaceuticas":["XAROPE"],"numero":2,"tonalidade":null,"dataPublicacao":"2002-01-21T00:00:00.000-0200","validade":"24","tipoValidade":"2","registro":"1096300390025","principiosAtivos":["IODETO DE POTÁSSIO"],"complemento":null,"embalagemPrimaria":null,"embalagemSecundaria":null,"embalagemSecundariaTodas":[{"tipo":"FRASCO DE PLASTICO AMBAR","observacao":null}],"envoltorios":[],"acessorios":[],"acondicionamento":null,"marcas":[],"fabricantesNacionais":[],"fabricantesInternacionais":[],"viasAdministracao":["ORAL 1"],"ifaUnico":true,"conservacao":["CONSERVAR EM  TEMPERATURA AMBIENTE ( AMBIENTE COM TEMPERATURA ENTRE 15 E 30ºC)"],"restricaoPrescricao":["Venda sob Prescrição Médica"],"restricaoUso":[],"destinacao":["Comercial"],"restricaoHospitais":null,"tarja":null,"medicamentoReferencia":"N","apresentacaoFracionada":"N","dataVencimentoRegistro":null,"tipoAutorizacao":"REGISTRADO","ativa":false,"inativa":true,"emAnalise":false}],"rotulos":[],"anexoRotulos":[],"tipoAutorizacao":"REGISTRADO"}