{"codigoProduto":708403,"tipoProduto":1,"dataProduto":"2011-05-09T00:00:00.000-0300","nomeComercial":"LIFALTACROLIMUS","classesTerapeuticas":["IMUNOSUPRESSOR"],"numeroRegistro":"110500048","dataVencimento":null,"mesAnoVencimento":"052026","codigoParecerPublico":null,"codigoBulaPaciente":"eyJhbGciOiJIUzUxMiJ9.eyJqdGkiOiIyMjg3MzU3IiwibmJmIjoxNzE5NDE3OTMxLCJleHAiOjE3MTk0MTgyMzF9.q1RfZM1zGLAoYTH2uIfSJeswYLVq9zQX3_9pbe0UzOjeYPwus_h9WmZZQG1etXBXYS6IDJd5UGedDC_QsuLsnQ","codigoBulaProfissional":"eyJhbGciOiJIUzUxMiJ9.eyJqdGkiOiIyMjg3MzU4IiwibmJmIjoxNzE5NDE3OTMxLCJleHAiOjE3MTk0MTgyMzF9.HJG-RwfFFu30PDZZsC7slmhGcGTrZE4v124OXMG9p1YTd3VL9h4kVZb8d9G3WTKOAa-y85vpQaEhDsgAIdoBaQ","dataVencimentoRegistro":"2026-05-01T00:00:00.000-0300","principioAtivo":"TACROLIMO","medicamentoReferencia":"PROGRAF","categoriaRegulatoria":"Similar","classeTerapeutica":null,"atc":null,"processosMedidaCautelar":[],"empresa":{"cnpj":"12343158000143","razaoSocial":"LAB INDL FTCO ALAGOAS SA - LIFAL","numeroAutorizacao":"1010508"},"processo":{"numero":"25351481888201000","situacao":29},"apresentacoes":[{"codigo":1171083,"apresentacao":"5 MG CAP DURA CT BL AL PLAS OPC X 50 ENV AL (EMB HOSP)","formasFarmaceuticas":["CAPSULA GELATINOSA DURA"],"numero":1,"tonalidade":null,"dataPublicacao":"2011-05-09T00:00:00.000-0300","validade":"24","tipoValidade":"2","registro":"1105000480013","principiosAtivos":["TACROLIMO"],"complemento":null,"embalagemPrimaria":{"tipo":"BLISTER DE ALUMINIO/PLASTICO OPACO","observacao":null},"embalagemSecundaria":{"tipo":"CARTUCHO DE CARTOLINA","observacao":null},"embalagemSecundariaTodas":[{"tipo":"CARTUCHO DE CARTOLINA","observacao":null},{"tipo":"SACHE","observacao":null}],"envoltorios":[],"acessorios":[],"acondicionamento":null,"marcas":[],"fabricantesNacionais":[{"fabricante":"EMS S/A","cnpj":"57507378000365","pais":"BRASIL","uf":"SP","cidade":"HORTOLÂNDIA","etapaFabricacao":null}],"fabricantesInternacionais":[],"viasAdministracao":["ORAL"],"ifaUnico":true,"conservacao":["CONSERVAR EM  TEMPERATURA AMBIENTE ( AMBIENTE COM TEMPERATURA ENTRE 15 E 30ºC)","PROTEGER DA LUZ E UMIDADE"],"restricaoPrescricao":["Venda sob Prescrição Médica"],"restricaoUso":[],"destinacao":["Comercial"],"restricaoHospitais":null,"tarja":null,"medicamentoReferencia":"N","apresentacaoFracionada":"N","dataVencimentoRegistro":null,"tipoAutorizacao":"REGISTRADO","ativa":true,"inativa":false,"emAnalise":false},{"codigo":1176015,"apresentacao":"1 MG CAP GEL DURA CT BL AL PLAS OPC X 10 COM SACHE DE SILICA EM EMBALAGEM DE ALUMINIO (FLOW PACK)","formasFarmaceuticas":["CAPSULA GELATINOSA DURA"],"numero":2,"tonalidade":null,"dataPublicacao":"2011-05-09T00:00:00.000-0300","validade":"24","tipoValidade":"2","registro":"1105000480021","principiosAtivos":["TACROLIMO"],"complemento":null,"embalagemPrimaria":{"tipo":"BLISTER DE ALUMINIO/PLASTICO OPACO","observacao":null},"embalagemSecundaria":{"tipo":"CARTUCHO DE CARTOLINA","observacao":null},"embalagemSecundariaTodas":[{"tipo":"CARTUCHO DE CARTOLINA","observacao":null},{"tipo":"SACHE","observacao":null}],"envoltorios":[],"acessorios":[],"acondicionamento":null,"marcas":[],"fabricantesNacionais":[],"fabricantesInternacionais":[],"viasAdministracao":["ORAL"],"ifaUnico":true,"conservacao":["CONSERVAR EM  TEMPERATURA AMBIENTE ( AMBIENTE COM TEMPERATURA ENTRE 15 E 30ºC)","PROTEGER DA LUZ E UMIDADE"],"restricaoPrescricao":["Venda sob Prescrição Médica"],"restricaoUso":[],"destinacao":["Institucional","Comercial"],"restricaoHospitais":null,"tarja":null,"medicamentoReferencia":"N","apresentacaoFracionada":"N","dataVencimentoRegistro":null,"tipoAutorizacao":"REGISTRADO","ativa":true,"inativa":false,"emAnalise":false},{"codigo":1176016,"apresentacao":"1 MG CAP GEL DURA CT BL AL PLAS OPC X 50 COM SACHE DE SILICA EM EMBALAGEM DE ALUMINIO (FLOW PACK)","formasFarmaceuticas":["CAPSULA GELATINOSA DURA"],"numero":3,"tonalidade":null,"dataPublicacao":"2011-05-09T00:00:00.000-0300","validade":"24","tipoValidade":"2","registro":"1105000480031","principiosAtivos":["TACROLIMO"],"complemento":null,"embalagemPrimaria":{"tipo":"BLISTER DE ALUMINIO/PLASTICO OPACO","observacao":null},"embalagemSecundaria":{"tipo":"SACHE","observacao":null},"embalagemSecundariaTodas":[{"tipo":"SACHE","observacao":null},{"tipo":"CARTUCHO DE CARTOLINA","observacao":null}],"envoltorios":[],"acessorios":[],"acondicionamento":null,"marcas":[],"fabricantesNacionais":[],"fabricantesInternacionais":[],"viasAdministracao":["ORAL"],"ifaUnico":true,"conservacao":["CONSERVAR EM  TEMPERATURA AMBIENTE ( AMBIENTE COM TEMPERATURA ENTRE 15 E 30ºC)","PROTEGER DA LUZ E UMIDADE"],"restricaoPrescricao":["Venda sob Prescrição Médica"],"restricaoUso":[],"destinacao":["Comercial","Institucional"],"restricaoHospitais":null,"tarja":null,"medicamentoReferencia":"N","apresentacaoFracionada":"N","dataVencimentoRegistro":null,"tipoAutorizacao":"REGISTRADO","ativa":true,"inativa":false,"emAnalise":false},{"codigo":1176017,"apresentacao":"1 MG CAP GEL DURA CT BL AL PLAS OPC X 100 COM SACHE DE SILICA EM EMBALAGEM DE ALUMINIO (FLOW PACK)","formasFarmaceuticas":["CAPSULA GELATINOSA DURA"],"numero":4,"tonalidade":null,"dataPublicacao":"2011-05-09T00:00:00.000-0300","validade":"24","tipoValidade":"2","registro":"1105000480048","principiosAtivos":["TACROLIMO"],"complemento":null,"embalagemPrimaria":{"tipo":"BLISTER DE ALUMINIO/PLASTICO OPACO","observacao":null},"embalagemSecundaria":{"tipo":"SACHE","observacao":null},"embalagemSecundariaTodas":[{"tipo":"SACHE","observacao":null},{"tipo":"CARTUCHO DE CARTOLINA","observacao":null}],"envoltorios":[],"acessorios":[],"acondicionamento":null,"marcas":[],"fabricantesNacionais":[],"fabricantesInternacionais":[],"viasAdministracao":["ORAL"],"ifaUnico":true,"conservacao":["CONSERVAR EM  TEMPERATURA AMBIENTE ( AMBIENTE COM TEMPERATURA ENTRE 15 E 30ºC)","PROTEGER DA LUZ E UMIDADE"],"restricaoPrescricao":["Venda sob Prescrição Médica"],"restricaoUso":[],"destinacao":["Comercial","Institucional"],"restricaoHospitais":null,"tarja":null,"medicamentoReferencia":"N","apresentacaoFracionada":"N","dataVencimentoRegistro":null,"tipoAutorizacao":"REGISTRADO","ativa":true,"inativa":false,"emAnalise":false}],"rotulos":[],"anexoRotulos":[],"tipoAutorizacao":"REGISTRADO"}