{"codigoProduto":7296,"tipoProduto":1,"dataProduto":"2001-09-14T00:00:00.000-0300","nomeComercial":"BELTHONICO","classesTerapeuticas":["ANTIANEMICOS A BASE DE FERRO - ASSOCIACOES MEDICAMENTOSAS"],"numeroRegistro":"110860051","dataVencimento":null,"mesAnoVencimento":"092011","codigoParecerPublico":null,"codigoBulaPaciente":null,"codigoBulaProfissional":null,"dataVencimentoRegistro":"2011-09-01T00:00:00.000-0300","principioAtivo":null,"medicamentoReferencia":null,"categoriaRegulatoria":"Similar","classeTerapeutica":null,"atc":null,"processosMedidaCautelar":[],"empresa":{"cnpj":"75549436000133","razaoSocial":"LASA INDÚSTRIA FARMACÊUTICA LTDA.","numeroAutorizacao":"1010863"},"processo":{"numero":"250000144069813","situacao":29},"apresentacoes":[{"codigo":25302,"apresentacao":"SOL OR CT FR PLAS OPC X 250 ML","formasFarmaceuticas":["SOLUÇAO ORAL"],"numero":1,"tonalidade":null,"dataPublicacao":"2001-09-14T00:00:00.000-0300","validade":"24","tipoValidade":"2","registro":"1108600510015","principiosAtivos":["CLORIDRATO DE PIRIDOXINA","NICOTINAMIDA","FERRO QUELATO 10%"],"complemento":null,"embalagemPrimaria":{"tipo":"FRASCO DE PLASTICO OPACO","observacao":null},"embalagemSecundaria":{"tipo":"CARTUCHO DE CARTOLINA","observacao":null},"embalagemSecundariaTodas":[{"tipo":"CARTUCHO DE CARTOLINA","observacao":null}],"envoltorios":[],"acessorios":[],"acondicionamento":null,"marcas":[],"fabricantesNacionais":[],"fabricantesInternacionais":[],"viasAdministracao":["ORAL 1"],"ifaUnico":false,"conservacao":["CONSERVAR EM  TEMPERATURA AMBIENTE ( AMBIENTE COM TEMPERATURA ENTRE 15 E 30ºC)","PROTEGER DA LUZ E UMIDADE"],"restricaoPrescricao":["Venda sem Prescrição Médica"],"restricaoUso":[],"destinacao":["Comercial"],"restricaoHospitais":null,"tarja":null,"medicamentoReferencia":"N","apresentacaoFracionada":"N","dataVencimentoRegistro":null,"tipoAutorizacao":"REGISTRADO","ativa":false,"inativa":true,"emAnalise":false},{"codigo":25303,"apresentacao":"SOL OR CT FR PLAS OPC X 500 ML","formasFarmaceuticas":["SOLUÇAO ORAL"],"numero":2,"tonalidade":null,"dataPublicacao":"2001-09-14T00:00:00.000-0300","validade":"24","tipoValidade":"2","registro":"1108600510023","principiosAtivos":["CLORIDRATO DE PIRIDOXINA","NICOTINAMIDA","FERRO QUELATO 10%"],"complemento":null,"embalagemPrimaria":{"tipo":"FRASCO DE PLASTICO OPACO","observacao":null},"embalagemSecundaria":{"tipo":"CARTUCHO DE CARTOLINA","observacao":null},"embalagemSecundariaTodas":[{"tipo":"CARTUCHO DE CARTOLINA","observacao":null}],"envoltorios":[],"acessorios":[],"acondicionamento":null,"marcas":[],"fabricantesNacionais":[],"fabricantesInternacionais":[],"viasAdministracao":["ORAL 1"],"ifaUnico":false,"conservacao":["CONSERVAR EM  TEMPERATURA AMBIENTE ( AMBIENTE COM TEMPERATURA ENTRE 15 E 30ºC)","PROTEGER DA LUZ E UMIDADE"],"restricaoPrescricao":["Venda sem Prescrição Médica"],"restricaoUso":[],"destinacao":["Comercial"],"restricaoHospitais":null,"tarja":null,"medicamentoReferencia":"N","apresentacaoFracionada":"N","dataVencimentoRegistro":null,"tipoAutorizacao":"REGISTRADO","ativa":false,"inativa":true,"emAnalise":false}],"rotulos":[],"anexoRotulos":[],"tipoAutorizacao":"REGISTRADO"}