{"codigoProduto":70765,"tipoProduto":1,"dataProduto":"2000-01-13T00:00:00.000-0200","nomeComercial":"CARIDERM","classesTerapeuticas":["OUTROS PRODUTOS COM ACAO NA PELE E MUCOSAS"],"numeroRegistro":"141070002","dataVencimento":null,"mesAnoVencimento":"012010","codigoParecerPublico":null,"codigoBulaPaciente":null,"codigoBulaProfissional":null,"dataVencimentoRegistro":"2010-01-01T00:00:00.000-0300","principioAtivo":null,"medicamentoReferencia":null,"categoriaRegulatoria":"Similar","classeTerapeutica":null,"atc":null,"processosMedidaCautelar":[],"empresa":{"cnpj":"02501297000102","razaoSocial":"PHARLAB INDÚSTRIA FARMACÊUTICA S.A.","numeroAutorizacao":"1041075"},"processo":{"numero":"250000236399925","situacao":29},"apresentacoes":[{"codigo":150654,"apresentacao":"5000 UI + 900 UI +150 MG/G POM DERM CT BG  AL X 45 G","formasFarmaceuticas":["POMADA DERMATOLOGICA"],"numero":1,"tonalidade":null,"dataPublicacao":"2001-10-11T00:00:00.000-0300","validade":"24","tipoValidade":"2","registro":"1410700020010","principiosAtivos":["PALMITATO DE RETINOL","COLECALCIFEROL","ÓXIDO DE ZINCO"],"complemento":null,"embalagemPrimaria":{"tipo":"BISNAGA DE ALUMINIO","observacao":null},"embalagemSecundaria":{"tipo":"CARTUCHO DE CARTOLINA","observacao":null},"embalagemSecundariaTodas":[{"tipo":"CARTUCHO DE CARTOLINA","observacao":null}],"envoltorios":[],"acessorios":[],"acondicionamento":null,"marcas":[],"fabricantesNacionais":[{"fabricante":"PHARLAB INDÚSTRIA FARMACÊUTICA S.A.","cnpj":"02501297000102","pais":"BRASIL","uf":"MG","cidade":"LAGOA DA PRATA","etapaFabricacao":null}],"fabricantesInternacionais":[],"viasAdministracao":["TOPICA"],"ifaUnico":false,"conservacao":["CONSERVAR EM  TEMPERATURA AMBIENTE ( AMBIENTE COM TEMPERATURA ENTRE 15 E 30ºC)","PROTEGER DA LUZ"],"restricaoPrescricao":["Venda sem Prescrição Médica"],"restricaoUso":[],"destinacao":["Comercial"],"restricaoHospitais":null,"tarja":null,"medicamentoReferencia":"N","apresentacaoFracionada":"N","dataVencimentoRegistro":null,"tipoAutorizacao":"REGISTRADO","ativa":false,"inativa":true,"emAnalise":false}],"rotulos":[],"anexoRotulos":[],"tipoAutorizacao":"REGISTRADO"}