{"codigoProduto":70316,"tipoProduto":1,"dataProduto":"2001-04-11T00:00:00.000-0300","nomeComercial":"ABIFLAN","classesTerapeuticas":["ANTINFLAMATORIOS"],"numeroRegistro":"144930003","dataVencimento":null,"mesAnoVencimento":"042011","codigoParecerPublico":null,"codigoBulaPaciente":null,"codigoBulaProfissional":null,"dataVencimentoRegistro":"2011-04-01T00:00:00.000-0300","principioAtivo":null,"medicamentoReferencia":null,"categoriaRegulatoria":"Similar","classeTerapeutica":null,"atc":null,"processosMedidaCautelar":[],"empresa":{"cnpj":"01858973000129","razaoSocial":"AIRELA INDÚSTRIA FARMACÊUTICA LTDA.","numeroAutorizacao":"1044938"},"processo":{"numero":"253510299090018","situacao":29},"apresentacoes":[{"codigo":149312,"apresentacao":"15 MG/ML SUS OR CT  FR PLAS OPC X 20 ML","formasFarmaceuticas":["SUSPENSAO ORAL"],"numero":1,"tonalidade":null,"dataPublicacao":"2001-04-11T00:00:00.000-0300","validade":"24","tipoValidade":"2","registro":"1449300030014","principiosAtivos":["DICLOFENACO RESINATO"],"complemento":null,"embalagemPrimaria":{"tipo":"FRASCO DE PLASTICO OPACO","observacao":null},"embalagemSecundaria":{"tipo":"CARTUCHO DE CARTOLINA","observacao":null},"embalagemSecundariaTodas":[{"tipo":"CARTUCHO DE CARTOLINA","observacao":null}],"envoltorios":[],"acessorios":[],"acondicionamento":null,"marcas":[],"fabricantesNacionais":[{"fabricante":"AIRELA INDÚSTRIA FARMACÊUTICA LTDA.","cnpj":"01858973000129","pais":"BRASIL","uf":"SC","cidade":"PEDRAS GRANDES","etapaFabricacao":null}],"fabricantesInternacionais":[],"viasAdministracao":["IMPLANTE OSSEO"],"ifaUnico":true,"conservacao":["CONSERVAR EM  TEMPERATURA AMBIENTE ( AMBIENTE COM TEMPERATURA ENTRE 15 E 30ºC)","PROTEGER DA LUZ E UMIDADE"],"restricaoPrescricao":["Venda sob Prescrição Médica"],"restricaoUso":[],"destinacao":["Comercial"],"restricaoHospitais":null,"tarja":null,"medicamentoReferencia":"N","apresentacaoFracionada":"N","dataVencimentoRegistro":null,"tipoAutorizacao":"REGISTRADO","ativa":false,"inativa":true,"emAnalise":false},{"codigo":617345,"apresentacao":"15 MG/ML SUS OR CX 150 FR PLAS OPC X 20 ML ","formasFarmaceuticas":["SUSPENSAO ORAL"],"numero":2,"tonalidade":null,"dataPublicacao":"2001-04-11T00:00:00.000-0300","validade":"24","tipoValidade":"2","registro":"1449300030022","principiosAtivos":["DICLOFENACO RESINATO"],"complemento":null,"embalagemPrimaria":{"tipo":"FRASCO DE PLASTICO OPACO","observacao":null},"embalagemSecundaria":{"tipo":"CAIXA DE PAPELAO","observacao":null},"embalagemSecundariaTodas":[{"tipo":"CAIXA DE PAPELAO","observacao":null}],"envoltorios":[],"acessorios":[],"acondicionamento":null,"marcas":[],"fabricantesNacionais":[{"fabricante":"AIRELA INDÚSTRIA FARMACÊUTICA LTDA.","cnpj":"01858973000129","pais":"BRASIL","uf":"SC","cidade":"PEDRAS GRANDES","etapaFabricacao":null}],"fabricantesInternacionais":[],"viasAdministracao":["IMPLANTE OSSEO"],"ifaUnico":true,"conservacao":["CONSERVAR EM  TEMPERATURA AMBIENTE ( AMBIENTE COM TEMPERATURA ENTRE 15 E 30ºC)","PROTEGER DA LUZ E UMIDADE"],"restricaoPrescricao":["Venda sob Prescrição Médica"],"restricaoUso":[],"destinacao":["Comercial"],"restricaoHospitais":null,"tarja":null,"medicamentoReferencia":"N","apresentacaoFracionada":"N","dataVencimentoRegistro":null,"tipoAutorizacao":"REGISTRADO","ativa":false,"inativa":true,"emAnalise":false}],"rotulos":[],"anexoRotulos":[],"tipoAutorizacao":"REGISTRADO"}