{"codigoProduto":70137,"tipoProduto":1,"dataProduto":"2001-06-22T00:00:00.000-0300","nomeComercial":"SORIFLUX NASAL","classesTerapeuticas":["DESCONGESTIONANTES NASAIS TOPICOS"],"numeroRegistro":"144930013","dataVencimento":null,"mesAnoVencimento":"062011","codigoParecerPublico":null,"codigoBulaPaciente":null,"codigoBulaProfissional":null,"dataVencimentoRegistro":"2011-06-01T00:00:00.000-0300","principioAtivo":null,"medicamentoReferencia":null,"categoriaRegulatoria":"Similar","classeTerapeutica":null,"atc":null,"processosMedidaCautelar":[],"empresa":{"cnpj":"01858973000129","razaoSocial":"AIRELA INDÚSTRIA FARMACÊUTICA LTDA.","numeroAutorizacao":"1044938"},"processo":{"numero":"253510307330001","situacao":29},"apresentacoes":[{"codigo":148754,"apresentacao":"9 MG/ML SOL NAS CT FR VD AMB CGT X 30 ML","formasFarmaceuticas":["SOLUÇAO NASAL"],"numero":1,"tonalidade":null,"dataPublicacao":"2001-06-22T00:00:00.000-0300","validade":"24","tipoValidade":"2","registro":"1449300130019","principiosAtivos":["CLORETO DE SÓDIO"],"complemento":null,"embalagemPrimaria":{"tipo":"FRASCO DE VIDRO AMBAR","observacao":null},"embalagemSecundaria":{"tipo":"CARTUCHO DE CARTOLINA","observacao":null},"embalagemSecundariaTodas":[{"tipo":"CARTUCHO DE CARTOLINA","observacao":null}],"envoltorios":[],"acessorios":[],"acondicionamento":null,"marcas":[],"fabricantesNacionais":[{"fabricante":"AIRELA INDÚSTRIA FARMACÊUTICA LTDA.","cnpj":"01858973000129","pais":"BRASIL","uf":"SC","cidade":"PEDRAS GRANDES","etapaFabricacao":null}],"fabricantesInternacionais":[],"viasAdministracao":["NASAL"],"ifaUnico":true,"conservacao":["EVITAR CALOR EXCESSIVO (TEMPERATURA SUPERIOR A 40 GRAUS C)","PROTEGER DA LUZ"],"restricaoPrescricao":["Venda sem Prescrição Médica"],"restricaoUso":[],"destinacao":["Comercial"],"restricaoHospitais":null,"tarja":null,"medicamentoReferencia":"N","apresentacaoFracionada":"N","dataVencimentoRegistro":null,"ativa":false,"tipoAutorizacao":"REGISTRADO","inativa":true,"emAnalise":false},{"codigo":812792,"apresentacao":"9 MG/ML SOL NAS CX 100 FR VD AMB CGT X 30 ML","formasFarmaceuticas":["SOLUÇAO NASAL"],"numero":2,"tonalidade":null,"dataPublicacao":"2001-06-22T00:00:00.000-0300","validade":"24","tipoValidade":"2","registro":"1449300130027","principiosAtivos":["CLORETO DE SÓDIO"],"complemento":null,"embalagemPrimaria":{"tipo":"FRASCO DE VIDRO AMBAR","observacao":null},"embalagemSecundaria":{"tipo":"CAIXA DE PAPELAO","observacao":null},"embalagemSecundariaTodas":[{"tipo":"CAIXA DE PAPELAO","observacao":null}],"envoltorios":[],"acessorios":[],"acondicionamento":null,"marcas":[],"fabricantesNacionais":[{"fabricante":"AIRELA INDÚSTRIA FARMACÊUTICA LTDA.","cnpj":"01858973000129","pais":"BRASIL","uf":"SC","cidade":"PEDRAS GRANDES","etapaFabricacao":null}],"fabricantesInternacionais":[],"viasAdministracao":["NASAL"],"ifaUnico":true,"conservacao":["EVITAR CALOR EXCESSIVO (TEMPERATURA SUPERIOR A 40 GRAUS C)","PROTEGER DA LUZ"],"restricaoPrescricao":["Venda sem Prescrição Médica"],"restricaoUso":[],"destinacao":["Comercial"],"restricaoHospitais":"S","tarja":null,"medicamentoReferencia":"N","apresentacaoFracionada":"N","dataVencimentoRegistro":null,"ativa":false,"tipoAutorizacao":"REGISTRADO","inativa":true,"emAnalise":false},{"codigo":812793,"apresentacao":"9 MG/ML SOL NAS CX 150 FR VD AMB CGT X 30 ML","formasFarmaceuticas":["SOLUÇAO NASAL"],"numero":3,"tonalidade":null,"dataPublicacao":"2001-06-22T00:00:00.000-0300","validade":"24","tipoValidade":"2","registro":"1449300130035","principiosAtivos":["CLORETO DE SÓDIO"],"complemento":null,"embalagemPrimaria":{"tipo":"FRASCO DE VIDRO AMBAR","observacao":null},"embalagemSecundaria":{"tipo":"CAIXA DE PAPELAO","observacao":null},"embalagemSecundariaTodas":[{"tipo":"CAIXA DE PAPELAO","observacao":null}],"envoltorios":[],"acessorios":[],"acondicionamento":null,"marcas":[],"fabricantesNacionais":[{"fabricante":"AIRELA INDÚSTRIA FARMACÊUTICA LTDA.","cnpj":"01858973000129","pais":"BRASIL","uf":"SC","cidade":"PEDRAS GRANDES","etapaFabricacao":null}],"fabricantesInternacionais":[],"viasAdministracao":["NASAL"],"ifaUnico":true,"conservacao":["EVITAR CALOR EXCESSIVO (TEMPERATURA SUPERIOR A 40 GRAUS C)","PROTEGER DA LUZ"],"restricaoPrescricao":["Venda sem Prescrição Médica"],"restricaoUso":[],"destinacao":["Comercial"],"restricaoHospitais":"S","tarja":null,"medicamentoReferencia":"N","apresentacaoFracionada":"N","dataVencimentoRegistro":null,"ativa":false,"tipoAutorizacao":"REGISTRADO","inativa":true,"emAnalise":false},{"codigo":812804,"apresentacao":"9 MG/ML SOL NAS CX 200 FR VD AMB CGT X 30 ML","formasFarmaceuticas":["SOLUÇAO NASAL"],"numero":4,"tonalidade":null,"dataPublicacao":"2001-06-22T00:00:00.000-0300","validade":"24","tipoValidade":"2","registro":"1449300130043","principiosAtivos":["CLORETO DE SÓDIO"],"complemento":null,"embalagemPrimaria":{"tipo":"FRASCO DE VIDRO AMBAR","observacao":null},"embalagemSecundaria":{"tipo":"CAIXA DE PAPELAO","observacao":null},"embalagemSecundariaTodas":[{"tipo":"CAIXA DE PAPELAO","observacao":null}],"envoltorios":[],"acessorios":[],"acondicionamento":null,"marcas":[],"fabricantesNacionais":[{"fabricante":"AIRELA INDÚSTRIA FARMACÊUTICA LTDA.","cnpj":"01858973000129","pais":"BRASIL","uf":"SC","cidade":"PEDRAS GRANDES","etapaFabricacao":null}],"fabricantesInternacionais":[],"viasAdministracao":["NASAL"],"ifaUnico":true,"conservacao":["EVITAR CALOR EXCESSIVO (TEMPERATURA SUPERIOR A 40 GRAUS C)","PROTEGER DA LUZ"],"restricaoPrescricao":["Venda sem Prescrição Médica"],"restricaoUso":[],"destinacao":["Comercial"],"restricaoHospitais":"S","tarja":null,"medicamentoReferencia":"N","apresentacaoFracionada":"N","dataVencimentoRegistro":null,"ativa":false,"tipoAutorizacao":"REGISTRADO","inativa":true,"emAnalise":false}],"rotulos":[],"anexoRotulos":[],"tipoAutorizacao":"REGISTRADO"}