{"codigoProduto":366644,"tipoProduto":1,"dataProduto":"2004-09-15T00:00:00.000-0300","nomeComercial":"ENXAZIN","classesTerapeuticas":["FITOTERAPICO SIMPLES"],"numeroRegistro":"144930049","dataVencimento":null,"mesAnoVencimento":"092019","codigoParecerPublico":null,"codigoBulaPaciente":null,"codigoBulaProfissional":null,"dataVencimentoRegistro":"2019-09-01T00:00:00.000-0300","principioAtivo":null,"medicamentoReferencia":null,"categoriaRegulatoria":"Fitoterápico","classeTerapeutica":null,"atc":null,"processosMedidaCautelar":[],"empresa":{"cnpj":"01858973000129","razaoSocial":"AIRELA INDÚSTRIA FARMACÊUTICA LTDA.","numeroAutorizacao":"1044938"},"processo":{"numero":"25351002115200411","situacao":29},"apresentacoes":[{"codigo":438203,"apresentacao":"30 MG CAP GEL DURA CT BL AL PLAS INC X 45","formasFarmaceuticas":["CAPSULA GELATINOSA DURA"],"numero":1,"tonalidade":null,"dataPublicacao":"2004-09-15T00:00:00.000-0300","validade":"24","tipoValidade":"2","registro":"1449300490015","principiosAtivos":["TANACETUM PARTHENIUM (L.) SCH.BIP."],"complemento":null,"embalagemPrimaria":null,"embalagemSecundaria":{"tipo":"CARTUCHO DE CARTOLINA","observacao":null},"embalagemSecundariaTodas":[{"tipo":"BLISTER DE ALUMINIO/PLASTICO TRANSPARENTE","observacao":null},{"tipo":"CARTUCHO DE CARTOLINA","observacao":null}],"envoltorios":[],"acessorios":[],"acondicionamento":null,"marcas":[],"fabricantesNacionais":[],"fabricantesInternacionais":[],"viasAdministracao":["ORAL 1"],"ifaUnico":true,"conservacao":["CONSERVAR EM  TEMPERATURA AMBIENTE ( AMBIENTE COM TEMPERATURA ENTRE 15 E 30ºC)","PROTEGER DA LUZ E UMIDADE"],"restricaoPrescricao":["Venda sob Prescrição Médica"],"restricaoUso":[],"destinacao":["Comercial"],"restricaoHospitais":null,"tarja":null,"medicamentoReferencia":"N","apresentacaoFracionada":"N","dataVencimentoRegistro":null,"inativa":true,"emAnalise":false,"tipoAutorizacao":"REGISTRADO","ativa":false},{"codigo":438206,"apresentacao":"30 MG CAP GEL DURA CT BL AL PLAS INC X 60","formasFarmaceuticas":["CAPSULA GELATINOSA DURA"],"numero":2,"tonalidade":null,"dataPublicacao":"2004-09-15T00:00:00.000-0300","validade":"24","tipoValidade":"2","registro":"1449300490023","principiosAtivos":["TANACETUM PARTHENIUM (L.) SCH.BIP."],"complemento":null,"embalagemPrimaria":null,"embalagemSecundaria":{"tipo":"CARTUCHO DE CARTOLINA","observacao":null},"embalagemSecundariaTodas":[{"tipo":"CARTUCHO DE CARTOLINA","observacao":null},{"tipo":"BLISTER DE ALUMINIO/PLASTICO TRANSPARENTE","observacao":null}],"envoltorios":[],"acessorios":[],"acondicionamento":null,"marcas":[],"fabricantesNacionais":[],"fabricantesInternacionais":[],"viasAdministracao":["ORAL 1"],"ifaUnico":true,"conservacao":["CONSERVAR EM  TEMPERATURA AMBIENTE ( AMBIENTE COM TEMPERATURA ENTRE 15 E 30ºC)","PROTEGER DA LUZ E UMIDADE"],"restricaoPrescricao":["Venda sob Prescrição Médica"],"restricaoUso":[],"destinacao":["Comercial"],"restricaoHospitais":null,"tarja":null,"medicamentoReferencia":"N","apresentacaoFracionada":"N","dataVencimentoRegistro":null,"inativa":true,"emAnalise":false,"tipoAutorizacao":"REGISTRADO","ativa":false},{"codigo":909391,"apresentacao":"30 MG CAP GEL DURA CT BL AL PLAS INC X 100 (EMB MULT)","formasFarmaceuticas":["CAPSULA GELATINOSA DURA"],"numero":3,"tonalidade":null,"dataPublicacao":"2004-09-15T00:00:00.000-0300","validade":"24","tipoValidade":"2","registro":null,"principiosAtivos":["TANACETUM PARTHENIUM (L.) SCH.BIP."],"complemento":null,"embalagemPrimaria":{"tipo":"BLISTER DE ALUMINIO/PLASTICO TRANSPARENTE","observacao":null},"embalagemSecundaria":{"tipo":"CARTUCHO DE CARTOLINA","observacao":null},"embalagemSecundariaTodas":[{"tipo":"CARTUCHO DE CARTOLINA","observacao":null}],"envoltorios":[],"acessorios":[],"acondicionamento":null,"marcas":[],"fabricantesNacionais":[{"fabricante":"AIRELA INDÚSTRIA FARMACÊUTICA LTDA.","cnpj":"01858973000129","pais":"BRASIL","uf":"SC","cidade":"PEDRAS GRANDES","etapaFabricacao":null}],"fabricantesInternacionais":[],"viasAdministracao":["ORAL"],"ifaUnico":true,"conservacao":["CONSERVAR EM  TEMPERATURA AMBIENTE ( AMBIENTE COM TEMPERATURA ENTRE 15 E 30ºC)","PROTEGER DA LUZ E UMIDADE"],"restricaoPrescricao":["Venda sob Prescrição Médica"],"restricaoUso":[],"destinacao":["Comercial"],"restricaoHospitais":null,"tarja":null,"medicamentoReferencia":"N","apresentacaoFracionada":"N","dataVencimentoRegistro":null,"inativa":true,"emAnalise":false,"tipoAutorizacao":"REGISTRADO","ativa":false},{"codigo":909392,"apresentacao":"30 MG CAP GEL DURA CT BL AL PLAS INC X 120 (EMB MULT)","formasFarmaceuticas":["CAPSULA GELATINOSA DURA"],"numero":4,"tonalidade":null,"dataPublicacao":"2004-09-15T00:00:00.000-0300","validade":"24","tipoValidade":"2","registro":null,"principiosAtivos":["TANACETUM PARTHENIUM (L.) SCH.BIP."],"complemento":null,"embalagemPrimaria":{"tipo":"BLISTER DE ALUMINIO/PLASTICO TRANSPARENTE","observacao":null},"embalagemSecundaria":{"tipo":"CARTUCHO DE CARTOLINA","observacao":null},"embalagemSecundariaTodas":[{"tipo":"CARTUCHO DE CARTOLINA","observacao":null}],"envoltorios":[],"acessorios":[],"acondicionamento":null,"marcas":[],"fabricantesNacionais":[{"fabricante":"AIRELA INDÚSTRIA FARMACÊUTICA LTDA.","cnpj":"01858973000129","pais":"BRASIL","uf":"SC","cidade":"PEDRAS GRANDES","etapaFabricacao":null}],"fabricantesInternacionais":[],"viasAdministracao":["ORAL"],"ifaUnico":true,"conservacao":["CONSERVAR EM  TEMPERATURA AMBIENTE ( AMBIENTE COM TEMPERATURA ENTRE 15 E 30ºC)","PROTEGER DA LUZ E UMIDADE"],"restricaoPrescricao":["Venda sob Prescrição Médica"],"restricaoUso":[],"destinacao":["Comercial"],"restricaoHospitais":null,"tarja":null,"medicamentoReferencia":"N","apresentacaoFracionada":"N","dataVencimentoRegistro":null,"inativa":true,"emAnalise":false,"tipoAutorizacao":"REGISTRADO","ativa":false},{"codigo":909735,"apresentacao":"30 MG CAP GEL DURA CT BL AL PLAS INC X 200 (EMB MULT)","formasFarmaceuticas":["CAPSULA GELATINOSA DURA"],"numero":5,"tonalidade":null,"dataPublicacao":"2004-09-15T00:00:00.000-0300","validade":"24","tipoValidade":"2","registro":null,"principiosAtivos":["TANACETUM PARTHENIUM (L.) SCH.BIP."],"complemento":null,"embalagemPrimaria":{"tipo":"BLISTER DE ALUMINIO/PLASTICO TRANSPARENTE","observacao":null},"embalagemSecundaria":{"tipo":"CARTUCHO DE CARTOLINA","observacao":null},"embalagemSecundariaTodas":[{"tipo":"CARTUCHO DE CARTOLINA","observacao":null}],"envoltorios":[],"acessorios":[],"acondicionamento":null,"marcas":[],"fabricantesNacionais":[{"fabricante":"AIRELA INDÚSTRIA FARMACÊUTICA LTDA.","cnpj":"01858973000129","pais":"BRASIL","uf":"SC","cidade":"PEDRAS GRANDES","etapaFabricacao":null}],"fabricantesInternacionais":[],"viasAdministracao":["ORAL"],"ifaUnico":true,"conservacao":["CONSERVAR EM  TEMPERATURA AMBIENTE ( AMBIENTE COM TEMPERATURA ENTRE 15 E 30ºC)","PROTEGER DA LUZ E UMIDADE"],"restricaoPrescricao":["Venda sob Prescrição Médica"],"restricaoUso":[],"destinacao":["Comercial"],"restricaoHospitais":null,"tarja":null,"medicamentoReferencia":"N","apresentacaoFracionada":"N","dataVencimentoRegistro":null,"inativa":true,"emAnalise":false,"tipoAutorizacao":"REGISTRADO","ativa":false},{"codigo":909737,"apresentacao":"30 MG CAP GEL DURA CT BL AL PLAS INC X 240 (EMB MULT)","formasFarmaceuticas":["CAPSULA GELATINOSA DURA"],"numero":6,"tonalidade":null,"dataPublicacao":"2004-09-15T00:00:00.000-0300","validade":"24","tipoValidade":"2","registro":null,"principiosAtivos":["TANACETUM PARTHENIUM (L.) SCH.BIP."],"complemento":null,"embalagemPrimaria":{"tipo":"BLISTER DE ALUMINIO/PLASTICO TRANSPARENTE","observacao":null},"embalagemSecundaria":{"tipo":"CARTUCHO DE CARTOLINA","observacao":null},"embalagemSecundariaTodas":[{"tipo":"CARTUCHO DE CARTOLINA","observacao":null}],"envoltorios":[],"acessorios":[],"acondicionamento":null,"marcas":[],"fabricantesNacionais":[{"fabricante":"AIRELA INDÚSTRIA FARMACÊUTICA LTDA.","cnpj":"01858973000129","pais":"BRASIL","uf":"SC","cidade":"PEDRAS GRANDES","etapaFabricacao":null}],"fabricantesInternacionais":[],"viasAdministracao":["ORAL"],"ifaUnico":true,"conservacao":["CONSERVAR EM  TEMPERATURA AMBIENTE ( AMBIENTE COM TEMPERATURA ENTRE 15 E 30ºC)","PROTEGER DA LUZ E UMIDADE"],"restricaoPrescricao":["Venda sob Prescrição Médica"],"restricaoUso":[],"destinacao":["Comercial"],"restricaoHospitais":null,"tarja":null,"medicamentoReferencia":"N","apresentacaoFracionada":"N","dataVencimentoRegistro":null,"inativa":true,"emAnalise":false,"tipoAutorizacao":"REGISTRADO","ativa":false},{"codigo":909740,"apresentacao":"30 MG CAP GEL DURA CT BL AL PLAS INC X 480 (EMB MULT)","formasFarmaceuticas":["CAPSULA GELATINOSA DURA"],"numero":7,"tonalidade":null,"dataPublicacao":"2004-09-15T00:00:00.000-0300","validade":"24","tipoValidade":"2","registro":null,"principiosAtivos":["TANACETUM PARTHENIUM (L.) SCH.BIP."],"complemento":null,"embalagemPrimaria":{"tipo":"BLISTER DE ALUMINIO/PLASTICO TRANSPARENTE","observacao":null},"embalagemSecundaria":{"tipo":"CARTUCHO DE CARTOLINA","observacao":null},"embalagemSecundariaTodas":[{"tipo":"CARTUCHO DE CARTOLINA","observacao":null}],"envoltorios":[],"acessorios":[],"acondicionamento":null,"marcas":[],"fabricantesNacionais":[{"fabricante":"AIRELA INDÚSTRIA FARMACÊUTICA LTDA.","cnpj":"01858973000129","pais":"BRASIL","uf":"SC","cidade":"PEDRAS GRANDES","etapaFabricacao":null}],"fabricantesInternacionais":[],"viasAdministracao":["ORAL"],"ifaUnico":true,"conservacao":["CONSERVAR EM  TEMPERATURA AMBIENTE ( AMBIENTE COM TEMPERATURA ENTRE 15 E 30ºC)","PROTEGER DA LUZ E UMIDADE"],"restricaoPrescricao":["Venda sob Prescrição Médica"],"restricaoUso":[],"destinacao":["Comercial"],"restricaoHospitais":null,"tarja":null,"medicamentoReferencia":"N","apresentacaoFracionada":"N","dataVencimentoRegistro":null,"inativa":true,"emAnalise":false,"tipoAutorizacao":"REGISTRADO","ativa":false},{"codigo":1048934,"apresentacao":"30 MG CAP GEL DURA CT BL AL PLAS INC X 240 (EMB HOSP)","formasFarmaceuticas":["CAPSULA GELATINOSA DURA"],"numero":8,"tonalidade":null,"dataPublicacao":"2004-09-15T00:00:00.000-0300","validade":"24","tipoValidade":"2","registro":"1449300490082","principiosAtivos":["TANACETUM PARTHENIUM (L.) SCH.BIP."],"complemento":null,"embalagemPrimaria":null,"embalagemSecundaria":{"tipo":"CARTUCHO DE CARTOLINA","observacao":null},"embalagemSecundariaTodas":[{"tipo":"BLISTER DE ALUMINIO/PLASTICO TRANSPARENTE","observacao":null},{"tipo":"CARTUCHO DE CARTOLINA","observacao":null}],"envoltorios":[],"acessorios":[],"acondicionamento":null,"marcas":[],"fabricantesNacionais":[],"fabricantesInternacionais":[],"viasAdministracao":["ORAL 1"],"ifaUnico":true,"conservacao":["CONSERVAR EM  TEMPERATURA AMBIENTE ( AMBIENTE COM TEMPERATURA ENTRE 15 E 30ºC)","PROTEGER DA LUZ E UMIDADE"],"restricaoPrescricao":["Venda sob Prescrição Médica"],"restricaoUso":[],"destinacao":["Comercial"],"restricaoHospitais":null,"tarja":null,"medicamentoReferencia":"N","apresentacaoFracionada":"N","dataVencimentoRegistro":null,"inativa":true,"emAnalise":false,"tipoAutorizacao":"REGISTRADO","ativa":false},{"codigo":1771147,"apresentacao":"30 MG CAP GEL DURA CT BL AL PLAS INC X 10","formasFarmaceuticas":["CAPSULA GELATINOSA DURA"],"numero":9,"tonalidade":null,"dataPublicacao":"2004-09-15T00:00:00.000-0300","validade":"24","tipoValidade":"2","registro":"1449300490090","principiosAtivos":["TANACETUM PARTHENIUM (L.) SCH.BIP."],"complemento":null,"embalagemPrimaria":null,"embalagemSecundaria":{"tipo":"CARTUCHO DE CARTOLINA","observacao":null},"embalagemSecundariaTodas":[{"tipo":"BLISTER DE ALUMINIO/PLASTICO TRANSPARENTE","observacao":null},{"tipo":"CARTUCHO DE CARTOLINA","observacao":null}],"envoltorios":[],"acessorios":[],"acondicionamento":null,"marcas":[],"fabricantesNacionais":[],"fabricantesInternacionais":[],"viasAdministracao":["ORAL"],"ifaUnico":true,"conservacao":["CONSERVAR EM  TEMPERATURA AMBIENTE ( AMBIENTE COM TEMPERATURA ENTRE 15 E 30ºC)","PROTEGER DA LUZ E UMIDADE"],"restricaoPrescricao":["Venda sob Prescrição Médica"],"restricaoUso":[],"destinacao":["Comercial"],"restricaoHospitais":null,"tarja":null,"medicamentoReferencia":"N","apresentacaoFracionada":"N","dataVencimentoRegistro":null,"inativa":true,"emAnalise":false,"tipoAutorizacao":"REGISTRADO","ativa":false},{"codigo":1771148,"apresentacao":"30 MG CAP GEL DURA CT BL AL PLAS INC X 15","formasFarmaceuticas":["CAPSULA GELATINOSA DURA"],"numero":10,"tonalidade":null,"dataPublicacao":"2004-09-15T00:00:00.000-0300","validade":"24","tipoValidade":"2","registro":"1449300490104","principiosAtivos":["TANACETUM PARTHENIUM (L.) SCH.BIP."],"complemento":null,"embalagemPrimaria":null,"embalagemSecundaria":{"tipo":"CARTUCHO DE CARTOLINA","observacao":null},"embalagemSecundariaTodas":[{"tipo":"BLISTER DE ALUMINIO/PLASTICO TRANSPARENTE","observacao":null},{"tipo":"CARTUCHO DE CARTOLINA","observacao":null}],"envoltorios":[],"acessorios":[],"acondicionamento":null,"marcas":[],"fabricantesNacionais":[],"fabricantesInternacionais":[],"viasAdministracao":["ORAL"],"ifaUnico":true,"conservacao":["CONSERVAR EM  TEMPERATURA AMBIENTE ( AMBIENTE COM TEMPERATURA ENTRE 15 E 30ºC)","PROTEGER DA LUZ E UMIDADE"],"restricaoPrescricao":["Venda sob Prescrição Médica"],"restricaoUso":[],"destinacao":["Comercial"],"restricaoHospitais":null,"tarja":null,"medicamentoReferencia":"N","apresentacaoFracionada":"N","dataVencimentoRegistro":null,"inativa":true,"emAnalise":false,"tipoAutorizacao":"REGISTRADO","ativa":false},{"codigo":1771149,"apresentacao":"30 MG CAP GEL DURA CT BL AL PLAS INC X 20","formasFarmaceuticas":["CAPSULA GELATINOSA DURA"],"numero":11,"tonalidade":null,"dataPublicacao":"2004-09-15T00:00:00.000-0300","validade":"24","tipoValidade":"2","registro":"1449300490112","principiosAtivos":["TANACETUM PARTHENIUM (L.) SCH.BIP."],"complemento":null,"embalagemPrimaria":null,"embalagemSecundaria":{"tipo":"CARTUCHO DE CARTOLINA","observacao":null},"embalagemSecundariaTodas":[{"tipo":"BLISTER DE ALUMINIO/PLASTICO TRANSPARENTE","observacao":null},{"tipo":"CARTUCHO DE CARTOLINA","observacao":null}],"envoltorios":[],"acessorios":[],"acondicionamento":null,"marcas":[],"fabricantesNacionais":[],"fabricantesInternacionais":[],"viasAdministracao":["ORAL"],"ifaUnico":true,"conservacao":["CONSERVAR EM  TEMPERATURA AMBIENTE ( AMBIENTE COM TEMPERATURA ENTRE 15 E 30ºC)","PROTEGER DA LUZ E UMIDADE"],"restricaoPrescricao":["Venda sob Prescrição Médica"],"restricaoUso":[],"destinacao":["Comercial"],"restricaoHospitais":null,"tarja":null,"medicamentoReferencia":"N","apresentacaoFracionada":"N","dataVencimentoRegistro":null,"inativa":true,"emAnalise":false,"tipoAutorizacao":"REGISTRADO","ativa":false},{"codigo":1771150,"apresentacao":"30 MG CAP GEL DURA CT BL AL PLAS INC X 30","formasFarmaceuticas":["CAPSULA GELATINOSA DURA"],"numero":12,"tonalidade":null,"dataPublicacao":"2004-09-15T00:00:00.000-0300","validade":"24","tipoValidade":"2","registro":"1449300490120","principiosAtivos":["TANACETUM PARTHENIUM (L.) SCH.BIP."],"complemento":null,"embalagemPrimaria":null,"embalagemSecundaria":{"tipo":"CARTUCHO DE CARTOLINA","observacao":null},"embalagemSecundariaTodas":[{"tipo":"BLISTER DE ALUMINIO/PLASTICO TRANSPARENTE","observacao":null},{"tipo":"CARTUCHO DE CARTOLINA","observacao":null}],"envoltorios":[],"acessorios":[],"acondicionamento":null,"marcas":[],"fabricantesNacionais":[],"fabricantesInternacionais":[],"viasAdministracao":["ORAL"],"ifaUnico":true,"conservacao":["CONSERVAR EM  TEMPERATURA AMBIENTE ( AMBIENTE COM TEMPERATURA ENTRE 15 E 30ºC)","PROTEGER DA LUZ E UMIDADE"],"restricaoPrescricao":["Venda sob Prescrição Médica"],"restricaoUso":[],"destinacao":["Comercial"],"restricaoHospitais":null,"tarja":null,"medicamentoReferencia":"N","apresentacaoFracionada":"N","dataVencimentoRegistro":null,"inativa":true,"emAnalise":false,"tipoAutorizacao":"REGISTRADO","ativa":false}],"rotulos":[],"anexoRotulos":[],"tipoAutorizacao":"REGISTRADO"}