{"codigoProduto":688671,"tipoProduto":1,"dataProduto":"2010-05-17T00:00:00.000-0300","nomeComercial":"CIPROANT","classesTerapeuticas":["ANTIBIOTICOS SISTEMICOS SIMPLES"],"numeroRegistro":"156200015","dataVencimento":null,"mesAnoVencimento":"012013","codigoParecerPublico":null,"codigoBulaPaciente":null,"codigoBulaProfissional":null,"dataVencimentoRegistro":"2013-01-01T00:00:00.000-0300","principioAtivo":null,"medicamentoReferencia":null,"categoriaRegulatoria":null,"classeTerapeutica":null,"atc":null,"processosMedidaCautelar":[],"empresa":{"cnpj":"03993167000199","razaoSocial":"VIDFARMA INDÚSTRIA DE MEDICAMENTOS LTDA","numeroAutorizacao":"1056202"},"processo":{"numero":"25351823729200811","situacao":29},"apresentacoes":[{"codigo":1039099,"apresentacao":"250 MG COM REV CT BL AL PLAS INC X 6","formasFarmaceuticas":["COMPRIMIDO REVESTIDO"],"numero":1,"tonalidade":null,"dataPublicacao":"2010-05-17T00:00:00.000-0300","validade":"36","tipoValidade":"2","registro":"1562000150018","principiosAtivos":["CLORIDRATO DE CIPROFLOXACINO "],"complemento":null,"embalagemPrimaria":{"tipo":"BLISTER DE ALUMINIO/PLASTICO TRANSPARENTE","observacao":null},"embalagemSecundaria":{"tipo":"CARTUCHO DE CARTOLINA","observacao":null},"embalagemSecundariaTodas":[{"tipo":"CARTUCHO DE CARTOLINA","observacao":null}],"envoltorios":[],"acessorios":[],"acondicionamento":null,"marcas":[],"fabricantesNacionais":[{"fabricante":"EVERSIL PRODUTOS FTCOS IND COM LTDA","cnpj":"61158267000104","pais":"BRASIL","uf":"SP","cidade":"SÃO PAULO","etapaFabricacao":null}],"fabricantesInternacionais":[],"viasAdministracao":["ORAL"],"ifaUnico":true,"conservacao":["CONSERVAR EM  TEMPERATURA AMBIENTE ( AMBIENTE COM TEMPERATURA ENTRE 15 E 30ºC)","PROTEGER DA LUZ E UMIDADE"],"restricaoPrescricao":["Venda sob Prescrição Médica"],"restricaoUso":[],"destinacao":["Comercial"],"restricaoHospitais":null,"tarja":null,"medicamentoReferencia":"N","apresentacaoFracionada":"N","dataVencimentoRegistro":null,"tipoAutorizacao":"REGISTRADO","ativa":false,"inativa":true,"emAnalise":false},{"codigo":1039100,"apresentacao":"250 MG COM REV CT BL AL PLAS INC X 14","formasFarmaceuticas":["COMPRIMIDO REVESTIDO"],"numero":2,"tonalidade":null,"dataPublicacao":"2010-05-17T00:00:00.000-0300","validade":"36","tipoValidade":"2","registro":"1562000150026","principiosAtivos":["CLORIDRATO DE CIPROFLOXACINO "],"complemento":null,"embalagemPrimaria":{"tipo":"BLISTER DE ALUMINIO/PLASTICO TRANSPARENTE","observacao":null},"embalagemSecundaria":{"tipo":"CARTUCHO DE CARTOLINA","observacao":null},"embalagemSecundariaTodas":[{"tipo":"CARTUCHO DE CARTOLINA","observacao":null}],"envoltorios":[],"acessorios":[],"acondicionamento":null,"marcas":[],"fabricantesNacionais":[{"fabricante":"EVERSIL PRODUTOS FTCOS IND COM LTDA","cnpj":"61158267000104","pais":"BRASIL","uf":"SP","cidade":"SÃO PAULO","etapaFabricacao":null}],"fabricantesInternacionais":[],"viasAdministracao":["ORAL"],"ifaUnico":true,"conservacao":["CONSERVAR EM  TEMPERATURA AMBIENTE ( AMBIENTE COM TEMPERATURA ENTRE 15 E 30ºC)","PROTEGER DA LUZ E UMIDADE"],"restricaoPrescricao":["Venda sob Prescrição Médica"],"restricaoUso":[],"destinacao":["Comercial"],"restricaoHospitais":null,"tarja":null,"medicamentoReferencia":"N","apresentacaoFracionada":"N","dataVencimentoRegistro":null,"tipoAutorizacao":"REGISTRADO","ativa":false,"inativa":true,"emAnalise":false}],"rotulos":[],"anexoRotulos":[],"tipoAutorizacao":"REGISTRADO"}