{"codigoProduto":536207,"tipoProduto":1,"dataProduto":"2007-09-17T00:00:00.000-0300","nomeComercial":"CARNITINE","classesTerapeuticas":["VITAMINAS"],"numeroRegistro":"163280002","dataVencimento":null,"mesAnoVencimento":"092012","codigoParecerPublico":null,"codigoBulaPaciente":null,"codigoBulaProfissional":null,"dataVencimentoRegistro":"2012-09-01T00:00:00.000-0300","principioAtivo":null,"medicamentoReferencia":null,"categoriaRegulatoria":"Específico","classeTerapeutica":null,"atc":null,"processosMedidaCautelar":[],"empresa":{"cnpj":"56307911000110","razaoSocial":"PROBIÓTICA LABORATÓRIOS LTDA","numeroAutorizacao":"1063281"},"processo":{"numero":"25351335136200763","situacao":31},"apresentacoes":[{"codigo":744970,"apresentacao":"33.33 MG/ML SOL OR FRAS PLAS OPC X 500 ML ","formasFarmaceuticas":["SOLUÇAO ORAL"],"numero":1,"tonalidade":null,"dataPublicacao":"2007-09-17T00:00:00.000-0300","validade":"24","tipoValidade":"2","registro":"1632800020016","principiosAtivos":["LEVOCARNITINA"],"complemento":null,"embalagemPrimaria":{"tipo":"FRASCO DE PLASTICO OPACO","observacao":null},"embalagemSecundaria":null,"embalagemSecundariaTodas":[],"envoltorios":[],"acessorios":[],"acondicionamento":null,"marcas":[],"fabricantesNacionais":[{"fabricante":"PROBIÓTICA LABORATÓRIOS LTDA","cnpj":"56307911000110","pais":"BRASIL","uf":"SP","cidade":"EMBU DAS ARTES","etapaFabricacao":null}],"fabricantesInternacionais":[],"viasAdministracao":["ORAL"],"ifaUnico":true,"conservacao":["CONSERVAR EM  TEMPERATURA AMBIENTE ( AMBIENTE COM TEMPERATURA ENTRE 15 E 30ºC)","PROTEGER DA LUZ E UMIDADE"],"restricaoPrescricao":["Venda sob Prescrição Médica"],"restricaoUso":[],"destinacao":["Comercial"],"restricaoHospitais":null,"tarja":null,"medicamentoReferencia":"N","apresentacaoFracionada":"N","dataVencimentoRegistro":null,"tipoAutorizacao":"REGISTRADO","ativa":false,"inativa":true,"emAnalise":false},{"codigo":744971,"apresentacao":"33.33 MG/ML SOL OR FRAS PLAS OPC X 400 ML","formasFarmaceuticas":["SOLUÇAO ORAL"],"numero":2,"tonalidade":null,"dataPublicacao":"2007-09-17T00:00:00.000-0300","validade":"24","tipoValidade":"2","registro":"1632800020024","principiosAtivos":["LEVOCARNITINA"],"complemento":null,"embalagemPrimaria":{"tipo":"FRASCO DE PLASTICO OPACO","observacao":null},"embalagemSecundaria":null,"embalagemSecundariaTodas":[],"envoltorios":[],"acessorios":[],"acondicionamento":null,"marcas":[],"fabricantesNacionais":[{"fabricante":"PROBIÓTICA LABORATÓRIOS LTDA","cnpj":"56307911000110","pais":"BRASIL","uf":"SP","cidade":"EMBU DAS ARTES","etapaFabricacao":null}],"fabricantesInternacionais":[],"viasAdministracao":["ORAL"],"ifaUnico":true,"conservacao":["CONSERVAR EM  TEMPERATURA AMBIENTE ( AMBIENTE COM TEMPERATURA ENTRE 15 E 30ºC)","PROTEGER DA LUZ E UMIDADE"],"restricaoPrescricao":["Venda sob Prescrição Médica"],"restricaoUso":[],"destinacao":["Comercial"],"restricaoHospitais":null,"tarja":null,"medicamentoReferencia":"N","apresentacaoFracionada":"N","dataVencimentoRegistro":null,"tipoAutorizacao":"REGISTRADO","ativa":false,"inativa":true,"emAnalise":false},{"codigo":744972,"apresentacao":"33.33 MG/ML SOL OR FRAS PLAS OPC X 360 ML","formasFarmaceuticas":["SOLUÇAO ORAL"],"numero":3,"tonalidade":null,"dataPublicacao":"2007-09-17T00:00:00.000-0300","validade":"24","tipoValidade":"2","registro":"1632800020032","principiosAtivos":["LEVOCARNITINA"],"complemento":null,"embalagemPrimaria":{"tipo":"FRASCO DE PLASTICO OPACO","observacao":null},"embalagemSecundaria":null,"embalagemSecundariaTodas":[],"envoltorios":[],"acessorios":[],"acondicionamento":null,"marcas":[],"fabricantesNacionais":[{"fabricante":"PROBIÓTICA LABORATÓRIOS LTDA","cnpj":"56307911000110","pais":"BRASIL","uf":"SP","cidade":"EMBU DAS ARTES","etapaFabricacao":null}],"fabricantesInternacionais":[],"viasAdministracao":["ORAL"],"ifaUnico":true,"conservacao":["CONSERVAR EM  TEMPERATURA AMBIENTE ( AMBIENTE COM TEMPERATURA ENTRE 15 E 30ºC)","PROTEGER DA LUZ E UMIDADE"],"restricaoPrescricao":["Venda sob Prescrição Médica"],"restricaoUso":[],"destinacao":["Comercial"],"restricaoHospitais":null,"tarja":null,"medicamentoReferencia":"N","apresentacaoFracionada":"N","dataVencimentoRegistro":null,"tipoAutorizacao":"REGISTRADO","ativa":false,"inativa":true,"emAnalise":false},{"codigo":744973,"apresentacao":"33.33 MG/ML SOL OR FRAS PLAS OPC X 200 ML ","formasFarmaceuticas":["SOLUÇAO ORAL"],"numero":4,"tonalidade":null,"dataPublicacao":"2007-09-17T00:00:00.000-0300","validade":"24","tipoValidade":"2","registro":"1632800020040","principiosAtivos":["LEVOCARNITINA"],"complemento":null,"embalagemPrimaria":{"tipo":"FRASCO DE PLASTICO OPACO","observacao":null},"embalagemSecundaria":null,"embalagemSecundariaTodas":[],"envoltorios":[],"acessorios":[],"acondicionamento":null,"marcas":[],"fabricantesNacionais":[{"fabricante":"PROBIÓTICA LABORATÓRIOS LTDA","cnpj":"56307911000110","pais":"BRASIL","uf":"SP","cidade":"EMBU DAS ARTES","etapaFabricacao":null}],"fabricantesInternacionais":[],"viasAdministracao":["ORAL"],"ifaUnico":true,"conservacao":["CONSERVAR EM  TEMPERATURA AMBIENTE ( AMBIENTE COM TEMPERATURA ENTRE 15 E 30ºC)","PROTEGER DA LUZ E UMIDADE"],"restricaoPrescricao":["Venda sob Prescrição Médica"],"restricaoUso":[],"destinacao":["Comercial"],"restricaoHospitais":null,"tarja":null,"medicamentoReferencia":"N","apresentacaoFracionada":"N","dataVencimentoRegistro":null,"tipoAutorizacao":"REGISTRADO","ativa":false,"inativa":true,"emAnalise":false},{"codigo":744974,"apresentacao":"33.33 MG/ML SOL OR FRAS PLAS OPC X 100 ML ","formasFarmaceuticas":["SOLUÇAO ORAL"],"numero":5,"tonalidade":null,"dataPublicacao":"2007-09-17T00:00:00.000-0300","validade":"24","tipoValidade":"2","registro":"1632800020059","principiosAtivos":["LEVOCARNITINA"],"complemento":null,"embalagemPrimaria":{"tipo":"FRASCO DE PLASTICO OPACO","observacao":null},"embalagemSecundaria":null,"embalagemSecundariaTodas":[],"envoltorios":[],"acessorios":[],"acondicionamento":null,"marcas":[],"fabricantesNacionais":[{"fabricante":"PROBIÓTICA LABORATÓRIOS LTDA","cnpj":"56307911000110","pais":"BRASIL","uf":"SP","cidade":"EMBU DAS ARTES","etapaFabricacao":null}],"fabricantesInternacionais":[],"viasAdministracao":["ORAL"],"ifaUnico":true,"conservacao":["CONSERVAR EM  TEMPERATURA AMBIENTE ( AMBIENTE COM TEMPERATURA ENTRE 15 E 30ºC)","PROTEGER DA LUZ E UMIDADE"],"restricaoPrescricao":["Venda sob Prescrição Médica"],"restricaoUso":[],"destinacao":["Comercial"],"restricaoHospitais":null,"tarja":null,"medicamentoReferencia":"N","apresentacaoFracionada":"N","dataVencimentoRegistro":null,"tipoAutorizacao":"REGISTRADO","ativa":false,"inativa":true,"emAnalise":false}],"rotulos":[],"anexoRotulos":[],"tipoAutorizacao":"REGISTRADO"}