{"codigoProduto":1022296,"tipoProduto":1,"dataProduto":"2015-06-22T00:00:00.000-0300","nomeComercial":"KOLANTYL","classesTerapeuticas":["ANTIACIDO"],"numeroRegistro":"183260190","dataVencimento":null,"mesAnoVencimento":"082016","codigoParecerPublico":null,"codigoBulaPaciente":"eyJhbGciOiJIUzUxMiJ9.eyJqdGkiOiIzMDAzODE1IiwibmJmIjoxNzE5NDA3OTYzLCJleHAiOjE3MTk0MDgyNjN9.lJMir6A_WWOCQlrT3CsAtpxn9nhhhEnxD-L9K495Kg2nZY2jjppvu9RR1kJ6HKSgCXQjA_0haTuWmti1KlO44w","codigoBulaProfissional":"eyJhbGciOiJIUzUxMiJ9.eyJqdGkiOiIzMDAzODE2IiwibmJmIjoxNzE5NDA3OTYzLCJleHAiOjE3MTk0MDgyNjN9.Og44LnbHcRc-igw_SadjPR9ySM7XVC3hy8A8kRFBjlz46wVocLOzkw3rlG5FTsKuEimkleeQiIRCyNRKfMKHkg","dataVencimentoRegistro":"2016-08-01T00:00:00.000-0300","principioAtivo":null,"medicamentoReferencia":null,"categoriaRegulatoria":"Específico","classeTerapeutica":null,"atc":null,"processosMedidaCautelar":[],"empresa":{"cnpj":"10588595001092","razaoSocial":"SANOFI MEDLEY FARMACÊUTICA LTDA.","numeroAutorizacao":"1083267"},"processo":{"numero":"25351700305201409","situacao":29},"apresentacoes":[{"codigo":1592939,"apresentacao":"(240 + 144 + 90) MG COM MAST CT BL AL PLAS AMB X 120","formasFarmaceuticas":["COMPRIMIDO MASTIGAVEL"],"numero":1,"tonalidade":null,"dataPublicacao":"2015-06-22T00:00:00.000-0300","validade":"24","tipoValidade":"2","registro":"1832601900019","principiosAtivos":["HIDROXIDO DE ALUMÍNIO","HIDROXIDO DE MAGNESIO","TRISSILICATO DE MAGNÉSIO"],"complemento":null,"embalagemPrimaria":{"tipo":"BLISTER DE ALUMINIO/PLASTICO AMBAR","observacao":null},"embalagemSecundaria":{"tipo":"CARTUCHO DE CARTOLINA","observacao":null},"embalagemSecundariaTodas":[{"tipo":"CARTUCHO DE CARTOLINA","observacao":null}],"envoltorios":[],"acessorios":[],"acondicionamento":null,"marcas":[],"fabricantesNacionais":[{"fabricante":"MEDLEY INDÚSTRIA FARMACÊUTICA LTDA","cnpj":"50929710000179","pais":"BRASIL","uf":"SP","cidade":"CAMPINAS","etapaFabricacao":null}],"fabricantesInternacionais":[],"viasAdministracao":["ORAL"],"ifaUnico":false,"conservacao":["CONSERVAR EM  TEMPERATURA AMBIENTE ( AMBIENTE COM TEMPERATURA ENTRE 15 E 30ºC)","PROTEGER DA LUZ E UMIDADE"],"restricaoPrescricao":[],"restricaoUso":[],"destinacao":[],"restricaoHospitais":null,"tarja":null,"medicamentoReferencia":"N","apresentacaoFracionada":"N","dataVencimentoRegistro":null,"ativa":false,"tipoAutorizacao":"REGISTRADO","inativa":true,"emAnalise":false},{"codigo":1592940,"apresentacao":"(40 + 30) MG/ML SUS OR CT FR VD AMB X 200 ML","formasFarmaceuticas":["SUSPENSAO ORAL"],"numero":2,"tonalidade":null,"dataPublicacao":"2015-06-22T00:00:00.000-0300","validade":"24","tipoValidade":"2","registro":"1832601900027","principiosAtivos":["HIDROXIDO DE ALUMÍNIO","HIDRÓXIDO DE MAGNÉSIO"],"complemento":" KOLANTYL GEL","embalagemPrimaria":{"tipo":"FRASCO DE VIDRO AMBAR","observacao":null},"embalagemSecundaria":{"tipo":"CARTUCHO DE CARTOLINA","observacao":null},"embalagemSecundariaTodas":[{"tipo":"CARTUCHO DE CARTOLINA","observacao":null}],"envoltorios":[],"acessorios":[],"acondicionamento":null,"marcas":[],"fabricantesNacionais":[{"fabricante":"SANOFI-AVENTIS FARMACÊUTICA LTDA","cnpj":"02685377000823","pais":"BRASIL","uf":"SP","cidade":"SUZANO","etapaFabricacao":null},{"fabricante":"MEDLEY INDÚSTRIA FARMACÊUTICA LTDA","cnpj":"50929710000179","pais":"BRASIL","uf":"SP","cidade":"CAMPINAS","etapaFabricacao":null}],"fabricantesInternacionais":[],"viasAdministracao":["ORAL"],"ifaUnico":false,"conservacao":["CONSERVAR EM  TEMPERATURA AMBIENTE ( AMBIENTE COM TEMPERATURA ENTRE 15 E 30ºC)","PROTEGER DA LUZ"],"restricaoPrescricao":[],"restricaoUso":[],"destinacao":[],"restricaoHospitais":null,"tarja":null,"medicamentoReferencia":"N","apresentacaoFracionada":"N","dataVencimentoRegistro":null,"ativa":false,"tipoAutorizacao":"REGISTRADO","inativa":true,"emAnalise":false},{"codigo":1592941,"apresentacao":"(240 + 144 + 90) MG COM MAST CT BL AL PLAS AMB X 30","formasFarmaceuticas":["COMPRIMIDO MASTIGAVEL"],"numero":3,"tonalidade":null,"dataPublicacao":"2015-06-22T00:00:00.000-0300","validade":"24","tipoValidade":"2","registro":"1832601900035","principiosAtivos":["HIDROXIDO DE ALUMÍNIO","HIDROXIDO DE MAGNESIO","TRISSILICATO DE MAGNÉSIO"],"complemento":null,"embalagemPrimaria":{"tipo":"BLISTER DE ALUMINIO/PLASTICO AMBAR","observacao":null},"embalagemSecundaria":{"tipo":"CARTUCHO DE CARTOLINA","observacao":null},"embalagemSecundariaTodas":[{"tipo":"CARTUCHO DE CARTOLINA","observacao":null}],"envoltorios":[],"acessorios":[],"acondicionamento":null,"marcas":[],"fabricantesNacionais":[{"fabricante":"MEDLEY INDÚSTRIA FARMACÊUTICA LTDA","cnpj":"50929710000179","pais":"BRASIL","uf":"SP","cidade":"CAMPINAS","etapaFabricacao":null}],"fabricantesInternacionais":[],"viasAdministracao":["ORAL"],"ifaUnico":false,"conservacao":["CONSERVAR EM  TEMPERATURA AMBIENTE ( AMBIENTE COM TEMPERATURA ENTRE 15 E 30ºC)","PROTEGER DA LUZ E UMIDADE"],"restricaoPrescricao":[],"restricaoUso":[],"destinacao":[],"restricaoHospitais":null,"tarja":null,"medicamentoReferencia":"N","apresentacaoFracionada":"N","dataVencimentoRegistro":null,"ativa":false,"tipoAutorizacao":"REGISTRADO","inativa":true,"emAnalise":false},{"codigo":1592942,"apresentacao":"(40 + 30) MG/ML SUS OR CT FR VD AMB X 240 ML","formasFarmaceuticas":["SUSPENSAO ORAL"],"numero":4,"tonalidade":null,"dataPublicacao":"2015-06-22T00:00:00.000-0300","validade":"24","tipoValidade":"2","registro":"1832601900043","principiosAtivos":["HIDROXIDO DE ALUMÍNIO","HIDRÓXIDO DE MAGNÉSIO"],"complemento":"KOLANTYL GEL","embalagemPrimaria":{"tipo":"FRASCO DE VIDRO AMBAR","observacao":null},"embalagemSecundaria":{"tipo":"CARTUCHO DE CARTOLINA","observacao":null},"embalagemSecundariaTodas":[{"tipo":"CARTUCHO DE CARTOLINA","observacao":null}],"envoltorios":[],"acessorios":[],"acondicionamento":null,"marcas":[],"fabricantesNacionais":[{"fabricante":"SANOFI-AVENTIS FARMACÊUTICA LTDA","cnpj":"02685377000823","pais":"BRASIL","uf":"SP","cidade":"SUZANO","etapaFabricacao":null},{"fabricante":"MEDLEY INDÚSTRIA FARMACÊUTICA LTDA","cnpj":"50929710000179","pais":"BRASIL","uf":"SP","cidade":"CAMPINAS","etapaFabricacao":null}],"fabricantesInternacionais":[],"viasAdministracao":["ORAL"],"ifaUnico":false,"conservacao":["CONSERVAR EM  TEMPERATURA AMBIENTE ( AMBIENTE COM TEMPERATURA ENTRE 15 E 30ºC)","PROTEGER DA LUZ"],"restricaoPrescricao":[],"restricaoUso":[],"destinacao":["Comercial"],"restricaoHospitais":null,"tarja":null,"medicamentoReferencia":"N","apresentacaoFracionada":"N","dataVencimentoRegistro":null,"ativa":false,"tipoAutorizacao":"REGISTRADO","inativa":true,"emAnalise":false}],"rotulos":[],"anexoRotulos":[],"tipoAutorizacao":"REGISTRADO"}