{"codigoProduto":1022670,"tipoProduto":1,"dataProduto":"2015-04-13T00:00:00.000-0300","nomeComercial":"CLORIDRATO DE FEXOFENADINA","classesTerapeuticas":["ANTI-HISTAMINICOS SISTEMICOS"],"numeroRegistro":"183260029","dataVencimento":null,"mesAnoVencimento":"032020","codigoParecerPublico":null,"codigoBulaPaciente":null,"codigoBulaProfissional":null,"dataVencimentoRegistro":"2020-03-01T00:00:00.000-0300","principioAtivo":null,"medicamentoReferencia":"ALLEGRA ®","categoriaRegulatoria":null,"classeTerapeutica":null,"atc":null,"processosMedidaCautelar":[],"empresa":{"cnpj":"10588595001092","razaoSocial":"SANOFI MEDLEY FARMACÊUTICA LTDA.","numeroAutorizacao":"1083267"},"processo":{"numero":"25351700227201480","situacao":29},"apresentacoes":[{"codigo":1593060,"apresentacao":"30 MG COM REV CT STR AL/AL X 5","formasFarmaceuticas":["COMPRIMIDO REVESTIDO"],"numero":1,"tonalidade":null,"dataPublicacao":"2015-04-13T00:00:00.000-0300","validade":"24","tipoValidade":"2","registro":"1832600290012","principiosAtivos":["CLORIDRATO DE FEXOFENADINA"],"complemento":null,"embalagemPrimaria":{"tipo":"STRIP DE ALUMINIO/ALUMINIO","observacao":null},"embalagemSecundaria":{"tipo":"CARTUCHO DE CARTOLINA","observacao":null},"embalagemSecundariaTodas":[{"tipo":"CARTUCHO DE CARTOLINA","observacao":null}],"envoltorios":[],"acessorios":[],"acondicionamento":null,"marcas":[],"fabricantesNacionais":[{"fabricante":"SANOFI-AVENTIS FARMACÊUTICA LTDA","cnpj":"02685377000823","pais":"BRASIL","uf":"SP","cidade":"SUZANO","etapaFabricacao":null}],"fabricantesInternacionais":[],"viasAdministracao":["ORAL"],"ifaUnico":true,"conservacao":["CONSERVAR EM  TEMPERATURA AMBIENTE ( AMBIENTE COM TEMPERATURA ENTRE 15 E 30ºC)"],"restricaoPrescricao":[],"restricaoUso":[],"destinacao":[],"restricaoHospitais":null,"tarja":null,"medicamentoReferencia":"N","apresentacaoFracionada":"N","dataVencimentoRegistro":null,"inativa":true,"emAnalise":false,"tipoAutorizacao":"REGISTRADO","ativa":false},{"codigo":1593061,"apresentacao":"30 MG COM REV CT STR AL/AL X 10","formasFarmaceuticas":["COMPRIMIDO REVESTIDO"],"numero":2,"tonalidade":null,"dataPublicacao":"2015-04-13T00:00:00.000-0300","validade":"24","tipoValidade":"2","registro":"1832600290020","principiosAtivos":["CLORIDRATO DE FEXOFENADINA"],"complemento":null,"embalagemPrimaria":{"tipo":"STRIP DE ALUMINIO/ALUMINIO","observacao":null},"embalagemSecundaria":{"tipo":"CARTUCHO DE CARTOLINA","observacao":null},"embalagemSecundariaTodas":[{"tipo":"CARTUCHO DE CARTOLINA","observacao":null}],"envoltorios":[],"acessorios":[],"acondicionamento":null,"marcas":[],"fabricantesNacionais":[{"fabricante":"SANOFI-AVENTIS FARMACÊUTICA LTDA","cnpj":"02685377000823","pais":"BRASIL","uf":"SP","cidade":"SUZANO","etapaFabricacao":null}],"fabricantesInternacionais":[],"viasAdministracao":["ORAL"],"ifaUnico":true,"conservacao":["CONSERVAR EM  TEMPERATURA AMBIENTE ( AMBIENTE COM TEMPERATURA ENTRE 15 E 30ºC)"],"restricaoPrescricao":[],"restricaoUso":[],"destinacao":[],"restricaoHospitais":null,"tarja":null,"medicamentoReferencia":"N","apresentacaoFracionada":"N","dataVencimentoRegistro":null,"inativa":true,"emAnalise":false,"tipoAutorizacao":"REGISTRADO","ativa":false},{"codigo":1593062,"apresentacao":"30 MG COM REV CT STR AL/AL X 20","formasFarmaceuticas":["COMPRIMIDO REVESTIDO"],"numero":3,"tonalidade":null,"dataPublicacao":"2015-04-13T00:00:00.000-0300","validade":"24","tipoValidade":"2","registro":"1832600290039","principiosAtivos":["CLORIDRATO DE FEXOFENADINA"],"complemento":null,"embalagemPrimaria":{"tipo":"STRIP DE ALUMINIO/ALUMINIO","observacao":null},"embalagemSecundaria":{"tipo":"CARTUCHO DE CARTOLINA","observacao":null},"embalagemSecundariaTodas":[{"tipo":"CARTUCHO DE CARTOLINA","observacao":null}],"envoltorios":[],"acessorios":[],"acondicionamento":null,"marcas":[],"fabricantesNacionais":[{"fabricante":"SANOFI-AVENTIS FARMACÊUTICA LTDA","cnpj":"02685377000823","pais":"BRASIL","uf":"SP","cidade":"SUZANO","etapaFabricacao":null}],"fabricantesInternacionais":[],"viasAdministracao":["ORAL"],"ifaUnico":true,"conservacao":["CONSERVAR EM  TEMPERATURA AMBIENTE ( AMBIENTE COM TEMPERATURA ENTRE 15 E 30ºC)"],"restricaoPrescricao":[],"restricaoUso":[],"destinacao":[],"restricaoHospitais":null,"tarja":null,"medicamentoReferencia":"N","apresentacaoFracionada":"N","dataVencimentoRegistro":null,"inativa":true,"emAnalise":false,"tipoAutorizacao":"REGISTRADO","ativa":false},{"codigo":1593063,"apresentacao":"60 MG COM REV CT BL AL PLAS INC X 5","formasFarmaceuticas":["COMPRIMIDO REVESTIDO"],"numero":4,"tonalidade":null,"dataPublicacao":"2015-04-13T00:00:00.000-0300","validade":"24","tipoValidade":"2","registro":"1832600290047","principiosAtivos":["CLORIDRATO DE FEXOFENADINA"],"complemento":null,"embalagemPrimaria":{"tipo":"BLISTER DE ALUMINIO/PLASTICO TRANSPARENTE","observacao":null},"embalagemSecundaria":{"tipo":"CARTUCHO DE CARTOLINA","observacao":null},"embalagemSecundariaTodas":[{"tipo":"CARTUCHO DE CARTOLINA","observacao":null}],"envoltorios":[],"acessorios":[],"acondicionamento":null,"marcas":[],"fabricantesNacionais":[{"fabricante":"SANOFI-AVENTIS FARMACÊUTICA LTDA","cnpj":"02685377000823","pais":"BRASIL","uf":"SP","cidade":"SUZANO","etapaFabricacao":null}],"fabricantesInternacionais":[],"viasAdministracao":["ORAL"],"ifaUnico":true,"conservacao":["CONSERVAR EM  TEMPERATURA AMBIENTE ( AMBIENTE COM TEMPERATURA ENTRE 15 E 30ºC)"],"restricaoPrescricao":[],"restricaoUso":[],"destinacao":[],"restricaoHospitais":null,"tarja":null,"medicamentoReferencia":"N","apresentacaoFracionada":"N","dataVencimentoRegistro":null,"inativa":true,"emAnalise":false,"tipoAutorizacao":"REGISTRADO","ativa":false},{"codigo":1593064,"apresentacao":"60 MG COM REV CT BL AL PLAS INC X 10","formasFarmaceuticas":["COMPRIMIDO REVESTIDO"],"numero":5,"tonalidade":null,"dataPublicacao":"2015-04-13T00:00:00.000-0300","validade":"24","tipoValidade":"2","registro":"1832600290055","principiosAtivos":["CLORIDRATO DE FEXOFENADINA"],"complemento":null,"embalagemPrimaria":{"tipo":"BLISTER DE ALUMINIO/PLASTICO TRANSPARENTE","observacao":null},"embalagemSecundaria":{"tipo":"CARTUCHO DE CARTOLINA","observacao":null},"embalagemSecundariaTodas":[{"tipo":"CARTUCHO DE CARTOLINA","observacao":null}],"envoltorios":[],"acessorios":[],"acondicionamento":null,"marcas":[],"fabricantesNacionais":[{"fabricante":"SANOFI-AVENTIS FARMACÊUTICA LTDA","cnpj":"02685377000823","pais":"BRASIL","uf":"SP","cidade":"SUZANO","etapaFabricacao":null}],"fabricantesInternacionais":[],"viasAdministracao":["ORAL"],"ifaUnico":true,"conservacao":["CONSERVAR EM  TEMPERATURA AMBIENTE ( AMBIENTE COM TEMPERATURA ENTRE 15 E 30ºC)"],"restricaoPrescricao":[],"restricaoUso":[],"destinacao":[],"restricaoHospitais":null,"tarja":null,"medicamentoReferencia":"N","apresentacaoFracionada":"N","dataVencimentoRegistro":null,"inativa":true,"emAnalise":false,"tipoAutorizacao":"REGISTRADO","ativa":false},{"codigo":1593065,"apresentacao":"60 MG COM REV CT BL AL PLAS INC X 20","formasFarmaceuticas":["COMPRIMIDO REVESTIDO"],"numero":6,"tonalidade":null,"dataPublicacao":"2015-04-13T00:00:00.000-0300","validade":"24","tipoValidade":"2","registro":"1832600290063","principiosAtivos":["CLORIDRATO DE FEXOFENADINA"],"complemento":null,"embalagemPrimaria":{"tipo":"BLISTER DE ALUMINIO/PLASTICO TRANSPARENTE","observacao":null},"embalagemSecundaria":{"tipo":"CARTUCHO DE CARTOLINA","observacao":null},"embalagemSecundariaTodas":[{"tipo":"CARTUCHO DE CARTOLINA","observacao":null}],"envoltorios":[],"acessorios":[],"acondicionamento":null,"marcas":[],"fabricantesNacionais":[{"fabricante":"SANOFI-AVENTIS FARMACÊUTICA LTDA","cnpj":"02685377000823","pais":"BRASIL","uf":"SP","cidade":"SUZANO","etapaFabricacao":null}],"fabricantesInternacionais":[],"viasAdministracao":["ORAL"],"ifaUnico":true,"conservacao":["CONSERVAR EM  TEMPERATURA AMBIENTE ( AMBIENTE COM TEMPERATURA ENTRE 15 E 30ºC)"],"restricaoPrescricao":[],"restricaoUso":[],"destinacao":[],"restricaoHospitais":null,"tarja":null,"medicamentoReferencia":"N","apresentacaoFracionada":"N","dataVencimentoRegistro":null,"inativa":true,"emAnalise":false,"tipoAutorizacao":"REGISTRADO","ativa":false},{"codigo":1593066,"apresentacao":"120 MG COM REV CT BL AL PLAS INC X 5","formasFarmaceuticas":["COMPRIMIDO REVESTIDO"],"numero":7,"tonalidade":null,"dataPublicacao":"2015-04-13T00:00:00.000-0300","validade":"36","tipoValidade":"2","registro":"1832600290071","principiosAtivos":["CLORIDRATO DE FEXOFENADINA"],"complemento":null,"embalagemPrimaria":{"tipo":"BLISTER DE ALUMINIO/PLASTICO TRANSPARENTE","observacao":null},"embalagemSecundaria":{"tipo":"CARTUCHO DE CARTOLINA","observacao":null},"embalagemSecundariaTodas":[{"tipo":"CARTUCHO DE CARTOLINA","observacao":null}],"envoltorios":[],"acessorios":[],"acondicionamento":null,"marcas":[],"fabricantesNacionais":[{"fabricante":"SANOFI-AVENTIS FARMACÊUTICA LTDA","cnpj":"02685377000823","pais":"BRASIL","uf":"SP","cidade":"SUZANO","etapaFabricacao":null}],"fabricantesInternacionais":[],"viasAdministracao":["ORAL"],"ifaUnico":true,"conservacao":["CONSERVAR EM  TEMPERATURA AMBIENTE ( AMBIENTE COM TEMPERATURA ENTRE 15 E 30ºC)"],"restricaoPrescricao":[],"restricaoUso":[],"destinacao":[],"restricaoHospitais":null,"tarja":null,"medicamentoReferencia":"N","apresentacaoFracionada":"N","dataVencimentoRegistro":null,"inativa":true,"emAnalise":false,"tipoAutorizacao":"REGISTRADO","ativa":false},{"codigo":1593067,"apresentacao":"120 MG COM REV CT BL AL PLAS INC X 10","formasFarmaceuticas":["COMPRIMIDO REVESTIDO"],"numero":8,"tonalidade":null,"dataPublicacao":"2015-04-13T00:00:00.000-0300","validade":"36","tipoValidade":"2","registro":"1832600290081","principiosAtivos":["CLORIDRATO DE FEXOFENADINA"],"complemento":null,"embalagemPrimaria":{"tipo":"BLISTER DE ALUMINIO/PLASTICO TRANSPARENTE","observacao":null},"embalagemSecundaria":{"tipo":"CARTUCHO DE CARTOLINA","observacao":null},"embalagemSecundariaTodas":[{"tipo":"CARTUCHO DE CARTOLINA","observacao":null}],"envoltorios":[],"acessorios":[],"acondicionamento":null,"marcas":[],"fabricantesNacionais":[{"fabricante":"SANOFI-AVENTIS FARMACÊUTICA LTDA","cnpj":"02685377000823","pais":"BRASIL","uf":"SP","cidade":"SUZANO","etapaFabricacao":null}],"fabricantesInternacionais":[],"viasAdministracao":["ORAL"],"ifaUnico":true,"conservacao":["CONSERVAR EM  TEMPERATURA AMBIENTE ( AMBIENTE COM TEMPERATURA ENTRE 15 E 30ºC)"],"restricaoPrescricao":[],"restricaoUso":[],"destinacao":[],"restricaoHospitais":null,"tarja":null,"medicamentoReferencia":"N","apresentacaoFracionada":"N","dataVencimentoRegistro":null,"inativa":true,"emAnalise":false,"tipoAutorizacao":"REGISTRADO","ativa":false},{"codigo":1593068,"apresentacao":"120 MG COM REV CT BL AL PLAS INC X 20","formasFarmaceuticas":["COMPRIMIDO REVESTIDO"],"numero":9,"tonalidade":null,"dataPublicacao":"2015-04-13T00:00:00.000-0300","validade":"36","tipoValidade":"2","registro":"1832600290098","principiosAtivos":["CLORIDRATO DE FEXOFENADINA"],"complemento":null,"embalagemPrimaria":{"tipo":"BLISTER DE ALUMINIO/PLASTICO TRANSPARENTE","observacao":null},"embalagemSecundaria":{"tipo":"CARTUCHO DE CARTOLINA","observacao":null},"embalagemSecundariaTodas":[{"tipo":"CARTUCHO DE CARTOLINA","observacao":null}],"envoltorios":[],"acessorios":[],"acondicionamento":null,"marcas":[],"fabricantesNacionais":[{"fabricante":"SANOFI-AVENTIS FARMACÊUTICA LTDA","cnpj":"02685377000823","pais":"BRASIL","uf":"SP","cidade":"SUZANO","etapaFabricacao":null}],"fabricantesInternacionais":[],"viasAdministracao":["ORAL"],"ifaUnico":true,"conservacao":["CONSERVAR EM  TEMPERATURA AMBIENTE ( AMBIENTE COM TEMPERATURA ENTRE 15 E 30ºC)"],"restricaoPrescricao":[],"restricaoUso":[],"destinacao":[],"restricaoHospitais":null,"tarja":null,"medicamentoReferencia":"N","apresentacaoFracionada":"N","dataVencimentoRegistro":null,"inativa":true,"emAnalise":false,"tipoAutorizacao":"REGISTRADO","ativa":false},{"codigo":1593069,"apresentacao":"180 MG COM REV CT BL AL PLAS INC X 5","formasFarmaceuticas":["COMPRIMIDO REVESTIDO"],"numero":10,"tonalidade":null,"dataPublicacao":"2015-04-13T00:00:00.000-0300","validade":"36","tipoValidade":"2","registro":"1832600290101","principiosAtivos":["CLORIDRATO DE FEXOFENADINA"],"complemento":null,"embalagemPrimaria":{"tipo":"BLISTER DE ALUMINIO/PLASTICO TRANSPARENTE","observacao":null},"embalagemSecundaria":{"tipo":"CARTUCHO DE CARTOLINA","observacao":null},"embalagemSecundariaTodas":[{"tipo":"CARTUCHO DE CARTOLINA","observacao":null}],"envoltorios":[],"acessorios":[],"acondicionamento":null,"marcas":[],"fabricantesNacionais":[{"fabricante":"SANOFI-AVENTIS FARMACÊUTICA LTDA","cnpj":"02685377000823","pais":"BRASIL","uf":"SP","cidade":"SUZANO","etapaFabricacao":null}],"fabricantesInternacionais":[],"viasAdministracao":["ORAL"],"ifaUnico":true,"conservacao":["CONSERVAR EM  TEMPERATURA AMBIENTE ( AMBIENTE COM TEMPERATURA ENTRE 15 E 30ºC)"],"restricaoPrescricao":[],"restricaoUso":[],"destinacao":[],"restricaoHospitais":null,"tarja":null,"medicamentoReferencia":"N","apresentacaoFracionada":"N","dataVencimentoRegistro":null,"inativa":true,"emAnalise":false,"tipoAutorizacao":"REGISTRADO","ativa":false},{"codigo":1593070,"apresentacao":"180 MG COM REV CT BL AL PLAS INC X 10","formasFarmaceuticas":["COMPRIMIDO REVESTIDO"],"numero":11,"tonalidade":null,"dataPublicacao":"2015-04-13T00:00:00.000-0300","validade":"36","tipoValidade":"2","registro":"1832600290111","principiosAtivos":["CLORIDRATO DE FEXOFENADINA"],"complemento":null,"embalagemPrimaria":{"tipo":"BLISTER DE ALUMINIO/PLASTICO TRANSPARENTE","observacao":null},"embalagemSecundaria":{"tipo":"CARTUCHO DE CARTOLINA","observacao":null},"embalagemSecundariaTodas":[{"tipo":"CARTUCHO DE CARTOLINA","observacao":null}],"envoltorios":[],"acessorios":[],"acondicionamento":null,"marcas":[],"fabricantesNacionais":[{"fabricante":"SANOFI-AVENTIS FARMACÊUTICA LTDA","cnpj":"02685377000823","pais":"BRASIL","uf":"SP","cidade":"SUZANO","etapaFabricacao":null}],"fabricantesInternacionais":[],"viasAdministracao":["ORAL"],"ifaUnico":true,"conservacao":["CONSERVAR EM  TEMPERATURA AMBIENTE ( AMBIENTE COM TEMPERATURA ENTRE 15 E 30ºC)"],"restricaoPrescricao":[],"restricaoUso":[],"destinacao":[],"restricaoHospitais":null,"tarja":null,"medicamentoReferencia":"N","apresentacaoFracionada":"N","dataVencimentoRegistro":null,"inativa":true,"emAnalise":false,"tipoAutorizacao":"REGISTRADO","ativa":false},{"codigo":1593071,"apresentacao":"180 MG COM REV CT BL AL PLAS INC X 20","formasFarmaceuticas":["COMPRIMIDO REVESTIDO"],"numero":12,"tonalidade":null,"dataPublicacao":"2015-04-13T00:00:00.000-0300","validade":"36","tipoValidade":"2","registro":"1832600290128","principiosAtivos":["CLORIDRATO DE FEXOFENADINA"],"complemento":null,"embalagemPrimaria":{"tipo":"BLISTER DE ALUMINIO/PLASTICO TRANSPARENTE","observacao":null},"embalagemSecundaria":{"tipo":"CARTUCHO DE CARTOLINA","observacao":null},"embalagemSecundariaTodas":[{"tipo":"CARTUCHO DE CARTOLINA","observacao":null}],"envoltorios":[],"acessorios":[],"acondicionamento":null,"marcas":[],"fabricantesNacionais":[{"fabricante":"SANOFI-AVENTIS FARMACÊUTICA LTDA","cnpj":"02685377000823","pais":"BRASIL","uf":"SP","cidade":"SUZANO","etapaFabricacao":null}],"fabricantesInternacionais":[],"viasAdministracao":["ORAL"],"ifaUnico":true,"conservacao":["CONSERVAR EM  TEMPERATURA AMBIENTE ( AMBIENTE COM TEMPERATURA ENTRE 15 E 30ºC)"],"restricaoPrescricao":[],"restricaoUso":[],"destinacao":[],"restricaoHospitais":null,"tarja":null,"medicamentoReferencia":"N","apresentacaoFracionada":"N","dataVencimentoRegistro":null,"inativa":true,"emAnalise":false,"tipoAutorizacao":"REGISTRADO","ativa":false}],"rotulos":[],"anexoRotulos":[],"tipoAutorizacao":"REGISTRADO"}