{"codigoProduto":1785239,"tipoProduto":1,"dataProduto":"2023-03-20T00:00:00.000-0300","nomeComercial":"dicloridrato de trimetazidina","classesTerapeuticas":["ANTIANGINOSOS E VASODILATADORES"],"numeroRegistro":"183260496","dataVencimento":null,"mesAnoVencimento":"032033","codigoParecerPublico":null,"codigoBulaPaciente":"eyJhbGciOiJIUzUxMiJ9.eyJqdGkiOiIyMTc4ODQzMCIsIm5iZiI6MTcxOTQwODY2NSwiZXhwIjoxNzE5NDA4OTY1fQ.jHulh4e2vfcIFly-v_1THRAlwLF1AcHTsTnjYg3Mn_WmNKln7Jf2GFf8HHAlRp2Os45UBlPU54m8umKegcOnYg","codigoBulaProfissional":"eyJhbGciOiJIUzUxMiJ9.eyJqdGkiOiIyMTc4ODQzMSIsIm5iZiI6MTcxOTQwODY2NSwiZXhwIjoxNzE5NDA4OTY1fQ.WvwCUkx951fCvneZdhZSKpFLw-o-HsbrgoMpc4b3_qk0TR6D_vcSqh_WbM8YTOnyct95gb_HbwLNNVF9YYei8g","dataVencimentoRegistro":"2033-03-01T00:00:00.000-0300","principioAtivo":"DICLORIDRATO DE TRIMETAZIDINA","medicamentoReferencia":"VASTAREL","categoriaRegulatoria":"Genérico","classeTerapeutica":null,"atc":null,"processosMedidaCautelar":[],"empresa":{"cnpj":"10588595001092","razaoSocial":"SANOFI MEDLEY FARMACÊUTICA LTDA.","numeroAutorizacao":"1083267"},"processo":{"numero":"25351721810202004","situacao":29},"apresentacoes":[{"codigo":3668465,"apresentacao":"35 MG COM REV LIB PROL CT BL AL PLAS PVDC/PVC TRANS X 30","formasFarmaceuticas":["Comprimido Revestido de Liberação Prolongada"],"numero":1,"tonalidade":null,"dataPublicacao":"2023-03-20T00:00:00.000-0300","validade":"36","tipoValidade":"2","registro":"1832604960012","principiosAtivos":["DICLORIDRATO DE TRIMETAZIDINA"],"complemento":null,"embalagemPrimaria":{"tipo":"Blister de alumínio e plástico transparente ","observacao":"Folha de alumínio com verniz termoselante de espessura 21 &#956;m + Laminado composto por Polivinilcloreto (PVC) 300 &#956;m, incolor cristal + Laminado termoformável composto por Polivinildenocloreto (PVDC) 120 g/m²/Polivinilcloreto (PVC) 250 &#956;m, transparente, levemente azulado ou amarelado."},"embalagemSecundaria":{"tipo":"Cartucho","observacao":"de cartolina"},"embalagemSecundariaTodas":[{"tipo":"Cartucho","observacao":"de cartolina"}],"envoltorios":[],"acessorios":[],"acondicionamento":null,"marcas":[],"fabricantesNacionais":[{"fabricante":"SANOFI MEDLEY FARMACÊUTICA LTDA.","cnpj":"10588595000797","pais":"BRASIL","uf":"SP","cidade":"CAMPINAS","etapaFabricacao":"Processo produtivo completo "}],"fabricantesInternacionais":[],"viasAdministracao":["ORAL"],"ifaUnico":true,"conservacao":["CONSERVAR EM  TEMPERATURA AMBIENTE ( AMBIENTE COM TEMPERATURA ENTRE 15 E 30ºC)","PROTEGER DA LUZ E UMIDADE"],"restricaoPrescricao":["Venda sob Prescrição Médica"],"restricaoUso":["Adulto"],"destinacao":["Comercial"],"restricaoHospitais":"N","tarja":"Vermelha","medicamentoReferencia":"N","apresentacaoFracionada":"N","dataVencimentoRegistro":null,"tipoAutorizacao":"REGISTRADO","ativa":true,"inativa":false,"emAnalise":false},{"codigo":3668466,"apresentacao":"35 MG COM REV LIB PROL CT BL AL PLAS PVDC/PVC TRANS X 60","formasFarmaceuticas":["Comprimido Revestido de Liberação Prolongada"],"numero":2,"tonalidade":null,"dataPublicacao":"2023-03-20T00:00:00.000-0300","validade":"36","tipoValidade":"2","registro":"1832604960020","principiosAtivos":["DICLORIDRATO DE TRIMETAZIDINA"],"complemento":null,"embalagemPrimaria":{"tipo":"Blister de alumínio e plástico transparente ","observacao":"Folha de alumínio com verniz termoselante de espessura 21 &#956;m + Laminado composto por Polivinilcloreto (PVC) 300 &#956;m, incolor cristal + Laminado termoformável composto por Polivinildenocloreto (PVDC) 120 g/m²/Polivinilcloreto (PVC) 250 &#956;m, transparente, levemente azulado ou amarelado."},"embalagemSecundaria":{"tipo":"Cartucho","observacao":"de cartolina"},"embalagemSecundariaTodas":[{"tipo":"Cartucho","observacao":"de cartolina"}],"envoltorios":[],"acessorios":[],"acondicionamento":null,"marcas":[],"fabricantesNacionais":[{"fabricante":"SANOFI MEDLEY FARMACÊUTICA LTDA.","cnpj":"10588595000797","pais":"BRASIL","uf":"SP","cidade":"CAMPINAS","etapaFabricacao":"Processo produtivo completo "}],"fabricantesInternacionais":[],"viasAdministracao":["ORAL"],"ifaUnico":true,"conservacao":["CONSERVAR EM  TEMPERATURA AMBIENTE ( AMBIENTE COM TEMPERATURA ENTRE 15 E 30ºC)","PROTEGER DA LUZ E UMIDADE"],"restricaoPrescricao":["Venda sob Prescrição Médica"],"restricaoUso":["Adulto"],"destinacao":["Comercial"],"restricaoHospitais":"N","tarja":"Vermelha","medicamentoReferencia":"N","apresentacaoFracionada":"N","dataVencimentoRegistro":null,"tipoAutorizacao":"REGISTRADO","ativa":true,"inativa":false,"emAnalise":false}],"rotulos":[],"anexoRotulos":[{"codigoAnexo":22822752,"nomeAnexo":"DOC03L~1.PDF","tipoArquivo":"PDF","origem":"P"}],"tipoAutorizacao":"REGISTRADO"}