{"codigoProduto":1020616,"tipoProduto":1,"dataProduto":"2015-05-11T00:00:00.000-0300","nomeComercial":"losartana potássica + hidroclorotiazida","classesTerapeuticas":["ANTI-HIPERTENSIVOS-ASSOCIACOES MEDICAMENTOSAS"],"numeroRegistro":"183260109","dataVencimento":null,"mesAnoVencimento":"082029","codigoParecerPublico":null,"codigoBulaPaciente":"eyJhbGciOiJIUzUxMiJ9.eyJqdGkiOiIxNjY2NzQ0NyIsIm5iZiI6MTcxOTQwODgyOSwiZXhwIjoxNzE5NDA5MTI5fQ.1RQbqjS49SHxwEPfn4V81dPVRrxoboQF1sQ9NHBKwkzFiz7zDeIrt-GiO8ulXwZDGU-Ix0txwQleZpejkkZcDg","codigoBulaProfissional":"eyJhbGciOiJIUzUxMiJ9.eyJqdGkiOiIxNjY2NzQ0OCIsIm5iZiI6MTcxOTQwODgyOSwiZXhwIjoxNzE5NDA5MTI5fQ.aa8SAAYUCAq1MJ26TeiY8SZuz1P3_5z2w9y44o7QOwnxIQS71ghmVM8WaLpro-WJrRVAC0g1zLe58hzgQVGnjQ","dataVencimentoRegistro":"2029-08-01T00:00:00.000-0300","principioAtivo":"losartana potássica, HIDROCLOROTIAZIDA","medicamentoReferencia":"HYZAAR","categoriaRegulatoria":"Genérico","classeTerapeutica":null,"atc":null,"processosMedidaCautelar":["25351582425202116","25351582425202116","25351582425202116","25351582425202116","25351582425202116","25351582425202116","25351582425202116","25351582425202116"],"empresa":{"cnpj":"10588595001092","razaoSocial":"SANOFI MEDLEY FARMACÊUTICA LTDA.","numeroAutorizacao":"1083267"},"processo":{"numero":"25351677888201425","situacao":29},"apresentacoes":[{"codigo":1706361,"apresentacao":"50MG + 12,5MG COM REV CT BL AL AL X 15","formasFarmaceuticas":["COMPRIMIDO REVESTIDO"],"numero":7,"tonalidade":null,"dataPublicacao":"2015-05-11T00:00:00.000-0300","validade":"18","tipoValidade":"2","registro":"1832601090076","principiosAtivos":["losartana potássica","HIDROCLOROTIAZIDA"],"complemento":null,"embalagemPrimaria":{"tipo":"BLISTER DE ALUMINIO/ALUMINIO","observacao":null},"embalagemSecundaria":{"tipo":"CARTUCHO DE CARTOLINA","observacao":null},"embalagemSecundariaTodas":[{"tipo":"CARTUCHO DE CARTOLINA","observacao":null}],"envoltorios":[],"acessorios":[],"acondicionamento":null,"marcas":[],"fabricantesNacionais":[{"fabricante":"SANOFI MEDLEY FARMACÊUTICA LTDA.","cnpj":"10588595000797","pais":"BRASIL","uf":"SP","cidade":"CAMPINAS","etapaFabricacao":"Processo produtivo completo "}],"fabricantesInternacionais":[],"viasAdministracao":["ORAL"],"ifaUnico":false,"conservacao":["CONSERVAR EM  TEMPERATURA AMBIENTE ( AMBIENTE COM TEMPERATURA ENTRE 15 E 30ºC)","PROTEGER DA UMIDADE"],"restricaoPrescricao":["Venda sob Prescrição Médica"],"restricaoUso":["Adulto"],"destinacao":["Comercial"],"restricaoHospitais":"N","tarja":"Vermelha","medicamentoReferencia":"N","apresentacaoFracionada":"N","dataVencimentoRegistro":null,"inativa":false,"emAnalise":false,"ativa":true,"tipoAutorizacao":"REGISTRADO"},{"codigo":1706362,"apresentacao":"50MG + 12,5MG COM REV CT BL AL AL X 30","formasFarmaceuticas":["COMPRIMIDO REVESTIDO"],"numero":8,"tonalidade":null,"dataPublicacao":"2015-05-11T00:00:00.000-0300","validade":"18","tipoValidade":"2","registro":"1832601090084","principiosAtivos":["losartana potássica","HIDROCLOROTIAZIDA"],"complemento":null,"embalagemPrimaria":{"tipo":"BLISTER DE ALUMINIO/ALUMINIO","observacao":null},"embalagemSecundaria":{"tipo":"CARTUCHO DE CARTOLINA","observacao":null},"embalagemSecundariaTodas":[{"tipo":"CARTUCHO DE CARTOLINA","observacao":null}],"envoltorios":[],"acessorios":[],"acondicionamento":null,"marcas":[],"fabricantesNacionais":[{"fabricante":"SANOFI MEDLEY FARMACÊUTICA LTDA.","cnpj":"10588595000797","pais":"BRASIL","uf":"SP","cidade":"CAMPINAS","etapaFabricacao":"Processo produtivo completo "}],"fabricantesInternacionais":[],"viasAdministracao":["ORAL"],"ifaUnico":false,"conservacao":["CONSERVAR EM  TEMPERATURA AMBIENTE ( AMBIENTE COM TEMPERATURA ENTRE 15 E 30ºC)","PROTEGER DA UMIDADE"],"restricaoPrescricao":["Venda sob Prescrição Médica"],"restricaoUso":["Adulto"],"destinacao":["Comercial"],"restricaoHospitais":"N","tarja":"Vermelha","medicamentoReferencia":"N","apresentacaoFracionada":"N","dataVencimentoRegistro":null,"inativa":false,"emAnalise":false,"ativa":true,"tipoAutorizacao":"REGISTRADO"},{"codigo":1706363,"apresentacao":"50MG + 12,5MG COM REV CT BL AL AL X 60","formasFarmaceuticas":["COMPRIMIDO REVESTIDO"],"numero":9,"tonalidade":null,"dataPublicacao":"2015-05-11T00:00:00.000-0300","validade":"18","tipoValidade":"2","registro":"1832601090092","principiosAtivos":["losartana potássica","HIDROCLOROTIAZIDA"],"complemento":null,"embalagemPrimaria":{"tipo":"BLISTER DE ALUMINIO/ALUMINIO","observacao":null},"embalagemSecundaria":{"tipo":"CARTUCHO DE CARTOLINA","observacao":null},"embalagemSecundariaTodas":[{"tipo":"CARTUCHO DE CARTOLINA","observacao":null}],"envoltorios":[],"acessorios":[],"acondicionamento":null,"marcas":[],"fabricantesNacionais":[{"fabricante":"SANOFI MEDLEY FARMACÊUTICA LTDA.","cnpj":"10588595000797","pais":"BRASIL","uf":"SP","cidade":"CAMPINAS","etapaFabricacao":"Processo produtivo completo "}],"fabricantesInternacionais":[],"viasAdministracao":["ORAL"],"ifaUnico":false,"conservacao":["CONSERVAR EM  TEMPERATURA AMBIENTE ( AMBIENTE COM TEMPERATURA ENTRE 15 E 30ºC)","PROTEGER DA UMIDADE"],"restricaoPrescricao":["Venda sob Prescrição Médica"],"restricaoUso":["Adulto"],"destinacao":["Comercial"],"restricaoHospitais":"N","tarja":"Vermelha","medicamentoReferencia":"N","apresentacaoFracionada":"N","dataVencimentoRegistro":null,"inativa":false,"emAnalise":false,"ativa":true,"tipoAutorizacao":"REGISTRADO"},{"codigo":1706368,"apresentacao":"100MG + 25MG COM REV CT BL AL AL X 15","formasFarmaceuticas":["COMPRIMIDO REVESTIDO"],"numero":10,"tonalidade":null,"dataPublicacao":"2015-05-11T00:00:00.000-0300","validade":"18","tipoValidade":"2","registro":"1832601090106","principiosAtivos":["losartana potássica","HIDROCLOROTIAZIDA"],"complemento":null,"embalagemPrimaria":{"tipo":"BLISTER DE ALUMINIO/ALUMINIO","observacao":null},"embalagemSecundaria":{"tipo":"CARTUCHO DE CARTOLINA","observacao":null},"embalagemSecundariaTodas":[{"tipo":"CARTUCHO DE CARTOLINA","observacao":null}],"envoltorios":[],"acessorios":[],"acondicionamento":null,"marcas":[],"fabricantesNacionais":[{"fabricante":"SANOFI MEDLEY FARMACÊUTICA LTDA.","cnpj":"10588595000797","pais":"BRASIL","uf":"SP","cidade":"CAMPINAS","etapaFabricacao":"Processo produtivo completo "}],"fabricantesInternacionais":[],"viasAdministracao":["ORAL"],"ifaUnico":false,"conservacao":["CONSERVAR EM  TEMPERATURA AMBIENTE ( AMBIENTE COM TEMPERATURA ENTRE 15 E 30ºC)","PROTEGER DA UMIDADE"],"restricaoPrescricao":["Venda sob Prescrição Médica"],"restricaoUso":["Adulto"],"destinacao":["Comercial"],"restricaoHospitais":"N","tarja":"Vermelha","medicamentoReferencia":"N","apresentacaoFracionada":"N","dataVencimentoRegistro":null,"inativa":false,"emAnalise":false,"ativa":true,"tipoAutorizacao":"REGISTRADO"},{"codigo":1706369,"apresentacao":"100MG + 25MG COM REV CT BL AL AL X 30","formasFarmaceuticas":["COMPRIMIDO REVESTIDO"],"numero":11,"tonalidade":null,"dataPublicacao":"2015-05-11T00:00:00.000-0300","validade":"18","tipoValidade":"2","registro":"1832601090114","principiosAtivos":["losartana potássica","HIDROCLOROTIAZIDA"],"complemento":null,"embalagemPrimaria":{"tipo":"BLISTER DE ALUMINIO/ALUMINIO","observacao":null},"embalagemSecundaria":{"tipo":"CARTUCHO DE CARTOLINA","observacao":null},"embalagemSecundariaTodas":[{"tipo":"CARTUCHO DE CARTOLINA","observacao":null}],"envoltorios":[],"acessorios":[],"acondicionamento":null,"marcas":[],"fabricantesNacionais":[{"fabricante":"SANOFI MEDLEY FARMACÊUTICA LTDA.","cnpj":"10588595000797","pais":"BRASIL","uf":"SP","cidade":"CAMPINAS","etapaFabricacao":"Processo produtivo completo "}],"fabricantesInternacionais":[],"viasAdministracao":["ORAL"],"ifaUnico":false,"conservacao":["CONSERVAR EM  TEMPERATURA AMBIENTE ( AMBIENTE COM TEMPERATURA ENTRE 15 E 30ºC)","PROTEGER DA UMIDADE"],"restricaoPrescricao":["Venda sob Prescrição Médica"],"restricaoUso":["Adulto"],"destinacao":["Comercial"],"restricaoHospitais":"N","tarja":"Vermelha","medicamentoReferencia":"N","apresentacaoFracionada":"N","dataVencimentoRegistro":null,"inativa":false,"emAnalise":false,"ativa":true,"tipoAutorizacao":"REGISTRADO"},{"codigo":1706370,"apresentacao":"100MG + 25MG COM REV CT BL AL AL X 60","formasFarmaceuticas":["COMPRIMIDO REVESTIDO"],"numero":12,"tonalidade":null,"dataPublicacao":"2015-05-11T00:00:00.000-0300","validade":"18","tipoValidade":"2","registro":"1832601090122","principiosAtivos":["losartana potássica","HIDROCLOROTIAZIDA"],"complemento":null,"embalagemPrimaria":{"tipo":"BLISTER DE ALUMINIO/ALUMINIO","observacao":null},"embalagemSecundaria":{"tipo":"CARTUCHO DE CARTOLINA","observacao":null},"embalagemSecundariaTodas":[{"tipo":"CARTUCHO DE CARTOLINA","observacao":null}],"envoltorios":[],"acessorios":[],"acondicionamento":null,"marcas":[],"fabricantesNacionais":[{"fabricante":"SANOFI MEDLEY FARMACÊUTICA LTDA.","cnpj":"10588595000797","pais":"BRASIL","uf":"SP","cidade":"CAMPINAS","etapaFabricacao":"Processo produtivo completo "}],"fabricantesInternacionais":[],"viasAdministracao":["ORAL"],"ifaUnico":false,"conservacao":["CONSERVAR EM  TEMPERATURA AMBIENTE ( AMBIENTE COM TEMPERATURA ENTRE 15 E 30ºC)","PROTEGER DA UMIDADE"],"restricaoPrescricao":["Venda sob Prescrição Médica"],"restricaoUso":["Adulto"],"destinacao":["Comercial"],"restricaoHospitais":"N","tarja":"Vermelha","medicamentoReferencia":"N","apresentacaoFracionada":"N","dataVencimentoRegistro":null,"inativa":false,"emAnalise":false,"ativa":true,"tipoAutorizacao":"REGISTRADO"},{"codigo":1592164,"apresentacao":"50 MG + 12,5 MG COM REV CT BL AL PLAS OPC X 15","formasFarmaceuticas":["COMPRIMIDO REVESTIDO"],"numero":1,"tonalidade":null,"dataPublicacao":"2015-05-11T00:00:00.000-0300","validade":"18","tipoValidade":"2","registro":"1832601090017","principiosAtivos":["losartana potássica","HIDROCLOROTIAZIDA"],"complemento":null,"embalagemPrimaria":{"tipo":"BLISTER DE ALUMINIO/PLASTICO OPACO","observacao":null},"embalagemSecundaria":{"tipo":"CARTUCHO DE CARTOLINA","observacao":null},"embalagemSecundariaTodas":[{"tipo":"CARTUCHO DE CARTOLINA","observacao":null}],"envoltorios":[],"acessorios":[],"acondicionamento":null,"marcas":[],"fabricantesNacionais":[{"fabricante":"MEDLEY INDÚSTRIA FARMACÊUTICA LTDA","cnpj":"50929710000179","pais":"BRASIL","uf":"SP","cidade":"CAMPINAS","etapaFabricacao":null}],"fabricantesInternacionais":[],"viasAdministracao":["ORAL"],"ifaUnico":false,"conservacao":["CONSERVAR EM  TEMPERATURA AMBIENTE ( AMBIENTE COM TEMPERATURA ENTRE 15 E 30ºC)","PROTEGER DA UMIDADE"],"restricaoPrescricao":["Venda sob Prescrição Médica"],"restricaoUso":["Adulto"],"destinacao":["Comercial"],"restricaoHospitais":"N","tarja":"Vermelha","medicamentoReferencia":"N","apresentacaoFracionada":"N","dataVencimentoRegistro":null,"inativa":true,"emAnalise":false,"ativa":false,"tipoAutorizacao":"REGISTRADO"},{"codigo":1592165,"apresentacao":"50 MG + 12,5 MG COM REV CT BL AL PLAS OPC X 30","formasFarmaceuticas":["COMPRIMIDO REVESTIDO"],"numero":2,"tonalidade":null,"dataPublicacao":"2015-05-11T00:00:00.000-0300","validade":"18","tipoValidade":"2","registro":"1832601090025","principiosAtivos":["losartana potássica","HIDROCLOROTIAZIDA"],"complemento":null,"embalagemPrimaria":{"tipo":"BLISTER DE ALUMINIO/PLASTICO OPACO","observacao":null},"embalagemSecundaria":{"tipo":"CARTUCHO DE CARTOLINA","observacao":null},"embalagemSecundariaTodas":[{"tipo":"CARTUCHO DE CARTOLINA","observacao":null}],"envoltorios":[],"acessorios":[],"acondicionamento":null,"marcas":[],"fabricantesNacionais":[{"fabricante":"MEDLEY INDÚSTRIA FARMACÊUTICA LTDA","cnpj":"50929710000179","pais":"BRASIL","uf":"SP","cidade":"CAMPINAS","etapaFabricacao":null}],"fabricantesInternacionais":[],"viasAdministracao":["ORAL"],"ifaUnico":false,"conservacao":["CONSERVAR EM  TEMPERATURA AMBIENTE ( AMBIENTE COM TEMPERATURA ENTRE 15 E 30ºC)","PROTEGER DA UMIDADE"],"restricaoPrescricao":["Venda sob Prescrição Médica"],"restricaoUso":["Adulto"],"destinacao":["Comercial"],"restricaoHospitais":"N","tarja":"Vermelha","medicamentoReferencia":"N","apresentacaoFracionada":"N","dataVencimentoRegistro":null,"inativa":true,"emAnalise":false,"ativa":false,"tipoAutorizacao":"REGISTRADO"},{"codigo":1592166,"apresentacao":"50 MG + 12,5 MG COM REV CT BL AL PLAS OPC X 60","formasFarmaceuticas":["COMPRIMIDO REVESTIDO"],"numero":3,"tonalidade":null,"dataPublicacao":"2015-05-11T00:00:00.000-0300","validade":"18","tipoValidade":"2","registro":"1832601090033","principiosAtivos":["losartana potássica","HIDROCLOROTIAZIDA"],"complemento":null,"embalagemPrimaria":{"tipo":"BLISTER DE ALUMINIO/PLASTICO OPACO","observacao":null},"embalagemSecundaria":{"tipo":"CARTUCHO DE CARTOLINA","observacao":null},"embalagemSecundariaTodas":[{"tipo":"CARTUCHO DE CARTOLINA","observacao":null}],"envoltorios":[],"acessorios":[],"acondicionamento":null,"marcas":[],"fabricantesNacionais":[{"fabricante":"MEDLEY INDÚSTRIA FARMACÊUTICA LTDA","cnpj":"50929710000179","pais":"BRASIL","uf":"SP","cidade":"CAMPINAS","etapaFabricacao":null}],"fabricantesInternacionais":[],"viasAdministracao":["ORAL"],"ifaUnico":false,"conservacao":["CONSERVAR EM  TEMPERATURA AMBIENTE ( AMBIENTE COM TEMPERATURA ENTRE 15 E 30ºC)","PROTEGER DA UMIDADE"],"restricaoPrescricao":["Venda sob Prescrição Médica"],"restricaoUso":["Adulto"],"destinacao":["Comercial"],"restricaoHospitais":"N","tarja":"Vermelha","medicamentoReferencia":"N","apresentacaoFracionada":"N","dataVencimentoRegistro":null,"inativa":true,"emAnalise":false,"ativa":false,"tipoAutorizacao":"REGISTRADO"},{"codigo":1592167,"apresentacao":"100 MG + 25 MG COM REV CT BL AL PLAS OPC X 15","formasFarmaceuticas":["COMPRIMIDO REVESTIDO"],"numero":4,"tonalidade":null,"dataPublicacao":"2015-05-11T00:00:00.000-0300","validade":"18","tipoValidade":"2","registro":"1832601090041","principiosAtivos":["losartana potássica","HIDROCLOROTIAZIDA"],"complemento":null,"embalagemPrimaria":{"tipo":"BLISTER DE ALUMINIO/PLASTICO OPACO","observacao":null},"embalagemSecundaria":{"tipo":"CARTUCHO DE CARTOLINA","observacao":null},"embalagemSecundariaTodas":[{"tipo":"CARTUCHO DE CARTOLINA","observacao":null}],"envoltorios":[],"acessorios":[],"acondicionamento":null,"marcas":[],"fabricantesNacionais":[{"fabricante":"MEDLEY INDÚSTRIA FARMACÊUTICA LTDA","cnpj":"50929710000179","pais":"BRASIL","uf":"SP","cidade":"CAMPINAS","etapaFabricacao":null}],"fabricantesInternacionais":[],"viasAdministracao":["ORAL"],"ifaUnico":false,"conservacao":["CONSERVAR EM  TEMPERATURA AMBIENTE ( AMBIENTE COM TEMPERATURA ENTRE 15 E 30ºC)","PROTEGER DA UMIDADE"],"restricaoPrescricao":["Venda sob Prescrição Médica"],"restricaoUso":["Adulto"],"destinacao":["Comercial"],"restricaoHospitais":"N","tarja":"Vermelha","medicamentoReferencia":"N","apresentacaoFracionada":"N","dataVencimentoRegistro":null,"inativa":true,"emAnalise":false,"ativa":false,"tipoAutorizacao":"REGISTRADO"},{"codigo":1592168,"apresentacao":"100 MG + 25 MG COM REV CT BL AL PLAS OPC X 30","formasFarmaceuticas":["COMPRIMIDO REVESTIDO"],"numero":5,"tonalidade":null,"dataPublicacao":"2015-05-11T00:00:00.000-0300","validade":"18","tipoValidade":"2","registro":"1832601090051","principiosAtivos":["losartana potássica","HIDROCLOROTIAZIDA"],"complemento":null,"embalagemPrimaria":{"tipo":"BLISTER DE ALUMINIO/PLASTICO OPACO","observacao":null},"embalagemSecundaria":{"tipo":"CARTUCHO DE CARTOLINA","observacao":null},"embalagemSecundariaTodas":[{"tipo":"CARTUCHO DE CARTOLINA","observacao":null}],"envoltorios":[],"acessorios":[],"acondicionamento":null,"marcas":[],"fabricantesNacionais":[{"fabricante":"MEDLEY INDÚSTRIA FARMACÊUTICA LTDA","cnpj":"50929710000179","pais":"BRASIL","uf":"SP","cidade":"CAMPINAS","etapaFabricacao":null}],"fabricantesInternacionais":[],"viasAdministracao":["ORAL"],"ifaUnico":false,"conservacao":["CONSERVAR EM  TEMPERATURA AMBIENTE ( AMBIENTE COM TEMPERATURA ENTRE 15 E 30ºC)","PROTEGER DA UMIDADE"],"restricaoPrescricao":["Venda sob Prescrição Médica"],"restricaoUso":["Adulto"],"destinacao":["Comercial"],"restricaoHospitais":"N","tarja":"Vermelha","medicamentoReferencia":"N","apresentacaoFracionada":"N","dataVencimentoRegistro":null,"inativa":true,"emAnalise":false,"ativa":false,"tipoAutorizacao":"REGISTRADO"},{"codigo":1592169,"apresentacao":"100 MG + 25 MG COM REV CT BL AL PLAS OPC X 60","formasFarmaceuticas":["COMPRIMIDO REVESTIDO"],"numero":6,"tonalidade":null,"dataPublicacao":"2015-05-11T00:00:00.000-0300","validade":"18","tipoValidade":"2","registro":"1832601090068","principiosAtivos":["losartana potássica","HIDROCLOROTIAZIDA"],"complemento":null,"embalagemPrimaria":{"tipo":"BLISTER DE ALUMINIO/PLASTICO OPACO","observacao":null},"embalagemSecundaria":{"tipo":"CARTUCHO DE CARTOLINA","observacao":null},"embalagemSecundariaTodas":[{"tipo":"CARTUCHO DE CARTOLINA","observacao":null}],"envoltorios":[],"acessorios":[],"acondicionamento":null,"marcas":[],"fabricantesNacionais":[{"fabricante":"MEDLEY INDÚSTRIA FARMACÊUTICA LTDA","cnpj":"50929710000179","pais":"BRASIL","uf":"SP","cidade":"CAMPINAS","etapaFabricacao":null}],"fabricantesInternacionais":[],"viasAdministracao":["ORAL"],"ifaUnico":false,"conservacao":["CONSERVAR EM  TEMPERATURA AMBIENTE ( AMBIENTE COM TEMPERATURA ENTRE 15 E 30ºC)","PROTEGER DA UMIDADE"],"restricaoPrescricao":["Venda sob Prescrição Médica"],"restricaoUso":["Adulto"],"destinacao":["Comercial"],"restricaoHospitais":"N","tarja":"Vermelha","medicamentoReferencia":"N","apresentacaoFracionada":"N","dataVencimentoRegistro":null,"inativa":true,"emAnalise":false,"ativa":false,"tipoAutorizacao":"REGISTRADO"}],"rotulos":[],"anexoRotulos":[],"tipoAutorizacao":"REGISTRADO"}