{"codigoProduto":1386762,"tipoProduto":1,"dataProduto":"2020-02-17T00:00:00.000-0300","nomeComercial":"SECNIDAL","classesTerapeuticas":["AMEBICIDAS, GIARDICIDAS E TRICOMONICIDAS"],"numeroRegistro":"183260440","dataVencimento":null,"mesAnoVencimento":"112029","codigoParecerPublico":null,"codigoBulaPaciente":"eyJhbGciOiJIUzUxMiJ9.eyJqdGkiOiIxNDUzNDYxMiIsIm5iZiI6MTcxOTQwODQwMSwiZXhwIjoxNzE5NDA4NzAxfQ.knCAbSnkRKklb2_Pp7jBIurqNM4dIVINR6yKUIrRdHDw8bIXA2aJwFVF46143d73Qw6HBuNw4VIdm2RR0aSkVg","codigoBulaProfissional":"eyJhbGciOiJIUzUxMiJ9.eyJqdGkiOiIxNDUzNDYxMyIsIm5iZiI6MTcxOTQwODQwMSwiZXhwIjoxNzE5NDA4NzAxfQ.EEVbO0yG2YwESVulh5EcbOLEZwBw8yGWM0fxH5QoAX2HQeSWxhDnVLL_7GP4RJ7LXHWWzMc8CNpyqpC-R8sTIg","dataVencimentoRegistro":"2029-11-01T00:00:00.000-0300","principioAtivo":"SECNIDAZOL","medicamentoReferencia":null,"categoriaRegulatoria":"Novo","classeTerapeutica":null,"atc":null,"processosMedidaCautelar":[],"empresa":{"cnpj":"10588595001092","razaoSocial":"SANOFI MEDLEY FARMACÊUTICA LTDA.","numeroAutorizacao":"1083267"},"processo":{"numero":"25351627550201930","situacao":29},"apresentacoes":[{"codigo":1797727,"apresentacao":"1000 MG COM REV CT BL AL PLAS TRANS X 2","formasFarmaceuticas":["COMPRIMIDO REVESTIDO"],"numero":1,"tonalidade":null,"dataPublicacao":"2020-02-17T00:00:00.000-0300","validade":"24","tipoValidade":"2","registro":"1832604400017","principiosAtivos":["SECNIDAZOL"],"complemento":null,"embalagemPrimaria":{"tipo":"BLISTER DE ALUMINIO/PLASTICO TRANSPARENTE","observacao":null},"embalagemSecundaria":{"tipo":"CARTUCHO DE CARTOLINA","observacao":null},"embalagemSecundariaTodas":[{"tipo":"CARTUCHO DE CARTOLINA","observacao":null}],"envoltorios":[],"acessorios":[],"acondicionamento":null,"marcas":[],"fabricantesNacionais":[{"fabricante":"SANOFI MEDLEY FARMACÊUTICA LTDA.","cnpj":"10588595001092","pais":"BRASIL","uf":"SP","cidade":"SUZANO","etapaFabricacao":"Processo produtivo completo "}],"fabricantesInternacionais":[],"viasAdministracao":["ORAL"],"ifaUnico":true,"conservacao":["CONSERVAR EM  TEMPERATURA AMBIENTE ( AMBIENTE COM TEMPERATURA ENTRE 15 E 30ºC)"],"restricaoPrescricao":["Venda sob Prescrição Médica"],"restricaoUso":["Adulto"],"destinacao":["Comercial"],"restricaoHospitais":"N","tarja":"Vermelha","medicamentoReferencia":"N","apresentacaoFracionada":"N","dataVencimentoRegistro":null,"tipoAutorizacao":"REGISTRADO","ativa":true,"inativa":false,"emAnalise":false},{"codigo":1797728,"apresentacao":"1000 MG COM REV CT BL AL PLAS TRANS X 4","formasFarmaceuticas":["COMPRIMIDO REVESTIDO"],"numero":2,"tonalidade":null,"dataPublicacao":"2020-02-17T00:00:00.000-0300","validade":"24","tipoValidade":"2","registro":"1832604400025","principiosAtivos":["SECNIDAZOL"],"complemento":null,"embalagemPrimaria":{"tipo":"BLISTER DE ALUMINIO/PLASTICO TRANSPARENTE","observacao":null},"embalagemSecundaria":{"tipo":"CARTUCHO DE CARTOLINA","observacao":null},"embalagemSecundariaTodas":[{"tipo":"CARTUCHO DE CARTOLINA","observacao":null}],"envoltorios":[],"acessorios":[],"acondicionamento":null,"marcas":[],"fabricantesNacionais":[{"fabricante":"SANOFI MEDLEY FARMACÊUTICA LTDA.","cnpj":"10588595001092","pais":"BRASIL","uf":"SP","cidade":"SUZANO","etapaFabricacao":"Processo produtivo completo "}],"fabricantesInternacionais":[],"viasAdministracao":["ORAL"],"ifaUnico":true,"conservacao":["CONSERVAR EM  TEMPERATURA AMBIENTE ( AMBIENTE COM TEMPERATURA ENTRE 15 E 30ºC)"],"restricaoPrescricao":["Venda sob Prescrição Médica"],"restricaoUso":["Adulto"],"destinacao":["Comercial"],"restricaoHospitais":"N","tarja":"Vermelha","medicamentoReferencia":"N","apresentacaoFracionada":"N","dataVencimentoRegistro":null,"tipoAutorizacao":"REGISTRADO","ativa":true,"inativa":false,"emAnalise":false}],"rotulos":[],"anexoRotulos":[{"codigoAnexo":24235469,"nomeAnexo":"03. LAYOUT_COMPRIMIDO REVESTIDO.PDF","tipoArquivo":"PDF","origem":"P"}],"tipoAutorizacao":"REGISTRADO"}