{"content":[{"ordem":1,"produto":{"codigo":69982,"nome":"BENZILPENICILINA PROCAINA+BENZILPENICILINA POTASSICA","numeroRegistro":"112080042","tipo":{"codigo":1,"descricao":null},"categoria":null,"situacaoRotulo":null,"dataVencimento":null,"mesAnoVencimento":"022005","dataVencimentoRegistro":"2005-02-01T00:00:00.000-0300","principioAtivo":null,"situacaoApresentacao":"Caduco/Cancelado","dataRegistro":"2000-02-18T00:00:00.000-0200","categoriaRegulatoria":{"codigo":8,"descricao":"Similar"},"medicamentoReferencia":null,"categoriaProduto":null,"tipoAutorizacao":"REGISTRADO","numeroRegistroFormatado":"112080042","mesAnoVencimentoFormatado":"02/2005","acancelar":false},"empresa":{"cnpj":"00394452000103","razaoSocial":"LABORATÓRIO QUÍMICO FARMACÊUTICO DO EXÉRCITO","numeroAutorizacao":"1012085","cnpjFormatado":"00.394.452/0001-03"},"processo":{"numero":"250000346679922","situacao":29,"numeroProcessoFormatado":"25000.034667/99-22"}},{"ordem":2,"produto":{"codigo":69986,"nome":"BENZOATO DE BENZILA","numeroRegistro":"112080017","tipo":{"codigo":1,"descricao":null},"categoria":null,"situacaoRotulo":null,"dataVencimento":null,"mesAnoVencimento":"112027","dataVencimentoRegistro":"2027-11-01T00:00:00.000-0300","principioAtivo":"BENZOATO DE BENZILA","situacaoApresentacao":"Válido","dataRegistro":"1997-11-20T00:00:00.000-0300","categoriaRegulatoria":{"codigo":8,"descricao":"Similar"},"medicamentoReferencia":null,"categoriaProduto":null,"tipoAutorizacao":"REGISTRADO","numeroRegistroFormatado":"112080017","mesAnoVencimentoFormatado":"11/2027","acancelar":false},"empresa":{"cnpj":"00394452000103","razaoSocial":"LABORATÓRIO QUÍMICO FARMACÊUTICO DO EXÉRCITO","numeroAutorizacao":"1012085","cnpjFormatado":"00.394.452/0001-03"},"processo":{"numero":"250000391979603","situacao":29,"numeroProcessoFormatado":"25000.039197/96-03"}},{"ordem":3,"produto":{"codigo":70010,"nome":"BICARBONATO DE SÓDIO","numeroRegistro":"112080055","tipo":{"codigo":1,"descricao":null},"categoria":null,"situacaoRotulo":null,"dataVencimento":null,"mesAnoVencimento":"062015","dataVencimentoRegistro":"2015-06-01T00:00:00.000-0300","principioAtivo":null,"situacaoApresentacao":"Caduco/Cancelado","dataRegistro":"2000-06-28T00:00:00.000-0300","categoriaRegulatoria":{"codigo":8,"descricao":"Similar"},"medicamentoReferencia":null,"categoriaProduto":null,"tipoAutorizacao":"REGISTRADO","numeroRegistroFormatado":"112080055","mesAnoVencimentoFormatado":"06/2015","acancelar":false},"empresa":{"cnpj":"00394452000103","razaoSocial":"LABORATÓRIO QUÍMICO FARMACÊUTICO DO EXÉRCITO","numeroAutorizacao":"1012085","cnpjFormatado":"00.394.452/0001-03"},"processo":{"numero":"253510044490061","situacao":29,"numeroProcessoFormatado":"25351.004449/00-61"}},{"ordem":4,"produto":{"codigo":70064,"nome":"CEFALEXINA MONOHIDRATADA","numeroRegistro":"112080021","tipo":{"codigo":1,"descricao":null},"categoria":null,"situacaoRotulo":null,"dataVencimento":null,"mesAnoVencimento":"042004","dataVencimentoRegistro":"2004-04-01T00:00:00.000-0300","principioAtivo":null,"situacaoApresentacao":"Caduco/Cancelado","dataRegistro":"1999-04-07T00:00:00.000-0300","categoriaRegulatoria":{"codigo":8,"descricao":"Similar"},"medicamentoReferencia":null,"categoriaProduto":null,"tipoAutorizacao":"REGISTRADO","numeroRegistroFormatado":"112080021","mesAnoVencimentoFormatado":"04/2004","acancelar":false},"empresa":{"cnpj":"00394452000103","razaoSocial":"LABORATÓRIO QUÍMICO FARMACÊUTICO DO EXÉRCITO","numeroAutorizacao":"1012085","cnpjFormatado":"00.394.452/0001-03"},"processo":{"numero":"250000122819861","situacao":29,"numeroProcessoFormatado":"25000.012281/98-61"}},{"ordem":5,"produto":{"codigo":70241,"nome":"CLORIDRATO DE TETRACICLINA","numeroRegistro":"112080011","tipo":{"codigo":1,"descricao":null},"categoria":null,"situacaoRotulo":null,"dataVencimento":null,"mesAnoVencimento":"122006","dataVencimentoRegistro":"2006-12-01T00:00:00.000-0300","principioAtivo":null,"situacaoApresentacao":"Caduco/Cancelado","dataRegistro":"1996-12-30T00:00:00.000-0300","categoriaRegulatoria":{"codigo":8,"descricao":"Similar"},"medicamentoReferencia":null,"categoriaProduto":null,"tipoAutorizacao":"REGISTRADO","numeroRegistroFormatado":"112080011","mesAnoVencimentoFormatado":"12/2006","acancelar":false},"empresa":{"cnpj":"00394452000103","razaoSocial":"LABORATÓRIO QUÍMICO FARMACÊUTICO DO EXÉRCITO","numeroAutorizacao":"1012085","cnpjFormatado":"00.394.452/0001-03"},"processo":{"numero":"250000141649614","situacao":29,"numeroProcessoFormatado":"25000.014164/96-14"}},{"ordem":6,"produto":{"codigo":70312,"nome":"DICLOFENACO POTASSICO","numeroRegistro":"112080015","tipo":{"codigo":1,"descricao":null},"categoria":null,"situacaoRotulo":null,"dataVencimento":null,"mesAnoVencimento":"052017","dataVencimentoRegistro":"2017-05-01T00:00:00.000-0300","principioAtivo":null,"situacaoApresentacao":"Caduco/Cancelado","dataRegistro":"1997-05-14T00:00:00.000-0300","categoriaRegulatoria":{"codigo":8,"descricao":"Similar"},"medicamentoReferencia":null,"categoriaProduto":null,"tipoAutorizacao":"REGISTRADO","numeroRegistroFormatado":"112080015","mesAnoVencimentoFormatado":"05/2017","acancelar":false},"empresa":{"cnpj":"00394452000103","razaoSocial":"LABORATÓRIO QUÍMICO FARMACÊUTICO DO EXÉRCITO","numeroAutorizacao":"1012085","cnpjFormatado":"00.394.452/0001-03"},"processo":{"numero":"250000344159697","situacao":29,"numeroProcessoFormatado":"25000.034415/96-97"}},{"ordem":7,"produto":{"codigo":70396,"nome":"ESTREPTOMICINA","numeroRegistro":"112080036","tipo":{"codigo":1,"descricao":null},"categoria":null,"situacaoRotulo":null,"dataVencimento":null,"mesAnoVencimento":"022005","dataVencimentoRegistro":"2005-02-01T00:00:00.000-0300","principioAtivo":null,"situacaoApresentacao":"Caduco/Cancelado","dataRegistro":"2000-01-31T00:00:00.000-0200","categoriaRegulatoria":{"codigo":8,"descricao":"Similar"},"medicamentoReferencia":null,"categoriaProduto":null,"tipoAutorizacao":"REGISTRADO","numeroRegistroFormatado":"112080036","mesAnoVencimentoFormatado":"02/2005","acancelar":false},"empresa":{"cnpj":"00394452000103","razaoSocial":"LABORATÓRIO QUÍMICO FARMACÊUTICO DO EXÉRCITO","numeroAutorizacao":"1012085","cnpjFormatado":"00.394.452/0001-03"},"processo":{"numero":"250000283759932","situacao":29,"numeroProcessoFormatado":"25000.028375/99-32"}},{"ordem":8,"produto":{"codigo":70462,"nome":"FUROSEMIDA","numeroRegistro":"112080013","tipo":{"codigo":1,"descricao":null},"categoria":null,"situacaoRotulo":null,"dataVencimento":null,"mesAnoVencimento":"022017","dataVencimentoRegistro":"2017-02-01T00:00:00.000-0300","principioAtivo":null,"situacaoApresentacao":"Caduco/Cancelado","dataRegistro":"1997-02-06T00:00:00.000-0300","categoriaRegulatoria":{"codigo":8,"descricao":"Similar"},"medicamentoReferencia":null,"categoriaProduto":null,"tipoAutorizacao":"REGISTRADO","numeroRegistroFormatado":"112080013","mesAnoVencimentoFormatado":"02/2017","acancelar":false},"empresa":{"cnpj":"00394452000103","razaoSocial":"LABORATÓRIO QUÍMICO FARMACÊUTICO DO EXÉRCITO","numeroAutorizacao":"1012085","cnpjFormatado":"00.394.452/0001-03"},"processo":{"numero":"250000279259653","situacao":29,"numeroProcessoFormatado":"25000.027925/96-53"}},{"ordem":9,"produto":{"codigo":70463,"nome":"FUROSEMIDA","numeroRegistro":"112080075","tipo":{"codigo":1,"descricao":null},"categoria":null,"situacaoRotulo":null,"dataVencimento":null,"mesAnoVencimento":"022007","dataVencimentoRegistro":"2007-02-01T00:00:00.000-0300","principioAtivo":null,"situacaoApresentacao":"Caduco/Cancelado","dataRegistro":"2002-02-27T00:00:00.000-0300","categoriaRegulatoria":{"codigo":8,"descricao":"Similar"},"medicamentoReferencia":null,"categoriaProduto":null,"tipoAutorizacao":"REGISTRADO","numeroRegistroFormatado":"112080075","mesAnoVencimentoFormatado":"02/2007","acancelar":false},"empresa":{"cnpj":"00394452000103","razaoSocial":"LABORATÓRIO QUÍMICO FARMACÊUTICO DO EXÉRCITO","numeroAutorizacao":"1012085","cnpjFormatado":"00.394.452/0001-03"},"processo":{"numero":"253510388720173","situacao":29,"numeroProcessoFormatado":"25351.038872/01-73"}},{"ordem":10,"produto":{"codigo":70556,"nome":"IODETO DE POTASSIO","numeroRegistro":"112080040","tipo":{"codigo":1,"descricao":null},"categoria":null,"situacaoRotulo":null,"dataVencimento":null,"mesAnoVencimento":"022005","dataVencimentoRegistro":"2005-02-01T00:00:00.000-0300","principioAtivo":null,"situacaoApresentacao":"Caduco/Cancelado","dataRegistro":"2000-02-09T00:00:00.000-0200","categoriaRegulatoria":{"codigo":8,"descricao":"Similar"},"medicamentoReferencia":null,"categoriaProduto":null,"tipoAutorizacao":"REGISTRADO","numeroRegistroFormatado":"112080040","mesAnoVencimentoFormatado":"02/2005","acancelar":false},"empresa":{"cnpj":"00394452000103","razaoSocial":"LABORATÓRIO QUÍMICO FARMACÊUTICO DO EXÉRCITO","numeroAutorizacao":"1012085","cnpjFormatado":"00.394.452/0001-03"},"processo":{"numero":"250000357059874","situacao":29,"numeroProcessoFormatado":"25000.035705/98-74"}},{"ordem":11,"produto":{"codigo":70583,"nome":"ISONIAZIDA  + RIFAMPICINA","numeroRegistro":"112080001","tipo":{"codigo":1,"descricao":null},"categoria":null,"situacaoRotulo":null,"dataVencimento":null,"mesAnoVencimento":"062016","dataVencimentoRegistro":"2016-06-01T00:00:00.000-0300","principioAtivo":null,"situacaoApresentacao":"Caduco/Cancelado","dataRegistro":"1996-06-28T00:00:00.000-0300","categoriaRegulatoria":{"codigo":8,"descricao":"Similar"},"medicamentoReferencia":null,"categoriaProduto":null,"tipoAutorizacao":"REGISTRADO","numeroRegistroFormatado":"112080001","mesAnoVencimentoFormatado":"06/2016","acancelar":false},"empresa":{"cnpj":"00394452000103","razaoSocial":"LABORATÓRIO QUÍMICO FARMACÊUTICO DO EXÉRCITO","numeroAutorizacao":"1012085","cnpjFormatado":"00.394.452/0001-03"},"processo":{"numero":"250000104949669","situacao":29,"numeroProcessoFormatado":"25000.010494/96-69"}},{"ordem":12,"produto":{"codigo":70586,"nome":"ISONIAZIDA + RIFAMPICINA","numeroRegistro":"112080065","tipo":{"codigo":1,"descricao":null},"categoria":null,"situacaoRotulo":null,"dataVencimento":null,"mesAnoVencimento":"092025","dataVencimentoRegistro":"2025-09-01T00:00:00.000-0300","principioAtivo":null,"situacaoApresentacao":"Válido","dataRegistro":"2000-09-01T00:00:00.000-0300","categoriaRegulatoria":{"codigo":8,"descricao":"Similar"},"medicamentoReferencia":null,"categoriaProduto":null,"tipoAutorizacao":"REGISTRADO","numeroRegistroFormatado":"112080065","mesAnoVencimentoFormatado":"09/2025","acancelar":false},"empresa":{"cnpj":"00394452000103","razaoSocial":"LABORATÓRIO QUÍMICO FARMACÊUTICO DO EXÉRCITO","numeroAutorizacao":"1012085","cnpjFormatado":"00.394.452/0001-03"},"processo":{"numero":"250000357149865","situacao":29,"numeroProcessoFormatado":"25000.035714/98-65"}},{"ordem":13,"produto":{"codigo":161990,"nome":"LAQFEX METILDOPA","numeroRegistro":"112080079","tipo":{"codigo":1,"descricao":null},"categoria":null,"situacaoRotulo":null,"dataVencimento":null,"mesAnoVencimento":"112012","dataVencimentoRegistro":"2012-11-01T00:00:00.000-0300","principioAtivo":null,"situacaoApresentacao":"Caduco/Cancelado","dataRegistro":"2002-11-27T00:00:00.000-0300","categoriaRegulatoria":{"codigo":8,"descricao":"Similar"},"medicamentoReferencia":null,"categoriaProduto":null,"tipoAutorizacao":"REGISTRADO","numeroRegistroFormatado":"112080079","mesAnoVencimentoFormatado":"11/2012","acancelar":false},"empresa":{"cnpj":"00394452000103","razaoSocial":"LABORATÓRIO QUÍMICO FARMACÊUTICO DO EXÉRCITO","numeroAutorizacao":"1012085","cnpjFormatado":"00.394.452/0001-03"},"processo":{"numero":"25351175793200231","situacao":29,"numeroProcessoFormatado":"25351.175793/2002-31"}},{"ordem":14,"produto":{"codigo":70127,"nome":"LQFE - CLINDAMICINA","numeroRegistro":"112080062","tipo":{"codigo":1,"descricao":null},"categoria":null,"situacaoRotulo":null,"dataVencimento":null,"mesAnoVencimento":"092005","dataVencimentoRegistro":"2005-09-01T00:00:00.000-0300","principioAtivo":null,"situacaoApresentacao":"Caduco/Cancelado","dataRegistro":"2000-09-01T00:00:00.000-0300","categoriaRegulatoria":{"codigo":8,"descricao":"Similar"},"medicamentoReferencia":null,"categoriaProduto":null,"tipoAutorizacao":"REGISTRADO","numeroRegistroFormatado":"112080062","mesAnoVencimentoFormatado":"09/2005","acancelar":false},"empresa":{"cnpj":"00394452000103","razaoSocial":"LABORATÓRIO QUÍMICO FARMACÊUTICO DO EXÉRCITO","numeroAutorizacao":"1012085","cnpjFormatado":"00.394.452/0001-03"},"processo":{"numero":"250000370459929","situacao":29,"numeroProcessoFormatado":"25000.037045/99-29"}},{"ordem":15,"produto":{"codigo":70278,"nome":"LQFE - DIAZEPAM","numeroRegistro":"112080029","tipo":{"codigo":1,"descricao":null},"categoria":null,"situacaoRotulo":null,"dataVencimento":null,"mesAnoVencimento":"112009","dataVencimentoRegistro":"2009-11-01T00:00:00.000-0300","principioAtivo":null,"situacaoApresentacao":"Caduco/Cancelado","dataRegistro":"1999-11-22T00:00:00.000-0200","categoriaRegulatoria":{"codigo":8,"descricao":"Similar"},"medicamentoReferencia":null,"categoriaProduto":null,"tipoAutorizacao":"REGISTRADO","numeroRegistroFormatado":"112080029","mesAnoVencimentoFormatado":"11/2009","acancelar":false},"empresa":{"cnpj":"00394452000103","razaoSocial":"LABORATÓRIO QUÍMICO FARMACÊUTICO DO EXÉRCITO","numeroAutorizacao":"1012085","cnpjFormatado":"00.394.452/0001-03"},"processo":{"numero":"250000357089862","situacao":29,"numeroProcessoFormatado":"25000.035708/98-62"}},{"ordem":16,"produto":{"codigo":70641,"nome":"LQFE - MEBENDAZOL","numeroRegistro":"112080019","tipo":{"codigo":1,"descricao":null},"categoria":null,"situacaoRotulo":null,"dataVencimento":null,"mesAnoVencimento":"122017","dataVencimentoRegistro":"2017-12-01T00:00:00.000-0300","principioAtivo":null,"situacaoApresentacao":"Caduco/Cancelado","dataRegistro":"1997-12-15T00:00:00.000-0300","categoriaRegulatoria":{"codigo":8,"descricao":"Similar"},"medicamentoReferencia":null,"categoriaProduto":null,"tipoAutorizacao":"REGISTRADO","numeroRegistroFormatado":"112080019","mesAnoVencimentoFormatado":"12/2017","acancelar":false},"empresa":{"cnpj":"00394452000103","razaoSocial":"LABORATÓRIO QUÍMICO FARMACÊUTICO DO EXÉRCITO","numeroAutorizacao":"1012085","cnpjFormatado":"00.394.452/0001-03"},"processo":{"numero":"250000391989668","situacao":29,"numeroProcessoFormatado":"25000.039198/96-68"}},{"ordem":17,"produto":{"codigo":70987,"nome":"LQFE - SULFATO FERROSO","numeroRegistro":"112080060","tipo":{"codigo":1,"descricao":null},"categoria":null,"situacaoRotulo":null,"dataVencimento":null,"mesAnoVencimento":"072005","dataVencimentoRegistro":"2005-07-01T00:00:00.000-0300","principioAtivo":null,"situacaoApresentacao":"Caduco/Cancelado","dataRegistro":"2000-07-28T00:00:00.000-0300","categoriaRegulatoria":{"codigo":8,"descricao":"Similar"},"medicamentoReferencia":null,"categoriaProduto":null,"tipoAutorizacao":"REGISTRADO","numeroRegistroFormatado":"112080060","mesAnoVencimentoFormatado":"07/2005","acancelar":false},"empresa":{"cnpj":"00394452000103","razaoSocial":"LABORATÓRIO QUÍMICO FARMACÊUTICO DO EXÉRCITO","numeroAutorizacao":"1012085","cnpjFormatado":"00.394.452/0001-03"},"processo":{"numero":"253510061040061","situacao":29,"numeroProcessoFormatado":"25351.006104/00-61"}},{"ordem":18,"produto":{"codigo":421236,"nome":"LQFE - ÁCIDO FÓLICO","numeroRegistro":"112080043","tipo":{"codigo":1,"descricao":null},"categoria":null,"situacaoRotulo":null,"dataVencimento":null,"mesAnoVencimento":"032005","dataVencimentoRegistro":"2005-03-01T00:00:00.000-0300","principioAtivo":null,"situacaoApresentacao":"Caduco/Cancelado","dataRegistro":"2000-03-10T00:00:00.000-0300","categoriaRegulatoria":{"codigo":8,"descricao":"Similar"},"medicamentoReferencia":null,"categoriaProduto":null,"tipoAutorizacao":"REGISTRADO","numeroRegistroFormatado":"112080043","mesAnoVencimentoFormatado":"03/2005","acancelar":false},"empresa":{"cnpj":"00394452000103","razaoSocial":"LABORATÓRIO QUÍMICO FARMACÊUTICO DO EXÉRCITO","numeroAutorizacao":"1012085","cnpjFormatado":"00.394.452/0001-03"},"processo":{"numero":"250000347099971","situacao":29,"numeroProcessoFormatado":"25000.034709/99-71"}},{"ordem":19,"produto":{"codigo":70516,"nome":"LQFE HIDROCLOROTIAZIDA","numeroRegistro":"112080035","tipo":{"codigo":1,"descricao":null},"categoria":null,"situacaoRotulo":null,"dataVencimento":null,"mesAnoVencimento":"012010","dataVencimentoRegistro":"2010-01-01T00:00:00.000-0300","principioAtivo":null,"situacaoApresentacao":"Caduco/Cancelado","dataRegistro":"2000-01-25T00:00:00.000-0200","categoriaRegulatoria":{"codigo":8,"descricao":"Similar"},"medicamentoReferencia":null,"categoriaProduto":null,"tipoAutorizacao":"REGISTRADO","numeroRegistroFormatado":"112080035","mesAnoVencimentoFormatado":"01/2010","acancelar":false},"empresa":{"cnpj":"00394452000103","razaoSocial":"LABORATÓRIO QUÍMICO FARMACÊUTICO DO EXÉRCITO","numeroAutorizacao":"1012085","cnpjFormatado":"00.394.452/0001-03"},"processo":{"numero":"250000238839914","situacao":29,"numeroProcessoFormatado":"25000.023883/99-14"}},{"ordem":20,"produto":{"codigo":70580,"nome":"LQFE ISONIAZIDA","numeroRegistro":"112080059","tipo":{"codigo":1,"descricao":null},"categoria":null,"situacaoRotulo":null,"dataVencimento":null,"mesAnoVencimento":"072015","dataVencimentoRegistro":"2015-07-01T00:00:00.000-0300","principioAtivo":null,"situacaoApresentacao":"Caduco/Cancelado","dataRegistro":"2000-07-27T00:00:00.000-0300","categoriaRegulatoria":{"codigo":8,"descricao":"Similar"},"medicamentoReferencia":null,"categoriaProduto":null,"tipoAutorizacao":"REGISTRADO","numeroRegistroFormatado":"112080059","mesAnoVencimentoFormatado":"07/2015","acancelar":false},"empresa":{"cnpj":"00394452000103","razaoSocial":"LABORATÓRIO QUÍMICO FARMACÊUTICO DO EXÉRCITO","numeroAutorizacao":"1012085","cnpjFormatado":"00.394.452/0001-03"},"processo":{"numero":"250000357069837","situacao":29,"numeroProcessoFormatado":"25000.035706/98-37"}},{"ordem":21,"produto":{"codigo":70699,"nome":"LQFE- METOCLOPRAMIDA","numeroRegistro":"112080041","tipo":{"codigo":1,"descricao":null},"categoria":null,"situacaoRotulo":null,"dataVencimento":null,"mesAnoVencimento":"022015","dataVencimentoRegistro":"2015-02-01T00:00:00.000-0300","principioAtivo":null,"situacaoApresentacao":"Caduco/Cancelado","dataRegistro":"2000-02-09T00:00:00.000-0200","categoriaRegulatoria":{"codigo":8,"descricao":"Similar"},"medicamentoReferencia":null,"categoriaProduto":null,"tipoAutorizacao":"REGISTRADO","numeroRegistroFormatado":"112080041","mesAnoVencimentoFormatado":"02/2015","acancelar":false},"empresa":{"cnpj":"00394452000103","razaoSocial":"LABORATÓRIO QUÍMICO FARMACÊUTICO DO EXÉRCITO","numeroAutorizacao":"1012085","cnpjFormatado":"00.394.452/0001-03"},"processo":{"numero":"250000356999873","situacao":29,"numeroProcessoFormatado":"25000.035699/98-73"}},{"ordem":22,"produto":{"codigo":69967,"nome":"LQFE-ANTIMONIATO DE MEGLUMINA","numeroRegistro":"112080057","tipo":{"codigo":1,"descricao":null},"categoria":null,"situacaoRotulo":null,"dataVencimento":null,"mesAnoVencimento":"072010","dataVencimentoRegistro":"2010-07-01T00:00:00.000-0300","principioAtivo":null,"situacaoApresentacao":"Caduco/Cancelado","dataRegistro":"2000-07-10T00:00:00.000-0300","categoriaRegulatoria":{"codigo":8,"descricao":"Similar"},"medicamentoReferencia":null,"categoriaProduto":null,"tipoAutorizacao":"REGISTRADO","numeroRegistroFormatado":"112080057","mesAnoVencimentoFormatado":"07/2010","acancelar":false},"empresa":{"cnpj":"00394452000103","razaoSocial":"LABORATÓRIO QUÍMICO FARMACÊUTICO DO EXÉRCITO","numeroAutorizacao":"1012085","cnpjFormatado":"00.394.452/0001-03"},"processo":{"numero":"250000370359975","situacao":29,"numeroProcessoFormatado":"25000.037035/99-75"}},{"ordem":23,"produto":{"codigo":70325,"nome":"LQFE-ETAMBUTOL","numeroRegistro":"112080037","tipo":{"codigo":1,"descricao":null},"categoria":null,"situacaoRotulo":null,"dataVencimento":null,"mesAnoVencimento":"022010","dataVencimentoRegistro":"2010-02-01T00:00:00.000-0300","principioAtivo":null,"situacaoApresentacao":"Caduco/Cancelado","dataRegistro":"2000-02-02T00:00:00.000-0200","categoriaRegulatoria":{"codigo":8,"descricao":"Similar"},"medicamentoReferencia":null,"categoriaProduto":null,"tipoAutorizacao":"REGISTRADO","numeroRegistroFormatado":"112080037","mesAnoVencimentoFormatado":"02/2010","acancelar":false},"empresa":{"cnpj":"00394452000103","razaoSocial":"LABORATÓRIO QUÍMICO FARMACÊUTICO DO EXÉRCITO","numeroAutorizacao":"1012085","cnpjFormatado":"00.394.452/0001-03"},"processo":{"numero":"250000283779968","situacao":29,"numeroProcessoFormatado":"25000.028377/99-68"}},{"ordem":24,"produto":{"codigo":70758,"nome":"LQFE-OXAMINIQUINA","numeroRegistro":"112080064","tipo":{"codigo":1,"descricao":null},"categoria":null,"situacaoRotulo":null,"dataVencimento":null,"mesAnoVencimento":"082005","dataVencimentoRegistro":"2005-08-01T00:00:00.000-0300","principioAtivo":null,"situacaoApresentacao":"Caduco/Cancelado","dataRegistro":"2000-09-01T00:00:00.000-0300","categoriaRegulatoria":{"codigo":8,"descricao":"Similar"},"medicamentoReferencia":null,"categoriaProduto":null,"tipoAutorizacao":"REGISTRADO","numeroRegistroFormatado":"112080064","mesAnoVencimentoFormatado":"08/2005","acancelar":false},"empresa":{"cnpj":"00394452000103","razaoSocial":"LABORATÓRIO QUÍMICO FARMACÊUTICO DO EXÉRCITO","numeroAutorizacao":"1012085","cnpjFormatado":"00.394.452/0001-03"},"processo":{"numero":"250000370369938","situacao":29,"numeroProcessoFormatado":"25000.037036/99-38"}},{"ordem":25,"produto":{"codigo":70777,"nome":"LQFEX -  PARACETAMOL","numeroRegistro":"112080002","tipo":{"codigo":1,"descricao":null},"categoria":null,"situacaoRotulo":null,"dataVencimento":null,"mesAnoVencimento":"062006","dataVencimentoRegistro":"2006-06-01T00:00:00.000-0300","principioAtivo":null,"situacaoApresentacao":"Caduco/Cancelado","dataRegistro":"1996-06-28T00:00:00.000-0300","categoriaRegulatoria":{"codigo":8,"descricao":"Similar"},"medicamentoReferencia":null,"categoriaProduto":null,"tipoAutorizacao":"REGISTRADO","numeroRegistroFormatado":"112080002","mesAnoVencimentoFormatado":"06/2006","acancelar":false},"empresa":{"cnpj":"00394452000103","razaoSocial":"LABORATÓRIO QUÍMICO FARMACÊUTICO DO EXÉRCITO","numeroAutorizacao":"1012085","cnpjFormatado":"00.394.452/0001-03"},"processo":{"numero":"250000141639643","situacao":29,"numeroProcessoFormatado":"25000.014163/96-43"}},{"ordem":26,"produto":{"codigo":69949,"nome":"LQFEX - AMOXICILINA","numeroRegistro":"112080032","tipo":{"codigo":1,"descricao":null},"categoria":null,"situacaoRotulo":null,"dataVencimento":null,"mesAnoVencimento":"012010","dataVencimentoRegistro":"2010-01-01T00:00:00.000-0300","principioAtivo":null,"situacaoApresentacao":"Caduco/Cancelado","dataRegistro":"2000-01-13T00:00:00.000-0200","categoriaRegulatoria":{"codigo":8,"descricao":"Similar"},"medicamentoReferencia":null,"categoriaProduto":null,"tipoAutorizacao":"REGISTRADO","numeroRegistroFormatado":"112080032","mesAnoVencimentoFormatado":"01/2010","acancelar":false},"empresa":{"cnpj":"00394452000103","razaoSocial":"LABORATÓRIO QUÍMICO FARMACÊUTICO DO EXÉRCITO","numeroAutorizacao":"1012085","cnpjFormatado":"00.394.452/0001-03"},"processo":{"numero":"250000347109950","situacao":29,"numeroProcessoFormatado":"25000.034710/99-50"}},{"ordem":27,"produto":{"codigo":69966,"nome":"LQFEX - AMPICILNA","numeroRegistro":"112080003","tipo":{"codigo":1,"descricao":null},"categoria":null,"situacaoRotulo":null,"dataVencimento":null,"mesAnoVencimento":"062006","dataVencimentoRegistro":"2006-06-01T00:00:00.000-0300","principioAtivo":null,"situacaoApresentacao":"Caduco/Cancelado","dataRegistro":"1996-06-28T00:00:00.000-0300","categoriaRegulatoria":{"codigo":8,"descricao":"Similar"},"medicamentoReferencia":null,"categoriaProduto":null,"tipoAutorizacao":"REGISTRADO","numeroRegistroFormatado":"112080003","mesAnoVencimentoFormatado":"06/2006","acancelar":false},"empresa":{"cnpj":"00394452000103","razaoSocial":"LABORATÓRIO QUÍMICO FARMACÊUTICO DO EXÉRCITO","numeroAutorizacao":"1012085","cnpjFormatado":"00.394.452/0001-03"},"processo":{"numero":"250000104959621","situacao":29,"numeroProcessoFormatado":"25000.010495/96-21"}},{"ordem":28,"produto":{"codigo":70038,"nome":"LQFEX - CAPTOPRIL","numeroRegistro":"112080034","tipo":{"codigo":1,"descricao":null},"categoria":null,"situacaoRotulo":null,"dataVencimento":null,"mesAnoVencimento":"012010","dataVencimentoRegistro":"2010-01-01T00:00:00.000-0300","principioAtivo":null,"situacaoApresentacao":"Caduco/Cancelado","dataRegistro":"2000-01-25T00:00:00.000-0200","categoriaRegulatoria":{"codigo":8,"descricao":"Similar"},"medicamentoReferencia":null,"categoriaProduto":null,"tipoAutorizacao":"REGISTRADO","numeroRegistroFormatado":"112080034","mesAnoVencimentoFormatado":"01/2010","acancelar":false},"empresa":{"cnpj":"00394452000103","razaoSocial":"LABORATÓRIO QUÍMICO FARMACÊUTICO DO EXÉRCITO","numeroAutorizacao":"1012085","cnpjFormatado":"00.394.452/0001-03"},"processo":{"numero":"250000239709917","situacao":29,"numeroProcessoFormatado":"25000.023970/99-17"}},{"ordem":29,"produto":{"codigo":70128,"nome":"LQFEX - CLINDAMICINA","numeroRegistro":"112080063","tipo":{"codigo":1,"descricao":null},"categoria":null,"situacaoRotulo":null,"dataVencimento":null,"mesAnoVencimento":"082010","dataVencimentoRegistro":"2010-08-01T00:00:00.000-0300","principioAtivo":null,"situacaoApresentacao":"Caduco/Cancelado","dataRegistro":"2000-09-01T00:00:00.000-0300","categoriaRegulatoria":{"codigo":8,"descricao":"Similar"},"medicamentoReferencia":null,"categoriaProduto":null,"tipoAutorizacao":"REGISTRADO","numeroRegistroFormatado":"112080063","mesAnoVencimentoFormatado":"08/2010","acancelar":false},"empresa":{"cnpj":"00394452000103","razaoSocial":"LABORATÓRIO QUÍMICO FARMACÊUTICO DO EXÉRCITO","numeroAutorizacao":"1012085","cnpjFormatado":"00.394.452/0001-03"},"processo":{"numero":"250000370389963","situacao":29,"numeroProcessoFormatado":"25000.037038/99-63"}},{"ordem":30,"produto":{"codigo":70249,"nome":"LQFEX - CLOROQUINA","numeroRegistro":"112080031","tipo":{"codigo":1,"descricao":null},"categoria":null,"situacaoRotulo":null,"dataVencimento":null,"mesAnoVencimento":"012025","dataVencimentoRegistro":"2025-01-01T00:00:00.000-0300","principioAtivo":"DIFOSFATO DE CLOROQUINA","situacaoApresentacao":"Válido","dataRegistro":"2000-01-13T00:00:00.000-0200","categoriaRegulatoria":{"codigo":8,"descricao":"Similar"},"medicamentoReferencia":null,"categoriaProduto":null,"tipoAutorizacao":"REGISTRADO","numeroRegistroFormatado":"112080031","mesAnoVencimentoFormatado":"01/2025","acancelar":false},"empresa":{"cnpj":"00394452000103","razaoSocial":"LABORATÓRIO QUÍMICO FARMACÊUTICO DO EXÉRCITO","numeroAutorizacao":"1012085","cnpjFormatado":"00.394.452/0001-03"},"processo":{"numero":"250000283729944","situacao":29,"numeroProcessoFormatado":"25000.028372/99-44"}},{"ordem":31,"produto":{"codigo":142953,"nome":"LQFEX - CLORPROPAMIDA","numeroRegistro":"112080078","tipo":{"codigo":1,"descricao":null},"categoria":null,"situacaoRotulo":null,"dataVencimento":null,"mesAnoVencimento":"122012","dataVencimentoRegistro":"2012-12-01T00:00:00.000-0300","principioAtivo":null,"situacaoApresentacao":"Caduco/Cancelado","dataRegistro":"2002-12-09T00:00:00.000-0300","categoriaRegulatoria":{"codigo":8,"descricao":"Similar"},"medicamentoReferencia":null,"categoriaProduto":null,"tipoAutorizacao":"REGISTRADO","numeroRegistroFormatado":"112080078","mesAnoVencimentoFormatado":"12/2012","acancelar":false},"empresa":{"cnpj":"00394452000103","razaoSocial":"LABORATÓRIO QUÍMICO FARMACÊUTICO DO EXÉRCITO","numeroAutorizacao":"1012085","cnpjFormatado":"00.394.452/0001-03"},"processo":{"numero":"25351180306200251","situacao":29,"numeroProcessoFormatado":"25351.180306/2002-51"}},{"ordem":32,"produto":{"codigo":70348,"nome":"LQFEX - DIPIRONA","numeroRegistro":"112080007","tipo":{"codigo":1,"descricao":null},"categoria":null,"situacaoRotulo":null,"dataVencimento":null,"mesAnoVencimento":"092026","dataVencimentoRegistro":"2026-09-01T00:00:00.000-0300","principioAtivo":"DIPIRONA","situacaoApresentacao":"Válido","dataRegistro":"1996-09-16T00:00:00.000-0300","categoriaRegulatoria":{"codigo":8,"descricao":"Similar"},"medicamentoReferencia":"NOVALGINA","categoriaProduto":null,"tipoAutorizacao":"REGISTRADO","numeroRegistroFormatado":"112080007","mesAnoVencimentoFormatado":"09/2026","acancelar":false},"empresa":{"cnpj":"00394452000103","razaoSocial":"LABORATÓRIO QUÍMICO FARMACÊUTICO DO EXÉRCITO","numeroAutorizacao":"1012085","cnpjFormatado":"00.394.452/0001-03"},"processo":{"numero":"250000141659679","situacao":29,"numeroProcessoFormatado":"25000.014165/96-79"}},{"ordem":33,"produto":{"codigo":70620,"nome":"LQFEX - ENALAPRIL","numeroRegistro":"112080070","tipo":{"codigo":1,"descricao":null},"categoria":null,"situacaoRotulo":null,"dataVencimento":null,"mesAnoVencimento":"082011","dataVencimentoRegistro":"2011-08-01T00:00:00.000-0300","principioAtivo":null,"situacaoApresentacao":"Caduco/Cancelado","dataRegistro":"2001-08-09T00:00:00.000-0300","categoriaRegulatoria":{"codigo":8,"descricao":"Similar"},"medicamentoReferencia":null,"categoriaProduto":null,"tipoAutorizacao":"REGISTRADO","numeroRegistroFormatado":"112080070","mesAnoVencimentoFormatado":"08/2011","acancelar":false},"empresa":{"cnpj":"00394452000103","razaoSocial":"LABORATÓRIO QUÍMICO FARMACÊUTICO DO EXÉRCITO","numeroAutorizacao":"1012085","cnpjFormatado":"00.394.452/0001-03"},"processo":{"numero":"253510107840161","situacao":29,"numeroProcessoFormatado":"25351.010784/01-61"}},{"ordem":34,"produto":{"codigo":70371,"nome":"LQFEX - ERITROMICINA","numeroRegistro":"112080014","tipo":{"codigo":1,"descricao":null},"categoria":null,"situacaoRotulo":null,"dataVencimento":null,"mesAnoVencimento":"032007","dataVencimentoRegistro":"2007-03-01T00:00:00.000-0300","principioAtivo":null,"situacaoApresentacao":"Caduco/Cancelado","dataRegistro":"1997-03-17T00:00:00.000-0300","categoriaRegulatoria":{"codigo":8,"descricao":"Similar"},"medicamentoReferencia":null,"categoriaProduto":null,"tipoAutorizacao":"REGISTRADO","numeroRegistroFormatado":"112080014","mesAnoVencimentoFormatado":"03/2007","acancelar":false},"empresa":{"cnpj":"00394452000103","razaoSocial":"LABORATÓRIO QUÍMICO FARMACÊUTICO DO EXÉRCITO","numeroAutorizacao":"1012085","cnpjFormatado":"00.394.452/0001-03"},"processo":{"numero":"250000011689713","situacao":29,"numeroProcessoFormatado":"25000.001168/97-13"}},{"ordem":35,"produto":{"codigo":70538,"nome":"LQFEX - HIDRÓXIDO DE ALUMÍNIO","numeroRegistro":"112080047","tipo":{"codigo":1,"descricao":null},"categoria":null,"situacaoRotulo":null,"dataVencimento":null,"mesAnoVencimento":"052015","dataVencimentoRegistro":"2015-05-01T00:00:00.000-0300","principioAtivo":null,"situacaoApresentacao":"Caduco/Cancelado","dataRegistro":"2000-05-19T00:00:00.000-0300","categoriaRegulatoria":{"codigo":8,"descricao":"Similar"},"medicamentoReferencia":null,"categoriaProduto":null,"tipoAutorizacao":"REGISTRADO","numeroRegistroFormatado":"112080047","mesAnoVencimentoFormatado":"05/2015","acancelar":false},"empresa":{"cnpj":"00394452000103","razaoSocial":"LABORATÓRIO QUÍMICO FARMACÊUTICO DO EXÉRCITO","numeroAutorizacao":"1012085","cnpjFormatado":"00.394.452/0001-03"},"processo":{"numero":"250000239699920","situacao":29,"numeroProcessoFormatado":"25000.023969/99-20"}},{"ordem":36,"produto":{"codigo":1989161,"nome":"LQFEX - INSULINA HUMANA R","numeroRegistro":"112080085","tipo":{"codigo":1,"descricao":null},"categoria":null,"situacaoRotulo":null,"dataVencimento":null,"mesAnoVencimento":"032031","dataVencimentoRegistro":"2031-03-01T00:00:00.000-0300","principioAtivo":"INSULINA HUMANA","situacaoApresentacao":"Válido","dataRegistro":"2021-03-15T00:00:00.000-0300","categoriaRegulatoria":{"codigo":1,"descricao":"Biológico"},"medicamentoReferencia":"Actrapid","categoriaProduto":null,"tipoAutorizacao":"REGISTRADO","numeroRegistroFormatado":"112080085","mesAnoVencimentoFormatado":"03/2031","acancelar":false},"empresa":{"cnpj":"00394452000103","razaoSocial":"LABORATÓRIO QUÍMICO FARMACÊUTICO DO EXÉRCITO","numeroAutorizacao":"1012085","cnpjFormatado":"00.394.452/0001-03"},"processo":{"numero":"25351626681202033","situacao":29,"numeroProcessoFormatado":"25351.626681/2020-33"}},{"ordem":37,"produto":{"codigo":70650,"nome":"LQFEX - MEFLOQUINA","numeroRegistro":"112080045","tipo":{"codigo":1,"descricao":null},"categoria":null,"situacaoRotulo":null,"dataVencimento":null,"mesAnoVencimento":"022025","dataVencimentoRegistro":"2025-02-01T00:00:00.000-0300","principioAtivo":"MEFLOQUINA","situacaoApresentacao":"Válido","dataRegistro":"2000-02-24T00:00:00.000-0200","categoriaRegulatoria":{"codigo":8,"descricao":"Similar"},"medicamentoReferencia":null,"categoriaProduto":null,"tipoAutorizacao":"REGISTRADO","numeroRegistroFormatado":"112080045","mesAnoVencimentoFormatado":"02/2025","acancelar":false},"empresa":{"cnpj":"00394452000103","razaoSocial":"LABORATÓRIO QUÍMICO FARMACÊUTICO DO EXÉRCITO","numeroAutorizacao":"1012085","cnpjFormatado":"00.394.452/0001-03"},"processo":{"numero":"250000283809972","situacao":29,"numeroProcessoFormatado":"25000.028380/99-72"}},{"ordem":38,"produto":{"codigo":70671,"nome":"LQFEX - METOCLOPRAMIDA","numeroRegistro":"112080051","tipo":{"codigo":1,"descricao":null},"categoria":null,"situacaoRotulo":null,"dataVencimento":null,"mesAnoVencimento":"052015","dataVencimentoRegistro":"2015-05-01T00:00:00.000-0300","principioAtivo":null,"situacaoApresentacao":"Caduco/Cancelado","dataRegistro":"2000-05-31T00:00:00.000-0300","categoriaRegulatoria":{"codigo":8,"descricao":"Similar"},"medicamentoReferencia":null,"categoriaProduto":null,"tipoAutorizacao":"REGISTRADO","numeroRegistroFormatado":"112080051","mesAnoVencimentoFormatado":"05/2015","acancelar":false},"empresa":{"cnpj":"00394452000103","razaoSocial":"LABORATÓRIO QUÍMICO FARMACÊUTICO DO EXÉRCITO","numeroAutorizacao":"1012085","cnpjFormatado":"00.394.452/0001-03"},"processo":{"numero":"250000238849979","situacao":29,"numeroProcessoFormatado":"25000.023884/99-79"}},{"ordem":39,"produto":{"codigo":70852,"nome":"LQFEX - PRIMAQUINA","numeroRegistro":"112080068","tipo":{"codigo":1,"descricao":null},"categoria":null,"situacaoRotulo":null,"dataVencimento":null,"mesAnoVencimento":"042011","dataVencimentoRegistro":"2011-04-01T00:00:00.000-0300","principioAtivo":null,"situacaoApresentacao":"Caduco/Cancelado","dataRegistro":"2001-04-11T00:00:00.000-0300","categoriaRegulatoria":{"codigo":8,"descricao":"Similar"},"medicamentoReferencia":null,"categoriaProduto":null,"tipoAutorizacao":"REGISTRADO","numeroRegistroFormatado":"112080068","mesAnoVencimentoFormatado":"04/2011","acancelar":false},"empresa":{"cnpj":"00394452000103","razaoSocial":"LABORATÓRIO QUÍMICO FARMACÊUTICO DO EXÉRCITO","numeroAutorizacao":"1012085","cnpjFormatado":"00.394.452/0001-03"},"processo":{"numero":"253510259020019","situacao":29,"numeroProcessoFormatado":"25351.025902/00-19"}},{"ordem":40,"produto":{"codigo":142949,"nome":"LQFEX - SULF. DE SALBUTAMOL","numeroRegistro":"112080077","tipo":{"codigo":1,"descricao":null},"categoria":null,"situacaoRotulo":null,"dataVencimento":null,"mesAnoVencimento":"122012","dataVencimentoRegistro":"2012-12-01T00:00:00.000-0300","principioAtivo":null,"situacaoApresentacao":"Caduco/Cancelado","dataRegistro":"2002-12-09T00:00:00.000-0300","categoriaRegulatoria":{"codigo":8,"descricao":"Similar"},"medicamentoReferencia":null,"categoriaProduto":null,"tipoAutorizacao":"REGISTRADO","numeroRegistroFormatado":"112080077","mesAnoVencimentoFormatado":"12/2012","acancelar":false},"empresa":{"cnpj":"00394452000103","razaoSocial":"LABORATÓRIO QUÍMICO FARMACÊUTICO DO EXÉRCITO","numeroAutorizacao":"1012085","cnpjFormatado":"00.394.452/0001-03"},"processo":{"numero":"25351175832200208","situacao":29,"numeroProcessoFormatado":"25351.175832/2002-08"}},{"ordem":41,"produto":{"codigo":70955,"nome":"LQFEX - SULFATO DE ATROPINA","numeroRegistro":"112080046","tipo":{"codigo":1,"descricao":null},"categoria":null,"situacaoRotulo":null,"dataVencimento":null,"mesAnoVencimento":"052010","dataVencimentoRegistro":"2010-05-01T00:00:00.000-0300","principioAtivo":null,"situacaoApresentacao":"Caduco/Cancelado","dataRegistro":"2000-05-04T00:00:00.000-0300","categoriaRegulatoria":{"codigo":8,"descricao":"Similar"},"medicamentoReferencia":null,"categoriaProduto":null,"tipoAutorizacao":"REGISTRADO","numeroRegistroFormatado":"112080046","mesAnoVencimentoFormatado":"05/2010","acancelar":false},"empresa":{"cnpj":"00394452000103","razaoSocial":"LABORATÓRIO QUÍMICO FARMACÊUTICO DO EXÉRCITO","numeroAutorizacao":"1012085","cnpjFormatado":"00.394.452/0001-03"},"processo":{"numero":"250000418529964","situacao":29,"numeroProcessoFormatado":"25000.041852/99-64"}},{"ordem":42,"produto":{"codigo":70953,"nome":"LQFEX - SULFATO DE QUININA","numeroRegistro":"112080038","tipo":{"codigo":1,"descricao":null},"categoria":null,"situacaoRotulo":null,"dataVencimento":null,"mesAnoVencimento":"022025","dataVencimentoRegistro":"2025-02-01T00:00:00.000-0300","principioAtivo":"SULFATO DE QUININA","situacaoApresentacao":"Válido","dataRegistro":"2000-02-02T00:00:00.000-0200","categoriaRegulatoria":{"codigo":8,"descricao":"Similar"},"medicamentoReferencia":null,"categoriaProduto":null,"tipoAutorizacao":"REGISTRADO","numeroRegistroFormatado":"112080038","mesAnoVencimentoFormatado":"02/2025","acancelar":false},"empresa":{"cnpj":"00394452000103","razaoSocial":"LABORATÓRIO QUÍMICO FARMACÊUTICO DO EXÉRCITO","numeroAutorizacao":"1012085","cnpjFormatado":"00.394.452/0001-03"},"processo":{"numero":"250000283799993","situacao":29,"numeroProcessoFormatado":"25000.028379/99-93"}},{"ordem":43,"produto":{"codigo":69880,"nome":"LQFEX - ÁCIDO ACETILSALICÍLICO","numeroRegistro":"112080008","tipo":{"codigo":1,"descricao":null},"categoria":null,"situacaoRotulo":null,"dataVencimento":null,"mesAnoVencimento":"092026","dataVencimentoRegistro":"2026-09-01T00:00:00.000-0300","principioAtivo":"ÁCIDO ACETILSALICÍLICO","situacaoApresentacao":"Válido","dataRegistro":"1996-09-16T00:00:00.000-0300","categoriaRegulatoria":{"codigo":8,"descricao":"Similar"},"medicamentoReferencia":null,"categoriaProduto":null,"tipoAutorizacao":"REGISTRADO","numeroRegistroFormatado":"112080008","mesAnoVencimentoFormatado":"09/2026","acancelar":false},"empresa":{"cnpj":"00394452000103","razaoSocial":"LABORATÓRIO QUÍMICO FARMACÊUTICO DO EXÉRCITO","numeroAutorizacao":"1012085","cnpjFormatado":"00.394.452/0001-03"},"processo":{"numero":"250000141629681","situacao":29,"numeroProcessoFormatado":"25000.014162/96-81"}},{"ordem":44,"produto":{"codigo":71077,"nome":"LQFEX - ÁCIDO ACETISALICÍLICO","numeroRegistro":"112080058","tipo":{"codigo":1,"descricao":null},"categoria":null,"situacaoRotulo":null,"dataVencimento":null,"mesAnoVencimento":"072005","dataVencimentoRegistro":"2005-07-01T00:00:00.000-0300","principioAtivo":null,"situacaoApresentacao":"Caduco/Cancelado","dataRegistro":"2000-07-19T00:00:00.000-0300","categoriaRegulatoria":{"codigo":8,"descricao":"Similar"},"medicamentoReferencia":null,"categoriaProduto":null,"tipoAutorizacao":"REGISTRADO","numeroRegistroFormatado":"112080058","mesAnoVencimentoFormatado":"07/2005","acancelar":false},"empresa":{"cnpj":"00394452000103","razaoSocial":"LABORATÓRIO QUÍMICO FARMACÊUTICO DO EXÉRCITO","numeroAutorizacao":"1012085","cnpjFormatado":"00.394.452/0001-03"},"processo":{"numero":"253510044500041","situacao":29,"numeroProcessoFormatado":"25351.004450/00-41"}},{"ordem":45,"produto":{"codigo":69906,"nome":"LQFEX AGUA BIDESTILADA","numeroRegistro":"112080066","tipo":{"codigo":1,"descricao":null},"categoria":null,"situacaoRotulo":null,"dataVencimento":null,"mesAnoVencimento":"032006","dataVencimentoRegistro":"2006-03-01T00:00:00.000-0300","principioAtivo":null,"situacaoApresentacao":"Caduco/Cancelado","dataRegistro":"2001-03-28T00:00:00.000-0300","categoriaRegulatoria":{"codigo":8,"descricao":"Similar"},"medicamentoReferencia":null,"categoriaProduto":null,"tipoAutorizacao":"REGISTRADO","numeroRegistroFormatado":"112080066","mesAnoVencimentoFormatado":"03/2006","acancelar":false},"empresa":{"cnpj":"00394452000103","razaoSocial":"LABORATÓRIO QUÍMICO FARMACÊUTICO DO EXÉRCITO","numeroAutorizacao":"1012085","cnpjFormatado":"00.394.452/0001-03"},"processo":{"numero":"253510228760002","situacao":29,"numeroProcessoFormatado":"25351.022876/00-02"}},{"ordem":46,"produto":{"codigo":70017,"nome":"LQFEX BROMETO DE N- BUTIL ESCOPOLAMINA","numeroRegistro":"112080056","tipo":{"codigo":1,"descricao":null},"categoria":null,"situacaoRotulo":null,"dataVencimento":null,"mesAnoVencimento":"072005","dataVencimentoRegistro":"2005-07-01T00:00:00.000-0300","principioAtivo":null,"situacaoApresentacao":"Caduco/Cancelado","dataRegistro":"2000-07-10T00:00:00.000-0300","categoriaRegulatoria":{"codigo":8,"descricao":"Similar"},"medicamentoReferencia":"Buscopan®","categoriaProduto":null,"tipoAutorizacao":"REGISTRADO","numeroRegistroFormatado":"112080056","mesAnoVencimentoFormatado":"07/2005","acancelar":false},"empresa":{"cnpj":"00394452000103","razaoSocial":"LABORATÓRIO QUÍMICO FARMACÊUTICO DO EXÉRCITO","numeroAutorizacao":"1012085","cnpjFormatado":"00.394.452/0001-03"},"processo":{"numero":"253510061030006","situacao":29,"numeroProcessoFormatado":"25351.006103/00-06"}},{"ordem":47,"produto":{"codigo":166048,"nome":"LQFEX CEFALEXINA","numeroRegistro":"112080080","tipo":{"codigo":1,"descricao":null},"categoria":null,"situacaoRotulo":null,"dataVencimento":null,"mesAnoVencimento":"022008","dataVencimentoRegistro":"2008-02-01T00:00:00.000-0300","principioAtivo":null,"situacaoApresentacao":"Caduco/Cancelado","dataRegistro":"2003-02-06T00:00:00.000-0300","categoriaRegulatoria":{"codigo":8,"descricao":"Similar"},"medicamentoReferencia":null,"categoriaProduto":null,"tipoAutorizacao":"REGISTRADO","numeroRegistroFormatado":"112080080","mesAnoVencimentoFormatado":"02/2008","acancelar":false},"empresa":{"cnpj":"00394452000103","razaoSocial":"LABORATÓRIO QUÍMICO FARMACÊUTICO DO EXÉRCITO","numeroAutorizacao":"1012085","cnpjFormatado":"00.394.452/0001-03"},"processo":{"numero":"25351194882200286","situacao":29,"numeroProcessoFormatado":"25351.194882/2002-86"}},{"ordem":48,"produto":{"codigo":70210,"nome":"LQFEX CLORIDRATO DE LIDOCAINA","numeroRegistro":"112080049","tipo":{"codigo":1,"descricao":null},"categoria":null,"situacaoRotulo":null,"dataVencimento":null,"mesAnoVencimento":"052005","dataVencimentoRegistro":"2005-05-01T00:00:00.000-0300","principioAtivo":null,"situacaoApresentacao":"Caduco/Cancelado","dataRegistro":"2000-05-29T00:00:00.000-0300","categoriaRegulatoria":{"codigo":8,"descricao":"Similar"},"medicamentoReferencia":null,"categoriaProduto":null,"tipoAutorizacao":"REGISTRADO","numeroRegistroFormatado":"112080049","mesAnoVencimentoFormatado":"05/2005","acancelar":false},"empresa":{"cnpj":"00394452000103","razaoSocial":"LABORATÓRIO QUÍMICO FARMACÊUTICO DO EXÉRCITO","numeroAutorizacao":"1012085","cnpjFormatado":"00.394.452/0001-03"},"processo":{"numero":"250000495889961","situacao":29,"numeroProcessoFormatado":"25000.049588/99-61"}},{"ordem":49,"produto":{"codigo":70276,"nome":"LQFEX DAPSONA","numeroRegistro":"112080030","tipo":{"codigo":1,"descricao":null},"categoria":null,"situacaoRotulo":null,"dataVencimento":null,"mesAnoVencimento":"112004","dataVencimentoRegistro":"2004-11-01T00:00:00.000-0300","principioAtivo":null,"situacaoApresentacao":"Caduco/Cancelado","dataRegistro":"1999-11-22T00:00:00.000-0200","categoriaRegulatoria":{"codigo":8,"descricao":"Similar"},"medicamentoReferencia":null,"categoriaProduto":null,"tipoAutorizacao":"REGISTRADO","numeroRegistroFormatado":"112080030","mesAnoVencimentoFormatado":"11/2004","acancelar":false},"empresa":{"cnpj":"00394452000103","razaoSocial":"LABORATÓRIO QUÍMICO FARMACÊUTICO DO EXÉRCITO","numeroAutorizacao":"1012085","cnpjFormatado":"00.394.452/0001-03"},"processo":{"numero":"250000357119877","situacao":29,"numeroProcessoFormatado":"25000.035711/98-77"}},{"ordem":50,"produto":{"codigo":70496,"nome":"LQFEX GLICOSE 25%","numeroRegistro":"112080061","tipo":{"codigo":1,"descricao":null},"categoria":null,"situacaoRotulo":null,"dataVencimento":null,"mesAnoVencimento":"082015","dataVencimentoRegistro":"2015-08-01T00:00:00.000-0300","principioAtivo":null,"situacaoApresentacao":"Caduco/Cancelado","dataRegistro":"2000-09-01T00:00:00.000-0300","categoriaRegulatoria":{"codigo":8,"descricao":"Similar"},"medicamentoReferencia":null,"categoriaProduto":null,"tipoAutorizacao":"REGISTRADO","numeroRegistroFormatado":"112080061","mesAnoVencimentoFormatado":"08/2015","acancelar":false},"empresa":{"cnpj":"00394452000103","razaoSocial":"LABORATÓRIO QUÍMICO FARMACÊUTICO DO EXÉRCITO","numeroAutorizacao":"1012085","cnpjFormatado":"00.394.452/0001-03"},"processo":{"numero":"250000370379909","situacao":29,"numeroProcessoFormatado":"25000.037037/99-09"}},{"ordem":51,"produto":{"codigo":70488,"nome":"LQFEX GLICOSE 50%","numeroRegistro":"112080048","tipo":{"codigo":1,"descricao":null},"categoria":null,"situacaoRotulo":null,"dataVencimento":null,"mesAnoVencimento":"052005","dataVencimentoRegistro":"2005-05-01T00:00:00.000-0300","principioAtivo":null,"situacaoApresentacao":"Caduco/Cancelado","dataRegistro":"2000-05-29T00:00:00.000-0300","categoriaRegulatoria":{"codigo":8,"descricao":"Similar"},"medicamentoReferencia":null,"categoriaProduto":null,"tipoAutorizacao":"REGISTRADO","numeroRegistroFormatado":"112080048","mesAnoVencimentoFormatado":"05/2005","acancelar":false},"empresa":{"cnpj":"00394452000103","razaoSocial":"LABORATÓRIO QUÍMICO FARMACÊUTICO DO EXÉRCITO","numeroAutorizacao":"1012085","cnpjFormatado":"00.394.452/0001-03"},"processo":{"numero":"250000495949964","situacao":29,"numeroProcessoFormatado":"25000.049594/99-64"}},{"ordem":52,"produto":{"codigo":70680,"nome":"LQFEX METRONIDAZOL","numeroRegistro":"112080054","tipo":{"codigo":1,"descricao":null},"categoria":null,"situacaoRotulo":null,"dataVencimento":null,"mesAnoVencimento":"062015","dataVencimentoRegistro":"2015-06-01T00:00:00.000-0300","principioAtivo":null,"situacaoApresentacao":"Caduco/Cancelado","dataRegistro":"2000-06-12T00:00:00.000-0300","categoriaRegulatoria":{"codigo":8,"descricao":"Similar"},"medicamentoReferencia":null,"categoriaProduto":null,"tipoAutorizacao":"REGISTRADO","numeroRegistroFormatado":"112080054","mesAnoVencimentoFormatado":"06/2015","acancelar":false},"empresa":{"cnpj":"00394452000103","razaoSocial":"LABORATÓRIO QUÍMICO FARMACÊUTICO DO EXÉRCITO","numeroAutorizacao":"1012085","cnpjFormatado":"00.394.452/0001-03"},"processo":{"numero":"253510018750043","situacao":29,"numeroProcessoFormatado":"25351.001875/00-43"}},{"ordem":53,"produto":{"codigo":69886,"nome":"LQFEX ÁCIDO ASCÓRBICO","numeroRegistro":"112080004","tipo":{"codigo":1,"descricao":null},"categoria":null,"situacaoRotulo":null,"dataVencimento":null,"mesAnoVencimento":"072006","dataVencimentoRegistro":"2006-07-01T00:00:00.000-0300","principioAtivo":null,"situacaoApresentacao":"Caduco/Cancelado","dataRegistro":"1996-07-25T00:00:00.000-0300","categoriaRegulatoria":{"codigo":8,"descricao":"Similar"},"medicamentoReferencia":null,"categoriaProduto":null,"tipoAutorizacao":"REGISTRADO","numeroRegistroFormatado":"112080004","mesAnoVencimentoFormatado":"07/2006","acancelar":false},"empresa":{"cnpj":"00394452000103","razaoSocial":"LABORATÓRIO QUÍMICO FARMACÊUTICO DO EXÉRCITO","numeroAutorizacao":"1012085","cnpjFormatado":"00.394.452/0001-03"},"processo":{"numero":"250000141679602","situacao":29,"numeroProcessoFormatado":"25000.014167/96-02"}},{"ordem":54,"produto":{"codigo":513515,"nome":"LQFEX ÁCIDO ASCÓRBICO","numeroRegistro":"112080081","tipo":{"codigo":1,"descricao":null},"categoria":null,"situacaoRotulo":null,"dataVencimento":null,"mesAnoVencimento":"072012","dataVencimentoRegistro":"2012-07-01T00:00:00.000-0300","principioAtivo":null,"situacaoApresentacao":"Caduco/Cancelado","dataRegistro":"2007-07-16T00:00:00.000-0300","categoriaRegulatoria":{"codigo":3,"descricao":"Específico"},"medicamentoReferencia":null,"categoriaProduto":null,"tipoAutorizacao":"REGISTRADO","numeroRegistroFormatado":"112080081","mesAnoVencimentoFormatado":"07/2012","acancelar":false},"empresa":{"cnpj":"00394452000103","razaoSocial":"LABORATÓRIO QUÍMICO FARMACÊUTICO DO EXÉRCITO","numeroAutorizacao":"1012085","cnpjFormatado":"00.394.452/0001-03"},"processo":{"numero":"25351013993200713","situacao":29,"numeroProcessoFormatado":"25351.013993/2007-13"}},{"ordem":55,"produto":{"codigo":69937,"nome":"LQFEX- AMINOFILINA","numeroRegistro":"112080018","tipo":{"codigo":1,"descricao":null},"categoria":null,"situacaoRotulo":null,"dataVencimento":null,"mesAnoVencimento":"122007","dataVencimentoRegistro":"2007-12-01T00:00:00.000-0300","principioAtivo":null,"situacaoApresentacao":"Caduco/Cancelado","dataRegistro":"1997-12-15T00:00:00.000-0300","categoriaRegulatoria":{"codigo":8,"descricao":"Similar"},"medicamentoReferencia":null,"categoriaProduto":null,"tipoAutorizacao":"REGISTRADO","numeroRegistroFormatado":"112080018","mesAnoVencimentoFormatado":"12/2007","acancelar":false},"empresa":{"cnpj":"00394452000103","razaoSocial":"LABORATÓRIO QUÍMICO FARMACÊUTICO DO EXÉRCITO","numeroAutorizacao":"1012085","cnpjFormatado":"00.394.452/0001-03"},"processo":{"numero":"250000392009616","situacao":29,"numeroProcessoFormatado":"25000.039200/96-16"}},{"ordem":56,"produto":{"codigo":70369,"nome":"LQFEX- EPINEFRINA","numeroRegistro":"112080053","tipo":{"codigo":1,"descricao":null},"categoria":null,"situacaoRotulo":null,"dataVencimento":null,"mesAnoVencimento":"062010","dataVencimentoRegistro":"2010-06-01T00:00:00.000-0300","principioAtivo":null,"situacaoApresentacao":"Caduco/Cancelado","dataRegistro":"2000-06-09T00:00:00.000-0300","categoriaRegulatoria":{"codigo":8,"descricao":"Similar"},"medicamentoReferencia":null,"categoriaProduto":null,"tipoAutorizacao":"REGISTRADO","numeroRegistroFormatado":"112080053","mesAnoVencimentoFormatado":"06/2010","acancelar":false},"empresa":{"cnpj":"00394452000103","razaoSocial":"LABORATÓRIO QUÍMICO FARMACÊUTICO DO EXÉRCITO","numeroAutorizacao":"1012085","cnpjFormatado":"00.394.452/0001-03"},"processo":{"numero":"253510018770079","situacao":29,"numeroProcessoFormatado":"25351.001877/00-79"}},{"ordem":57,"produto":{"codigo":70402,"nome":"LQFEX- ETIONAMIDA","numeroRegistro":"112080020","tipo":{"codigo":1,"descricao":null},"categoria":null,"situacaoRotulo":null,"dataVencimento":null,"mesAnoVencimento":"122018","dataVencimentoRegistro":"2018-12-01T00:00:00.000-0300","principioAtivo":null,"situacaoApresentacao":"Caduco/Cancelado","dataRegistro":"1998-12-09T00:00:00.000-0300","categoriaRegulatoria":{"codigo":8,"descricao":"Similar"},"medicamentoReferencia":null,"categoriaProduto":null,"tipoAutorizacao":"REGISTRADO","numeroRegistroFormatado":"112080020","mesAnoVencimentoFormatado":"12/2018","acancelar":false},"empresa":{"cnpj":"00394452000103","razaoSocial":"LABORATÓRIO QUÍMICO FARMACÊUTICO DO EXÉRCITO","numeroAutorizacao":"1012085","cnpjFormatado":"00.394.452/0001-03"},"processo":{"numero":"250000357079808","situacao":29,"numeroProcessoFormatado":"25000.035707/98-08"}},{"ordem":58,"produto":{"codigo":70324,"nome":"LQFEX-ETAMBUTOL","numeroRegistro":"112080028","tipo":{"codigo":1,"descricao":null},"categoria":null,"situacaoRotulo":null,"dataVencimento":null,"mesAnoVencimento":"102009","dataVencimentoRegistro":"2009-10-01T00:00:00.000-0300","principioAtivo":null,"situacaoApresentacao":"Caduco/Cancelado","dataRegistro":"1999-11-12T00:00:00.000-0200","categoriaRegulatoria":{"codigo":8,"descricao":"Similar"},"medicamentoReferencia":null,"categoriaProduto":null,"tipoAutorizacao":"REGISTRADO","numeroRegistroFormatado":"112080028","mesAnoVencimentoFormatado":"10/2009","acancelar":false},"empresa":{"cnpj":"00394452000103","razaoSocial":"LABORATÓRIO QUÍMICO FARMACÊUTICO DO EXÉRCITO","numeroAutorizacao":"1012085","cnpjFormatado":"00.394.452/0001-03"},"processo":{"numero":"250000357099825","situacao":29,"numeroProcessoFormatado":"25000.035709/98-25"}},{"ordem":59,"produto":{"codigo":69917,"nome":"LQFEx - ALBENDAZOL","numeroRegistro":"112080072","tipo":{"codigo":1,"descricao":null},"categoria":null,"situacaoRotulo":null,"dataVencimento":null,"mesAnoVencimento":"102011","dataVencimentoRegistro":"2011-10-01T00:00:00.000-0300","principioAtivo":null,"situacaoApresentacao":"Caduco/Cancelado","dataRegistro":"2001-10-23T00:00:00.000-0200","categoriaRegulatoria":{"codigo":8,"descricao":"Similar"},"medicamentoReferencia":null,"categoriaProduto":null,"tipoAutorizacao":"REGISTRADO","numeroRegistroFormatado":"112080072","mesAnoVencimentoFormatado":"10/2011","acancelar":false},"empresa":{"cnpj":"00394452000103","razaoSocial":"LABORATÓRIO QUÍMICO FARMACÊUTICO DO EXÉRCITO","numeroAutorizacao":"1012085","cnpjFormatado":"00.394.452/0001-03"},"processo":{"numero":"253510105570019","situacao":29,"numeroProcessoFormatado":"25351.010557/00-19"}},{"ordem":60,"produto":{"codigo":70288,"nome":"LQFEx - DEXAMETASONA","numeroRegistro":"112080073","tipo":{"codigo":1,"descricao":null},"categoria":null,"situacaoRotulo":null,"dataVencimento":null,"mesAnoVencimento":"112026","dataVencimentoRegistro":"2026-11-01T00:00:00.000-0300","principioAtivo":"ACETATO DE DEXAMETASONA","situacaoApresentacao":"Válido","dataRegistro":"2001-11-19T00:00:00.000-0200","categoriaRegulatoria":{"codigo":8,"descricao":"Similar"},"medicamentoReferencia":null,"categoriaProduto":null,"tipoAutorizacao":"REGISTRADO","numeroRegistroFormatado":"112080073","mesAnoVencimentoFormatado":"11/2026","acancelar":false},"empresa":{"cnpj":"00394452000103","razaoSocial":"LABORATÓRIO QUÍMICO FARMACÊUTICO DO EXÉRCITO","numeroAutorizacao":"1012085","cnpjFormatado":"00.394.452/0001-03"},"processo":{"numero":"253510160380145","situacao":29,"numeroProcessoFormatado":"25351.016038/01-45"}},{"ordem":61,"produto":{"codigo":70738,"nome":"LQFEx - OFLOXACINO","numeroRegistro":"112080033","tipo":{"codigo":1,"descricao":null},"categoria":null,"situacaoRotulo":null,"dataVencimento":null,"mesAnoVencimento":"012005","dataVencimentoRegistro":"2005-01-01T00:00:00.000-0300","principioAtivo":null,"situacaoApresentacao":"Caduco/Cancelado","dataRegistro":"2000-01-25T00:00:00.000-0200","categoriaRegulatoria":{"codigo":8,"descricao":"Similar"},"medicamentoReferencia":null,"categoriaProduto":null,"tipoAutorizacao":"REGISTRADO","numeroRegistroFormatado":"112080033","mesAnoVencimentoFormatado":"01/2005","acancelar":false},"empresa":{"cnpj":"00394452000103","razaoSocial":"LABORATÓRIO QUÍMICO FARMACÊUTICO DO EXÉRCITO","numeroAutorizacao":"1012085","cnpjFormatado":"00.394.452/0001-03"},"processo":{"numero":"250000356989819","situacao":29,"numeroProcessoFormatado":"25000.035698/98-19"}},{"ordem":62,"produto":{"codigo":70940,"nome":"LQFEx - SULFAMETOXAZOL+ TRIMETOPRIMA","numeroRegistro":"112080006","tipo":{"codigo":1,"descricao":null},"categoria":null,"situacaoRotulo":null,"dataVencimento":null,"mesAnoVencimento":"082006","dataVencimentoRegistro":"2006-08-01T00:00:00.000-0300","principioAtivo":null,"situacaoApresentacao":"Caduco/Cancelado","dataRegistro":"1996-08-30T00:00:00.000-0300","categoriaRegulatoria":{"codigo":8,"descricao":"Similar"},"medicamentoReferencia":null,"categoriaProduto":null,"tipoAutorizacao":"REGISTRADO","numeroRegistroFormatado":"112080006","mesAnoVencimentoFormatado":"08/2006","acancelar":false},"empresa":{"cnpj":"00394452000103","razaoSocial":"LABORATÓRIO QUÍMICO FARMACÊUTICO DO EXÉRCITO","numeroAutorizacao":"1012085","cnpjFormatado":"00.394.452/0001-03"},"processo":{"numero":"250000141669631","situacao":29,"numeroProcessoFormatado":"25000.014166/96-31"}},{"ordem":63,"produto":{"codigo":70976,"nome":"LQFEx - SULFATO DE NEOMICINA + BACITRACINA ZINCICA","numeroRegistro":"112080071","tipo":{"codigo":1,"descricao":null},"categoria":null,"situacaoRotulo":null,"dataVencimento":null,"mesAnoVencimento":"102026","dataVencimentoRegistro":"2026-10-01T00:00:00.000-0300","principioAtivo":"SULFATO DE NEOMICINA, BACITRACINA ZÍNCICA","situacaoApresentacao":"Válido","dataRegistro":"2001-10-15T00:00:00.000-0200","categoriaRegulatoria":{"codigo":8,"descricao":"Similar"},"medicamentoReferencia":null,"categoriaProduto":null,"tipoAutorizacao":"REGISTRADO","numeroRegistroFormatado":"112080071","mesAnoVencimentoFormatado":"10/2026","acancelar":false},"empresa":{"cnpj":"00394452000103","razaoSocial":"LABORATÓRIO QUÍMICO FARMACÊUTICO DO EXÉRCITO","numeroAutorizacao":"1012085","cnpjFormatado":"00.394.452/0001-03"},"processo":{"numero":"253510160390116","situacao":29,"numeroProcessoFormatado":"25351.016039/01-16"}},{"ordem":64,"produto":{"codigo":69983,"nome":"LQFEx BENZILPENICILINA BENZATINA","numeroRegistro":"112080005","tipo":{"codigo":1,"descricao":null},"categoria":null,"situacaoRotulo":null,"dataVencimento":null,"mesAnoVencimento":"062007","dataVencimentoRegistro":"2007-06-01T00:00:00.000-0300","principioAtivo":null,"situacaoApresentacao":"Caduco/Cancelado","dataRegistro":"1996-07-25T00:00:00.000-0300","categoriaRegulatoria":{"codigo":8,"descricao":"Similar"},"medicamentoReferencia":null,"categoriaProduto":null,"tipoAutorizacao":"REGISTRADO","numeroRegistroFormatado":"112080005","mesAnoVencimentoFormatado":"06/2007","acancelar":false},"empresa":{"cnpj":"00394452000103","razaoSocial":"LABORATÓRIO QUÍMICO FARMACÊUTICO DO EXÉRCITO","numeroAutorizacao":"1012085","cnpjFormatado":"00.394.452/0001-03"},"processo":{"numero":"250000104939604","situacao":29,"numeroProcessoFormatado":"25000.010493/96-04"}},{"ordem":65,"produto":{"codigo":124938,"nome":"LQFEx BENZILPENICILINA BENZATINA","numeroRegistro":"112080076","tipo":{"codigo":1,"descricao":null},"categoria":null,"situacaoRotulo":null,"dataVencimento":null,"mesAnoVencimento":"072006","dataVencimentoRegistro":"2006-07-01T00:00:00.000-0300","principioAtivo":null,"situacaoApresentacao":"Caduco/Cancelado","dataRegistro":"2002-06-10T00:00:00.000-0300","categoriaRegulatoria":{"codigo":8,"descricao":"Similar"},"medicamentoReferencia":null,"categoriaProduto":null,"tipoAutorizacao":"REGISTRADO","numeroRegistroFormatado":"112080076","mesAnoVencimentoFormatado":"07/2006","acancelar":false},"empresa":{"cnpj":"00394452000103","razaoSocial":"LABORATÓRIO QUÍMICO FARMACÊUTICO DO EXÉRCITO","numeroAutorizacao":"1012085","cnpjFormatado":"00.394.452/0001-03"},"processo":{"numero":"253510055500110","situacao":29,"numeroProcessoFormatado":"25351.005550/01-10"}},{"ordem":66,"produto":{"codigo":70103,"nome":"LQFEx CIMETIDINA","numeroRegistro":"112080009","tipo":{"codigo":1,"descricao":null},"categoria":null,"situacaoRotulo":null,"dataVencimento":null,"mesAnoVencimento":"112016","dataVencimentoRegistro":"2016-11-01T00:00:00.000-0300","principioAtivo":null,"situacaoApresentacao":"Caduco/Cancelado","dataRegistro":"1996-11-26T00:00:00.000-0300","categoriaRegulatoria":{"codigo":8,"descricao":"Similar"},"medicamentoReferencia":null,"categoriaProduto":null,"tipoAutorizacao":"REGISTRADO","numeroRegistroFormatado":"112080009","mesAnoVencimentoFormatado":"11/2016","acancelar":false},"empresa":{"cnpj":"00394452000103","razaoSocial":"LABORATÓRIO QUÍMICO FARMACÊUTICO DO EXÉRCITO","numeroAutorizacao":"1012085","cnpjFormatado":"00.394.452/0001-03"},"processo":{"numero":"250000279249691","situacao":29,"numeroProcessoFormatado":"25000.027924/96-91"}},{"ordem":67,"produto":{"codigo":70729,"nome":"LQFEx MICONAZOL","numeroRegistro":"112080069","tipo":{"codigo":1,"descricao":null},"categoria":null,"situacaoRotulo":null,"dataVencimento":null,"mesAnoVencimento":"082026","dataVencimentoRegistro":"2026-08-01T00:00:00.000-0300","principioAtivo":"NITRATO DE MICONAZOL","situacaoApresentacao":"Válido","dataRegistro":"2001-08-08T00:00:00.000-0300","categoriaRegulatoria":{"codigo":8,"descricao":"Similar"},"medicamentoReferencia":"VODOL","categoriaProduto":null,"tipoAutorizacao":"REGISTRADO","numeroRegistroFormatado":"112080069","mesAnoVencimentoFormatado":"08/2026","acancelar":false},"empresa":{"cnpj":"00394452000103","razaoSocial":"LABORATÓRIO QUÍMICO FARMACÊUTICO DO EXÉRCITO","numeroAutorizacao":"1012085","cnpjFormatado":"00.394.452/0001-03"},"processo":{"numero":"253510107830107","situacao":29,"numeroProcessoFormatado":"25351.010783/01-07"}},{"ordem":68,"produto":{"codigo":70863,"nome":"LQFEx PROPRANOLOL","numeroRegistro":"112080010","tipo":{"codigo":1,"descricao":null},"categoria":null,"situacaoRotulo":null,"dataVencimento":null,"mesAnoVencimento":"112001","dataVencimentoRegistro":"2001-11-01T00:00:00.000-0200","principioAtivo":null,"situacaoApresentacao":"Caduco/Cancelado","dataRegistro":"1996-11-26T00:00:00.000-0300","categoriaRegulatoria":{"codigo":8,"descricao":"Similar"},"medicamentoReferencia":null,"categoriaProduto":null,"tipoAutorizacao":"REGISTRADO","numeroRegistroFormatado":"112080010","mesAnoVencimentoFormatado":"11/2001","acancelar":false},"empresa":{"cnpj":"00394452000103","razaoSocial":"LABORATÓRIO QUÍMICO FARMACÊUTICO DO EXÉRCITO","numeroAutorizacao":"1012085","cnpjFormatado":"00.394.452/0001-03"},"processo":{"numero":"250000279239628","situacao":29,"numeroProcessoFormatado":"25000.027923/96-28"}},{"ordem":69,"produto":{"codigo":70478,"nome":"LQFEx-GLIBENCLAMIDA","numeroRegistro":"112080044","tipo":{"codigo":1,"descricao":null},"categoria":null,"situacaoRotulo":null,"dataVencimento":null,"mesAnoVencimento":"022010","dataVencimentoRegistro":"2010-02-01T00:00:00.000-0300","principioAtivo":null,"situacaoApresentacao":"Caduco/Cancelado","dataRegistro":"2000-02-24T00:00:00.000-0200","categoriaRegulatoria":{"codigo":8,"descricao":"Similar"},"medicamentoReferencia":null,"categoriaProduto":null,"tipoAutorizacao":"REGISTRADO","numeroRegistroFormatado":"112080044","mesAnoVencimentoFormatado":"02/2010","acancelar":false},"empresa":{"cnpj":"00394452000103","razaoSocial":"LABORATÓRIO QUÍMICO FARMACÊUTICO DO EXÉRCITO","numeroAutorizacao":"1012085","cnpjFormatado":"00.394.452/0001-03"},"processo":{"numero":"250000466499948","situacao":29,"numeroProcessoFormatado":"25000.046649/99-48"}},{"ordem":70,"produto":{"codigo":1095406,"nome":"MICOFENOLATO DE SODIO","numeroRegistro":"112080082","tipo":{"codigo":1,"descricao":null},"categoria":null,"situacaoRotulo":null,"dataVencimento":"2026-03-08T00:00:00.000-0300","mesAnoVencimento":"032026","dataVencimentoRegistro":"2026-03-01T00:00:00.000-0300","principioAtivo":"micofenolato de sódio","situacaoApresentacao":"Válido","dataRegistro":"2016-03-21T00:00:00.000-0300","categoriaRegulatoria":{"codigo":5,"descricao":"Genérico"},"medicamentoReferencia":"MYFORTIC","categoriaProduto":null,"tipoAutorizacao":"REGISTRADO","numeroRegistroFormatado":"112080082","mesAnoVencimentoFormatado":"03/2026","acancelar":false},"empresa":{"cnpj":"00394452000103","razaoSocial":"LABORATÓRIO QUÍMICO FARMACÊUTICO DO EXÉRCITO","numeroAutorizacao":"1012085","cnpjFormatado":"00.394.452/0001-03"},"processo":{"numero":"25351279709201317","situacao":29,"numeroProcessoFormatado":"25351.279709/2013-17"}},{"ordem":71,"produto":{"codigo":69848,"nome":"MULTIVITAM","numeroRegistro":"112080074","tipo":{"codigo":1,"descricao":null},"categoria":null,"situacaoRotulo":null,"dataVencimento":null,"mesAnoVencimento":"112026","dataVencimentoRegistro":"2026-11-01T00:00:00.000-0300","principioAtivo":"ÁCIDO FÓLICO, MONONITRATO DE TIAMINA, RIBOFLAVINA, CLORIDRATO DE PIRIDOXINA, CIANOCOBALAMINA, ÁCIDO ASCÓRBICO, ACETATO DE TOCOFEROL, PANTOTENATO DE CALCIO, PANTOTENATO DE CÁLCIO, NICOTINAMIDA, ÓXIDO DE COBRE, SULFATO DE ZINCO","situacaoApresentacao":"Válido","dataRegistro":"2001-11-27T00:00:00.000-0200","categoriaRegulatoria":{"codigo":3,"descricao":"Específico"},"medicamentoReferencia":null,"categoriaProduto":null,"tipoAutorizacao":"REGISTRADO","numeroRegistroFormatado":"112080074","mesAnoVencimentoFormatado":"11/2026","acancelar":false},"empresa":{"cnpj":"00394452000103","razaoSocial":"LABORATÓRIO QUÍMICO FARMACÊUTICO DO EXÉRCITO","numeroAutorizacao":"1012085","cnpjFormatado":"00.394.452/0001-03"},"processo":{"numero":"253510227000179","situacao":29,"numeroProcessoFormatado":"25351.022700/01-79"}},{"ordem":72,"produto":{"codigo":70819,"nome":"PIRAZINAMIDA","numeroRegistro":"112080027","tipo":{"codigo":1,"descricao":null},"categoria":null,"situacaoRotulo":null,"dataVencimento":null,"mesAnoVencimento":"112019","dataVencimentoRegistro":"2019-11-01T00:00:00.000-0300","principioAtivo":null,"situacaoApresentacao":"Caduco/Cancelado","dataRegistro":"1999-11-12T00:00:00.000-0200","categoriaRegulatoria":{"codigo":8,"descricao":"Similar"},"medicamentoReferencia":null,"categoriaProduto":null,"tipoAutorizacao":"REGISTRADO","numeroRegistroFormatado":"112080027","mesAnoVencimentoFormatado":"11/2019","acancelar":false},"empresa":{"cnpj":"00394452000103","razaoSocial":"LABORATÓRIO QUÍMICO FARMACÊUTICO DO EXÉRCITO","numeroAutorizacao":"1012085","cnpjFormatado":"00.394.452/0001-03"},"processo":{"numero":"250000357139801","situacao":29,"numeroProcessoFormatado":"25000.035713/98-01"}},{"ordem":73,"produto":{"codigo":70575,"nome":"POLIVINEX","numeroRegistro":"112080022","tipo":{"codigo":1,"descricao":null},"categoria":null,"situacaoRotulo":null,"dataVencimento":null,"mesAnoVencimento":"062009","dataVencimentoRegistro":"2009-06-01T00:00:00.000-0300","principioAtivo":null,"situacaoApresentacao":"Caduco/Cancelado","dataRegistro":"1999-06-22T00:00:00.000-0300","categoriaRegulatoria":{"codigo":8,"descricao":"Similar"},"medicamentoReferencia":null,"categoriaProduto":null,"tipoAutorizacao":"REGISTRADO","numeroRegistroFormatado":"112080022","mesAnoVencimentoFormatado":"06/2009","acancelar":false},"empresa":{"cnpj":"00394452000103","razaoSocial":"LABORATÓRIO QUÍMICO FARMACÊUTICO DO EXÉRCITO","numeroAutorizacao":"1012085","cnpjFormatado":"00.394.452/0001-03"},"processo":{"numero":"250000357029886","situacao":29,"numeroProcessoFormatado":"25000.035702/98-86"}},{"ordem":74,"produto":{"codigo":70849,"nome":"PREDNISONA","numeroRegistro":"112080039","tipo":{"codigo":1,"descricao":null},"categoria":null,"situacaoRotulo":null,"dataVencimento":null,"mesAnoVencimento":"022005","dataVencimentoRegistro":"2005-02-01T00:00:00.000-0300","principioAtivo":null,"situacaoApresentacao":"Caduco/Cancelado","dataRegistro":"2000-02-09T00:00:00.000-0200","categoriaRegulatoria":{"codigo":8,"descricao":"Similar"},"medicamentoReferencia":null,"categoriaProduto":null,"tipoAutorizacao":"REGISTRADO","numeroRegistroFormatado":"112080039","mesAnoVencimentoFormatado":"02/2005","acancelar":false},"empresa":{"cnpj":"00394452000103","razaoSocial":"LABORATÓRIO QUÍMICO FARMACÊUTICO DO EXÉRCITO","numeroAutorizacao":"1012085","cnpjFormatado":"00.394.452/0001-03"},"processo":{"numero":"250000357129830","situacao":29,"numeroProcessoFormatado":"25000.035712/98-30"}},{"ordem":75,"produto":{"codigo":70855,"nome":"PROMETAZINA","numeroRegistro":"112080050","tipo":{"codigo":1,"descricao":null},"categoria":null,"situacaoRotulo":null,"dataVencimento":null,"mesAnoVencimento":"052015","dataVencimentoRegistro":"2015-05-01T00:00:00.000-0300","principioAtivo":null,"situacaoApresentacao":"Caduco/Cancelado","dataRegistro":"2000-05-29T00:00:00.000-0300","categoriaRegulatoria":{"codigo":8,"descricao":"Similar"},"medicamentoReferencia":null,"categoriaProduto":null,"tipoAutorizacao":"REGISTRADO","numeroRegistroFormatado":"112080050","mesAnoVencimentoFormatado":"05/2015","acancelar":false},"empresa":{"cnpj":"00394452000103","razaoSocial":"LABORATÓRIO QUÍMICO FARMACÊUTICO DO EXÉRCITO","numeroAutorizacao":"1012085","cnpjFormatado":"00.394.452/0001-03"},"processo":{"numero":"250000495919976","situacao":29,"numeroProcessoFormatado":"25000.049591/99-76"}},{"ordem":76,"produto":{"codigo":70876,"nome":"RIFAMPICINA","numeroRegistro":"112080026","tipo":{"codigo":1,"descricao":null},"categoria":null,"situacaoRotulo":null,"dataVencimento":null,"mesAnoVencimento":"112029","dataVencimentoRegistro":"2029-11-01T00:00:00.000-0300","principioAtivo":"RIFAMPICINA","situacaoApresentacao":"Válido","dataRegistro":"1999-11-12T00:00:00.000-0200","categoriaRegulatoria":{"codigo":8,"descricao":"Similar"},"medicamentoReferencia":null,"categoriaProduto":null,"tipoAutorizacao":"REGISTRADO","numeroRegistroFormatado":"112080026","mesAnoVencimentoFormatado":"11/2029","acancelar":false},"empresa":{"cnpj":"00394452000103","razaoSocial":"LABORATÓRIO QUÍMICO FARMACÊUTICO DO EXÉRCITO","numeroAutorizacao":"1012085","cnpjFormatado":"00.394.452/0001-03"},"processo":{"numero":"250000357049810","situacao":29,"numeroProcessoFormatado":"25000.035704/98-10"}},{"ordem":77,"produto":{"codigo":70903,"nome":"SIMETICONA","numeroRegistro":"112080067","tipo":{"codigo":1,"descricao":null},"categoria":null,"situacaoRotulo":null,"dataVencimento":null,"mesAnoVencimento":"032006","dataVencimentoRegistro":"2006-03-01T00:00:00.000-0300","principioAtivo":null,"situacaoApresentacao":"Caduco/Cancelado","dataRegistro":"2001-03-28T00:00:00.000-0300","categoriaRegulatoria":{"codigo":8,"descricao":"Similar"},"medicamentoReferencia":null,"categoriaProduto":null,"tipoAutorizacao":"REGISTRADO","numeroRegistroFormatado":"112080067","mesAnoVencimentoFormatado":"03/2006","acancelar":false},"empresa":{"cnpj":"00394452000103","razaoSocial":"LABORATÓRIO QUÍMICO FARMACÊUTICO DO EXÉRCITO","numeroAutorizacao":"1012085","cnpjFormatado":"00.394.452/0001-03"},"processo":{"numero":"253510228800071","situacao":29,"numeroProcessoFormatado":"25351.022880/00-71"}},{"ordem":78,"produto":{"codigo":71008,"nome":"TIABENDAZOL","numeroRegistro":"112080052","tipo":{"codigo":1,"descricao":null},"categoria":null,"situacaoRotulo":null,"dataVencimento":null,"mesAnoVencimento":"062005","dataVencimentoRegistro":"2005-06-01T00:00:00.000-0300","principioAtivo":null,"situacaoApresentacao":"Caduco/Cancelado","dataRegistro":"2000-06-09T00:00:00.000-0300","categoriaRegulatoria":{"codigo":8,"descricao":"Similar"},"medicamentoReferencia":null,"categoriaProduto":null,"tipoAutorizacao":"REGISTRADO","numeroRegistroFormatado":"112080052","mesAnoVencimentoFormatado":"06/2005","acancelar":false},"empresa":{"cnpj":"00394452000103","razaoSocial":"LABORATÓRIO QUÍMICO FARMACÊUTICO DO EXÉRCITO","numeroAutorizacao":"1012085","cnpjFormatado":"00.394.452/0001-03"},"processo":{"numero":"253510018760014","situacao":29,"numeroProcessoFormatado":"25351.001876/00-14"}},{"ordem":79,"produto":{"codigo":71016,"nome":"TIOMERSAL","numeroRegistro":"112080012","tipo":{"codigo":1,"descricao":null},"categoria":null,"situacaoRotulo":null,"dataVencimento":null,"mesAnoVencimento":"022002","dataVencimentoRegistro":"2002-02-01T00:00:00.000-0200","principioAtivo":null,"situacaoApresentacao":"Caduco/Cancelado","dataRegistro":"1997-02-06T00:00:00.000-0300","categoriaRegulatoria":{"codigo":8,"descricao":"Similar"},"medicamentoReferencia":null,"categoriaProduto":null,"tipoAutorizacao":"REGISTRADO","numeroRegistroFormatado":"112080012","mesAnoVencimentoFormatado":"02/2002","acancelar":false},"empresa":{"cnpj":"00394452000103","razaoSocial":"LABORATÓRIO QUÍMICO FARMACÊUTICO DO EXÉRCITO","numeroAutorizacao":"1012085","cnpjFormatado":"00.394.452/0001-03"},"processo":{"numero":"250000344179612","situacao":29,"numeroProcessoFormatado":"25000.034417/96-12"}},{"ordem":80,"produto":{"codigo":1925034,"nome":"deferasirox","numeroRegistro":"112080084","tipo":{"codigo":1,"descricao":null},"categoria":null,"situacaoRotulo":null,"dataVencimento":null,"mesAnoVencimento":"022031","dataVencimentoRegistro":"2031-02-01T00:00:00.000-0300","principioAtivo":null,"situacaoApresentacao":"Caduco/Cancelado","dataRegistro":"2021-02-22T00:00:00.000-0300","categoriaRegulatoria":{"codigo":5,"descricao":"Genérico"},"medicamentoReferencia":"EXJADE","categoriaProduto":null,"tipoAutorizacao":"REGISTRADO","numeroRegistroFormatado":"112080084","mesAnoVencimentoFormatado":"02/2031","acancelar":false},"empresa":{"cnpj":"00394452000103","razaoSocial":"LABORATÓRIO QUÍMICO FARMACÊUTICO DO EXÉRCITO","numeroAutorizacao":"1012085","cnpjFormatado":"00.394.452/0001-03"},"processo":{"numero":"25351626592202097","situacao":29,"numeroProcessoFormatado":"25351.626592/2020-97"}},{"ordem":81,"produto":{"codigo":1323097,"nome":"losartana potássica","numeroRegistro":"112080083","tipo":{"codigo":1,"descricao":null},"categoria":null,"situacaoRotulo":null,"dataVencimento":null,"mesAnoVencimento":"052029","dataVencimentoRegistro":"2029-05-01T00:00:00.000-0300","principioAtivo":null,"situacaoApresentacao":"Caduco/Cancelado","dataRegistro":"2019-05-20T00:00:00.000-0300","categoriaRegulatoria":{"codigo":5,"descricao":"Genérico"},"medicamentoReferencia":"COZAAR","categoriaProduto":null,"tipoAutorizacao":"REGISTRADO","numeroRegistroFormatado":"112080083","mesAnoVencimentoFormatado":"05/2029","acancelar":false},"empresa":{"cnpj":"00394452000103","razaoSocial":"LABORATÓRIO QUÍMICO FARMACÊUTICO DO EXÉRCITO","numeroAutorizacao":"1012085","cnpjFormatado":"00.394.452/0001-03"},"processo":{"numero":"25351098516201945","situacao":29,"numeroProcessoFormatado":"25351.098516/2019-45"}}],"totalElements":81,"totalPages":1,"last":true,"numberOfElements":81,"first":true,"sort":null,"size":1000,"number":0}