{"content":[{"ordem":1,"produto":{"codigo":581780,"nome":"FLEET ENEMA","numeroRegistro":"128470001","tipo":{"codigo":1,"descricao":null},"categoria":null,"situacaoRotulo":null,"dataVencimento":null,"mesAnoVencimento":"082018","dataVencimentoRegistro":"2018-08-01T00:00:00.000-0300","principioAtivo":null,"situacaoApresentacao":"Caduco/Cancelado","dataRegistro":"2008-08-18T00:00:00.000-0300","categoriaRegulatoria":{"codigo":3,"descricao":"Específico"},"medicamentoReferencia":null,"categoriaProduto":null,"tipoAutorizacao":"REGISTRADO","mesAnoVencimentoFormatado":"08/2018","numeroRegistroFormatado":"128470001","acancelar":false},"empresa":{"cnpj":"00625692000163","razaoSocial":"TOMMASI IMPORTAÇÃO E EXPORTAÇÃO LTDA","numeroAutorizacao":"1028479","cnpjFormatado":"00.625.692/0001-63"},"processo":{"numero":"25351368299200811","situacao":29,"numeroProcessoFormatado":"25351.368299/2008-11"}}],"totalPages":1,"totalElements":1,"last":true,"numberOfElements":1,"first":true,"sort":null,"size":1000,"number":0}