{"content":[{"ordem":1,"produto":{"codigo":69925,"nome":"ALBUMINA HUMANA DE ORIGEM PLASMATICA","numeroRegistro":"131360002","tipo":{"codigo":1,"descricao":null},"categoria":null,"situacaoRotulo":null,"dataVencimento":null,"mesAnoVencimento":"032002","dataVencimentoRegistro":"2002-03-01T00:00:00.000-0300","principioAtivo":null,"situacaoApresentacao":"Caduco/Cancelado","dataRegistro":"1997-03-13T00:00:00.000-0300","categoriaRegulatoria":{"codigo":8,"descricao":"Similar"},"medicamentoReferencia":null,"categoriaProduto":null,"tipoAutorizacao":"REGISTRADO","numeroRegistroFormatado":"131360002","mesAnoVencimentoFormatado":"03/2002","acancelar":false},"empresa":{"cnpj":"01329816000126","razaoSocial":"PANAMERICAN MEDICAL SUPPLY SUPRIMENTOS MÉDICOS LTDA","numeroAutorizacao":"1031369","cnpjFormatado":"01.329.816/0001-26"},"processo":{"numero":"250000046119727","situacao":29,"numeroProcessoFormatado":"25000.004611/97-27"}},{"ordem":2,"produto":{"codigo":70261,"nome":"COLA CIRÚRGICA","numeroRegistro":"131360003","tipo":{"codigo":1,"descricao":null},"categoria":null,"situacaoRotulo":null,"dataVencimento":null,"mesAnoVencimento":"122003","dataVencimentoRegistro":"2003-12-01T00:00:00.000-0300","principioAtivo":null,"situacaoApresentacao":"Caduco/Cancelado","dataRegistro":"1998-12-23T00:00:00.000-0300","categoriaRegulatoria":{"codigo":8,"descricao":"Similar"},"medicamentoReferencia":null,"categoriaProduto":null,"tipoAutorizacao":"REGISTRADO","numeroRegistroFormatado":"131360003","mesAnoVencimentoFormatado":"12/2003","acancelar":false},"empresa":{"cnpj":"01329816000126","razaoSocial":"PANAMERICAN MEDICAL SUPPLY SUPRIMENTOS MÉDICOS LTDA","numeroAutorizacao":"1031369","cnpjFormatado":"01.329.816/0001-26"},"processo":{"numero":"250000300329767","situacao":29,"numeroProcessoFormatado":"25000.030032/97-67"}},{"ordem":3,"produto":{"codigo":70266,"nome":"CONCENTRADO DE FATOR VIII-FATOR ANTI-HEMOFILICO HUMANO","numeroRegistro":"131360001","tipo":{"codigo":1,"descricao":null},"categoria":null,"situacaoRotulo":null,"dataVencimento":null,"mesAnoVencimento":"032002","dataVencimentoRegistro":"2002-03-01T00:00:00.000-0300","principioAtivo":null,"situacaoApresentacao":"Caduco/Cancelado","dataRegistro":"1997-03-13T00:00:00.000-0300","categoriaRegulatoria":{"codigo":8,"descricao":"Similar"},"medicamentoReferencia":null,"categoriaProduto":null,"tipoAutorizacao":"REGISTRADO","numeroRegistroFormatado":"131360001","mesAnoVencimentoFormatado":"03/2002","acancelar":false},"empresa":{"cnpj":"01329816000126","razaoSocial":"PANAMERICAN MEDICAL SUPPLY SUPRIMENTOS MÉDICOS LTDA","numeroAutorizacao":"1031369","cnpjFormatado":"01.329.816/0001-26"},"processo":{"numero":"250000046109764","situacao":29,"numeroProcessoFormatado":"25000.004610/97-64"}},{"ordem":4,"produto":{"codigo":125849,"nome":"KAMRHO-D","numeroRegistro":"131360004","tipo":{"codigo":1,"descricao":null},"categoria":null,"situacaoRotulo":null,"dataVencimento":null,"mesAnoVencimento":"062027","dataVencimentoRegistro":"2027-06-01T00:00:00.000-0300","principioAtivo":"IMUNOGLOBULINA ANTI-Rho(D)","situacaoApresentacao":"Válido","dataRegistro":"2002-06-10T00:00:00.000-0300","categoriaRegulatoria":{"codigo":8,"descricao":"Similar"},"medicamentoReferencia":null,"categoriaProduto":null,"tipoAutorizacao":"REGISTRADO","numeroRegistroFormatado":"131360004","mesAnoVencimentoFormatado":"06/2027","acancelar":false},"empresa":{"cnpj":"01329816000126","razaoSocial":"PANAMERICAN MEDICAL SUPPLY SUPRIMENTOS MÉDICOS LTDA","numeroAutorizacao":"1031369","cnpjFormatado":"01.329.816/0001-26"},"processo":{"numero":"253510388830190","situacao":29,"numeroProcessoFormatado":"25351.038883/01-90"}},{"ordem":5,"produto":{"codigo":605323,"nome":"Ventia","numeroRegistro":"131360005","tipo":{"codigo":1,"descricao":null},"categoria":null,"situacaoRotulo":null,"dataVencimento":null,"mesAnoVencimento":"102029","dataVencimentoRegistro":"2029-10-01T00:00:00.000-0300","principioAtivo":"alfa1antitripsina","situacaoApresentacao":"Válido","dataRegistro":"2009-10-26T00:00:00.000-0300","categoriaRegulatoria":{"codigo":1,"descricao":"Biológico"},"medicamentoReferencia":null,"categoriaProduto":null,"tipoAutorizacao":"REGISTRADO","numeroRegistroFormatado":"131360005","mesAnoVencimentoFormatado":"10/2029","acancelar":false},"empresa":{"cnpj":"01329816000126","razaoSocial":"PANAMERICAN MEDICAL SUPPLY SUPRIMENTOS MÉDICOS LTDA","numeroAutorizacao":"1031369","cnpjFormatado":"01.329.816/0001-26"},"processo":{"numero":"25351558428200853","situacao":29,"numeroProcessoFormatado":"25351.558428/2008-53"}}],"totalElements":5,"totalPages":1,"last":true,"numberOfElements":5,"first":true,"sort":null,"size":1000,"number":0}