{"content":[{"ordem":1,"produto":{"codigo":426492,"nome":"ATG FRESENIUS","numeroRegistro":"132230103","tipo":{"codigo":1,"descricao":null},"categoria":null,"situacaoRotulo":null,"dataVencimento":null,"mesAnoVencimento":"082016","dataVencimentoRegistro":"2016-08-01T00:00:00.000-0300","principioAtivo":null,"situacaoApresentacao":"Caduco/Cancelado","dataRegistro":"2006-08-14T00:00:00.000-0300","categoriaRegulatoria":{"codigo":1,"descricao":"Biológico"},"medicamentoReferencia":null,"categoriaProduto":null,"tipoAutorizacao":"REGISTRADO","acancelar":false,"numeroRegistroFormatado":"132230103","mesAnoVencimentoFormatado":"08/2016"},"empresa":{"cnpj":"01440590000136","razaoSocial":"FRESENIUS MEDICAL CARE LTDA","numeroAutorizacao":"1032239","cnpjFormatado":"01.440.590/0001-36"},"processo":{"numero":"25351283596200537","situacao":29,"numeroProcessoFormatado":"25351.283596/2005-37"}},{"ordem":2,"produto":{"codigo":681625,"nome":"BALANCE","numeroRegistro":"132230109","tipo":{"codigo":1,"descricao":null},"categoria":null,"situacaoRotulo":null,"dataVencimento":null,"mesAnoVencimento":"022017","dataVencimentoRegistro":"2017-02-01T00:00:00.000-0300","principioAtivo":null,"situacaoApresentacao":"Caduco/Cancelado","dataRegistro":"2012-02-06T00:00:00.000-0300","categoriaRegulatoria":{"codigo":3,"descricao":"Específico"},"medicamentoReferencia":null,"categoriaProduto":null,"tipoAutorizacao":"REGISTRADO","acancelar":false,"numeroRegistroFormatado":"132230109","mesAnoVencimentoFormatado":"02/2017"},"empresa":{"cnpj":"01440590000136","razaoSocial":"FRESENIUS MEDICAL CARE LTDA","numeroAutorizacao":"1032239","cnpjFormatado":"01.440.590/0001-36"},"processo":{"numero":"25351110959201002","situacao":29,"numeroProcessoFormatado":"25351.110959/2010-02"}},{"ordem":3,"produto":{"codigo":1175,"nome":"BIBAG","numeroRegistro":"132230009","tipo":{"codigo":1,"descricao":null},"categoria":null,"situacaoRotulo":null,"dataVencimento":null,"mesAnoVencimento":"102026","dataVencimentoRegistro":"2026-10-01T00:00:00.000-0300","principioAtivo":"BICARBONATO DE SÓDIO","situacaoApresentacao":"Válido","dataRegistro":"2001-10-17T00:00:00.000-0200","categoriaRegulatoria":{"codigo":3,"descricao":"Específico"},"medicamentoReferencia":null,"categoriaProduto":null,"tipoAutorizacao":"REGISTRADO","acancelar":false,"numeroRegistroFormatado":"132230009","mesAnoVencimentoFormatado":"10/2026"},"empresa":{"cnpj":"01440590000136","razaoSocial":"FRESENIUS MEDICAL CARE LTDA","numeroAutorizacao":"1032239","cnpjFormatado":"01.440.590/0001-36"},"processo":{"numero":"250000209209924","situacao":29,"numeroProcessoFormatado":"25000.020920/99-24"}},{"ordem":4,"produto":{"codigo":3286083,"nome":"CALRECIA","numeroRegistro":"132230112","tipo":{"codigo":1,"descricao":null},"categoria":null,"situacaoRotulo":null,"dataVencimento":"2032-07-18T00:00:00.000-0300","mesAnoVencimento":"072032","dataVencimentoRegistro":"2032-07-01T00:00:00.000-0300","principioAtivo":"CLORETO DE CÁLCIO DI-HIDRATADO","situacaoApresentacao":"Válido","dataRegistro":"2022-07-18T00:00:00.000-0300","categoriaRegulatoria":{"codigo":3,"descricao":"Específico"},"medicamentoReferencia":null,"categoriaProduto":null,"tipoAutorizacao":"REGISTRADO","acancelar":false,"numeroRegistroFormatado":"132230112","mesAnoVencimentoFormatado":"07/2032"},"empresa":{"cnpj":"01440590000136","razaoSocial":"FRESENIUS MEDICAL CARE LTDA","numeroAutorizacao":"1032239","cnpjFormatado":"01.440.590/0001-36"},"processo":{"numero":"25351243631202286","situacao":29,"numeroProcessoFormatado":"25351.243631/2022-86"}},{"ordem":5,"produto":{"codigo":3635841,"nome":"CIFOBAN","numeroRegistro":"132230114","tipo":{"codigo":1,"descricao":null},"categoria":null,"situacaoRotulo":null,"dataVencimento":"2034-04-08T00:00:00.000-0300","mesAnoVencimento":"042034","dataVencimentoRegistro":"2034-04-01T00:00:00.000-0300","principioAtivo":"CITRATO DE SÓDIO DI-hIDRATADO","situacaoApresentacao":"Válido","dataRegistro":"2024-04-08T00:00:00.000-0300","categoriaRegulatoria":{"codigo":3,"descricao":"Específico"},"medicamentoReferencia":null,"categoriaProduto":null,"tipoAutorizacao":"REGISTRADO","acancelar":false,"numeroRegistroFormatado":"132230114","mesAnoVencimentoFormatado":"04/2034"},"empresa":{"cnpj":"01440590000136","razaoSocial":"FRESENIUS MEDICAL CARE LTDA","numeroAutorizacao":"1032239","cnpjFormatado":"01.440.590/0001-36"},"processo":{"numero":"25351287206202380","situacao":29,"numeroProcessoFormatado":"25351.287206/2023-80"}},{"ordem":6,"produto":{"codigo":344946,"nome":"CONCENTRADO PARA HEMODIALISE BICARBONATADO","numeroRegistro":"132230019","tipo":{"codigo":1,"descricao":null},"categoria":null,"situacaoRotulo":null,"dataVencimento":null,"mesAnoVencimento":"032004","dataVencimentoRegistro":"2004-03-01T00:00:00.000-0300","principioAtivo":null,"situacaoApresentacao":"Caduco/Cancelado","dataRegistro":"2003-11-10T00:00:00.000-0300","categoriaRegulatoria":{"codigo":null,"descricao":null},"medicamentoReferencia":null,"categoriaProduto":null,"tipoAutorizacao":"REGISTRADO","acancelar":false,"numeroRegistroFormatado":"132230019","mesAnoVencimentoFormatado":"03/2004"},"empresa":{"cnpj":"01440590000136","razaoSocial":"FRESENIUS MEDICAL CARE LTDA","numeroAutorizacao":"1032239","cnpjFormatado":"01.440.590/0001-36"},"processo":{"numero":"25351062339200300","situacao":29,"numeroProcessoFormatado":"25351.062339/2003-00"}},{"ordem":7,"produto":{"codigo":535359,"nome":"CPHD 139 24/34","numeroRegistro":"132230105","tipo":{"codigo":1,"descricao":null},"categoria":null,"situacaoRotulo":null,"dataVencimento":null,"mesAnoVencimento":"112012","dataVencimentoRegistro":"2012-11-01T00:00:00.000-0300","principioAtivo":null,"situacaoApresentacao":"Caduco/Cancelado","dataRegistro":"2007-11-26T00:00:00.000-0300","categoriaRegulatoria":{"codigo":3,"descricao":"Específico"},"medicamentoReferencia":null,"categoriaProduto":null,"tipoAutorizacao":"REGISTRADO","acancelar":false,"numeroRegistroFormatado":"132230105","mesAnoVencimentoFormatado":"11/2012"},"empresa":{"cnpj":"01440590000136","razaoSocial":"FRESENIUS MEDICAL CARE LTDA","numeroAutorizacao":"1032239","cnpjFormatado":"01.440.590/0001-36"},"processo":{"numero":"25351248366200793","situacao":29,"numeroProcessoFormatado":"25351.248366/2007-93"}},{"ordem":8,"produto":{"codigo":535342,"nome":"CPHD 24/34","numeroRegistro":"132230104","tipo":{"codigo":1,"descricao":null},"categoria":null,"situacaoRotulo":null,"dataVencimento":null,"mesAnoVencimento":"112027","dataVencimentoRegistro":"2027-11-01T00:00:00.000-0300","principioAtivo":"CLORETO DE SÓDIO, CLORETO DE POTÁSSIO, CLORETO DE CÁLCIO DI-HIDRATADO, CLORETO DE MAGNÉSIO HEXAIDRATADO","situacaoApresentacao":"Válido","dataRegistro":"2007-11-12T00:00:00.000-0300","categoriaRegulatoria":{"codigo":3,"descricao":"Específico"},"medicamentoReferencia":null,"categoriaProduto":null,"tipoAutorizacao":"REGISTRADO","acancelar":false,"numeroRegistroFormatado":"132230104","mesAnoVencimentoFormatado":"11/2027"},"empresa":{"cnpj":"01440590000136","razaoSocial":"FRESENIUS MEDICAL CARE LTDA","numeroAutorizacao":"1032239","cnpjFormatado":"01.440.590/0001-36"},"processo":{"numero":"25351247958200798","situacao":29,"numeroProcessoFormatado":"25351.247958/2007-98"}},{"ordem":9,"produto":{"codigo":535742,"nome":"CPHD BICARBONATO DE SÓDIO 6,6%","numeroRegistro":"132230106","tipo":{"codigo":1,"descricao":null},"categoria":null,"situacaoRotulo":null,"dataVencimento":null,"mesAnoVencimento":"112012","dataVencimentoRegistro":"2012-11-01T00:00:00.000-0300","principioAtivo":null,"situacaoApresentacao":"Caduco/Cancelado","dataRegistro":"2007-11-26T00:00:00.000-0300","categoriaRegulatoria":{"codigo":3,"descricao":"Específico"},"medicamentoReferencia":null,"categoriaProduto":null,"tipoAutorizacao":"REGISTRADO","acancelar":false,"numeroRegistroFormatado":"132230106","mesAnoVencimentoFormatado":"11/2012"},"empresa":{"cnpj":"01440590000136","razaoSocial":"FRESENIUS MEDICAL CARE LTDA","numeroAutorizacao":"1032239","cnpjFormatado":"01.440.590/0001-36"},"processo":{"numero":"25351249146200787","situacao":29,"numeroProcessoFormatado":"25351.249146/2007-87"}},{"ordem":10,"produto":{"codigo":536371,"nome":"CPHD BICARBONATO DE SÓDIO 8,4 %","numeroRegistro":"132230107","tipo":{"codigo":1,"descricao":null},"categoria":null,"situacaoRotulo":null,"dataVencimento":null,"mesAnoVencimento":"032028","dataVencimentoRegistro":"2028-03-01T00:00:00.000-0300","principioAtivo":"BICARBONATO DE SÓDIO","situacaoApresentacao":"Válido","dataRegistro":"2008-03-03T00:00:00.000-0300","categoriaRegulatoria":{"codigo":3,"descricao":"Específico"},"medicamentoReferencia":null,"categoriaProduto":null,"tipoAutorizacao":"REGISTRADO","acancelar":false,"numeroRegistroFormatado":"132230107","mesAnoVencimentoFormatado":"03/2028"},"empresa":{"cnpj":"01440590000136","razaoSocial":"FRESENIUS MEDICAL CARE LTDA","numeroAutorizacao":"1032239","cnpjFormatado":"01.440.590/0001-36"},"processo":{"numero":"25351248259200765","situacao":29,"numeroProcessoFormatado":"25351.248259/2007-65"}},{"ordem":11,"produto":{"codigo":458787,"nome":"CPHD COM CITRATO E GLICOSE","numeroRegistro":"132230100","tipo":{"codigo":1,"descricao":null},"categoria":null,"situacaoRotulo":null,"dataVencimento":null,"mesAnoVencimento":"082021","dataVencimentoRegistro":"2021-08-01T00:00:00.000-0300","principioAtivo":null,"situacaoApresentacao":"Caduco/Cancelado","dataRegistro":"2006-08-14T00:00:00.000-0300","categoriaRegulatoria":{"codigo":3,"descricao":"Específico"},"medicamentoReferencia":null,"categoriaProduto":null,"tipoAutorizacao":"REGISTRADO","acancelar":false,"numeroRegistroFormatado":"132230100","mesAnoVencimentoFormatado":"08/2021"},"empresa":{"cnpj":"01440590000136","razaoSocial":"FRESENIUS MEDICAL CARE LTDA","numeroAutorizacao":"1032239","cnpjFormatado":"01.440.590/0001-36"},"processo":{"numero":"25351096675200691","situacao":29,"numeroProcessoFormatado":"25351.096675/2006-91"}},{"ordem":12,"produto":{"codigo":456748,"nome":"CPHD COM GLICOSE","numeroRegistro":"132230102","tipo":{"codigo":1,"descricao":null},"categoria":null,"situacaoRotulo":null,"dataVencimento":null,"mesAnoVencimento":"082026","dataVencimentoRegistro":"2026-08-01T00:00:00.000-0300","principioAtivo":"CLORETO DE SÓDIO, CLORETO DE POTÁSSIO, CLORETO DE CÁLCIO, CLORETO DE MAGNÉSIO, GLICOSE ANIDRA","situacaoApresentacao":"Válido","dataRegistro":"2006-08-14T00:00:00.000-0300","categoriaRegulatoria":{"codigo":3,"descricao":"Específico"},"medicamentoReferencia":null,"categoriaProduto":null,"tipoAutorizacao":"REGISTRADO","acancelar":false,"numeroRegistroFormatado":"132230102","mesAnoVencimentoFormatado":"08/2026"},"empresa":{"cnpj":"01440590000136","razaoSocial":"FRESENIUS MEDICAL CARE LTDA","numeroAutorizacao":"1032239","cnpjFormatado":"01.440.590/0001-36"},"processo":{"numero":"25351096927200681","situacao":29,"numeroProcessoFormatado":"25351.096927/2006-81"}},{"ordem":13,"produto":{"codigo":345243,"nome":"CPHD FRESENIUS ACETATO NA 140 K1","numeroRegistro":"132230022","tipo":{"codigo":1,"descricao":null},"categoria":null,"situacaoRotulo":null,"dataVencimento":null,"mesAnoVencimento":"072004","dataVencimentoRegistro":"2004-07-01T00:00:00.000-0300","principioAtivo":null,"situacaoApresentacao":"Caduco/Cancelado","dataRegistro":"2002-12-04T00:00:00.000-0300","categoriaRegulatoria":{"codigo":null,"descricao":null},"medicamentoReferencia":null,"categoriaProduto":null,"tipoAutorizacao":"REGISTRADO","acancelar":false,"numeroRegistroFormatado":"132230022","mesAnoVencimentoFormatado":"07/2004"},"empresa":{"cnpj":"01440590000136","razaoSocial":"FRESENIUS MEDICAL CARE LTDA","numeroAutorizacao":"1032239","cnpjFormatado":"01.440.590/0001-36"},"processo":{"numero":"25351062727200382","situacao":29,"numeroProcessoFormatado":"25351.062727/2003-82"}},{"ordem":14,"produto":{"codigo":343320,"nome":"CPHD FRESENIUS BICARBONATADO","numeroRegistro":"132230021","tipo":{"codigo":1,"descricao":null},"categoria":null,"situacaoRotulo":null,"dataVencimento":null,"mesAnoVencimento":"032009","dataVencimentoRegistro":"2009-03-01T00:00:00.000-0300","principioAtivo":null,"situacaoApresentacao":"Caduco/Cancelado","dataRegistro":"2004-01-06T00:00:00.000-0300","categoriaRegulatoria":{"codigo":null,"descricao":null},"medicamentoReferencia":null,"categoriaProduto":null,"tipoAutorizacao":"REGISTRADO","acancelar":false,"numeroRegistroFormatado":"132230021","mesAnoVencimentoFormatado":"03/2009"},"empresa":{"cnpj":"01440590000136","razaoSocial":"FRESENIUS MEDICAL CARE LTDA","numeroAutorizacao":"1032239","cnpjFormatado":"01.440.590/0001-36"},"processo":{"numero":"25351058999200388","situacao":20,"numeroProcessoFormatado":"25351.058999/2003-88"}},{"ordem":15,"produto":{"codigo":344867,"nome":"CPHD FRESENIUS BICARBONATADO NA+140 CA +2,5 GLI","numeroRegistro":"132230017","tipo":{"codigo":1,"descricao":null},"categoria":null,"situacaoRotulo":null,"dataVencimento":null,"mesAnoVencimento":"032004","dataVencimentoRegistro":"2004-03-01T00:00:00.000-0300","principioAtivo":null,"situacaoApresentacao":"Caduco/Cancelado","dataRegistro":"2002-12-04T00:00:00.000-0300","categoriaRegulatoria":{"codigo":null,"descricao":null},"medicamentoReferencia":null,"categoriaProduto":null,"tipoAutorizacao":"REGISTRADO","acancelar":false,"numeroRegistroFormatado":"132230017","mesAnoVencimentoFormatado":"03/2004"},"empresa":{"cnpj":"01440590000136","razaoSocial":"FRESENIUS MEDICAL CARE LTDA","numeroAutorizacao":"1032239","cnpjFormatado":"01.440.590/0001-36"},"processo":{"numero":"25351062249200319","situacao":29,"numeroProcessoFormatado":"25351.062249/2003-19"}},{"ordem":16,"produto":{"codigo":345552,"nome":"CPHD FRESENIUS BICARBONATADO PROP. NA 138 K2","numeroRegistro":"132230020","tipo":{"codigo":1,"descricao":null},"categoria":null,"situacaoRotulo":null,"dataVencimento":null,"mesAnoVencimento":"112003","dataVencimentoRegistro":"2003-11-01T00:00:00.000-0300","principioAtivo":null,"situacaoApresentacao":"Caduco/Cancelado","dataRegistro":"2003-12-18T00:00:00.000-0300","categoriaRegulatoria":{"codigo":null,"descricao":null},"medicamentoReferencia":null,"categoriaProduto":null,"tipoAutorizacao":"REGISTRADO","acancelar":false,"numeroRegistroFormatado":"132230020","mesAnoVencimentoFormatado":"11/2003"},"empresa":{"cnpj":"01440590000136","razaoSocial":"FRESENIUS MEDICAL CARE LTDA","numeroAutorizacao":"1032239","cnpjFormatado":"01.440.590/0001-36"},"processo":{"numero":"25351063384200373","situacao":20,"numeroProcessoFormatado":"25351.063384/2003-73"}},{"ordem":17,"produto":{"codigo":345188,"nome":"CPHD FRESENIUS BICARBONATADO PROP. SPS Na+139 K+2,0","numeroRegistro":"132230018","tipo":{"codigo":1,"descricao":null},"categoria":null,"situacaoRotulo":null,"dataVencimento":null,"mesAnoVencimento":"032009","dataVencimentoRegistro":"2009-03-01T00:00:00.000-0300","principioAtivo":null,"situacaoApresentacao":"Caduco/Cancelado","dataRegistro":"2002-12-04T00:00:00.000-0300","categoriaRegulatoria":{"codigo":null,"descricao":null},"medicamentoReferencia":null,"categoriaProduto":null,"tipoAutorizacao":"REGISTRADO","acancelar":false,"numeroRegistroFormatado":"132230018","mesAnoVencimentoFormatado":"03/2009"},"empresa":{"cnpj":"01440590000136","razaoSocial":"FRESENIUS MEDICAL CARE LTDA","numeroAutorizacao":"1032239","cnpjFormatado":"01.440.590/0001-36"},"processo":{"numero":"25351062573200329","situacao":20,"numeroProcessoFormatado":"25351.062573/2003-29"}},{"ordem":18,"produto":{"codigo":407976,"nome":"CPHD GENIUS","numeroRegistro":"132230098","tipo":{"codigo":1,"descricao":null},"categoria":null,"situacaoRotulo":null,"dataVencimento":null,"mesAnoVencimento":"052025","dataVencimentoRegistro":"2025-05-01T00:00:00.000-0300","principioAtivo":"CLORETO DE SÓDIO, CLORETO DE POTÁSSIO, CLORETO DE CÁLCIO, CLORETO DE MAGNÉSIO HEXAIDRATADO","situacaoApresentacao":"Válido","dataRegistro":"2005-05-06T00:00:00.000-0300","categoriaRegulatoria":{"codigo":3,"descricao":"Específico"},"medicamentoReferencia":null,"categoriaProduto":null,"tipoAutorizacao":"REGISTRADO","acancelar":false,"numeroRegistroFormatado":"132230098","mesAnoVencimentoFormatado":"05/2025"},"empresa":{"cnpj":"01440590000136","razaoSocial":"FRESENIUS MEDICAL CARE LTDA","numeroAutorizacao":"1032239","cnpjFormatado":"01.440.590/0001-36"},"processo":{"numero":"25351063234200441","situacao":29,"numeroProcessoFormatado":"25351.063234/2004-41"}},{"ordem":19,"produto":{"codigo":1155846,"nome":"CPHD GENIUS DS","numeroRegistro":"132230110","tipo":{"codigo":1,"descricao":null},"categoria":null,"situacaoRotulo":null,"dataVencimento":null,"mesAnoVencimento":"042027","dataVencimentoRegistro":"2027-04-01T00:00:00.000-0300","principioAtivo":"CLORETO DE SÓDIO, BICARBONATO DE SÓDIO, GLICOSE, GLICOSE ANIDRA","situacaoApresentacao":"Válido","dataRegistro":"2017-04-10T00:00:00.000-0300","categoriaRegulatoria":{"codigo":3,"descricao":"Específico"},"medicamentoReferencia":null,"categoriaProduto":null,"tipoAutorizacao":"REGISTRADO","acancelar":false,"numeroRegistroFormatado":"132230110","mesAnoVencimentoFormatado":"04/2027"},"empresa":{"cnpj":"01440590000136","razaoSocial":"FRESENIUS MEDICAL CARE LTDA","numeroAutorizacao":"1032239","cnpjFormatado":"01.440.590/0001-36"},"processo":{"numero":"25351080642201706","situacao":29,"numeroProcessoFormatado":"25351.080642/2017-06"}},{"ordem":20,"produto":{"codigo":459021,"nome":"CPHD SEM GLICOSE 1:44","numeroRegistro":"132230101","tipo":{"codigo":1,"descricao":null},"categoria":null,"situacaoRotulo":null,"dataVencimento":null,"mesAnoVencimento":"082026","dataVencimentoRegistro":"2026-08-01T00:00:00.000-0300","principioAtivo":"CLORETO DE SÓDIO, CLORETO DE POTÁSSIO, CLORETO DE CÁLCIO, CLORETO DE MAGNÉSIO","situacaoApresentacao":"Válido","dataRegistro":"2006-08-14T00:00:00.000-0300","categoriaRegulatoria":{"codigo":3,"descricao":"Específico"},"medicamentoReferencia":null,"categoriaProduto":null,"tipoAutorizacao":"REGISTRADO","acancelar":false,"numeroRegistroFormatado":"132230101","mesAnoVencimentoFormatado":"08/2026"},"empresa":{"cnpj":"01440590000136","razaoSocial":"FRESENIUS MEDICAL CARE LTDA","numeroAutorizacao":"1032239","cnpjFormatado":"01.440.590/0001-36"},"processo":{"numero":"25351096871200665","situacao":29,"numeroProcessoFormatado":"25351.096871/2006-65"}},{"ordem":21,"produto":{"codigo":169742,"nome":"DEXTROSE + ASSOCIAÇÕES","numeroRegistro":"132230023","tipo":{"codigo":1,"descricao":null},"categoria":null,"situacaoRotulo":null,"dataVencimento":null,"mesAnoVencimento":"102004","dataVencimentoRegistro":"2004-10-01T00:00:00.000-0300","principioAtivo":null,"situacaoApresentacao":"Caduco/Cancelado","dataRegistro":"2002-12-20T00:00:00.000-0300","categoriaRegulatoria":{"codigo":8,"descricao":"Similar"},"medicamentoReferencia":null,"categoriaProduto":null,"tipoAutorizacao":"REGISTRADO","acancelar":false,"numeroRegistroFormatado":"132230023","mesAnoVencimentoFormatado":"10/2004"},"empresa":{"cnpj":"01440590000136","razaoSocial":"FRESENIUS MEDICAL CARE LTDA","numeroAutorizacao":"1032239","cnpjFormatado":"01.440.590/0001-36"},"processo":{"numero":"2599200190766","situacao":29,"numeroProcessoFormatado":"25992.001907/66"}},{"ordem":22,"produto":{"codigo":331029,"nome":"FREKA DERM INCOLOR","numeroRegistro":"132230029","tipo":{"codigo":1,"descricao":null},"categoria":null,"situacaoRotulo":null,"dataVencimento":null,"mesAnoVencimento":"102005","dataVencimentoRegistro":"2005-10-01T00:00:00.000-0300","principioAtivo":null,"situacaoApresentacao":"Caduco/Cancelado","dataRegistro":"2003-08-26T00:00:00.000-0300","categoriaRegulatoria":{"codigo":null,"descricao":null},"medicamentoReferencia":null,"categoriaProduto":null,"tipoAutorizacao":"REGISTRADO","acancelar":false,"numeroRegistroFormatado":"132230029","mesAnoVencimentoFormatado":"10/2005"},"empresa":{"cnpj":"01440590000136","razaoSocial":"FRESENIUS MEDICAL CARE LTDA","numeroAutorizacao":"1032239","cnpjFormatado":"01.440.590/0001-36"},"processo":{"numero":"25351042530200327","situacao":20,"numeroProcessoFormatado":"25351.042530/2003-27"}},{"ordem":23,"produto":{"codigo":284786,"nome":"FREKA DERM INCOLOR","numeroRegistro":"100410034","tipo":{"codigo":1,"descricao":null},"categoria":null,"situacaoRotulo":null,"dataVencimento":null,"mesAnoVencimento":"102005","dataVencimentoRegistro":"2005-10-01T00:00:00.000-0300","principioAtivo":null,"situacaoApresentacao":"Caduco/Cancelado","dataRegistro":"2001-07-04T00:00:00.000-0300","categoriaRegulatoria":{"codigo":8,"descricao":"Similar"},"medicamentoReferencia":null,"categoriaProduto":null,"tipoAutorizacao":"REGISTRADO","acancelar":false,"numeroRegistroFormatado":"100410034","mesAnoVencimentoFormatado":"10/2005"},"empresa":{"cnpj":"01440590000136","razaoSocial":"FRESENIUS MEDICAL CARE LTDA","numeroAutorizacao":"1032239","cnpjFormatado":"01.440.590/0001-36"},"processo":{"numero":"2599100674380","situacao":29,"numeroProcessoFormatado":"25991.006743/80"}},{"ordem":24,"produto":{"codigo":173004,"nome":"GLICOSE + ASSOCIAÇÕES","numeroRegistro":"132230024","tipo":{"codigo":1,"descricao":null},"categoria":null,"situacaoRotulo":null,"dataVencimento":null,"mesAnoVencimento":"112003","dataVencimentoRegistro":"2003-11-01T00:00:00.000-0300","principioAtivo":null,"situacaoApresentacao":"Caduco/Cancelado","dataRegistro":"2003-01-27T00:00:00.000-0300","categoriaRegulatoria":{"codigo":8,"descricao":"Similar"},"medicamentoReferencia":null,"categoriaProduto":null,"tipoAutorizacao":"REGISTRADO","acancelar":false,"numeroRegistroFormatado":"132230024","mesAnoVencimentoFormatado":"11/2003"},"empresa":{"cnpj":"01440590000136","razaoSocial":"FRESENIUS MEDICAL CARE LTDA","numeroAutorizacao":"1032239","cnpjFormatado":"01.440.590/0001-36"},"processo":{"numero":"2500101280983","situacao":29,"numeroProcessoFormatado":"25001.012809/83"}},{"ordem":25,"produto":{"codigo":356833,"nome":"GRANUDIAL AF72","numeroRegistro":"132230108","tipo":{"codigo":1,"descricao":null},"categoria":null,"situacaoRotulo":null,"dataVencimento":null,"mesAnoVencimento":"122009","dataVencimentoRegistro":"2009-12-01T00:00:00.000-0300","principioAtivo":null,"situacaoApresentacao":"Caduco/Cancelado","dataRegistro":"2004-12-16T00:00:00.000-0300","categoriaRegulatoria":{"codigo":6,"descricao":"Novo"},"medicamentoReferencia":null,"categoriaProduto":null,"tipoAutorizacao":"REGISTRADO","acancelar":false,"numeroRegistroFormatado":"132230108","mesAnoVencimentoFormatado":"12/2009"},"empresa":{"cnpj":"01440590000136","razaoSocial":"FRESENIUS MEDICAL CARE LTDA","numeroAutorizacao":"1032239","cnpjFormatado":"01.440.590/0001-36"},"processo":{"numero":"25000021955199944","situacao":20,"numeroProcessoFormatado":"25000.021955/1999-44"}},{"ordem":26,"produto":{"codigo":338611,"nome":"HD 120 BIC AC","numeroRegistro":"1032239","tipo":{"codigo":1,"descricao":null},"categoria":null,"situacaoRotulo":null,"dataVencimento":null,"mesAnoVencimento":"112006","dataVencimentoRegistro":"2006-11-01T00:00:00.000-0300","principioAtivo":null,"situacaoApresentacao":"Caduco/Cancelado","dataRegistro":"2002-11-13T00:00:00.000-0300","categoriaRegulatoria":{"codigo":null,"descricao":null},"medicamentoReferencia":null,"categoriaProduto":null,"tipoAutorizacao":"REGISTRADO","acancelar":false,"numeroRegistroFormatado":"1032239  ","mesAnoVencimentoFormatado":"11/2006"},"empresa":{"cnpj":"01440590000136","razaoSocial":"FRESENIUS MEDICAL CARE LTDA","numeroAutorizacao":"1032239","cnpjFormatado":"01.440.590/0001-36"},"processo":{"numero":"25351051790200393","situacao":20,"numeroProcessoFormatado":"25351.051790/2003-93"}},{"ordem":27,"produto":{"codigo":173047,"nome":"HD 170","numeroRegistro":"132230027","tipo":{"codigo":1,"descricao":null},"categoria":null,"situacaoRotulo":null,"dataVencimento":null,"mesAnoVencimento":"022008","dataVencimentoRegistro":"2008-02-01T00:00:00.000-0300","principioAtivo":null,"situacaoApresentacao":"Caduco/Cancelado","dataRegistro":"2003-02-06T00:00:00.000-0300","categoriaRegulatoria":{"codigo":3,"descricao":"Específico"},"medicamentoReferencia":null,"categoriaProduto":null,"tipoAutorizacao":"REGISTRADO","acancelar":false,"numeroRegistroFormatado":"132230027","mesAnoVencimentoFormatado":"02/2008"},"empresa":{"cnpj":"01440590000136","razaoSocial":"FRESENIUS MEDICAL CARE LTDA","numeroAutorizacao":"1032239","cnpjFormatado":"01.440.590/0001-36"},"processo":{"numero":"2599100268879","situacao":29,"numeroProcessoFormatado":"25991.002688/79"}},{"ordem":28,"produto":{"codigo":381954,"nome":"HD 170 BIC AC","numeroRegistro":"132230012","tipo":{"codigo":1,"descricao":null},"categoria":null,"situacaoRotulo":null,"dataVencimento":null,"mesAnoVencimento":"022012","dataVencimentoRegistro":"2012-02-01T00:00:00.000-0300","principioAtivo":null,"situacaoApresentacao":"Caduco/Cancelado","dataRegistro":"2002-10-21T00:00:00.000-0300","categoriaRegulatoria":{"codigo":null,"descricao":null},"medicamentoReferencia":null,"categoriaProduto":null,"tipoAutorizacao":"REGISTRADO","acancelar":false,"numeroRegistroFormatado":"132230012","mesAnoVencimentoFormatado":"02/2012"},"empresa":{"cnpj":"01440590000136","razaoSocial":"FRESENIUS MEDICAL CARE LTDA","numeroAutorizacao":"1032239","cnpjFormatado":"01.440.590/0001-36"},"processo":{"numero":"25351159491200487","situacao":29,"numeroProcessoFormatado":"25351.159491/2004-87"}},{"ordem":29,"produto":{"codigo":145948,"nome":"HF 12","numeroRegistro":"132230028","tipo":{"codigo":1,"descricao":null},"categoria":null,"situacaoRotulo":null,"dataVencimento":null,"mesAnoVencimento":"052008","dataVencimentoRegistro":"2008-05-01T00:00:00.000-0300","principioAtivo":null,"situacaoApresentacao":"Caduco/Cancelado","dataRegistro":"2003-05-27T00:00:00.000-0300","categoriaRegulatoria":{"codigo":8,"descricao":"Similar"},"medicamentoReferencia":null,"categoriaProduto":null,"tipoAutorizacao":"REGISTRADO","acancelar":false,"numeroRegistroFormatado":"132230028","mesAnoVencimentoFormatado":"05/2008"},"empresa":{"cnpj":"01440590000136","razaoSocial":"FRESENIUS MEDICAL CARE LTDA","numeroAutorizacao":"1032239","cnpjFormatado":"01.440.590/0001-36"},"processo":{"numero":"25351174300200245","situacao":29,"numeroProcessoFormatado":"25351.174300/2002-45"}},{"ordem":30,"produto":{"codigo":416292,"nome":"HF 24","numeroRegistro":"132230099","tipo":{"codigo":1,"descricao":null},"categoria":null,"situacaoRotulo":null,"dataVencimento":null,"mesAnoVencimento":"082010","dataVencimentoRegistro":"2010-08-01T00:00:00.000-0300","principioAtivo":null,"situacaoApresentacao":"Caduco/Cancelado","dataRegistro":"2005-08-22T00:00:00.000-0300","categoriaRegulatoria":{"codigo":3,"descricao":"Específico"},"medicamentoReferencia":null,"categoriaProduto":null,"tipoAutorizacao":"REGISTRADO","acancelar":false,"numeroRegistroFormatado":"132230099","mesAnoVencimentoFormatado":"08/2010"},"empresa":{"cnpj":"01440590000136","razaoSocial":"FRESENIUS MEDICAL CARE LTDA","numeroAutorizacao":"1032239","cnpjFormatado":"01.440.590/0001-36"},"processo":{"numero":"25351290635200471","situacao":29,"numeroProcessoFormatado":"25351.290635/2004-71"}},{"ordem":31,"produto":{"codigo":2392946,"nome":"LONADIAL","numeroRegistro":"132230111","tipo":{"codigo":1,"descricao":null},"categoria":null,"situacaoRotulo":null,"dataVencimento":"2034-08-26T00:00:00.000-0300","mesAnoVencimento":"082034","dataVencimentoRegistro":"2034-08-01T00:00:00.000-0300","principioAtivo":"CLORETO DE SÓDIO, CLORETO DE POTÁSSIO, BICARBONATO DE SÓDIO, CLORETO DE MAGNÉSIO HEXAIDRATADO, GLICOSE MONOIDRATADA","situacaoApresentacao":"Válido","dataRegistro":"2021-08-09T00:00:00.000-0300","categoriaRegulatoria":{"codigo":3,"descricao":"Específico"},"medicamentoReferencia":null,"categoriaProduto":null,"tipoAutorizacao":"REGISTRADO","acancelar":false,"numeroRegistroFormatado":"132230111","mesAnoVencimentoFormatado":"08/2034"},"empresa":{"cnpj":"01440590000136","razaoSocial":"FRESENIUS MEDICAL CARE LTDA","numeroAutorizacao":"1032239","cnpjFormatado":"01.440.590/0001-36"},"processo":{"numero":"25351189111202130","situacao":29,"numeroProcessoFormatado":"25351.189111/2021-30"}},{"ordem":32,"produto":{"codigo":3387153,"nome":"MULTIBIC","numeroRegistro":"132230113","tipo":{"codigo":1,"descricao":null},"categoria":null,"situacaoRotulo":null,"dataVencimento":null,"mesAnoVencimento":"032033","dataVencimentoRegistro":"2033-03-01T00:00:00.000-0300","principioAtivo":"CLORETO DE POTÁSSIO, CLORETO DE CÁLCIO DI-HIDRATADO, CLORETO DE MAGNÉSIO HEXAIDRATADO, GLICOSE MONOIDRATADA, CLORETO DE SÓDIO, BICARBONATO DE SÓDIO","situacaoApresentacao":"Válido","dataRegistro":"2023-03-27T00:00:00.000-0300","categoriaRegulatoria":{"codigo":3,"descricao":"Específico"},"medicamentoReferencia":null,"categoriaProduto":null,"tipoAutorizacao":"REGISTRADO","acancelar":false,"numeroRegistroFormatado":"132230113","mesAnoVencimentoFormatado":"03/2033"},"empresa":{"cnpj":"01440590000136","razaoSocial":"FRESENIUS MEDICAL CARE LTDA","numeroAutorizacao":"1032239","cnpjFormatado":"01.440.590/0001-36"},"processo":{"numero":"25351510956202280","situacao":29,"numeroProcessoFormatado":"25351.510956/2022-80"}},{"ordem":33,"produto":{"codigo":273679,"nome":"PERITOSTERIL","numeroRegistro":"132230015","tipo":{"codigo":1,"descricao":null},"categoria":null,"situacaoRotulo":null,"dataVencimento":null,"mesAnoVencimento":"012025","dataVencimentoRegistro":"2025-01-01T00:00:00.000-0300","principioAtivo":"LACTATO DE SÓDIO, CLORETO DE CÁLCIO DI-HIDRATADO, CLORETO DE SÓDIO, CLORETO DE MAGNÉSIO HEXAIDRATADO, GLICOSE MONOIDRATADA","situacaoApresentacao":"Válido","dataRegistro":"2002-11-13T00:00:00.000-0300","categoriaRegulatoria":{"codigo":3,"descricao":"Específico"},"medicamentoReferencia":null,"categoriaProduto":null,"tipoAutorizacao":"REGISTRADO","acancelar":false,"numeroRegistroFormatado":"132230015","mesAnoVencimentoFormatado":"01/2025"},"empresa":{"cnpj":"01440590000136","razaoSocial":"FRESENIUS MEDICAL CARE LTDA","numeroAutorizacao":"1032239","cnpjFormatado":"01.440.590/0001-36"},"processo":{"numero":"2500100590784","situacao":29,"numeroProcessoFormatado":"25001.005907/84"}},{"ordem":34,"produto":{"codigo":169916,"nome":"SOLUÇÃO FISIOLÓGICA DE CLORETO DE SÓDIO","numeroRegistro":"132230026","tipo":{"codigo":1,"descricao":null},"categoria":null,"situacaoRotulo":null,"dataVencimento":null,"mesAnoVencimento":"022028","dataVencimentoRegistro":"2028-02-01T00:00:00.000-0300","principioAtivo":"CLORETO DE SÓDIO","situacaoApresentacao":"Válido","dataRegistro":"2003-02-06T00:00:00.000-0300","categoriaRegulatoria":{"codigo":3,"descricao":"Específico"},"medicamentoReferencia":null,"categoriaProduto":null,"tipoAutorizacao":"REGISTRADO","acancelar":false,"numeroRegistroFormatado":"132230026","mesAnoVencimentoFormatado":"02/2028"},"empresa":{"cnpj":"01440590000136","razaoSocial":"FRESENIUS MEDICAL CARE LTDA","numeroAutorizacao":"1032239","cnpjFormatado":"01.440.590/0001-36"},"processo":{"numero":"25351205759200206","situacao":29,"numeroProcessoFormatado":"25351.205759/2002-06"}}],"totalElements":34,"totalPages":1,"last":true,"numberOfElements":34,"first":true,"sort":null,"size":1000,"number":0}