{"content":[{"ordem":1,"produto":{"codigo":69916,"nome":"ALBENDAZOL","numeroRegistro":"108840326","tipo":{"codigo":1,"descricao":null},"categoria":null,"situacaoRotulo":null,"dataVencimento":null,"mesAnoVencimento":"102002","dataVencimentoRegistro":"2002-10-01T00:00:00.000-0300","principioAtivo":null,"situacaoApresentacao":"Caduco/Cancelado","dataRegistro":"1997-10-06T00:00:00.000-0300","categoriaRegulatoria":{"codigo":8,"descricao":"Similar"},"medicamentoReferencia":null,"categoriaProduto":null,"tipoAutorizacao":"REGISTRADO","acancelar":false,"mesAnoVencimentoFormatado":"10/2002","numeroRegistroFormatado":"108840326"},"empresa":{"cnpj":"01541283000141","razaoSocial":"INDÚSTRIA QUÍMICA DO ESTADO DE GOIÁS S/A - IQUEGO","numeroAutorizacao":"1008843","cnpjFormatado":"01.541.283/0001-41"},"processo":{"numero":"250000094869714","situacao":29,"numeroProcessoFormatado":"25000.009486/97-14"}},{"ordem":2,"produto":{"codigo":69944,"nome":"AMODIAQUINA","numeroRegistro":"108840351","tipo":{"codigo":1,"descricao":null},"categoria":null,"situacaoRotulo":null,"dataVencimento":null,"mesAnoVencimento":"012003","dataVencimentoRegistro":"2003-01-01T00:00:00.000-0300","principioAtivo":null,"situacaoApresentacao":"Caduco/Cancelado","dataRegistro":"1998-01-12T00:00:00.000-0300","categoriaRegulatoria":{"codigo":8,"descricao":"Similar"},"medicamentoReferencia":null,"categoriaProduto":null,"tipoAutorizacao":"REGISTRADO","acancelar":false,"mesAnoVencimentoFormatado":"01/2003","numeroRegistroFormatado":"108840351"},"empresa":{"cnpj":"01541283000141","razaoSocial":"INDÚSTRIA QUÍMICA DO ESTADO DE GOIÁS S/A - IQUEGO","numeroAutorizacao":"1008843","cnpjFormatado":"01.541.283/0001-41"},"processo":{"numero":"250000105039658","situacao":29,"numeroProcessoFormatado":"25000.010503/96-58"}},{"ordem":3,"produto":{"codigo":69973,"nome":"AZATIOPRINA","numeroRegistro":"108840313","tipo":{"codigo":1,"descricao":null},"categoria":null,"situacaoRotulo":null,"dataVencimento":null,"mesAnoVencimento":"052002","dataVencimentoRegistro":"2002-05-01T00:00:00.000-0300","principioAtivo":null,"situacaoApresentacao":"Caduco/Cancelado","dataRegistro":"1997-05-14T00:00:00.000-0300","categoriaRegulatoria":{"codigo":8,"descricao":"Similar"},"medicamentoReferencia":null,"categoriaProduto":null,"tipoAutorizacao":"REGISTRADO","acancelar":false,"mesAnoVencimentoFormatado":"05/2002","numeroRegistroFormatado":"108840313"},"empresa":{"cnpj":"01541283000141","razaoSocial":"INDÚSTRIA QUÍMICA DO ESTADO DE GOIÁS S/A - IQUEGO","numeroAutorizacao":"1008843","cnpjFormatado":"01.541.283/0001-41"},"processo":{"numero":"250000203629573","situacao":29,"numeroProcessoFormatado":"25000.020362/95-73"}},{"ordem":4,"produto":{"codigo":70016,"nome":"BROMAZEPAM","numeroRegistro":"108840330","tipo":{"codigo":1,"descricao":null},"categoria":null,"situacaoRotulo":null,"dataVencimento":null,"mesAnoVencimento":"102002","dataVencimentoRegistro":"2002-10-01T00:00:00.000-0300","principioAtivo":null,"situacaoApresentacao":"Caduco/Cancelado","dataRegistro":"1997-10-06T00:00:00.000-0300","categoriaRegulatoria":{"codigo":8,"descricao":"Similar"},"medicamentoReferencia":null,"categoriaProduto":null,"tipoAutorizacao":"REGISTRADO","acancelar":false,"mesAnoVencimentoFormatado":"10/2002","numeroRegistroFormatado":"108840330"},"empresa":{"cnpj":"01541283000141","razaoSocial":"INDÚSTRIA QUÍMICA DO ESTADO DE GOIÁS S/A - IQUEGO","numeroAutorizacao":"1008843","cnpjFormatado":"01.541.283/0001-41"},"processo":{"numero":"250000020659716","situacao":29,"numeroProcessoFormatado":"25000.002065/97-16"}},{"ordem":5,"produto":{"codigo":70102,"nome":"CIMETIDINA","numeroRegistro":"108840342","tipo":{"codigo":1,"descricao":null},"categoria":null,"situacaoRotulo":null,"dataVencimento":null,"mesAnoVencimento":"102002","dataVencimentoRegistro":"2002-10-01T00:00:00.000-0300","principioAtivo":null,"situacaoApresentacao":"Caduco/Cancelado","dataRegistro":"1997-10-22T00:00:00.000-0300","categoriaRegulatoria":{"codigo":8,"descricao":"Similar"},"medicamentoReferencia":null,"categoriaProduto":null,"tipoAutorizacao":"REGISTRADO","acancelar":false,"mesAnoVencimentoFormatado":"10/2002","numeroRegistroFormatado":"108840342"},"empresa":{"cnpj":"01541283000141","razaoSocial":"INDÚSTRIA QUÍMICA DO ESTADO DE GOIÁS S/A - IQUEGO","numeroAutorizacao":"1008843","cnpjFormatado":"01.541.283/0001-41"},"processo":{"numero":"250000267499697","situacao":29,"numeroProcessoFormatado":"25000.026749/96-97"}},{"ordem":6,"produto":{"codigo":70115,"nome":"CIPROFLOXACINA","numeroRegistro":"108840347","tipo":{"codigo":1,"descricao":null},"categoria":null,"situacaoRotulo":null,"dataVencimento":null,"mesAnoVencimento":"112002","dataVencimentoRegistro":"2002-11-01T00:00:00.000-0300","principioAtivo":null,"situacaoApresentacao":"Caduco/Cancelado","dataRegistro":"1997-11-20T00:00:00.000-0300","categoriaRegulatoria":{"codigo":8,"descricao":"Similar"},"medicamentoReferencia":null,"categoriaProduto":null,"tipoAutorizacao":"REGISTRADO","acancelar":false,"mesAnoVencimentoFormatado":"11/2002","numeroRegistroFormatado":"108840347"},"empresa":{"cnpj":"01541283000141","razaoSocial":"INDÚSTRIA QUÍMICA DO ESTADO DE GOIÁS S/A - IQUEGO","numeroAutorizacao":"1008843","cnpjFormatado":"01.541.283/0001-41"},"processo":{"numero":"250000285349782","situacao":29,"numeroProcessoFormatado":"25000.028534/97-82"}},{"ordem":7,"produto":{"codigo":70130,"nome":"CLOMIFENO(CITRATO)","numeroRegistro":"108840319","tipo":{"codigo":1,"descricao":null},"categoria":null,"situacaoRotulo":null,"dataVencimento":null,"mesAnoVencimento":"082002","dataVencimentoRegistro":"2002-08-01T00:00:00.000-0300","principioAtivo":null,"situacaoApresentacao":"Caduco/Cancelado","dataRegistro":"1997-08-22T00:00:00.000-0300","categoriaRegulatoria":{"codigo":8,"descricao":"Similar"},"medicamentoReferencia":null,"categoriaProduto":null,"tipoAutorizacao":"REGISTRADO","acancelar":false,"mesAnoVencimentoFormatado":"08/2002","numeroRegistroFormatado":"108840319"},"empresa":{"cnpj":"01541283000141","razaoSocial":"INDÚSTRIA QUÍMICA DO ESTADO DE GOIÁS S/A - IQUEGO","numeroAutorizacao":"1008843","cnpjFormatado":"01.541.283/0001-41"},"processo":{"numero":"250000203589504","situacao":29,"numeroProcessoFormatado":"25000.020358/95-04"}},{"ordem":8,"produto":{"codigo":70196,"nome":"CLORIDRATO DE CLORPROMAZINA (PORT. 344/98 L C1)","numeroRegistro":"108840328","tipo":{"codigo":1,"descricao":null},"categoria":null,"situacaoRotulo":null,"dataVencimento":null,"mesAnoVencimento":"102017","dataVencimentoRegistro":"2017-10-01T00:00:00.000-0300","principioAtivo":null,"situacaoApresentacao":"Caduco/Cancelado","dataRegistro":"1997-10-06T00:00:00.000-0300","categoriaRegulatoria":{"codigo":8,"descricao":"Similar"},"medicamentoReferencia":null,"categoriaProduto":null,"tipoAutorizacao":"REGISTRADO","acancelar":false,"mesAnoVencimentoFormatado":"10/2017","numeroRegistroFormatado":"108840328"},"empresa":{"cnpj":"01541283000141","razaoSocial":"INDÚSTRIA QUÍMICA DO ESTADO DE GOIÁS S/A - IQUEGO","numeroAutorizacao":"1008843","cnpjFormatado":"01.541.283/0001-41"},"processo":{"numero":"250000085779651","situacao":29,"numeroProcessoFormatado":"25000.008577/96-51"}},{"ordem":9,"produto":{"codigo":70218,"nome":"CLORIDRATO DE METILDOPA","numeroRegistro":"108840333","tipo":{"codigo":1,"descricao":null},"categoria":null,"situacaoRotulo":null,"dataVencimento":null,"mesAnoVencimento":"102017","dataVencimentoRegistro":"2017-10-01T00:00:00.000-0300","principioAtivo":null,"situacaoApresentacao":"Caduco/Cancelado","dataRegistro":"1997-10-22T00:00:00.000-0300","categoriaRegulatoria":{"codigo":8,"descricao":"Similar"},"medicamentoReferencia":null,"categoriaProduto":null,"tipoAutorizacao":"REGISTRADO","acancelar":false,"mesAnoVencimentoFormatado":"10/2017","numeroRegistroFormatado":"108840333"},"empresa":{"cnpj":"01541283000141","razaoSocial":"INDÚSTRIA QUÍMICA DO ESTADO DE GOIÁS S/A - IQUEGO","numeroAutorizacao":"1008843","cnpjFormatado":"01.541.283/0001-41"},"processo":{"numero":"250000267489624","situacao":29,"numeroProcessoFormatado":"25000.026748/96-24"}},{"ordem":10,"produto":{"codigo":70220,"nome":"CLORIDRATO DE MINOCICLINA","numeroRegistro":"108840305","tipo":{"codigo":1,"descricao":null},"categoria":null,"situacaoRotulo":null,"dataVencimento":null,"mesAnoVencimento":"022027","dataVencimentoRegistro":"2027-02-01T00:00:00.000-0300","principioAtivo":null,"situacaoApresentacao":"Caduco/Cancelado","dataRegistro":"1997-02-06T00:00:00.000-0300","categoriaRegulatoria":{"codigo":8,"descricao":"Similar"},"medicamentoReferencia":null,"categoriaProduto":null,"tipoAutorizacao":"REGISTRADO","acancelar":false,"mesAnoVencimentoFormatado":"02/2027","numeroRegistroFormatado":"108840305"},"empresa":{"cnpj":"01541283000141","razaoSocial":"INDÚSTRIA QUÍMICA DO ESTADO DE GOIÁS S/A - IQUEGO","numeroAutorizacao":"1008843","cnpjFormatado":"01.541.283/0001-41"},"processo":{"numero":"250000341309647","situacao":29,"numeroProcessoFormatado":"25000.034130/96-47"}},{"ordem":11,"produto":{"codigo":70222,"nome":"CLORIDRATO DE NORTRIPTILINA (PORT. 344/98 LT C1)","numeroRegistro":"108840296","tipo":{"codigo":1,"descricao":null},"categoria":null,"situacaoRotulo":null,"dataVencimento":null,"mesAnoVencimento":"122001","dataVencimentoRegistro":"2001-12-01T00:00:00.000-0200","principioAtivo":null,"situacaoApresentacao":"Caduco/Cancelado","dataRegistro":"1996-12-18T00:00:00.000-0300","categoriaRegulatoria":{"codigo":8,"descricao":"Similar"},"medicamentoReferencia":null,"categoriaProduto":null,"tipoAutorizacao":"REGISTRADO","acancelar":false,"mesAnoVencimentoFormatado":"12/2001","numeroRegistroFormatado":"108840296"},"empresa":{"cnpj":"01541283000141","razaoSocial":"INDÚSTRIA QUÍMICA DO ESTADO DE GOIÁS S/A - IQUEGO","numeroAutorizacao":"1008843","cnpjFormatado":"01.541.283/0001-41"},"processo":{"numero":"250000341269670","situacao":29,"numeroProcessoFormatado":"25000.034126/96-70"}},{"ordem":12,"produto":{"codigo":70298,"nome":"DEXTROMETORFANO (PORT 344/98 L-C1)","numeroRegistro":"108840353","tipo":{"codigo":1,"descricao":null},"categoria":null,"situacaoRotulo":null,"dataVencimento":null,"mesAnoVencimento":"012003","dataVencimentoRegistro":"2003-01-01T00:00:00.000-0300","principioAtivo":null,"situacaoApresentacao":"Caduco/Cancelado","dataRegistro":"1998-01-27T00:00:00.000-0300","categoriaRegulatoria":{"codigo":8,"descricao":"Similar"},"medicamentoReferencia":null,"categoriaProduto":null,"tipoAutorizacao":"REGISTRADO","acancelar":false,"mesAnoVencimentoFormatado":"01/2003","numeroRegistroFormatado":"108840353"},"empresa":{"cnpj":"01541283000141","razaoSocial":"INDÚSTRIA QUÍMICA DO ESTADO DE GOIÁS S/A - IQUEGO","numeroAutorizacao":"1008843","cnpjFormatado":"01.541.283/0001-41"},"processo":{"numero":"250000268139694","situacao":29,"numeroProcessoFormatado":"25000.026813/96-94"}},{"ordem":13,"produto":{"codigo":70301,"nome":"DIAMINODIFENILSULFONA","numeroRegistro":"108840320","tipo":{"codigo":1,"descricao":null},"categoria":null,"situacaoRotulo":null,"dataVencimento":null,"mesAnoVencimento":"082002","dataVencimentoRegistro":"2002-08-01T00:00:00.000-0300","principioAtivo":null,"situacaoApresentacao":"Caduco/Cancelado","dataRegistro":"1997-08-22T00:00:00.000-0300","categoriaRegulatoria":{"codigo":8,"descricao":"Similar"},"medicamentoReferencia":null,"categoriaProduto":null,"tipoAutorizacao":"REGISTRADO","acancelar":false,"mesAnoVencimentoFormatado":"08/2002","numeroRegistroFormatado":"108840320"},"empresa":{"cnpj":"01541283000141","razaoSocial":"INDÚSTRIA QUÍMICA DO ESTADO DE GOIÁS S/A - IQUEGO","numeroAutorizacao":"1008843","cnpjFormatado":"01.541.283/0001-41"},"processo":{"numero":"250000085789614","situacao":29,"numeroProcessoFormatado":"25000.008578/96-14"}},{"ordem":14,"produto":{"codigo":69827,"nome":"DIAZEPAM ( PORT.344/98 L-B1)","numeroRegistro":"108840323","tipo":{"codigo":1,"descricao":null},"categoria":null,"situacaoRotulo":null,"dataVencimento":null,"mesAnoVencimento":"082017","dataVencimentoRegistro":"2017-08-01T00:00:00.000-0300","principioAtivo":null,"situacaoApresentacao":"Caduco/Cancelado","dataRegistro":"1997-08-22T00:00:00.000-0300","categoriaRegulatoria":{"codigo":8,"descricao":"Similar"},"medicamentoReferencia":null,"categoriaProduto":null,"tipoAutorizacao":"REGISTRADO","acancelar":false,"mesAnoVencimentoFormatado":"08/2017","numeroRegistroFormatado":"108840323"},"empresa":{"cnpj":"01541283000141","razaoSocial":"INDÚSTRIA QUÍMICA DO ESTADO DE GOIÁS S/A - IQUEGO","numeroAutorizacao":"1008843","cnpjFormatado":"01.541.283/0001-41"},"processo":{"numero":"250000085719675","situacao":29,"numeroProcessoFormatado":"25000.008571/96-75"}},{"ordem":15,"produto":{"codigo":70326,"nome":"DICLORIDRATO DE METOCLOPRAMIDA","numeroRegistro":"108840341","tipo":{"codigo":1,"descricao":null},"categoria":null,"situacaoRotulo":null,"dataVencimento":null,"mesAnoVencimento":"102002","dataVencimentoRegistro":"2002-10-01T00:00:00.000-0300","principioAtivo":null,"situacaoApresentacao":"Caduco/Cancelado","dataRegistro":"1997-10-22T00:00:00.000-0300","categoriaRegulatoria":{"codigo":8,"descricao":"Similar"},"medicamentoReferencia":null,"categoriaProduto":null,"tipoAutorizacao":"REGISTRADO","acancelar":false,"mesAnoVencimentoFormatado":"10/2002","numeroRegistroFormatado":"108840341"},"empresa":{"cnpj":"01541283000141","razaoSocial":"INDÚSTRIA QUÍMICA DO ESTADO DE GOIÁS S/A - IQUEGO","numeroAutorizacao":"1008843","cnpjFormatado":"01.541.283/0001-41"},"processo":{"numero":"250000268189616","situacao":29,"numeroProcessoFormatado":"25000.026818/96-16"}},{"ordem":16,"produto":{"codigo":70330,"nome":"DIGITOXINA","numeroRegistro":"108840337","tipo":{"codigo":1,"descricao":null},"categoria":null,"situacaoRotulo":null,"dataVencimento":null,"mesAnoVencimento":"102002","dataVencimentoRegistro":"2002-10-01T00:00:00.000-0300","principioAtivo":null,"situacaoApresentacao":"Caduco/Cancelado","dataRegistro":"1997-10-22T00:00:00.000-0300","categoriaRegulatoria":{"codigo":8,"descricao":"Similar"},"medicamentoReferencia":null,"categoriaProduto":null,"tipoAutorizacao":"REGISTRADO","acancelar":false,"mesAnoVencimentoFormatado":"10/2002","numeroRegistroFormatado":"108840337"},"empresa":{"cnpj":"01541283000141","razaoSocial":"INDÚSTRIA QUÍMICA DO ESTADO DE GOIÁS S/A - IQUEGO","numeroAutorizacao":"1008843","cnpjFormatado":"01.541.283/0001-41"},"processo":{"numero":"250000267479661","situacao":29,"numeroProcessoFormatado":"25000.026747/96-61"}},{"ordem":17,"produto":{"codigo":70346,"nome":"DIPIRONA SODICA","numeroRegistro":"108840324","tipo":{"codigo":1,"descricao":null},"categoria":null,"situacaoRotulo":null,"dataVencimento":null,"mesAnoVencimento":"082027","dataVencimentoRegistro":"2027-08-01T00:00:00.000-0300","principioAtivo":null,"situacaoApresentacao":"Válido","dataRegistro":"1997-08-22T00:00:00.000-0300","categoriaRegulatoria":{"codigo":8,"descricao":"Similar"},"medicamentoReferencia":null,"categoriaProduto":null,"tipoAutorizacao":"REGISTRADO","acancelar":false,"mesAnoVencimentoFormatado":"08/2027","numeroRegistroFormatado":"108840324"},"empresa":{"cnpj":"01541283000141","razaoSocial":"INDÚSTRIA QUÍMICA DO ESTADO DE GOIÁS S/A - IQUEGO","numeroAutorizacao":"1008843","cnpjFormatado":"01.541.283/0001-41"},"processo":{"numero":"250000105099634","situacao":29,"numeroProcessoFormatado":"25000.010509/96-34"}},{"ordem":18,"produto":{"codigo":870933,"nome":"ENTACAPONA","numeroRegistro":"108840374","tipo":{"codigo":1,"descricao":null},"categoria":null,"situacaoRotulo":null,"dataVencimento":null,"mesAnoVencimento":"122018","dataVencimentoRegistro":"2018-12-01T00:00:00.000-0300","principioAtivo":null,"situacaoApresentacao":"Caduco/Cancelado","dataRegistro":"2013-12-23T00:00:00.000-0300","categoriaRegulatoria":{"codigo":5,"descricao":"Genérico"},"medicamentoReferencia":"COMTAN","categoriaProduto":null,"tipoAutorizacao":"REGISTRADO","acancelar":false,"mesAnoVencimentoFormatado":"12/2018","numeroRegistroFormatado":"108840374"},"empresa":{"cnpj":"01541283000141","razaoSocial":"INDÚSTRIA QUÍMICA DO ESTADO DE GOIÁS S/A - IQUEGO","numeroAutorizacao":"1008843","cnpjFormatado":"01.541.283/0001-41"},"processo":{"numero":"25351719879201243","situacao":29,"numeroProcessoFormatado":"25351.719879/2012-43"}},{"ordem":19,"produto":{"codigo":70378,"nome":"ERITROMICINA ESTOLATO","numeroRegistro":"108840355","tipo":{"codigo":1,"descricao":null},"categoria":null,"situacaoRotulo":null,"dataVencimento":null,"mesAnoVencimento":"012003","dataVencimentoRegistro":"2003-01-01T00:00:00.000-0300","principioAtivo":null,"situacaoApresentacao":"Caduco/Cancelado","dataRegistro":"1998-01-27T00:00:00.000-0300","categoriaRegulatoria":{"codigo":8,"descricao":"Similar"},"medicamentoReferencia":null,"categoriaProduto":null,"tipoAutorizacao":"REGISTRADO","acancelar":false,"mesAnoVencimentoFormatado":"01/2003","numeroRegistroFormatado":"108840355"},"empresa":{"cnpj":"01541283000141","razaoSocial":"INDÚSTRIA QUÍMICA DO ESTADO DE GOIÁS S/A - IQUEGO","numeroAutorizacao":"1008843","cnpjFormatado":"01.541.283/0001-41"},"processo":{"numero":"250000086599614","situacao":29,"numeroProcessoFormatado":"25000.008659/96-14"}},{"ordem":20,"produto":{"codigo":505698,"nome":"ETAMBUTOL","numeroRegistro":"108840003","tipo":{"codigo":1,"descricao":null},"categoria":null,"situacaoRotulo":null,"dataVencimento":null,"mesAnoVencimento":"082018","dataVencimentoRegistro":"2018-08-01T00:00:00.000-0300","principioAtivo":null,"situacaoApresentacao":"Caduco/Cancelado","dataRegistro":"1993-09-26T00:00:00.000-0300","categoriaRegulatoria":{"codigo":8,"descricao":"Similar"},"medicamentoReferencia":null,"categoriaProduto":null,"tipoAutorizacao":"REGISTRADO","acancelar":false,"mesAnoVencimentoFormatado":"08/2018","numeroRegistroFormatado":"108840003"},"empresa":{"cnpj":"01541283000141","razaoSocial":"INDÚSTRIA QUÍMICA DO ESTADO DE GOIÁS S/A - IQUEGO","numeroAutorizacao":"1008843","cnpjFormatado":"01.541.283/0001-41"},"processo":{"numero":"250000097249296","situacao":29,"numeroProcessoFormatado":"25000.009724/92-96"}},{"ordem":21,"produto":{"codigo":70430,"nome":"FLUFENAZINA CLORIDRATO (PORT. 344/98 LISTA C1)","numeroRegistro":"108840322","tipo":{"codigo":1,"descricao":null},"categoria":null,"situacaoRotulo":null,"dataVencimento":null,"mesAnoVencimento":"082002","dataVencimentoRegistro":"2002-08-01T00:00:00.000-0300","principioAtivo":null,"situacaoApresentacao":"Caduco/Cancelado","dataRegistro":"1997-08-22T00:00:00.000-0300","categoriaRegulatoria":{"codigo":8,"descricao":"Similar"},"medicamentoReferencia":null,"categoriaProduto":null,"tipoAutorizacao":"REGISTRADO","acancelar":false,"mesAnoVencimentoFormatado":"08/2002","numeroRegistroFormatado":"108840322"},"empresa":{"cnpj":"01541283000141","razaoSocial":"INDÚSTRIA QUÍMICA DO ESTADO DE GOIÁS S/A - IQUEGO","numeroAutorizacao":"1008843","cnpjFormatado":"01.541.283/0001-41"},"processo":{"numero":"250000086679642","situacao":29,"numeroProcessoFormatado":"25000.008667/96-42"}},{"ordem":22,"produto":{"codigo":70554,"nome":"IODETO DE POTASSIO","numeroRegistro":"108840334","tipo":{"codigo":1,"descricao":null},"categoria":null,"situacaoRotulo":null,"dataVencimento":null,"mesAnoVencimento":"102002","dataVencimentoRegistro":"2002-10-01T00:00:00.000-0300","principioAtivo":null,"situacaoApresentacao":"Caduco/Cancelado","dataRegistro":"1997-10-22T00:00:00.000-0300","categoriaRegulatoria":{"codigo":8,"descricao":"Similar"},"medicamentoReferencia":null,"categoriaProduto":null,"tipoAutorizacao":"REGISTRADO","acancelar":false,"mesAnoVencimentoFormatado":"10/2002","numeroRegistroFormatado":"108840334"},"empresa":{"cnpj":"01541283000141","razaoSocial":"INDÚSTRIA QUÍMICA DO ESTADO DE GOIÁS S/A - IQUEGO","numeroAutorizacao":"1008843","cnpjFormatado":"01.541.283/0001-41"},"processo":{"numero":"250000086689613","situacao":29,"numeroProcessoFormatado":"25000.008668/96-13"}},{"ordem":23,"produto":{"codigo":70383,"nome":"IQUECO - ESTAVUDINA","numeroRegistro":"108840352","tipo":{"codigo":1,"descricao":null},"categoria":null,"situacaoRotulo":null,"dataVencimento":null,"mesAnoVencimento":"012018","dataVencimentoRegistro":"2018-01-01T00:00:00.000-0300","principioAtivo":null,"situacaoApresentacao":"Caduco/Cancelado","dataRegistro":"1998-01-12T00:00:00.000-0300","categoriaRegulatoria":{"codigo":8,"descricao":"Similar"},"medicamentoReferencia":null,"categoriaProduto":null,"tipoAutorizacao":"REGISTRADO","acancelar":false,"mesAnoVencimentoFormatado":"01/2018","numeroRegistroFormatado":"108840352"},"empresa":{"cnpj":"01541283000141","razaoSocial":"INDÚSTRIA QUÍMICA DO ESTADO DE GOIÁS S/A - IQUEGO","numeroAutorizacao":"1008843","cnpjFormatado":"01.541.283/0001-41"},"processo":{"numero":"250000314709770","situacao":29,"numeroProcessoFormatado":"25000.031470/97-70"}},{"ordem":24,"produto":{"codigo":69956,"nome":"IQUECO- AMPICILINA","numeroRegistro":"108840310","tipo":{"codigo":1,"descricao":null},"categoria":null,"situacaoRotulo":null,"dataVencimento":null,"mesAnoVencimento":"032017","dataVencimentoRegistro":"2017-03-01T00:00:00.000-0300","principioAtivo":null,"situacaoApresentacao":"Caduco/Cancelado","dataRegistro":"1997-03-17T00:00:00.000-0300","categoriaRegulatoria":{"codigo":8,"descricao":"Similar"},"medicamentoReferencia":null,"categoriaProduto":null,"tipoAutorizacao":"REGISTRADO","acancelar":false,"mesAnoVencimentoFormatado":"03/2017","numeroRegistroFormatado":"108840310"},"empresa":{"cnpj":"01541283000141","razaoSocial":"INDÚSTRIA QUÍMICA DO ESTADO DE GOIÁS S/A - IQUEGO","numeroAutorizacao":"1008843","cnpjFormatado":"01.541.283/0001-41"},"processo":{"numero":"250000085739609","situacao":29,"numeroProcessoFormatado":"25000.008573/96-09"}},{"ordem":25,"produto":{"codigo":70749,"nome":"IQUECO- OMEPRAZOL","numeroRegistro":"108840361","tipo":{"codigo":1,"descricao":null},"categoria":null,"situacaoRotulo":null,"dataVencimento":null,"mesAnoVencimento":"062008","dataVencimentoRegistro":"2008-06-01T00:00:00.000-0300","principioAtivo":null,"situacaoApresentacao":"Caduco/Cancelado","dataRegistro":"1998-06-24T00:00:00.000-0300","categoriaRegulatoria":{"codigo":8,"descricao":"Similar"},"medicamentoReferencia":null,"categoriaProduto":null,"tipoAutorizacao":"REGISTRADO","acancelar":false,"mesAnoVencimentoFormatado":"06/2008","numeroRegistroFormatado":"108840361"},"empresa":{"cnpj":"01541283000141","razaoSocial":"INDÚSTRIA QUÍMICA DO ESTADO DE GOIÁS S/A - IQUEGO","numeroAutorizacao":"1008843","cnpjFormatado":"01.541.283/0001-41"},"processo":{"numero":"250000285339710","situacao":29,"numeroProcessoFormatado":"25000.028533/97-10"}},{"ordem":26,"produto":{"codigo":69969,"nome":"IQUECO-ARTESUNATO DE SODIO","numeroRegistro":"108840297","tipo":{"codigo":1,"descricao":null},"categoria":null,"situacaoRotulo":null,"dataVencimento":null,"mesAnoVencimento":"122006","dataVencimentoRegistro":"2006-12-01T00:00:00.000-0300","principioAtivo":null,"situacaoApresentacao":"Caduco/Cancelado","dataRegistro":"1996-12-18T00:00:00.000-0300","categoriaRegulatoria":{"codigo":8,"descricao":"Similar"},"medicamentoReferencia":null,"categoriaProduto":null,"tipoAutorizacao":"REGISTRADO","acancelar":false,"mesAnoVencimentoFormatado":"12/2006","numeroRegistroFormatado":"108840297"},"empresa":{"cnpj":"01541283000141","razaoSocial":"INDÚSTRIA QUÍMICA DO ESTADO DE GOIÁS S/A - IQUEGO","numeroAutorizacao":"1008843","cnpjFormatado":"01.541.283/0001-41"},"processo":{"numero":"250000314409628","situacao":29,"numeroProcessoFormatado":"25000.031440/96-28"}},{"ordem":27,"produto":{"codigo":69828,"nome":"IQUEGO - DOXICICLINA","numeroRegistro":"108840304","tipo":{"codigo":1,"descricao":null},"categoria":null,"situacaoRotulo":null,"dataVencimento":null,"mesAnoVencimento":"022027","dataVencimentoRegistro":"2027-02-01T00:00:00.000-0300","principioAtivo":"HICLATO DE DOXICICLINA","situacaoApresentacao":"Válido","dataRegistro":"1997-02-06T00:00:00.000-0300","categoriaRegulatoria":{"codigo":8,"descricao":"Similar"},"medicamentoReferencia":"VIBRAMICINA","categoriaProduto":null,"tipoAutorizacao":"REGISTRADO","acancelar":false,"mesAnoVencimentoFormatado":"02/2027","numeroRegistroFormatado":"108840304"},"empresa":{"cnpj":"01541283000141","razaoSocial":"INDÚSTRIA QUÍMICA DO ESTADO DE GOIÁS S/A - IQUEGO","numeroAutorizacao":"1008843","cnpjFormatado":"01.541.283/0001-41"},"processo":{"numero":"250000203609548","situacao":29,"numeroProcessoFormatado":"25000.020360/95-48"}},{"ordem":28,"produto":{"codigo":70513,"nome":"IQUEGO - DOXICICLINA HICLATO","numeroRegistro":"108840366","tipo":{"codigo":1,"descricao":null},"categoria":null,"situacaoRotulo":null,"dataVencimento":null,"mesAnoVencimento":"052004","dataVencimentoRegistro":"2004-05-01T00:00:00.000-0300","principioAtivo":null,"situacaoApresentacao":"Caduco/Cancelado","dataRegistro":"1999-05-24T00:00:00.000-0300","categoriaRegulatoria":{"codigo":8,"descricao":"Similar"},"medicamentoReferencia":null,"categoriaProduto":null,"tipoAutorizacao":"REGISTRADO","acancelar":false,"mesAnoVencimentoFormatado":"05/2004","numeroRegistroFormatado":"108840366"},"empresa":{"cnpj":"01541283000141","razaoSocial":"INDÚSTRIA QUÍMICA DO ESTADO DE GOIÁS S/A - IQUEGO","numeroAutorizacao":"1008843","cnpjFormatado":"01.541.283/0001-41"},"processo":{"numero":"250000335579816","situacao":29,"numeroProcessoFormatado":"25000.033557/98-16"}},{"ordem":29,"produto":{"codigo":70460,"nome":"IQUEGO - FUROSEMIDA","numeroRegistro":"108840311","tipo":{"codigo":1,"descricao":null},"categoria":null,"situacaoRotulo":null,"dataVencimento":null,"mesAnoVencimento":"032017","dataVencimentoRegistro":"2017-03-01T00:00:00.000-0300","principioAtivo":null,"situacaoApresentacao":"Caduco/Cancelado","dataRegistro":"1997-03-17T00:00:00.000-0300","categoriaRegulatoria":{"codigo":8,"descricao":"Similar"},"medicamentoReferencia":null,"categoriaProduto":null,"tipoAutorizacao":"REGISTRADO","acancelar":false,"mesAnoVencimentoFormatado":"03/2017","numeroRegistroFormatado":"108840311"},"empresa":{"cnpj":"01541283000141","razaoSocial":"INDÚSTRIA QUÍMICA DO ESTADO DE GOIÁS S/A - IQUEGO","numeroAutorizacao":"1008843","cnpjFormatado":"01.541.283/0001-41"},"processo":{"numero":"250000105019622","situacao":29,"numeroProcessoFormatado":"25000.010501/96-22"}},{"ordem":30,"produto":{"codigo":70477,"nome":"IQUEGO - GLIBENCLAMIDA","numeroRegistro":"108840307","tipo":{"codigo":1,"descricao":null},"categoria":null,"situacaoRotulo":null,"dataVencimento":null,"mesAnoVencimento":"022027","dataVencimentoRegistro":"2027-02-01T00:00:00.000-0300","principioAtivo":null,"situacaoApresentacao":"Caduco/Cancelado","dataRegistro":"1997-02-06T00:00:00.000-0300","categoriaRegulatoria":{"codigo":8,"descricao":"Similar"},"medicamentoReferencia":null,"categoriaProduto":null,"tipoAutorizacao":"REGISTRADO","acancelar":false,"mesAnoVencimentoFormatado":"02/2027","numeroRegistroFormatado":"108840307"},"empresa":{"cnpj":"01541283000141","razaoSocial":"INDÚSTRIA QUÍMICA DO ESTADO DE GOIÁS S/A - IQUEGO","numeroAutorizacao":"1008843","cnpjFormatado":"01.541.283/0001-41"},"processo":{"numero":"250000203599569","situacao":29,"numeroProcessoFormatado":"25000.020359/95-69"}},{"ordem":31,"produto":{"codigo":70208,"nome":"IQUEGO - IMIPRAMINA","numeroRegistro":"108840303","tipo":{"codigo":1,"descricao":null},"categoria":null,"situacaoRotulo":null,"dataVencimento":null,"mesAnoVencimento":"022012","dataVencimentoRegistro":"2012-02-01T00:00:00.000-0300","principioAtivo":null,"situacaoApresentacao":"Caduco/Cancelado","dataRegistro":"1997-02-06T00:00:00.000-0300","categoriaRegulatoria":{"codigo":8,"descricao":"Similar"},"medicamentoReferencia":null,"categoriaProduto":null,"tipoAutorizacao":"REGISTRADO","acancelar":false,"mesAnoVencimentoFormatado":"02/2012","numeroRegistroFormatado":"108840303"},"empresa":{"cnpj":"01541283000141","razaoSocial":"INDÚSTRIA QUÍMICA DO ESTADO DE GOIÁS S/A - IQUEGO","numeroAutorizacao":"1008843","cnpjFormatado":"01.541.283/0001-41"},"processo":{"numero":"250000085629684","situacao":29,"numeroProcessoFormatado":"25000.008562/96-84"}},{"ordem":32,"produto":{"codigo":70547,"nome":"IQUEGO - INDOMETACINA","numeroRegistro":"108840349","tipo":{"codigo":1,"descricao":null},"categoria":null,"situacaoRotulo":null,"dataVencimento":null,"mesAnoVencimento":"112002","dataVencimentoRegistro":"2002-11-01T00:00:00.000-0300","principioAtivo":null,"situacaoApresentacao":"Caduco/Cancelado","dataRegistro":"1997-11-20T00:00:00.000-0300","categoriaRegulatoria":{"codigo":8,"descricao":"Similar"},"medicamentoReferencia":null,"categoriaProduto":null,"tipoAutorizacao":"REGISTRADO","acancelar":false,"mesAnoVencimentoFormatado":"11/2002","numeroRegistroFormatado":"108840349"},"empresa":{"cnpj":"01541283000141","razaoSocial":"INDÚSTRIA QUÍMICA DO ESTADO DE GOIÁS S/A - IQUEGO","numeroAutorizacao":"1008843","cnpjFormatado":"01.541.283/0001-41"},"processo":{"numero":"250000105029695","situacao":29,"numeroProcessoFormatado":"25000.010502/96-95"}},{"ordem":33,"produto":{"codigo":70714,"nome":"IQUEGO - NEVIRAPINA","numeroRegistro":"108840367","tipo":{"codigo":1,"descricao":null},"categoria":null,"situacaoRotulo":null,"dataVencimento":null,"mesAnoVencimento":"122004","dataVencimentoRegistro":"2004-12-01T00:00:00.000-0300","principioAtivo":null,"situacaoApresentacao":"Caduco/Cancelado","dataRegistro":"1999-12-20T00:00:00.000-0200","categoriaRegulatoria":{"codigo":8,"descricao":"Similar"},"medicamentoReferencia":null,"categoriaProduto":null,"tipoAutorizacao":"REGISTRADO","acancelar":false,"mesAnoVencimentoFormatado":"12/2004","numeroRegistroFormatado":"108840367"},"empresa":{"cnpj":"01541283000141","razaoSocial":"INDÚSTRIA QUÍMICA DO ESTADO DE GOIÁS S/A - IQUEGO","numeroAutorizacao":"1008843","cnpjFormatado":"01.541.283/0001-41"},"processo":{"numero":"250000410209910","situacao":29,"numeroProcessoFormatado":"25000.041020/99-10"}},{"ordem":34,"produto":{"codigo":70775,"nome":"IQUEGO - PARACETAMOL","numeroRegistro":"108840327","tipo":{"codigo":1,"descricao":null},"categoria":null,"situacaoRotulo":null,"dataVencimento":null,"mesAnoVencimento":"102027","dataVencimentoRegistro":"2027-10-01T00:00:00.000-0300","principioAtivo":"PARACETAMOL","situacaoApresentacao":"Válido","dataRegistro":"1997-10-06T00:00:00.000-0300","categoriaRegulatoria":{"codigo":8,"descricao":"Similar"},"medicamentoReferencia":null,"categoriaProduto":null,"tipoAutorizacao":"REGISTRADO","acancelar":false,"mesAnoVencimentoFormatado":"10/2027","numeroRegistroFormatado":"108840327"},"empresa":{"cnpj":"01541283000141","razaoSocial":"INDÚSTRIA QUÍMICA DO ESTADO DE GOIÁS S/A - IQUEGO","numeroAutorizacao":"1008843","cnpjFormatado":"01.541.283/0001-41"},"processo":{"numero":"250000126259797","situacao":29,"numeroProcessoFormatado":"25000.012625/97-97"}},{"ordem":35,"produto":{"codigo":70862,"nome":"IQUEGO - PROPANOLOL","numeroRegistro":"108840372","tipo":{"codigo":1,"descricao":null},"categoria":null,"situacaoRotulo":null,"dataVencimento":null,"mesAnoVencimento":"112026","dataVencimentoRegistro":"2026-11-01T00:00:00.000-0300","principioAtivo":"CLORIDRATO DE PROPRANOLOL","situacaoApresentacao":"Válido","dataRegistro":"2001-11-21T00:00:00.000-0200","categoriaRegulatoria":{"codigo":8,"descricao":"Similar"},"medicamentoReferencia":"INDERAL","categoriaProduto":null,"tipoAutorizacao":"REGISTRADO","acancelar":false,"mesAnoVencimentoFormatado":"11/2026","numeroRegistroFormatado":"108840372"},"empresa":{"cnpj":"01541283000141","razaoSocial":"INDÚSTRIA QUÍMICA DO ESTADO DE GOIÁS S/A - IQUEGO","numeroAutorizacao":"1008843","cnpjFormatado":"01.541.283/0001-41"},"processo":{"numero":"253510313390117","situacao":29,"numeroProcessoFormatado":"25351.031339/01-17"}},{"ordem":36,"produto":{"codigo":70234,"nome":"IQUEGO - RANITIDINA","numeroRegistro":"108840309","tipo":{"codigo":1,"descricao":null},"categoria":null,"situacaoRotulo":null,"dataVencimento":null,"mesAnoVencimento":"032027","dataVencimentoRegistro":"2027-03-01T00:00:00.000-0300","principioAtivo":"CLORIDRATO DE RANITIDINA","situacaoApresentacao":"Válido","dataRegistro":"1997-03-17T00:00:00.000-0300","categoriaRegulatoria":{"codigo":8,"descricao":"Similar"},"medicamentoReferencia":"ANTAK","categoriaProduto":null,"tipoAutorizacao":"REGISTRADO","acancelar":false,"mesAnoVencimentoFormatado":"03/2027","numeroRegistroFormatado":"108840309"},"empresa":{"cnpj":"01541283000141","razaoSocial":"INDÚSTRIA QUÍMICA DO ESTADO DE GOIÁS S/A - IQUEGO","numeroAutorizacao":"1008843","cnpjFormatado":"01.541.283/0001-41"},"processo":{"numero":"250000341299668","situacao":29,"numeroProcessoFormatado":"25000.034129/96-68"}},{"ordem":37,"produto":{"codigo":70888,"nome":"IQUEGO - SAIS PARA REIDRATACAO ORAL","numeroRegistro":"108840312","tipo":{"codigo":1,"descricao":null},"categoria":null,"situacaoRotulo":null,"dataVencimento":null,"mesAnoVencimento":"052012","dataVencimentoRegistro":"2012-05-01T00:00:00.000-0300","principioAtivo":null,"situacaoApresentacao":"Caduco/Cancelado","dataRegistro":"1997-05-14T00:00:00.000-0300","categoriaRegulatoria":{"codigo":8,"descricao":"Similar"},"medicamentoReferencia":null,"categoriaProduto":null,"tipoAutorizacao":"REGISTRADO","acancelar":false,"mesAnoVencimentoFormatado":"05/2012","numeroRegistroFormatado":"108840312"},"empresa":{"cnpj":"01541283000141","razaoSocial":"INDÚSTRIA QUÍMICA DO ESTADO DE GOIÁS S/A - IQUEGO","numeroAutorizacao":"1008843","cnpjFormatado":"01.541.283/0001-41"},"processo":{"numero":"250000105849650","situacao":29,"numeroProcessoFormatado":"25000.010584/96-50"}},{"ordem":38,"produto":{"codigo":70985,"nome":"IQUEGO - SULFATO FERROSO","numeroRegistro":"108840321","tipo":{"codigo":1,"descricao":null},"categoria":null,"situacaoRotulo":null,"dataVencimento":null,"mesAnoVencimento":"082007","dataVencimentoRegistro":"2007-08-01T00:00:00.000-0300","principioAtivo":null,"situacaoApresentacao":"Caduco/Cancelado","dataRegistro":"1997-08-22T00:00:00.000-0300","categoriaRegulatoria":{"codigo":8,"descricao":"Similar"},"medicamentoReferencia":null,"categoriaProduto":null,"tipoAutorizacao":"REGISTRADO","acancelar":false,"mesAnoVencimentoFormatado":"08/2007","numeroRegistroFormatado":"108840321"},"empresa":{"cnpj":"01541283000141","razaoSocial":"INDÚSTRIA QUÍMICA DO ESTADO DE GOIÁS S/A - IQUEGO","numeroAutorizacao":"1008843","cnpjFormatado":"01.541.283/0001-41"},"processo":{"numero":"250000119319615","situacao":29,"numeroProcessoFormatado":"25000.011931/96-15"}},{"ordem":39,"produto":{"codigo":71072,"nome":"IQUEGO -ZALCITABINA","numeroRegistro":"108840354","tipo":{"codigo":1,"descricao":null},"categoria":null,"situacaoRotulo":null,"dataVencimento":null,"mesAnoVencimento":"012008 ","dataVencimentoRegistro":"2008-01-01T00:00:00.000-0300","principioAtivo":null,"situacaoApresentacao":"Caduco/Cancelado","dataRegistro":"1998-01-27T00:00:00.000-0300","categoriaRegulatoria":{"codigo":8,"descricao":"Similar"},"medicamentoReferencia":null,"categoriaProduto":null,"tipoAutorizacao":"REGISTRADO","acancelar":false,"mesAnoVencimentoFormatado":"01/2008","numeroRegistroFormatado":"108840354"},"empresa":{"cnpj":"01541283000141","razaoSocial":"INDÚSTRIA QUÍMICA DO ESTADO DE GOIÁS S/A - IQUEGO","numeroAutorizacao":"1008843","cnpjFormatado":"01.541.283/0001-41"},"processo":{"numero":"250000275779750","situacao":29,"numeroProcessoFormatado":"25000.027577/97-50"}},{"ordem":40,"produto":{"codigo":69876,"nome":"IQUEGO ACIDO ACETILSALICILICO","numeroRegistro":"108840363","tipo":{"codigo":1,"descricao":null},"categoria":null,"situacaoRotulo":null,"dataVencimento":null,"mesAnoVencimento":"012014","dataVencimentoRegistro":"2014-01-01T00:00:00.000-0300","principioAtivo":null,"situacaoApresentacao":"Caduco/Cancelado","dataRegistro":"1999-02-10T00:00:00.000-0300","categoriaRegulatoria":{"codigo":8,"descricao":"Similar"},"medicamentoReferencia":null,"categoriaProduto":null,"tipoAutorizacao":"REGISTRADO","acancelar":false,"mesAnoVencimentoFormatado":"01/2014","numeroRegistroFormatado":"108840363"},"empresa":{"cnpj":"01541283000141","razaoSocial":"INDÚSTRIA QUÍMICA DO ESTADO DE GOIÁS S/A - IQUEGO","numeroAutorizacao":"1008843","cnpjFormatado":"01.541.283/0001-41"},"processo":{"numero":"250000085809666","situacao":29,"numeroProcessoFormatado":"25000.008580/96-66"}},{"ordem":41,"produto":{"codigo":70968,"nome":"IQUEGO INDINAVIR","numeroRegistro":"108840369","tipo":{"codigo":1,"descricao":null},"categoria":null,"situacaoRotulo":null,"dataVencimento":null,"mesAnoVencimento":"022005","dataVencimentoRegistro":"2005-02-01T00:00:00.000-0300","principioAtivo":null,"situacaoApresentacao":"Caduco/Cancelado","dataRegistro":"2000-02-07T00:00:00.000-0200","categoriaRegulatoria":{"codigo":8,"descricao":"Similar"},"medicamentoReferencia":null,"categoriaProduto":null,"tipoAutorizacao":"REGISTRADO","acancelar":false,"mesAnoVencimentoFormatado":"02/2005","numeroRegistroFormatado":"108840369"},"empresa":{"cnpj":"01541283000141","razaoSocial":"INDÚSTRIA QUÍMICA DO ESTADO DE GOIÁS S/A - IQUEGO","numeroAutorizacao":"1008843","cnpjFormatado":"01.541.283/0001-41"},"processo":{"numero":"250000410019967","situacao":29,"numeroProcessoFormatado":"25000.041001/99-67"}},{"ordem":42,"produto":{"codigo":70663,"nome":"IQUEGO NELFINAVIR","numeroRegistro":"108840368","tipo":{"codigo":1,"descricao":null},"categoria":null,"situacaoRotulo":null,"dataVencimento":null,"mesAnoVencimento":"122004","dataVencimentoRegistro":"2004-12-01T00:00:00.000-0300","principioAtivo":null,"situacaoApresentacao":"Caduco/Cancelado","dataRegistro":"1999-12-20T00:00:00.000-0200","categoriaRegulatoria":{"codigo":8,"descricao":"Similar"},"medicamentoReferencia":null,"categoriaProduto":null,"tipoAutorizacao":"REGISTRADO","acancelar":false,"mesAnoVencimentoFormatado":"12/2004","numeroRegistroFormatado":"108840368"},"empresa":{"cnpj":"01541283000141","razaoSocial":"INDÚSTRIA QUÍMICA DO ESTADO DE GOIÁS S/A - IQUEGO","numeroAutorizacao":"1008843","cnpjFormatado":"01.541.283/0001-41"},"processo":{"numero":"250000296029857","situacao":29,"numeroProcessoFormatado":"25000.029602/98-57"}},{"ordem":43,"produto":{"codigo":70943,"nome":"IQUEGO SULFAMETOXAZOL + TRIMETOPRIMA","numeroRegistro":"108840292","tipo":{"codigo":1,"descricao":null},"categoria":null,"situacaoRotulo":null,"dataVencimento":null,"mesAnoVencimento":"112016","dataVencimentoRegistro":"2016-11-01T00:00:00.000-0300","principioAtivo":null,"situacaoApresentacao":"Caduco/Cancelado","dataRegistro":"1996-11-26T00:00:00.000-0300","categoriaRegulatoria":{"codigo":8,"descricao":"Similar"},"medicamentoReferencia":null,"categoriaProduto":null,"tipoAutorizacao":"REGISTRADO","acancelar":false,"mesAnoVencimentoFormatado":"11/2016","numeroRegistroFormatado":"108840292"},"empresa":{"cnpj":"01541283000141","razaoSocial":"INDÚSTRIA QUÍMICA DO ESTADO DE GOIÁS S/A - IQUEGO","numeroAutorizacao":"1008843","cnpjFormatado":"01.541.283/0001-41"},"processo":{"numero":"250000105049611","situacao":29,"numeroProcessoFormatado":"25000.010504/96-11"}},{"ordem":44,"produto":{"codigo":70515,"nome":"IQUEGO-  HIDROCLOROTIAZIDA","numeroRegistro":"108840371","tipo":{"codigo":1,"descricao":null},"categoria":null,"situacaoRotulo":null,"dataVencimento":null,"mesAnoVencimento":"112026","dataVencimentoRegistro":"2026-11-01T00:00:00.000-0300","principioAtivo":"HIDROCLOROTIAZIDA","situacaoApresentacao":"Válido","dataRegistro":"2001-11-21T00:00:00.000-0200","categoriaRegulatoria":{"codigo":8,"descricao":"Similar"},"medicamentoReferencia":"CLORANA","categoriaProduto":null,"tipoAutorizacao":"REGISTRADO","acancelar":false,"mesAnoVencimentoFormatado":"11/2026","numeroRegistroFormatado":"108840371"},"empresa":{"cnpj":"01541283000141","razaoSocial":"INDÚSTRIA QUÍMICA DO ESTADO DE GOIÁS S/A - IQUEGO","numeroAutorizacao":"1008843","cnpjFormatado":"01.541.283/0001-41"},"processo":{"numero":"253510313380154","situacao":29,"numeroProcessoFormatado":"25351.031338/01-54"}},{"ordem":45,"produto":{"codigo":70627,"nome":"IQUEGO- ENALAPRIL","numeroRegistro":"108840362","tipo":{"codigo":1,"descricao":null},"categoria":null,"situacaoRotulo":null,"dataVencimento":null,"mesAnoVencimento":"122018","dataVencimentoRegistro":"2018-12-01T00:00:00.000-0300","principioAtivo":null,"situacaoApresentacao":"Caduco/Cancelado","dataRegistro":"1998-12-09T00:00:00.000-0300","categoriaRegulatoria":{"codigo":8,"descricao":"Similar"},"medicamentoReferencia":null,"categoriaProduto":null,"tipoAutorizacao":"REGISTRADO","acancelar":false,"mesAnoVencimentoFormatado":"12/2018","numeroRegistroFormatado":"108840362"},"empresa":{"cnpj":"01541283000141","razaoSocial":"INDÚSTRIA QUÍMICA DO ESTADO DE GOIÁS S/A - IQUEGO","numeroAutorizacao":"1008843","cnpjFormatado":"01.541.283/0001-41"},"processo":{"numero":"250000275769797","situacao":29,"numeroProcessoFormatado":"25000.027576/97-97"}},{"ordem":46,"produto":{"codigo":70386,"nome":"IQUEGO- ERITROMICINA","numeroRegistro":"108840295","tipo":{"codigo":1,"descricao":null},"categoria":null,"situacaoRotulo":null,"dataVencimento":null,"mesAnoVencimento":"122016","dataVencimentoRegistro":"2016-12-01T00:00:00.000-0300","principioAtivo":null,"situacaoApresentacao":"Caduco/Cancelado","dataRegistro":"1996-12-18T00:00:00.000-0300","categoriaRegulatoria":{"codigo":8,"descricao":"Similar"},"medicamentoReferencia":null,"categoriaProduto":null,"tipoAutorizacao":"REGISTRADO","acancelar":false,"mesAnoVencimentoFormatado":"12/2016","numeroRegistroFormatado":"108840295"},"empresa":{"cnpj":"01541283000141","razaoSocial":"INDÚSTRIA QUÍMICA DO ESTADO DE GOIÁS S/A - IQUEGO","numeroAutorizacao":"1008843","cnpjFormatado":"01.541.283/0001-41"},"processo":{"numero":"250000086589651","situacao":29,"numeroProcessoFormatado":"25000.008658/96-51"}},{"ordem":47,"produto":{"codigo":69948,"nome":"IQUEGO-AMOXICILINA","numeroRegistro":"108840370","tipo":{"codigo":1,"descricao":null},"categoria":null,"situacaoRotulo":null,"dataVencimento":null,"mesAnoVencimento":"062025","dataVencimentoRegistro":"2025-06-01T00:00:00.000-0300","principioAtivo":"AMOXICILINA TRI-hIDRATADA, AMOXICILINA TRIHIDRATADA","situacaoApresentacao":"Válido","dataRegistro":"2000-06-07T00:00:00.000-0300","categoriaRegulatoria":{"codigo":8,"descricao":"Similar"},"medicamentoReferencia":"AMOXIL","categoriaProduto":null,"tipoAutorizacao":"REGISTRADO","acancelar":false,"mesAnoVencimentoFormatado":"06/2025","numeroRegistroFormatado":"108840370"},"empresa":{"cnpj":"01541283000141","razaoSocial":"INDÚSTRIA QUÍMICA DO ESTADO DE GOIÁS S/A - IQUEGO","numeroAutorizacao":"1008843","cnpjFormatado":"01.541.283/0001-41"},"processo":{"numero":"250000253659891","situacao":29,"numeroProcessoFormatado":"25000.025365/98-91"}},{"ordem":48,"produto":{"codigo":69984,"nome":"IQUEGO-BENZOATO DE BENZILA","numeroRegistro":"108840364","tipo":{"codigo":1,"descricao":null},"categoria":null,"situacaoRotulo":null,"dataVencimento":null,"mesAnoVencimento":"022019","dataVencimentoRegistro":"2019-02-01T00:00:00.000-0300","principioAtivo":null,"situacaoApresentacao":"Caduco/Cancelado","dataRegistro":"1999-02-10T00:00:00.000-0300","categoriaRegulatoria":{"codigo":8,"descricao":"Similar"},"medicamentoReferencia":null,"categoriaProduto":null,"tipoAutorizacao":"REGISTRADO","acancelar":false,"mesAnoVencimentoFormatado":"02/2019","numeroRegistroFormatado":"108840364"},"empresa":{"cnpj":"01541283000141","razaoSocial":"INDÚSTRIA QUÍMICA DO ESTADO DE GOIÁS S/A - IQUEGO","numeroAutorizacao":"1008843","cnpjFormatado":"01.541.283/0001-41"},"processo":{"numero":"250000267509676","situacao":29,"numeroProcessoFormatado":"25000.026750/96-76"}},{"ordem":49,"produto":{"codigo":69823,"nome":"IQUEGO-CAPTOPRIL","numeroRegistro":"108840294","tipo":{"codigo":1,"descricao":null},"categoria":null,"situacaoRotulo":null,"dataVencimento":null,"mesAnoVencimento":"112026","dataVencimentoRegistro":"2026-11-01T00:00:00.000-0300","principioAtivo":"CAPTOPRIL","situacaoApresentacao":"Válido","dataRegistro":"1996-11-26T00:00:00.000-0300","categoriaRegulatoria":{"codigo":8,"descricao":"Similar"},"medicamentoReferencia":"CAPOTEN","categoriaProduto":null,"tipoAutorizacao":"REGISTRADO","acancelar":false,"mesAnoVencimentoFormatado":"11/2026","numeroRegistroFormatado":"108840294"},"empresa":{"cnpj":"01541283000141","razaoSocial":"INDÚSTRIA QUÍMICA DO ESTADO DE GOIÁS S/A - IQUEGO","numeroAutorizacao":"1008843","cnpjFormatado":"01.541.283/0001-41"},"processo":{"numero":"250000314419691","situacao":29,"numeroProcessoFormatado":"25000.031441/96-91"}},{"ordem":50,"produto":{"codigo":70253,"nome":"IQUEGO-CLOROQUINA","numeroRegistro":"108840331","tipo":{"codigo":1,"descricao":null},"categoria":null,"situacaoRotulo":null,"dataVencimento":null,"mesAnoVencimento":"102017","dataVencimentoRegistro":"2017-10-01T00:00:00.000-0300","principioAtivo":null,"situacaoApresentacao":"Caduco/Cancelado","dataRegistro":"1997-10-22T00:00:00.000-0300","categoriaRegulatoria":{"codigo":8,"descricao":"Similar"},"medicamentoReferencia":null,"categoriaProduto":null,"tipoAutorizacao":"REGISTRADO","acancelar":false,"mesAnoVencimentoFormatado":"10/2017","numeroRegistroFormatado":"108840331"},"empresa":{"cnpj":"01541283000141","razaoSocial":"INDÚSTRIA QUÍMICA DO ESTADO DE GOIÁS S/A - IQUEGO","numeroAutorizacao":"1008843","cnpjFormatado":"01.541.283/0001-41"},"processo":{"numero":"250000104999682","situacao":29,"numeroProcessoFormatado":"25000.010499/96-82"}},{"ordem":51,"produto":{"codigo":70252,"nome":"IQUEGO-CLOROQUINA + PRIMAQUINA","numeroRegistro":"108840359","tipo":{"codigo":1,"descricao":null},"categoria":null,"situacaoRotulo":null,"dataVencimento":null,"mesAnoVencimento":"052008","dataVencimentoRegistro":"2008-05-01T00:00:00.000-0300","principioAtivo":null,"situacaoApresentacao":"Caduco/Cancelado","dataRegistro":"1998-05-29T00:00:00.000-0300","categoriaRegulatoria":{"codigo":8,"descricao":"Similar"},"medicamentoReferencia":null,"categoriaProduto":null,"tipoAutorizacao":"REGISTRADO","acancelar":false,"mesAnoVencimentoFormatado":"05/2008","numeroRegistroFormatado":"108840359"},"empresa":{"cnpj":"01541283000141","razaoSocial":"INDÚSTRIA QUÍMICA DO ESTADO DE GOIÁS S/A - IQUEGO","numeroAutorizacao":"1008843","cnpjFormatado":"01.541.283/0001-41"},"processo":{"numero":"250000267449673","situacao":29,"numeroProcessoFormatado":"25000.026744/96-73"}},{"ordem":52,"produto":{"codigo":70256,"nome":"IQUEGO-CLORPROPAMIDA","numeroRegistro":"108840298","tipo":{"codigo":1,"descricao":null},"categoria":null,"situacaoRotulo":null,"dataVencimento":null,"mesAnoVencimento":"122006","dataVencimentoRegistro":"2006-12-01T00:00:00.000-0300","principioAtivo":null,"situacaoApresentacao":"Caduco/Cancelado","dataRegistro":"1996-12-18T00:00:00.000-0300","categoriaRegulatoria":{"codigo":8,"descricao":"Similar"},"medicamentoReferencia":null,"categoriaProduto":null,"tipoAutorizacao":"REGISTRADO","acancelar":false,"mesAnoVencimentoFormatado":"12/2006","numeroRegistroFormatado":"108840298"},"empresa":{"cnpj":"01541283000141","razaoSocial":"INDÚSTRIA QUÍMICA DO ESTADO DE GOIÁS S/A - IQUEGO","numeroAutorizacao":"1008843","cnpjFormatado":"01.541.283/0001-41"},"processo":{"numero":"250000119179686","situacao":29,"numeroProcessoFormatado":"25000.011917/96-86"}},{"ordem":53,"produto":{"codigo":70329,"nome":"IQUEGO-DIDANOSINA","numeroRegistro":"108840315","tipo":{"codigo":1,"descricao":null},"categoria":null,"situacaoRotulo":null,"dataVencimento":null,"mesAnoVencimento":"062017","dataVencimentoRegistro":"2017-06-01T00:00:00.000-0300","principioAtivo":null,"situacaoApresentacao":"Caduco/Cancelado","dataRegistro":"1997-06-19T00:00:00.000-0300","categoriaRegulatoria":{"codigo":8,"descricao":"Similar"},"medicamentoReferencia":null,"categoriaProduto":null,"tipoAutorizacao":"REGISTRADO","acancelar":false,"mesAnoVencimentoFormatado":"06/2017","numeroRegistroFormatado":"108840315"},"empresa":{"cnpj":"01541283000141","razaoSocial":"INDÚSTRIA QUÍMICA DO ESTADO DE GOIÁS S/A - IQUEGO","numeroAutorizacao":"1008843","cnpjFormatado":"01.541.283/0001-41"},"processo":{"numero":"250000009159770","situacao":29,"numeroProcessoFormatado":"25000.000915/97-70"}},{"ordem":54,"produto":{"codigo":70400,"nome":"IQUEGO-ETIONAMIDA","numeroRegistro":"108840002","tipo":{"codigo":1,"descricao":null},"categoria":null,"situacaoRotulo":null,"dataVencimento":null,"mesAnoVencimento":"082018","dataVencimentoRegistro":"2018-08-01T00:00:00.000-0300","principioAtivo":null,"situacaoApresentacao":"Caduco/Cancelado","dataRegistro":"2001-04-23T00:00:00.000-0300","categoriaRegulatoria":{"codigo":8,"descricao":"Similar"},"medicamentoReferencia":null,"categoriaProduto":null,"tipoAutorizacao":"REGISTRADO","acancelar":false,"mesAnoVencimentoFormatado":"08/2018","numeroRegistroFormatado":"108840002"},"empresa":{"cnpj":"01541283000141","razaoSocial":"INDÚSTRIA QUÍMICA DO ESTADO DE GOIÁS S/A - IQUEGO","numeroAutorizacao":"1008843","cnpjFormatado":"01.541.283/0001-41"},"processo":{"numero":"250000097329214","situacao":29,"numeroProcessoFormatado":"25000.009732/92-14"}},{"ordem":55,"produto":{"codigo":70524,"nome":"IQUEGO-HIDROXIDO DE ALUMINIO","numeroRegistro":"108840338","tipo":{"codigo":1,"descricao":null},"categoria":null,"situacaoRotulo":null,"dataVencimento":null,"mesAnoVencimento":"102007","dataVencimentoRegistro":"2007-10-01T00:00:00.000-0300","principioAtivo":null,"situacaoApresentacao":"Caduco/Cancelado","dataRegistro":"1997-10-22T00:00:00.000-0300","categoriaRegulatoria":{"codigo":8,"descricao":"Similar"},"medicamentoReferencia":null,"categoriaProduto":null,"tipoAutorizacao":"REGISTRADO","acancelar":false,"mesAnoVencimentoFormatado":"10/2007","numeroRegistroFormatado":"108840338"},"empresa":{"cnpj":"01541283000141","razaoSocial":"INDÚSTRIA QUÍMICA DO ESTADO DE GOIÁS S/A - IQUEGO","numeroAutorizacao":"1008843","cnpjFormatado":"01.541.283/0001-41"},"processo":{"numero":"250000268209650","situacao":29,"numeroProcessoFormatado":"25000.026820/96-50"}},{"ordem":56,"produto":{"codigo":70541,"nome":"IQUEGO-HIOSCINA","numeroRegistro":"108840316","tipo":{"codigo":1,"descricao":null},"categoria":null,"situacaoRotulo":null,"dataVencimento":null,"mesAnoVencimento":"072017","dataVencimentoRegistro":"2017-07-01T00:00:00.000-0300","principioAtivo":null,"situacaoApresentacao":"Caduco/Cancelado","dataRegistro":"1997-07-25T00:00:00.000-0300","categoriaRegulatoria":{"codigo":8,"descricao":"Similar"},"medicamentoReferencia":null,"categoriaProduto":null,"tipoAutorizacao":"REGISTRADO","acancelar":false,"mesAnoVencimentoFormatado":"07/2017","numeroRegistroFormatado":"108840316"},"empresa":{"cnpj":"01541283000141","razaoSocial":"INDÚSTRIA QUÍMICA DO ESTADO DE GOIÁS S/A - IQUEGO","numeroAutorizacao":"1008843","cnpjFormatado":"01.541.283/0001-41"},"processo":{"numero":"250000203649507","situacao":29,"numeroProcessoFormatado":"25000.020364/95-07"}},{"ordem":57,"produto":{"codigo":499601,"nome":"IQUEGO-IBUPROFENO","numeroRegistro":"108840373","tipo":{"codigo":1,"descricao":null},"categoria":null,"situacaoRotulo":null,"dataVencimento":null,"mesAnoVencimento":"072027","dataVencimentoRegistro":"2027-07-01T00:00:00.000-0300","principioAtivo":"IBUPROFENO","situacaoApresentacao":"Válido","dataRegistro":"2007-07-30T00:00:00.000-0300","categoriaRegulatoria":{"codigo":8,"descricao":"Similar"},"medicamentoReferencia":null,"categoriaProduto":null,"tipoAutorizacao":"REGISTRADO","acancelar":false,"mesAnoVencimentoFormatado":"07/2027","numeroRegistroFormatado":"108840373"},"empresa":{"cnpj":"01541283000141","razaoSocial":"INDÚSTRIA QUÍMICA DO ESTADO DE GOIÁS S/A - IQUEGO","numeroAutorizacao":"1008843","cnpjFormatado":"01.541.283/0001-41"},"processo":{"numero":"25351238227200671","situacao":29,"numeroProcessoFormatado":"25351.238227/2006-71"}},{"ordem":58,"produto":{"codigo":70578,"nome":"IQUEGO-ISONIAZIDA","numeroRegistro":"108840291","tipo":{"codigo":1,"descricao":null},"categoria":null,"situacaoRotulo":null,"dataVencimento":null,"mesAnoVencimento":"112006","dataVencimentoRegistro":"2006-11-01T00:00:00.000-0300","principioAtivo":null,"situacaoApresentacao":"Caduco/Cancelado","dataRegistro":"1996-11-26T00:00:00.000-0300","categoriaRegulatoria":{"codigo":8,"descricao":"Similar"},"medicamentoReferencia":null,"categoriaProduto":null,"tipoAutorizacao":"REGISTRADO","acancelar":false,"mesAnoVencimentoFormatado":"11/2006","numeroRegistroFormatado":"108840291"},"empresa":{"cnpj":"01541283000141","razaoSocial":"INDÚSTRIA QUÍMICA DO ESTADO DE GOIÁS S/A - IQUEGO","numeroAutorizacao":"1008843","cnpjFormatado":"01.541.283/0001-41"},"processo":{"numero":"250000314459641","situacao":29,"numeroProcessoFormatado":"25000.031445/96-41"}},{"ordem":59,"produto":{"codigo":70585,"nome":"IQUEGO-ISONIAZIDA + RIFAMPICINA","numeroRegistro":"108840299","tipo":{"codigo":1,"descricao":null},"categoria":null,"situacaoRotulo":null,"dataVencimento":null,"mesAnoVencimento":"122006","dataVencimentoRegistro":"2006-12-01T00:00:00.000-0300","principioAtivo":null,"situacaoApresentacao":"Caduco/Cancelado","dataRegistro":"1996-12-30T00:00:00.000-0300","categoriaRegulatoria":{"codigo":8,"descricao":"Similar"},"medicamentoReferencia":null,"categoriaProduto":null,"tipoAutorizacao":"REGISTRADO","acancelar":false,"mesAnoVencimentoFormatado":"12/2006","numeroRegistroFormatado":"108840299"},"empresa":{"cnpj":"01541283000141","razaoSocial":"INDÚSTRIA QUÍMICA DO ESTADO DE GOIÁS S/A - IQUEGO","numeroAutorizacao":"1008843","cnpjFormatado":"01.541.283/0001-41"},"processo":{"numero":"250000341259615","situacao":29,"numeroProcessoFormatado":"25000.034125/96-15"}},{"ordem":60,"produto":{"codigo":70589,"nome":"IQUEGO-LAMIVUDINA","numeroRegistro":"108840357","tipo":{"codigo":1,"descricao":null},"categoria":null,"situacaoRotulo":null,"dataVencimento":null,"mesAnoVencimento":"042028","dataVencimentoRegistro":"2028-04-01T00:00:00.000-0300","principioAtivo":"LAMIVUDINA","situacaoApresentacao":"Válido","dataRegistro":"1998-04-29T00:00:00.000-0300","categoriaRegulatoria":{"codigo":8,"descricao":"Similar"},"medicamentoReferencia":"EPIVIR","categoriaProduto":null,"tipoAutorizacao":"REGISTRADO","acancelar":false,"mesAnoVencimentoFormatado":"04/2028","numeroRegistroFormatado":"108840357"},"empresa":{"cnpj":"01541283000141","razaoSocial":"INDÚSTRIA QUÍMICA DO ESTADO DE GOIÁS S/A - IQUEGO","numeroAutorizacao":"1008843","cnpjFormatado":"01.541.283/0001-41"},"processo":{"numero":"250000346209705","situacao":29,"numeroProcessoFormatado":"25000.034620/97-05"}},{"ordem":61,"produto":{"codigo":70592,"nome":"IQUEGO-LAMIVUDINA + ZIDOVUDINA","numeroRegistro":"108840365","tipo":{"codigo":1,"descricao":null},"categoria":null,"situacaoRotulo":null,"dataVencimento":null,"mesAnoVencimento":"022015 ","dataVencimentoRegistro":"2015-02-01T00:00:00.000-0300","principioAtivo":null,"situacaoApresentacao":"Caduco/Cancelado","dataRegistro":"1999-02-25T00:00:00.000-0300","categoriaRegulatoria":{"codigo":8,"descricao":"Similar"},"medicamentoReferencia":null,"categoriaProduto":null,"tipoAutorizacao":"REGISTRADO","acancelar":false,"mesAnoVencimentoFormatado":"02/2015","numeroRegistroFormatado":"108840365"},"empresa":{"cnpj":"01541283000141","razaoSocial":"INDÚSTRIA QUÍMICA DO ESTADO DE GOIÁS S/A - IQUEGO","numeroAutorizacao":"1008843","cnpjFormatado":"01.541.283/0001-41"},"processo":{"numero":"250000296019894","situacao":29,"numeroProcessoFormatado":"25000.029601/98-94"}},{"ordem":62,"produto":{"codigo":70638,"nome":"IQUEGO-MEBENDAZOL","numeroRegistro":"108840293","tipo":{"codigo":1,"descricao":null},"categoria":null,"situacaoRotulo":null,"dataVencimento":null,"mesAnoVencimento":"112016","dataVencimentoRegistro":"2016-11-01T00:00:00.000-0300","principioAtivo":null,"situacaoApresentacao":"Caduco/Cancelado","dataRegistro":"1996-11-26T00:00:00.000-0300","categoriaRegulatoria":{"codigo":8,"descricao":"Similar"},"medicamentoReferencia":null,"categoriaProduto":null,"tipoAutorizacao":"REGISTRADO","acancelar":false,"mesAnoVencimentoFormatado":"11/2016","numeroRegistroFormatado":"108840293"},"empresa":{"cnpj":"01541283000141","razaoSocial":"INDÚSTRIA QUÍMICA DO ESTADO DE GOIÁS S/A - IQUEGO","numeroAutorizacao":"1008843","cnpjFormatado":"01.541.283/0001-41"},"processo":{"numero":"250000085769699","situacao":29,"numeroProcessoFormatado":"25000.008576/96-99"}},{"ordem":63,"produto":{"codigo":70215,"nome":"IQUEGO-MEFLOQUINA","numeroRegistro":"108840325","tipo":{"codigo":1,"descricao":null},"categoria":null,"situacaoRotulo":null,"dataVencimento":null,"mesAnoVencimento":"092012","dataVencimentoRegistro":"2012-09-01T00:00:00.000-0300","principioAtivo":null,"situacaoApresentacao":"Caduco/Cancelado","dataRegistro":"1997-09-04T00:00:00.000-0300","categoriaRegulatoria":{"codigo":8,"descricao":"Similar"},"medicamentoReferencia":null,"categoriaProduto":null,"tipoAutorizacao":"REGISTRADO","acancelar":false,"mesAnoVencimentoFormatado":"09/2012","numeroRegistroFormatado":"108840325"},"empresa":{"cnpj":"01541283000141","razaoSocial":"INDÚSTRIA QUÍMICA DO ESTADO DE GOIÁS S/A - IQUEGO","numeroAutorizacao":"1008843","cnpjFormatado":"01.541.283/0001-41"},"processo":{"numero":"250000267519639","situacao":29,"numeroProcessoFormatado":"25000.026751/96-39"}},{"ordem":64,"produto":{"codigo":70674,"nome":"IQUEGO-METOTREXATO","numeroRegistro":"108840360","tipo":{"codigo":1,"descricao":null},"categoria":null,"situacaoRotulo":null,"dataVencimento":null,"mesAnoVencimento":"052008","dataVencimentoRegistro":"2008-05-01T00:00:00.000-0300","principioAtivo":null,"situacaoApresentacao":"Caduco/Cancelado","dataRegistro":"1998-05-29T00:00:00.000-0300","categoriaRegulatoria":{"codigo":8,"descricao":"Similar"},"medicamentoReferencia":null,"categoriaProduto":null,"tipoAutorizacao":"REGISTRADO","acancelar":false,"mesAnoVencimentoFormatado":"05/2008","numeroRegistroFormatado":"108840360"},"empresa":{"cnpj":"01541283000141","razaoSocial":"INDÚSTRIA QUÍMICA DO ESTADO DE GOIÁS S/A - IQUEGO","numeroAutorizacao":"1008843","cnpjFormatado":"01.541.283/0001-41"},"processo":{"numero":"250000268239648","situacao":29,"numeroProcessoFormatado":"25000.026823/96-48"}},{"ordem":65,"produto":{"codigo":70737,"nome":"IQUEGO-OFLOXACINO","numeroRegistro":"108840356","tipo":{"codigo":1,"descricao":null},"categoria":null,"situacaoRotulo":null,"dataVencimento":null,"mesAnoVencimento":"042013","dataVencimentoRegistro":"2013-04-01T00:00:00.000-0300","principioAtivo":null,"situacaoApresentacao":"Caduco/Cancelado","dataRegistro":"1998-04-29T00:00:00.000-0300","categoriaRegulatoria":{"codigo":8,"descricao":"Similar"},"medicamentoReferencia":null,"categoriaProduto":null,"tipoAutorizacao":"REGISTRADO","acancelar":false,"mesAnoVencimentoFormatado":"04/2013","numeroRegistroFormatado":"108840356"},"empresa":{"cnpj":"01541283000141","razaoSocial":"INDÚSTRIA QUÍMICA DO ESTADO DE GOIÁS S/A - IQUEGO","numeroAutorizacao":"1008843","cnpjFormatado":"01.541.283/0001-41"},"processo":{"numero":"250000344349712","situacao":29,"numeroProcessoFormatado":"25000.034434/97-12"}},{"ordem":66,"produto":{"codigo":70897,"nome":"IQUEGO-SALBUTAMOL","numeroRegistro":"108840343","tipo":{"codigo":1,"descricao":null},"categoria":null,"situacaoRotulo":null,"dataVencimento":null,"mesAnoVencimento":"102017","dataVencimentoRegistro":"2017-10-01T00:00:00.000-0300","principioAtivo":null,"situacaoApresentacao":"Caduco/Cancelado","dataRegistro":"1997-10-22T00:00:00.000-0300","categoriaRegulatoria":{"codigo":8,"descricao":"Similar"},"medicamentoReferencia":null,"categoriaProduto":null,"tipoAutorizacao":"REGISTRADO","acancelar":false,"mesAnoVencimentoFormatado":"10/2017","numeroRegistroFormatado":"108840343"},"empresa":{"cnpj":"01541283000141","razaoSocial":"INDÚSTRIA QUÍMICA DO ESTADO DE GOIÁS S/A - IQUEGO","numeroAutorizacao":"1008843","cnpjFormatado":"01.541.283/0001-41"},"processo":{"numero":"250000085799687","situacao":29,"numeroProcessoFormatado":"25000.008579/96-87"}},{"ordem":67,"produto":{"codigo":71067,"nome":"IQUEGO-VITAMINAS DO COMPLEXO B","numeroRegistro":"108840358","tipo":{"codigo":1,"descricao":null},"categoria":null,"situacaoRotulo":null,"dataVencimento":null,"mesAnoVencimento":"042008","dataVencimentoRegistro":"2008-04-01T00:00:00.000-0300","principioAtivo":null,"situacaoApresentacao":"Caduco/Cancelado","dataRegistro":"1998-04-29T00:00:00.000-0300","categoriaRegulatoria":{"codigo":8,"descricao":"Similar"},"medicamentoReferencia":null,"categoriaProduto":null,"tipoAutorizacao":"REGISTRADO","acancelar":false,"mesAnoVencimentoFormatado":"04/2008","numeroRegistroFormatado":"108840358"},"empresa":{"cnpj":"01541283000141","razaoSocial":"INDÚSTRIA QUÍMICA DO ESTADO DE GOIÁS S/A - IQUEGO","numeroAutorizacao":"1008843","cnpjFormatado":"01.541.283/0001-41"},"processo":{"numero":"250000268369690","situacao":29,"numeroProcessoFormatado":"25000.026836/96-90"}},{"ordem":68,"produto":{"codigo":71074,"nome":"IQUEGO-ZIDOVUDINA","numeroRegistro":"108840308","tipo":{"codigo":1,"descricao":null},"categoria":null,"situacaoRotulo":null,"dataVencimento":null,"mesAnoVencimento":"032007","dataVencimentoRegistro":"2007-03-01T00:00:00.000-0300","principioAtivo":null,"situacaoApresentacao":"Caduco/Cancelado","dataRegistro":"2001-06-21T00:00:00.000-0300","categoriaRegulatoria":{"codigo":8,"descricao":"Similar"},"medicamentoReferencia":null,"categoriaProduto":null,"tipoAutorizacao":"REGISTRADO","acancelar":false,"mesAnoVencimentoFormatado":"03/2007","numeroRegistroFormatado":"108840308"},"empresa":{"cnpj":"01541283000141","razaoSocial":"INDÚSTRIA QUÍMICA DO ESTADO DE GOIÁS S/A - IQUEGO","numeroAutorizacao":"1008843","cnpjFormatado":"01.541.283/0001-41"},"processo":{"numero":"250000043819426","situacao":29,"numeroProcessoFormatado":"25000.004381/94-26"}},{"ordem":69,"produto":{"codigo":70628,"nome":"MALEATO DE LEVOMEPROMAZINA (PORT 344/98 L C-1)","numeroRegistro":"108840301","tipo":{"codigo":1,"descricao":null},"categoria":null,"situacaoRotulo":null,"dataVencimento":null,"mesAnoVencimento":"022007","dataVencimentoRegistro":"2007-02-01T00:00:00.000-0300","principioAtivo":null,"situacaoApresentacao":"Caduco/Cancelado","dataRegistro":"1997-02-06T00:00:00.000-0300","categoriaRegulatoria":{"codigo":8,"descricao":"Similar"},"medicamentoReferencia":null,"categoriaProduto":null,"tipoAutorizacao":"REGISTRADO","acancelar":false,"mesAnoVencimentoFormatado":"02/2007","numeroRegistroFormatado":"108840301"},"empresa":{"cnpj":"01541283000141","razaoSocial":"INDÚSTRIA QUÍMICA DO ESTADO DE GOIÁS S/A - IQUEGO","numeroAutorizacao":"1008843","cnpjFormatado":"01.541.283/0001-41"},"processo":{"numero":"250000085819629","situacao":29,"numeroProcessoFormatado":"25000.008581/96-29"}},{"ordem":70,"produto":{"codigo":70702,"nome":"MONOSSULFIRAM","numeroRegistro":"108840302","tipo":{"codigo":1,"descricao":null},"categoria":null,"situacaoRotulo":null,"dataVencimento":null,"mesAnoVencimento":"022002","dataVencimentoRegistro":"2002-02-01T00:00:00.000-0200","principioAtivo":null,"situacaoApresentacao":"Caduco/Cancelado","dataRegistro":"1997-02-06T00:00:00.000-0300","categoriaRegulatoria":{"codigo":8,"descricao":"Similar"},"medicamentoReferencia":null,"categoriaProduto":null,"tipoAutorizacao":"REGISTRADO","acancelar":false,"mesAnoVencimentoFormatado":"02/2002","numeroRegistroFormatado":"108840302"},"empresa":{"cnpj":"01541283000141","razaoSocial":"INDÚSTRIA QUÍMICA DO ESTADO DE GOIÁS S/A - IQUEGO","numeroAutorizacao":"1008843","cnpjFormatado":"01.541.283/0001-41"},"processo":{"numero":"250000341319618","situacao":29,"numeroProcessoFormatado":"25000.034131/96-18"}},{"ordem":71,"produto":{"codigo":70709,"nome":"NEOMICINA + BACITRACINA","numeroRegistro":"108840339","tipo":{"codigo":1,"descricao":null},"categoria":null,"situacaoRotulo":null,"dataVencimento":null,"mesAnoVencimento":"102002","dataVencimentoRegistro":"2002-10-01T00:00:00.000-0300","principioAtivo":null,"situacaoApresentacao":"Caduco/Cancelado","dataRegistro":"1997-10-22T00:00:00.000-0300","categoriaRegulatoria":{"codigo":8,"descricao":"Similar"},"medicamentoReferencia":null,"categoriaProduto":null,"tipoAutorizacao":"REGISTRADO","acancelar":false,"mesAnoVencimentoFormatado":"10/2002","numeroRegistroFormatado":"108840339"},"empresa":{"cnpj":"01541283000141","razaoSocial":"INDÚSTRIA QUÍMICA DO ESTADO DE GOIÁS S/A - IQUEGO","numeroAutorizacao":"1008843","cnpjFormatado":"01.541.283/0001-41"},"processo":{"numero":"250000267459636","situacao":29,"numeroProcessoFormatado":"25000.026745/96-36"}},{"ordem":72,"produto":{"codigo":70719,"nome":"NIFEDIPINO","numeroRegistro":"108840314","tipo":{"codigo":1,"descricao":null},"categoria":null,"situacaoRotulo":null,"dataVencimento":null,"mesAnoVencimento":"052012","dataVencimentoRegistro":"2012-05-01T00:00:00.000-0300","principioAtivo":null,"situacaoApresentacao":"Caduco/Cancelado","dataRegistro":"1997-05-14T00:00:00.000-0300","categoriaRegulatoria":{"codigo":8,"descricao":"Similar"},"medicamentoReferencia":null,"categoriaProduto":null,"tipoAutorizacao":"REGISTRADO","acancelar":false,"mesAnoVencimentoFormatado":"05/2012","numeroRegistroFormatado":"108840314"},"empresa":{"cnpj":"01541283000141","razaoSocial":"INDÚSTRIA QUÍMICA DO ESTADO DE GOIÁS S/A - IQUEGO","numeroAutorizacao":"1008843","cnpjFormatado":"01.541.283/0001-41"},"processo":{"numero":"250000314429653","situacao":29,"numeroProcessoFormatado":"25000.031442/96-53"}},{"ordem":73,"produto":{"codigo":70767,"nome":"PALMITATO DE CLORANFENICOL","numeroRegistro":"108840335","tipo":{"codigo":1,"descricao":null},"categoria":null,"situacaoRotulo":null,"dataVencimento":null,"mesAnoVencimento":"102002","dataVencimentoRegistro":"2002-10-01T00:00:00.000-0300","principioAtivo":null,"situacaoApresentacao":"Caduco/Cancelado","dataRegistro":"1997-10-22T00:00:00.000-0300","categoriaRegulatoria":{"codigo":8,"descricao":"Similar"},"medicamentoReferencia":null,"categoriaProduto":null,"tipoAutorizacao":"REGISTRADO","acancelar":false,"mesAnoVencimentoFormatado":"10/2002","numeroRegistroFormatado":"108840335"},"empresa":{"cnpj":"01541283000141","razaoSocial":"INDÚSTRIA QUÍMICA DO ESTADO DE GOIÁS S/A - IQUEGO","numeroAutorizacao":"1008843","cnpjFormatado":"01.541.283/0001-41"},"processo":{"numero":"250000086629629","situacao":29,"numeroProcessoFormatado":"25000.008662/96-29"}},{"ordem":74,"produto":{"codigo":70817,"nome":"PIRAZINAMIDA","numeroRegistro":"108840300","tipo":{"codigo":1,"descricao":null},"categoria":null,"situacaoRotulo":null,"dataVencimento":null,"mesAnoVencimento":"022017","dataVencimentoRegistro":"2017-02-01T00:00:00.000-0300","principioAtivo":null,"situacaoApresentacao":"Caduco/Cancelado","dataRegistro":"1997-02-06T00:00:00.000-0300","categoriaRegulatoria":{"codigo":8,"descricao":"Similar"},"medicamentoReferencia":null,"categoriaProduto":null,"tipoAutorizacao":"REGISTRADO","acancelar":false,"mesAnoVencimentoFormatado":"02/2017","numeroRegistroFormatado":"108840300"},"empresa":{"cnpj":"01541283000141","razaoSocial":"INDÚSTRIA QUÍMICA DO ESTADO DE GOIÁS S/A - IQUEGO","numeroAutorizacao":"1008843","cnpjFormatado":"01.541.283/0001-41"},"processo":{"numero":"250000314439616","situacao":29,"numeroProcessoFormatado":"25000.031443/96-16"}},{"ordem":75,"produto":{"codigo":70823,"nome":"PIRIMETAMINA + SULFADOXINA","numeroRegistro":"108840340","tipo":{"codigo":1,"descricao":null},"categoria":null,"situacaoRotulo":null,"dataVencimento":null,"mesAnoVencimento":"102002","dataVencimentoRegistro":"2002-10-01T00:00:00.000-0300","principioAtivo":null,"situacaoApresentacao":"Caduco/Cancelado","dataRegistro":"1997-10-22T00:00:00.000-0300","categoriaRegulatoria":{"codigo":8,"descricao":"Similar"},"medicamentoReferencia":null,"categoriaProduto":null,"tipoAutorizacao":"REGISTRADO","acancelar":false,"mesAnoVencimentoFormatado":"10/2002","numeroRegistroFormatado":"108840340"},"empresa":{"cnpj":"01541283000141","razaoSocial":"INDÚSTRIA QUÍMICA DO ESTADO DE GOIÁS S/A - IQUEGO","numeroAutorizacao":"1008843","cnpjFormatado":"01.541.283/0001-41"},"processo":{"numero":"250000267569652","situacao":29,"numeroProcessoFormatado":"25000.026756/96-52"}},{"ordem":76,"produto":{"codigo":70827,"nome":"POLIVIDONA","numeroRegistro":"108840350","tipo":{"codigo":1,"descricao":null},"categoria":null,"situacaoRotulo":null,"dataVencimento":null,"mesAnoVencimento":"112002","dataVencimentoRegistro":"2002-11-01T00:00:00.000-0300","principioAtivo":null,"situacaoApresentacao":"Caduco/Cancelado","dataRegistro":"1997-11-20T00:00:00.000-0300","categoriaRegulatoria":{"codigo":8,"descricao":"Similar"},"medicamentoReferencia":null,"categoriaProduto":null,"tipoAutorizacao":"REGISTRADO","acancelar":false,"mesAnoVencimentoFormatado":"11/2002","numeroRegistroFormatado":"108840350"},"empresa":{"cnpj":"01541283000141","razaoSocial":"INDÚSTRIA QUÍMICA DO ESTADO DE GOIÁS S/A - IQUEGO","numeroAutorizacao":"1008843","cnpjFormatado":"01.541.283/0001-41"},"processo":{"numero":"250000086649654","situacao":29,"numeroProcessoFormatado":"25000.008664/96-54"}},{"ordem":77,"produto":{"codigo":70854,"nome":"PRIMAQUINA FOSFATO","numeroRegistro":"108840344","tipo":{"codigo":1,"descricao":null},"categoria":null,"situacaoRotulo":null,"dataVencimento":null,"mesAnoVencimento":"102002","dataVencimentoRegistro":"2002-10-01T00:00:00.000-0300","principioAtivo":null,"situacaoApresentacao":"Caduco/Cancelado","dataRegistro":"1997-10-22T00:00:00.000-0300","categoriaRegulatoria":{"codigo":8,"descricao":"Similar"},"medicamentoReferencia":null,"categoriaProduto":null,"tipoAutorizacao":"REGISTRADO","acancelar":false,"mesAnoVencimentoFormatado":"10/2002","numeroRegistroFormatado":"108840344"},"empresa":{"cnpj":"01541283000141","razaoSocial":"INDÚSTRIA QUÍMICA DO ESTADO DE GOIÁS S/A - IQUEGO","numeroAutorizacao":"1008843","cnpjFormatado":"01.541.283/0001-41"},"processo":{"numero":"250000105009660","situacao":29,"numeroProcessoFormatado":"25000.010500/96-60"}},{"ordem":78,"produto":{"codigo":70874,"nome":"RIFAMPICINA","numeroRegistro":"108840306","tipo":{"codigo":1,"descricao":null},"categoria":null,"situacaoRotulo":null,"dataVencimento":null,"mesAnoVencimento":"022002","dataVencimentoRegistro":"2002-02-01T00:00:00.000-0200","principioAtivo":null,"situacaoApresentacao":"Caduco/Cancelado","dataRegistro":"1997-02-06T00:00:00.000-0300","categoriaRegulatoria":{"codigo":8,"descricao":"Similar"},"medicamentoReferencia":null,"categoriaProduto":null,"tipoAutorizacao":"REGISTRADO","acancelar":false,"mesAnoVencimentoFormatado":"02/2002","numeroRegistroFormatado":"108840306"},"empresa":{"cnpj":"01541283000141","razaoSocial":"INDÚSTRIA QUÍMICA DO ESTADO DE GOIÁS S/A - IQUEGO","numeroAutorizacao":"1008843","cnpjFormatado":"01.541.283/0001-41"},"processo":{"numero":"250000341279632","situacao":29,"numeroProcessoFormatado":"25000.034127/96-32"}},{"ordem":79,"produto":{"codigo":70900,"nome":"SAQUINAVIR (PORT. 344/98 LT C4)","numeroRegistro":"108840348","tipo":{"codigo":1,"descricao":null},"categoria":null,"situacaoRotulo":null,"dataVencimento":null,"mesAnoVencimento":"112002","dataVencimentoRegistro":"2002-11-01T00:00:00.000-0300","principioAtivo":null,"situacaoApresentacao":"Caduco/Cancelado","dataRegistro":"1997-11-20T00:00:00.000-0300","categoriaRegulatoria":{"codigo":8,"descricao":"Similar"},"medicamentoReferencia":null,"categoriaProduto":null,"tipoAutorizacao":"REGISTRADO","acancelar":false,"mesAnoVencimentoFormatado":"11/2002","numeroRegistroFormatado":"108840348"},"empresa":{"cnpj":"01541283000141","razaoSocial":"INDÚSTRIA QUÍMICA DO ESTADO DE GOIÁS S/A - IQUEGO","numeroAutorizacao":"1008843","cnpjFormatado":"01.541.283/0001-41"},"processo":{"numero":"250000259529736","situacao":29,"numeroProcessoFormatado":"25000.025952/97-36"}},{"ordem":80,"produto":{"codigo":70998,"nome":"TEOFILINA","numeroRegistro":"108840345","tipo":{"codigo":1,"descricao":null},"categoria":null,"situacaoRotulo":null,"dataVencimento":null,"mesAnoVencimento":"102002","dataVencimentoRegistro":"2002-10-01T00:00:00.000-0300","principioAtivo":null,"situacaoApresentacao":"Caduco/Cancelado","dataRegistro":"1997-10-22T00:00:00.000-0300","categoriaRegulatoria":{"codigo":8,"descricao":"Similar"},"medicamentoReferencia":null,"categoriaProduto":null,"tipoAutorizacao":"REGISTRADO","acancelar":false,"mesAnoVencimentoFormatado":"10/2002","numeroRegistroFormatado":"108840345"},"empresa":{"cnpj":"01541283000141","razaoSocial":"INDÚSTRIA QUÍMICA DO ESTADO DE GOIÁS S/A - IQUEGO","numeroAutorizacao":"1008843","cnpjFormatado":"01.541.283/0001-41"},"processo":{"numero":"250000267469607","situacao":29,"numeroProcessoFormatado":"25000.026746/96-07"}},{"ordem":81,"produto":{"codigo":71002,"nome":"TETRACICLINA","numeroRegistro":"108840329","tipo":{"codigo":1,"descricao":null},"categoria":null,"situacaoRotulo":null,"dataVencimento":null,"mesAnoVencimento":"102002","dataVencimentoRegistro":"2002-10-01T00:00:00.000-0300","principioAtivo":null,"situacaoApresentacao":"Caduco/Cancelado","dataRegistro":"1997-10-06T00:00:00.000-0300","categoriaRegulatoria":{"codigo":8,"descricao":"Similar"},"medicamentoReferencia":null,"categoriaProduto":null,"tipoAutorizacao":"REGISTRADO","acancelar":false,"mesAnoVencimentoFormatado":"10/2002","numeroRegistroFormatado":"108840329"},"empresa":{"cnpj":"01541283000141","razaoSocial":"INDÚSTRIA QUÍMICA DO ESTADO DE GOIÁS S/A - IQUEGO","numeroAutorizacao":"1008843","cnpjFormatado":"01.541.283/0001-41"},"processo":{"numero":"250000086609601","situacao":29,"numeroProcessoFormatado":"25000.008660/96-01"}},{"ordem":82,"produto":{"codigo":71007,"nome":"TIABENDAZOL","numeroRegistro":"108840346","tipo":{"codigo":1,"descricao":null},"categoria":null,"situacaoRotulo":null,"dataVencimento":null,"mesAnoVencimento":"102002","dataVencimentoRegistro":"2002-10-01T00:00:00.000-0300","principioAtivo":null,"situacaoApresentacao":"Caduco/Cancelado","dataRegistro":"1997-10-22T00:00:00.000-0300","categoriaRegulatoria":{"codigo":8,"descricao":"Similar"},"medicamentoReferencia":null,"categoriaProduto":null,"tipoAutorizacao":"REGISTRADO","acancelar":false,"mesAnoVencimentoFormatado":"10/2002","numeroRegistroFormatado":"108840346"},"empresa":{"cnpj":"01541283000141","razaoSocial":"INDÚSTRIA QUÍMICA DO ESTADO DE GOIÁS S/A - IQUEGO","numeroAutorizacao":"1008843","cnpjFormatado":"01.541.283/0001-41"},"processo":{"numero":"250000105069646","situacao":29,"numeroProcessoFormatado":"25000.010506/96-46"}},{"ordem":83,"produto":{"codigo":71051,"nome":"VITAMINA A","numeroRegistro":"108840332","tipo":{"codigo":1,"descricao":null},"categoria":null,"situacaoRotulo":null,"dataVencimento":null,"mesAnoVencimento":"102002","dataVencimentoRegistro":"2002-10-01T00:00:00.000-0300","principioAtivo":null,"situacaoApresentacao":"Caduco/Cancelado","dataRegistro":"1997-10-22T00:00:00.000-0300","categoriaRegulatoria":{"codigo":8,"descricao":"Similar"},"medicamentoReferencia":null,"categoriaProduto":null,"tipoAutorizacao":"REGISTRADO","acancelar":false,"mesAnoVencimentoFormatado":"10/2002","numeroRegistroFormatado":"108840332"},"empresa":{"cnpj":"01541283000141","razaoSocial":"INDÚSTRIA QUÍMICA DO ESTADO DE GOIÁS S/A - IQUEGO","numeroAutorizacao":"1008843","cnpjFormatado":"01.541.283/0001-41"},"processo":{"numero":"250000268279607","situacao":29,"numeroProcessoFormatado":"25000.026827/96-07"}}],"totalElements":83,"totalPages":1,"last":true,"numberOfElements":83,"first":true,"sort":null,"size":1000,"number":0}