{"content":[{"ordem":1,"produto":{"codigo":69912,"nome":"AGUA PARA INJECAO","numeroRegistro":"117720006","tipo":{"codigo":1,"descricao":null},"categoria":null,"situacaoRotulo":null,"dataVencimento":null,"mesAnoVencimento":"042004","dataVencimentoRegistro":"2004-04-01T00:00:00.000-0300","principioAtivo":null,"situacaoApresentacao":"Caduco/Cancelado","dataRegistro":"1999-04-16T00:00:00.000-0300","categoriaRegulatoria":{"codigo":8,"descricao":"Similar"},"medicamentoReferencia":null,"categoriaProduto":null,"tipoAutorizacao":"REGISTRADO","acancelar":false,"mesAnoVencimentoFormatado":"04/2004","numeroRegistroFormatado":"117720006"},"empresa":{"cnpj":"01784792000103","razaoSocial":"EQUIPLEX INDÚSTRIA FARMACÊUTICA LTDA","numeroAutorizacao":"1017722","cnpjFormatado":"01.784.792/0001-03"},"processo":{"numero":"250000112439321","situacao":29,"numeroProcessoFormatado":"25000.011243/93-21"}},{"ordem":2,"produto":{"codigo":397564,"nome":"AGUA PARA INJEÇÃO","numeroRegistro":"117720024","tipo":{"codigo":1,"descricao":null},"categoria":null,"situacaoRotulo":null,"dataVencimento":null,"mesAnoVencimento":"022025","dataVencimentoRegistro":"2025-02-01T00:00:00.000-0300","principioAtivo":"ÁGUA ESTÉRIL PARA INJEÇÃO, ÁGUA PARA INJEÇÃO","situacaoApresentacao":"Válido","dataRegistro":"2005-01-31T00:00:00.000-0300","categoriaRegulatoria":{"codigo":3,"descricao":"Específico"},"medicamentoReferencia":null,"categoriaProduto":null,"tipoAutorizacao":"REGISTRADO","acancelar":false,"mesAnoVencimentoFormatado":"02/2025","numeroRegistroFormatado":"117720024"},"empresa":{"cnpj":"01784792000103","razaoSocial":"EQUIPLEX INDÚSTRIA FARMACÊUTICA LTDA","numeroAutorizacao":"1017722","cnpjFormatado":"01.784.792/0001-03"},"processo":{"numero":"25351281920200400","situacao":29,"numeroProcessoFormatado":"25351.281920/2004-00"}},{"ordem":3,"produto":{"codigo":70006,"nome":"BICARBONATO DE SODIO","numeroRegistro":"117720009","tipo":{"codigo":1,"descricao":null},"categoria":null,"situacaoRotulo":null,"dataVencimento":null,"mesAnoVencimento":"052009","dataVencimentoRegistro":"2009-05-01T00:00:00.000-0300","principioAtivo":null,"situacaoApresentacao":"Caduco/Cancelado","dataRegistro":"1999-05-24T00:00:00.000-0300","categoriaRegulatoria":{"codigo":8,"descricao":"Similar"},"medicamentoReferencia":null,"categoriaProduto":null,"tipoAutorizacao":"REGISTRADO","acancelar":false,"mesAnoVencimentoFormatado":"05/2009","numeroRegistroFormatado":"117720009"},"empresa":{"cnpj":"01784792000103","razaoSocial":"EQUIPLEX INDÚSTRIA FARMACÊUTICA LTDA","numeroAutorizacao":"1017722","cnpjFormatado":"01.784.792/0001-03"},"processo":{"numero":"250000112429369","situacao":29,"numeroProcessoFormatado":"25000.011242/93-69"}},{"ordem":4,"produto":{"codigo":70356,"nome":"DIPIROPLEX","numeroRegistro":"117720019","tipo":{"codigo":1,"descricao":null},"categoria":null,"situacaoRotulo":null,"dataVencimento":null,"mesAnoVencimento":"042005","dataVencimentoRegistro":"2005-04-01T00:00:00.000-0300","principioAtivo":null,"situacaoApresentacao":"Caduco/Cancelado","dataRegistro":"2000-04-06T00:00:00.000-0300","categoriaRegulatoria":{"codigo":8,"descricao":"Similar"},"medicamentoReferencia":null,"categoriaProduto":null,"tipoAutorizacao":"REGISTRADO","acancelar":false,"mesAnoVencimentoFormatado":"04/2005","numeroRegistroFormatado":"117720019"},"empresa":{"cnpj":"01784792000103","razaoSocial":"EQUIPLEX INDÚSTRIA FARMACÊUTICA LTDA","numeroAutorizacao":"1017722","cnpjFormatado":"01.784.792/0001-03"},"processo":{"numero":"250000218879996","situacao":29,"numeroProcessoFormatado":"25000.021887/99-96"}},{"ordem":5,"produto":{"codigo":70311,"nome":"DISSOPLEX","numeroRegistro":"117720015","tipo":{"codigo":1,"descricao":null},"categoria":null,"situacaoRotulo":null,"dataVencimento":null,"mesAnoVencimento":"022005","dataVencimentoRegistro":"2005-02-01T00:00:00.000-0300","principioAtivo":null,"situacaoApresentacao":"Caduco/Cancelado","dataRegistro":"2000-02-24T00:00:00.000-0200","categoriaRegulatoria":{"codigo":8,"descricao":"Similar"},"medicamentoReferencia":null,"categoriaProduto":null,"tipoAutorizacao":"REGISTRADO","acancelar":false,"mesAnoVencimentoFormatado":"02/2005","numeroRegistroFormatado":"117720015"},"empresa":{"cnpj":"01784792000103","razaoSocial":"EQUIPLEX INDÚSTRIA FARMACÊUTICA LTDA","numeroAutorizacao":"1017722","cnpjFormatado":"01.784.792/0001-03"},"processo":{"numero":"250000218739981","situacao":29,"numeroProcessoFormatado":"25000.021873/99-81"}},{"ordem":6,"produto":{"codigo":70290,"nome":"EQUIPLEX  DEXAMETASONA","numeroRegistro":"117720016","tipo":{"codigo":1,"descricao":null},"categoria":null,"situacaoRotulo":null,"dataVencimento":null,"mesAnoVencimento":"032005","dataVencimentoRegistro":"2005-03-01T00:00:00.000-0300","principioAtivo":null,"situacaoApresentacao":"Caduco/Cancelado","dataRegistro":"2000-03-21T00:00:00.000-0300","categoriaRegulatoria":{"codigo":8,"descricao":"Similar"},"medicamentoReferencia":null,"categoriaProduto":null,"tipoAutorizacao":"REGISTRADO","acancelar":false,"mesAnoVencimentoFormatado":"03/2005","numeroRegistroFormatado":"117720016"},"empresa":{"cnpj":"01784792000103","razaoSocial":"EQUIPLEX INDÚSTRIA FARMACÊUTICA LTDA","numeroAutorizacao":"1017722","cnpjFormatado":"01.784.792/0001-03"},"processo":{"numero":"250000218759915","situacao":29,"numeroProcessoFormatado":"25000.021875/99-15"}},{"ordem":7,"produto":{"codigo":69942,"nome":"EQUIPLEX - AMINOFILINA","numeroRegistro":"117720011","tipo":{"codigo":1,"descricao":null},"categoria":null,"situacaoRotulo":null,"dataVencimento":null,"mesAnoVencimento":"012005","dataVencimentoRegistro":"2005-01-01T00:00:00.000-0300","principioAtivo":null,"situacaoApresentacao":"Caduco/Cancelado","dataRegistro":"2000-02-01T00:00:00.000-0200","categoriaRegulatoria":{"codigo":8,"descricao":"Similar"},"medicamentoReferencia":null,"categoriaProduto":null,"tipoAutorizacao":"REGISTRADO","acancelar":false,"mesAnoVencimentoFormatado":"01/2005","numeroRegistroFormatado":"117720011"},"empresa":{"cnpj":"01784792000103","razaoSocial":"EQUIPLEX INDÚSTRIA FARMACÊUTICA LTDA","numeroAutorizacao":"1017722","cnpjFormatado":"01.784.792/0001-03"},"processo":{"numero":"250000218649991","situacao":29,"numeroProcessoFormatado":"25000.021864/99-91"}},{"ordem":8,"produto":{"codigo":70690,"nome":"EQUIPLEX - METRONIDAZOL","numeroRegistro":"117720014","tipo":{"codigo":1,"descricao":null},"categoria":null,"situacaoRotulo":null,"dataVencimento":null,"mesAnoVencimento":"022005","dataVencimentoRegistro":"2005-02-01T00:00:00.000-0300","principioAtivo":null,"situacaoApresentacao":"Caduco/Cancelado","dataRegistro":"2000-02-03T00:00:00.000-0200","categoriaRegulatoria":{"codigo":8,"descricao":"Similar"},"medicamentoReferencia":null,"categoriaProduto":null,"tipoAutorizacao":"REGISTRADO","acancelar":false,"mesAnoVencimentoFormatado":"02/2005","numeroRegistroFormatado":"117720014"},"empresa":{"cnpj":"01784792000103","razaoSocial":"EQUIPLEX INDÚSTRIA FARMACÊUTICA LTDA","numeroAutorizacao":"1017722","cnpjFormatado":"01.784.792/0001-03"},"processo":{"numero":"250000218909909","situacao":29,"numeroProcessoFormatado":"25000.021890/99-09"}},{"ordem":9,"produto":{"codigo":70109,"nome":"EQUIPLEX CIMETIDINA","numeroRegistro":"117720012","tipo":{"codigo":1,"descricao":null},"categoria":null,"situacaoRotulo":null,"dataVencimento":null,"mesAnoVencimento":"022005","dataVencimentoRegistro":"2005-02-01T00:00:00.000-0300","principioAtivo":null,"situacaoApresentacao":"Caduco/Cancelado","dataRegistro":"2000-01-28T00:00:00.000-0200","categoriaRegulatoria":{"codigo":8,"descricao":"Similar"},"medicamentoReferencia":null,"categoriaProduto":null,"tipoAutorizacao":"REGISTRADO","acancelar":false,"mesAnoVencimentoFormatado":"02/2005","numeroRegistroFormatado":"117720012"},"empresa":{"cnpj":"01784792000103","razaoSocial":"EQUIPLEX INDÚSTRIA FARMACÊUTICA LTDA","numeroAutorizacao":"1017722","cnpjFormatado":"01.784.792/0001-03"},"processo":{"numero":"250000218949951","situacao":29,"numeroProcessoFormatado":"25000.021894/99-51"}},{"ordem":10,"produto":{"codigo":70309,"nome":"FENADICOL","numeroRegistro":"117720013","tipo":{"codigo":1,"descricao":null},"categoria":null,"situacaoRotulo":null,"dataVencimento":null,"mesAnoVencimento":"022005","dataVencimentoRegistro":"2005-02-01T00:00:00.000-0300","principioAtivo":null,"situacaoApresentacao":"Caduco/Cancelado","dataRegistro":"2000-01-28T00:00:00.000-0200","categoriaRegulatoria":{"codigo":8,"descricao":"Similar"},"medicamentoReferencia":null,"categoriaProduto":null,"tipoAutorizacao":"REGISTRADO","acancelar":false,"mesAnoVencimentoFormatado":"02/2005","numeroRegistroFormatado":"117720013"},"empresa":{"cnpj":"01784792000103","razaoSocial":"EQUIPLEX INDÚSTRIA FARMACÊUTICA LTDA","numeroAutorizacao":"1017722","cnpjFormatado":"01.784.792/0001-03"},"processo":{"numero":"250000219069939","situacao":29,"numeroProcessoFormatado":"25000.021906/99-39"}},{"ordem":11,"produto":{"codigo":70704,"nome":"HIOPLEX COMPOSTO","numeroRegistro":"117720017","tipo":{"codigo":1,"descricao":null},"categoria":null,"situacaoRotulo":null,"dataVencimento":null,"mesAnoVencimento":"042009","dataVencimentoRegistro":"2009-04-01T00:00:00.000-0300","principioAtivo":null,"situacaoApresentacao":"Caduco/Cancelado","dataRegistro":"2000-04-06T00:00:00.000-0300","categoriaRegulatoria":{"codigo":8,"descricao":"Similar"},"medicamentoReferencia":null,"categoriaProduto":null,"tipoAutorizacao":"REGISTRADO","acancelar":false,"mesAnoVencimentoFormatado":"04/2009","numeroRegistroFormatado":"117720017"},"empresa":{"cnpj":"01784792000103","razaoSocial":"EQUIPLEX INDÚSTRIA FARMACÊUTICA LTDA","numeroAutorizacao":"1017722","cnpjFormatado":"01.784.792/0001-03"},"processo":{"numero":"250000218659953","situacao":29,"numeroProcessoFormatado":"25000.021865/99-53"}},{"ordem":12,"produto":{"codigo":69841,"nome":"HIOPLEX COMPOSTO","numeroRegistro":"117720018","tipo":{"codigo":1,"descricao":null},"categoria":null,"situacaoRotulo":null,"dataVencimento":null,"mesAnoVencimento":"042005 ","dataVencimentoRegistro":"2005-04-01T00:00:00.000-0300","principioAtivo":null,"situacaoApresentacao":"Caduco/Cancelado","dataRegistro":"2000-04-06T00:00:00.000-0300","categoriaRegulatoria":{"codigo":8,"descricao":"Similar"},"medicamentoReferencia":null,"categoriaProduto":null,"tipoAutorizacao":"REGISTRADO","acancelar":false,"mesAnoVencimentoFormatado":"04/2005","numeroRegistroFormatado":"117720018"},"empresa":{"cnpj":"01784792000103","razaoSocial":"EQUIPLEX INDÚSTRIA FARMACÊUTICA LTDA","numeroAutorizacao":"1017722","cnpjFormatado":"01.784.792/0001-03"},"processo":{"numero":"250000218899911","situacao":29,"numeroProcessoFormatado":"25000.021889/99-11"}},{"ordem":13,"produto":{"codigo":70019,"nome":"HIOPLEX SIMPLES","numeroRegistro":"117720021","tipo":{"codigo":1,"descricao":null},"categoria":null,"situacaoRotulo":null,"dataVencimento":null,"mesAnoVencimento":"072010","dataVencimentoRegistro":"2010-07-01T00:00:00.000-0300","principioAtivo":null,"situacaoApresentacao":"Caduco/Cancelado","dataRegistro":"2000-07-19T00:00:00.000-0300","categoriaRegulatoria":{"codigo":8,"descricao":"Similar"},"medicamentoReferencia":null,"categoriaProduto":null,"tipoAutorizacao":"REGISTRADO","acancelar":false,"mesAnoVencimentoFormatado":"07/2010","numeroRegistroFormatado":"117720021"},"empresa":{"cnpj":"01784792000103","razaoSocial":"EQUIPLEX INDÚSTRIA FARMACÊUTICA LTDA","numeroAutorizacao":"1017722","cnpjFormatado":"01.784.792/0001-03"},"processo":{"numero":"250000219199981","situacao":29,"numeroProcessoFormatado":"25000.021919/99-81"}},{"ordem":14,"produto":{"codigo":70673,"nome":"METOCLOPRAMIDA MONOCLORIDRATO","numeroRegistro":"117720020","tipo":{"codigo":1,"descricao":null},"categoria":null,"situacaoRotulo":null,"dataVencimento":null,"mesAnoVencimento":"072005","dataVencimentoRegistro":"2005-07-01T00:00:00.000-0300","principioAtivo":null,"situacaoApresentacao":"Caduco/Cancelado","dataRegistro":"2000-07-19T00:00:00.000-0300","categoriaRegulatoria":{"codigo":8,"descricao":"Similar"},"medicamentoReferencia":null,"categoriaProduto":null,"tipoAutorizacao":"REGISTRADO","acancelar":false,"mesAnoVencimentoFormatado":"07/2005","numeroRegistroFormatado":"117720020"},"empresa":{"cnpj":"01784792000103","razaoSocial":"EQUIPLEX INDÚSTRIA FARMACÊUTICA LTDA","numeroAutorizacao":"1017722","cnpjFormatado":"01.784.792/0001-03"},"processo":{"numero":"250000218889959","situacao":29,"numeroProcessoFormatado":"25000.021888/99-59"}},{"ordem":15,"produto":{"codigo":274397,"nome":"METRONIDAZOL","numeroRegistro":"117720022","tipo":{"codigo":1,"descricao":null},"categoria":null,"situacaoRotulo":null,"dataVencimento":null,"mesAnoVencimento":"022025 ","dataVencimentoRegistro":"2025-02-01T00:00:00.000-0300","principioAtivo":null,"situacaoApresentacao":"Caduco/Cancelado","dataRegistro":"2003-07-30T00:00:00.000-0300","categoriaRegulatoria":{"codigo":5,"descricao":"Genérico"},"medicamentoReferencia":"FLAGYL","categoriaProduto":null,"tipoAutorizacao":"REGISTRADO","acancelar":false,"mesAnoVencimentoFormatado":"02/2025","numeroRegistroFormatado":"117720022"},"empresa":{"cnpj":"01784792000103","razaoSocial":"EQUIPLEX INDÚSTRIA FARMACÊUTICA LTDA","numeroAutorizacao":"1017722","cnpjFormatado":"01.784.792/0001-03"},"processo":{"numero":"25351199439200200","situacao":20,"numeroProcessoFormatado":"25351.199439/2002-00"}},{"ordem":16,"produto":{"codigo":70913,"nome":"SOLUCAO DE GLICERINA","numeroRegistro":"117720010","tipo":{"codigo":1,"descricao":null},"categoria":null,"situacaoRotulo":null,"dataVencimento":null,"mesAnoVencimento":"052029","dataVencimentoRegistro":"2029-05-01T00:00:00.000-0300","principioAtivo":"GLICERINA","situacaoApresentacao":"Válido","dataRegistro":"1999-05-24T00:00:00.000-0300","categoriaRegulatoria":{"codigo":3,"descricao":"Específico"},"medicamentoReferencia":null,"categoriaProduto":null,"tipoAutorizacao":"REGISTRADO","acancelar":false,"mesAnoVencimentoFormatado":"05/2029","numeroRegistroFormatado":"117720010"},"empresa":{"cnpj":"01784792000103","razaoSocial":"EQUIPLEX INDÚSTRIA FARMACÊUTICA LTDA","numeroAutorizacao":"1017722","cnpjFormatado":"01.784.792/0001-03"},"processo":{"numero":"250000147499428","situacao":29,"numeroProcessoFormatado":"25000.014749/94-28"}},{"ordem":17,"produto":{"codigo":70914,"nome":"SOLUCAO DE GLICOSE","numeroRegistro":"117720004","tipo":{"codigo":1,"descricao":null},"categoria":null,"situacaoRotulo":null,"dataVencimento":null,"mesAnoVencimento":"092027","dataVencimentoRegistro":"2027-09-01T00:00:00.000-0300","principioAtivo":"GLICOSE","situacaoApresentacao":"Válido","dataRegistro":"1999-08-27T00:00:00.000-0300","categoriaRegulatoria":{"codigo":3,"descricao":"Específico"},"medicamentoReferencia":null,"categoriaProduto":null,"tipoAutorizacao":"REGISTRADO","acancelar":false,"mesAnoVencimentoFormatado":"09/2027","numeroRegistroFormatado":"117720004"},"empresa":{"cnpj":"01784792000103","razaoSocial":"EQUIPLEX INDÚSTRIA FARMACÊUTICA LTDA","numeroAutorizacao":"1017722","cnpjFormatado":"01.784.792/0001-03"},"processo":{"numero":"250000067639231","situacao":29,"numeroProcessoFormatado":"25000.006763/92-31"}},{"ordem":18,"produto":{"codigo":70916,"nome":"SOLUCAO DE MANITOL EQUIPLEX","numeroRegistro":"117720008","tipo":{"codigo":1,"descricao":null},"categoria":null,"situacaoRotulo":null,"dataVencimento":null,"mesAnoVencimento":"052029","dataVencimentoRegistro":"2029-05-01T00:00:00.000-0300","principioAtivo":"MANITOL","situacaoApresentacao":"Válido","dataRegistro":"1999-05-24T00:00:00.000-0300","categoriaRegulatoria":{"codigo":3,"descricao":"Específico"},"medicamentoReferencia":null,"categoriaProduto":null,"tipoAutorizacao":"REGISTRADO","acancelar":false,"mesAnoVencimentoFormatado":"05/2029","numeroRegistroFormatado":"117720008"},"empresa":{"cnpj":"01784792000103","razaoSocial":"EQUIPLEX INDÚSTRIA FARMACÊUTICA LTDA","numeroAutorizacao":"1017722","cnpjFormatado":"01.784.792/0001-03"},"processo":{"numero":"2500001474894","situacao":29,"numeroProcessoFormatado":"25000.014748/94"}},{"ordem":19,"produto":{"codigo":70922,"nome":"SOLUCAO FISIOLOGICA DE CLORETO DE SODIO EQUIPLEX","numeroRegistro":"117720001","tipo":{"codigo":1,"descricao":null},"categoria":null,"situacaoRotulo":null,"dataVencimento":null,"mesAnoVencimento":"062028","dataVencimentoRegistro":"2028-06-01T00:00:00.000-0300","principioAtivo":"CLORETO DE SÓDIO","situacaoApresentacao":"Válido","dataRegistro":"1999-09-16T00:00:00.000-0300","categoriaRegulatoria":{"codigo":3,"descricao":"Específico"},"medicamentoReferencia":null,"categoriaProduto":null,"tipoAutorizacao":"REGISTRADO","acancelar":false,"mesAnoVencimentoFormatado":"06/2028","numeroRegistroFormatado":"117720001"},"empresa":{"cnpj":"01784792000103","razaoSocial":"EQUIPLEX INDÚSTRIA FARMACÊUTICA LTDA","numeroAutorizacao":"1017722","cnpjFormatado":"01.784.792/0001-03"},"processo":{"numero":"250000067629279","situacao":29,"numeroProcessoFormatado":"25000.006762/92-79"}},{"ordem":20,"produto":{"codigo":70145,"nome":"SOLUÇÃO DE CLORETO DE POTASSIO","numeroRegistro":"117720007","tipo":{"codigo":1,"descricao":null},"categoria":null,"situacaoRotulo":null,"dataVencimento":null,"mesAnoVencimento":"042029","dataVencimentoRegistro":"2029-04-01T00:00:00.000-0300","principioAtivo":"CLORETO DE POTÁSSIO","situacaoApresentacao":"Válido","dataRegistro":"1999-04-16T00:00:00.000-0300","categoriaRegulatoria":{"codigo":3,"descricao":"Específico"},"medicamentoReferencia":null,"categoriaProduto":null,"tipoAutorizacao":"REGISTRADO","acancelar":false,"mesAnoVencimentoFormatado":"04/2029","numeroRegistroFormatado":"117720007"},"empresa":{"cnpj":"01784792000103","razaoSocial":"EQUIPLEX INDÚSTRIA FARMACÊUTICA LTDA","numeroAutorizacao":"1017722","cnpjFormatado":"01.784.792/0001-03"},"processo":{"numero":"250000112449394","situacao":29,"numeroProcessoFormatado":"25000.011244/93-94"}},{"ordem":21,"produto":{"codigo":402314,"nome":"SOLUÇÃO GLICOFISIOLÓGICA EQUIPLEX","numeroRegistro":"117720002","tipo":{"codigo":1,"descricao":null},"categoria":null,"situacaoRotulo":null,"dataVencimento":null,"mesAnoVencimento":"062028","dataVencimentoRegistro":"2028-06-01T00:00:00.000-0300","principioAtivo":"CLORETO DE SÓDIO, GLICOSE","situacaoApresentacao":"Válido","dataRegistro":"1999-09-16T00:00:00.000-0300","categoriaRegulatoria":{"codigo":3,"descricao":"Específico"},"medicamentoReferencia":null,"categoriaProduto":null,"tipoAutorizacao":"REGISTRADO","acancelar":false,"mesAnoVencimentoFormatado":"06/2028","numeroRegistroFormatado":"117720002"},"empresa":{"cnpj":"01784792000103","razaoSocial":"EQUIPLEX INDÚSTRIA FARMACÊUTICA LTDA","numeroAutorizacao":"1017722","cnpjFormatado":"01.784.792/0001-03"},"processo":{"numero":"250000067669220","situacao":29,"numeroProcessoFormatado":"25000.006766/92-20"}},{"ordem":22,"produto":{"codigo":70176,"nome":"SOLUÇÃO RINGER COM LACTATO","numeroRegistro":"117720005","tipo":{"codigo":1,"descricao":null},"categoria":null,"situacaoRotulo":null,"dataVencimento":null,"mesAnoVencimento":"062028","dataVencimentoRegistro":"2028-06-01T00:00:00.000-0300","principioAtivo":"CLORETO DE SÓDIO, CLORETO DE POTÁSSIO, CLORETO DE CÁLCIO DI-HIDRATADO, LACTATO DE SÓDIO","situacaoApresentacao":"Válido","dataRegistro":"2000-07-10T00:00:00.000-0300","categoriaRegulatoria":{"codigo":3,"descricao":"Específico"},"medicamentoReferencia":null,"categoriaProduto":null,"tipoAutorizacao":"REGISTRADO","acancelar":false,"mesAnoVencimentoFormatado":"06/2028","numeroRegistroFormatado":"117720005"},"empresa":{"cnpj":"01784792000103","razaoSocial":"EQUIPLEX INDÚSTRIA FARMACÊUTICA LTDA","numeroAutorizacao":"1017722","cnpjFormatado":"01.784.792/0001-03"},"processo":{"numero":"250000067659267","situacao":29,"numeroProcessoFormatado":"25000.006765/92-67"}},{"ordem":23,"produto":{"codigo":70177,"nome":"SOLUÇÃO RINGER SIMPLES EQUIPLEX","numeroRegistro":"117720003","tipo":{"codigo":1,"descricao":null},"categoria":null,"situacaoRotulo":null,"dataVencimento":null,"mesAnoVencimento":"062028","dataVencimentoRegistro":"2028-06-01T00:00:00.000-0300","principioAtivo":"CLORETO DE SÓDIO, CLORETO DE POTÁSSIO, CLORETO DE CÁLCIO","situacaoApresentacao":"Válido","dataRegistro":"2000-07-10T00:00:00.000-0300","categoriaRegulatoria":{"codigo":3,"descricao":"Específico"},"medicamentoReferencia":null,"categoriaProduto":null,"tipoAutorizacao":"REGISTRADO","acancelar":false,"mesAnoVencimentoFormatado":"06/2028","numeroRegistroFormatado":"117720003"},"empresa":{"cnpj":"01784792000103","razaoSocial":"EQUIPLEX INDÚSTRIA FARMACÊUTICA LTDA","numeroAutorizacao":"1017722","cnpjFormatado":"01.784.792/0001-03"},"processo":{"numero":"250000067679292","situacao":29,"numeroProcessoFormatado":"25000.006767/92-92"}},{"ordem":24,"produto":{"codigo":274422,"nome":"dipirona sódica","numeroRegistro":"117720023","tipo":{"codigo":1,"descricao":null},"categoria":null,"situacaoRotulo":null,"dataVencimento":null,"mesAnoVencimento":"092029","dataVencimentoRegistro":"2029-09-01T00:00:00.000-0300","principioAtivo":"DIPIRONA","situacaoApresentacao":"Válido","dataRegistro":"2004-09-19T00:00:00.000-0300","categoriaRegulatoria":{"codigo":5,"descricao":"Genérico"},"medicamentoReferencia":"NOVALGINA","categoriaProduto":null,"tipoAutorizacao":"REGISTRADO","acancelar":false,"mesAnoVencimentoFormatado":"09/2029","numeroRegistroFormatado":"117720023"},"empresa":{"cnpj":"01784792000103","razaoSocial":"EQUIPLEX INDÚSTRIA FARMACÊUTICA LTDA","numeroAutorizacao":"1017722","cnpjFormatado":"01.784.792/0001-03"},"processo":{"numero":"25351199435200213","situacao":20,"numeroProcessoFormatado":"25351.199435/2002-13"}}],"totalElements":24,"totalPages":1,"last":true,"numberOfElements":24,"first":true,"sort":null,"size":1000,"number":0}