{"content":[{"ordem":1,"produto":{"codigo":1246406,"nome":"HYLO-GEL","numeroRegistro":"164930003","tipo":{"codigo":1,"descricao":null},"categoria":null,"situacaoRotulo":null,"dataVencimento":null,"mesAnoVencimento":"122028","dataVencimentoRegistro":"2028-12-01T00:00:00.000-0300","principioAtivo":"HIALURONATO DE SÓDIO","situacaoApresentacao":"Válido","dataRegistro":"2018-12-24T00:00:00.000-0300","categoriaRegulatoria":{"codigo":3,"descricao":"Específico"},"medicamentoReferencia":null,"categoriaProduto":null,"tipoAutorizacao":"REGISTRADO","mesAnoVencimentoFormatado":"12/2028","numeroRegistroFormatado":"164930003","acancelar":false},"empresa":{"cnpj":"02060549000105","razaoSocial":"FBM INDÚSTRIA FARMACÊUTICA LTDA","numeroAutorizacao":"1064931","cnpjFormatado":"02.060.549/0001-05"},"processo":{"numero":"25351590683201607","situacao":29,"numeroProcessoFormatado":"25351.590683/2016-07"}},{"ordem":2,"produto":{"codigo":1247386,"nome":"Hylo-Comod","numeroRegistro":"164930001","tipo":{"codigo":1,"descricao":null},"categoria":null,"situacaoRotulo":null,"dataVencimento":null,"mesAnoVencimento":"102028","dataVencimentoRegistro":"2028-10-01T00:00:00.000-0300","principioAtivo":"HIALURONATO DE SÓDIO","situacaoApresentacao":"Válido","dataRegistro":"2018-10-08T00:00:00.000-0300","categoriaRegulatoria":{"codigo":3,"descricao":"Específico"},"medicamentoReferencia":null,"categoriaProduto":null,"tipoAutorizacao":"REGISTRADO","mesAnoVencimentoFormatado":"10/2028","numeroRegistroFormatado":"164930001","acancelar":false},"empresa":{"cnpj":"02060549000105","razaoSocial":"FBM INDÚSTRIA FARMACÊUTICA LTDA","numeroAutorizacao":"1064931","cnpjFormatado":"02.060.549/0001-05"},"processo":{"numero":"25351590652201609","situacao":29,"numeroProcessoFormatado":"25351.590652/2016-09"}}],"totalPages":1,"totalElements":2,"last":true,"numberOfElements":2,"first":true,"sort":null,"size":1000,"number":0}