{"content":[{"ordem":1,"produto":{"codigo":124691,"nome":" CLORETO DE SODIO","numeroRegistro":"151700006","tipo":{"codigo":1,"descricao":null},"categoria":null,"situacaoRotulo":null,"dataVencimento":null,"mesAnoVencimento":"042007","dataVencimentoRegistro":"2007-04-01T00:00:00.000-0300","principioAtivo":null,"situacaoApresentacao":"Caduco/Cancelado","dataRegistro":"2002-04-18T00:00:00.000-0300","categoriaRegulatoria":{"codigo":8,"descricao":"Similar"},"medicamentoReferencia":null,"categoriaProduto":null,"tipoAutorizacao":"REGISTRADO","acancelar":false,"mesAnoVencimentoFormatado":"04/2007","numeroRegistroFormatado":"151700006"},"empresa":{"cnpj":"02281006000100","razaoSocial":"ISOFARMA INDUSTRIAL FARMACÊUTICA LTDA","numeroAutorizacao":null,"cnpjFormatado":"02.281.006/0001-00"},"processo":{"numero":"253510328470111","situacao":29,"numeroProcessoFormatado":"25351.032847/01-11"}},{"ordem":2,"produto":{"codigo":273645,"nome":"AMINOFARMA","numeroRegistro":"151700014","tipo":{"codigo":1,"descricao":null},"categoria":null,"situacaoRotulo":null,"dataVencimento":null,"mesAnoVencimento":"032008","dataVencimentoRegistro":"2008-03-01T00:00:00.000-0300","principioAtivo":null,"situacaoApresentacao":"Caduco/Cancelado","dataRegistro":"2003-03-17T00:00:00.000-0300","categoriaRegulatoria":{"codigo":8,"descricao":"Similar"},"medicamentoReferencia":null,"categoriaProduto":null,"tipoAutorizacao":"REGISTRADO","acancelar":false,"mesAnoVencimentoFormatado":"03/2008","numeroRegistroFormatado":"151700014"},"empresa":{"cnpj":"02281006000100","razaoSocial":"ISOFARMA INDUSTRIAL FARMACÊUTICA LTDA","numeroAutorizacao":null,"cnpjFormatado":"02.281.006/0001-00"},"processo":{"numero":"253510349600197","situacao":29,"numeroProcessoFormatado":"25351.034960/01-97"}},{"ordem":3,"produto":{"codigo":489439,"nome":"CIPROBACTER","numeroRegistro":"151700019","tipo":{"codigo":1,"descricao":null},"categoria":null,"situacaoRotulo":null,"dataVencimento":null,"mesAnoVencimento":"042022","dataVencimentoRegistro":"2022-04-01T00:00:00.000-0300","principioAtivo":null,"situacaoApresentacao":"Caduco/Cancelado","dataRegistro":"2007-04-30T00:00:00.000-0300","categoriaRegulatoria":{"codigo":8,"descricao":"Similar"},"medicamentoReferencia":null,"categoriaProduto":null,"tipoAutorizacao":"REGISTRADO","acancelar":false,"mesAnoVencimentoFormatado":"04/2022","numeroRegistroFormatado":"151700019"},"empresa":{"cnpj":"02281006000100","razaoSocial":"ISOFARMA INDUSTRIAL FARMACÊUTICA LTDA","numeroAutorizacao":null,"cnpjFormatado":"02.281.006/0001-00"},"processo":{"numero":"25351275120200611","situacao":29,"numeroProcessoFormatado":"25351.275120/2006-11"}},{"ordem":4,"produto":{"codigo":774897,"nome":"CLORETO DE POTÁSSIO + GLICOSE + CLORETO DE SÓDIO","numeroRegistro":"151700030","tipo":{"codigo":1,"descricao":null},"categoria":null,"situacaoRotulo":null,"dataVencimento":null,"mesAnoVencimento":"112021","dataVencimentoRegistro":"2021-11-01T00:00:00.000-0300","principioAtivo":null,"situacaoApresentacao":"Caduco/Cancelado","dataRegistro":"2016-11-07T00:00:00.000-0300","categoriaRegulatoria":{"codigo":3,"descricao":"Específico"},"medicamentoReferencia":null,"categoriaProduto":null,"tipoAutorizacao":"REGISTRADO","acancelar":false,"mesAnoVencimentoFormatado":"11/2021","numeroRegistroFormatado":"151700030"},"empresa":{"cnpj":"02281006000100","razaoSocial":"ISOFARMA INDUSTRIAL FARMACÊUTICA LTDA","numeroAutorizacao":null,"cnpjFormatado":"02.281.006/0001-00"},"processo":{"numero":"25351365037201110","situacao":29,"numeroProcessoFormatado":"25351.365037/2011-10"}},{"ordem":5,"produto":{"codigo":70157,"nome":"CLORETO DE SODIO","numeroRegistro":"151700002","tipo":{"codigo":1,"descricao":null},"categoria":null,"situacaoRotulo":null,"dataVencimento":null,"mesAnoVencimento":"032007","dataVencimentoRegistro":"2007-03-01T00:00:00.000-0300","principioAtivo":null,"situacaoApresentacao":"Caduco/Cancelado","dataRegistro":"2002-03-19T00:00:00.000-0300","categoriaRegulatoria":{"codigo":8,"descricao":"Similar"},"medicamentoReferencia":null,"categoriaProduto":null,"tipoAutorizacao":"REGISTRADO","acancelar":false,"mesAnoVencimentoFormatado":"03/2007","numeroRegistroFormatado":"151700002"},"empresa":{"cnpj":"02281006000100","razaoSocial":"ISOFARMA INDUSTRIAL FARMACÊUTICA LTDA","numeroAutorizacao":null,"cnpjFormatado":"02.281.006/0001-00"},"processo":{"numero":"253510328350124","situacao":29,"numeroProcessoFormatado":"25351.032835/01-24"}},{"ordem":6,"produto":{"codigo":847935,"nome":"CLORIDRATO DE ONDANSETRONA","numeroRegistro":"151700028","tipo":{"codigo":1,"descricao":null},"categoria":null,"situacaoRotulo":null,"dataVencimento":null,"mesAnoVencimento":"092020","dataVencimentoRegistro":"2020-09-01T00:00:00.000-0300","principioAtivo":null,"situacaoApresentacao":"Caduco/Cancelado","dataRegistro":"2015-09-08T00:00:00.000-0300","categoriaRegulatoria":{"codigo":5,"descricao":"Genérico"},"medicamentoReferencia":"ZOFRAN","categoriaProduto":null,"tipoAutorizacao":"REGISTRADO","acancelar":false,"mesAnoVencimentoFormatado":"09/2020","numeroRegistroFormatado":"151700028"},"empresa":{"cnpj":"02281006000100","razaoSocial":"ISOFARMA INDUSTRIAL FARMACÊUTICA LTDA","numeroAutorizacao":null,"cnpjFormatado":"02.281.006/0001-00"},"processo":{"numero":"25351589133200917","situacao":29,"numeroProcessoFormatado":"25351.589133/2009-17"}},{"ordem":7,"produto":{"codigo":69914,"nome":"ISOFARMA - AGUA PARA INJEÇÃO","numeroRegistro":"151700003","tipo":{"codigo":1,"descricao":null},"categoria":null,"situacaoRotulo":null,"dataVencimento":null,"mesAnoVencimento":"032022","dataVencimentoRegistro":"2022-03-01T00:00:00.000-0300","principioAtivo":null,"situacaoApresentacao":"Caduco/Cancelado","dataRegistro":"2002-03-19T00:00:00.000-0300","categoriaRegulatoria":{"codigo":8,"descricao":"Similar"},"medicamentoReferencia":null,"categoriaProduto":null,"tipoAutorizacao":"REGISTRADO","acancelar":false,"mesAnoVencimentoFormatado":"03/2022","numeroRegistroFormatado":"151700003"},"empresa":{"cnpj":"02281006000100","razaoSocial":"ISOFARMA INDUSTRIAL FARMACÊUTICA LTDA","numeroAutorizacao":null,"cnpjFormatado":"02.281.006/0001-00"},"processo":{"numero":"253510328430152","situacao":29,"numeroProcessoFormatado":"25351.032843/01-52"}},{"ordem":8,"produto":{"codigo":511581,"nome":"ISOFARMA - SOLUÇÃO DE GLICONATO DE CÁLCIO 10%","numeroRegistro":"151700020","tipo":{"codigo":1,"descricao":null},"categoria":null,"situacaoRotulo":null,"dataVencimento":null,"mesAnoVencimento":"062022","dataVencimentoRegistro":"2022-06-01T00:00:00.000-0300","principioAtivo":null,"situacaoApresentacao":"Caduco/Cancelado","dataRegistro":"2007-06-04T00:00:00.000-0300","categoriaRegulatoria":{"codigo":3,"descricao":"Específico"},"medicamentoReferencia":null,"categoriaProduto":null,"tipoAutorizacao":"REGISTRADO","acancelar":false,"mesAnoVencimentoFormatado":"06/2022","numeroRegistroFormatado":"151700020"},"empresa":{"cnpj":"02281006000100","razaoSocial":"ISOFARMA INDUSTRIAL FARMACÊUTICA LTDA","numeroAutorizacao":null,"cnpjFormatado":"02.281.006/0001-00"},"processo":{"numero":"25351093901200762","situacao":29,"numeroProcessoFormatado":"25351.093901/2007-62"}},{"ordem":9,"produto":{"codigo":70491,"nome":"ISOFARMA - SOLUÇÃO DE GLICOSE","numeroRegistro":"151700001","tipo":{"codigo":1,"descricao":null},"categoria":null,"situacaoRotulo":null,"dataVencimento":null,"mesAnoVencimento":"032022","dataVencimentoRegistro":"2022-03-01T00:00:00.000-0300","principioAtivo":null,"situacaoApresentacao":"Caduco/Cancelado","dataRegistro":"2002-03-19T00:00:00.000-0300","categoriaRegulatoria":{"codigo":8,"descricao":"Similar"},"medicamentoReferencia":null,"categoriaProduto":null,"tipoAutorizacao":"REGISTRADO","acancelar":false,"mesAnoVencimentoFormatado":"03/2022","numeroRegistroFormatado":"151700001"},"empresa":{"cnpj":"02281006000100","razaoSocial":"ISOFARMA INDUSTRIAL FARMACÊUTICA LTDA","numeroAutorizacao":null,"cnpjFormatado":"02.281.006/0001-00"},"processo":{"numero":"253510328420190","situacao":29,"numeroProcessoFormatado":"25351.032842/01-90"}},{"ordem":10,"produto":{"codigo":742746,"nome":"ISOFARMA - SOLUÇÃO DE MANITOL","numeroRegistro":"151700026","tipo":{"codigo":1,"descricao":null},"categoria":null,"situacaoRotulo":null,"dataVencimento":null,"mesAnoVencimento":"082021","dataVencimentoRegistro":"2021-08-01T00:00:00.000-0300","principioAtivo":null,"situacaoApresentacao":"Caduco/Cancelado","dataRegistro":"2011-08-08T00:00:00.000-0300","categoriaRegulatoria":{"codigo":3,"descricao":"Específico"},"medicamentoReferencia":null,"categoriaProduto":null,"tipoAutorizacao":"REGISTRADO","acancelar":false,"mesAnoVencimentoFormatado":"08/2021","numeroRegistroFormatado":"151700026"},"empresa":{"cnpj":"02281006000100","razaoSocial":"ISOFARMA INDUSTRIAL FARMACÊUTICA LTDA","numeroAutorizacao":null,"cnpjFormatado":"02.281.006/0001-00"},"processo":{"numero":"25351051091201112","situacao":29,"numeroProcessoFormatado":"25351.051091/2011-12"}},{"ordem":11,"produto":{"codigo":740895,"nome":"ISOFARMA - SOLUÇÃO DE RINGER","numeroRegistro":"151700024","tipo":{"codigo":1,"descricao":null},"categoria":null,"situacaoRotulo":null,"dataVencimento":null,"mesAnoVencimento":"042021","dataVencimentoRegistro":"2021-04-01T00:00:00.000-0300","principioAtivo":null,"situacaoApresentacao":"Caduco/Cancelado","dataRegistro":"2011-04-18T00:00:00.000-0300","categoriaRegulatoria":{"codigo":3,"descricao":"Específico"},"medicamentoReferencia":null,"categoriaProduto":null,"tipoAutorizacao":"REGISTRADO","acancelar":false,"mesAnoVencimentoFormatado":"04/2021","numeroRegistroFormatado":"151700024"},"empresa":{"cnpj":"02281006000100","razaoSocial":"ISOFARMA INDUSTRIAL FARMACÊUTICA LTDA","numeroAutorizacao":null,"cnpjFormatado":"02.281.006/0001-00"},"processo":{"numero":"25351009398201188","situacao":29,"numeroProcessoFormatado":"25351.009398/2011-88"}},{"ordem":12,"produto":{"codigo":741119,"nome":"ISOFARMA - SOLUÇÃO DE RINGER COM LACTATO","numeroRegistro":"151700025","tipo":{"codigo":1,"descricao":null},"categoria":null,"situacaoRotulo":null,"dataVencimento":null,"mesAnoVencimento":"042021","dataVencimentoRegistro":"2021-04-01T00:00:00.000-0300","principioAtivo":null,"situacaoApresentacao":"Caduco/Cancelado","dataRegistro":"2011-04-18T00:00:00.000-0300","categoriaRegulatoria":{"codigo":3,"descricao":"Específico"},"medicamentoReferencia":null,"categoriaProduto":null,"tipoAutorizacao":"REGISTRADO","acancelar":false,"mesAnoVencimentoFormatado":"04/2021","numeroRegistroFormatado":"151700025"},"empresa":{"cnpj":"02281006000100","razaoSocial":"ISOFARMA INDUSTRIAL FARMACÊUTICA LTDA","numeroAutorizacao":null,"cnpjFormatado":"02.281.006/0001-00"},"processo":{"numero":"25351014630201171","situacao":29,"numeroProcessoFormatado":"25351.014630/2011-71"}},{"ordem":13,"produto":{"codigo":173049,"nome":"ISOFARMA - SOLUÇÃO DE SULFATO DE MAGNESIO","numeroRegistro":"151700010","tipo":{"codigo":1,"descricao":null},"categoria":null,"situacaoRotulo":null,"dataVencimento":null,"mesAnoVencimento":"022023","dataVencimentoRegistro":"2023-02-01T00:00:00.000-0300","principioAtivo":null,"situacaoApresentacao":"Caduco/Cancelado","dataRegistro":"2003-02-19T00:00:00.000-0300","categoriaRegulatoria":{"codigo":8,"descricao":"Similar"},"medicamentoReferencia":null,"categoriaProduto":null,"tipoAutorizacao":"REGISTRADO","acancelar":false,"mesAnoVencimentoFormatado":"02/2023","numeroRegistroFormatado":"151700010"},"empresa":{"cnpj":"02281006000100","razaoSocial":"ISOFARMA INDUSTRIAL FARMACÊUTICA LTDA","numeroAutorizacao":null,"cnpjFormatado":"02.281.006/0001-00"},"processo":{"numero":"253510349590116","situacao":29,"numeroProcessoFormatado":"25351.034959/01-16"}},{"ordem":14,"produto":{"codigo":699750,"nome":"ISOFARMA - SOLUÇÃO GLICOFISIOLÓGICA (GLICOSE 5% + CLORETO DE SÓDIO 0,9%)","numeroRegistro":"151700023","tipo":{"codigo":1,"descricao":null},"categoria":null,"situacaoRotulo":null,"dataVencimento":null,"mesAnoVencimento":"112020","dataVencimentoRegistro":"2020-11-01T00:00:00.000-0300","principioAtivo":null,"situacaoApresentacao":"Caduco/Cancelado","dataRegistro":"2010-11-16T00:00:00.000-0300","categoriaRegulatoria":{"codigo":3,"descricao":"Específico"},"medicamentoReferencia":null,"categoriaProduto":null,"tipoAutorizacao":"REGISTRADO","acancelar":false,"mesAnoVencimentoFormatado":"11/2020","numeroRegistroFormatado":"151700023"},"empresa":{"cnpj":"02281006000100","razaoSocial":"ISOFARMA INDUSTRIAL FARMACÊUTICA LTDA","numeroAutorizacao":null,"cnpjFormatado":"02.281.006/0001-00"},"processo":{"numero":"25351358951201013","situacao":29,"numeroProcessoFormatado":"25351.358951/2010-13"}},{"ordem":15,"produto":{"codigo":69831,"nome":"ISOFARMA - SOLUÇÕES  GLICOSE 25%","numeroRegistro":"151700005","tipo":{"codigo":1,"descricao":null},"categoria":null,"situacaoRotulo":null,"dataVencimento":null,"mesAnoVencimento":"032007","dataVencimentoRegistro":"2007-03-01T00:00:00.000-0300","principioAtivo":null,"situacaoApresentacao":"Caduco/Cancelado","dataRegistro":"2002-03-19T00:00:00.000-0300","categoriaRegulatoria":{"codigo":8,"descricao":"Similar"},"medicamentoReferencia":null,"categoriaProduto":null,"tipoAutorizacao":"REGISTRADO","acancelar":false,"mesAnoVencimentoFormatado":"03/2007","numeroRegistroFormatado":"151700005"},"empresa":{"cnpj":"02281006000100","razaoSocial":"ISOFARMA INDUSTRIAL FARMACÊUTICA LTDA","numeroAutorizacao":null,"cnpjFormatado":"02.281.006/0001-00"},"processo":{"numero":"253510328390185","situacao":29,"numeroProcessoFormatado":"25351.032839/01-85"}},{"ordem":16,"produto":{"codigo":169712,"nome":"ISOFARMA BICARBONATO DE SODIO","numeroRegistro":"151700009","tipo":{"codigo":1,"descricao":null},"categoria":null,"situacaoRotulo":null,"dataVencimento":null,"mesAnoVencimento":"122012","dataVencimentoRegistro":"2012-12-01T00:00:00.000-0300","principioAtivo":null,"situacaoApresentacao":"Caduco/Cancelado","dataRegistro":"2003-01-03T00:00:00.000-0300","categoriaRegulatoria":{"codigo":8,"descricao":"Similar"},"medicamentoReferencia":null,"categoriaProduto":null,"tipoAutorizacao":"REGISTRADO","acancelar":false,"mesAnoVencimentoFormatado":"12/2012","numeroRegistroFormatado":"151700009"},"empresa":{"cnpj":"02281006000100","razaoSocial":"ISOFARMA INDUSTRIAL FARMACÊUTICA LTDA","numeroAutorizacao":null,"cnpjFormatado":"02.281.006/0001-00"},"processo":{"numero":"253510349560110","situacao":29,"numeroProcessoFormatado":"25351.034956/01-10"}},{"ordem":17,"produto":{"codigo":626695,"nome":"ISOFARMA SOLUÇÃO DE FOSFATO DE POTÁSSIO 2 MEQ/ML","numeroRegistro":"151700022","tipo":{"codigo":1,"descricao":null},"categoria":null,"situacaoRotulo":null,"dataVencimento":null,"mesAnoVencimento":"102019","dataVencimentoRegistro":"2019-10-01T00:00:00.000-0300","principioAtivo":null,"situacaoApresentacao":"Caduco/Cancelado","dataRegistro":"2009-10-05T00:00:00.000-0300","categoriaRegulatoria":{"codigo":3,"descricao":"Específico"},"medicamentoReferencia":null,"categoriaProduto":null,"tipoAutorizacao":"REGISTRADO","acancelar":false,"mesAnoVencimentoFormatado":"10/2019","numeroRegistroFormatado":"151700022"},"empresa":{"cnpj":"02281006000100","razaoSocial":"ISOFARMA INDUSTRIAL FARMACÊUTICA LTDA","numeroAutorizacao":null,"cnpjFormatado":"02.281.006/0001-00"},"processo":{"numero":"25351098345200989","situacao":29,"numeroProcessoFormatado":"25351.098345/2009-89"}},{"ordem":18,"produto":{"codigo":141046,"nome":"ISOFARMA-SOLUÇÃO DE CLORETO DE POTÁSSIO","numeroRegistro":"151700008","tipo":{"codigo":1,"descricao":null},"categoria":null,"situacaoRotulo":null,"dataVencimento":null,"mesAnoVencimento":"082022","dataVencimentoRegistro":"2022-08-01T00:00:00.000-0300","principioAtivo":null,"situacaoApresentacao":"Caduco/Cancelado","dataRegistro":"2002-08-30T00:00:00.000-0300","categoriaRegulatoria":{"codigo":8,"descricao":"Similar"},"medicamentoReferencia":null,"categoriaProduto":null,"tipoAutorizacao":"REGISTRADO","acancelar":false,"mesAnoVencimentoFormatado":"08/2022","numeroRegistroFormatado":"151700008"},"empresa":{"cnpj":"02281006000100","razaoSocial":"ISOFARMA INDUSTRIAL FARMACÊUTICA LTDA","numeroAutorizacao":null,"cnpjFormatado":"02.281.006/0001-00"},"processo":{"numero":"253510328400164","situacao":29,"numeroProcessoFormatado":"25351.032840/01-64"}},{"ordem":19,"produto":{"codigo":70158,"nome":"ISOFARMA-SOLUÇÃO DE CLORETO DE SODIO","numeroRegistro":"151700004","tipo":{"codigo":1,"descricao":null},"categoria":null,"situacaoRotulo":null,"dataVencimento":null,"mesAnoVencimento":"032022","dataVencimentoRegistro":"2022-03-01T00:00:00.000-0300","principioAtivo":null,"situacaoApresentacao":"Caduco/Cancelado","dataRegistro":"2002-03-19T00:00:00.000-0300","categoriaRegulatoria":{"codigo":8,"descricao":"Similar"},"medicamentoReferencia":null,"categoriaProduto":null,"tipoAutorizacao":"REGISTRADO","acancelar":false,"mesAnoVencimentoFormatado":"03/2022","numeroRegistroFormatado":"151700004"},"empresa":{"cnpj":"02281006000100","razaoSocial":"ISOFARMA INDUSTRIAL FARMACÊUTICA LTDA","numeroAutorizacao":null,"cnpjFormatado":"02.281.006/0001-00"},"processo":{"numero":"253510328340161","situacao":29,"numeroProcessoFormatado":"25351.032834/01-61"}},{"ordem":20,"produto":{"codigo":721613,"nome":"METROBACTER","numeroRegistro":"151700029","tipo":{"codigo":1,"descricao":null},"categoria":null,"situacaoRotulo":null,"dataVencimento":null,"mesAnoVencimento":"022021","dataVencimentoRegistro":"2021-02-01T00:00:00.000-0300","principioAtivo":null,"situacaoApresentacao":"Caduco/Cancelado","dataRegistro":"2016-02-01T00:00:00.000-0300","categoriaRegulatoria":{"codigo":8,"descricao":"Similar"},"medicamentoReferencia":"FLAGYL","categoriaProduto":null,"tipoAutorizacao":"REGISTRADO","acancelar":false,"mesAnoVencimentoFormatado":"02/2021","numeroRegistroFormatado":"151700029"},"empresa":{"cnpj":"02281006000100","razaoSocial":"ISOFARMA INDUSTRIAL FARMACÊUTICA LTDA","numeroAutorizacao":null,"cnpjFormatado":"02.281.006/0001-00"},"processo":{"numero":"25351636448201001","situacao":29,"numeroProcessoFormatado":"25351.636448/2010-01"}},{"ordem":21,"produto":{"codigo":174062,"nome":"NOPROSIL","numeroRegistro":"151700013","tipo":{"codigo":1,"descricao":null},"categoria":null,"situacaoRotulo":null,"dataVencimento":null,"mesAnoVencimento":"032023","dataVencimentoRegistro":"2023-03-01T00:00:00.000-0300","principioAtivo":null,"situacaoApresentacao":"Caduco/Cancelado","dataRegistro":"2003-03-10T00:00:00.000-0300","categoriaRegulatoria":{"codigo":8,"descricao":"Similar"},"medicamentoReferencia":"PLASIL","categoriaProduto":null,"tipoAutorizacao":"REGISTRADO","acancelar":false,"mesAnoVencimentoFormatado":"03/2023","numeroRegistroFormatado":"151700013"},"empresa":{"cnpj":"02281006000100","razaoSocial":"ISOFARMA INDUSTRIAL FARMACÊUTICA LTDA","numeroAutorizacao":null,"cnpjFormatado":"02.281.006/0001-00"},"processo":{"numero":"253510349630185","situacao":29,"numeroProcessoFormatado":"25351.034963/01-85"}},{"ordem":22,"produto":{"codigo":174143,"nome":"PASMODEX","numeroRegistro":"151700011","tipo":{"codigo":1,"descricao":null},"categoria":null,"situacaoRotulo":null,"dataVencimento":null,"mesAnoVencimento":"032023","dataVencimentoRegistro":"2023-03-01T00:00:00.000-0300","principioAtivo":null,"situacaoApresentacao":"Caduco/Cancelado","dataRegistro":"2003-03-10T00:00:00.000-0300","categoriaRegulatoria":{"codigo":8,"descricao":"Similar"},"medicamentoReferencia":null,"categoriaProduto":null,"tipoAutorizacao":"REGISTRADO","acancelar":false,"mesAnoVencimentoFormatado":"03/2023","numeroRegistroFormatado":"151700011"},"empresa":{"cnpj":"02281006000100","razaoSocial":"ISOFARMA INDUSTRIAL FARMACÊUTICA LTDA","numeroAutorizacao":null,"cnpjFormatado":"02.281.006/0001-00"},"processo":{"numero":"253510349640148","situacao":29,"numeroProcessoFormatado":"25351.034964/01-48"}},{"ordem":23,"produto":{"codigo":174096,"nome":"TERMOSIL","numeroRegistro":"151700012","tipo":{"codigo":1,"descricao":null},"categoria":null,"situacaoRotulo":null,"dataVencimento":null,"mesAnoVencimento":"022008","dataVencimentoRegistro":"2008-02-01T00:00:00.000-0300","principioAtivo":null,"situacaoApresentacao":"Caduco/Cancelado","dataRegistro":"2003-03-10T00:00:00.000-0300","categoriaRegulatoria":{"codigo":8,"descricao":"Similar"},"medicamentoReferencia":null,"categoriaProduto":null,"tipoAutorizacao":"REGISTRADO","acancelar":false,"mesAnoVencimentoFormatado":"02/2008","numeroRegistroFormatado":"151700012"},"empresa":{"cnpj":"02281006000100","razaoSocial":"ISOFARMA INDUSTRIAL FARMACÊUTICA LTDA","numeroAutorizacao":null,"cnpjFormatado":"02.281.006/0001-00"},"processo":{"numero":"253510349580145","situacao":29,"numeroProcessoFormatado":"25351.034958/01-45"}},{"ordem":24,"produto":{"codigo":270286,"nome":"VOLTASIL","numeroRegistro":"151700015","tipo":{"codigo":1,"descricao":null},"categoria":null,"situacaoRotulo":null,"dataVencimento":null,"mesAnoVencimento":"042013","dataVencimentoRegistro":"2013-04-01T00:00:00.000-0300","principioAtivo":null,"situacaoApresentacao":"Caduco/Cancelado","dataRegistro":"2003-04-11T00:00:00.000-0300","categoriaRegulatoria":{"codigo":8,"descricao":"Similar"},"medicamentoReferencia":null,"categoriaProduto":null,"tipoAutorizacao":"REGISTRADO","acancelar":false,"mesAnoVencimentoFormatado":"04/2013","numeroRegistroFormatado":"151700015"},"empresa":{"cnpj":"02281006000100","razaoSocial":"ISOFARMA INDUSTRIAL FARMACÊUTICA LTDA","numeroAutorizacao":null,"cnpjFormatado":"02.281.006/0001-00"},"processo":{"numero":"253510349610150","situacao":29,"numeroProcessoFormatado":"25351.034961/01-50"}},{"ordem":25,"produto":{"codigo":397709,"nome":"ciprofloxacino","numeroRegistro":"151700017","tipo":{"codigo":1,"descricao":null},"categoria":null,"situacaoRotulo":null,"dataVencimento":null,"mesAnoVencimento":"102020","dataVencimentoRegistro":"2020-10-01T00:00:00.000-0300","principioAtivo":null,"situacaoApresentacao":"Caduco/Cancelado","dataRegistro":"2005-10-10T00:00:00.000-0300","categoriaRegulatoria":{"codigo":5,"descricao":"Genérico"},"medicamentoReferencia":"CIPRO","categoriaProduto":null,"tipoAutorizacao":"REGISTRADO","acancelar":false,"mesAnoVencimentoFormatado":"10/2020","numeroRegistroFormatado":"151700017"},"empresa":{"cnpj":"02281006000100","razaoSocial":"ISOFARMA INDUSTRIAL FARMACÊUTICA LTDA","numeroAutorizacao":null,"cnpjFormatado":"02.281.006/0001-00"},"processo":{"numero":"25351262270200495","situacao":29,"numeroProcessoFormatado":"25351.262270/2004-95"}},{"ordem":26,"produto":{"codigo":413354,"nome":"fluconazol","numeroRegistro":"151700018","tipo":{"codigo":1,"descricao":null},"categoria":null,"situacaoRotulo":null,"dataVencimento":null,"mesAnoVencimento":"102020","dataVencimentoRegistro":"2020-10-01T00:00:00.000-0300","principioAtivo":null,"situacaoApresentacao":"Caduco/Cancelado","dataRegistro":"2005-10-10T00:00:00.000-0300","categoriaRegulatoria":{"codigo":5,"descricao":"Genérico"},"medicamentoReferencia":"Zoltec","categoriaProduto":null,"tipoAutorizacao":"REGISTRADO","acancelar":false,"mesAnoVencimentoFormatado":"10/2020","numeroRegistroFormatado":"151700018"},"empresa":{"cnpj":"02281006000100","razaoSocial":"ISOFARMA INDUSTRIAL FARMACÊUTICA LTDA","numeroAutorizacao":null,"cnpjFormatado":"02.281.006/0001-00"},"processo":{"numero":"25351142008200514","situacao":29,"numeroProcessoFormatado":"25351.142008/2005-14"}},{"ordem":27,"produto":{"codigo":413520,"nome":"levofloxacino","numeroRegistro":"151700016","tipo":{"codigo":1,"descricao":null},"categoria":null,"situacaoRotulo":null,"dataVencimento":null,"mesAnoVencimento":"092020","dataVencimentoRegistro":"2020-09-01T00:00:00.000-0300","principioAtivo":null,"situacaoApresentacao":"Caduco/Cancelado","dataRegistro":"2005-09-19T00:00:00.000-0300","categoriaRegulatoria":{"codigo":5,"descricao":"Genérico"},"medicamentoReferencia":"Tavanic","categoriaProduto":null,"tipoAutorizacao":"REGISTRADO","acancelar":false,"mesAnoVencimentoFormatado":"09/2020","numeroRegistroFormatado":"151700016"},"empresa":{"cnpj":"02281006000100","razaoSocial":"ISOFARMA INDUSTRIAL FARMACÊUTICA LTDA","numeroAutorizacao":null,"cnpjFormatado":"02.281.006/0001-00"},"processo":{"numero":"25351163676200577","situacao":29,"numeroProcessoFormatado":"25351.163676/2005-77"}},{"ordem":28,"produto":{"codigo":533083,"nome":"metronidazol","numeroRegistro":"151700021","tipo":{"codigo":1,"descricao":null},"categoria":null,"situacaoRotulo":null,"dataVencimento":null,"mesAnoVencimento":"012019","dataVencimentoRegistro":"2019-01-01T00:00:00.000-0300","principioAtivo":null,"situacaoApresentacao":"Caduco/Cancelado","dataRegistro":"2009-01-19T00:00:00.000-0300","categoriaRegulatoria":{"codigo":5,"descricao":"Genérico"},"medicamentoReferencia":"Flagyl","categoriaProduto":null,"tipoAutorizacao":"REGISTRADO","acancelar":false,"mesAnoVencimentoFormatado":"01/2019","numeroRegistroFormatado":"151700021"},"empresa":{"cnpj":"02281006000100","razaoSocial":"ISOFARMA INDUSTRIAL FARMACÊUTICA LTDA","numeroAutorizacao":null,"cnpjFormatado":"02.281.006/0001-00"},"processo":{"numero":"25351273674200757","situacao":29,"numeroProcessoFormatado":"25351.273674/2007-57"}}],"totalElements":28,"totalPages":1,"last":true,"numberOfElements":28,"first":true,"sort":null,"size":1000,"number":0}