{"content":[{"ordem":1,"produto":{"codigo":961497,"nome":"AD-VITAM","numeroRegistro":"138410065","tipo":{"codigo":1,"descricao":null},"categoria":null,"situacaoRotulo":null,"dataVencimento":null,"mesAnoVencimento":"042025","dataVencimentoRegistro":"2025-04-01T00:00:00.000-0300","principioAtivo":"ACETATO DE RETINOL, COLECALCIFEROL","situacaoApresentacao":"Válido","dataRegistro":"2015-04-13T00:00:00.000-0300","categoriaRegulatoria":{"codigo":3,"descricao":"Específico"},"medicamentoReferencia":null,"categoriaProduto":null,"tipoAutorizacao":"REGISTRADO","numeroRegistroFormatado":"138410065","mesAnoVencimentoFormatado":"04/2025","acancelar":false},"empresa":{"cnpj":"02456955000183","razaoSocial":"NATULAB LABORATÓRIO S.A","numeroAutorizacao":"1038413","cnpjFormatado":"02.456.955/0001-83"},"processo":{"numero":"25351010447201453","situacao":29,"numeroProcessoFormatado":"25351.010447/2014-53"}},{"ordem":2,"produto":{"codigo":671607,"nome":"AFOLIC","numeroRegistro":"138410050","tipo":{"codigo":1,"descricao":null},"categoria":null,"situacaoRotulo":null,"dataVencimento":null,"mesAnoVencimento":"122026","dataVencimentoRegistro":"2026-12-01T00:00:00.000-0300","principioAtivo":"ÁCIDO FÓLICO","situacaoApresentacao":"Válido","dataRegistro":"2011-12-05T00:00:00.000-0300","categoriaRegulatoria":{"codigo":3,"descricao":"Específico"},"medicamentoReferencia":null,"categoriaProduto":null,"tipoAutorizacao":"REGISTRADO","numeroRegistroFormatado":"138410050","mesAnoVencimentoFormatado":"12/2026","acancelar":false},"empresa":{"cnpj":"02456955000183","razaoSocial":"NATULAB LABORATÓRIO S.A","numeroAutorizacao":"1038413","cnpjFormatado":"02.456.955/0001-83"},"processo":{"numero":"25351753177200986","situacao":29,"numeroProcessoFormatado":"25351.753177/2009-86"}},{"ordem":3,"produto":{"codigo":708404,"nome":"AFOLIC INFANTIL","numeroRegistro":"138410045","tipo":{"codigo":1,"descricao":null},"categoria":null,"situacaoRotulo":null,"dataVencimento":null,"mesAnoVencimento":"122025","dataVencimentoRegistro":"2025-12-01T00:00:00.000-0300","principioAtivo":"ÁCIDO FÓLICO","situacaoApresentacao":"Válido","dataRegistro":"2010-12-06T00:00:00.000-0300","categoriaRegulatoria":{"codigo":3,"descricao":"Específico"},"medicamentoReferencia":null,"categoriaProduto":null,"tipoAutorizacao":"REGISTRADO","numeroRegistroFormatado":"138410045","mesAnoVencimentoFormatado":"12/2025","acancelar":false},"empresa":{"cnpj":"02456955000183","razaoSocial":"NATULAB LABORATÓRIO S.A","numeroAutorizacao":"1038413","cnpjFormatado":"02.456.955/0001-83"},"processo":{"numero":"25351484055201096","situacao":29,"numeroProcessoFormatado":"25351.484055/2010-96"}},{"ordem":4,"produto":{"codigo":854474,"nome":"ALCACHOFRA NATULAB","numeroRegistro":"138410056","tipo":{"codigo":1,"descricao":null},"categoria":null,"situacaoRotulo":null,"dataVencimento":null,"mesAnoVencimento":"072028","dataVencimentoRegistro":"2028-07-01T00:00:00.000-0300","principioAtivo":"CYNARA SCOLYMUS L.","situacaoApresentacao":"Válido","dataRegistro":"2013-07-08T00:00:00.000-0300","categoriaRegulatoria":{"codigo":4,"descricao":"Fitoterápico"},"medicamentoReferencia":null,"categoriaProduto":null,"tipoAutorizacao":"REGISTRADO","numeroRegistroFormatado":"138410056","mesAnoVencimentoFormatado":"07/2028","acancelar":false},"empresa":{"cnpj":"02456955000183","razaoSocial":"NATULAB LABORATÓRIO S.A","numeroAutorizacao":"1038413","cnpjFormatado":"02.456.955/0001-83"},"processo":{"numero":"25351199493201218","situacao":29,"numeroProcessoFormatado":"25351.199493/2012-18"}},{"ordem":5,"produto":{"codigo":270345,"nome":"ALUMIMAX","numeroRegistro":"138410013","tipo":{"codigo":1,"descricao":null},"categoria":null,"situacaoRotulo":null,"dataVencimento":null,"mesAnoVencimento":"042008","dataVencimentoRegistro":"2008-04-01T00:00:00.000-0300","principioAtivo":null,"situacaoApresentacao":"Caduco/Cancelado","dataRegistro":"2003-04-11T00:00:00.000-0300","categoriaRegulatoria":{"codigo":8,"descricao":"Similar"},"medicamentoReferencia":null,"categoriaProduto":null,"tipoAutorizacao":"REGISTRADO","numeroRegistroFormatado":"138410013","mesAnoVencimentoFormatado":"04/2008","acancelar":false},"empresa":{"cnpj":"02456955000183","razaoSocial":"NATULAB LABORATÓRIO S.A","numeroAutorizacao":"1038413","cnpjFormatado":"02.456.955/0001-83"},"processo":{"numero":"25351224966200251","situacao":29,"numeroProcessoFormatado":"25351.224966/2002-51"}},{"ordem":6,"produto":{"codigo":702456,"nome":"ARLIVRY","numeroRegistro":"138410047","tipo":{"codigo":1,"descricao":null},"categoria":null,"situacaoRotulo":null,"dataVencimento":null,"mesAnoVencimento":"012026","dataVencimentoRegistro":"2026-01-01T00:00:00.000-0300","principioAtivo":"HEDERA HELIX L.","situacaoApresentacao":"Válido","dataRegistro":"2011-01-24T00:00:00.000-0300","categoriaRegulatoria":{"codigo":4,"descricao":"Fitoterápico"},"medicamentoReferencia":null,"categoriaProduto":null,"tipoAutorizacao":"REGISTRADO","numeroRegistroFormatado":"138410047","mesAnoVencimentoFormatado":"01/2026","acancelar":false},"empresa":{"cnpj":"02456955000183","razaoSocial":"NATULAB LABORATÓRIO S.A","numeroAutorizacao":"1038413","cnpjFormatado":"02.456.955/0001-83"},"processo":{"numero":"25351718680200993","situacao":29,"numeroProcessoFormatado":"25351.718680/2009-93"}},{"ordem":7,"produto":{"codigo":887750,"nome":"ARPYNFLAN","numeroRegistro":"138410057","tipo":{"codigo":1,"descricao":null},"categoria":null,"situacaoRotulo":null,"dataVencimento":null,"mesAnoVencimento":"072028","dataVencimentoRegistro":"2028-07-01T00:00:00.000-0300","principioAtivo":"HARPAGOPHYTUM PROCUMBENS DC. EX MEISSN.","situacaoApresentacao":"Válido","dataRegistro":"2013-07-29T00:00:00.000-0300","categoriaRegulatoria":{"codigo":4,"descricao":"Fitoterápico"},"medicamentoReferencia":null,"categoriaProduto":null,"tipoAutorizacao":"REGISTRADO","numeroRegistroFormatado":"138410057","mesAnoVencimentoFormatado":"07/2028","acancelar":false},"empresa":{"cnpj":"02456955000183","razaoSocial":"NATULAB LABORATÓRIO S.A","numeroAutorizacao":"1038413","cnpjFormatado":"02.456.955/0001-83"},"processo":{"numero":"25351594570201236","situacao":29,"numeroProcessoFormatado":"25351.594570/2012-36"}},{"ordem":8,"produto":{"codigo":670807,"nome":"BIOSENG","numeroRegistro":"138410040","tipo":{"codigo":1,"descricao":null},"categoria":null,"situacaoRotulo":null,"dataVencimento":null,"mesAnoVencimento":"032030","dataVencimentoRegistro":"2030-03-01T00:00:00.000-0300","principioAtivo":"PANAX GINSENG C. A. MEY.","situacaoApresentacao":"Válido","dataRegistro":"2010-03-29T00:00:00.000-0300","categoriaRegulatoria":{"codigo":4,"descricao":"Fitoterápico"},"medicamentoReferencia":null,"categoriaProduto":null,"tipoAutorizacao":"REGISTRADO","numeroRegistroFormatado":"138410040","mesAnoVencimentoFormatado":"03/2030","acancelar":false},"empresa":{"cnpj":"02456955000183","razaoSocial":"NATULAB LABORATÓRIO S.A","numeroAutorizacao":"1038413","cnpjFormatado":"02.456.955/0001-83"},"processo":{"numero":"25351389191200904","situacao":29,"numeroProcessoFormatado":"25351.389191/2009-04"}},{"ordem":9,"produto":{"codigo":438215,"nome":"BIOSENG","numeroRegistro":"138410024","tipo":{"codigo":1,"descricao":null},"categoria":null,"situacaoRotulo":null,"dataVencimento":null,"mesAnoVencimento":"102006","dataVencimentoRegistro":"2006-10-01T00:00:00.000-0300","principioAtivo":null,"situacaoApresentacao":"Caduco/Cancelado","dataRegistro":"2005-12-12T00:00:00.000-0300","categoriaRegulatoria":{"codigo":4,"descricao":"Fitoterápico"},"medicamentoReferencia":null,"categoriaProduto":null,"tipoAutorizacao":"REGISTRADO","numeroRegistroFormatado":"138410024","mesAnoVencimentoFormatado":"10/2006","acancelar":false},"empresa":{"cnpj":"02456955000183","razaoSocial":"NATULAB LABORATÓRIO S.A","numeroAutorizacao":"1038413","cnpjFormatado":"02.456.955/0001-83"},"processo":{"numero":"25351424800200586","situacao":29,"numeroProcessoFormatado":"25351.424800/2005-86"}},{"ordem":10,"produto":{"codigo":873260,"nome":"BONEVIT C","numeroRegistro":"138410063","tipo":{"codigo":1,"descricao":null},"categoria":null,"situacaoRotulo":null,"dataVencimento":null,"mesAnoVencimento":"012020","dataVencimentoRegistro":"2020-01-01T00:00:00.000-0300","principioAtivo":null,"situacaoApresentacao":"Caduco/Cancelado","dataRegistro":"2015-01-26T00:00:00.000-0300","categoriaRegulatoria":{"codigo":3,"descricao":"Específico"},"medicamentoReferencia":null,"categoriaProduto":null,"tipoAutorizacao":"REGISTRADO","numeroRegistroFormatado":"138410063","mesAnoVencimentoFormatado":"01/2020","acancelar":false},"empresa":{"cnpj":"02456955000183","razaoSocial":"NATULAB LABORATÓRIO S.A","numeroAutorizacao":"1038413","cnpjFormatado":"02.456.955/0001-83"},"processo":{"numero":"25351610500201267","situacao":29,"numeroProcessoFormatado":"25351.610500/2012-67"}},{"ordem":11,"produto":{"codigo":428002,"nome":"BRONQTRAT","numeroRegistro":"138410023","tipo":{"codigo":1,"descricao":null},"categoria":null,"situacaoRotulo":null,"dataVencimento":null,"mesAnoVencimento":"112025","dataVencimentoRegistro":"2025-11-01T00:00:00.000-0300","principioAtivo":"CLORIDRATO DE AMBROXOL","situacaoApresentacao":"Válido","dataRegistro":"2005-11-14T00:00:00.000-0300","categoriaRegulatoria":{"codigo":8,"descricao":"Similar"},"medicamentoReferencia":"MUCOSOLVAN","categoriaProduto":null,"tipoAutorizacao":"REGISTRADO","numeroRegistroFormatado":"138410023","mesAnoVencimentoFormatado":"11/2025","acancelar":false},"empresa":{"cnpj":"02456955000183","razaoSocial":"NATULAB LABORATÓRIO S.A","numeroAutorizacao":"1038413","cnpjFormatado":"02.456.955/0001-83"},"processo":{"numero":"25351298771200591","situacao":29,"numeroProcessoFormatado":"25351.298771/2005-91"}},{"ordem":12,"produto":{"codigo":859235,"nome":"BUSCOPLEX COMPOSTO","numeroRegistro":"138410066","tipo":{"codigo":1,"descricao":null},"categoria":null,"situacaoRotulo":null,"dataVencimento":null,"mesAnoVencimento":"062025","dataVencimentoRegistro":"2025-06-01T00:00:00.000-0300","principioAtivo":"BUTILBROMETO DE ESCOPOLAMINA, dipirona monoidratada","situacaoApresentacao":"Válido","dataRegistro":"2015-06-08T00:00:00.000-0300","categoriaRegulatoria":{"codigo":8,"descricao":"Similar"},"medicamentoReferencia":"BUSCOPAN COMPOSTO","categoriaProduto":null,"tipoAutorizacao":"REGISTRADO","numeroRegistroFormatado":"138410066","mesAnoVencimentoFormatado":"06/2025","acancelar":false},"empresa":{"cnpj":"02456955000183","razaoSocial":"NATULAB LABORATÓRIO S.A","numeroAutorizacao":"1038413","cnpjFormatado":"02.456.955/0001-83"},"processo":{"numero":"25351599425201274","situacao":29,"numeroProcessoFormatado":"25351.599425/2012-74"}},{"ordem":13,"produto":{"codigo":420093,"nome":"BUTALAB","numeroRegistro":"138410019","tipo":{"codigo":1,"descricao":null},"categoria":null,"situacaoRotulo":null,"dataVencimento":null,"mesAnoVencimento":"092025","dataVencimentoRegistro":"2025-09-01T00:00:00.000-0300","principioAtivo":"SULFATO DE SALBUTAMOL","situacaoApresentacao":"Válido","dataRegistro":"2005-09-12T00:00:00.000-0300","categoriaRegulatoria":{"codigo":8,"descricao":"Similar"},"medicamentoReferencia":"AEROLIN","categoriaProduto":null,"tipoAutorizacao":"REGISTRADO","numeroRegistroFormatado":"138410019","mesAnoVencimentoFormatado":"09/2025","acancelar":false},"empresa":{"cnpj":"02456955000183","razaoSocial":"NATULAB LABORATÓRIO S.A","numeroAutorizacao":"1038413","cnpjFormatado":"02.456.955/0001-83"},"processo":{"numero":"253510236050183","situacao":29,"numeroProcessoFormatado":"25351.023605/01-83"}},{"ordem":14,"produto":{"codigo":1069309,"nome":"BUTILBROMETO DE ESCOPOLAMINA+DIPIRONA SODICA","numeroRegistro":"138410068","tipo":{"codigo":1,"descricao":null},"categoria":null,"situacaoRotulo":null,"dataVencimento":null,"mesAnoVencimento":"102025","dataVencimentoRegistro":"2025-10-01T00:00:00.000-0300","principioAtivo":"dipirona monoidratada, BUTILBROMETO DE ESCOPOLAMINA","situacaoApresentacao":"Válido","dataRegistro":"2015-10-20T00:00:00.000-0300","categoriaRegulatoria":{"codigo":5,"descricao":"Genérico"},"medicamentoReferencia":"Buscopan composto","categoriaProduto":null,"tipoAutorizacao":"REGISTRADO","numeroRegistroFormatado":"138410068","mesAnoVencimentoFormatado":"10/2025","acancelar":false},"empresa":{"cnpj":"02456955000183","razaoSocial":"NATULAB LABORATÓRIO S.A","numeroAutorizacao":"1038413","cnpjFormatado":"02.456.955/0001-83"},"processo":{"numero":"25351627087201243","situacao":29,"numeroProcessoFormatado":"25351.627087/2012-43"}},{"ordem":15,"produto":{"codigo":751947,"nome":"BÊVITER","numeroRegistro":"138410048","tipo":{"codigo":1,"descricao":null},"categoria":null,"situacaoRotulo":null,"dataVencimento":null,"mesAnoVencimento":"082026","dataVencimentoRegistro":"2026-08-01T00:00:00.000-0300","principioAtivo":"CLORIDRATO DE TIAMINA","situacaoApresentacao":"Válido","dataRegistro":"2011-08-08T00:00:00.000-0300","categoriaRegulatoria":{"codigo":3,"descricao":"Específico"},"medicamentoReferencia":null,"categoriaProduto":null,"tipoAutorizacao":"REGISTRADO","numeroRegistroFormatado":"138410048","mesAnoVencimentoFormatado":"08/2026","acancelar":false},"empresa":{"cnpj":"02456955000183","razaoSocial":"NATULAB LABORATÓRIO S.A","numeroAutorizacao":"1038413","cnpjFormatado":"02.456.955/0001-83"},"processo":{"numero":"25351141589201159","situacao":29,"numeroProcessoFormatado":"25351.141589/2011-59"}},{"ordem":16,"produto":{"codigo":630915,"nome":"CALCIOVITAL B12","numeroRegistro":"138410038","tipo":{"codigo":1,"descricao":null},"categoria":null,"situacaoRotulo":null,"dataVencimento":null,"mesAnoVencimento":"102019","dataVencimentoRegistro":"2019-10-01T00:00:00.000-0300","principioAtivo":null,"situacaoApresentacao":"Caduco/Cancelado","dataRegistro":"2009-10-05T00:00:00.000-0300","categoriaRegulatoria":{"codigo":3,"descricao":"Específico"},"medicamentoReferencia":null,"categoriaProduto":null,"tipoAutorizacao":"REGISTRADO","numeroRegistroFormatado":"138410038","mesAnoVencimentoFormatado":"10/2019","acancelar":false},"empresa":{"cnpj":"02456955000183","razaoSocial":"NATULAB LABORATÓRIO S.A","numeroAutorizacao":"1038413","cnpjFormatado":"02.456.955/0001-83"},"processo":{"numero":"25351124746200990","situacao":29,"numeroProcessoFormatado":"25351.124746/2009-90"}},{"ordem":17,"produto":{"codigo":274239,"nome":"CALCITRIMAX","numeroRegistro":"138410015","tipo":{"codigo":1,"descricao":null},"categoria":null,"situacaoRotulo":null,"dataVencimento":null,"mesAnoVencimento":"052008","dataVencimentoRegistro":"2008-05-01T00:00:00.000-0300","principioAtivo":null,"situacaoApresentacao":"Caduco/Cancelado","dataRegistro":"2003-05-16T00:00:00.000-0300","categoriaRegulatoria":{"codigo":8,"descricao":"Similar"},"medicamentoReferencia":null,"categoriaProduto":null,"tipoAutorizacao":"REGISTRADO","numeroRegistroFormatado":"138410015","mesAnoVencimentoFormatado":"05/2008","acancelar":false},"empresa":{"cnpj":"02456955000183","razaoSocial":"NATULAB LABORATÓRIO S.A","numeroAutorizacao":"1038413","cnpjFormatado":"02.456.955/0001-83"},"processo":{"numero":"25351224974200206","situacao":29,"numeroProcessoFormatado":"25351.224974/2002-06"}},{"ordem":18,"produto":{"codigo":903929,"nome":"CARDOMARIN","numeroRegistro":"138410061","tipo":{"codigo":1,"descricao":null},"categoria":null,"situacaoRotulo":null,"dataVencimento":null,"mesAnoVencimento":"032029","dataVencimentoRegistro":"2029-03-01T00:00:00.000-0300","principioAtivo":"SILYBUM MARIANUM (L.) GAERTN","situacaoApresentacao":"Válido","dataRegistro":"2014-03-17T00:00:00.000-0300","categoriaRegulatoria":{"codigo":4,"descricao":"Fitoterápico"},"medicamentoReferencia":null,"categoriaProduto":null,"tipoAutorizacao":"REGISTRADO","numeroRegistroFormatado":"138410061","mesAnoVencimentoFormatado":"03/2029","acancelar":false},"empresa":{"cnpj":"02456955000183","razaoSocial":"NATULAB LABORATÓRIO S.A","numeroAutorizacao":"1038413","cnpjFormatado":"02.456.955/0001-83"},"processo":{"numero":"25351281768201384","situacao":29,"numeroProcessoFormatado":"25351.281768/2013-84"}},{"ordem":19,"produto":{"codigo":623928,"nome":"COMPLE B","numeroRegistro":"138410044","tipo":{"codigo":1,"descricao":null},"categoria":null,"situacaoRotulo":null,"dataVencimento":null,"mesAnoVencimento":"092015","dataVencimentoRegistro":"2015-09-01T00:00:00.000-0300","principioAtivo":null,"situacaoApresentacao":"Caduco/Cancelado","dataRegistro":"2010-09-13T00:00:00.000-0300","categoriaRegulatoria":{"codigo":3,"descricao":"Específico"},"medicamentoReferencia":null,"categoriaProduto":null,"tipoAutorizacao":"REGISTRADO","numeroRegistroFormatado":"138410044","mesAnoVencimentoFormatado":"09/2015","acancelar":false},"empresa":{"cnpj":"02456955000183","razaoSocial":"NATULAB LABORATÓRIO S.A","numeroAutorizacao":"1038413","cnpjFormatado":"02.456.955/0001-83"},"processo":{"numero":"25351064808200962","situacao":29,"numeroProcessoFormatado":"25351.064808/2009-62"}},{"ordem":20,"produto":{"codigo":680428,"nome":"COMPLE B","numeroRegistro":"138410051","tipo":{"codigo":1,"descricao":null},"categoria":null,"situacaoRotulo":null,"dataVencimento":null,"mesAnoVencimento":"122026","dataVencimentoRegistro":"2026-12-01T00:00:00.000-0300","principioAtivo":"CLORIDRATO DE TIAMINA, fosfato sódico de riboflavina, CLORIDRATO DE PIRIDOXINA, NICOTINAMIDA","situacaoApresentacao":"Válido","dataRegistro":"2011-12-05T00:00:00.000-0300","categoriaRegulatoria":{"codigo":3,"descricao":"Específico"},"medicamentoReferencia":null,"categoriaProduto":null,"tipoAutorizacao":"REGISTRADO","numeroRegistroFormatado":"138410051","mesAnoVencimentoFormatado":"12/2026","acancelar":false},"empresa":{"cnpj":"02456955000183","razaoSocial":"NATULAB LABORATÓRIO S.A","numeroAutorizacao":"1038413","cnpjFormatado":"02.456.955/0001-83"},"processo":{"numero":"25351092682201086","situacao":29,"numeroProcessoFormatado":"25351.092682/2010-86"}},{"ordem":21,"produto":{"codigo":3547127,"nome":"DORENXAQ","numeroRegistro":"138410076","tipo":{"codigo":1,"descricao":null},"categoria":null,"situacaoRotulo":null,"dataVencimento":null,"mesAnoVencimento":null,"dataVencimentoRegistro":null,"principioAtivo":"DIPIRONA, dipirona monoidratada","situacaoApresentacao":"Válido","dataRegistro":"2022-08-30T00:00:00.000-0300","categoriaRegulatoria":{"codigo":8,"descricao":"Similar"},"medicamentoReferencia":"Novalgina (Comprimidos 1g)","categoriaProduto":null,"tipoAutorizacao":"REGISTRADO","numeroRegistroFormatado":"138410076","mesAnoVencimentoFormatado":"","acancelar":false},"empresa":{"cnpj":"02456955000183","razaoSocial":"NATULAB LABORATÓRIO S.A","numeroAutorizacao":"1038413","cnpjFormatado":"02.456.955/0001-83"},"processo":{"numero":"25351701237202195","situacao":29,"numeroProcessoFormatado":"25351.701237/2021-95"}},{"ordem":22,"produto":{"codigo":1369266,"nome":"DVITERD3","numeroRegistro":"138410074","tipo":{"codigo":1,"descricao":null},"categoria":null,"situacaoRotulo":null,"dataVencimento":null,"mesAnoVencimento":"082030","dataVencimentoRegistro":"2030-08-01T00:00:00.000-0300","principioAtivo":"COLECALCIFEROL","situacaoApresentacao":"Válido","dataRegistro":"2020-08-17T00:00:00.000-0300","categoriaRegulatoria":{"codigo":3,"descricao":"Específico"},"medicamentoReferencia":null,"categoriaProduto":null,"tipoAutorizacao":"REGISTRADO","numeroRegistroFormatado":"138410074","mesAnoVencimentoFormatado":"08/2030","acancelar":false},"empresa":{"cnpj":"02456955000183","razaoSocial":"NATULAB LABORATÓRIO S.A","numeroAutorizacao":"1038413","cnpjFormatado":"02.456.955/0001-83"},"processo":{"numero":"25351655004201999","situacao":29,"numeroProcessoFormatado":"25351.655004/2019-99"}},{"ordem":23,"produto":{"codigo":854907,"nome":"EPAPHYTO","numeroRegistro":"138410055","tipo":{"codigo":1,"descricao":null},"categoria":null,"situacaoRotulo":null,"dataVencimento":null,"mesAnoVencimento":"052028","dataVencimentoRegistro":"2028-05-01T00:00:00.000-0300","principioAtivo":"PEUMUS BOLDUS MOLINA","situacaoApresentacao":"Válido","dataRegistro":"2013-05-20T00:00:00.000-0300","categoriaRegulatoria":{"codigo":4,"descricao":"Fitoterápico"},"medicamentoReferencia":null,"categoriaProduto":null,"tipoAutorizacao":"REGISTRADO","numeroRegistroFormatado":"138410055","mesAnoVencimentoFormatado":"05/2028","acancelar":false},"empresa":{"cnpj":"02456955000183","razaoSocial":"NATULAB LABORATÓRIO S.A","numeroAutorizacao":"1038413","cnpjFormatado":"02.456.955/0001-83"},"processo":{"numero":"25351370068201240","situacao":29,"numeroProcessoFormatado":"25351.370068/2012-40"}},{"ordem":24,"produto":{"codigo":854273,"nome":"ESPINHEIRA SANTA NATULAB","numeroRegistro":"138410053","tipo":{"codigo":1,"descricao":null},"categoria":null,"situacaoRotulo":null,"dataVencimento":null,"mesAnoVencimento":"042028","dataVencimentoRegistro":"2028-04-01T00:00:00.000-0300","principioAtivo":"MONTEVERDIA ILICIFOLIA (MART. EX REISSEK) BIRAL","situacaoApresentacao":"Válido","dataRegistro":"2013-04-08T00:00:00.000-0300","categoriaRegulatoria":{"codigo":4,"descricao":"Fitoterápico"},"medicamentoReferencia":null,"categoriaProduto":null,"tipoAutorizacao":"REGISTRADO","numeroRegistroFormatado":"138410053","mesAnoVencimentoFormatado":"04/2028","acancelar":false},"empresa":{"cnpj":"02456955000183","razaoSocial":"NATULAB LABORATÓRIO S.A","numeroAutorizacao":"1038413","cnpjFormatado":"02.456.955/0001-83"},"processo":{"numero":"25351096103201243","situacao":29,"numeroProcessoFormatado":"25351.096103/2012-43"}},{"ordem":25,"produto":{"codigo":421521,"nome":"EXPECTOFLUI","numeroRegistro":"138410021","tipo":{"codigo":1,"descricao":null},"categoria":null,"situacaoRotulo":null,"dataVencimento":null,"mesAnoVencimento":"102025","dataVencimentoRegistro":"2025-10-01T00:00:00.000-0300","principioAtivo":"GUAIFENESINA","situacaoApresentacao":"Válido","dataRegistro":"2005-10-04T00:00:00.000-0300","categoriaRegulatoria":{"codigo":8,"descricao":"Similar"},"medicamentoReferencia":null,"categoriaProduto":null,"tipoAutorizacao":"REGISTRADO","numeroRegistroFormatado":"138410021","mesAnoVencimentoFormatado":"10/2025","acancelar":false},"empresa":{"cnpj":"02456955000183","razaoSocial":"NATULAB LABORATÓRIO S.A","numeroAutorizacao":"1038413","cnpjFormatado":"02.456.955/0001-83"},"processo":{"numero":"25351191441200575","situacao":29,"numeroProcessoFormatado":"25351.191441/2005-75"}},{"ordem":26,"produto":{"codigo":891056,"nome":"FLEBLIV","numeroRegistro":"138410058","tipo":{"codigo":1,"descricao":null},"categoria":null,"situacaoRotulo":null,"dataVencimento":null,"mesAnoVencimento":"072028","dataVencimentoRegistro":"2028-07-01T00:00:00.000-0300","principioAtivo":"PINUS PINASTER AITON","situacaoApresentacao":"Válido","dataRegistro":"2013-07-29T00:00:00.000-0300","categoriaRegulatoria":{"codigo":4,"descricao":"Fitoterápico"},"medicamentoReferencia":null,"categoriaProduto":null,"tipoAutorizacao":"REGISTRADO","numeroRegistroFormatado":"138410058","mesAnoVencimentoFormatado":"07/2028","acancelar":false},"empresa":{"cnpj":"02456955000183","razaoSocial":"NATULAB LABORATÓRIO S.A","numeroAutorizacao":"1038413","cnpjFormatado":"02.456.955/0001-83"},"processo":{"numero":"25351701457201225","situacao":29,"numeroProcessoFormatado":"25351.701457/2012-25"}},{"ordem":27,"produto":{"codigo":1321677,"nome":"FLORATIL","numeroRegistro":"138410071","tipo":{"codigo":1,"descricao":null},"categoria":null,"situacaoRotulo":null,"dataVencimento":null,"mesAnoVencimento":"022030","dataVencimentoRegistro":"2030-02-01T00:00:00.000-0300","principioAtivo":null,"situacaoApresentacao":"Caduco/Cancelado","dataRegistro":"2019-05-13T00:00:00.000-0300","categoriaRegulatoria":{"codigo":1,"descricao":"Biológico"},"medicamentoReferencia":null,"categoriaProduto":null,"tipoAutorizacao":"REGISTRADO","numeroRegistroFormatado":"138410071","mesAnoVencimentoFormatado":"02/2030","acancelar":false},"empresa":{"cnpj":"02456955000183","razaoSocial":"NATULAB LABORATÓRIO S.A","numeroAutorizacao":"1038413","cnpjFormatado":"02.456.955/0001-83"},"processo":{"numero":"25351134035201919","situacao":29,"numeroProcessoFormatado":"25351.134035/2019-19"}},{"ordem":28,"produto":{"codigo":274247,"nome":"FUNGILAB","numeroRegistro":"138410016","tipo":{"codigo":1,"descricao":null},"categoria":null,"situacaoRotulo":null,"dataVencimento":"2008-05-28T00:00:00.000-0300","mesAnoVencimento":"052008","dataVencimentoRegistro":"2008-05-01T00:00:00.000-0300","principioAtivo":null,"situacaoApresentacao":"Caduco/Cancelado","dataRegistro":"2003-05-16T00:00:00.000-0300","categoriaRegulatoria":{"codigo":8,"descricao":"Similar"},"medicamentoReferencia":null,"categoriaProduto":null,"tipoAutorizacao":"REGISTRADO","numeroRegistroFormatado":"138410016","mesAnoVencimentoFormatado":"05/2008","acancelar":false},"empresa":{"cnpj":"02456955000183","razaoSocial":"NATULAB LABORATÓRIO S.A","numeroAutorizacao":"1038413","cnpjFormatado":"02.456.955/0001-83"},"processo":{"numero":"25351224983200299","situacao":20,"numeroProcessoFormatado":"25351.224983/2002-99"}},{"ordem":29,"produto":{"codigo":438213,"nome":"GINKGOLAB","numeroRegistro":"138410026","tipo":{"codigo":1,"descricao":null},"categoria":null,"situacaoRotulo":null,"dataVencimento":null,"mesAnoVencimento":"122010","dataVencimentoRegistro":"2010-12-01T00:00:00.000-0300","principioAtivo":null,"situacaoApresentacao":"Caduco/Cancelado","dataRegistro":"2005-12-12T00:00:00.000-0300","categoriaRegulatoria":{"codigo":4,"descricao":"Fitoterápico"},"medicamentoReferencia":null,"categoriaProduto":null,"tipoAutorizacao":"REGISTRADO","numeroRegistroFormatado":"138410026","mesAnoVencimentoFormatado":"12/2010","acancelar":false},"empresa":{"cnpj":"02456955000183","razaoSocial":"NATULAB LABORATÓRIO S.A","numeroAutorizacao":"1038413","cnpjFormatado":"02.456.955/0001-83"},"processo":{"numero":"25351426037200528","situacao":29,"numeroProcessoFormatado":"25351.426037/2005-28"}},{"ordem":30,"produto":{"codigo":612692,"nome":"HELMILAB","numeroRegistro":"138410036","tipo":{"codigo":1,"descricao":null},"categoria":null,"situacaoRotulo":null,"dataVencimento":null,"mesAnoVencimento":"072029","dataVencimentoRegistro":"2029-07-01T00:00:00.000-0300","principioAtivo":"MEBENDAZOL","situacaoApresentacao":"Válido","dataRegistro":"2009-07-06T00:00:00.000-0300","categoriaRegulatoria":{"codigo":8,"descricao":"Similar"},"medicamentoReferencia":"PANTELMIN","categoriaProduto":null,"tipoAutorizacao":"REGISTRADO","numeroRegistroFormatado":"138410036","mesAnoVencimentoFormatado":"07/2029","acancelar":false},"empresa":{"cnpj":"02456955000183","razaoSocial":"NATULAB LABORATÓRIO S.A","numeroAutorizacao":"1038413","cnpjFormatado":"02.456.955/0001-83"},"processo":{"numero":"25351446145200860","situacao":29,"numeroProcessoFormatado":"25351.446145/2008-60"}},{"ordem":31,"produto":{"codigo":760150,"nome":"HIDRALYTE","numeroRegistro":"138410049","tipo":{"codigo":1,"descricao":null},"categoria":null,"situacaoRotulo":null,"dataVencimento":null,"mesAnoVencimento":"112026","dataVencimentoRegistro":"2026-11-01T00:00:00.000-0300","principioAtivo":"CLORETO DE SÓDIO, CITRATO DE SÓDIO DIHIDRATADO, GLICOSE ANIDRA, CITRATO DE POTÁSSIO MONOIDRATADO","situacaoApresentacao":"Válido","dataRegistro":"2011-11-28T00:00:00.000-0300","categoriaRegulatoria":{"codigo":3,"descricao":"Específico"},"medicamentoReferencia":null,"categoriaProduto":null,"tipoAutorizacao":"REGISTRADO","numeroRegistroFormatado":"138410049","mesAnoVencimentoFormatado":"11/2026","acancelar":false},"empresa":{"cnpj":"02456955000183","razaoSocial":"NATULAB LABORATÓRIO S.A","numeroAutorizacao":"1038413","cnpjFormatado":"02.456.955/0001-83"},"processo":{"numero":"25351265856201118","situacao":29,"numeroProcessoFormatado":"25351.265856/2011-18"}},{"ordem":32,"produto":{"codigo":165128,"nome":"HIDROXIDO DE MAGNESIO","numeroRegistro":"138410006","tipo":{"codigo":1,"descricao":null},"categoria":null,"situacaoRotulo":null,"dataVencimento":null,"mesAnoVencimento":"112007","dataVencimentoRegistro":"2007-11-01T00:00:00.000-0300","principioAtivo":null,"situacaoApresentacao":"Caduco/Cancelado","dataRegistro":"2002-11-04T00:00:00.000-0300","categoriaRegulatoria":{"codigo":8,"descricao":"Similar"},"medicamentoReferencia":null,"categoriaProduto":null,"tipoAutorizacao":"REGISTRADO","numeroRegistroFormatado":"138410006","mesAnoVencimentoFormatado":"11/2007","acancelar":false},"empresa":{"cnpj":"02456955000183","razaoSocial":"NATULAB LABORATÓRIO S.A","numeroAutorizacao":"1038413","cnpjFormatado":"02.456.955/0001-83"},"processo":{"numero":"253510236060146","situacao":29,"numeroProcessoFormatado":"25351.023606/01-46"}},{"ordem":33,"produto":{"codigo":524954,"nome":"IBUPROTRAT","numeroRegistro":"138410033","tipo":{"codigo":1,"descricao":null},"categoria":null,"situacaoRotulo":null,"dataVencimento":null,"mesAnoVencimento":"052028","dataVencimentoRegistro":"2028-05-01T00:00:00.000-0300","principioAtivo":"IBUPROFENO","situacaoApresentacao":"Válido","dataRegistro":"2007-07-23T00:00:00.000-0300","categoriaRegulatoria":{"codigo":8,"descricao":"Similar"},"medicamentoReferencia":"ALIVIUM","categoriaProduto":null,"tipoAutorizacao":"REGISTRADO","numeroRegistroFormatado":"138410033","mesAnoVencimentoFormatado":"05/2028","acancelar":false},"empresa":{"cnpj":"02456955000183","razaoSocial":"NATULAB LABORATÓRIO S.A","numeroAutorizacao":"1038413","cnpjFormatado":"02.456.955/0001-83"},"processo":{"numero":"25351445805200542","situacao":29,"numeroProcessoFormatado":"25351.445805/2005-42"}},{"ordem":34,"produto":{"codigo":1381076,"nome":"IBUPROTRAT CM","numeroRegistro":"138410075","tipo":{"codigo":1,"descricao":null},"categoria":null,"situacaoRotulo":null,"dataVencimento":"2032-06-27T00:00:00.000-0300","mesAnoVencimento":"062032","dataVencimentoRegistro":"2032-06-01T00:00:00.000-0300","principioAtivo":"IBUPROFENO","situacaoApresentacao":"Válido","dataRegistro":"2022-06-27T00:00:00.000-0300","categoriaRegulatoria":{"codigo":8,"descricao":"Similar"},"medicamentoReferencia":"ADVIL","categoriaProduto":null,"tipoAutorizacao":"REGISTRADO","numeroRegistroFormatado":"138410075","mesAnoVencimentoFormatado":"06/2032","acancelar":false},"empresa":{"cnpj":"02456955000183","razaoSocial":"NATULAB LABORATÓRIO S.A","numeroAutorizacao":"1038413","cnpjFormatado":"02.456.955/0001-83"},"processo":{"numero":"25351749234201918","situacao":29,"numeroProcessoFormatado":"25351.749234/2019-18"}},{"ordem":35,"produto":{"codigo":125868,"nome":"IODEMAX","numeroRegistro":"138410001","tipo":{"codigo":1,"descricao":null},"categoria":null,"situacaoRotulo":null,"dataVencimento":null,"mesAnoVencimento":"052007","dataVencimentoRegistro":"2007-05-01T00:00:00.000-0300","principioAtivo":null,"situacaoApresentacao":"Caduco/Cancelado","dataRegistro":"2002-05-29T00:00:00.000-0300","categoriaRegulatoria":{"codigo":8,"descricao":"Similar"},"medicamentoReferencia":null,"categoriaProduto":null,"tipoAutorizacao":"REGISTRADO","numeroRegistroFormatado":"138410001","mesAnoVencimentoFormatado":"05/2007","acancelar":false},"empresa":{"cnpj":"02456955000183","razaoSocial":"NATULAB LABORATÓRIO S.A","numeroAutorizacao":"1038413","cnpjFormatado":"02.456.955/0001-83"},"processo":{"numero":"253510273590111","situacao":29,"numeroProcessoFormatado":"25351.027359/01-11"}},{"ordem":36,"produto":{"codigo":438216,"nome":"ISOFLASOY","numeroRegistro":"138410025","tipo":{"codigo":1,"descricao":null},"categoria":null,"situacaoRotulo":null,"dataVencimento":null,"mesAnoVencimento":"122010","dataVencimentoRegistro":"2010-12-01T00:00:00.000-0300","principioAtivo":null,"situacaoApresentacao":"Caduco/Cancelado","dataRegistro":"2005-12-12T00:00:00.000-0300","categoriaRegulatoria":{"codigo":4,"descricao":"Fitoterápico"},"medicamentoReferencia":null,"categoriaProduto":null,"tipoAutorizacao":"REGISTRADO","numeroRegistroFormatado":"138410025","mesAnoVencimentoFormatado":"12/2010","acancelar":false},"empresa":{"cnpj":"02456955000183","razaoSocial":"NATULAB LABORATÓRIO S.A","numeroAutorizacao":"1038413","cnpjFormatado":"02.456.955/0001-83"},"processo":{"numero":"25351425027200575","situacao":29,"numeroProcessoFormatado":"25351.425027/2005-75"}},{"ordem":37,"produto":{"codigo":960602,"nome":"KOLLANGEL FF","numeroRegistro":"138410062","tipo":{"codigo":1,"descricao":null},"categoria":null,"situacaoRotulo":null,"dataVencimento":null,"mesAnoVencimento":"102029","dataVencimentoRegistro":"2029-10-01T00:00:00.000-0300","principioAtivo":"HIDROXIDO DE ALUMÍNIO, HIDROXIDO DE MAGNESIO","situacaoApresentacao":"Válido","dataRegistro":"2014-10-06T00:00:00.000-0300","categoriaRegulatoria":{"codigo":3,"descricao":"Específico"},"medicamentoReferencia":null,"categoriaProduto":null,"tipoAutorizacao":"REGISTRADO","numeroRegistroFormatado":"138410062","mesAnoVencimentoFormatado":"10/2029","acancelar":false},"empresa":{"cnpj":"02456955000183","razaoSocial":"NATULAB LABORATÓRIO S.A","numeroAutorizacao":"1038413","cnpjFormatado":"02.456.955/0001-83"},"processo":{"numero":"25351751035201313","situacao":29,"numeroProcessoFormatado":"25351.751035/2013-13"}},{"ordem":38,"produto":{"codigo":762017,"nome":"KOLLANGEL TABS","numeroRegistro":"138410052","tipo":{"codigo":1,"descricao":null},"categoria":null,"situacaoRotulo":null,"dataVencimento":null,"mesAnoVencimento":"022027","dataVencimentoRegistro":"2027-02-01T00:00:00.000-0300","principioAtivo":"HIDRÓXIDO DE ALUMÍNIO, HIDRÓXIDO DE MAGNÉSIO, CARBONATO DE CÁLCIO","situacaoApresentacao":"Válido","dataRegistro":"2012-02-06T00:00:00.000-0300","categoriaRegulatoria":{"codigo":3,"descricao":"Específico"},"medicamentoReferencia":null,"categoriaProduto":null,"tipoAutorizacao":"REGISTRADO","numeroRegistroFormatado":"138410052","mesAnoVencimentoFormatado":"02/2027","acancelar":false},"empresa":{"cnpj":"02456955000183","razaoSocial":"NATULAB LABORATÓRIO S.A","numeroAutorizacao":"1038413","cnpjFormatado":"02.456.955/0001-83"},"processo":{"numero":"25351297022201148","situacao":29,"numeroProcessoFormatado":"25351.297022/2011-48"}},{"ordem":39,"produto":{"codigo":781107,"nome":"L-ENEMA","numeroRegistro":"138410054","tipo":{"codigo":1,"descricao":null},"categoria":null,"situacaoRotulo":null,"dataVencimento":null,"mesAnoVencimento":"052018","dataVencimentoRegistro":"2018-05-01T00:00:00.000-0300","principioAtivo":null,"situacaoApresentacao":"Caduco/Cancelado","dataRegistro":"2013-05-03T00:00:00.000-0300","categoriaRegulatoria":{"codigo":3,"descricao":"Específico"},"medicamentoReferencia":null,"categoriaProduto":null,"tipoAutorizacao":"REGISTRADO","numeroRegistroFormatado":"138410054","mesAnoVencimentoFormatado":"05/2018","acancelar":false},"empresa":{"cnpj":"02456955000183","razaoSocial":"NATULAB LABORATÓRIO S.A","numeroAutorizacao":"1038413","cnpjFormatado":"02.456.955/0001-83"},"processo":{"numero":"25351422814201180","situacao":29,"numeroProcessoFormatado":"25351.422814/2011-80"}},{"ordem":40,"produto":{"codigo":137844,"nome":"MASFEROL","numeroRegistro":"138410004","tipo":{"codigo":1,"descricao":null},"categoria":null,"situacaoRotulo":null,"dataVencimento":null,"mesAnoVencimento":"082027","dataVencimentoRegistro":"2027-08-01T00:00:00.000-0300","principioAtivo":"SULFATO FERROSO HEPTAIDRATADO","situacaoApresentacao":"Válido","dataRegistro":"2002-08-26T00:00:00.000-0300","categoriaRegulatoria":{"codigo":3,"descricao":"Específico"},"medicamentoReferencia":null,"categoriaProduto":null,"tipoAutorizacao":"REGISTRADO","numeroRegistroFormatado":"138410004","mesAnoVencimentoFormatado":"08/2027","acancelar":false},"empresa":{"cnpj":"02456955000183","razaoSocial":"NATULAB LABORATÓRIO S.A","numeroAutorizacao":"1038413","cnpjFormatado":"02.456.955/0001-83"},"processo":{"numero":"253510128740123","situacao":29,"numeroProcessoFormatado":"25351.012874/01-23"}},{"ordem":41,"produto":{"codigo":125554,"nome":"MAXALGINA","numeroRegistro":"138410002","tipo":{"codigo":1,"descricao":null},"categoria":null,"situacaoRotulo":null,"dataVencimento":null,"mesAnoVencimento":"052027","dataVencimentoRegistro":"2027-05-01T00:00:00.000-0300","principioAtivo":"DIPIRONA, dipirona monoidratada","situacaoApresentacao":"Válido","dataRegistro":"2002-05-29T00:00:00.000-0300","categoriaRegulatoria":{"codigo":8,"descricao":"Similar"},"medicamentoReferencia":"Novalgina (Comprimidos 1g)","categoriaProduto":null,"tipoAutorizacao":"REGISTRADO","numeroRegistroFormatado":"138410002","mesAnoVencimentoFormatado":"05/2027","acancelar":false},"empresa":{"cnpj":"02456955000183","razaoSocial":"NATULAB LABORATÓRIO S.A","numeroAutorizacao":"1038413","cnpjFormatado":"02.456.955/0001-83"},"processo":{"numero":"253510273600108","situacao":29,"numeroProcessoFormatado":"25351.027360/01-08"}},{"ordem":42,"produto":{"codigo":792378,"nome":"MOVINAU","numeroRegistro":"138410073","tipo":{"codigo":1,"descricao":null},"categoria":null,"situacaoRotulo":null,"dataVencimento":null,"mesAnoVencimento":"072030","dataVencimentoRegistro":"2030-07-01T00:00:00.000-0300","principioAtivo":"BROMOPRIDA","situacaoApresentacao":"Válido","dataRegistro":"2020-07-13T00:00:00.000-0300","categoriaRegulatoria":{"codigo":8,"descricao":"Similar"},"medicamentoReferencia":"Digesan®","categoriaProduto":null,"tipoAutorizacao":"REGISTRADO","numeroRegistroFormatado":"138410073","mesAnoVencimentoFormatado":"07/2030","acancelar":false},"empresa":{"cnpj":"02456955000183","razaoSocial":"NATULAB LABORATÓRIO S.A","numeroAutorizacao":"1038413","cnpjFormatado":"02.456.955/0001-83"},"processo":{"numero":"25351655712201154","situacao":29,"numeroProcessoFormatado":"25351.655712/2011-54"}},{"ordem":43,"produto":{"codigo":573430,"nome":"MUCOBRONQ","numeroRegistro":"138410034","tipo":{"codigo":1,"descricao":null},"categoria":null,"situacaoRotulo":null,"dataVencimento":null,"mesAnoVencimento":"012029","dataVencimentoRegistro":"2029-01-01T00:00:00.000-0300","principioAtivo":"CARBOCISTEÍNA","situacaoApresentacao":"Válido","dataRegistro":"2009-01-09T00:00:00.000-0300","categoriaRegulatoria":{"codigo":8,"descricao":"Similar"},"medicamentoReferencia":"MUCOLITIC","categoriaProduto":null,"tipoAutorizacao":"REGISTRADO","numeroRegistroFormatado":"138410034","mesAnoVencimentoFormatado":"01/2029","acancelar":false},"empresa":{"cnpj":"02456955000183","razaoSocial":"NATULAB LABORATÓRIO S.A","numeroAutorizacao":"1038413","cnpjFormatado":"02.456.955/0001-83"},"processo":{"numero":"25351445678200581","situacao":29,"numeroProcessoFormatado":"25351.445678/2005-81"}},{"ordem":44,"produto":{"codigo":611155,"nome":"NASOJET","numeroRegistro":"138410037","tipo":{"codigo":1,"descricao":null},"categoria":null,"situacaoRotulo":null,"dataVencimento":null,"mesAnoVencimento":"072014","dataVencimentoRegistro":"2014-07-01T00:00:00.000-0300","principioAtivo":null,"situacaoApresentacao":"Caduco/Cancelado","dataRegistro":"2009-07-27T00:00:00.000-0300","categoriaRegulatoria":{"codigo":3,"descricao":"Específico"},"medicamentoReferencia":null,"categoriaProduto":null,"tipoAutorizacao":"REGISTRADO","numeroRegistroFormatado":"138410037","mesAnoVencimentoFormatado":"07/2014","acancelar":false},"empresa":{"cnpj":"02456955000183","razaoSocial":"NATULAB LABORATÓRIO S.A","numeroAutorizacao":"1038413","cnpjFormatado":"02.456.955/0001-83"},"processo":{"numero":"25351734953200836","situacao":29,"numeroProcessoFormatado":"25351.734953/2008-36"}},{"ordem":45,"produto":{"codigo":1297992,"nome":"NASOJET 3H","numeroRegistro":"138410072","tipo":{"codigo":1,"descricao":null},"categoria":null,"situacaoRotulo":null,"dataVencimento":null,"mesAnoVencimento":"122024 ","dataVencimentoRegistro":"2024-12-01T00:00:00.000-0300","principioAtivo":"CLORETO DE SÓDIO","situacaoApresentacao":"Válido","dataRegistro":"2019-12-23T00:00:00.000-0300","categoriaRegulatoria":{"codigo":3,"descricao":"Específico"},"medicamentoReferencia":null,"categoriaProduto":null,"tipoAutorizacao":"REGISTRADO","numeroRegistroFormatado":"138410072","mesAnoVencimentoFormatado":"12/2024","acancelar":false},"empresa":{"cnpj":"02456955000183","razaoSocial":"NATULAB LABORATÓRIO S.A","numeroAutorizacao":"1038413","cnpjFormatado":"02.456.955/0001-83"},"processo":{"numero":"25351846394201823","situacao":29,"numeroProcessoFormatado":"25351.846394/2018-23"}},{"ordem":46,"produto":{"codigo":677885,"nome":"NATULAXE","numeroRegistro":"138410042","tipo":{"codigo":1,"descricao":null},"categoria":null,"situacaoRotulo":null,"dataVencimento":null,"mesAnoVencimento":"042025","dataVencimentoRegistro":"2025-04-01T00:00:00.000-0300","principioAtivo":"SENNA ALEXANDRINA MILL.","situacaoApresentacao":"Válido","dataRegistro":"2010-04-19T00:00:00.000-0300","categoriaRegulatoria":{"codigo":4,"descricao":"Fitoterápico"},"medicamentoReferencia":null,"categoriaProduto":null,"tipoAutorizacao":"REGISTRADO","numeroRegistroFormatado":"138410042","mesAnoVencimentoFormatado":"04/2025","acancelar":false},"empresa":{"cnpj":"02456955000183","razaoSocial":"NATULAB LABORATÓRIO S.A","numeroAutorizacao":"1038413","cnpjFormatado":"02.456.955/0001-83"},"processo":{"numero":"25351407727200945","situacao":29,"numeroProcessoFormatado":"25351.407727/2009-45"}},{"ordem":47,"produto":{"codigo":422691,"nome":"NISTAMAX","numeroRegistro":"138410028","tipo":{"codigo":1,"descricao":null},"categoria":null,"situacaoRotulo":null,"dataVencimento":null,"mesAnoVencimento":"012026","dataVencimentoRegistro":"2026-01-01T00:00:00.000-0300","principioAtivo":"NISTATINA","situacaoApresentacao":"Válido","dataRegistro":"2006-01-02T00:00:00.000-0300","categoriaRegulatoria":{"codigo":8,"descricao":"Similar"},"medicamentoReferencia":"MICOSTATIN","categoriaProduto":null,"tipoAutorizacao":"REGISTRADO","numeroRegistroFormatado":"138410028","mesAnoVencimentoFormatado":"01/2026","acancelar":false},"empresa":{"cnpj":"02456955000183","razaoSocial":"NATULAB LABORATÓRIO S.A","numeroAutorizacao":"1038413","cnpjFormatado":"02.456.955/0001-83"},"processo":{"numero":"25351268762200575","situacao":29,"numeroProcessoFormatado":"25351.268762/2005-75"}},{"ordem":48,"produto":{"codigo":964912,"nome":"NUTRI B","numeroRegistro":"138410064","tipo":{"codigo":1,"descricao":null},"categoria":null,"situacaoRotulo":null,"dataVencimento":null,"mesAnoVencimento":"032025","dataVencimentoRegistro":"2025-03-01T00:00:00.000-0300","principioAtivo":"CLORIDRATO DE TIAMINA, fosfato sódico de riboflavina, CLORIDRATO DE PIRIDOXINA, NICOTINAMIDA, PANTOTENATO DE CALCIO","situacaoApresentacao":"Válido","dataRegistro":"2015-03-02T00:00:00.000-0300","categoriaRegulatoria":{"codigo":3,"descricao":"Específico"},"medicamentoReferencia":null,"categoriaProduto":null,"tipoAutorizacao":"REGISTRADO","numeroRegistroFormatado":"138410064","mesAnoVencimentoFormatado":"03/2025","acancelar":false},"empresa":{"cnpj":"02456955000183","razaoSocial":"NATULAB LABORATÓRIO S.A","numeroAutorizacao":"1038413","cnpjFormatado":"02.456.955/0001-83"},"processo":{"numero":"25351134802201441","situacao":29,"numeroProcessoFormatado":"25351.134802/2014-41"}},{"ordem":49,"produto":{"codigo":957499,"nome":"NUTRICRESS","numeroRegistro":"138410067","tipo":{"codigo":1,"descricao":null},"categoria":null,"situacaoRotulo":null,"dataVencimento":null,"mesAnoVencimento":"062025","dataVencimentoRegistro":"2025-06-01T00:00:00.000-0300","principioAtivo":null,"situacaoApresentacao":"Caduco/Cancelado","dataRegistro":"2015-06-29T00:00:00.000-0300","categoriaRegulatoria":{"codigo":3,"descricao":"Específico"},"medicamentoReferencia":null,"categoriaProduto":null,"tipoAutorizacao":"REGISTRADO","numeroRegistroFormatado":"138410067","mesAnoVencimentoFormatado":"06/2025","acancelar":false},"empresa":{"cnpj":"02456955000183","razaoSocial":"NATULAB LABORATÓRIO S.A","numeroAutorizacao":"1038413","cnpjFormatado":"02.456.955/0001-83"},"processo":{"numero":"25351690423201361","situacao":29,"numeroProcessoFormatado":"25351.690423/2013-61"}},{"ordem":50,"produto":{"codigo":442133,"nome":"OSTEOFIX","numeroRegistro":"138410029","tipo":{"codigo":1,"descricao":null},"categoria":null,"situacaoRotulo":null,"dataVencimento":null,"mesAnoVencimento":"012026","dataVencimentoRegistro":"2026-01-01T00:00:00.000-0300","principioAtivo":"CARBONATO DE CÁLCIO, COLECALCIFEROL","situacaoApresentacao":"Válido","dataRegistro":"2006-01-23T00:00:00.000-0300","categoriaRegulatoria":{"codigo":3,"descricao":"Específico"},"medicamentoReferencia":null,"categoriaProduto":null,"tipoAutorizacao":"REGISTRADO","numeroRegistroFormatado":"138410029","mesAnoVencimentoFormatado":"01/2026","acancelar":false},"empresa":{"cnpj":"02456955000183","razaoSocial":"NATULAB LABORATÓRIO S.A","numeroAutorizacao":"1038413","cnpjFormatado":"02.456.955/0001-83"},"processo":{"numero":"25351445734200588","situacao":29,"numeroProcessoFormatado":"25351.445734/2005-88"}},{"ordem":51,"produto":{"codigo":901188,"nome":"PLANTOLAXY","numeroRegistro":"138410059","tipo":{"codigo":1,"descricao":null},"categoria":null,"situacaoRotulo":null,"dataVencimento":null,"mesAnoVencimento":"102028","dataVencimentoRegistro":"2028-10-01T00:00:00.000-0300","principioAtivo":"PLANTAGO OVATA FORSSK.","situacaoApresentacao":"Válido","dataRegistro":"2013-10-14T00:00:00.000-0300","categoriaRegulatoria":{"codigo":4,"descricao":"Fitoterápico"},"medicamentoReferencia":null,"categoriaProduto":null,"tipoAutorizacao":"REGISTRADO","numeroRegistroFormatado":"138410059","mesAnoVencimentoFormatado":"10/2028","acancelar":false},"empresa":{"cnpj":"02456955000183","razaoSocial":"NATULAB LABORATÓRIO S.A","numeroAutorizacao":"1038413","cnpjFormatado":"02.456.955/0001-83"},"processo":{"numero":"25351123535201301","situacao":29,"numeroProcessoFormatado":"25351.123535/2013-01"}},{"ordem":52,"produto":{"codigo":417157,"nome":"POLARADEX","numeroRegistro":"138410020","tipo":{"codigo":1,"descricao":null},"categoria":null,"situacaoRotulo":null,"dataVencimento":null,"mesAnoVencimento":"102025","dataVencimentoRegistro":"2025-10-01T00:00:00.000-0300","principioAtivo":"MALEATO DE DEXCLORFENIRAMINA","situacaoApresentacao":"Válido","dataRegistro":"2005-10-04T00:00:00.000-0300","categoriaRegulatoria":{"codigo":8,"descricao":"Similar"},"medicamentoReferencia":"POLARAMINE","categoriaProduto":null,"tipoAutorizacao":"REGISTRADO","numeroRegistroFormatado":"138410020","mesAnoVencimentoFormatado":"10/2025","acancelar":false},"empresa":{"cnpj":"02456955000183","razaoSocial":"NATULAB LABORATÓRIO S.A","numeroAutorizacao":"1038413","cnpjFormatado":"02.456.955/0001-83"},"processo":{"numero":"25351191574200541","situacao":29,"numeroProcessoFormatado":"25351.191574/2005-41"}},{"ordem":53,"produto":{"codigo":1103808,"nome":"Pausefemme","numeroRegistro":"138410070","tipo":{"codigo":1,"descricao":null},"categoria":null,"situacaoRotulo":null,"dataVencimento":null,"mesAnoVencimento":"032027","dataVencimentoRegistro":"2027-03-01T00:00:00.000-0300","principioAtivo":"GLYCINE MAX (L.) MERR.","situacaoApresentacao":"Válido","dataRegistro":"2017-03-06T00:00:00.000-0300","categoriaRegulatoria":{"codigo":4,"descricao":"Fitoterápico"},"medicamentoReferencia":null,"categoriaProduto":null,"tipoAutorizacao":"REGISTRADO","numeroRegistroFormatado":"138410070","mesAnoVencimentoFormatado":"03/2027","acancelar":false},"empresa":{"cnpj":"02456955000183","razaoSocial":"NATULAB LABORATÓRIO S.A","numeroAutorizacao":"1038413","cnpjFormatado":"02.456.955/0001-83"},"processo":{"numero":"25351304404201511","situacao":29,"numeroProcessoFormatado":"25351.304404/2015-11"}},{"ordem":54,"produto":{"codigo":270282,"nome":"RANIMAX","numeroRegistro":"138410012","tipo":{"codigo":1,"descricao":null},"categoria":null,"situacaoRotulo":null,"dataVencimento":null,"mesAnoVencimento":"042013","dataVencimentoRegistro":"2013-04-01T00:00:00.000-0300","principioAtivo":null,"situacaoApresentacao":"Caduco/Cancelado","dataRegistro":"2003-04-11T00:00:00.000-0300","categoriaRegulatoria":{"codigo":8,"descricao":"Similar"},"medicamentoReferencia":null,"categoriaProduto":null,"tipoAutorizacao":"REGISTRADO","numeroRegistroFormatado":"138410012","mesAnoVencimentoFormatado":"04/2013","acancelar":false},"empresa":{"cnpj":"02456955000183","razaoSocial":"NATULAB LABORATÓRIO S.A","numeroAutorizacao":"1038413","cnpjFormatado":"02.456.955/0001-83"},"processo":{"numero":"25351008872200318","situacao":20,"numeroProcessoFormatado":"25351.008872/2003-18"}},{"ordem":55,"produto":{"codigo":422846,"nome":"RIFOTRAT","numeroRegistro":"138410022","tipo":{"codigo":1,"descricao":null},"categoria":null,"situacaoRotulo":null,"dataVencimento":null,"mesAnoVencimento":"102025","dataVencimentoRegistro":"2025-10-01T00:00:00.000-0300","principioAtivo":"RIFAMICINA","situacaoApresentacao":"Válido","dataRegistro":"2005-10-04T00:00:00.000-0300","categoriaRegulatoria":{"codigo":8,"descricao":"Similar"},"medicamentoReferencia":"RIFOCINA","categoriaProduto":null,"tipoAutorizacao":"REGISTRADO","numeroRegistroFormatado":"138410022","mesAnoVencimentoFormatado":"10/2025","acancelar":false},"empresa":{"cnpj":"02456955000183","razaoSocial":"NATULAB LABORATÓRIO S.A","numeroAutorizacao":"1038413","cnpjFormatado":"02.456.955/0001-83"},"processo":{"numero":"25351191361200510","situacao":29,"numeroProcessoFormatado":"25351.191361/2005-10"}},{"ordem":56,"produto":{"codigo":445270,"nome":"SEAKALM","numeroRegistro":"138410031","tipo":{"codigo":1,"descricao":null},"categoria":null,"situacaoRotulo":null,"dataVencimento":null,"mesAnoVencimento":null,"dataVencimentoRegistro":null,"principioAtivo":null,"situacaoApresentacao":"Caduco/Cancelado","dataRegistro":"2006-06-12T00:00:00.000-0300","categoriaRegulatoria":{"codigo":4,"descricao":"Fitoterápico"},"medicamentoReferencia":null,"categoriaProduto":null,"tipoAutorizacao":"REGISTRADO","numeroRegistroFormatado":"138410031","mesAnoVencimentoFormatado":"","acancelar":false},"empresa":{"cnpj":"02456955000183","razaoSocial":"NATULAB LABORATÓRIO S.A","numeroAutorizacao":"1038413","cnpjFormatado":"02.456.955/0001-83"},"processo":{"numero":"25351004426200687","situacao":31,"numeroProcessoFormatado":"25351.004426/2006-87"}},{"ordem":57,"produto":{"codigo":635912,"nome":"SEAKALM","numeroRegistro":"138410039","tipo":{"codigo":1,"descricao":null},"categoria":null,"situacaoRotulo":null,"dataVencimento":null,"mesAnoVencimento":"102029","dataVencimentoRegistro":"2029-10-01T00:00:00.000-0300","principioAtivo":"Passiflora incarnata L.","situacaoApresentacao":"Válido","dataRegistro":"2009-10-26T00:00:00.000-0300","categoriaRegulatoria":{"codigo":4,"descricao":"Fitoterápico"},"medicamentoReferencia":null,"categoriaProduto":null,"tipoAutorizacao":"REGISTRADO","numeroRegistroFormatado":"138410039","mesAnoVencimentoFormatado":"10/2029","acancelar":false},"empresa":{"cnpj":"02456955000183","razaoSocial":"NATULAB LABORATÓRIO S.A","numeroAutorizacao":"1038413","cnpjFormatado":"02.456.955/0001-83"},"processo":{"numero":"25351088705200950","situacao":29,"numeroProcessoFormatado":"25351.088705/2009-50"}},{"ordem":58,"produto":{"codigo":612654,"nome":"STARFOR C","numeroRegistro":"138410041","tipo":{"codigo":1,"descricao":null},"categoria":null,"situacaoRotulo":null,"dataVencimento":null,"mesAnoVencimento":"042025","dataVencimentoRegistro":"2025-04-01T00:00:00.000-0300","principioAtivo":"ASPARTATO DE ARGININA, ÁCIDO ASCÓRBICO","situacaoApresentacao":"Válido","dataRegistro":"2010-03-29T00:00:00.000-0300","categoriaRegulatoria":{"codigo":3,"descricao":"Específico"},"medicamentoReferencia":null,"categoriaProduto":null,"tipoAutorizacao":"REGISTRADO","numeroRegistroFormatado":"138410041","mesAnoVencimentoFormatado":"04/2025","acancelar":false},"empresa":{"cnpj":"02456955000183","razaoSocial":"NATULAB LABORATÓRIO S.A","numeroAutorizacao":"1038413","cnpjFormatado":"02.456.955/0001-83"},"processo":{"numero":"25351748853200811","situacao":29,"numeroProcessoFormatado":"25351.748853/2008-11"}},{"ordem":59,"produto":{"codigo":273810,"nome":"TRIOFORMA","numeroRegistro":"138410014","tipo":{"codigo":1,"descricao":null},"categoria":null,"situacaoRotulo":null,"dataVencimento":null,"mesAnoVencimento":"052013","dataVencimentoRegistro":"2013-05-01T00:00:00.000-0300","principioAtivo":null,"situacaoApresentacao":"Caduco/Cancelado","dataRegistro":"2003-05-12T00:00:00.000-0300","categoriaRegulatoria":{"codigo":8,"descricao":"Similar"},"medicamentoReferencia":null,"categoriaProduto":null,"tipoAutorizacao":"REGISTRADO","numeroRegistroFormatado":"138410014","mesAnoVencimentoFormatado":"05/2013","acancelar":false},"empresa":{"cnpj":"02456955000183","razaoSocial":"NATULAB LABORATÓRIO S.A","numeroAutorizacao":"1038413","cnpjFormatado":"02.456.955/0001-83"},"processo":{"numero":"25351164394200244","situacao":29,"numeroProcessoFormatado":"25351.164394/2002-44"}},{"ordem":60,"produto":{"codigo":137797,"nome":"TYLEMAX","numeroRegistro":"138410003","tipo":{"codigo":1,"descricao":null},"categoria":null,"situacaoRotulo":null,"dataVencimento":"2026-06-17T00:00:00.000-0300","mesAnoVencimento":"072027","dataVencimentoRegistro":"2027-07-01T00:00:00.000-0300","principioAtivo":null,"situacaoApresentacao":"Caduco/Cancelado","dataRegistro":"2002-07-01T00:00:00.000-0300","categoriaRegulatoria":{"codigo":8,"descricao":"Similar"},"medicamentoReferencia":null,"categoriaProduto":null,"tipoAutorizacao":"REGISTRADO","numeroRegistroFormatado":"138410003","mesAnoVencimentoFormatado":"07/2027","acancelar":false},"empresa":{"cnpj":"02456955000183","razaoSocial":"NATULAB LABORATÓRIO S.A","numeroAutorizacao":"1038413","cnpjFormatado":"02.456.955/0001-83"},"processo":{"numero":"253510236040111","situacao":29,"numeroProcessoFormatado":"25351.023604/01-11"}},{"ordem":61,"produto":{"codigo":1107794,"nome":"Urocist","numeroRegistro":"138410069","tipo":{"codigo":1,"descricao":null},"categoria":null,"situacaoRotulo":null,"dataVencimento":null,"mesAnoVencimento":"012027","dataVencimentoRegistro":"2027-01-01T00:00:00.000-0300","principioAtivo":"ARCTOSTAPHYLOS UVA-URSI (L.) SPRENG.","situacaoApresentacao":"Válido","dataRegistro":"2017-01-30T00:00:00.000-0300","categoriaRegulatoria":{"codigo":4,"descricao":"Fitoterápico"},"medicamentoReferencia":null,"categoriaProduto":null,"tipoAutorizacao":"REGISTRADO","numeroRegistroFormatado":"138410069","mesAnoVencimentoFormatado":"01/2027","acancelar":false},"empresa":{"cnpj":"02456955000183","razaoSocial":"NATULAB LABORATÓRIO S.A","numeroAutorizacao":"1038413","cnpjFormatado":"02.456.955/0001-83"},"processo":{"numero":"25351289789201571","situacao":29,"numeroProcessoFormatado":"25351.289789/2015-71"}},{"ordem":62,"produto":{"codigo":707567,"nome":"VALESSONE","numeroRegistro":"138410046","tipo":{"codigo":1,"descricao":null},"categoria":null,"situacaoRotulo":null,"dataVencimento":null,"mesAnoVencimento":"122025","dataVencimentoRegistro":"2025-12-01T00:00:00.000-0300","principioAtivo":"VALERIANA OFFICINALIS L.","situacaoApresentacao":"Válido","dataRegistro":"2010-12-27T00:00:00.000-0300","categoriaRegulatoria":{"codigo":4,"descricao":"Fitoterápico"},"medicamentoReferencia":null,"categoriaProduto":null,"tipoAutorizacao":"REGISTRADO","numeroRegistroFormatado":"138410046","mesAnoVencimentoFormatado":"12/2025","acancelar":false},"empresa":{"cnpj":"02456955000183","razaoSocial":"NATULAB LABORATÓRIO S.A","numeroAutorizacao":"1038413","cnpjFormatado":"02.456.955/0001-83"},"processo":{"numero":"25351752095200950","situacao":29,"numeroProcessoFormatado":"25351.752095/2009-50"}},{"ordem":63,"produto":{"codigo":680680,"nome":"VARIVAX","numeroRegistro":"138410043","tipo":{"codigo":1,"descricao":null},"categoria":null,"situacaoRotulo":null,"dataVencimento":null,"mesAnoVencimento":"052025","dataVencimentoRegistro":"2025-05-01T00:00:00.000-0300","principioAtivo":"AESCULUS HIPPOCASTANUM L.","situacaoApresentacao":"Válido","dataRegistro":"2010-05-24T00:00:00.000-0300","categoriaRegulatoria":{"codigo":4,"descricao":"Fitoterápico"},"medicamentoReferencia":null,"categoriaProduto":null,"tipoAutorizacao":"REGISTRADO","numeroRegistroFormatado":"138410043","mesAnoVencimentoFormatado":"05/2025","acancelar":false},"empresa":{"cnpj":"02456955000183","razaoSocial":"NATULAB LABORATÓRIO S.A","numeroAutorizacao":"1038413","cnpjFormatado":"02.456.955/0001-83"},"processo":{"numero":"25351507647200957","situacao":29,"numeroProcessoFormatado":"25351.507647/2009-57"}},{"ordem":64,"produto":{"codigo":173020,"nome":"VASOLAT","numeroRegistro":"138410011","tipo":{"codigo":1,"descricao":null},"categoria":null,"situacaoRotulo":null,"dataVencimento":null,"mesAnoVencimento":"022008","dataVencimentoRegistro":"2008-02-01T00:00:00.000-0300","principioAtivo":null,"situacaoApresentacao":"Caduco/Cancelado","dataRegistro":"2003-01-31T00:00:00.000-0300","categoriaRegulatoria":{"codigo":8,"descricao":"Similar"},"medicamentoReferencia":null,"categoriaProduto":null,"tipoAutorizacao":"REGISTRADO","numeroRegistroFormatado":"138410011","mesAnoVencimentoFormatado":"02/2008","acancelar":false},"empresa":{"cnpj":"02456955000183","razaoSocial":"NATULAB LABORATÓRIO S.A","numeroAutorizacao":"1038413","cnpjFormatado":"02.456.955/0001-83"},"processo":{"numero":"253510073940240","situacao":29,"numeroProcessoFormatado":"25351.007394/02-40"}},{"ordem":65,"produto":{"codigo":612718,"nome":"VITAMIN E","numeroRegistro":"138410035","tipo":{"codigo":1,"descricao":null},"categoria":null,"situacaoRotulo":null,"dataVencimento":null,"mesAnoVencimento":"052029","dataVencimentoRegistro":"2029-05-01T00:00:00.000-0300","principioAtivo":"ACETATO DE RACEALFATOCOFEROL","situacaoApresentacao":"Válido","dataRegistro":"2009-05-11T00:00:00.000-0300","categoriaRegulatoria":{"codigo":3,"descricao":"Específico"},"medicamentoReferencia":null,"categoriaProduto":null,"tipoAutorizacao":"REGISTRADO","numeroRegistroFormatado":"138410035","mesAnoVencimentoFormatado":"05/2029","acancelar":false},"empresa":{"cnpj":"02456955000183","razaoSocial":"NATULAB LABORATÓRIO S.A","numeroAutorizacao":"1038413","cnpjFormatado":"02.456.955/0001-83"},"processo":{"numero":"25351779199200868","situacao":29,"numeroProcessoFormatado":"25351.779199/2008-68"}},{"ordem":66,"produto":{"codigo":414113,"nome":"VITER C","numeroRegistro":"138410018","tipo":{"codigo":1,"descricao":null},"categoria":null,"situacaoRotulo":null,"dataVencimento":null,"mesAnoVencimento":"082025","dataVencimentoRegistro":"2025-08-01T00:00:00.000-0300","principioAtivo":"ÁCIDO ASCÓRBICO","situacaoApresentacao":"Válido","dataRegistro":"2005-08-08T00:00:00.000-0300","categoriaRegulatoria":{"codigo":3,"descricao":"Específico"},"medicamentoReferencia":null,"categoriaProduto":null,"tipoAutorizacao":"REGISTRADO","numeroRegistroFormatado":"138410018","mesAnoVencimentoFormatado":"08/2025","acancelar":false},"empresa":{"cnpj":"02456955000183","razaoSocial":"NATULAB LABORATÓRIO S.A","numeroAutorizacao":"1038413","cnpjFormatado":"02.456.955/0001-83"},"processo":{"numero":"25351165547200513","situacao":29,"numeroProcessoFormatado":"25351.165547/2005-13"}},{"ordem":67,"produto":{"codigo":934191,"nome":"VITER C + Zn","numeroRegistro":"138410060","tipo":{"codigo":1,"descricao":null},"categoria":null,"situacaoRotulo":null,"dataVencimento":null,"mesAnoVencimento":"122028","dataVencimentoRegistro":"2028-12-01T00:00:00.000-0300","principioAtivo":"ÁCIDO ASCÓRBICO, ÓXIDO DE ZINCO","situacaoApresentacao":"Válido","dataRegistro":"2013-12-23T00:00:00.000-0300","categoriaRegulatoria":{"codigo":3,"descricao":"Específico"},"medicamentoReferencia":null,"categoriaProduto":null,"tipoAutorizacao":"REGISTRADO","numeroRegistroFormatado":"138410060","mesAnoVencimentoFormatado":"12/2028","acancelar":false},"empresa":{"cnpj":"02456955000183","razaoSocial":"NATULAB LABORATÓRIO S.A","numeroAutorizacao":"1038413","cnpjFormatado":"02.456.955/0001-83"},"processo":{"numero":"25351701432201256","situacao":29,"numeroProcessoFormatado":"25351.701432/2012-56"}},{"ordem":68,"produto":{"codigo":444009,"nome":"XAROPE DE GUACO NATULAB","numeroRegistro":"138410032","tipo":{"codigo":1,"descricao":null},"categoria":null,"situacaoRotulo":null,"dataVencimento":null,"mesAnoVencimento":"042026","dataVencimentoRegistro":"2026-04-01T00:00:00.000-0300","principioAtivo":"MIKANIA GLOMERATA SPRENG.","situacaoApresentacao":"Válido","dataRegistro":"2006-04-03T00:00:00.000-0300","categoriaRegulatoria":{"codigo":4,"descricao":"Fitoterápico"},"medicamentoReferencia":null,"categoriaProduto":null,"tipoAutorizacao":"REGISTRADO","numeroRegistroFormatado":"138410032","mesAnoVencimentoFormatado":"04/2026","acancelar":false},"empresa":{"cnpj":"02456955000183","razaoSocial":"NATULAB LABORATÓRIO S.A","numeroAutorizacao":"1038413","cnpjFormatado":"02.456.955/0001-83"},"processo":{"numero":"25351400956200571","situacao":29,"numeroProcessoFormatado":"25351.400956/2005-71"}},{"ordem":69,"produto":{"codigo":3588214,"nome":"dipirona monoidratada","numeroRegistro":"138410077","tipo":{"codigo":1,"descricao":null},"categoria":null,"situacaoRotulo":null,"dataVencimento":null,"mesAnoVencimento":"012033","dataVencimentoRegistro":"2033-01-01T00:00:00.000-0300","principioAtivo":"DIPIRONA, dipirona monoidratada","situacaoApresentacao":"Válido","dataRegistro":"2023-01-23T00:00:00.000-0300","categoriaRegulatoria":{"codigo":5,"descricao":"Genérico"},"medicamentoReferencia":"Novalgina (Comprimidos 1g)","categoriaProduto":null,"tipoAutorizacao":"REGISTRADO","numeroRegistroFormatado":"138410077","mesAnoVencimentoFormatado":"01/2033","acancelar":false},"empresa":{"cnpj":"02456955000183","razaoSocial":"NATULAB LABORATÓRIO S.A","numeroAutorizacao":"1038413","cnpjFormatado":"02.456.955/0001-83"},"processo":{"numero":"25351396885202204","situacao":29,"numeroProcessoFormatado":"25351.396885/2022-04"}}],"totalPages":1,"totalElements":69,"last":true,"numberOfElements":69,"first":true,"sort":null,"size":1000,"number":0}