{"content":[{"ordem":1,"produto":{"codigo":806891,"nome":"CLORIDRATO DE FLUOXETINA","numeroRegistro":"148960001","tipo":{"codigo":1,"descricao":null},"categoria":null,"situacaoRotulo":null,"dataVencimento":null,"mesAnoVencimento":"102022","dataVencimentoRegistro":"2022-10-01T00:00:00.000-0300","principioAtivo":null,"situacaoApresentacao":"Caduco/Cancelado","dataRegistro":"2012-10-15T00:00:00.000-0300","categoriaRegulatoria":{"codigo":5,"descricao":"Genérico"},"medicamentoReferencia":"PROZAC","categoriaProduto":null,"tipoAutorizacao":"REGISTRADO","mesAnoVencimentoFormatado":"10/2022","numeroRegistroFormatado":"148960001","acancelar":false},"empresa":{"cnpj":"03108098000193","razaoSocial":"BLISFARMA INDÚSTRIA FARMACÊUTICA LTDA - ME","numeroAutorizacao":"1048960","cnpjFormatado":"03.108.098/0001-93"},"processo":{"numero":"25351017389201249","situacao":29,"numeroProcessoFormatado":"25351.017389/2012-49"}},{"ordem":2,"produto":{"codigo":801738,"nome":"NITRATO DE MICONAZOL","numeroRegistro":"148960002","tipo":{"codigo":1,"descricao":null},"categoria":null,"situacaoRotulo":null,"dataVencimento":"2026-08-05T00:00:00.000-0300","mesAnoVencimento":"022029","dataVencimentoRegistro":"2029-02-01T00:00:00.000-0300","principioAtivo":"NITRATO DE MICONAZOL","situacaoApresentacao":"Válido","dataRegistro":"2014-02-03T00:00:00.000-0300","categoriaRegulatoria":{"codigo":5,"descricao":"Genérico"},"medicamentoReferencia":"NITRATO DE MICONAZOL","categoriaProduto":null,"tipoAutorizacao":"REGISTRADO","mesAnoVencimentoFormatado":"02/2029","numeroRegistroFormatado":"148960002","acancelar":false},"empresa":{"cnpj":"03108098000193","razaoSocial":"BLISFARMA INDÚSTRIA FARMACÊUTICA LTDA - ME","numeroAutorizacao":"1048960","cnpjFormatado":"03.108.098/0001-93"},"processo":{"numero":"25351756737201110","situacao":29,"numeroProcessoFormatado":"25351.756737/2011-10"}}],"totalPages":1,"totalElements":2,"last":true,"numberOfElements":2,"first":true,"sort":null,"size":1000,"number":0}