{"content":[{"ordem":1,"produto":{"codigo":141031,"nome":"AMOXICILINA","numeroRegistro":"147420001","tipo":{"codigo":1,"descricao":null},"categoria":null,"situacaoRotulo":null,"dataVencimento":null,"mesAnoVencimento":"092007","dataVencimentoRegistro":"2007-09-01T00:00:00.000-0300","principioAtivo":null,"situacaoApresentacao":"Caduco/Cancelado","dataRegistro":"2002-09-20T00:00:00.000-0300","categoriaRegulatoria":{"codigo":5,"descricao":"Genérico"},"medicamentoReferencia":"AMOXIL","categoriaProduto":null,"tipoAutorizacao":"REGISTRADO","acancelar":false,"numeroRegistroFormatado":"147420001","mesAnoVencimentoFormatado":"09/2007"},"empresa":{"cnpj":"03493726000100","razaoSocial":"BIOLUNIS INTERNACIONAL INDÚSTRIA DE MEDICAMENTOS S.A.","numeroAutorizacao":"1047428","cnpjFormatado":"03.493.726/0001-00"},"processo":{"numero":"253510080640281","situacao":29,"numeroProcessoFormatado":"25351.008064/02-81"}},{"ordem":2,"produto":{"codigo":390688,"nome":"AMOXICILINA","numeroRegistro":"147420023","tipo":{"codigo":1,"descricao":null},"categoria":null,"situacaoRotulo":null,"dataVencimento":null,"mesAnoVencimento":"052010","dataVencimentoRegistro":"2010-05-01T00:00:00.000-0300","principioAtivo":null,"situacaoApresentacao":"Caduco/Cancelado","dataRegistro":"2005-05-30T00:00:00.000-0300","categoriaRegulatoria":{"codigo":5,"descricao":"Genérico"},"medicamentoReferencia":"AMOXIL","categoriaProduto":null,"tipoAutorizacao":"REGISTRADO","acancelar":false,"numeroRegistroFormatado":"147420023","mesAnoVencimentoFormatado":"05/2010"},"empresa":{"cnpj":"03493726000100","razaoSocial":"BIOLUNIS INTERNACIONAL INDÚSTRIA DE MEDICAMENTOS S.A.","numeroAutorizacao":"1047428","cnpjFormatado":"03.493.726/0001-00"},"processo":{"numero":"25351057641200419","situacao":29,"numeroProcessoFormatado":"25351.057641/2004-19"}},{"ordem":3,"produto":{"codigo":141033,"nome":"ATENOLOL","numeroRegistro":"147420009","tipo":{"codigo":1,"descricao":null},"categoria":null,"situacaoRotulo":null,"dataVencimento":null,"mesAnoVencimento":"092012","dataVencimentoRegistro":"2012-09-01T00:00:00.000-0300","principioAtivo":null,"situacaoApresentacao":"Caduco/Cancelado","dataRegistro":"2002-09-25T00:00:00.000-0300","categoriaRegulatoria":{"codigo":5,"descricao":"Genérico"},"medicamentoReferencia":"ATENOL","categoriaProduto":null,"tipoAutorizacao":"REGISTRADO","acancelar":false,"numeroRegistroFormatado":"147420009","mesAnoVencimentoFormatado":"09/2012"},"empresa":{"cnpj":"03493726000100","razaoSocial":"BIOLUNIS INTERNACIONAL INDÚSTRIA DE MEDICAMENTOS S.A.","numeroAutorizacao":"1047428","cnpjFormatado":"03.493.726/0001-00"},"processo":{"numero":"253510080650243","situacao":29,"numeroProcessoFormatado":"25351.008065/02-43"}},{"ordem":4,"produto":{"codigo":141036,"nome":"CAPTOPRIL","numeroRegistro":"147420005","tipo":{"codigo":1,"descricao":null},"categoria":null,"situacaoRotulo":null,"dataVencimento":null,"mesAnoVencimento":"092007","dataVencimentoRegistro":"2007-09-01T00:00:00.000-0300","principioAtivo":null,"situacaoApresentacao":"Caduco/Cancelado","dataRegistro":"2002-09-20T00:00:00.000-0300","categoriaRegulatoria":{"codigo":5,"descricao":"Genérico"},"medicamentoReferencia":"CAPOTEN","categoriaProduto":null,"tipoAutorizacao":"REGISTRADO","acancelar":false,"numeroRegistroFormatado":"147420005","mesAnoVencimentoFormatado":"09/2007"},"empresa":{"cnpj":"03493726000100","razaoSocial":"BIOLUNIS INTERNACIONAL INDÚSTRIA DE MEDICAMENTOS S.A.","numeroAutorizacao":"1047428","cnpjFormatado":"03.493.726/0001-00"},"processo":{"numero":"253510080630218","situacao":29,"numeroProcessoFormatado":"25351.008063/02-18"}},{"ordem":5,"produto":{"codigo":414090,"nome":"CEFALEXINA","numeroRegistro":"147420025","tipo":{"codigo":1,"descricao":null},"categoria":null,"situacaoRotulo":null,"dataVencimento":null,"mesAnoVencimento":"012011","dataVencimentoRegistro":"2011-01-01T00:00:00.000-0300","principioAtivo":null,"situacaoApresentacao":"Caduco/Cancelado","dataRegistro":"2006-01-09T00:00:00.000-0300","categoriaRegulatoria":{"codigo":5,"descricao":"Genérico"},"medicamentoReferencia":"KEFLEX","categoriaProduto":null,"tipoAutorizacao":"REGISTRADO","acancelar":false,"numeroRegistroFormatado":"147420025","mesAnoVencimentoFormatado":"01/2011"},"empresa":{"cnpj":"03493726000100","razaoSocial":"BIOLUNIS INTERNACIONAL INDÚSTRIA DE MEDICAMENTOS S.A.","numeroAutorizacao":"1047428","cnpjFormatado":"03.493.726/0001-00"},"processo":{"numero":"25351151167200500","situacao":29,"numeroProcessoFormatado":"25351.151167/2005-00"}},{"ordem":6,"produto":{"codigo":336594,"nome":"CLORIDRATO DE CIPROFLOXACINO","numeroRegistro":"147420015","tipo":{"codigo":1,"descricao":null},"categoria":null,"situacaoRotulo":null,"dataVencimento":null,"mesAnoVencimento":"092013","dataVencimentoRegistro":"2013-09-01T00:00:00.000-0300","principioAtivo":null,"situacaoApresentacao":"Caduco/Cancelado","dataRegistro":"2003-09-22T00:00:00.000-0300","categoriaRegulatoria":{"codigo":5,"descricao":"Genérico"},"medicamentoReferencia":"CIPRO","categoriaProduto":null,"tipoAutorizacao":"REGISTRADO","acancelar":false,"numeroRegistroFormatado":"147420015","mesAnoVencimentoFormatado":"09/2013"},"empresa":{"cnpj":"03493726000100","razaoSocial":"BIOLUNIS INTERNACIONAL INDÚSTRIA DE MEDICAMENTOS S.A.","numeroAutorizacao":"1047428","cnpjFormatado":"03.493.726/0001-00"},"processo":{"numero":"25351013479200346","situacao":20,"numeroProcessoFormatado":"25351.013479/2003-46"}},{"ordem":7,"produto":{"codigo":355782,"nome":"CLORIDRATO DE OXIMETAZOLINA","numeroRegistro":"147420019","tipo":{"codigo":1,"descricao":null},"categoria":null,"situacaoRotulo":null,"dataVencimento":null,"mesAnoVencimento":"062009","dataVencimentoRegistro":"2009-06-01T00:00:00.000-0300","principioAtivo":null,"situacaoApresentacao":"Caduco/Cancelado","dataRegistro":"2004-06-03T00:00:00.000-0300","categoriaRegulatoria":{"codigo":5,"descricao":"Genérico"},"medicamentoReferencia":"AFRIN","categoriaProduto":null,"tipoAutorizacao":"REGISTRADO","acancelar":false,"numeroRegistroFormatado":"147420019","mesAnoVencimentoFormatado":"06/2009"},"empresa":{"cnpj":"03493726000100","razaoSocial":"BIOLUNIS INTERNACIONAL INDÚSTRIA DE MEDICAMENTOS S.A.","numeroAutorizacao":"1047428","cnpjFormatado":"03.493.726/0001-00"},"processo":{"numero":"25351070532200314","situacao":29,"numeroProcessoFormatado":"25351.070532/2003-14"}},{"ordem":8,"produto":{"codigo":141052,"nome":"CLORIDRATO DE RANITIDINA","numeroRegistro":"147420002","tipo":{"codigo":1,"descricao":null},"categoria":null,"situacaoRotulo":null,"dataVencimento":null,"mesAnoVencimento":"092012","dataVencimentoRegistro":"2012-09-01T00:00:00.000-0300","principioAtivo":null,"situacaoApresentacao":"Caduco/Cancelado","dataRegistro":"2002-09-20T00:00:00.000-0300","categoriaRegulatoria":{"codigo":5,"descricao":"Genérico"},"medicamentoReferencia":"ANTAK","categoriaProduto":null,"tipoAutorizacao":"REGISTRADO","acancelar":false,"numeroRegistroFormatado":"147420002","mesAnoVencimentoFormatado":"09/2012"},"empresa":{"cnpj":"03493726000100","razaoSocial":"BIOLUNIS INTERNACIONAL INDÚSTRIA DE MEDICAMENTOS S.A.","numeroAutorizacao":"1047428","cnpjFormatado":"03.493.726/0001-00"},"processo":{"numero":"253510080680231","situacao":29,"numeroProcessoFormatado":"25351.008068/02-31"}},{"ordem":9,"produto":{"codigo":275035,"nome":"CLORIDRATO DE TICLOPIDINA","numeroRegistro":"147420014","tipo":{"codigo":1,"descricao":null},"categoria":null,"situacaoRotulo":null,"dataVencimento":null,"mesAnoVencimento":"092008","dataVencimentoRegistro":"2008-09-01T00:00:00.000-0300","principioAtivo":null,"situacaoApresentacao":"Caduco/Cancelado","dataRegistro":"2003-09-05T00:00:00.000-0300","categoriaRegulatoria":{"codigo":5,"descricao":"Genérico"},"medicamentoReferencia":"TICLID","categoriaProduto":null,"tipoAutorizacao":"REGISTRADO","acancelar":false,"numeroRegistroFormatado":"147420014","mesAnoVencimentoFormatado":"09/2008"},"empresa":{"cnpj":"03493726000100","razaoSocial":"BIOLUNIS INTERNACIONAL INDÚSTRIA DE MEDICAMENTOS S.A.","numeroAutorizacao":"1047428","cnpjFormatado":"03.493.726/0001-00"},"processo":{"numero":"25351194750200254","situacao":29,"numeroProcessoFormatado":"25351.194750/2002-54"}},{"ordem":10,"produto":{"codigo":141062,"nome":"DICLOFENACO SODICO","numeroRegistro":"147420004","tipo":{"codigo":1,"descricao":null},"categoria":null,"situacaoRotulo":null,"dataVencimento":null,"mesAnoVencimento":"092007","dataVencimentoRegistro":"2007-09-01T00:00:00.000-0300","principioAtivo":null,"situacaoApresentacao":"Caduco/Cancelado","dataRegistro":"2002-09-20T00:00:00.000-0300","categoriaRegulatoria":{"codigo":5,"descricao":"Genérico"},"medicamentoReferencia":"VOLTAREN","categoriaProduto":null,"tipoAutorizacao":"REGISTRADO","acancelar":false,"numeroRegistroFormatado":"147420004","mesAnoVencimentoFormatado":"09/2007"},"empresa":{"cnpj":"03493726000100","razaoSocial":"BIOLUNIS INTERNACIONAL INDÚSTRIA DE MEDICAMENTOS S.A.","numeroAutorizacao":"1047428","cnpjFormatado":"03.493.726/0001-00"},"processo":{"numero":"253510080620255","situacao":29,"numeroProcessoFormatado":"25351.008062/02-55"}},{"ordem":11,"produto":{"codigo":141071,"nome":"FUROSEMIDA","numeroRegistro":"147420008","tipo":{"codigo":1,"descricao":null},"categoria":null,"situacaoRotulo":null,"dataVencimento":null,"mesAnoVencimento":"092012","dataVencimentoRegistro":"2012-09-01T00:00:00.000-0300","principioAtivo":null,"situacaoApresentacao":"Caduco/Cancelado","dataRegistro":"2002-09-25T00:00:00.000-0300","categoriaRegulatoria":{"codigo":5,"descricao":"Genérico"},"medicamentoReferencia":"LASIX","categoriaProduto":null,"tipoAutorizacao":"REGISTRADO","acancelar":false,"numeroRegistroFormatado":"147420008","mesAnoVencimentoFormatado":"09/2012"},"empresa":{"cnpj":"03493726000100","razaoSocial":"BIOLUNIS INTERNACIONAL INDÚSTRIA DE MEDICAMENTOS S.A.","numeroAutorizacao":"1047428","cnpjFormatado":"03.493.726/0001-00"},"processo":{"numero":"253510080660214","situacao":29,"numeroProcessoFormatado":"25351.008066/02-14"}},{"ordem":12,"produto":{"codigo":275020,"nome":"LISINOPRIL","numeroRegistro":"147420011","tipo":{"codigo":1,"descricao":null},"categoria":null,"situacaoRotulo":null,"dataVencimento":null,"mesAnoVencimento":"072013","dataVencimentoRegistro":"2013-07-01T00:00:00.000-0300","principioAtivo":null,"situacaoApresentacao":"Caduco/Cancelado","dataRegistro":"2003-07-24T00:00:00.000-0300","categoriaRegulatoria":{"codigo":5,"descricao":"Genérico"},"medicamentoReferencia":"ZESTRIL","categoriaProduto":null,"tipoAutorizacao":"REGISTRADO","acancelar":false,"numeroRegistroFormatado":"147420011","mesAnoVencimentoFormatado":"07/2013"},"empresa":{"cnpj":"03493726000100","razaoSocial":"BIOLUNIS INTERNACIONAL INDÚSTRIA DE MEDICAMENTOS S.A.","numeroAutorizacao":"1047428","cnpjFormatado":"03.493.726/0001-00"},"processo":{"numero":"25351194742200216","situacao":29,"numeroProcessoFormatado":"25351.194742/2002-16"}},{"ordem":13,"produto":{"codigo":281335,"nome":"LORATADINA","numeroRegistro":"147420020","tipo":{"codigo":1,"descricao":null},"categoria":null,"situacaoRotulo":null,"dataVencimento":null,"mesAnoVencimento":"112009","dataVencimentoRegistro":"2009-11-01T00:00:00.000-0300","principioAtivo":null,"situacaoApresentacao":"Caduco/Cancelado","dataRegistro":"2004-11-04T00:00:00.000-0300","categoriaRegulatoria":{"codigo":5,"descricao":"Genérico"},"medicamentoReferencia":"CLARITIN","categoriaProduto":null,"tipoAutorizacao":"REGISTRADO","acancelar":false,"numeroRegistroFormatado":"147420020","mesAnoVencimentoFormatado":"11/2009"},"empresa":{"cnpj":"03493726000100","razaoSocial":"BIOLUNIS INTERNACIONAL INDÚSTRIA DE MEDICAMENTOS S.A.","numeroAutorizacao":"1047428","cnpjFormatado":"03.493.726/0001-00"},"processo":{"numero":"25351017732200331","situacao":29,"numeroProcessoFormatado":"25351.017732/2003-31"}},{"ordem":14,"produto":{"codigo":392790,"nome":"LOSARTANA POTÁSSICA","numeroRegistro":"147420021","tipo":{"codigo":1,"descricao":null},"categoria":null,"situacaoRotulo":null,"dataVencimento":null,"mesAnoVencimento":"012010","dataVencimentoRegistro":"2010-01-01T00:00:00.000-0300","principioAtivo":null,"situacaoApresentacao":"Caduco/Cancelado","dataRegistro":"2005-02-02T00:00:00.000-0300","categoriaRegulatoria":{"codigo":5,"descricao":"Genérico"},"medicamentoReferencia":"COZAAR","categoriaProduto":null,"tipoAutorizacao":"REGISTRADO","acancelar":false,"numeroRegistroFormatado":"147420021","mesAnoVencimentoFormatado":"01/2010"},"empresa":{"cnpj":"03493726000100","razaoSocial":"BIOLUNIS INTERNACIONAL INDÚSTRIA DE MEDICAMENTOS S.A.","numeroAutorizacao":"1047428","cnpjFormatado":"03.493.726/0001-00"},"processo":{"numero":"25351084810200493","situacao":20,"numeroProcessoFormatado":"25351.084810/2004-93"}},{"ordem":15,"produto":{"codigo":165142,"nome":"LOVASTATINA","numeroRegistro":"147420007","tipo":{"codigo":1,"descricao":null},"categoria":null,"situacaoRotulo":null,"dataVencimento":null,"mesAnoVencimento":"102007","dataVencimentoRegistro":"2007-10-01T00:00:00.000-0300","principioAtivo":null,"situacaoApresentacao":"Caduco/Cancelado","dataRegistro":"2002-10-11T00:00:00.000-0300","categoriaRegulatoria":{"codigo":5,"descricao":"Genérico"},"medicamentoReferencia":"MEVACOR","categoriaProduto":null,"tipoAutorizacao":"REGISTRADO","acancelar":false,"numeroRegistroFormatado":"147420007","mesAnoVencimentoFormatado":"10/2007"},"empresa":{"cnpj":"03493726000100","razaoSocial":"BIOLUNIS INTERNACIONAL INDÚSTRIA DE MEDICAMENTOS S.A.","numeroAutorizacao":"1047428","cnpjFormatado":"03.493.726/0001-00"},"processo":{"numero":"253510080690202","situacao":29,"numeroProcessoFormatado":"25351.008069/02-02"}},{"ordem":16,"produto":{"codigo":408570,"nome":"Maleato de enalapril","numeroRegistro":"147420027","tipo":{"codigo":1,"descricao":null},"categoria":null,"situacaoRotulo":null,"dataVencimento":null,"mesAnoVencimento":"092011","dataVencimentoRegistro":"2011-09-01T00:00:00.000-0300","principioAtivo":null,"situacaoApresentacao":"Caduco/Cancelado","dataRegistro":"2006-09-19T00:00:00.000-0300","categoriaRegulatoria":{"codigo":5,"descricao":"Genérico"},"medicamentoReferencia":"RENITEC","categoriaProduto":null,"tipoAutorizacao":"REGISTRADO","acancelar":false,"numeroRegistroFormatado":"147420027","mesAnoVencimentoFormatado":"09/2011"},"empresa":{"cnpj":"03493726000100","razaoSocial":"BIOLUNIS INTERNACIONAL INDÚSTRIA DE MEDICAMENTOS S.A.","numeroAutorizacao":"1047428","cnpjFormatado":"03.493.726/0001-00"},"processo":{"numero":"25351303859200451","situacao":29,"numeroProcessoFormatado":"25351.303859/2004-51"}},{"ordem":17,"produto":{"codigo":338868,"nome":"OMEPRAZOL","numeroRegistro":"147420017","tipo":{"codigo":1,"descricao":null},"categoria":null,"situacaoRotulo":null,"dataVencimento":null,"mesAnoVencimento":"012014","dataVencimentoRegistro":"2014-01-01T00:00:00.000-0300","principioAtivo":null,"situacaoApresentacao":"Caduco/Cancelado","dataRegistro":"2004-01-19T00:00:00.000-0300","categoriaRegulatoria":{"codigo":5,"descricao":"Genérico"},"medicamentoReferencia":"PEPRAZOL","categoriaProduto":null,"tipoAutorizacao":"REGISTRADO","acancelar":false,"numeroRegistroFormatado":"147420017","mesAnoVencimentoFormatado":"01/2014"},"empresa":{"cnpj":"03493726000100","razaoSocial":"BIOLUNIS INTERNACIONAL INDÚSTRIA DE MEDICAMENTOS S.A.","numeroAutorizacao":"1047428","cnpjFormatado":"03.493.726/0001-00"},"processo":{"numero":"25351024760200312","situacao":29,"numeroProcessoFormatado":"25351.024760/2003-12"}},{"ordem":18,"produto":{"codigo":412442,"nome":"PANTOPRAZOL","numeroRegistro":"147420028","tipo":{"codigo":1,"descricao":null},"categoria":null,"situacaoRotulo":null,"dataVencimento":null,"mesAnoVencimento":"102011","dataVencimentoRegistro":"2011-10-01T00:00:00.000-0300","principioAtivo":null,"situacaoApresentacao":"Caduco/Cancelado","dataRegistro":"2006-10-16T00:00:00.000-0300","categoriaRegulatoria":{"codigo":5,"descricao":"Genérico"},"medicamentoReferencia":"PANTOZOL","categoriaProduto":null,"tipoAutorizacao":"REGISTRADO","acancelar":false,"numeroRegistroFormatado":"147420028","mesAnoVencimentoFormatado":"10/2011"},"empresa":{"cnpj":"03493726000100","razaoSocial":"BIOLUNIS INTERNACIONAL INDÚSTRIA DE MEDICAMENTOS S.A.","numeroAutorizacao":"1047428","cnpjFormatado":"03.493.726/0001-00"},"processo":{"numero":"25351106557200517","situacao":29,"numeroProcessoFormatado":"25351.106557/2005-17"}},{"ordem":19,"produto":{"codigo":141102,"nome":"PIROXICAM","numeroRegistro":"147420006","tipo":{"codigo":1,"descricao":null},"categoria":null,"situacaoRotulo":null,"dataVencimento":null,"mesAnoVencimento":"092003","dataVencimentoRegistro":"2003-09-01T00:00:00.000-0300","principioAtivo":null,"situacaoApresentacao":"Caduco/Cancelado","dataRegistro":"2002-09-20T00:00:00.000-0300","categoriaRegulatoria":{"codigo":5,"descricao":"Genérico"},"medicamentoReferencia":"FELDENE","categoriaProduto":null,"tipoAutorizacao":"REGISTRADO","acancelar":false,"numeroRegistroFormatado":"147420006","mesAnoVencimentoFormatado":"09/2003"},"empresa":{"cnpj":"03493726000100","razaoSocial":"BIOLUNIS INTERNACIONAL INDÚSTRIA DE MEDICAMENTOS S.A.","numeroAutorizacao":"1047428","cnpjFormatado":"03.493.726/0001-00"},"processo":{"numero":"253510080670279","situacao":29,"numeroProcessoFormatado":"25351.008067/02-79"}},{"ordem":20,"produto":{"codigo":366189,"nome":"PIROXICAM","numeroRegistro":"147420018","tipo":{"codigo":1,"descricao":null},"categoria":null,"situacaoRotulo":null,"dataVencimento":null,"mesAnoVencimento":"052014","dataVencimentoRegistro":"2014-05-01T00:00:00.000-0300","principioAtivo":null,"situacaoApresentacao":"Caduco/Cancelado","dataRegistro":"2004-05-21T00:00:00.000-0300","categoriaRegulatoria":{"codigo":5,"descricao":"Genérico"},"medicamentoReferencia":"FELDENE","categoriaProduto":null,"tipoAutorizacao":"REGISTRADO","acancelar":false,"numeroRegistroFormatado":"147420018","mesAnoVencimentoFormatado":"05/2014"},"empresa":{"cnpj":"03493726000100","razaoSocial":"BIOLUNIS INTERNACIONAL INDÚSTRIA DE MEDICAMENTOS S.A.","numeroAutorizacao":"1047428","cnpjFormatado":"03.493.726/0001-00"},"processo":{"numero":"25351010521200458","situacao":20,"numeroProcessoFormatado":"25351.010521/2004-58"}},{"ordem":21,"produto":{"codigo":415073,"nome":"bromidrato de citalopram","numeroRegistro":"147420026","tipo":{"codigo":1,"descricao":null},"categoria":null,"situacaoRotulo":null,"dataVencimento":null,"mesAnoVencimento":"022011","dataVencimentoRegistro":"2011-02-01T00:00:00.000-0300","principioAtivo":null,"situacaoApresentacao":"Caduco/Cancelado","dataRegistro":"2006-02-20T00:00:00.000-0300","categoriaRegulatoria":{"codigo":5,"descricao":"Genérico"},"medicamentoReferencia":"CIPRAMIL®","categoriaProduto":null,"tipoAutorizacao":"REGISTRADO","acancelar":false,"numeroRegistroFormatado":"147420026","mesAnoVencimentoFormatado":"02/2011"},"empresa":{"cnpj":"03493726000100","razaoSocial":"BIOLUNIS INTERNACIONAL INDÚSTRIA DE MEDICAMENTOS S.A.","numeroAutorizacao":"1047428","cnpjFormatado":"03.493.726/0001-00"},"processo":{"numero":"25351214756200506","situacao":29,"numeroProcessoFormatado":"25351.214756/2005-06"}},{"ordem":22,"produto":{"codigo":414863,"nome":"cloridrato de metformina","numeroRegistro":"147420024","tipo":{"codigo":1,"descricao":null},"categoria":null,"situacaoRotulo":null,"dataVencimento":null,"mesAnoVencimento":"072010","dataVencimentoRegistro":"2010-07-01T00:00:00.000-0300","principioAtivo":null,"situacaoApresentacao":"Caduco/Cancelado","dataRegistro":"2005-07-25T00:00:00.000-0300","categoriaRegulatoria":{"codigo":5,"descricao":"Genérico"},"medicamentoReferencia":"GLIFAGE®","categoriaProduto":null,"tipoAutorizacao":"REGISTRADO","acancelar":false,"numeroRegistroFormatado":"147420024","mesAnoVencimentoFormatado":"07/2010"},"empresa":{"cnpj":"03493726000100","razaoSocial":"BIOLUNIS INTERNACIONAL INDÚSTRIA DE MEDICAMENTOS S.A.","numeroAutorizacao":"1047428","cnpjFormatado":"03.493.726/0001-00"},"processo":{"numero":"25351013655200510","situacao":29,"numeroProcessoFormatado":"25351.013655/2005-10"}},{"ordem":23,"produto":{"codigo":378414,"nome":"paracetamol","numeroRegistro":"147420022","tipo":{"codigo":1,"descricao":null},"categoria":null,"situacaoRotulo":null,"dataVencimento":null,"mesAnoVencimento":"032010","dataVencimentoRegistro":"2010-03-01T00:00:00.000-0300","principioAtivo":null,"situacaoApresentacao":"Caduco/Cancelado","dataRegistro":"2005-03-23T00:00:00.000-0300","categoriaRegulatoria":{"codigo":5,"descricao":"Genérico"},"medicamentoReferencia":"TYLENOL","categoriaProduto":null,"tipoAutorizacao":"REGISTRADO","acancelar":false,"numeroRegistroFormatado":"147420022","mesAnoVencimentoFormatado":"03/2010"},"empresa":{"cnpj":"03493726000100","razaoSocial":"BIOLUNIS INTERNACIONAL INDÚSTRIA DE MEDICAMENTOS S.A.","numeroAutorizacao":"1047428","cnpjFormatado":"03.493.726/0001-00"},"processo":{"numero":"25351050675200482","situacao":29,"numeroProcessoFormatado":"25351.050675/2004-82"}}],"totalElements":23,"totalPages":1,"last":true,"numberOfElements":23,"first":true,"sort":null,"size":1000,"number":0}