{"content":[{"ordem":1,"produto":{"codigo":1033956,"nome":"STAMICIS","numeroRegistro":"195170111","tipo":{"codigo":1,"descricao":null},"categoria":null,"situacaoRotulo":null,"dataVencimento":null,"mesAnoVencimento":"052029","dataVencimentoRegistro":"2029-05-01T00:00:00.000-0300","principioAtivo":null,"situacaoApresentacao":"Caduco/Cancelado","dataRegistro":"2019-05-13T00:00:00.000-0300","categoriaRegulatoria":{"codigo":7,"descricao":"Radiofármaco"},"medicamentoReferencia":null,"categoriaProduto":null,"tipoAutorizacao":"REGISTRADO","numeroRegistroFormatado":"195170111","mesAnoVencimentoFormatado":"05/2029","acancelar":false},"empresa":{"cnpj":"03580620000135","razaoSocial":"MEDSTAR IMPORTAÇÃO E EXPORTAÇÃO LTDA","numeroAutorizacao":"1095173","cnpjFormatado":"03.580.620/0001-35"},"processo":{"numero":"25351764703201421","situacao":29,"numeroProcessoFormatado":"25351.764703/2014-21"}},{"ordem":2,"produto":{"codigo":1178673,"nome":"Vacina Influenza Trivalente (subunitária, inativada)","numeroRegistro":"195170110","tipo":{"codigo":1,"descricao":null},"categoria":null,"situacaoRotulo":null,"dataVencimento":null,"mesAnoVencimento":"122029","dataVencimentoRegistro":"2029-12-01T00:00:00.000-0300","principioAtivo":null,"situacaoApresentacao":"Caduco/Cancelado","dataRegistro":"2017-07-10T00:00:00.000-0300","categoriaRegulatoria":{"codigo":null,"descricao":null},"medicamentoReferencia":null,"categoriaProduto":null,"tipoAutorizacao":"REGISTRADO","numeroRegistroFormatado":"195170110","mesAnoVencimentoFormatado":"12/2029","acancelar":false},"empresa":{"cnpj":"03580620000135","razaoSocial":"MEDSTAR IMPORTAÇÃO E EXPORTAÇÃO LTDA","numeroAutorizacao":"1095173","cnpjFormatado":"03.580.620/0001-35"},"processo":{"numero":"25351347377201714","situacao":29,"numeroProcessoFormatado":"25351.347377/2017-14"}},{"ordem":3,"produto":{"codigo":1178656,"nome":"Vacina influenza (inativada, subunitária, adjuvada)","numeroRegistro":"195170109","tipo":{"codigo":1,"descricao":null},"categoria":null,"situacaoRotulo":null,"dataVencimento":null,"mesAnoVencimento":"032025","dataVencimentoRegistro":"2025-03-01T00:00:00.000-0300","principioAtivo":null,"situacaoApresentacao":"Caduco/Cancelado","dataRegistro":"2017-07-10T00:00:00.000-0300","categoriaRegulatoria":{"codigo":null,"descricao":null},"medicamentoReferencia":null,"categoriaProduto":null,"tipoAutorizacao":"REGISTRADO","numeroRegistroFormatado":"195170109","mesAnoVencimentoFormatado":"03/2025","acancelar":false},"empresa":{"cnpj":"03580620000135","razaoSocial":"MEDSTAR IMPORTAÇÃO E EXPORTAÇÃO LTDA","numeroAutorizacao":"1095173","cnpjFormatado":"03.580.620/0001-35"},"processo":{"numero":"25351347361201721","situacao":29,"numeroProcessoFormatado":"25351.347361/2017-21"}}],"totalPages":1,"totalElements":3,"last":true,"numberOfElements":3,"size":1000,"number":0,"first":true,"sort":null}