{"content":[{"ordem":1,"produto":{"codigo":398,"nome":"ACIDO ASCORBICO","numeroRegistro":"101860026","tipo":{"codigo":1,"descricao":null},"categoria":null,"situacaoRotulo":null,"dataVencimento":null,"mesAnoVencimento":"062004","dataVencimentoRegistro":"2004-06-01T00:00:00.000-0300","principioAtivo":null,"situacaoApresentacao":"Caduco/Cancelado","dataRegistro":"2001-07-16T00:00:00.000-0300","categoriaRegulatoria":{"codigo":8,"descricao":"Similar"},"medicamentoReferencia":null,"categoriaProduto":null,"tipoAutorizacao":"REGISTRADO","acancelar":false,"numeroRegistroFormatado":"101860026","mesAnoVencimentoFormatado":"06/2004"},"empresa":{"cnpj":"04099395000182","razaoSocial":"SANTISA LABORATÓRIO FARMACÊUTICO S/A","numeroAutorizacao":"1001862","cnpjFormatado":"04.099.395/0001-82"},"processo":{"numero":"2500100424287","situacao":29,"numeroProcessoFormatado":"25001.004242/87"}},{"ordem":2,"produto":{"codigo":510,"nome":"ADRENALINA","numeroRegistro":"101860013","tipo":{"codigo":1,"descricao":null},"categoria":null,"situacaoRotulo":null,"dataVencimento":null,"mesAnoVencimento":"012010","dataVencimentoRegistro":"2010-01-01T00:00:00.000-0300","principioAtivo":null,"situacaoApresentacao":"Caduco/Cancelado","dataRegistro":"2001-07-23T00:00:00.000-0300","categoriaRegulatoria":{"codigo":8,"descricao":"Similar"},"medicamentoReferencia":null,"categoriaProduto":null,"tipoAutorizacao":"REGISTRADO","acancelar":false,"numeroRegistroFormatado":"101860013","mesAnoVencimentoFormatado":"01/2010"},"empresa":{"cnpj":"04099395000182","razaoSocial":"SANTISA LABORATÓRIO FARMACÊUTICO S/A","numeroAutorizacao":"1001862","cnpjFormatado":"04.099.395/0001-82"},"processo":{"numero":"2599100943879","situacao":29,"numeroProcessoFormatado":"25991.009438/79"}},{"ordem":3,"produto":{"codigo":678,"nome":"AMINOSANTISA","numeroRegistro":"101860001","tipo":{"codigo":1,"descricao":null},"categoria":null,"situacaoRotulo":null,"dataVencimento":null,"mesAnoVencimento":"072009","dataVencimentoRegistro":"2009-07-01T00:00:00.000-0300","principioAtivo":null,"situacaoApresentacao":"Caduco/Cancelado","dataRegistro":"2001-10-09T00:00:00.000-0300","categoriaRegulatoria":{"codigo":8,"descricao":"Similar"},"medicamentoReferencia":null,"categoriaProduto":null,"tipoAutorizacao":"REGISTRADO","acancelar":false,"numeroRegistroFormatado":"101860001","mesAnoVencimentoFormatado":"07/2009"},"empresa":{"cnpj":"04099395000182","razaoSocial":"SANTISA LABORATÓRIO FARMACÊUTICO S/A","numeroAutorizacao":"1001862","cnpjFormatado":"04.099.395/0001-82"},"processo":{"numero":"2500100659179","situacao":29,"numeroProcessoFormatado":"25001.006591/79"}},{"ordem":4,"produto":{"codigo":125186,"nome":"CLORATISA","numeroRegistro":"101860022","tipo":{"codigo":1,"descricao":null},"categoria":null,"situacaoRotulo":null,"dataVencimento":null,"mesAnoVencimento":"072003","dataVencimentoRegistro":"2003-07-01T00:00:00.000-0300","principioAtivo":null,"situacaoApresentacao":"Caduco/Cancelado","dataRegistro":"2002-04-04T00:00:00.000-0300","categoriaRegulatoria":{"codigo":8,"descricao":"Similar"},"medicamentoReferencia":null,"categoriaProduto":null,"tipoAutorizacao":"REGISTRADO","acancelar":false,"numeroRegistroFormatado":"101860022","mesAnoVencimentoFormatado":"07/2003"},"empresa":{"cnpj":"04099395000182","razaoSocial":"SANTISA LABORATÓRIO FARMACÊUTICO S/A","numeroAutorizacao":"1001862","cnpjFormatado":"04.099.395/0001-82"},"processo":{"numero":"2500100257586","situacao":29,"numeroProcessoFormatado":"25001.002575/86"}},{"ordem":5,"produto":{"codigo":2193,"nome":"CLORETO DE SODIO","numeroRegistro":"101860023","tipo":{"codigo":1,"descricao":null},"categoria":null,"situacaoRotulo":null,"dataVencimento":null,"mesAnoVencimento":"102003","dataVencimentoRegistro":"2003-10-01T00:00:00.000-0300","principioAtivo":null,"situacaoApresentacao":"Caduco/Cancelado","dataRegistro":"2001-05-31T00:00:00.000-0300","categoriaRegulatoria":{"codigo":8,"descricao":"Similar"},"medicamentoReferencia":null,"categoriaProduto":null,"tipoAutorizacao":"REGISTRADO","acancelar":false,"numeroRegistroFormatado":"101860023","mesAnoVencimentoFormatado":"10/2003"},"empresa":{"cnpj":"04099395000182","razaoSocial":"SANTISA LABORATÓRIO FARMACÊUTICO S/A","numeroAutorizacao":"1001862","cnpjFormatado":"04.099.395/0001-82"},"processo":{"numero":"2500100423987","situacao":29,"numeroProcessoFormatado":"25001.004239/87"}},{"ordem":6,"produto":{"codigo":432673,"nome":"DIAZEPAM COMPOSTO INJETÁVEL","numeroRegistro":"101860029","tipo":{"codigo":1,"descricao":null},"categoria":null,"situacaoRotulo":null,"dataVencimento":null,"mesAnoVencimento":"112010","dataVencimentoRegistro":"2010-11-01T00:00:00.000-0300","principioAtivo":null,"situacaoApresentacao":"Caduco/Cancelado","dataRegistro":"1980-05-08T00:00:00.000-0300","categoriaRegulatoria":{"codigo":8,"descricao":"Similar"},"medicamentoReferencia":null,"categoriaProduto":null,"tipoAutorizacao":"REGISTRADO","acancelar":false,"numeroRegistroFormatado":"101860029","mesAnoVencimentoFormatado":"11/2010"},"empresa":{"cnpj":"04099395000182","razaoSocial":"SANTISA LABORATÓRIO FARMACÊUTICO S/A","numeroAutorizacao":"1001862","cnpjFormatado":"04.099.395/0001-82"},"processo":{"numero":"2599101393178","situacao":29,"numeroProcessoFormatado":"25991.013931/78"}},{"ordem":7,"produto":{"codigo":4427,"nome":"FUROSANTISA","numeroRegistro":"101860018","tipo":{"codigo":1,"descricao":null},"categoria":null,"situacaoRotulo":null,"dataVencimento":null,"mesAnoVencimento":"062029","dataVencimentoRegistro":"2029-06-01T00:00:00.000-0300","principioAtivo":"FUROSEMIDA","situacaoApresentacao":"Válido","dataRegistro":"2001-07-23T00:00:00.000-0300","categoriaRegulatoria":{"codigo":8,"descricao":"Similar"},"medicamentoReferencia":"LASIX","categoriaProduto":null,"tipoAutorizacao":"REGISTRADO","acancelar":false,"numeroRegistroFormatado":"101860018","mesAnoVencimentoFormatado":"06/2029"},"empresa":{"cnpj":"04099395000182","razaoSocial":"SANTISA LABORATÓRIO FARMACÊUTICO S/A","numeroAutorizacao":"1001862","cnpjFormatado":"04.099.395/0001-82"},"processo":{"numero":"2500101039678","situacao":29,"numeroProcessoFormatado":"25001.010396/78"}},{"ordem":8,"produto":{"codigo":1087242,"nome":"FUROSEMIDA","numeroRegistro":"101860032","tipo":{"codigo":1,"descricao":null},"categoria":null,"situacaoRotulo":null,"dataVencimento":null,"mesAnoVencimento":"022026","dataVencimentoRegistro":"2026-02-01T00:00:00.000-0300","principioAtivo":"FUROSEMIDA","situacaoApresentacao":"Válido","dataRegistro":"2016-02-10T00:00:00.000-0300","categoriaRegulatoria":{"codigo":5,"descricao":"Genérico"},"medicamentoReferencia":"LASIX","categoriaProduto":null,"tipoAutorizacao":"REGISTRADO","acancelar":false,"numeroRegistroFormatado":"101860032","mesAnoVencimentoFormatado":"02/2026"},"empresa":{"cnpj":"04099395000182","razaoSocial":"SANTISA LABORATÓRIO FARMACÊUTICO S/A","numeroAutorizacao":"1001862","cnpjFormatado":"04.099.395/0001-82"},"processo":{"numero":"25351682249201484","situacao":29,"numeroProcessoFormatado":"25351.682249/2014-84"}},{"ordem":9,"produto":{"codigo":4498,"nome":"GENTAMISAN","numeroRegistro":"101860002","tipo":{"codigo":1,"descricao":null},"categoria":null,"situacaoRotulo":null,"dataVencimento":null,"mesAnoVencimento":"072029","dataVencimentoRegistro":"2029-07-01T00:00:00.000-0300","principioAtivo":"SULFATO DE GENTAMICINA","situacaoApresentacao":"Válido","dataRegistro":"2001-07-12T00:00:00.000-0300","categoriaRegulatoria":{"codigo":8,"descricao":"Similar"},"medicamentoReferencia":"GARAMICINA","categoriaProduto":null,"tipoAutorizacao":"REGISTRADO","acancelar":false,"numeroRegistroFormatado":"101860002","mesAnoVencimentoFormatado":"07/2029"},"empresa":{"cnpj":"04099395000182","razaoSocial":"SANTISA LABORATÓRIO FARMACÊUTICO S/A","numeroAutorizacao":"1001862","cnpjFormatado":"04.099.395/0001-82"},"processo":{"numero":"2500101039478","situacao":29,"numeroProcessoFormatado":"25001.010394/78"}},{"ordem":10,"produto":{"codigo":4618,"nome":"GLICOSE","numeroRegistro":"101860009","tipo":{"codigo":1,"descricao":null},"categoria":null,"situacaoRotulo":null,"dataVencimento":null,"mesAnoVencimento":"122004","dataVencimentoRegistro":"2004-12-01T00:00:00.000-0300","principioAtivo":null,"situacaoApresentacao":"Caduco/Cancelado","dataRegistro":"2001-06-29T00:00:00.000-0300","categoriaRegulatoria":{"codigo":8,"descricao":"Similar"},"medicamentoReferencia":null,"categoriaProduto":null,"tipoAutorizacao":"REGISTRADO","acancelar":false,"numeroRegistroFormatado":"101860009","mesAnoVencimentoFormatado":"12/2004"},"empresa":{"cnpj":"04099395000182","razaoSocial":"SANTISA LABORATÓRIO FARMACÊUTICO S/A","numeroAutorizacao":"1001862","cnpjFormatado":"04.099.395/0001-82"},"processo":{"numero":"2599100369879","situacao":29,"numeroProcessoFormatado":"25991.003698/79"}},{"ordem":11,"produto":{"codigo":4649,"nome":"GLUCONATO DE CALCIO","numeroRegistro":"101860025","tipo":{"codigo":1,"descricao":null},"categoria":null,"situacaoRotulo":null,"dataVencimento":null,"mesAnoVencimento":"102003","dataVencimentoRegistro":"2003-10-01T00:00:00.000-0300","principioAtivo":null,"situacaoApresentacao":"Caduco/Cancelado","dataRegistro":"2001-05-31T00:00:00.000-0300","categoriaRegulatoria":{"codigo":8,"descricao":"Similar"},"medicamentoReferencia":null,"categoriaProduto":null,"tipoAutorizacao":"REGISTRADO","acancelar":false,"numeroRegistroFormatado":"101860025","mesAnoVencimentoFormatado":"10/2003"},"empresa":{"cnpj":"04099395000182","razaoSocial":"SANTISA LABORATÓRIO FARMACÊUTICO S/A","numeroAutorizacao":"1001862","cnpjFormatado":"04.099.395/0001-82"},"processo":{"numero":"2500100423787","situacao":29,"numeroProcessoFormatado":"25001.004237/87"}},{"ordem":12,"produto":{"codigo":919255,"nome":"LACTOSAN","numeroRegistro":"101860035","tipo":{"codigo":1,"descricao":null},"categoria":null,"situacaoRotulo":null,"dataVencimento":null,"mesAnoVencimento":"062028","dataVencimentoRegistro":"2028-06-01T00:00:00.000-0300","principioAtivo":"LACTULOSE","situacaoApresentacao":"Válido","dataRegistro":"2018-06-18T00:00:00.000-0300","categoriaRegulatoria":{"codigo":3,"descricao":"Específico"},"medicamentoReferencia":null,"categoriaProduto":null,"tipoAutorizacao":"REGISTRADO","acancelar":false,"numeroRegistroFormatado":"101860035","mesAnoVencimentoFormatado":"06/2028"},"empresa":{"cnpj":"04099395000182","razaoSocial":"SANTISA LABORATÓRIO FARMACÊUTICO S/A","numeroAutorizacao":"1001862","cnpjFormatado":"04.099.395/0001-82"},"processo":{"numero":"25351542926201353","situacao":29,"numeroProcessoFormatado":"25351.542926/2013-53"}},{"ordem":13,"produto":{"codigo":5981,"nome":"METOCLOSANTISA","numeroRegistro":"101860003","tipo":{"codigo":1,"descricao":null},"categoria":null,"situacaoRotulo":null,"dataVencimento":null,"mesAnoVencimento":"072029","dataVencimentoRegistro":"2029-07-01T00:00:00.000-0300","principioAtivo":"cloridrato de metoclopramida","situacaoApresentacao":"Válido","dataRegistro":"1979-07-11T00:00:00.000-0300","categoriaRegulatoria":{"codigo":8,"descricao":"Similar"},"medicamentoReferencia":"PLASIL","categoriaProduto":null,"tipoAutorizacao":"REGISTRADO","acancelar":false,"numeroRegistroFormatado":"101860003","mesAnoVencimentoFormatado":"07/2029"},"empresa":{"cnpj":"04099395000182","razaoSocial":"SANTISA LABORATÓRIO FARMACÊUTICO S/A","numeroAutorizacao":"1001862","cnpjFormatado":"04.099.395/0001-82"},"processo":{"numero":"2500101039778","situacao":29,"numeroProcessoFormatado":"25001.010397/78"}},{"ordem":14,"produto":{"codigo":173025,"nome":"NITROFURAZONA","numeroRegistro":"101860004","tipo":{"codigo":1,"descricao":null},"categoria":null,"situacaoRotulo":null,"dataVencimento":null,"mesAnoVencimento":"072004","dataVencimentoRegistro":"2004-07-01T00:00:00.000-0300","principioAtivo":null,"situacaoApresentacao":"Caduco/Cancelado","dataRegistro":"2003-02-12T00:00:00.000-0300","categoriaRegulatoria":{"codigo":8,"descricao":"Similar"},"medicamentoReferencia":null,"categoriaProduto":null,"tipoAutorizacao":"REGISTRADO","acancelar":false,"numeroRegistroFormatado":"101860004","mesAnoVencimentoFormatado":"07/2004"},"empresa":{"cnpj":"04099395000182","razaoSocial":"SANTISA LABORATÓRIO FARMACÊUTICO S/A","numeroAutorizacao":"1001862","cnpjFormatado":"04.099.395/0001-82"},"processo":{"numero":"2599100659279","situacao":29,"numeroProcessoFormatado":"25991.006592/79"}},{"ordem":15,"produto":{"codigo":3629388,"nome":"SANTIAZEPAM","numeroRegistro":"101860037","tipo":{"codigo":1,"descricao":null},"categoria":null,"situacaoRotulo":null,"dataVencimento":"2033-07-25T00:00:00.000-0300","mesAnoVencimento":"072033","dataVencimentoRegistro":"2033-07-01T00:00:00.000-0300","principioAtivo":"DIAZEPAM","situacaoApresentacao":"Válido","dataRegistro":"2023-07-25T00:00:00.000-0300","categoriaRegulatoria":{"codigo":8,"descricao":"Similar"},"medicamentoReferencia":"DIAZEPAM","categoriaProduto":null,"tipoAutorizacao":"REGISTRADO","acancelar":false,"numeroRegistroFormatado":"101860037","mesAnoVencimentoFormatado":"07/2033"},"empresa":{"cnpj":"04099395000182","razaoSocial":"SANTISA LABORATÓRIO FARMACÊUTICO S/A","numeroAutorizacao":"1001862","cnpjFormatado":"04.099.395/0001-82"},"processo":{"numero":"25351406810202311","situacao":29,"numeroProcessoFormatado":"25351.406810/2023-11"}},{"ordem":16,"produto":{"codigo":3319,"nome":"SANTIAZEPAM","numeroRegistro":"101860019","tipo":{"codigo":1,"descricao":null},"categoria":null,"situacaoRotulo":null,"dataVencimento":null,"mesAnoVencimento":"052028","dataVencimentoRegistro":"2028-05-01T00:00:00.000-0300","principioAtivo":"DIAZEPAM","situacaoApresentacao":"Válido","dataRegistro":"2001-05-31T00:00:00.000-0300","categoriaRegulatoria":{"codigo":8,"descricao":"Similar"},"medicamentoReferencia":"VALIUM","categoriaProduto":null,"tipoAutorizacao":"REGISTRADO","acancelar":false,"numeroRegistroFormatado":"101860019","mesAnoVencimentoFormatado":"05/2028"},"empresa":{"cnpj":"04099395000182","razaoSocial":"SANTISA LABORATÓRIO FARMACÊUTICO S/A","numeroAutorizacao":"1001862","cnpjFormatado":"04.099.395/0001-82"},"processo":{"numero":"2500100414785","situacao":29,"numeroProcessoFormatado":"25001.004147/85"}},{"ordem":17,"produto":{"codigo":137965,"nome":"SANTICILINA","numeroRegistro":"101860007","tipo":{"codigo":1,"descricao":null},"categoria":null,"situacaoRotulo":null,"dataVencimento":null,"mesAnoVencimento":"112009","dataVencimentoRegistro":"2009-11-01T00:00:00.000-0300","principioAtivo":null,"situacaoApresentacao":"Caduco/Cancelado","dataRegistro":"1989-11-23T00:00:00.000-0200","categoriaRegulatoria":{"codigo":8,"descricao":"Similar"},"medicamentoReferencia":null,"categoriaProduto":null,"tipoAutorizacao":"REGISTRADO","acancelar":false,"numeroRegistroFormatado":"101860007","mesAnoVencimentoFormatado":"11/2009"},"empresa":{"cnpj":"04099395000182","razaoSocial":"SANTISA LABORATÓRIO FARMACÊUTICO S/A","numeroAutorizacao":"1001862","cnpjFormatado":"04.099.395/0001-82"},"processo":{"numero":"2500101478978","situacao":29,"numeroProcessoFormatado":"25001.014789/78"}},{"ordem":18,"produto":{"codigo":137673,"nome":"SANTIDOR","numeroRegistro":"101860012","tipo":{"codigo":1,"descricao":null},"categoria":null,"situacaoRotulo":null,"dataVencimento":"2025-01-20T00:00:00.000-0300","mesAnoVencimento":"012025","dataVencimentoRegistro":"2025-01-01T00:00:00.000-0300","principioAtivo":"dipirona monoidratada","situacaoApresentacao":"Válido","dataRegistro":"2002-07-31T00:00:00.000-0300","categoriaRegulatoria":{"codigo":8,"descricao":"Similar"},"medicamentoReferencia":"NOVALGINA","categoriaProduto":null,"tipoAutorizacao":"REGISTRADO","acancelar":false,"numeroRegistroFormatado":"101860012","mesAnoVencimentoFormatado":"01/2025"},"empresa":{"cnpj":"04099395000182","razaoSocial":"SANTISA LABORATÓRIO FARMACÊUTICO S/A","numeroAutorizacao":"1001862","cnpjFormatado":"04.099.395/0001-82"},"processo":{"numero":"259910049077931","situacao":29,"numeroProcessoFormatado":"25991.004907/79-31"}},{"ordem":19,"produto":{"codigo":4794,"nome":"SANTIGEL","numeroRegistro":"101860021","tipo":{"codigo":1,"descricao":null},"categoria":null,"situacaoRotulo":null,"dataVencimento":null,"mesAnoVencimento":"062008","dataVencimentoRegistro":"2008-06-01T00:00:00.000-0300","principioAtivo":null,"situacaoApresentacao":"Caduco/Cancelado","dataRegistro":"2001-05-31T00:00:00.000-0300","categoriaRegulatoria":{"codigo":8,"descricao":"Similar"},"medicamentoReferencia":null,"categoriaProduto":null,"tipoAutorizacao":"REGISTRADO","acancelar":false,"numeroRegistroFormatado":"101860021","mesAnoVencimentoFormatado":"06/2008"},"empresa":{"cnpj":"04099395000182","razaoSocial":"SANTISA LABORATÓRIO FARMACÊUTICO S/A","numeroAutorizacao":"1001862","cnpjFormatado":"04.099.395/0001-82"},"processo":{"numero":"2500100423887","situacao":29,"numeroProcessoFormatado":"25001.004238/87"}},{"ordem":20,"produto":{"codigo":1083262,"nome":"SANTIPLEX B","numeroRegistro":"101860033","tipo":{"codigo":1,"descricao":null},"categoria":null,"situacaoRotulo":null,"dataVencimento":null,"mesAnoVencimento":"082026","dataVencimentoRegistro":"2026-08-01T00:00:00.000-0300","principioAtivo":"CLORIDRATO DE TIAMINA, fosfato de riboflavina, CLORIDRATO DE PIRIDOXINA, NICOTINAMIDA, DEXPANTENOL","situacaoApresentacao":"Válido","dataRegistro":"2016-08-15T00:00:00.000-0300","categoriaRegulatoria":{"codigo":3,"descricao":"Específico"},"medicamentoReferencia":null,"categoriaProduto":null,"tipoAutorizacao":"REGISTRADO","acancelar":false,"numeroRegistroFormatado":"101860033","mesAnoVencimentoFormatado":"08/2026"},"empresa":{"cnpj":"04099395000182","razaoSocial":"SANTISA LABORATÓRIO FARMACÊUTICO S/A","numeroAutorizacao":"1001862","cnpjFormatado":"04.099.395/0001-82"},"processo":{"numero":"25351342659201523","situacao":29,"numeroProcessoFormatado":"25351.342659/2015-23"}},{"ordem":21,"produto":{"codigo":2174,"nome":"SANTISA CLORETO DE POTASSIO","numeroRegistro":"101860024","tipo":{"codigo":1,"descricao":null},"categoria":null,"situacaoRotulo":null,"dataVencimento":null,"mesAnoVencimento":"102003","dataVencimentoRegistro":"2003-10-01T00:00:00.000-0300","principioAtivo":null,"situacaoApresentacao":"Caduco/Cancelado","dataRegistro":"2001-06-11T00:00:00.000-0300","categoriaRegulatoria":{"codigo":3,"descricao":"Específico"},"medicamentoReferencia":null,"categoriaProduto":null,"tipoAutorizacao":"REGISTRADO","acancelar":false,"numeroRegistroFormatado":"101860024","mesAnoVencimentoFormatado":"10/2003"},"empresa":{"cnpj":"04099395000182","razaoSocial":"SANTISA LABORATÓRIO FARMACÊUTICO S/A","numeroAutorizacao":"1001862","cnpjFormatado":"04.099.395/0001-82"},"processo":{"numero":"2500100423687","situacao":29,"numeroProcessoFormatado":"25001.004236/87"}},{"ordem":22,"produto":{"codigo":3664785,"nome":"SANTISAVIT C","numeroRegistro":"101860038","tipo":{"codigo":1,"descricao":null},"categoria":null,"situacaoRotulo":null,"dataVencimento":"2034-03-25T00:00:00.000-0300","mesAnoVencimento":"032034","dataVencimentoRegistro":"2034-03-01T00:00:00.000-0300","principioAtivo":"ÁCIDO ASCÓRBICO","situacaoApresentacao":"Válido","dataRegistro":"2024-03-25T00:00:00.000-0300","categoriaRegulatoria":{"codigo":3,"descricao":"Específico"},"medicamentoReferencia":null,"categoriaProduto":null,"tipoAutorizacao":"REGISTRADO","acancelar":false,"numeroRegistroFormatado":"101860038","mesAnoVencimentoFormatado":"03/2034"},"empresa":{"cnpj":"04099395000182","razaoSocial":"SANTISA LABORATÓRIO FARMACÊUTICO S/A","numeroAutorizacao":"1001862","cnpjFormatado":"04.099.395/0001-82"},"processo":{"numero":"25351415426202318","situacao":29,"numeroProcessoFormatado":"25351.415426/2023-18"}},{"ordem":23,"produto":{"codigo":423514,"nome":"SANTITOSS","numeroRegistro":"101860028","tipo":{"codigo":1,"descricao":null},"categoria":null,"situacaoRotulo":null,"dataVencimento":null,"mesAnoVencimento":"012010","dataVencimentoRegistro":"2010-01-01T00:00:00.000-0300","principioAtivo":null,"situacaoApresentacao":"Caduco/Cancelado","dataRegistro":"1980-01-22T00:00:00.000-0300","categoriaRegulatoria":{"codigo":8,"descricao":"Similar"},"medicamentoReferencia":null,"categoriaProduto":null,"tipoAutorizacao":"REGISTRADO","acancelar":false,"numeroRegistroFormatado":"101860028","mesAnoVencimentoFormatado":"01/2010"},"empresa":{"cnpj":"04099395000182","razaoSocial":"SANTISA LABORATÓRIO FARMACÊUTICO S/A","numeroAutorizacao":"1001862","cnpjFormatado":"04.099.395/0001-82"},"processo":{"numero":"2500100659479","situacao":29,"numeroProcessoFormatado":"25001.006594/79"}},{"ordem":24,"produto":{"codigo":7607,"nome":"SANTROPINA","numeroRegistro":"101860010","tipo":{"codigo":1,"descricao":null},"categoria":null,"situacaoRotulo":null,"dataVencimento":"2030-01-17T00:00:00.000-0300","mesAnoVencimento":"012030","dataVencimentoRegistro":"2030-01-01T00:00:00.000-0300","principioAtivo":"SULFATO DE ATROPINA","situacaoApresentacao":"Válido","dataRegistro":"2001-07-12T00:00:00.000-0300","categoriaRegulatoria":{"codigo":8,"descricao":"Similar"},"medicamentoReferencia":"ATROPION","categoriaProduto":null,"tipoAutorizacao":"REGISTRADO","acancelar":false,"numeroRegistroFormatado":"101860010","mesAnoVencimentoFormatado":"01/2030"},"empresa":{"cnpj":"04099395000182","razaoSocial":"SANTISA LABORATÓRIO FARMACÊUTICO S/A","numeroAutorizacao":"1001862","cnpjFormatado":"04.099.395/0001-82"},"processo":{"numero":"2599100944079","situacao":29,"numeroProcessoFormatado":"25991.009440/79"}},{"ordem":25,"produto":{"codigo":7545,"nome":"SULFATRISA","numeroRegistro":"101860008","tipo":{"codigo":1,"descricao":null},"categoria":null,"situacaoRotulo":null,"dataVencimento":null,"mesAnoVencimento":"122009","dataVencimentoRegistro":"2009-12-01T00:00:00.000-0300","principioAtivo":null,"situacaoApresentacao":"Caduco/Cancelado","dataRegistro":"2001-06-29T00:00:00.000-0300","categoriaRegulatoria":{"codigo":8,"descricao":"Similar"},"medicamentoReferencia":null,"categoriaProduto":null,"tipoAutorizacao":"REGISTRADO","acancelar":false,"numeroRegistroFormatado":"101860008","mesAnoVencimentoFormatado":"12/2009"},"empresa":{"cnpj":"04099395000182","razaoSocial":"SANTISA LABORATÓRIO FARMACÊUTICO S/A","numeroAutorizacao":"1001862","cnpjFormatado":"04.099.395/0001-82"},"processo":{"numero":"2599101393078","situacao":29,"numeroProcessoFormatado":"25991.013930/78"}},{"ordem":26,"produto":{"codigo":7930,"nome":"TETRACICLISA","numeroRegistro":"101860020","tipo":{"codigo":1,"descricao":null},"categoria":null,"situacaoRotulo":null,"dataVencimento":null,"mesAnoVencimento":"062008","dataVencimentoRegistro":"2008-06-01T00:00:00.000-0300","principioAtivo":null,"situacaoApresentacao":"Caduco/Cancelado","dataRegistro":"2001-06-15T00:00:00.000-0300","categoriaRegulatoria":{"codigo":8,"descricao":"Similar"},"medicamentoReferencia":null,"categoriaProduto":null,"tipoAutorizacao":"REGISTRADO","acancelar":false,"numeroRegistroFormatado":"101860020","mesAnoVencimentoFormatado":"06/2008"},"empresa":{"cnpj":"04099395000182","razaoSocial":"SANTISA LABORATÓRIO FARMACÊUTICO S/A","numeroAutorizacao":"1001862","cnpjFormatado":"04.099.395/0001-82"},"processo":{"numero":"2500100335586","situacao":29,"numeroProcessoFormatado":"25001.003355/86"}},{"ordem":27,"produto":{"codigo":1026113,"nome":"VITASANTISA C","numeroRegistro":"101860031","tipo":{"codigo":1,"descricao":null},"categoria":null,"situacaoRotulo":null,"dataVencimento":null,"mesAnoVencimento":"072025","dataVencimentoRegistro":"2025-07-01T00:00:00.000-0300","principioAtivo":"ÁCIDO ASCÓRBICO","situacaoApresentacao":"Válido","dataRegistro":"2015-07-27T00:00:00.000-0300","categoriaRegulatoria":{"codigo":3,"descricao":"Específico"},"medicamentoReferencia":null,"categoriaProduto":null,"tipoAutorizacao":"REGISTRADO","acancelar":false,"numeroRegistroFormatado":"101860031","mesAnoVencimentoFormatado":"07/2025"},"empresa":{"cnpj":"04099395000182","razaoSocial":"SANTISA LABORATÓRIO FARMACÊUTICO S/A","numeroAutorizacao":"1001862","cnpjFormatado":"04.099.395/0001-82"},"processo":{"numero":"25351702756201453","situacao":29,"numeroProcessoFormatado":"25351.702756/2014-53"}},{"ordem":28,"produto":{"codigo":675289,"nome":"diazepam","numeroRegistro":"101860030","tipo":{"codigo":1,"descricao":null},"categoria":null,"situacaoRotulo":null,"dataVencimento":null,"mesAnoVencimento":"052025","dataVencimentoRegistro":"2025-05-01T00:00:00.000-0300","principioAtivo":"DIAZEPAM","situacaoApresentacao":"Válido","dataRegistro":"2010-05-24T00:00:00.000-0300","categoriaRegulatoria":{"codigo":5,"descricao":"Genérico"},"medicamentoReferencia":"DIAZEPAM MS.104971235","categoriaProduto":null,"tipoAutorizacao":"REGISTRADO","acancelar":false,"numeroRegistroFormatado":"101860030","mesAnoVencimentoFormatado":"05/2025"},"empresa":{"cnpj":"04099395000182","razaoSocial":"SANTISA LABORATÓRIO FARMACÊUTICO S/A","numeroAutorizacao":"1001862","cnpjFormatado":"04.099.395/0001-82"},"processo":{"numero":"25351202553200910","situacao":29,"numeroProcessoFormatado":"25351.202553/2009-10"}},{"ordem":29,"produto":{"codigo":3193877,"nome":"dipirona","numeroRegistro":"101860036","tipo":{"codigo":1,"descricao":null},"categoria":null,"situacaoRotulo":null,"dataVencimento":"2032-04-20T00:00:00.000-0300","mesAnoVencimento":"042032","dataVencimentoRegistro":"2032-04-01T00:00:00.000-0300","principioAtivo":"DIPIRONA","situacaoApresentacao":"Válido","dataRegistro":"2022-04-04T00:00:00.000-0300","categoriaRegulatoria":{"codigo":5,"descricao":"Genérico"},"medicamentoReferencia":"NOVALGINA","categoriaProduto":null,"tipoAutorizacao":"REGISTRADO","acancelar":false,"numeroRegistroFormatado":"101860036","mesAnoVencimentoFormatado":"04/2032"},"empresa":{"cnpj":"04099395000182","razaoSocial":"SANTISA LABORATÓRIO FARMACÊUTICO S/A","numeroAutorizacao":"1001862","cnpjFormatado":"04.099.395/0001-82"},"processo":{"numero":"25351096733202204","situacao":29,"numeroProcessoFormatado":"25351.096733/2022-04"}},{"ordem":30,"produto":{"codigo":1143436,"nome":"sulfato de gentamicina","numeroRegistro":"101860034","tipo":{"codigo":1,"descricao":null},"categoria":null,"situacaoRotulo":null,"dataVencimento":null,"mesAnoVencimento":"012027","dataVencimentoRegistro":"2027-01-01T00:00:00.000-0300","principioAtivo":"SULFATO DE GENTAMICINA","situacaoApresentacao":"Válido","dataRegistro":"2017-01-16T00:00:00.000-0300","categoriaRegulatoria":{"codigo":5,"descricao":"Genérico"},"medicamentoReferencia":"GARAMICINA","categoriaProduto":null,"tipoAutorizacao":"REGISTRADO","acancelar":false,"numeroRegistroFormatado":"101860034","mesAnoVencimentoFormatado":"01/2027"},"empresa":{"cnpj":"04099395000182","razaoSocial":"SANTISA LABORATÓRIO FARMACÊUTICO S/A","numeroAutorizacao":"1001862","cnpjFormatado":"04.099.395/0001-82"},"processo":{"numero":"25351240244201640","situacao":29,"numeroProcessoFormatado":"25351.240244/2016-40"}}],"totalElements":30,"totalPages":1,"last":true,"numberOfElements":30,"size":1000,"number":0,"first":true,"sort":null}