{"content":[{"ordem":1,"produto":{"codigo":852763,"nome":"ACETATO DE CIPROTERONA+ETINILESTRADIOL","numeroRegistro":"155890004","tipo":{"codigo":1,"descricao":null},"categoria":null,"situacaoRotulo":null,"dataVencimento":null,"mesAnoVencimento":"072028","dataVencimentoRegistro":"2028-07-01T00:00:00.000-0300","principioAtivo":null,"situacaoApresentacao":"Caduco/Cancelado","dataRegistro":"2013-07-08T00:00:00.000-0300","categoriaRegulatoria":{"codigo":5,"descricao":"Genérico"},"medicamentoReferencia":"DIANE 35","categoriaProduto":null,"tipoAutorizacao":"REGISTRADO","acancelar":false,"numeroRegistroFormatado":"155890004","mesAnoVencimentoFormatado":"07/2028"},"empresa":{"cnpj":"04338716000154","razaoSocial":"INDÚSTRIA FARMACÊUTICA MELCON DO BRASIL S.A.","numeroAutorizacao":null,"cnpjFormatado":"04.338.716/0001-54"},"processo":{"numero":"25351527182201230","situacao":29,"numeroProcessoFormatado":"25351.527182/2012-30"}},{"ordem":2,"produto":{"codigo":1174886,"nome":"BELTAZIN","numeroRegistro":"155890015","tipo":{"codigo":1,"descricao":null},"categoria":null,"situacaoRotulo":null,"dataVencimento":null,"mesAnoVencimento":"072027","dataVencimentoRegistro":"2027-07-01T00:00:00.000-0300","principioAtivo":null,"situacaoApresentacao":"Caduco/Cancelado","dataRegistro":"2017-07-10T00:00:00.000-0300","categoriaRegulatoria":{"codigo":8,"descricao":"Similar"},"medicamentoReferencia":null,"categoriaProduto":null,"tipoAutorizacao":"REGISTRADO","acancelar":false,"numeroRegistroFormatado":"155890015","mesAnoVencimentoFormatado":"07/2027"},"empresa":{"cnpj":"04338716000154","razaoSocial":"INDÚSTRIA FARMACÊUTICA MELCON DO BRASIL S.A.","numeroAutorizacao":null,"cnpjFormatado":"04.338.716/0001-54"},"processo":{"numero":"25351279694201711","situacao":29,"numeroProcessoFormatado":"25351.279694/2017-11"}},{"ordem":3,"produto":{"codigo":1096785,"nome":"BELTAZIN","numeroRegistro":"155890014","tipo":{"codigo":1,"descricao":null},"categoria":null,"situacaoRotulo":null,"dataVencimento":null,"mesAnoVencimento":"042021","dataVencimentoRegistro":"2021-04-01T00:00:00.000-0300","principioAtivo":null,"situacaoApresentacao":"Caduco/Cancelado","dataRegistro":"2016-04-18T00:00:00.000-0300","categoriaRegulatoria":{"codigo":8,"descricao":"Similar"},"medicamentoReferencia":"ZENTEL","categoriaProduto":null,"tipoAutorizacao":"REGISTRADO","acancelar":false,"numeroRegistroFormatado":"155890014","mesAnoVencimentoFormatado":"04/2021"},"empresa":{"cnpj":"04338716000154","razaoSocial":"INDÚSTRIA FARMACÊUTICA MELCON DO BRASIL S.A.","numeroAutorizacao":null,"cnpjFormatado":"04.338.716/0001-54"},"processo":{"numero":"25351639756201215","situacao":29,"numeroProcessoFormatado":"25351.639756/2012-15"}},{"ordem":4,"produto":{"codigo":1183316,"nome":"BIOTIFENO","numeroRegistro":"155890017","tipo":{"codigo":1,"descricao":null},"categoria":null,"situacaoRotulo":null,"dataVencimento":null,"mesAnoVencimento":"082027","dataVencimentoRegistro":"2027-08-01T00:00:00.000-0300","principioAtivo":null,"situacaoApresentacao":"Caduco/Cancelado","dataRegistro":"2017-08-14T00:00:00.000-0300","categoriaRegulatoria":{"codigo":8,"descricao":"Similar"},"medicamentoReferencia":"CATAFLAM EMULGEL / CATAFLAM / CATAFLAM D / VOLTAREN / VOLTAREN SR / VOLTAREN RETARD","categoriaProduto":null,"tipoAutorizacao":"REGISTRADO","acancelar":false,"numeroRegistroFormatado":"155890017","mesAnoVencimentoFormatado":"08/2027"},"empresa":{"cnpj":"04338716000154","razaoSocial":"INDÚSTRIA FARMACÊUTICA MELCON DO BRASIL S.A.","numeroAutorizacao":null,"cnpjFormatado":"04.338.716/0001-54"},"processo":{"numero":"25351248567201762","situacao":29,"numeroProcessoFormatado":"25351.248567/2017-62"}},{"ordem":5,"produto":{"codigo":809327,"nome":"CEREMIL","numeroRegistro":"155890007","tipo":{"codigo":1,"descricao":null},"categoria":null,"situacaoRotulo":null,"dataVencimento":null,"mesAnoVencimento":"112028","dataVencimentoRegistro":"2028-11-01T00:00:00.000-0300","principioAtivo":null,"situacaoApresentacao":"Caduco/Cancelado","dataRegistro":"2013-11-25T00:00:00.000-0300","categoriaRegulatoria":{"codigo":8,"descricao":"Similar"},"medicamentoReferencia":"LAMISIL","categoriaProduto":null,"tipoAutorizacao":"REGISTRADO","acancelar":false,"numeroRegistroFormatado":"155890007","mesAnoVencimentoFormatado":"11/2028"},"empresa":{"cnpj":"04338716000154","razaoSocial":"INDÚSTRIA FARMACÊUTICA MELCON DO BRASIL S.A.","numeroAutorizacao":null,"cnpjFormatado":"04.338.716/0001-54"},"processo":{"numero":"25351061179201264","situacao":29,"numeroProcessoFormatado":"25351.061179/2012-64"}},{"ordem":6,"produto":{"codigo":852602,"nome":"DUNIA 35","numeroRegistro":"155890009","tipo":{"codigo":1,"descricao":null},"categoria":null,"situacaoRotulo":null,"dataVencimento":null,"mesAnoVencimento":"022029","dataVencimentoRegistro":"2029-02-01T00:00:00.000-0300","principioAtivo":null,"situacaoApresentacao":"Caduco/Cancelado","dataRegistro":"2014-02-10T00:00:00.000-0300","categoriaRegulatoria":{"codigo":8,"descricao":"Similar"},"medicamentoReferencia":"DIANE 35","categoriaProduto":null,"tipoAutorizacao":"REGISTRADO","acancelar":false,"numeroRegistroFormatado":"155890009","mesAnoVencimentoFormatado":"02/2029"},"empresa":{"cnpj":"04338716000154","razaoSocial":"INDÚSTRIA FARMACÊUTICA MELCON DO BRASIL S.A.","numeroAutorizacao":null,"cnpjFormatado":"04.338.716/0001-54"},"processo":{"numero":"25351527220201285","situacao":29,"numeroProcessoFormatado":"25351.527220/2012-85"}},{"ordem":7,"produto":{"codigo":352399,"nome":"ENALAPRON","numeroRegistro":"155890001","tipo":{"codigo":1,"descricao":null},"categoria":null,"situacaoRotulo":null,"dataVencimento":null,"mesAnoVencimento":"012009","dataVencimentoRegistro":"2009-01-01T00:00:00.000-0300","principioAtivo":null,"situacaoApresentacao":"Caduco/Cancelado","dataRegistro":"2004-01-28T00:00:00.000-0300","categoriaRegulatoria":{"codigo":8,"descricao":"Similar"},"medicamentoReferencia":null,"categoriaProduto":null,"tipoAutorizacao":"REGISTRADO","acancelar":false,"numeroRegistroFormatado":"155890001","mesAnoVencimentoFormatado":"01/2009"},"empresa":{"cnpj":"04338716000154","razaoSocial":"INDÚSTRIA FARMACÊUTICA MELCON DO BRASIL S.A.","numeroAutorizacao":null,"cnpjFormatado":"04.338.716/0001-54"},"processo":{"numero":"25351038885200311","situacao":29,"numeroProcessoFormatado":"25351.038885/2003-11"}},{"ordem":8,"produto":{"codigo":724332,"nome":"HORA H","numeroRegistro":"155890003","tipo":{"codigo":1,"descricao":null},"categoria":null,"situacaoRotulo":null,"dataVencimento":null,"mesAnoVencimento":"072026","dataVencimentoRegistro":"2026-07-01T00:00:00.000-0300","principioAtivo":null,"situacaoApresentacao":"Caduco/Cancelado","dataRegistro":"2011-07-11T00:00:00.000-0300","categoriaRegulatoria":{"codigo":8,"descricao":"Similar"},"medicamentoReferencia":"POSTNOR","categoriaProduto":null,"tipoAutorizacao":"REGISTRADO","acancelar":false,"numeroRegistroFormatado":"155890003","mesAnoVencimentoFormatado":"07/2026"},"empresa":{"cnpj":"04338716000154","razaoSocial":"INDÚSTRIA FARMACÊUTICA MELCON DO BRASIL S.A.","numeroAutorizacao":null,"cnpjFormatado":"04.338.716/0001-54"},"processo":{"numero":"25351635560200941","situacao":29,"numeroProcessoFormatado":"25351.635560/2009-41"}},{"ordem":9,"produto":{"codigo":1403353,"nome":"MELIK","numeroRegistro":"155890021","tipo":{"codigo":1,"descricao":null},"categoria":null,"situacaoRotulo":null,"dataVencimento":null,"mesAnoVencimento":"042030","dataVencimentoRegistro":"2030-04-01T00:00:00.000-0300","principioAtivo":null,"situacaoApresentacao":"Caduco/Cancelado","dataRegistro":"2020-04-13T00:00:00.000-0300","categoriaRegulatoria":{"codigo":8,"descricao":"Similar"},"medicamentoReferencia":"CERAZETTE","categoriaProduto":null,"tipoAutorizacao":"REGISTRADO","acancelar":false,"numeroRegistroFormatado":"155890021","mesAnoVencimentoFormatado":"04/2030"},"empresa":{"cnpj":"04338716000154","razaoSocial":"INDÚSTRIA FARMACÊUTICA MELCON DO BRASIL S.A.","numeroAutorizacao":null,"cnpjFormatado":"04.338.716/0001-54"},"processo":{"numero":"25351745345201378","situacao":29,"numeroProcessoFormatado":"25351.745345/2013-78"}},{"ordem":10,"produto":{"codigo":1184286,"nome":"MELUREN","numeroRegistro":"155890016","tipo":{"codigo":1,"descricao":null},"categoria":null,"situacaoRotulo":null,"dataVencimento":null,"mesAnoVencimento":"082027","dataVencimentoRegistro":"2027-08-01T00:00:00.000-0300","principioAtivo":null,"situacaoApresentacao":"Caduco/Cancelado","dataRegistro":"2017-08-14T00:00:00.000-0300","categoriaRegulatoria":{"codigo":8,"descricao":"Similar"},"medicamentoReferencia":"ALLURENE","categoriaProduto":null,"tipoAutorizacao":"REGISTRADO","acancelar":false,"numeroRegistroFormatado":"155890016","mesAnoVencimentoFormatado":"08/2027"},"empresa":{"cnpj":"04338716000154","razaoSocial":"INDÚSTRIA FARMACÊUTICA MELCON DO BRASIL S.A.","numeroAutorizacao":null,"cnpjFormatado":"04.338.716/0001-54"},"processo":{"numero":"25351197131201706","situacao":29,"numeroProcessoFormatado":"25351.197131/2017-06"}},{"ordem":11,"produto":{"codigo":1100794,"nome":"MELVULON","numeroRegistro":"155890022","tipo":{"codigo":1,"descricao":null},"categoria":null,"situacaoRotulo":null,"dataVencimento":null,"mesAnoVencimento":"052030","dataVencimentoRegistro":"2030-05-01T00:00:00.000-0300","principioAtivo":null,"situacaoApresentacao":"Caduco/Cancelado","dataRegistro":"2020-05-04T00:00:00.000-0300","categoriaRegulatoria":{"codigo":8,"descricao":"Similar"},"medicamentoReferencia":"Mercilon®","categoriaProduto":null,"tipoAutorizacao":"REGISTRADO","acancelar":false,"numeroRegistroFormatado":"155890022","mesAnoVencimentoFormatado":"05/2030"},"empresa":{"cnpj":"04338716000154","razaoSocial":"INDÚSTRIA FARMACÊUTICA MELCON DO BRASIL S.A.","numeroAutorizacao":null,"cnpjFormatado":"04.338.716/0001-54"},"processo":{"numero":"25351432044201443","situacao":29,"numeroProcessoFormatado":"25351.432044/2014-43"}},{"ordem":12,"produto":{"codigo":861708,"nome":"MERADIZOL","numeroRegistro":"155890008","tipo":{"codigo":1,"descricao":null},"categoria":null,"situacaoRotulo":null,"dataVencimento":null,"mesAnoVencimento":"122018","dataVencimentoRegistro":"2018-12-01T00:00:00.000-0300","principioAtivo":null,"situacaoApresentacao":"Caduco/Cancelado","dataRegistro":"2013-12-23T00:00:00.000-0300","categoriaRegulatoria":{"codigo":8,"descricao":"Similar"},"medicamentoReferencia":"NIZORAL","categoriaProduto":null,"tipoAutorizacao":"REGISTRADO","acancelar":false,"numeroRegistroFormatado":"155890008","mesAnoVencimentoFormatado":"12/2018"},"empresa":{"cnpj":"04338716000154","razaoSocial":"INDÚSTRIA FARMACÊUTICA MELCON DO BRASIL S.A.","numeroAutorizacao":null,"cnpjFormatado":"04.338.716/0001-54"},"processo":{"numero":"25351624022201201","situacao":29,"numeroProcessoFormatado":"25351.624022/2012-01"}},{"ordem":13,"produto":{"codigo":804533,"nome":"MIOREX","numeroRegistro":"155890006","tipo":{"codigo":1,"descricao":null},"categoria":null,"situacaoRotulo":null,"dataVencimento":null,"mesAnoVencimento":"112028","dataVencimentoRegistro":"2028-11-01T00:00:00.000-0300","principioAtivo":null,"situacaoApresentacao":"Caduco/Cancelado","dataRegistro":"2013-11-25T00:00:00.000-0300","categoriaRegulatoria":{"codigo":8,"descricao":"Similar"},"medicamentoReferencia":"MIOSAN","categoriaProduto":null,"tipoAutorizacao":"REGISTRADO","acancelar":false,"numeroRegistroFormatado":"155890006","mesAnoVencimentoFormatado":"11/2028"},"empresa":{"cnpj":"04338716000154","razaoSocial":"INDÚSTRIA FARMACÊUTICA MELCON DO BRASIL S.A.","numeroAutorizacao":null,"cnpjFormatado":"04.338.716/0001-54"},"processo":{"numero":"25351000263201245","situacao":29,"numeroProcessoFormatado":"25351.000263/2012-45"}},{"ordem":14,"produto":{"codigo":861432,"nome":"OSTELOX","numeroRegistro":"155890005","tipo":{"codigo":1,"descricao":null},"categoria":null,"situacaoRotulo":null,"dataVencimento":null,"mesAnoVencimento":"082028","dataVencimentoRegistro":"2028-08-01T00:00:00.000-0300","principioAtivo":null,"situacaoApresentacao":"Caduco/Cancelado","dataRegistro":"2013-08-05T00:00:00.000-0300","categoriaRegulatoria":{"codigo":8,"descricao":"Similar"},"medicamentoReferencia":"FOSAMAX","categoriaProduto":null,"tipoAutorizacao":"REGISTRADO","acancelar":false,"numeroRegistroFormatado":"155890005","mesAnoVencimentoFormatado":"08/2028"},"empresa":{"cnpj":"04338716000154","razaoSocial":"INDÚSTRIA FARMACÊUTICA MELCON DO BRASIL S.A.","numeroAutorizacao":null,"cnpjFormatado":"04.338.716/0001-54"},"processo":{"numero":"25351620235201214","situacao":29,"numeroProcessoFormatado":"25351.620235/2012-14"}},{"ordem":15,"produto":{"codigo":814372,"nome":"PANTOMIX","numeroRegistro":"155890010","tipo":{"codigo":1,"descricao":null},"categoria":null,"situacaoRotulo":null,"dataVencimento":null,"mesAnoVencimento":"022029","dataVencimentoRegistro":"2029-02-01T00:00:00.000-0300","principioAtivo":null,"situacaoApresentacao":"Caduco/Cancelado","dataRegistro":"2014-02-17T00:00:00.000-0300","categoriaRegulatoria":{"codigo":8,"descricao":"Similar"},"medicamentoReferencia":"PANTOZOL","categoriaProduto":null,"tipoAutorizacao":"REGISTRADO","acancelar":false,"numeroRegistroFormatado":"155890010","mesAnoVencimentoFormatado":"02/2029"},"empresa":{"cnpj":"04338716000154","razaoSocial":"INDÚSTRIA FARMACÊUTICA MELCON DO BRASIL S.A.","numeroAutorizacao":null,"cnpjFormatado":"04.338.716/0001-54"},"processo":{"numero":"25351112690201229","situacao":29,"numeroProcessoFormatado":"25351.112690/2012-29"}},{"ordem":16,"produto":{"codigo":1353792,"nome":"PULNAR","numeroRegistro":"155890020","tipo":{"codigo":1,"descricao":null},"categoria":null,"situacaoRotulo":null,"dataVencimento":null,"mesAnoVencimento":"092029","dataVencimentoRegistro":"2029-09-01T00:00:00.000-0300","principioAtivo":null,"situacaoApresentacao":"Caduco/Cancelado","dataRegistro":"2019-09-23T00:00:00.000-0300","categoriaRegulatoria":{"codigo":8,"descricao":"Similar"},"medicamentoReferencia":"FLUIMUCIL","categoriaProduto":null,"tipoAutorizacao":"REGISTRADO","acancelar":false,"numeroRegistroFormatado":"155890020","mesAnoVencimentoFormatado":"09/2029"},"empresa":{"cnpj":"04338716000154","razaoSocial":"INDÚSTRIA FARMACÊUTICA MELCON DO BRASIL S.A.","numeroAutorizacao":null,"cnpjFormatado":"04.338.716/0001-54"},"processo":{"numero":"25351145864201271","situacao":29,"numeroProcessoFormatado":"25351.145864/2012-71"}},{"ordem":17,"produto":{"codigo":1040449,"nome":"THYMODERM","numeroRegistro":"155890013","tipo":{"codigo":1,"descricao":null},"categoria":null,"situacaoRotulo":null,"dataVencimento":null,"mesAnoVencimento":"062025","dataVencimentoRegistro":"2025-06-01T00:00:00.000-0300","principioAtivo":null,"situacaoApresentacao":"Caduco/Cancelado","dataRegistro":"2015-06-08T00:00:00.000-0300","categoriaRegulatoria":{"codigo":8,"descricao":"Similar"},"medicamentoReferencia":"Quadriderm","categoriaProduto":null,"tipoAutorizacao":"REGISTRADO","acancelar":false,"numeroRegistroFormatado":"155890013","mesAnoVencimentoFormatado":"06/2025"},"empresa":{"cnpj":"04338716000154","razaoSocial":"INDÚSTRIA FARMACÊUTICA MELCON DO BRASIL S.A.","numeroAutorizacao":null,"cnpjFormatado":"04.338.716/0001-54"},"processo":{"numero":"25351075365201319","situacao":29,"numeroProcessoFormatado":"25351.075365/2013-19"}},{"ordem":18,"produto":{"codigo":1034072,"nome":"VASOLEN","numeroRegistro":"155890012","tipo":{"codigo":1,"descricao":null},"categoria":null,"situacaoRotulo":null,"dataVencimento":null,"mesAnoVencimento":"042025","dataVencimentoRegistro":"2025-04-01T00:00:00.000-0300","principioAtivo":null,"situacaoApresentacao":"Caduco/Cancelado","dataRegistro":"2015-04-27T00:00:00.000-0300","categoriaRegulatoria":{"codigo":8,"descricao":"Similar"},"medicamentoReferencia":"Plavix","categoriaProduto":null,"tipoAutorizacao":"REGISTRADO","acancelar":false,"numeroRegistroFormatado":"155890012","mesAnoVencimentoFormatado":"04/2025"},"empresa":{"cnpj":"04338716000154","razaoSocial":"INDÚSTRIA FARMACÊUTICA MELCON DO BRASIL S.A.","numeroAutorizacao":null,"cnpjFormatado":"04.338.716/0001-54"},"processo":{"numero":"25351620118201253","situacao":29,"numeroProcessoFormatado":"25351.620118/2012-53"}},{"ordem":19,"produto":{"codigo":837174,"nome":"ZELNIN","numeroRegistro":"155890011","tipo":{"codigo":1,"descricao":null},"categoria":null,"situacaoRotulo":null,"dataVencimento":null,"mesAnoVencimento":"022029","dataVencimentoRegistro":"2029-02-01T00:00:00.000-0300","principioAtivo":null,"situacaoApresentacao":"Caduco/Cancelado","dataRegistro":"2014-02-17T00:00:00.000-0300","categoriaRegulatoria":{"codigo":8,"descricao":"Similar"},"medicamentoReferencia":"ZOVIRAX","categoriaProduto":null,"tipoAutorizacao":"REGISTRADO","acancelar":false,"numeroRegistroFormatado":"155890011","mesAnoVencimentoFormatado":"02/2029"},"empresa":{"cnpj":"04338716000154","razaoSocial":"INDÚSTRIA FARMACÊUTICA MELCON DO BRASIL S.A.","numeroAutorizacao":null,"cnpjFormatado":"04.338.716/0001-54"},"processo":{"numero":"25351370009201268","situacao":29,"numeroProcessoFormatado":"25351.370009/2012-68"}},{"ordem":20,"produto":{"codigo":1348468,"nome":"desogestrel","numeroRegistro":"155890019","tipo":{"codigo":1,"descricao":null},"categoria":null,"situacaoRotulo":null,"dataVencimento":null,"mesAnoVencimento":"092029","dataVencimentoRegistro":"2029-09-01T00:00:00.000-0300","principioAtivo":null,"situacaoApresentacao":"Caduco/Cancelado","dataRegistro":"2019-09-02T00:00:00.000-0300","categoriaRegulatoria":{"codigo":5,"descricao":"Genérico"},"medicamentoReferencia":"CERAZETTE","categoriaProduto":null,"tipoAutorizacao":"REGISTRADO","acancelar":false,"numeroRegistroFormatado":"155890019","mesAnoVencimentoFormatado":"09/2029"},"empresa":{"cnpj":"04338716000154","razaoSocial":"INDÚSTRIA FARMACÊUTICA MELCON DO BRASIL S.A.","numeroAutorizacao":null,"cnpjFormatado":"04.338.716/0001-54"},"processo":{"numero":"25351738046201385","situacao":29,"numeroProcessoFormatado":"25351.738046/2013-85"}},{"ordem":21,"produto":{"codigo":1448727,"nome":"desogestrel + etinilestradiol","numeroRegistro":"155890023","tipo":{"codigo":1,"descricao":null},"categoria":null,"situacaoRotulo":null,"dataVencimento":null,"mesAnoVencimento":"092030","dataVencimentoRegistro":"2030-09-01T00:00:00.000-0300","principioAtivo":null,"situacaoApresentacao":"Caduco/Cancelado","dataRegistro":"2020-09-08T00:00:00.000-0300","categoriaRegulatoria":{"codigo":5,"descricao":"Genérico"},"medicamentoReferencia":"Mercilon®","categoriaProduto":null,"tipoAutorizacao":"REGISTRADO","acancelar":false,"numeroRegistroFormatado":"155890023","mesAnoVencimentoFormatado":"09/2030"},"empresa":{"cnpj":"04338716000154","razaoSocial":"INDÚSTRIA FARMACÊUTICA MELCON DO BRASIL S.A.","numeroAutorizacao":null,"cnpjFormatado":"04.338.716/0001-54"},"processo":{"numero":"25351432040201437","situacao":29,"numeroProcessoFormatado":"25351.432040/2014-37"}},{"ordem":22,"produto":{"codigo":1057567,"nome":"dienogeste","numeroRegistro":"155890018","tipo":{"codigo":1,"descricao":null},"categoria":null,"situacaoRotulo":null,"dataVencimento":null,"mesAnoVencimento":"042029","dataVencimentoRegistro":"2029-04-01T00:00:00.000-0300","principioAtivo":null,"situacaoApresentacao":"Caduco/Cancelado","dataRegistro":"2019-04-01T00:00:00.000-0300","categoriaRegulatoria":{"codigo":5,"descricao":"Genérico"},"medicamentoReferencia":"ALLURENE","categoriaProduto":null,"tipoAutorizacao":"REGISTRADO","acancelar":false,"numeroRegistroFormatado":"155890018","mesAnoVencimentoFormatado":"04/2029"},"empresa":{"cnpj":"04338716000154","razaoSocial":"INDÚSTRIA FARMACÊUTICA MELCON DO BRASIL S.A.","numeroAutorizacao":null,"cnpjFormatado":"04.338.716/0001-54"},"processo":{"numero":"25351400058201565","situacao":29,"numeroProcessoFormatado":"25351.400058/2015-65"}},{"ordem":23,"produto":{"codigo":699806,"nome":"levonorgestrel","numeroRegistro":"155890002","tipo":{"codigo":1,"descricao":null},"categoria":null,"situacaoRotulo":null,"dataVencimento":null,"mesAnoVencimento":"042026","dataVencimentoRegistro":"2026-04-01T00:00:00.000-0300","principioAtivo":null,"situacaoApresentacao":"Caduco/Cancelado","dataRegistro":"2011-04-11T00:00:00.000-0300","categoriaRegulatoria":{"codigo":5,"descricao":"Genérico"},"medicamentoReferencia":"postinor","categoriaProduto":null,"tipoAutorizacao":"REGISTRADO","acancelar":false,"numeroRegistroFormatado":"155890002","mesAnoVencimentoFormatado":"04/2026"},"empresa":{"cnpj":"04338716000154","razaoSocial":"INDÚSTRIA FARMACÊUTICA MELCON DO BRASIL S.A.","numeroAutorizacao":null,"cnpjFormatado":"04.338.716/0001-54"},"processo":{"numero":"25351634009200931","situacao":29,"numeroProcessoFormatado":"25351.634009/2009-31"}}],"totalElements":23,"totalPages":1,"last":true,"numberOfElements":23,"first":true,"sort":null,"size":1000,"number":0}