{"content":[{"ordem":1,"produto":{"codigo":1306192,"nome":"WOSULIN 70/30","numeroRegistro":"166740003","tipo":{"codigo":1,"descricao":null},"categoria":null,"situacaoRotulo":null,"dataVencimento":null,"mesAnoVencimento":"102028","dataVencimentoRegistro":"2028-10-01T00:00:00.000-0300","principioAtivo":"INSULINA HUMANA","situacaoApresentacao":"Válido","dataRegistro":"2019-03-06T00:00:00.000-0300","categoriaRegulatoria":{"codigo":1,"descricao":"Biológico"},"medicamentoReferencia":null,"categoriaProduto":null,"tipoAutorizacao":"REGISTRADO","mesAnoVencimentoFormatado":"10/2028","numeroRegistroFormatado":"166740003","acancelar":false},"empresa":{"cnpj":"04491780000170","razaoSocial":"GERAIS, COMÉRCIO E IMPORTAÇÃO DE MATERIAIS E EQUIPAMENTOS MEDICOS LTDA","numeroAutorizacao":null,"cnpjFormatado":"04.491.780/0001-70"},"processo":{"numero":"25351086106201951","situacao":29,"numeroProcessoFormatado":"25351.086106/2019-51"}},{"ordem":2,"produto":{"codigo":1306190,"nome":"WOSULIN N","numeroRegistro":"166740001","tipo":{"codigo":1,"descricao":null},"categoria":null,"situacaoRotulo":null,"dataVencimento":null,"mesAnoVencimento":"102028","dataVencimentoRegistro":"2028-10-01T00:00:00.000-0300","principioAtivo":"insulina isofana","situacaoApresentacao":"Válido","dataRegistro":"2019-03-06T00:00:00.000-0300","categoriaRegulatoria":{"codigo":1,"descricao":"Biológico"},"medicamentoReferencia":null,"categoriaProduto":null,"tipoAutorizacao":"REGISTRADO","mesAnoVencimentoFormatado":"10/2028","numeroRegistroFormatado":"166740001","acancelar":false},"empresa":{"cnpj":"04491780000170","razaoSocial":"GERAIS, COMÉRCIO E IMPORTAÇÃO DE MATERIAIS E EQUIPAMENTOS MEDICOS LTDA","numeroAutorizacao":null,"cnpjFormatado":"04.491.780/0001-70"},"processo":{"numero":"25351086080201941","situacao":29,"numeroProcessoFormatado":"25351.086080/2019-41"}},{"ordem":3,"produto":{"codigo":1306191,"nome":"WOSULIN R","numeroRegistro":"166740002","tipo":{"codigo":1,"descricao":null},"categoria":null,"situacaoRotulo":null,"dataVencimento":null,"mesAnoVencimento":"102028","dataVencimentoRegistro":"2028-10-01T00:00:00.000-0300","principioAtivo":"INSULINA HUMANA","situacaoApresentacao":"Válido","dataRegistro":"2019-03-06T00:00:00.000-0300","categoriaRegulatoria":{"codigo":1,"descricao":"Biológico"},"medicamentoReferencia":null,"categoriaProduto":null,"tipoAutorizacao":"REGISTRADO","mesAnoVencimentoFormatado":"10/2028","numeroRegistroFormatado":"166740002","acancelar":false},"empresa":{"cnpj":"04491780000170","razaoSocial":"GERAIS, COMÉRCIO E IMPORTAÇÃO DE MATERIAIS E EQUIPAMENTOS MEDICOS LTDA","numeroAutorizacao":null,"cnpjFormatado":"04.491.780/0001-70"},"processo":{"numero":"25351086060201971","situacao":29,"numeroProcessoFormatado":"25351.086060/2019-71"}}],"totalPages":1,"totalElements":3,"last":true,"numberOfElements":3,"first":true,"sort":null,"size":1000,"number":0}