{"content":[{"ordem":1,"produto":{"codigo":903404,"nome":"BRINTELLIX","numeroRegistro":"104750052","tipo":{"codigo":1,"descricao":null},"categoria":null,"situacaoRotulo":null,"dataVencimento":"2020-10-26T00:00:00.000-0300","mesAnoVencimento":"102030","dataVencimentoRegistro":"2030-10-01T00:00:00.000-0300","principioAtivo":"bromidrato de vortioxetina","situacaoApresentacao":"Válido","dataRegistro":"2015-10-26T00:00:00.000-0300","categoriaRegulatoria":{"codigo":6,"descricao":"Novo"},"medicamentoReferencia":null,"categoriaProduto":null,"tipoAutorizacao":"REGISTRADO","acancelar":false,"mesAnoVencimentoFormatado":"10/2030","numeroRegistroFormatado":"104750052"},"empresa":{"cnpj":"04522600000170","razaoSocial":"LUNDBECK BRASIL LTDA","numeroAutorizacao":"1004750","cnpjFormatado":"04.522.600/0001-70"},"processo":{"numero":"25351162249201361","situacao":29,"numeroProcessoFormatado":"25351.162249/2013-61"}},{"ordem":2,"produto":{"codigo":134548,"nome":"CIPRAMIL","numeroRegistro":"104750043","tipo":{"codigo":1,"descricao":null},"categoria":null,"situacaoRotulo":null,"dataVencimento":null,"mesAnoVencimento":"102027","dataVencimentoRegistro":"2027-10-01T00:00:00.000-0300","principioAtivo":"BROMIDRATO DE CITALOPRAM","situacaoApresentacao":"Válido","dataRegistro":"2002-10-10T00:00:00.000-0300","categoriaRegulatoria":{"codigo":6,"descricao":"Novo"},"medicamentoReferencia":null,"categoriaProduto":null,"tipoAutorizacao":"REGISTRADO","acancelar":false,"mesAnoVencimentoFormatado":"10/2027","numeroRegistroFormatado":"104750043"},"empresa":{"cnpj":"04522600000170","razaoSocial":"LUNDBECK BRASIL LTDA","numeroAutorizacao":"1004750","cnpjFormatado":"04.522.600/0001-70"},"processo":{"numero":"25351169953200211","situacao":29,"numeroProcessoFormatado":"25351.169953/2002-11"}},{"ordem":3,"produto":{"codigo":162481,"nome":"CLOPIXOL","numeroRegistro":"104750045","tipo":{"codigo":1,"descricao":null},"categoria":null,"situacaoRotulo":null,"dataVencimento":null,"mesAnoVencimento":"012028","dataVencimentoRegistro":"2028-01-01T00:00:00.000-0300","principioAtivo":"ACETATO DE ZUCLOPENTIXOL, DECANOATO DE ZUCLOPENTIXOL, DICLORIDRATO DE ZUCLOPENTIXOL","situacaoApresentacao":"Válido","dataRegistro":"2003-01-23T00:00:00.000-0300","categoriaRegulatoria":{"codigo":6,"descricao":"Novo"},"medicamentoReferencia":null,"categoriaProduto":null,"tipoAutorizacao":"REGISTRADO","acancelar":false,"mesAnoVencimentoFormatado":"01/2028","numeroRegistroFormatado":"104750045"},"empresa":{"cnpj":"04522600000170","razaoSocial":"LUNDBECK BRASIL LTDA","numeroAutorizacao":"1004750","cnpjFormatado":"04.522.600/0001-70"},"processo":{"numero":"25351204780200286","situacao":29,"numeroProcessoFormatado":"25351.204780/2002-86"}},{"ordem":4,"produto":{"codigo":175800,"nome":"EBIX","numeroRegistro":"104750050","tipo":{"codigo":1,"descricao":null},"categoria":null,"situacaoRotulo":null,"dataVencimento":null,"mesAnoVencimento":"082028","dataVencimentoRegistro":"2028-08-01T00:00:00.000-0300","principioAtivo":"CLORIDRATO DE MEMANTINA","situacaoApresentacao":"Válido","dataRegistro":"2003-08-28T00:00:00.000-0300","categoriaRegulatoria":{"codigo":6,"descricao":"Novo"},"medicamentoReferencia":null,"categoriaProduto":null,"tipoAutorizacao":"REGISTRADO","acancelar":false,"mesAnoVencimentoFormatado":"08/2028","numeroRegistroFormatado":"104750050"},"empresa":{"cnpj":"04522600000170","razaoSocial":"LUNDBECK BRASIL LTDA","numeroAutorizacao":"1004750","cnpjFormatado":"04.522.600/0001-70"},"processo":{"numero":"25351215852200211","situacao":29,"numeroProcessoFormatado":"25351.215852/2002-11"}},{"ordem":5,"produto":{"codigo":132435,"nome":"LEXAPRO","numeroRegistro":"104750044","tipo":{"codigo":1,"descricao":null},"categoria":null,"situacaoRotulo":null,"dataVencimento":"2027-09-09T00:00:00.000-0300","mesAnoVencimento":"092027","dataVencimentoRegistro":"2027-09-01T00:00:00.000-0300","principioAtivo":"OXALATO DE ESCITALOPRAM","situacaoApresentacao":"Válido","dataRegistro":"2002-09-18T00:00:00.000-0300","categoriaRegulatoria":{"codigo":6,"descricao":"Novo"},"medicamentoReferencia":null,"categoriaProduto":null,"tipoAutorizacao":"REGISTRADO","acancelar":false,"mesAnoVencimentoFormatado":"09/2027","numeroRegistroFormatado":"104750044"},"empresa":{"cnpj":"04522600000170","razaoSocial":"LUNDBECK BRASIL LTDA","numeroAutorizacao":"1004750","cnpjFormatado":"04.522.600/0001-70"},"processo":{"numero":"25351172809200253","situacao":29,"numeroProcessoFormatado":"25351.172809/2002-53"}},{"ordem":6,"produto":{"codigo":1277067,"nome":"REXULTI","numeroRegistro":"104750053","tipo":{"codigo":1,"descricao":null},"categoria":null,"situacaoRotulo":null,"dataVencimento":"2030-04-16T00:00:00.000-0300","mesAnoVencimento":"042030","dataVencimentoRegistro":"2030-04-01T00:00:00.000-0300","principioAtivo":"brexpiprazol","situacaoApresentacao":"Válido","dataRegistro":"2020-04-06T00:00:00.000-0300","categoriaRegulatoria":{"codigo":6,"descricao":"Novo"},"medicamentoReferencia":null,"categoriaProduto":null,"tipoAutorizacao":"REGISTRADO","acancelar":false,"mesAnoVencimentoFormatado":"04/2030","numeroRegistroFormatado":"104750053"},"empresa":{"cnpj":"04522600000170","razaoSocial":"LUNDBECK BRASIL LTDA","numeroAutorizacao":"1004750","cnpjFormatado":"04.522.600/0001-70"},"processo":{"numero":"25351003042201881","situacao":29,"numeroProcessoFormatado":"25351.003042/2018-81"}},{"ordem":7,"produto":{"codigo":645937,"nome":"VIGIL","numeroRegistro":"104750051","tipo":{"codigo":1,"descricao":null},"categoria":null,"situacaoRotulo":null,"dataVencimento":null,"mesAnoVencimento":"122015","dataVencimentoRegistro":"2015-12-01T00:00:00.000-0300","principioAtivo":null,"situacaoApresentacao":"Caduco/Cancelado","dataRegistro":"2010-12-20T00:00:00.000-0300","categoriaRegulatoria":{"codigo":6,"descricao":"Novo"},"medicamentoReferencia":null,"categoriaProduto":null,"tipoAutorizacao":"REGISTRADO","acancelar":false,"mesAnoVencimentoFormatado":"12/2015","numeroRegistroFormatado":"104750051"},"empresa":{"cnpj":"04522600000170","razaoSocial":"LUNDBECK BRASIL LTDA","numeroAutorizacao":"1004750","cnpjFormatado":"04.522.600/0001-70"},"processo":{"numero":"25351363343200716","situacao":29,"numeroProcessoFormatado":"25351.363343/2007-16"}},{"ordem":8,"produto":{"codigo":2825154,"nome":"VURTUOSO","numeroRegistro":"104750054","tipo":{"codigo":1,"descricao":null},"categoria":null,"situacaoRotulo":null,"dataVencimento":null,"mesAnoVencimento":"122031","dataVencimentoRegistro":"2031-12-01T00:00:00.000-0300","principioAtivo":"bromidrato de vortioxetina","situacaoApresentacao":"Válido","dataRegistro":"2021-12-27T00:00:00.000-0300","categoriaRegulatoria":{"codigo":8,"descricao":"Similar"},"medicamentoReferencia":"BRINTELLIX","categoriaProduto":null,"tipoAutorizacao":"REGISTRADO","acancelar":false,"mesAnoVencimentoFormatado":"12/2031","numeroRegistroFormatado":"104750054"},"empresa":{"cnpj":"04522600000170","razaoSocial":"LUNDBECK BRASIL LTDA","numeroAutorizacao":"1004750","cnpjFormatado":"04.522.600/0001-70"},"processo":{"numero":"25351656520202155","situacao":29,"numeroProcessoFormatado":"25351.656520/2021-55"}},{"ordem":9,"produto":{"codigo":1889931,"nome":"VYEPTI","numeroRegistro":"104750055","tipo":{"codigo":1,"descricao":null},"categoria":null,"situacaoRotulo":null,"dataVencimento":null,"mesAnoVencimento":"022032","dataVencimentoRegistro":"2032-02-01T00:00:00.000-0300","principioAtivo":null,"situacaoApresentacao":"Caduco/Cancelado","dataRegistro":"2022-02-14T00:00:00.000-0300","categoriaRegulatoria":{"codigo":1,"descricao":"Biológico"},"medicamentoReferencia":null,"categoriaProduto":null,"tipoAutorizacao":"REGISTRADO","acancelar":false,"mesAnoVencimentoFormatado":"02/2032","numeroRegistroFormatado":"104750055"},"empresa":{"cnpj":"04522600000170","razaoSocial":"LUNDBECK BRASIL LTDA","numeroAutorizacao":"1004750","cnpjFormatado":"04.522.600/0001-70"},"processo":{"numero":"25351873346202022","situacao":29,"numeroProcessoFormatado":"25351.873346/2020-22"}}],"totalElements":9,"totalPages":1,"last":true,"numberOfElements":9,"size":1000,"number":0,"first":true,"sort":null}