{"content":[{"ordem":1,"produto":{"codigo":1282949,"nome":"ABBA","numeroRegistro":"146820078","tipo":{"codigo":1,"descricao":null},"categoria":null,"situacaoRotulo":null,"dataVencimento":"2029-03-04T00:00:00.000-0300","mesAnoVencimento":"032029","dataVencimentoRegistro":"2029-03-01T00:00:00.000-0300","principioAtivo":null,"situacaoApresentacao":"Caduco/Cancelado","dataRegistro":"2019-03-25T00:00:00.000-0300","categoriaRegulatoria":{"codigo":8,"descricao":"Similar"},"medicamentoReferencia":"Zytiga","categoriaProduto":null,"tipoAutorizacao":"REGISTRADO","numeroRegistroFormatado":"146820078","mesAnoVencimentoFormatado":"03/2029","acancelar":false},"empresa":{"cnpj":"05035244000123","razaoSocial":"SUN FARMACÊUTICA DO BRASIL LTDA","numeroAutorizacao":"1046820","cnpjFormatado":"05.035.244/0001-23"},"processo":{"numero":"25351385248201818","situacao":29,"numeroProcessoFormatado":"25351.385248/2018-18"}},{"ordem":2,"produto":{"codigo":1064995,"nome":"ADMENTA","numeroRegistro":"146820047","tipo":{"codigo":1,"descricao":null},"categoria":null,"situacaoRotulo":null,"dataVencimento":null,"mesAnoVencimento":"092020","dataVencimentoRegistro":"2020-09-01T00:00:00.000-0300","principioAtivo":null,"situacaoApresentacao":"Caduco/Cancelado","dataRegistro":"2015-09-14T00:00:00.000-0300","categoriaRegulatoria":{"codigo":8,"descricao":"Similar"},"medicamentoReferencia":"Ebix","categoriaProduto":null,"tipoAutorizacao":"REGISTRADO","numeroRegistroFormatado":"146820047","mesAnoVencimentoFormatado":"09/2020","acancelar":false},"empresa":{"cnpj":"05035244000123","razaoSocial":"SUN FARMACÊUTICA DO BRASIL LTDA","numeroAutorizacao":"1046820","cnpjFormatado":"05.035.244/0001-23"},"processo":{"numero":"25351477012201270","situacao":29,"numeroProcessoFormatado":"25351.477012/2012-70"}},{"ordem":3,"produto":{"codigo":567227,"nome":"ALCACHOFRA TKS","numeroRegistro":"146820018","tipo":{"codigo":1,"descricao":null},"categoria":null,"situacaoRotulo":null,"dataVencimento":null,"mesAnoVencimento":"032015","dataVencimentoRegistro":"2015-03-01T00:00:00.000-0300","principioAtivo":null,"situacaoApresentacao":"Caduco/Cancelado","dataRegistro":"2010-03-22T00:00:00.000-0300","categoriaRegulatoria":{"codigo":4,"descricao":"Fitoterápico"},"medicamentoReferencia":null,"categoriaProduto":null,"tipoAutorizacao":"REGISTRADO","numeroRegistroFormatado":"146820018","mesAnoVencimentoFormatado":"03/2015","acancelar":false},"empresa":{"cnpj":"05035244000123","razaoSocial":"SUN FARMACÊUTICA DO BRASIL LTDA","numeroAutorizacao":"1046820","cnpjFormatado":"05.035.244/0001-23"},"processo":{"numero":"25351203579200877","situacao":29,"numeroProcessoFormatado":"25351.203579/2008-77"}},{"ordem":4,"produto":{"codigo":126231,"nome":"ANALGISEN","numeroRegistro":"146820008","tipo":{"codigo":1,"descricao":null},"categoria":null,"situacaoRotulo":null,"dataVencimento":null,"mesAnoVencimento":"052022","dataVencimentoRegistro":"2022-05-01T00:00:00.000-0300","principioAtivo":null,"situacaoApresentacao":"Caduco/Cancelado","dataRegistro":"2002-05-03T00:00:00.000-0300","categoriaRegulatoria":{"codigo":8,"descricao":"Similar"},"medicamentoReferencia":null,"categoriaProduto":null,"tipoAutorizacao":"REGISTRADO","numeroRegistroFormatado":"146820008","mesAnoVencimentoFormatado":"05/2022","acancelar":false},"empresa":{"cnpj":"05035244000123","razaoSocial":"SUN FARMACÊUTICA DO BRASIL LTDA","numeroAutorizacao":"1046820","cnpjFormatado":"05.035.244/0001-23"},"processo":{"numero":"253510366630112","situacao":29,"numeroProcessoFormatado":"25351.036663/01-12"}},{"ordem":5,"produto":{"codigo":125034,"nome":"ANTIPRESSIN","numeroRegistro":"146820007","tipo":{"codigo":1,"descricao":null},"categoria":null,"situacaoRotulo":null,"dataVencimento":null,"mesAnoVencimento":"042012","dataVencimentoRegistro":"2012-04-01T00:00:00.000-0300","principioAtivo":null,"situacaoApresentacao":"Caduco/Cancelado","dataRegistro":"2002-04-18T00:00:00.000-0300","categoriaRegulatoria":{"codigo":8,"descricao":"Similar"},"medicamentoReferencia":null,"categoriaProduto":null,"tipoAutorizacao":"REGISTRADO","numeroRegistroFormatado":"146820007","mesAnoVencimentoFormatado":"04/2012","acancelar":false},"empresa":{"cnpj":"05035244000123","razaoSocial":"SUN FARMACÊUTICA DO BRASIL LTDA","numeroAutorizacao":"1046820","cnpjFormatado":"05.035.244/0001-23"},"processo":{"numero":"253510278040151","situacao":29,"numeroProcessoFormatado":"25351.027804/01-51"}},{"ordem":6,"produto":{"codigo":687316,"nome":"AROZEP","numeroRegistro":"146820034","tipo":{"codigo":1,"descricao":null},"categoria":null,"situacaoRotulo":null,"dataVencimento":null,"mesAnoVencimento":"122018","dataVencimentoRegistro":"2018-12-01T00:00:00.000-0300","principioAtivo":null,"situacaoApresentacao":"Caduco/Cancelado","dataRegistro":"2013-12-23T00:00:00.000-0300","categoriaRegulatoria":{"codigo":8,"descricao":"Similar"},"medicamentoReferencia":"ERANZ","categoriaProduto":null,"tipoAutorizacao":"REGISTRADO","numeroRegistroFormatado":"146820034","mesAnoVencimentoFormatado":"12/2018","acancelar":false},"empresa":{"cnpj":"05035244000123","razaoSocial":"SUN FARMACÊUTICA DO BRASIL LTDA","numeroAutorizacao":"1046820","cnpjFormatado":"05.035.244/0001-23"},"processo":{"numero":"25351199128201071","situacao":29,"numeroProcessoFormatado":"25351.199128/2010-71"}},{"ordem":7,"produto":{"codigo":711344,"nome":"Anya","numeroRegistro":"146820067","tipo":{"codigo":1,"descricao":null},"categoria":null,"situacaoRotulo":null,"dataVencimento":null,"mesAnoVencimento":"092028","dataVencimentoRegistro":"2028-09-01T00:00:00.000-0300","principioAtivo":"ANASTROZOL","situacaoApresentacao":"Válido","dataRegistro":"2018-09-03T00:00:00.000-0300","categoriaRegulatoria":{"codigo":8,"descricao":"Similar"},"medicamentoReferencia":"ARIMIDEX","categoriaProduto":null,"tipoAutorizacao":"REGISTRADO","numeroRegistroFormatado":"146820067","mesAnoVencimentoFormatado":"09/2028","acancelar":false},"empresa":{"cnpj":"05035244000123","razaoSocial":"SUN FARMACÊUTICA DO BRASIL LTDA","numeroAutorizacao":"1046820","cnpjFormatado":"05.035.244/0001-23"},"processo":{"numero":"25351510442201079","situacao":29,"numeroProcessoFormatado":"25351.510442/2010-79"}},{"ordem":8,"produto":{"codigo":1082201,"nome":"BORTEZOMIBE","numeroRegistro":"146820062","tipo":{"codigo":1,"descricao":null},"categoria":null,"situacaoRotulo":null,"dataVencimento":null,"mesAnoVencimento":"052028","dataVencimentoRegistro":"2028-05-01T00:00:00.000-0300","principioAtivo":"BORTEZOMIBE","situacaoApresentacao":"Válido","dataRegistro":"2018-05-28T00:00:00.000-0300","categoriaRegulatoria":{"codigo":5,"descricao":"Genérico"},"medicamentoReferencia":"VELCADE","categoriaProduto":null,"tipoAutorizacao":"REGISTRADO","numeroRegistroFormatado":"146820062","mesAnoVencimentoFormatado":"05/2028","acancelar":false},"empresa":{"cnpj":"05035244000123","razaoSocial":"SUN FARMACÊUTICA DO BRASIL LTDA","numeroAutorizacao":"1046820","cnpjFormatado":"05.035.244/0001-23"},"processo":{"numero":"25351725716201526","situacao":29,"numeroProcessoFormatado":"25351.725716/2015-26"}},{"ordem":9,"produto":{"codigo":806478,"nome":"BUDEP SR","numeroRegistro":"146820044","tipo":{"codigo":1,"descricao":null},"categoria":null,"situacaoRotulo":null,"dataVencimento":null,"mesAnoVencimento":null,"dataVencimentoRegistro":null,"principioAtivo":null,"situacaoApresentacao":"Caduco/Cancelado","dataRegistro":"2015-08-10T00:00:00.000-0300","categoriaRegulatoria":{"codigo":8,"descricao":"Similar"},"medicamentoReferencia":"WELLBUTRIN","categoriaProduto":null,"tipoAutorizacao":"REGISTRADO","numeroRegistroFormatado":"146820044","mesAnoVencimentoFormatado":"","acancelar":false},"empresa":{"cnpj":"05035244000123","razaoSocial":"SUN FARMACÊUTICA DO BRASIL LTDA","numeroAutorizacao":"1046820","cnpjFormatado":"05.035.244/0001-23"},"processo":{"numero":"25351012596201202","situacao":29,"numeroProcessoFormatado":"25351.012596/2012-02"}},{"ordem":10,"produto":{"codigo":1061619,"nome":"CAPECARE","numeroRegistro":"146820045","tipo":{"codigo":1,"descricao":null},"categoria":null,"situacaoRotulo":null,"dataVencimento":null,"mesAnoVencimento":"082025","dataVencimentoRegistro":"2025-08-01T00:00:00.000-0300","principioAtivo":null,"situacaoApresentacao":"Caduco/Cancelado","dataRegistro":"2015-08-17T00:00:00.000-0300","categoriaRegulatoria":{"codigo":8,"descricao":"Similar"},"medicamentoReferencia":"XELODA","categoriaProduto":null,"tipoAutorizacao":"REGISTRADO","numeroRegistroFormatado":"146820045","mesAnoVencimentoFormatado":"08/2025","acancelar":false},"empresa":{"cnpj":"05035244000123","razaoSocial":"SUN FARMACÊUTICA DO BRASIL LTDA","numeroAutorizacao":"1046820","cnpjFormatado":"05.035.244/0001-23"},"processo":{"numero":"25351093840201420","situacao":29,"numeroProcessoFormatado":"25351.093840/2014-20"}},{"ordem":11,"produto":{"codigo":931858,"nome":"CAPECITABINA","numeroRegistro":"146820040","tipo":{"codigo":1,"descricao":null},"categoria":null,"situacaoRotulo":null,"dataVencimento":null,"mesAnoVencimento":"062025","dataVencimentoRegistro":"2025-06-01T00:00:00.000-0300","principioAtivo":"CAPECITABINA","situacaoApresentacao":"Válido","dataRegistro":"2015-06-08T00:00:00.000-0300","categoriaRegulatoria":{"codigo":5,"descricao":"Genérico"},"medicamentoReferencia":"XELODA","categoriaProduto":null,"tipoAutorizacao":"REGISTRADO","numeroRegistroFormatado":"146820040","mesAnoVencimentoFormatado":"06/2025","acancelar":false},"empresa":{"cnpj":"05035244000123","razaoSocial":"SUN FARMACÊUTICA DO BRASIL LTDA","numeroAutorizacao":"1046820","cnpjFormatado":"05.035.244/0001-23"},"processo":{"numero":"25351683876201352","situacao":29,"numeroProcessoFormatado":"25351.683876/2013-52"}},{"ordem":12,"produto":{"codigo":590303,"nome":"CASTANHA DA ÍNDIA TKS","numeroRegistro":"146820017","tipo":{"codigo":1,"descricao":null},"categoria":null,"situacaoRotulo":null,"dataVencimento":null,"mesAnoVencimento":"032014","dataVencimentoRegistro":"2014-03-01T00:00:00.000-0300","principioAtivo":null,"situacaoApresentacao":"Caduco/Cancelado","dataRegistro":"2009-03-23T00:00:00.000-0300","categoriaRegulatoria":{"codigo":4,"descricao":"Fitoterápico"},"medicamentoReferencia":null,"categoriaProduto":null,"tipoAutorizacao":"REGISTRADO","numeroRegistroFormatado":"146820017","mesAnoVencimentoFormatado":"03/2014","acancelar":false},"empresa":{"cnpj":"05035244000123","razaoSocial":"SUN FARMACÊUTICA DO BRASIL LTDA","numeroAutorizacao":"1046820","cnpjFormatado":"05.035.244/0001-23"},"processo":{"numero":"25351371259200849","situacao":29,"numeroProcessoFormatado":"25351.371259/2008-49"}},{"ordem":13,"produto":{"codigo":1063359,"nome":"CLONASUN","numeroRegistro":"146820046","tipo":{"codigo":1,"descricao":null},"categoria":null,"situacaoRotulo":null,"dataVencimento":null,"mesAnoVencimento":"082020","dataVencimentoRegistro":"2020-08-01T00:00:00.000-0300","principioAtivo":null,"situacaoApresentacao":"Caduco/Cancelado","dataRegistro":"2015-08-31T00:00:00.000-0300","categoriaRegulatoria":{"codigo":8,"descricao":"Similar"},"medicamentoReferencia":"RIVOTRIL","categoriaProduto":null,"tipoAutorizacao":"REGISTRADO","numeroRegistroFormatado":"146820046","mesAnoVencimentoFormatado":"08/2020","acancelar":false},"empresa":{"cnpj":"05035244000123","razaoSocial":"SUN FARMACÊUTICA DO BRASIL LTDA","numeroAutorizacao":"1046820","cnpjFormatado":"05.035.244/0001-23"},"processo":{"numero":"25351224029201326","situacao":29,"numeroProcessoFormatado":"25351.224029/2013-26"}},{"ordem":14,"produto":{"codigo":885395,"nome":"CLONAZEPAM","numeroRegistro":"146820038","tipo":{"codigo":1,"descricao":null},"categoria":null,"situacaoRotulo":null,"dataVencimento":null,"mesAnoVencimento":"032020","dataVencimentoRegistro":"2020-03-01T00:00:00.000-0300","principioAtivo":null,"situacaoApresentacao":"Caduco/Cancelado","dataRegistro":"2015-03-16T00:00:00.000-0300","categoriaRegulatoria":{"codigo":5,"descricao":"Genérico"},"medicamentoReferencia":"RIVOTRIL","categoriaProduto":null,"tipoAutorizacao":"REGISTRADO","numeroRegistroFormatado":"146820038","mesAnoVencimentoFormatado":"03/2020","acancelar":false},"empresa":{"cnpj":"05035244000123","razaoSocial":"SUN FARMACÊUTICA DO BRASIL LTDA","numeroAutorizacao":"1046820","cnpjFormatado":"05.035.244/0001-23"},"processo":{"numero":"25351167391201349","situacao":29,"numeroProcessoFormatado":"25351.167391/2013-49"}},{"ordem":15,"produto":{"codigo":688642,"nome":"CLORIDRATO DE DONEPEZILA","numeroRegistro":"146820035","tipo":{"codigo":1,"descricao":null},"categoria":null,"situacaoRotulo":null,"dataVencimento":null,"mesAnoVencimento":"122028","dataVencimentoRegistro":"2028-12-01T00:00:00.000-0300","principioAtivo":null,"situacaoApresentacao":"Caduco/Cancelado","dataRegistro":"2013-12-23T00:00:00.000-0300","categoriaRegulatoria":{"codigo":5,"descricao":"Genérico"},"medicamentoReferencia":"ERANZ","categoriaProduto":null,"tipoAutorizacao":"REGISTRADO","numeroRegistroFormatado":"146820035","mesAnoVencimentoFormatado":"12/2028","acancelar":false},"empresa":{"cnpj":"05035244000123","razaoSocial":"SUN FARMACÊUTICA DO BRASIL LTDA","numeroAutorizacao":"1046820","cnpjFormatado":"05.035.244/0001-23"},"processo":{"numero":"25351200444201099","situacao":29,"numeroProcessoFormatado":"25351.200444/2010-99"}},{"ordem":16,"produto":{"codigo":885344,"nome":"CLORIDRATO DE EPINASTINA","numeroRegistro":"146820037","tipo":{"codigo":1,"descricao":null},"categoria":null,"situacaoRotulo":null,"dataVencimento":null,"mesAnoVencimento":"012020","dataVencimentoRegistro":"2020-01-01T00:00:00.000-0300","principioAtivo":null,"situacaoApresentacao":"Caduco/Cancelado","dataRegistro":"2015-01-05T00:00:00.000-0300","categoriaRegulatoria":{"codigo":5,"descricao":"Genérico"},"medicamentoReferencia":"RELESTAT","categoriaProduto":null,"tipoAutorizacao":"REGISTRADO","numeroRegistroFormatado":"146820037","mesAnoVencimentoFormatado":"01/2020","acancelar":false},"empresa":{"cnpj":"05035244000123","razaoSocial":"SUN FARMACÊUTICA DO BRASIL LTDA","numeroAutorizacao":"1046820","cnpjFormatado":"05.035.244/0001-23"},"processo":{"numero":"25351167347201314","situacao":29,"numeroProcessoFormatado":"25351.167347/2013-14"}},{"ordem":17,"produto":{"codigo":846041,"nome":"CLORIDRATO DE MEMANTINA","numeroRegistro":"146820041","tipo":{"codigo":1,"descricao":null},"categoria":null,"situacaoRotulo":null,"dataVencimento":null,"mesAnoVencimento":"072025","dataVencimentoRegistro":"2025-07-01T00:00:00.000-0300","principioAtivo":null,"situacaoApresentacao":"Caduco/Cancelado","dataRegistro":"2015-07-13T00:00:00.000-0300","categoriaRegulatoria":{"codigo":5,"descricao":"Genérico"},"medicamentoReferencia":"EBIX","categoriaProduto":null,"tipoAutorizacao":"REGISTRADO","numeroRegistroFormatado":"146820041","mesAnoVencimentoFormatado":"07/2025","acancelar":false},"empresa":{"cnpj":"05035244000123","razaoSocial":"SUN FARMACÊUTICA DO BRASIL LTDA","numeroAutorizacao":"1046820","cnpjFormatado":"05.035.244/0001-23"},"processo":{"numero":"25351455836201218","situacao":29,"numeroProcessoFormatado":"25351.455836/2012-18"}},{"ordem":18,"produto":{"codigo":742040,"nome":"D-VOID","numeroRegistro":"146820022","tipo":{"codigo":1,"descricao":null},"categoria":null,"situacaoRotulo":null,"dataVencimento":null,"mesAnoVencimento":"122015","dataVencimentoRegistro":"2015-12-01T00:00:00.000-0300","principioAtivo":null,"situacaoApresentacao":"Caduco/Cancelado","dataRegistro":"2011-03-21T00:00:00.000-0300","categoriaRegulatoria":{"codigo":null,"descricao":null},"medicamentoReferencia":null,"categoriaProduto":null,"tipoAutorizacao":"REGISTRADO","numeroRegistroFormatado":"146820022","mesAnoVencimentoFormatado":"12/2015","acancelar":false},"empresa":{"cnpj":"05035244000123","razaoSocial":"SUN FARMACÊUTICA DO BRASIL LTDA","numeroAutorizacao":"1046820","cnpjFormatado":"05.035.244/0001-23"},"processo":{"numero":"25351744842201041","situacao":29,"numeroProcessoFormatado":"25351.744842/2010-41"}},{"ordem":19,"produto":{"codigo":1307231,"nome":"DALILAH","numeroRegistro":"146820074","tipo":{"codigo":1,"descricao":null},"categoria":null,"situacaoRotulo":null,"dataVencimento":null,"mesAnoVencimento":"032029","dataVencimentoRegistro":"2029-03-01T00:00:00.000-0300","principioAtivo":null,"situacaoApresentacao":"Caduco/Cancelado","dataRegistro":"2019-03-06T00:00:00.000-0300","categoriaRegulatoria":{"codigo":8,"descricao":"Similar"},"medicamentoReferencia":"PRISTIQ","categoriaProduto":null,"tipoAutorizacao":"REGISTRADO","numeroRegistroFormatado":"146820074","mesAnoVencimentoFormatado":"03/2029","acancelar":false},"empresa":{"cnpj":"05035244000123","razaoSocial":"SUN FARMACÊUTICA DO BRASIL LTDA","numeroAutorizacao":"1046820","cnpjFormatado":"05.035.244/0001-23"},"processo":{"numero":"25351416998201849","situacao":29,"numeroProcessoFormatado":"25351.416998/2018-49"}},{"ordem":20,"produto":{"codigo":1307221,"nome":"DEVALY LP","numeroRegistro":"146820075","tipo":{"codigo":1,"descricao":null},"categoria":null,"situacaoRotulo":null,"dataVencimento":null,"mesAnoVencimento":"032029","dataVencimentoRegistro":"2029-03-01T00:00:00.000-0300","principioAtivo":"DIVALPROATO DE SÓDIO","situacaoApresentacao":"Válido","dataRegistro":"2019-03-06T00:00:00.000-0300","categoriaRegulatoria":{"codigo":8,"descricao":"Similar"},"medicamentoReferencia":"DEPAKOTE ER","categoriaProduto":null,"tipoAutorizacao":"REGISTRADO","numeroRegistroFormatado":"146820075","mesAnoVencimentoFormatado":"03/2029","acancelar":false},"empresa":{"cnpj":"05035244000123","razaoSocial":"SUN FARMACÊUTICA DO BRASIL LTDA","numeroAutorizacao":"1046820","cnpjFormatado":"05.035.244/0001-23"},"processo":{"numero":"25351565248201808","situacao":29,"numeroProcessoFormatado":"25351.565248/2018-08"}},{"ordem":21,"produto":{"codigo":1095366,"nome":"DICLORIDRATO DE LEVOCETIRIZINA","numeroRegistro":"146820059","tipo":{"codigo":1,"descricao":null},"categoria":null,"situacaoRotulo":null,"dataVencimento":"2027-09-08T00:00:00.000-0300","mesAnoVencimento":"092027","dataVencimentoRegistro":"2027-09-01T00:00:00.000-0300","principioAtivo":"DICLORIDRATO DE LEVOCETIRIZINA","situacaoApresentacao":"Válido","dataRegistro":"2017-09-04T00:00:00.000-0300","categoriaRegulatoria":{"codigo":5,"descricao":"Genérico"},"medicamentoReferencia":"ZYXEM","categoriaProduto":null,"tipoAutorizacao":"REGISTRADO","numeroRegistroFormatado":"146820059","mesAnoVencimentoFormatado":"09/2027","acancelar":false},"empresa":{"cnpj":"05035244000123","razaoSocial":"SUN FARMACÊUTICA DO BRASIL LTDA","numeroAutorizacao":"1046820","cnpjFormatado":"05.035.244/0001-23"},"processo":{"numero":"25351919417201664","situacao":29,"numeroProcessoFormatado":"25351.919417/2016-64"}},{"ordem":22,"produto":{"codigo":1098939,"nome":"DIVALPROATO DE SODIO","numeroRegistro":"146820063","tipo":{"codigo":1,"descricao":null},"categoria":null,"situacaoRotulo":null,"dataVencimento":null,"mesAnoVencimento":"062028","dataVencimentoRegistro":"2028-06-01T00:00:00.000-0300","principioAtivo":"DIVALPROATO DE SÓDIO","situacaoApresentacao":"Válido","dataRegistro":"2018-06-25T00:00:00.000-0300","categoriaRegulatoria":{"codigo":5,"descricao":"Genérico"},"medicamentoReferencia":"DEPAKOTE ER","categoriaProduto":null,"tipoAutorizacao":"REGISTRADO","numeroRegistroFormatado":"146820063","mesAnoVencimentoFormatado":"06/2028","acancelar":false},"empresa":{"cnpj":"05035244000123","razaoSocial":"SUN FARMACÊUTICA DO BRASIL LTDA","numeroAutorizacao":"1046820","cnpjFormatado":"05.035.244/0001-23"},"processo":{"numero":"25351969217201601","situacao":29,"numeroProcessoFormatado":"25351.969217/2016-01"}},{"ordem":23,"produto":{"codigo":1416253,"nome":"DULLO","numeroRegistro":"146820092","tipo":{"codigo":1,"descricao":null},"categoria":null,"situacaoRotulo":null,"dataVencimento":null,"mesAnoVencimento":"062030","dataVencimentoRegistro":"2030-06-01T00:00:00.000-0300","principioAtivo":"CLORIDRATO DE DULOXETINA","situacaoApresentacao":"Válido","dataRegistro":"2020-06-15T00:00:00.000-0300","categoriaRegulatoria":{"codigo":8,"descricao":"Similar"},"medicamentoReferencia":"CYMBALTA","categoriaProduto":null,"tipoAutorizacao":"REGISTRADO","numeroRegistroFormatado":"146820092","mesAnoVencimentoFormatado":"06/2030","acancelar":false},"empresa":{"cnpj":"05035244000123","razaoSocial":"SUN FARMACÊUTICA DO BRASIL LTDA","numeroAutorizacao":"1046820","cnpjFormatado":"05.035.244/0001-23"},"processo":{"numero":"25351214920202014","situacao":29,"numeroProcessoFormatado":"25351.214920/2020-14"}},{"ordem":24,"produto":{"codigo":946481,"nome":"Deci","numeroRegistro":"146820085","tipo":{"codigo":1,"descricao":null},"categoria":null,"situacaoRotulo":null,"dataVencimento":null,"mesAnoVencimento":"072029","dataVencimentoRegistro":"2029-07-01T00:00:00.000-0300","principioAtivo":"DECITABINA","situacaoApresentacao":"Válido","dataRegistro":"2019-07-22T00:00:00.000-0300","categoriaRegulatoria":{"codigo":8,"descricao":"Similar"},"medicamentoReferencia":"DACOGEN","categoriaProduto":null,"tipoAutorizacao":"REGISTRADO","numeroRegistroFormatado":"146820085","mesAnoVencimentoFormatado":"07/2029","acancelar":false},"empresa":{"cnpj":"05035244000123","razaoSocial":"SUN FARMACÊUTICA DO BRASIL LTDA","numeroAutorizacao":"1046820","cnpjFormatado":"05.035.244/0001-23"},"processo":{"numero":"25351113180201498","situacao":29,"numeroProcessoFormatado":"25351.113180/2014-98"}},{"ordem":25,"produto":{"codigo":1305064,"nome":"EMAH","numeroRegistro":"146820072","tipo":{"codigo":1,"descricao":null},"categoria":null,"situacaoRotulo":null,"dataVencimento":null,"mesAnoVencimento":"022029","dataVencimentoRegistro":"2029-02-01T00:00:00.000-0300","principioAtivo":"EXEMESTANO","situacaoApresentacao":"Válido","dataRegistro":"2019-02-18T00:00:00.000-0300","categoriaRegulatoria":{"codigo":8,"descricao":"Similar"},"medicamentoReferencia":"AROMASIN","categoriaProduto":null,"tipoAutorizacao":"REGISTRADO","numeroRegistroFormatado":"146820072","mesAnoVencimentoFormatado":"02/2029","acancelar":false},"empresa":{"cnpj":"05035244000123","razaoSocial":"SUN FARMACÊUTICA DO BRASIL LTDA","numeroAutorizacao":"1046820","cnpjFormatado":"05.035.244/0001-23"},"processo":{"numero":"25351605315201826","situacao":29,"numeroProcessoFormatado":"25351.605315/2018-26"}},{"ordem":26,"produto":{"codigo":780260,"nome":"EMTAZ","numeroRegistro":"146820025","tipo":{"codigo":1,"descricao":null},"categoria":null,"situacaoRotulo":null,"dataVencimento":null,"mesAnoVencimento":"122025","dataVencimentoRegistro":"2025-12-01T00:00:00.000-0300","principioAtivo":null,"situacaoApresentacao":"Caduco/Cancelado","dataRegistro":"2012-05-07T00:00:00.000-0300","categoriaRegulatoria":{"codigo":8,"descricao":"Similar"},"medicamentoReferencia":null,"categoriaProduto":null,"tipoAutorizacao":"REGISTRADO","numeroRegistroFormatado":"146820025","mesAnoVencimentoFormatado":"12/2025","acancelar":false},"empresa":{"cnpj":"05035244000123","razaoSocial":"SUN FARMACÊUTICA DO BRASIL LTDA","numeroAutorizacao":"1046820","cnpjFormatado":"05.035.244/0001-23"},"processo":{"numero":"25351048438201144","situacao":29,"numeroProcessoFormatado":"25351.048438/2011-44"}},{"ordem":27,"produto":{"codigo":1054496,"nome":"EPENAC","numeroRegistro":"146820042","tipo":{"codigo":1,"descricao":null},"categoria":null,"situacaoRotulo":null,"dataVencimento":null,"mesAnoVencimento":"072020","dataVencimentoRegistro":"2020-07-01T00:00:00.000-0300","principioAtivo":null,"situacaoApresentacao":"Caduco/Cancelado","dataRegistro":"2015-07-20T00:00:00.000-0300","categoriaRegulatoria":{"codigo":8,"descricao":"Similar"},"medicamentoReferencia":"RELESTAT","categoriaProduto":null,"tipoAutorizacao":"REGISTRADO","numeroRegistroFormatado":"146820042","mesAnoVencimentoFormatado":"07/2020","acancelar":false},"empresa":{"cnpj":"05035244000123","razaoSocial":"SUN FARMACÊUTICA DO BRASIL LTDA","numeroAutorizacao":"1046820","cnpjFormatado":"05.035.244/0001-23"},"processo":{"numero":"25351446475201397","situacao":29,"numeroProcessoFormatado":"25351.446475/2013-97"}},{"ordem":28,"produto":{"codigo":754240,"nome":"ESOMEPRAZOL SODICO","numeroRegistro":"146820027","tipo":{"codigo":1,"descricao":null},"categoria":null,"situacaoRotulo":null,"dataVencimento":null,"mesAnoVencimento":"022027","dataVencimentoRegistro":"2027-02-01T00:00:00.000-0300","principioAtivo":"ESOMEPRAZOL SÓDICO","situacaoApresentacao":"Válido","dataRegistro":"2012-02-27T00:00:00.000-0300","categoriaRegulatoria":{"codigo":5,"descricao":"Genérico"},"medicamentoReferencia":"NEXIUM IV","categoriaProduto":null,"tipoAutorizacao":"REGISTRADO","numeroRegistroFormatado":"146820027","mesAnoVencimentoFormatado":"02/2027","acancelar":false},"empresa":{"cnpj":"05035244000123","razaoSocial":"SUN FARMACÊUTICA DO BRASIL LTDA","numeroAutorizacao":"1046820","cnpjFormatado":"05.035.244/0001-23"},"processo":{"numero":"25351230866201157","situacao":29,"numeroProcessoFormatado":"25351.230866/2011-57"}},{"ordem":29,"produto":{"codigo":1165455,"nome":"FELISSA","numeroRegistro":"146820054","tipo":{"codigo":1,"descricao":null},"categoria":null,"situacaoRotulo":null,"dataVencimento":null,"mesAnoVencimento":"052027","dataVencimentoRegistro":"2027-05-01T00:00:00.000-0300","principioAtivo":"OXALATO DE ESCITALOPRAM","situacaoApresentacao":"Válido","dataRegistro":"2017-05-02T00:00:00.000-0300","categoriaRegulatoria":{"codigo":8,"descricao":"Similar"},"medicamentoReferencia":"LEXAPRO","categoriaProduto":null,"tipoAutorizacao":"REGISTRADO","numeroRegistroFormatado":"146820054","mesAnoVencimentoFormatado":"05/2027","acancelar":false},"empresa":{"cnpj":"05035244000123","razaoSocial":"SUN FARMACÊUTICA DO BRASIL LTDA","numeroAutorizacao":"1046820","cnpjFormatado":"05.035.244/0001-23"},"processo":{"numero":"25351210911201660","situacao":29,"numeroProcessoFormatado":"25351.210911/2016-60"}},{"ordem":30,"produto":{"codigo":742071,"nome":"FENDROP","numeroRegistro":"146820019","tipo":{"codigo":1,"descricao":null},"categoria":null,"situacaoRotulo":null,"dataVencimento":null,"mesAnoVencimento":"112022","dataVencimentoRegistro":"2022-11-01T00:00:00.000-0300","principioAtivo":null,"situacaoApresentacao":"Caduco/Cancelado","dataRegistro":"2011-02-28T00:00:00.000-0300","categoriaRegulatoria":{"codigo":null,"descricao":null},"medicamentoReferencia":null,"categoriaProduto":null,"tipoAutorizacao":"REGISTRADO","numeroRegistroFormatado":"146820019","mesAnoVencimentoFormatado":"11/2022","acancelar":false},"empresa":{"cnpj":"05035244000123","razaoSocial":"SUN FARMACÊUTICA DO BRASIL LTDA","numeroAutorizacao":"1046820","cnpjFormatado":"05.035.244/0001-23"},"processo":{"numero":"25351760838201075","situacao":29,"numeroProcessoFormatado":"25351.760838/2010-75"}},{"ordem":31,"produto":{"codigo":165105,"nome":"FINAPÉCIA","numeroRegistro":"146820010","tipo":{"codigo":1,"descricao":null},"categoria":null,"situacaoRotulo":null,"dataVencimento":null,"mesAnoVencimento":"112012","dataVencimentoRegistro":"2012-11-01T00:00:00.000-0300","principioAtivo":null,"situacaoApresentacao":"Caduco/Cancelado","dataRegistro":"2002-11-13T00:00:00.000-0300","categoriaRegulatoria":{"codigo":8,"descricao":"Similar"},"medicamentoReferencia":null,"categoriaProduto":null,"tipoAutorizacao":"REGISTRADO","numeroRegistroFormatado":"146820010","mesAnoVencimentoFormatado":"11/2012","acancelar":false},"empresa":{"cnpj":"05035244000123","razaoSocial":"SUN FARMACÊUTICA DO BRASIL LTDA","numeroAutorizacao":"1046820","cnpjFormatado":"05.035.244/0001-23"},"processo":{"numero":"253510278010163","situacao":29,"numeroProcessoFormatado":"25351.027801/01-63"}},{"ordem":32,"produto":{"codigo":71085,"nome":"FOLANTINE","numeroRegistro":"146820002","tipo":{"codigo":1,"descricao":null},"categoria":null,"situacaoRotulo":null,"dataVencimento":null,"mesAnoVencimento":"122025","dataVencimentoRegistro":"2025-12-01T00:00:00.000-0300","principioAtivo":null,"situacaoApresentacao":"Caduco/Cancelado","dataRegistro":"2000-12-05T00:00:00.000-0300","categoriaRegulatoria":{"codigo":8,"descricao":"Similar"},"medicamentoReferencia":null,"categoriaProduto":null,"tipoAutorizacao":"REGISTRADO","numeroRegistroFormatado":"146820002","mesAnoVencimentoFormatado":"12/2025","acancelar":false},"empresa":{"cnpj":"05035244000123","razaoSocial":"SUN FARMACÊUTICA DO BRASIL LTDA","numeroAutorizacao":"1046820","cnpjFormatado":"05.035.244/0001-23"},"processo":{"numero":"253510092550052","situacao":29,"numeroProcessoFormatado":"25351.009255/00-52"}},{"ordem":33,"produto":{"codigo":564697,"nome":"FONTI B1","numeroRegistro":"146820016","tipo":{"codigo":1,"descricao":null},"categoria":null,"situacaoRotulo":null,"dataVencimento":null,"mesAnoVencimento":"082028","dataVencimentoRegistro":"2028-08-01T00:00:00.000-0300","principioAtivo":null,"situacaoApresentacao":"Caduco/Cancelado","dataRegistro":"2008-08-11T00:00:00.000-0300","categoriaRegulatoria":{"codigo":3,"descricao":"Específico"},"medicamentoReferencia":null,"categoriaProduto":null,"tipoAutorizacao":"REGISTRADO","numeroRegistroFormatado":"146820016","mesAnoVencimentoFormatado":"08/2028","acancelar":false},"empresa":{"cnpj":"05035244000123","razaoSocial":"SUN FARMACÊUTICA DO BRASIL LTDA","numeroAutorizacao":"1046820","cnpjFormatado":"05.035.244/0001-23"},"processo":{"numero":"25351105764200805","situacao":29,"numeroProcessoFormatado":"25351.105764/2008-05"}},{"ordem":34,"produto":{"codigo":70051,"nome":"FONTICAL","numeroRegistro":"146820004","tipo":{"codigo":1,"descricao":null},"categoria":null,"situacaoRotulo":null,"dataVencimento":null,"mesAnoVencimento":"122025","dataVencimentoRegistro":"2025-12-01T00:00:00.000-0300","principioAtivo":null,"situacaoApresentacao":"Caduco/Cancelado","dataRegistro":"2000-12-28T00:00:00.000-0300","categoriaRegulatoria":{"codigo":8,"descricao":"Similar"},"medicamentoReferencia":null,"categoriaProduto":null,"tipoAutorizacao":"REGISTRADO","numeroRegistroFormatado":"146820004","mesAnoVencimentoFormatado":"12/2025","acancelar":false},"empresa":{"cnpj":"05035244000123","razaoSocial":"SUN FARMACÊUTICA DO BRASIL LTDA","numeroAutorizacao":"1046820","cnpjFormatado":"05.035.244/0001-23"},"processo":{"numero":"253510092540090","situacao":29,"numeroProcessoFormatado":"25351.009254/00-90"}},{"ordem":35,"produto":{"codigo":943517,"nome":"GALAMER","numeroRegistro":"146820086","tipo":{"codigo":1,"descricao":null},"categoria":null,"situacaoRotulo":null,"dataVencimento":null,"mesAnoVencimento":"092029","dataVencimentoRegistro":"2029-09-01T00:00:00.000-0300","principioAtivo":"HIDROBROMETO DE GALANTAMINA","situacaoApresentacao":"Válido","dataRegistro":"2019-09-02T00:00:00.000-0300","categoriaRegulatoria":{"codigo":8,"descricao":"Similar"},"medicamentoReferencia":"REMINYL ER","categoriaProduto":null,"tipoAutorizacao":"REGISTRADO","numeroRegistroFormatado":"146820086","mesAnoVencimentoFormatado":"09/2029","acancelar":false},"empresa":{"cnpj":"05035244000123","razaoSocial":"SUN FARMACÊUTICA DO BRASIL LTDA","numeroAutorizacao":"1046820","cnpjFormatado":"05.035.244/0001-23"},"processo":{"numero":"25351067609201411","situacao":29,"numeroProcessoFormatado":"25351.067609/2014-11"}},{"ordem":36,"produto":{"codigo":1414057,"nome":"GLICLAZIDA","numeroRegistro":"146820093","tipo":{"codigo":1,"descricao":null},"categoria":null,"situacaoRotulo":null,"dataVencimento":null,"mesAnoVencimento":"092027","dataVencimentoRegistro":"2027-09-01T00:00:00.000-0300","principioAtivo":"GLICLAZIDA","situacaoApresentacao":"Válido","dataRegistro":"2020-06-15T00:00:00.000-0300","categoriaRegulatoria":{"codigo":5,"descricao":"Genérico"},"medicamentoReferencia":"DIAMICRON MR","categoriaProduto":null,"tipoAutorizacao":"REGISTRADO","numeroRegistroFormatado":"146820093","mesAnoVencimentoFormatado":"09/2027","acancelar":false},"empresa":{"cnpj":"05035244000123","razaoSocial":"SUN FARMACÊUTICA DO BRASIL LTDA","numeroAutorizacao":"1046820","cnpjFormatado":"05.035.244/0001-23"},"processo":{"numero":"25351121116202084","situacao":29,"numeroProcessoFormatado":"25351.121116/2020-84"}},{"ordem":37,"produto":{"codigo":1475183,"nome":"GULSHEN","numeroRegistro":"146820098","tipo":{"codigo":1,"descricao":null},"categoria":null,"situacaoRotulo":null,"dataVencimento":"2030-09-22T00:00:00.000-0300","mesAnoVencimento":"092030","dataVencimentoRegistro":"2030-09-01T00:00:00.000-0300","principioAtivo":"ÁCIDO URSODESOXICÓLICO","situacaoApresentacao":"Válido","dataRegistro":"2020-09-14T00:00:00.000-0300","categoriaRegulatoria":{"codigo":8,"descricao":"Similar"},"medicamentoReferencia":"Ursacol®","categoriaProduto":null,"tipoAutorizacao":"REGISTRADO","numeroRegistroFormatado":"146820098","mesAnoVencimentoFormatado":"09/2030","acancelar":false},"empresa":{"cnpj":"05035244000123","razaoSocial":"SUN FARMACÊUTICA DO BRASIL LTDA","numeroAutorizacao":"1046820","cnpjFormatado":"05.035.244/0001-23"},"processo":{"numero":"25351682720202082","situacao":29,"numeroProcessoFormatado":"25351.682720/2020-82"}},{"ordem":38,"produto":{"codigo":70207,"nome":"HIDROXINE","numeroRegistro":"146820003","tipo":{"codigo":1,"descricao":null},"categoria":null,"situacaoRotulo":null,"dataVencimento":null,"mesAnoVencimento":"122025","dataVencimentoRegistro":"2025-12-01T00:00:00.000-0300","principioAtivo":null,"situacaoApresentacao":"Caduco/Cancelado","dataRegistro":"2000-12-20T00:00:00.000-0300","categoriaRegulatoria":{"codigo":8,"descricao":"Similar"},"medicamentoReferencia":null,"categoriaProduto":null,"tipoAutorizacao":"REGISTRADO","numeroRegistroFormatado":"146820003","mesAnoVencimentoFormatado":"12/2025","acancelar":false},"empresa":{"cnpj":"05035244000123","razaoSocial":"SUN FARMACÊUTICA DO BRASIL LTDA","numeroAutorizacao":"1046820","cnpjFormatado":"05.035.244/0001-23"},"processo":{"numero":"253510092570088","situacao":29,"numeroProcessoFormatado":"25351.009257/00-88"}},{"ordem":39,"produto":{"codigo":1320104,"nome":"HOLLI","numeroRegistro":"146820102","tipo":{"codigo":1,"descricao":null},"categoria":null,"situacaoRotulo":null,"dataVencimento":null,"mesAnoVencimento":"012031","dataVencimentoRegistro":"2031-01-01T00:00:00.000-0300","principioAtivo":"CLORIDRATO DE OLOPATADINA","situacaoApresentacao":"Válido","dataRegistro":"2021-01-25T00:00:00.000-0300","categoriaRegulatoria":{"codigo":8,"descricao":"Similar"},"medicamentoReferencia":"PATANOL®","categoriaProduto":null,"tipoAutorizacao":"REGISTRADO","numeroRegistroFormatado":"146820102","mesAnoVencimentoFormatado":"01/2031","acancelar":false},"empresa":{"cnpj":"05035244000123","razaoSocial":"SUN FARMACÊUTICA DO BRASIL LTDA","numeroAutorizacao":"1046820","cnpjFormatado":"05.035.244/0001-23"},"processo":{"numero":"25351238661201975","situacao":29,"numeroProcessoFormatado":"25351.238661/2019-75"}},{"ordem":40,"produto":{"codigo":2275166,"nome":"ILUMYA","numeroRegistro":"146820112","tipo":{"codigo":1,"descricao":null},"categoria":null,"situacaoRotulo":null,"dataVencimento":"2033-11-20T00:00:00.000-0300","mesAnoVencimento":"112033","dataVencimentoRegistro":"2033-11-01T00:00:00.000-0300","principioAtivo":"TILDRAKIZUMABE","situacaoApresentacao":"Válido","dataRegistro":"2023-11-20T00:00:00.000-0300","categoriaRegulatoria":{"codigo":1,"descricao":"Biológico"},"medicamentoReferencia":null,"categoriaProduto":null,"tipoAutorizacao":"REGISTRADO","numeroRegistroFormatado":"146820112","mesAnoVencimentoFormatado":"11/2033","acancelar":false},"empresa":{"cnpj":"05035244000123","razaoSocial":"SUN FARMACÊUTICA DO BRASIL LTDA","numeroAutorizacao":"1046820","cnpjFormatado":"05.035.244/0001-23"},"processo":{"numero":"25351211769202135","situacao":29,"numeroProcessoFormatado":"25351.211769/2021-35"}},{"ordem":41,"produto":{"codigo":1177431,"nome":"LAMOSYN","numeroRegistro":"146820056","tipo":{"codigo":1,"descricao":null},"categoria":null,"situacaoRotulo":null,"dataVencimento":null,"mesAnoVencimento":"072022","dataVencimentoRegistro":"2022-07-01T00:00:00.000-0300","principioAtivo":null,"situacaoApresentacao":"Caduco/Cancelado","dataRegistro":"2017-07-10T00:00:00.000-0300","categoriaRegulatoria":{"codigo":null,"descricao":null},"medicamentoReferencia":"LAMICTAL","categoriaProduto":null,"tipoAutorizacao":"REGISTRADO","numeroRegistroFormatado":"146820056","mesAnoVencimentoFormatado":"07/2022","acancelar":false},"empresa":{"cnpj":"05035244000123","razaoSocial":"SUN FARMACÊUTICA DO BRASIL LTDA","numeroAutorizacao":"1046820","cnpjFormatado":"05.035.244/0001-23"},"processo":{"numero":"25351295161201779","situacao":29,"numeroProcessoFormatado":"25351.295161/2017-79"}},{"ordem":42,"produto":{"codigo":1327367,"nome":"LAMOSYN","numeroRegistro":"146820082","tipo":{"codigo":1,"descricao":null},"categoria":null,"situacaoRotulo":null,"dataVencimento":null,"mesAnoVencimento":"062029","dataVencimentoRegistro":"2029-06-01T00:00:00.000-0300","principioAtivo":"LAMOTRIGINA","situacaoApresentacao":"Válido","dataRegistro":"2019-06-03T00:00:00.000-0300","categoriaRegulatoria":{"codigo":8,"descricao":"Similar"},"medicamentoReferencia":"LAMICTAL","categoriaProduto":null,"tipoAutorizacao":"REGISTRADO","numeroRegistroFormatado":"146820082","mesAnoVencimentoFormatado":"06/2029","acancelar":false},"empresa":{"cnpj":"05035244000123","razaoSocial":"SUN FARMACÊUTICA DO BRASIL LTDA","numeroAutorizacao":"1046820","cnpjFormatado":"05.035.244/0001-23"},"processo":{"numero":"25351761667201861","situacao":29,"numeroProcessoFormatado":"25351.761667/2018-61"}},{"ordem":43,"produto":{"codigo":798745,"nome":"LAMOSYN CD","numeroRegistro":"146820049","tipo":{"codigo":1,"descricao":null},"categoria":null,"situacaoRotulo":null,"dataVencimento":null,"mesAnoVencimento":"092026","dataVencimentoRegistro":"2026-09-01T00:00:00.000-0300","principioAtivo":"LAMOTRIGINA","situacaoApresentacao":"Válido","dataRegistro":"2016-09-19T00:00:00.000-0300","categoriaRegulatoria":{"codigo":8,"descricao":"Similar"},"medicamentoReferencia":"LAMICTAL","categoriaProduto":null,"tipoAutorizacao":"REGISTRADO","numeroRegistroFormatado":"146820049","mesAnoVencimentoFormatado":"09/2026","acancelar":false},"empresa":{"cnpj":"05035244000123","razaoSocial":"SUN FARMACÊUTICA DO BRASIL LTDA","numeroAutorizacao":"1046820","cnpjFormatado":"05.035.244/0001-23"},"processo":{"numero":"25351721637201193","situacao":29,"numeroProcessoFormatado":"25351.721637/2011-93"}},{"ordem":44,"produto":{"codigo":798399,"nome":"LAMOTRIGINA","numeroRegistro":"146820050","tipo":{"codigo":1,"descricao":null},"categoria":null,"situacaoRotulo":null,"dataVencimento":null,"mesAnoVencimento":"092026","dataVencimentoRegistro":"2026-09-01T00:00:00.000-0300","principioAtivo":"LAMOTRIGINA","situacaoApresentacao":"Válido","dataRegistro":"2016-09-19T00:00:00.000-0300","categoriaRegulatoria":{"codigo":5,"descricao":"Genérico"},"medicamentoReferencia":"LAMICTAL","categoriaProduto":null,"tipoAutorizacao":"REGISTRADO","numeroRegistroFormatado":"146820050","mesAnoVencimentoFormatado":"09/2026","acancelar":false},"empresa":{"cnpj":"05035244000123","razaoSocial":"SUN FARMACÊUTICA DO BRASIL LTDA","numeroAutorizacao":"1046820","cnpjFormatado":"05.035.244/0001-23"},"processo":{"numero":"25351721648201173","situacao":29,"numeroProcessoFormatado":"25351.721648/2011-73"}},{"ordem":45,"produto":{"codigo":1272966,"nome":"LILIYA","numeroRegistro":"146820080","tipo":{"codigo":1,"descricao":null},"categoria":null,"situacaoRotulo":null,"dataVencimento":null,"mesAnoVencimento":"052029","dataVencimentoRegistro":"2029-05-01T00:00:00.000-0300","principioAtivo":null,"situacaoApresentacao":"Caduco/Cancelado","dataRegistro":"2019-05-06T00:00:00.000-0300","categoriaRegulatoria":{"codigo":8,"descricao":"Similar"},"medicamentoReferencia":"FEMARA","categoriaProduto":null,"tipoAutorizacao":"REGISTRADO","numeroRegistroFormatado":"146820080","mesAnoVencimentoFormatado":"05/2029","acancelar":false},"empresa":{"cnpj":"05035244000123","razaoSocial":"SUN FARMACÊUTICA DO BRASIL LTDA","numeroAutorizacao":"1046820","cnpjFormatado":"05.035.244/0001-23"},"processo":{"numero":"25351595217201792","situacao":29,"numeroProcessoFormatado":"25351.595217/2017-92"}},{"ordem":46,"produto":{"codigo":1415456,"nome":"MEO","numeroRegistro":"146820091","tipo":{"codigo":1,"descricao":null},"categoria":null,"situacaoRotulo":null,"dataVencimento":null,"mesAnoVencimento":"062030","dataVencimentoRegistro":"2030-06-01T00:00:00.000-0300","principioAtivo":null,"situacaoApresentacao":"Caduco/Cancelado","dataRegistro":"2020-06-15T00:00:00.000-0300","categoriaRegulatoria":{"codigo":5,"descricao":"Genérico"},"medicamentoReferencia":"ALOXIDIL","categoriaProduto":null,"tipoAutorizacao":"REGISTRADO","numeroRegistroFormatado":"146820091","mesAnoVencimentoFormatado":"06/2030","acancelar":false},"empresa":{"cnpj":"05035244000123","razaoSocial":"SUN FARMACÊUTICA DO BRASIL LTDA","numeroAutorizacao":"1046820","cnpjFormatado":"05.035.244/0001-23"},"processo":{"numero":"25351114085202013","situacao":29,"numeroProcessoFormatado":"25351.114085/2020-13"}},{"ordem":47,"produto":{"codigo":165160,"nome":"MESALGIN","numeroRegistro":"146820012","tipo":{"codigo":1,"descricao":null},"categoria":null,"situacaoRotulo":null,"dataVencimento":null,"mesAnoVencimento":"112017","dataVencimentoRegistro":"2017-11-01T00:00:00.000-0300","principioAtivo":null,"situacaoApresentacao":"Caduco/Cancelado","dataRegistro":"2002-11-04T00:00:00.000-0300","categoriaRegulatoria":{"codigo":8,"descricao":"Similar"},"medicamentoReferencia":null,"categoriaProduto":null,"tipoAutorizacao":"REGISTRADO","numeroRegistroFormatado":"146820012","mesAnoVencimentoFormatado":"11/2017","acancelar":false},"empresa":{"cnpj":"05035244000123","razaoSocial":"SUN FARMACÊUTICA DO BRASIL LTDA","numeroAutorizacao":"1046820","cnpjFormatado":"05.035.244/0001-23"},"processo":{"numero":"253510386590116","situacao":29,"numeroProcessoFormatado":"25351.038659/01-16"}},{"ordem":48,"produto":{"codigo":1241686,"nome":"NEUGABA","numeroRegistro":"146820061","tipo":{"codigo":1,"descricao":null},"categoria":null,"situacaoRotulo":null,"dataVencimento":null,"mesAnoVencimento":"042028","dataVencimentoRegistro":"2028-04-01T00:00:00.000-0300","principioAtivo":"PREGABALINA","situacaoApresentacao":"Válido","dataRegistro":"2018-04-23T00:00:00.000-0300","categoriaRegulatoria":{"codigo":5,"descricao":"Genérico"},"medicamentoReferencia":"LYRICA","categoriaProduto":null,"tipoAutorizacao":"REGISTRADO","numeroRegistroFormatado":"146820061","mesAnoVencimentoFormatado":"04/2028","acancelar":false},"empresa":{"cnpj":"05035244000123","razaoSocial":"SUN FARMACÊUTICA DO BRASIL LTDA","numeroAutorizacao":"1046820","cnpjFormatado":"05.035.244/0001-23"},"processo":{"numero":"25351604052201757","situacao":29,"numeroProcessoFormatado":"25351.604052/2017-57"}},{"ordem":49,"produto":{"codigo":760551,"nome":"NEXIPRAM","numeroRegistro":"146820028","tipo":{"codigo":1,"descricao":null},"categoria":null,"situacaoRotulo":null,"dataVencimento":null,"mesAnoVencimento":"052017","dataVencimentoRegistro":"2017-05-01T00:00:00.000-0300","principioAtivo":null,"situacaoApresentacao":"Caduco/Cancelado","dataRegistro":"2012-05-28T00:00:00.000-0300","categoriaRegulatoria":{"codigo":8,"descricao":"Similar"},"medicamentoReferencia":"LEXAPRO","categoriaProduto":null,"tipoAutorizacao":"REGISTRADO","numeroRegistroFormatado":"146820028","mesAnoVencimentoFormatado":"05/2017","acancelar":false},"empresa":{"cnpj":"05035244000123","razaoSocial":"SUN FARMACÊUTICA DO BRASIL LTDA","numeroAutorizacao":"1046820","cnpjFormatado":"05.035.244/0001-23"},"processo":{"numero":"25351551369200971","situacao":29,"numeroProcessoFormatado":"25351.551369/2009-71"}},{"ordem":50,"produto":{"codigo":1408044,"nome":"NIDHI","numeroRegistro":"146820106","tipo":{"codigo":1,"descricao":null},"categoria":null,"situacaoRotulo":null,"dataVencimento":null,"mesAnoVencimento":"112031","dataVencimentoRegistro":"2031-11-01T00:00:00.000-0300","principioAtivo":"esilato de nintedanibe","situacaoApresentacao":"Válido","dataRegistro":"2021-11-29T00:00:00.000-0300","categoriaRegulatoria":{"codigo":8,"descricao":"Similar"},"medicamentoReferencia":"OFEV","categoriaProduto":null,"tipoAutorizacao":"REGISTRADO","numeroRegistroFormatado":"146820106","mesAnoVencimentoFormatado":"11/2031","acancelar":false},"empresa":{"cnpj":"05035244000123","razaoSocial":"SUN FARMACÊUTICA DO BRASIL LTDA","numeroAutorizacao":"1046820","cnpjFormatado":"05.035.244/0001-23"},"processo":{"numero":"25351346437202090","situacao":29,"numeroProcessoFormatado":"25351.346437/2020-90"}},{"ordem":51,"produto":{"codigo":742560,"nome":"OCTRIDE","numeroRegistro":"146820020","tipo":{"codigo":1,"descricao":null},"categoria":null,"situacaoRotulo":null,"dataVencimento":null,"mesAnoVencimento":"072025","dataVencimentoRegistro":"2025-07-01T00:00:00.000-0300","principioAtivo":"ACETATO DE OCTREOTIDA","situacaoApresentacao":"Válido","dataRegistro":"2011-03-21T00:00:00.000-0300","categoriaRegulatoria":{"codigo":8,"descricao":"Similar"},"medicamentoReferencia":"SANDOSTATIN","categoriaProduto":null,"tipoAutorizacao":"REGISTRADO","numeroRegistroFormatado":"146820020","mesAnoVencimentoFormatado":"07/2025","acancelar":false},"empresa":{"cnpj":"05035244000123","razaoSocial":"SUN FARMACÊUTICA DO BRASIL LTDA","numeroAutorizacao":"1046820","cnpjFormatado":"05.035.244/0001-23"},"processo":{"numero":"25351745150201041","situacao":29,"numeroProcessoFormatado":"25351.745150/2010-41"}},{"ordem":52,"produto":{"codigo":2090009,"nome":"ONO","numeroRegistro":"146820107","tipo":{"codigo":1,"descricao":null},"categoria":null,"situacaoRotulo":null,"dataVencimento":null,"mesAnoVencimento":null,"dataVencimentoRegistro":null,"principioAtivo":"ONDANSETRONA","situacaoApresentacao":"Válido","dataRegistro":"2023-02-06T00:00:00.000-0300","categoriaRegulatoria":{"codigo":6,"descricao":"Novo"},"medicamentoReferencia":null,"categoriaProduto":null,"tipoAutorizacao":"REGISTRADO","numeroRegistroFormatado":"146820107","mesAnoVencimentoFormatado":"","acancelar":false},"empresa":{"cnpj":"05035244000123","razaoSocial":"SUN FARMACÊUTICA DO BRASIL LTDA","numeroAutorizacao":"1046820","cnpjFormatado":"05.035.244/0001-23"},"processo":{"numero":"25351284202202188","situacao":29,"numeroProcessoFormatado":"25351.284202/2021-88"}},{"ordem":53,"produto":{"codigo":784082,"nome":"OXALATO DE ESCITALOPRAM","numeroRegistro":"146820029","tipo":{"codigo":1,"descricao":null},"categoria":null,"situacaoRotulo":null,"dataVencimento":null,"mesAnoVencimento":"052017","dataVencimentoRegistro":"2017-05-01T00:00:00.000-0300","principioAtivo":null,"situacaoApresentacao":"Caduco/Cancelado","dataRegistro":"2012-05-28T00:00:00.000-0300","categoriaRegulatoria":{"codigo":5,"descricao":"Genérico"},"medicamentoReferencia":"LEXAPRO","categoriaProduto":null,"tipoAutorizacao":"REGISTRADO","numeroRegistroFormatado":"146820029","mesAnoVencimentoFormatado":"05/2017","acancelar":false},"empresa":{"cnpj":"05035244000123","razaoSocial":"SUN FARMACÊUTICA DO BRASIL LTDA","numeroAutorizacao":"1046820","cnpjFormatado":"05.035.244/0001-23"},"processo":{"numero":"25351552697200906","situacao":29,"numeroProcessoFormatado":"25351.552697/2009-06"}},{"ordem":54,"produto":{"codigo":1404863,"nome":"OZ","numeroRegistro":"146820110","tipo":{"codigo":1,"descricao":null},"categoria":null,"situacaoRotulo":null,"dataVencimento":"2033-10-19T00:00:00.000-0300","mesAnoVencimento":"102033","dataVencimentoRegistro":"2033-10-01T00:00:00.000-0300","principioAtivo":"CLORIDRATO DE DORZOLAMIDA, MALEATO DE TIMOLOL","situacaoApresentacao":"Válido","dataRegistro":"2023-10-19T00:00:00.000-0300","categoriaRegulatoria":{"codigo":8,"descricao":"Similar"},"medicamentoReferencia":"COSOPT","categoriaProduto":null,"tipoAutorizacao":"REGISTRADO","numeroRegistroFormatado":"146820110","mesAnoVencimentoFormatado":"10/2033","acancelar":false},"empresa":{"cnpj":"05035244000123","razaoSocial":"SUN FARMACÊUTICA DO BRASIL LTDA","numeroAutorizacao":"1046820","cnpjFormatado":"05.035.244/0001-23"},"processo":{"numero":"25351262092202012","situacao":29,"numeroProcessoFormatado":"25351.262092/2020-12"}},{"ordem":55,"produto":{"codigo":742096,"nome":"PANTASUN","numeroRegistro":"146820021","tipo":{"codigo":1,"descricao":null},"categoria":null,"situacaoRotulo":null,"dataVencimento":null,"mesAnoVencimento":"012028","dataVencimentoRegistro":"2028-01-01T00:00:00.000-0300","principioAtivo":"PANTOPRAZOL SÓDICO SESQUI-HIDRATADO","situacaoApresentacao":"Válido","dataRegistro":"2011-03-21T00:00:00.000-0300","categoriaRegulatoria":{"codigo":8,"descricao":"Similar"},"medicamentoReferencia":"PANTOZOL","categoriaProduto":null,"tipoAutorizacao":"REGISTRADO","numeroRegistroFormatado":"146820021","mesAnoVencimentoFormatado":"01/2028","acancelar":false},"empresa":{"cnpj":"05035244000123","razaoSocial":"SUN FARMACÊUTICA DO BRASIL LTDA","numeroAutorizacao":"1046820","cnpjFormatado":"05.035.244/0001-23"},"processo":{"numero":"25351760834201069","situacao":29,"numeroProcessoFormatado":"25351.760834/2010-69"}},{"ordem":56,"produto":{"codigo":1474651,"nome":"PLUTO","numeroRegistro":"146820097","tipo":{"codigo":1,"descricao":null},"categoria":null,"situacaoRotulo":null,"dataVencimento":null,"mesAnoVencimento":"092030","dataVencimentoRegistro":"2030-09-01T00:00:00.000-0300","principioAtivo":"MESILATO DE IMATINIBE","situacaoApresentacao":"Válido","dataRegistro":"2020-09-14T00:00:00.000-0300","categoriaRegulatoria":{"codigo":8,"descricao":"Similar"},"medicamentoReferencia":"GLIVEC","categoriaProduto":null,"tipoAutorizacao":"REGISTRADO","numeroRegistroFormatado":"146820097","mesAnoVencimentoFormatado":"09/2030","acancelar":false},"empresa":{"cnpj":"05035244000123","razaoSocial":"SUN FARMACÊUTICA DO BRASIL LTDA","numeroAutorizacao":"1046820","cnpjFormatado":"05.035.244/0001-23"},"processo":{"numero":"25351246983202021","situacao":29,"numeroProcessoFormatado":"25351.246983/2020-21"}},{"ordem":57,"produto":{"codigo":742067,"nome":"RAPITRAM","numeroRegistro":"146820023","tipo":{"codigo":1,"descricao":null},"categoria":null,"situacaoRotulo":null,"dataVencimento":null,"mesAnoVencimento":"072027","dataVencimentoRegistro":"2027-07-01T00:00:00.000-0300","principioAtivo":null,"situacaoApresentacao":"Caduco/Cancelado","dataRegistro":"2011-03-21T00:00:00.000-0300","categoriaRegulatoria":{"codigo":8,"descricao":"Similar"},"medicamentoReferencia":null,"categoriaProduto":null,"tipoAutorizacao":"REGISTRADO","numeroRegistroFormatado":"146820023","mesAnoVencimentoFormatado":"07/2027","acancelar":false},"empresa":{"cnpj":"05035244000123","razaoSocial":"SUN FARMACÊUTICA DO BRASIL LTDA","numeroAutorizacao":"1046820","cnpjFormatado":"05.035.244/0001-23"},"processo":{"numero":"25351760847201068","situacao":29,"numeroProcessoFormatado":"25351.760847/2010-68"}},{"ordem":58,"produto":{"codigo":1307225,"nome":"RECZIL","numeroRegistro":"146820073","tipo":{"codigo":1,"descricao":null},"categoria":null,"situacaoRotulo":null,"dataVencimento":null,"mesAnoVencimento":"032029","dataVencimentoRegistro":"2029-03-01T00:00:00.000-0300","principioAtivo":"CLORIDRATO DE DONEPEZILA, DONEPEZILA","situacaoApresentacao":"Válido","dataRegistro":"2019-03-06T00:00:00.000-0300","categoriaRegulatoria":{"codigo":8,"descricao":"Similar"},"medicamentoReferencia":"Eranz","categoriaProduto":null,"tipoAutorizacao":"REGISTRADO","numeroRegistroFormatado":"146820073","mesAnoVencimentoFormatado":"03/2029","acancelar":false},"empresa":{"cnpj":"05035244000123","razaoSocial":"SUN FARMACÊUTICA DO BRASIL LTDA","numeroAutorizacao":"1046820","cnpjFormatado":"05.035.244/0001-23"},"processo":{"numero":"25351397327201871","situacao":29,"numeroProcessoFormatado":"25351.397327/2018-71"}},{"ordem":59,"produto":{"codigo":727582,"nome":"RILOTOL","numeroRegistro":"146820030","tipo":{"codigo":1,"descricao":null},"categoria":null,"situacaoRotulo":null,"dataVencimento":null,"mesAnoVencimento":"092022","dataVencimentoRegistro":"2022-09-01T00:00:00.000-0300","principioAtivo":null,"situacaoApresentacao":"Caduco/Cancelado","dataRegistro":"2012-09-17T00:00:00.000-0300","categoriaRegulatoria":{"codigo":8,"descricao":"Similar"},"medicamentoReferencia":"RILUTEK","categoriaProduto":null,"tipoAutorizacao":"REGISTRADO","numeroRegistroFormatado":"146820030","mesAnoVencimentoFormatado":"09/2022","acancelar":false},"empresa":{"cnpj":"05035244000123","razaoSocial":"SUN FARMACÊUTICA DO BRASIL LTDA","numeroAutorizacao":"1046820","cnpjFormatado":"05.035.244/0001-23"},"processo":{"numero":"25351707808201071","situacao":29,"numeroProcessoFormatado":"25351.707808/2010-71"}},{"ordem":60,"produto":{"codigo":727348,"nome":"RILUZOL","numeroRegistro":"146820031","tipo":{"codigo":1,"descricao":null},"categoria":null,"situacaoRotulo":null,"dataVencimento":null,"mesAnoVencimento":"112025","dataVencimentoRegistro":"2025-11-01T00:00:00.000-0300","principioAtivo":"RILUZOL","situacaoApresentacao":"Válido","dataRegistro":"2012-11-12T00:00:00.000-0300","categoriaRegulatoria":{"codigo":5,"descricao":"Genérico"},"medicamentoReferencia":"RILUTEK","categoriaProduto":null,"tipoAutorizacao":"REGISTRADO","numeroRegistroFormatado":"146820031","mesAnoVencimentoFormatado":"11/2025","acancelar":false},"empresa":{"cnpj":"05035244000123","razaoSocial":"SUN FARMACÊUTICA DO BRASIL LTDA","numeroAutorizacao":"1046820","cnpjFormatado":"05.035.244/0001-23"},"processo":{"numero":"25351703208201014","situacao":29,"numeroProcessoFormatado":"25351.703208/2010-14"}},{"ordem":61,"produto":{"codigo":806916,"nome":"ROCKY","numeroRegistro":"146820051","tipo":{"codigo":1,"descricao":null},"categoria":null,"situacaoRotulo":null,"dataVencimento":null,"mesAnoVencimento":"092026","dataVencimentoRegistro":"2026-09-01T00:00:00.000-0300","principioAtivo":"DICLORIDRATO DE PRAMIPEXOL","situacaoApresentacao":"Válido","dataRegistro":"2016-09-19T00:00:00.000-0300","categoriaRegulatoria":{"codigo":8,"descricao":"Similar"},"medicamentoReferencia":"SIFROL","categoriaProduto":null,"tipoAutorizacao":"REGISTRADO","numeroRegistroFormatado":"146820051","mesAnoVencimentoFormatado":"09/2026","acancelar":false},"empresa":{"cnpj":"05035244000123","razaoSocial":"SUN FARMACÊUTICA DO BRASIL LTDA","numeroAutorizacao":"1046820","cnpjFormatado":"05.035.244/0001-23"},"processo":{"numero":"25351012662201249","situacao":29,"numeroProcessoFormatado":"25351.012662/2012-49"}},{"ordem":62,"produto":{"codigo":1266631,"nome":"ROCKY LP","numeroRegistro":"146820065","tipo":{"codigo":1,"descricao":null},"categoria":null,"situacaoRotulo":null,"dataVencimento":null,"mesAnoVencimento":"082028","dataVencimentoRegistro":"2028-08-01T00:00:00.000-0300","principioAtivo":null,"situacaoApresentacao":"Caduco/Cancelado","dataRegistro":"2018-08-06T00:00:00.000-0300","categoriaRegulatoria":{"codigo":5,"descricao":"Genérico"},"medicamentoReferencia":"SIFROL ER","categoriaProduto":null,"tipoAutorizacao":"REGISTRADO","numeroRegistroFormatado":"146820065","mesAnoVencimentoFormatado":"08/2028","acancelar":false},"empresa":{"cnpj":"05035244000123","razaoSocial":"SUN FARMACÊUTICA DO BRASIL LTDA","numeroAutorizacao":"1046820","cnpjFormatado":"05.035.244/0001-23"},"processo":{"numero":"25351735199201798","situacao":29,"numeroProcessoFormatado":"25351.735199/2017-98"}},{"ordem":63,"produto":{"codigo":1304775,"nome":"SAMILE","numeroRegistro":"146820071","tipo":{"codigo":1,"descricao":null},"categoria":null,"situacaoRotulo":null,"dataVencimento":null,"mesAnoVencimento":"022029","dataVencimentoRegistro":"2029-02-01T00:00:00.000-0300","principioAtivo":"SUCCINATO DE SOLIFENACINA","situacaoApresentacao":"Válido","dataRegistro":"2019-02-18T00:00:00.000-0300","categoriaRegulatoria":{"codigo":5,"descricao":"Genérico"},"medicamentoReferencia":"VESICARE","categoriaProduto":null,"tipoAutorizacao":"REGISTRADO","numeroRegistroFormatado":"146820071","mesAnoVencimentoFormatado":"02/2029","acancelar":false},"empresa":{"cnpj":"05035244000123","razaoSocial":"SUN FARMACÊUTICA DO BRASIL LTDA","numeroAutorizacao":"1046820","cnpjFormatado":"05.035.244/0001-23"},"processo":{"numero":"25351366613201895","situacao":29,"numeroProcessoFormatado":"25351.366613/2018-95"}},{"ordem":64,"produto":{"codigo":3671542,"nome":"SAUMYA","numeroRegistro":"146820114","tipo":{"codigo":1,"descricao":null},"categoria":null,"situacaoRotulo":null,"dataVencimento":"2033-10-19T00:00:00.000-0300","mesAnoVencimento":"032034","dataVencimentoRegistro":"2034-03-01T00:00:00.000-0300","principioAtivo":"mesilato de lenvatinibe","situacaoApresentacao":"Válido","dataRegistro":"2024-03-04T00:00:00.000-0300","categoriaRegulatoria":{"codigo":8,"descricao":"Similar"},"medicamentoReferencia":"LENVIMA","categoriaProduto":null,"tipoAutorizacao":"REGISTRADO","numeroRegistroFormatado":"146820114","mesAnoVencimentoFormatado":"03/2034","acancelar":false},"empresa":{"cnpj":"05035244000123","razaoSocial":"SUN FARMACÊUTICA DO BRASIL LTDA","numeroAutorizacao":"1046820","cnpjFormatado":"05.035.244/0001-23"},"processo":{"numero":"25351753926202347","situacao":29,"numeroProcessoFormatado":"25351.753926/2023-47"}},{"ordem":65,"produto":{"codigo":1362572,"nome":"SIMMI","numeroRegistro":"146820087","tipo":{"codigo":1,"descricao":null},"categoria":null,"situacaoRotulo":null,"dataVencimento":null,"mesAnoVencimento":"102029","dataVencimentoRegistro":"2029-10-01T00:00:00.000-0300","principioAtivo":null,"situacaoApresentacao":"Caduco/Cancelado","dataRegistro":"2019-10-29T00:00:00.000-0300","categoriaRegulatoria":{"codigo":5,"descricao":"Genérico"},"medicamentoReferencia":"BETARSEC / LABIRIN","categoriaProduto":null,"tipoAutorizacao":"REGISTRADO","numeroRegistroFormatado":"146820087","mesAnoVencimentoFormatado":"10/2029","acancelar":false},"empresa":{"cnpj":"05035244000123","razaoSocial":"SUN FARMACÊUTICA DO BRASIL LTDA","numeroAutorizacao":"1046820","cnpjFormatado":"05.035.244/0001-23"},"processo":{"numero":"25351647342201876","situacao":29,"numeroProcessoFormatado":"25351.647342/2018-76"}},{"ordem":66,"produto":{"codigo":3619254,"nome":"SITAR","numeroRegistro":"146820108","tipo":{"codigo":1,"descricao":null},"categoria":null,"situacaoRotulo":null,"dataVencimento":"2033-05-22T00:00:00.000-0300","mesAnoVencimento":"062033","dataVencimentoRegistro":"2033-06-01T00:00:00.000-0300","principioAtivo":"FOSFATO DE SITAGLIPTINA","situacaoApresentacao":"Válido","dataRegistro":"2023-06-12T00:00:00.000-0300","categoriaRegulatoria":{"codigo":8,"descricao":"Similar"},"medicamentoReferencia":"JANUVIA","categoriaProduto":null,"tipoAutorizacao":"REGISTRADO","numeroRegistroFormatado":"146820108","mesAnoVencimentoFormatado":"06/2033","acancelar":false},"empresa":{"cnpj":"05035244000123","razaoSocial":"SUN FARMACÊUTICA DO BRASIL LTDA","numeroAutorizacao":"1046820","cnpjFormatado":"05.035.244/0001-23"},"processo":{"numero":"25351325720202321","situacao":29,"numeroProcessoFormatado":"25351.325720/2023-21"}},{"ordem":67,"produto":{"codigo":754432,"nome":"SOMPRAZ IV","numeroRegistro":"146820026","tipo":{"codigo":1,"descricao":null},"categoria":null,"situacaoRotulo":null,"dataVencimento":null,"mesAnoVencimento":"022027","dataVencimentoRegistro":"2027-02-01T00:00:00.000-0300","principioAtivo":null,"situacaoApresentacao":"Caduco/Cancelado","dataRegistro":"2012-02-27T00:00:00.000-0300","categoriaRegulatoria":{"codigo":8,"descricao":"Similar"},"medicamentoReferencia":"NEXIUM IV","categoriaProduto":null,"tipoAutorizacao":"REGISTRADO","numeroRegistroFormatado":"146820026","mesAnoVencimentoFormatado":"02/2027","acancelar":false},"empresa":{"cnpj":"05035244000123","razaoSocial":"SUN FARMACÊUTICA DO BRASIL LTDA","numeroAutorizacao":"1046820","cnpjFormatado":"05.035.244/0001-23"},"processo":{"numero":"25351230843201136","situacao":29,"numeroProcessoFormatado":"25351.230843/2011-36"}},{"ordem":68,"produto":{"codigo":1303880,"nome":"SUCCINATO DE DESVENLAFAXINA MONOIDRATADO","numeroRegistro":"146820070","tipo":{"codigo":1,"descricao":null},"categoria":null,"situacaoRotulo":null,"dataVencimento":null,"mesAnoVencimento":"022029","dataVencimentoRegistro":"2029-02-01T00:00:00.000-0300","principioAtivo":null,"situacaoApresentacao":"Caduco/Cancelado","dataRegistro":"2019-02-11T00:00:00.000-0300","categoriaRegulatoria":{"codigo":5,"descricao":"Genérico"},"medicamentoReferencia":"PRISTIQ","categoriaProduto":null,"tipoAutorizacao":"REGISTRADO","numeroRegistroFormatado":"146820070","mesAnoVencimentoFormatado":"02/2029","acancelar":false},"empresa":{"cnpj":"05035244000123","razaoSocial":"SUN FARMACÊUTICA DO BRASIL LTDA","numeroAutorizacao":"1046820","cnpjFormatado":"05.035.244/0001-23"},"processo":{"numero":"25351854335201829","situacao":29,"numeroProcessoFormatado":"25351.854335/2018-29"}},{"ordem":69,"produto":{"codigo":1296915,"nome":"SUKHI","numeroRegistro":"146820084","tipo":{"codigo":1,"descricao":null},"categoria":null,"situacaoRotulo":null,"dataVencimento":null,"mesAnoVencimento":"072029","dataVencimentoRegistro":"2029-07-01T00:00:00.000-0300","principioAtivo":"pemetrexede dissódico heptaidratado","situacaoApresentacao":"Válido","dataRegistro":"2019-07-15T00:00:00.000-0300","categoriaRegulatoria":{"codigo":8,"descricao":"Similar"},"medicamentoReferencia":"ALIMTA","categoriaProduto":null,"tipoAutorizacao":"REGISTRADO","numeroRegistroFormatado":"146820084","mesAnoVencimentoFormatado":"07/2029","acancelar":false},"empresa":{"cnpj":"05035244000123","razaoSocial":"SUN FARMACÊUTICA DO BRASIL LTDA","numeroAutorizacao":"1046820","cnpjFormatado":"05.035.244/0001-23"},"processo":{"numero":"25351726474201863","situacao":29,"numeroProcessoFormatado":"25351.726474/2018-63"}},{"ordem":70,"produto":{"codigo":3702502,"nome":"SUNAM","numeroRegistro":"146820115","tipo":{"codigo":1,"descricao":null},"categoria":null,"situacaoRotulo":null,"dataVencimento":"2034-04-29T00:00:00.000-0300","mesAnoVencimento":"042034","dataVencimentoRegistro":"2034-04-01T00:00:00.000-0300","principioAtivo":"SUGAMADEX SÓDICO","situacaoApresentacao":"Válido","dataRegistro":"2024-04-29T00:00:00.000-0300","categoriaRegulatoria":{"codigo":8,"descricao":"Similar"},"medicamentoReferencia":"BRIDION","categoriaProduto":null,"tipoAutorizacao":"REGISTRADO","numeroRegistroFormatado":"146820115","mesAnoVencimentoFormatado":"04/2034","acancelar":false},"empresa":{"cnpj":"05035244000123","razaoSocial":"SUN FARMACÊUTICA DO BRASIL LTDA","numeroAutorizacao":"1046820","cnpjFormatado":"05.035.244/0001-23"},"processo":{"numero":"25351064271202410","situacao":29,"numeroProcessoFormatado":"25351.064271/2024-10"}},{"ordem":71,"produto":{"codigo":165059,"nome":"TEKADIN","numeroRegistro":"146820011","tipo":{"codigo":1,"descricao":null},"categoria":null,"situacaoRotulo":null,"dataVencimento":null,"mesAnoVencimento":"112017","dataVencimentoRegistro":"2017-11-01T00:00:00.000-0300","principioAtivo":null,"situacaoApresentacao":"Caduco/Cancelado","dataRegistro":"2002-11-28T00:00:00.000-0300","categoriaRegulatoria":{"codigo":8,"descricao":"Similar"},"medicamentoReferencia":null,"categoriaProduto":null,"tipoAutorizacao":"REGISTRADO","numeroRegistroFormatado":"146820011","mesAnoVencimentoFormatado":"11/2017","acancelar":false},"empresa":{"cnpj":"05035244000123","razaoSocial":"SUN FARMACÊUTICA DO BRASIL LTDA","numeroAutorizacao":"1046820","cnpjFormatado":"05.035.244/0001-23"},"processo":{"numero":"253510278030199","situacao":29,"numeroProcessoFormatado":"25351.027803/01-99"}},{"ordem":72,"produto":{"codigo":519273,"nome":"TEKAFLEX","numeroRegistro":"146820014","tipo":{"codigo":1,"descricao":null},"categoria":null,"situacaoRotulo":null,"dataVencimento":null,"mesAnoVencimento":"122012","dataVencimentoRegistro":"2012-12-01T00:00:00.000-0300","principioAtivo":null,"situacaoApresentacao":"Caduco/Cancelado","dataRegistro":"2002-12-13T00:00:00.000-0300","categoriaRegulatoria":{"codigo":8,"descricao":"Similar"},"medicamentoReferencia":null,"categoriaProduto":null,"tipoAutorizacao":"REGISTRADO","numeroRegistroFormatado":"146820014","mesAnoVencimentoFormatado":"12/2012","acancelar":false},"empresa":{"cnpj":"05035244000123","razaoSocial":"SUN FARMACÊUTICA DO BRASIL LTDA","numeroAutorizacao":"1046820","cnpjFormatado":"05.035.244/0001-23"},"processo":{"numero":"253510386600103","situacao":29,"numeroProcessoFormatado":"25351.038660/01-03"}},{"ordem":73,"produto":{"codigo":70474,"nome":"TEKASAN","numeroRegistro":"146820005","tipo":{"codigo":1,"descricao":null},"categoria":null,"situacaoRotulo":null,"dataVencimento":null,"mesAnoVencimento":"092011","dataVencimentoRegistro":"2011-09-01T00:00:00.000-0300","principioAtivo":null,"situacaoApresentacao":"Caduco/Cancelado","dataRegistro":"2001-09-21T00:00:00.000-0300","categoriaRegulatoria":{"codigo":4,"descricao":"Fitoterápico"},"medicamentoReferencia":null,"categoriaProduto":null,"tipoAutorizacao":"REGISTRADO","numeroRegistroFormatado":"146820005","mesAnoVencimentoFormatado":"09/2011","acancelar":false},"empresa":{"cnpj":"05035244000123","razaoSocial":"SUN FARMACÊUTICA DO BRASIL LTDA","numeroAutorizacao":"1046820","cnpjFormatado":"05.035.244/0001-23"},"processo":{"numero":"253510092560015","situacao":29,"numeroProcessoFormatado":"25351.009256/00-15"}},{"ordem":74,"produto":{"codigo":1054265,"nome":"TEMOZOD","numeroRegistro":"146820043","tipo":{"codigo":1,"descricao":null},"categoria":null,"situacaoRotulo":null,"dataVencimento":null,"mesAnoVencimento":"072025","dataVencimentoRegistro":"2025-07-01T00:00:00.000-0300","principioAtivo":"TEMOZOLOMIDA","situacaoApresentacao":"Válido","dataRegistro":"2015-07-20T00:00:00.000-0300","categoriaRegulatoria":{"codigo":8,"descricao":"Similar"},"medicamentoReferencia":"TEMODAL","categoriaProduto":null,"tipoAutorizacao":"REGISTRADO","numeroRegistroFormatado":"146820043","mesAnoVencimentoFormatado":"07/2025","acancelar":false},"empresa":{"cnpj":"05035244000123","razaoSocial":"SUN FARMACÊUTICA DO BRASIL LTDA","numeroAutorizacao":"1046820","cnpjFormatado":"05.035.244/0001-23"},"processo":{"numero":"25351542403201390","situacao":29,"numeroProcessoFormatado":"25351.542403/2013-90"}},{"ordem":75,"produto":{"codigo":1314730,"nome":"TILUMUS","numeroRegistro":"146820104","tipo":{"codigo":1,"descricao":null},"categoria":null,"situacaoRotulo":null,"dataVencimento":null,"mesAnoVencimento":"112031","dataVencimentoRegistro":"2031-11-01T00:00:00.000-0300","principioAtivo":"LATANOPROSTA, MALEATO DE TIMOLOL","situacaoApresentacao":"Válido","dataRegistro":"2021-11-03T00:00:00.000-0300","categoriaRegulatoria":{"codigo":8,"descricao":"Similar"},"medicamentoReferencia":"Xalacom","categoriaProduto":null,"tipoAutorizacao":"REGISTRADO","numeroRegistroFormatado":"146820104","mesAnoVencimentoFormatado":"11/2031","acancelar":false},"empresa":{"cnpj":"05035244000123","razaoSocial":"SUN FARMACÊUTICA DO BRASIL LTDA","numeroAutorizacao":"1046820","cnpjFormatado":"05.035.244/0001-23"},"processo":{"numero":"25351184329201983","situacao":29,"numeroProcessoFormatado":"25351.184329/2019-83"}},{"ordem":76,"produto":{"codigo":70772,"nome":"TRIENZIN","numeroRegistro":"146820001","tipo":{"codigo":1,"descricao":null},"categoria":null,"situacaoRotulo":null,"dataVencimento":null,"mesAnoVencimento":"112005","dataVencimentoRegistro":"2005-11-01T00:00:00.000-0300","principioAtivo":null,"situacaoApresentacao":"Caduco/Cancelado","dataRegistro":"2000-11-28T00:00:00.000-0300","categoriaRegulatoria":{"codigo":8,"descricao":"Similar"},"medicamentoReferencia":null,"categoriaProduto":null,"tipoAutorizacao":"REGISTRADO","numeroRegistroFormatado":"146820001","mesAnoVencimentoFormatado":"11/2005","acancelar":false},"empresa":{"cnpj":"05035244000123","razaoSocial":"SUN FARMACÊUTICA DO BRASIL LTDA","numeroAutorizacao":"1046820","cnpjFormatado":"05.035.244/0001-23"},"processo":{"numero":"253510118530037","situacao":29,"numeroProcessoFormatado":"25351.011853/00-37"}},{"ordem":77,"produto":{"codigo":1266326,"nome":"VEERE","numeroRegistro":"146820090","tipo":{"codigo":1,"descricao":null},"categoria":null,"situacaoRotulo":null,"dataVencimento":null,"mesAnoVencimento":"062030","dataVencimentoRegistro":"2030-06-01T00:00:00.000-0300","principioAtivo":null,"situacaoApresentacao":"Caduco/Cancelado","dataRegistro":"2020-06-08T00:00:00.000-0300","categoriaRegulatoria":{"codigo":3,"descricao":"Específico"},"medicamentoReferencia":null,"categoriaProduto":null,"tipoAutorizacao":"REGISTRADO","numeroRegistroFormatado":"146820090","mesAnoVencimentoFormatado":"06/2030","acancelar":false},"empresa":{"cnpj":"05035244000123","razaoSocial":"SUN FARMACÊUTICA DO BRASIL LTDA","numeroAutorizacao":"1046820","cnpjFormatado":"05.035.244/0001-23"},"processo":{"numero":"25351412383201843","situacao":29,"numeroProcessoFormatado":"25351.412383/2018-43"}},{"ordem":78,"produto":{"codigo":125990,"nome":"VENALAPRIL","numeroRegistro":"146820006","tipo":{"codigo":1,"descricao":null},"categoria":null,"situacaoRotulo":null,"dataVencimento":null,"mesAnoVencimento":"042012","dataVencimentoRegistro":"2012-04-01T00:00:00.000-0300","principioAtivo":null,"situacaoApresentacao":"Caduco/Cancelado","dataRegistro":"2002-04-18T00:00:00.000-0300","categoriaRegulatoria":{"codigo":8,"descricao":"Similar"},"medicamentoReferencia":null,"categoriaProduto":null,"tipoAutorizacao":"REGISTRADO","numeroRegistroFormatado":"146820006","mesAnoVencimentoFormatado":"04/2012","acancelar":false},"empresa":{"cnpj":"05035244000123","razaoSocial":"SUN FARMACÊUTICA DO BRASIL LTDA","numeroAutorizacao":"1046820","cnpjFormatado":"05.035.244/0001-23"},"processo":{"numero":"253510278020126","situacao":29,"numeroProcessoFormatado":"25351.027802/01-26"}},{"ordem":79,"produto":{"codigo":862320,"nome":"VENIZ XR","numeroRegistro":"146820036","tipo":{"codigo":1,"descricao":null},"categoria":null,"situacaoRotulo":null,"dataVencimento":null,"mesAnoVencimento":"112029","dataVencimentoRegistro":"2029-11-01T00:00:00.000-0300","principioAtivo":"CLORIDRATO DE VENLAFAXINA","situacaoApresentacao":"Válido","dataRegistro":"2014-11-03T00:00:00.000-0300","categoriaRegulatoria":{"codigo":6,"descricao":"Novo"},"medicamentoReferencia":null,"categoriaProduto":null,"tipoAutorizacao":"REGISTRADO","numeroRegistroFormatado":"146820036","mesAnoVencimentoFormatado":"11/2029","acancelar":false},"empresa":{"cnpj":"05035244000123","razaoSocial":"SUN FARMACÊUTICA DO BRASIL LTDA","numeroAutorizacao":"1046820","cnpjFormatado":"05.035.244/0001-23"},"processo":{"numero":"25351569579201211","situacao":29,"numeroProcessoFormatado":"25351.569579/2012-11"}},{"ordem":80,"produto":{"codigo":141085,"nome":"VENOPRESSIN","numeroRegistro":"146820009","tipo":{"codigo":1,"descricao":null},"categoria":null,"situacaoRotulo":null,"dataVencimento":null,"mesAnoVencimento":"092027","dataVencimentoRegistro":"2027-09-01T00:00:00.000-0300","principioAtivo":null,"situacaoApresentacao":"Caduco/Cancelado","dataRegistro":"2002-09-12T00:00:00.000-0300","categoriaRegulatoria":{"codigo":8,"descricao":"Similar"},"medicamentoReferencia":null,"categoriaProduto":null,"tipoAutorizacao":"REGISTRADO","numeroRegistroFormatado":"146820009","mesAnoVencimentoFormatado":"09/2027","acancelar":false},"empresa":{"cnpj":"05035244000123","razaoSocial":"SUN FARMACÊUTICA DO BRASIL LTDA","numeroAutorizacao":"1046820","cnpjFormatado":"05.035.244/0001-23"},"processo":{"numero":"253510277990113","situacao":29,"numeroProcessoFormatado":"25351.027799/01-13"}},{"ordem":81,"produto":{"codigo":705104,"nome":"VERTIBET","numeroRegistro":"146820055","tipo":{"codigo":1,"descricao":null},"categoria":null,"situacaoRotulo":null,"dataVencimento":"2027-06-11T00:00:00.000-0300","mesAnoVencimento":"062027","dataVencimentoRegistro":"2027-06-01T00:00:00.000-0300","principioAtivo":null,"situacaoApresentacao":"Caduco/Cancelado","dataRegistro":"2017-06-26T00:00:00.000-0300","categoriaRegulatoria":{"codigo":8,"descricao":"Similar"},"medicamentoReferencia":"LABIRIN","categoriaProduto":null,"tipoAutorizacao":"REGISTRADO","numeroRegistroFormatado":"146820055","mesAnoVencimentoFormatado":"06/2027","acancelar":false},"empresa":{"cnpj":"05035244000123","razaoSocial":"SUN FARMACÊUTICA DO BRASIL LTDA","numeroAutorizacao":"1046820","cnpjFormatado":"05.035.244/0001-23"},"processo":{"numero":"25351428604201084","situacao":29,"numeroProcessoFormatado":"25351.428604/2010-84"}},{"ordem":82,"produto":{"codigo":796007,"nome":"ZOBONE","numeroRegistro":"146820033","tipo":{"codigo":1,"descricao":null},"categoria":null,"situacaoRotulo":null,"dataVencimento":null,"mesAnoVencimento":"052028","dataVencimentoRegistro":"2028-05-01T00:00:00.000-0300","principioAtivo":null,"situacaoApresentacao":"Caduco/Cancelado","dataRegistro":"2013-05-03T00:00:00.000-0300","categoriaRegulatoria":{"codigo":8,"descricao":"Similar"},"medicamentoReferencia":"BLAZTERE","categoriaProduto":null,"tipoAutorizacao":"REGISTRADO","numeroRegistroFormatado":"146820033","mesAnoVencimentoFormatado":"05/2028","acancelar":false},"empresa":{"cnpj":"05035244000123","razaoSocial":"SUN FARMACÊUTICA DO BRASIL LTDA","numeroAutorizacao":"1046820","cnpjFormatado":"05.035.244/0001-23"},"processo":{"numero":"25351686830201111","situacao":29,"numeroProcessoFormatado":"25351.686830/2011-11"}},{"ordem":83,"produto":{"codigo":1273916,"nome":"ZOMI","numeroRegistro":"146820081","tipo":{"codigo":1,"descricao":null},"categoria":null,"situacaoRotulo":null,"dataVencimento":null,"mesAnoVencimento":"052029","dataVencimentoRegistro":"2029-05-01T00:00:00.000-0300","principioAtivo":"BORTEZOMIBE","situacaoApresentacao":"Válido","dataRegistro":"2019-05-06T00:00:00.000-0300","categoriaRegulatoria":{"codigo":8,"descricao":"Similar"},"medicamentoReferencia":"VELCADE","categoriaProduto":null,"tipoAutorizacao":"REGISTRADO","numeroRegistroFormatado":"146820081","mesAnoVencimentoFormatado":"05/2029","acancelar":false},"empresa":{"cnpj":"05035244000123","razaoSocial":"SUN FARMACÊUTICA DO BRASIL LTDA","numeroAutorizacao":"1046820","cnpjFormatado":"05.035.244/0001-23"},"processo":{"numero":"25351315273201834","situacao":29,"numeroProcessoFormatado":"25351.315273/2018-34"}},{"ordem":84,"produto":{"codigo":1162599,"nome":"acetato de abiraterona","numeroRegistro":"146820068","tipo":{"codigo":1,"descricao":null},"categoria":null,"situacaoRotulo":null,"dataVencimento":null,"mesAnoVencimento":"092028","dataVencimentoRegistro":"2028-09-01T00:00:00.000-0300","principioAtivo":"acetato de abiraterona","situacaoApresentacao":"Válido","dataRegistro":"2018-09-03T00:00:00.000-0300","categoriaRegulatoria":{"codigo":5,"descricao":"Genérico"},"medicamentoReferencia":"Zytiga","categoriaProduto":null,"tipoAutorizacao":"REGISTRADO","numeroRegistroFormatado":"146820068","mesAnoVencimentoFormatado":"09/2028","acancelar":false},"empresa":{"cnpj":"05035244000123","razaoSocial":"SUN FARMACÊUTICA DO BRASIL LTDA","numeroAutorizacao":"1046820","cnpjFormatado":"05.035.244/0001-23"},"processo":{"numero":"25351178175201731","situacao":29,"numeroProcessoFormatado":"25351.178175/2017-31"}},{"ordem":85,"produto":{"codigo":1265351,"nome":"acetato de octreotida","numeroRegistro":"146820064","tipo":{"codigo":1,"descricao":null},"categoria":null,"situacaoRotulo":null,"dataVencimento":null,"mesAnoVencimento":"082028","dataVencimentoRegistro":"2028-08-01T00:00:00.000-0300","principioAtivo":null,"situacaoApresentacao":"Caduco/Cancelado","dataRegistro":"2018-08-06T00:00:00.000-0300","categoriaRegulatoria":{"codigo":5,"descricao":"Genérico"},"medicamentoReferencia":"SANDOSTATIN","categoriaProduto":null,"tipoAutorizacao":"REGISTRADO","numeroRegistroFormatado":"146820064","mesAnoVencimentoFormatado":"08/2028","acancelar":false},"empresa":{"cnpj":"05035244000123","razaoSocial":"SUN FARMACÊUTICA DO BRASIL LTDA","numeroAutorizacao":"1046820","cnpjFormatado":"05.035.244/0001-23"},"processo":{"numero":"25351267062201616","situacao":29,"numeroProcessoFormatado":"25351.267062/2016-16"}},{"ordem":86,"produto":{"codigo":742070,"nome":"acetato de octreotida","numeroRegistro":"146820024","tipo":{"codigo":1,"descricao":null},"categoria":null,"situacaoRotulo":null,"dataVencimento":null,"mesAnoVencimento":"072016","dataVencimentoRegistro":"2016-07-01T00:00:00.000-0300","principioAtivo":null,"situacaoApresentacao":"Caduco/Cancelado","dataRegistro":"2011-03-21T00:00:00.000-0300","categoriaRegulatoria":{"codigo":null,"descricao":null},"medicamentoReferencia":"SANDOSTATIN®","categoriaProduto":null,"tipoAutorizacao":"REGISTRADO","numeroRegistroFormatado":"146820024","mesAnoVencimentoFormatado":"07/2016","acancelar":false},"empresa":{"cnpj":"05035244000123","razaoSocial":"SUN FARMACÊUTICA DO BRASIL LTDA","numeroAutorizacao":"1046820","cnpjFormatado":"05.035.244/0001-23"},"processo":{"numero":"25351760855201021","situacao":29,"numeroProcessoFormatado":"25351.760855/2010-21"}},{"ordem":87,"produto":{"codigo":1308758,"nome":"anastrozol","numeroRegistro":"146820077","tipo":{"codigo":1,"descricao":null},"categoria":null,"situacaoRotulo":null,"dataVencimento":null,"mesAnoVencimento":"032029","dataVencimentoRegistro":"2029-03-01T00:00:00.000-0300","principioAtivo":"ANASTROZOL","situacaoApresentacao":"Válido","dataRegistro":"2019-03-18T00:00:00.000-0300","categoriaRegulatoria":{"codigo":5,"descricao":"Genérico"},"medicamentoReferencia":"ARIMIDEX","categoriaProduto":null,"tipoAutorizacao":"REGISTRADO","numeroRegistroFormatado":"146820077","mesAnoVencimentoFormatado":"03/2029","acancelar":false},"empresa":{"cnpj":"05035244000123","razaoSocial":"SUN FARMACÊUTICA DO BRASIL LTDA","numeroAutorizacao":"1046820","cnpjFormatado":"05.035.244/0001-23"},"processo":{"numero":"25351675121201898","situacao":29,"numeroProcessoFormatado":"25351.675121/2018-98"}},{"ordem":88,"produto":{"codigo":1243821,"nome":"axetilcefuroxima","numeroRegistro":"146820099","tipo":{"codigo":1,"descricao":null},"categoria":null,"situacaoRotulo":null,"dataVencimento":null,"mesAnoVencimento":"122030","dataVencimentoRegistro":"2030-12-01T00:00:00.000-0300","principioAtivo":"AXETILCEFUROXIMA","situacaoApresentacao":"Válido","dataRegistro":"2020-12-21T00:00:00.000-0300","categoriaRegulatoria":{"codigo":5,"descricao":"Genérico"},"medicamentoReferencia":"ZINNAT","categoriaProduto":null,"tipoAutorizacao":"REGISTRADO","numeroRegistroFormatado":"146820099","mesAnoVencimentoFormatado":"12/2030","acancelar":false},"empresa":{"cnpj":"05035244000123","razaoSocial":"SUN FARMACÊUTICA DO BRASIL LTDA","numeroAutorizacao":"1046820","cnpjFormatado":"05.035.244/0001-23"},"processo":{"numero":"25351177482201873","situacao":29,"numeroProcessoFormatado":"25351.177482/2018-73"}},{"ordem":89,"produto":{"codigo":1243560,"nome":"cabergolina","numeroRegistro":"146820083","tipo":{"codigo":1,"descricao":null},"categoria":null,"situacaoRotulo":null,"dataVencimento":null,"mesAnoVencimento":"062029","dataVencimentoRegistro":"2029-06-01T00:00:00.000-0300","principioAtivo":"CABERGOLINA","situacaoApresentacao":"Válido","dataRegistro":"2019-06-10T00:00:00.000-0300","categoriaRegulatoria":{"codigo":5,"descricao":"Genérico"},"medicamentoReferencia":"Dostinex","categoriaProduto":null,"tipoAutorizacao":"REGISTRADO","numeroRegistroFormatado":"146820083","mesAnoVencimentoFormatado":"06/2029","acancelar":false},"empresa":{"cnpj":"05035244000123","razaoSocial":"SUN FARMACÊUTICA DO BRASIL LTDA","numeroAutorizacao":"1046820","cnpjFormatado":"05.035.244/0001-23"},"processo":{"numero":"25351177473201882","situacao":29,"numeroProcessoFormatado":"25351.177473/2018-82"}},{"ordem":90,"produto":{"codigo":1178652,"nome":"cloridrato de moxifloxacino","numeroRegistro":"146820058","tipo":{"codigo":1,"descricao":null},"categoria":null,"situacaoRotulo":null,"dataVencimento":null,"mesAnoVencimento":"072027","dataVencimentoRegistro":"2027-07-01T00:00:00.000-0300","principioAtivo":null,"situacaoApresentacao":"Caduco/Cancelado","dataRegistro":"2017-07-17T00:00:00.000-0300","categoriaRegulatoria":{"codigo":5,"descricao":"Genérico"},"medicamentoReferencia":"AVALOX","categoriaProduto":null,"tipoAutorizacao":"REGISTRADO","numeroRegistroFormatado":"146820058","mesAnoVencimentoFormatado":"07/2027","acancelar":false},"empresa":{"cnpj":"05035244000123","razaoSocial":"SUN FARMACÊUTICA DO BRASIL LTDA","numeroAutorizacao":"1046820","cnpjFormatado":"05.035.244/0001-23"},"processo":{"numero":"25351322628201761","situacao":29,"numeroProcessoFormatado":"25351.322628/2017-61"}},{"ordem":91,"produto":{"codigo":943524,"nome":"decitabina","numeroRegistro":"146820069","tipo":{"codigo":1,"descricao":null},"categoria":null,"situacaoRotulo":null,"dataVencimento":null,"mesAnoVencimento":"102028","dataVencimentoRegistro":"2028-10-01T00:00:00.000-0300","principioAtivo":"DECITABINA","situacaoApresentacao":"Válido","dataRegistro":"2018-10-22T00:00:00.000-0300","categoriaRegulatoria":{"codigo":5,"descricao":"Genérico"},"medicamentoReferencia":"DACOGEN","categoriaProduto":null,"tipoAutorizacao":"REGISTRADO","numeroRegistroFormatado":"146820069","mesAnoVencimentoFormatado":"10/2028","acancelar":false},"empresa":{"cnpj":"05035244000123","razaoSocial":"SUN FARMACÊUTICA DO BRASIL LTDA","numeroAutorizacao":"1046820","cnpjFormatado":"05.035.244/0001-23"},"processo":{"numero":"25351067583201480","situacao":29,"numeroProcessoFormatado":"25351.067583/2014-80"}},{"ordem":92,"produto":{"codigo":1408045,"nome":"esilato de nintedanibe","numeroRegistro":"146820105","tipo":{"codigo":1,"descricao":null},"categoria":null,"situacaoRotulo":null,"dataVencimento":null,"mesAnoVencimento":"112031","dataVencimentoRegistro":"2031-11-01T00:00:00.000-0300","principioAtivo":"esilato de nintedanibe","situacaoApresentacao":"Válido","dataRegistro":"2021-11-29T00:00:00.000-0300","categoriaRegulatoria":{"codigo":5,"descricao":"Genérico"},"medicamentoReferencia":"OFEV","categoriaProduto":null,"tipoAutorizacao":"REGISTRADO","numeroRegistroFormatado":"146820105","mesAnoVencimentoFormatado":"11/2031","acancelar":false},"empresa":{"cnpj":"05035244000123","razaoSocial":"SUN FARMACÊUTICA DO BRASIL LTDA","numeroAutorizacao":"1046820","cnpjFormatado":"05.035.244/0001-23"},"processo":{"numero":"25351345738202004","situacao":29,"numeroProcessoFormatado":"25351.345738/2020-04"}},{"ordem":93,"produto":{"codigo":1113301,"nome":"exemestano","numeroRegistro":"146820066","tipo":{"codigo":1,"descricao":null},"categoria":null,"situacaoRotulo":null,"dataVencimento":null,"mesAnoVencimento":"082028","dataVencimentoRegistro":"2028-08-01T00:00:00.000-0300","principioAtivo":"EXEMESTANO","situacaoApresentacao":"Válido","dataRegistro":"2018-08-06T00:00:00.000-0300","categoriaRegulatoria":{"codigo":5,"descricao":"Genérico"},"medicamentoReferencia":"AROMASIN","categoriaProduto":null,"tipoAutorizacao":"REGISTRADO","numeroRegistroFormatado":"146820066","mesAnoVencimentoFormatado":"08/2028","acancelar":false},"empresa":{"cnpj":"05035244000123","razaoSocial":"SUN FARMACÊUTICA DO BRASIL LTDA","numeroAutorizacao":"1046820","cnpjFormatado":"05.035.244/0001-23"},"processo":{"numero":"25351184010201614","situacao":29,"numeroProcessoFormatado":"25351.184010/2016-14"}},{"ordem":94,"produto":{"codigo":2493755,"nome":"fosfato de sitagliptina","numeroRegistro":"146820109","tipo":{"codigo":1,"descricao":null},"categoria":null,"situacaoRotulo":null,"dataVencimento":null,"mesAnoVencimento":null,"dataVencimentoRegistro":null,"principioAtivo":"FOSFATO DE SITAGLIPTINA","situacaoApresentacao":"Válido","dataRegistro":"2023-07-25T00:00:00.000-0300","categoriaRegulatoria":{"codigo":5,"descricao":"Genérico"},"medicamentoReferencia":"JANUVIA","categoriaProduto":null,"tipoAutorizacao":"REGISTRADO","numeroRegistroFormatado":"146820109","mesAnoVencimentoFormatado":"","acancelar":false},"empresa":{"cnpj":"05035244000123","razaoSocial":"SUN FARMACÊUTICA DO BRASIL LTDA","numeroAutorizacao":"1046820","cnpjFormatado":"05.035.244/0001-23"},"processo":{"numero":"25351050105202193","situacao":29,"numeroProcessoFormatado":"25351.050105/2021-93"}},{"ordem":95,"produto":{"codigo":1225987,"nome":"letrozol","numeroRegistro":"146820060","tipo":{"codigo":1,"descricao":null},"categoria":null,"situacaoRotulo":null,"dataVencimento":null,"mesAnoVencimento":"012028","dataVencimentoRegistro":"2028-01-01T00:00:00.000-0300","principioAtivo":"LETROZOL","situacaoApresentacao":"Válido","dataRegistro":"2018-01-15T00:00:00.000-0300","categoriaRegulatoria":{"codigo":5,"descricao":"Genérico"},"medicamentoReferencia":"FEMARA","categoriaProduto":null,"tipoAutorizacao":"REGISTRADO","numeroRegistroFormatado":"146820060","mesAnoVencimentoFormatado":"01/2028","acancelar":false},"empresa":{"cnpj":"05035244000123","razaoSocial":"SUN FARMACÊUTICA DO BRASIL LTDA","numeroAutorizacao":"1046820","cnpjFormatado":"05.035.244/0001-23"},"processo":{"numero":"25351595216201748","situacao":29,"numeroProcessoFormatado":"25351.595216/2017-48"}},{"ordem":96,"produto":{"codigo":915242,"nome":"levonorgestrel","numeroRegistro":"146820089","tipo":{"codigo":1,"descricao":null},"categoria":null,"situacaoRotulo":null,"dataVencimento":null,"mesAnoVencimento":"022030","dataVencimentoRegistro":"2030-02-01T00:00:00.000-0300","principioAtivo":"LEVONORGESTREL","situacaoApresentacao":"Válido","dataRegistro":"2020-02-17T00:00:00.000-0300","categoriaRegulatoria":{"codigo":5,"descricao":"Genérico"},"medicamentoReferencia":"Postinor®","categoriaProduto":null,"tipoAutorizacao":"REGISTRADO","numeroRegistroFormatado":"146820089","mesAnoVencimentoFormatado":"02/2030","acancelar":false},"empresa":{"cnpj":"05035244000123","razaoSocial":"SUN FARMACÊUTICA DO BRASIL LTDA","numeroAutorizacao":"1046820","cnpjFormatado":"05.035.244/0001-23"},"processo":{"numero":"25351510219201382","situacao":29,"numeroProcessoFormatado":"25351.510219/2013-82"}},{"ordem":97,"produto":{"codigo":951708,"nome":"levonorgestrel + etinilestradiol","numeroRegistro":"146820088","tipo":{"codigo":1,"descricao":null},"categoria":null,"situacaoRotulo":null,"dataVencimento":null,"mesAnoVencimento":"122029","dataVencimentoRegistro":"2029-12-01T00:00:00.000-0300","principioAtivo":null,"situacaoApresentacao":"Caduco/Cancelado","dataRegistro":"2019-12-23T00:00:00.000-0300","categoriaRegulatoria":{"codigo":5,"descricao":"Genérico"},"medicamentoReferencia":"NORDETTE","categoriaProduto":null,"tipoAutorizacao":"REGISTRADO","numeroRegistroFormatado":"146820088","mesAnoVencimentoFormatado":"12/2029","acancelar":false},"empresa":{"cnpj":"05035244000123","razaoSocial":"SUN FARMACÊUTICA DO BRASIL LTDA","numeroAutorizacao":"1046820","cnpjFormatado":"05.035.244/0001-23"},"processo":{"numero":"25351177550201410","situacao":29,"numeroProcessoFormatado":"25351.177550/2014-10"}},{"ordem":98,"produto":{"codigo":1178654,"nome":"linezolida","numeroRegistro":"146820057","tipo":{"codigo":1,"descricao":null},"categoria":null,"situacaoRotulo":null,"dataVencimento":null,"mesAnoVencimento":"072027","dataVencimentoRegistro":"2027-07-01T00:00:00.000-0300","principioAtivo":null,"situacaoApresentacao":"Caduco/Cancelado","dataRegistro":"2017-07-17T00:00:00.000-0300","categoriaRegulatoria":{"codigo":5,"descricao":"Genérico"},"medicamentoReferencia":"Zyvox","categoriaProduto":null,"tipoAutorizacao":"REGISTRADO","numeroRegistroFormatado":"146820057","mesAnoVencimentoFormatado":"07/2027","acancelar":false},"empresa":{"cnpj":"05035244000123","razaoSocial":"SUN FARMACÊUTICA DO BRASIL LTDA","numeroAutorizacao":"1046820","cnpjFormatado":"05.035.244/0001-23"},"processo":{"numero":"25351322575201788","situacao":29,"numeroProcessoFormatado":"25351.322575/2017-88"}},{"ordem":99,"produto":{"codigo":1427148,"nome":"mesilato de imatinibe","numeroRegistro":"146820096","tipo":{"codigo":1,"descricao":null},"categoria":null,"situacaoRotulo":null,"dataVencimento":null,"mesAnoVencimento":"082030","dataVencimentoRegistro":"2030-08-01T00:00:00.000-0300","principioAtivo":"MESILATO DE IMATINIBE","situacaoApresentacao":"Válido","dataRegistro":"2020-08-03T00:00:00.000-0300","categoriaRegulatoria":{"codigo":5,"descricao":"Genérico"},"medicamentoReferencia":"GLIVEC","categoriaProduto":null,"tipoAutorizacao":"REGISTRADO","numeroRegistroFormatado":"146820096","mesAnoVencimentoFormatado":"08/2030","acancelar":false},"empresa":{"cnpj":"05035244000123","razaoSocial":"SUN FARMACÊUTICA DO BRASIL LTDA","numeroAutorizacao":"1046820","cnpjFormatado":"05.035.244/0001-23"},"processo":{"numero":"25351334878202049","situacao":29,"numeroProcessoFormatado":"25351.334878/2020-49"}},{"ordem":100,"produto":{"codigo":3582425,"nome":"mesilato de lenvatinibe","numeroRegistro":"146820111","tipo":{"codigo":1,"descricao":null},"categoria":null,"situacaoRotulo":null,"dataVencimento":"2033-10-19T00:00:00.000-0300","mesAnoVencimento":"102033","dataVencimentoRegistro":"2033-10-01T00:00:00.000-0300","principioAtivo":"mesilato de lenvatinibe","situacaoApresentacao":"Válido","dataRegistro":"2023-10-19T00:00:00.000-0300","categoriaRegulatoria":{"codigo":5,"descricao":"Genérico"},"medicamentoReferencia":"LENVIMA","categoriaProduto":null,"tipoAutorizacao":"REGISTRADO","numeroRegistroFormatado":"146820111","mesAnoVencimentoFormatado":"10/2033","acancelar":false},"empresa":{"cnpj":"05035244000123","razaoSocial":"SUN FARMACÊUTICA DO BRASIL LTDA","numeroAutorizacao":"1046820","cnpjFormatado":"05.035.244/0001-23"},"processo":{"numero":"25351574683202200","situacao":29,"numeroProcessoFormatado":"25351.574683/2022-00"}},{"ordem":101,"produto":{"codigo":1155962,"nome":"mirtazapina","numeroRegistro":"146820053","tipo":{"codigo":1,"descricao":null},"categoria":null,"situacaoRotulo":null,"dataVencimento":null,"mesAnoVencimento":"042022","dataVencimentoRegistro":"2022-04-01T00:00:00.000-0300","principioAtivo":null,"situacaoApresentacao":"Caduco/Cancelado","dataRegistro":"2017-04-17T00:00:00.000-0300","categoriaRegulatoria":{"codigo":5,"descricao":"Genérico"},"medicamentoReferencia":"MIRTAZAPINA, M.S. 1.0047.0462, SANDOZ DO BRASIL","categoriaProduto":null,"tipoAutorizacao":"REGISTRADO","numeroRegistroFormatado":"146820053","mesAnoVencimentoFormatado":"04/2022","acancelar":false},"empresa":{"cnpj":"05035244000123","razaoSocial":"SUN FARMACÊUTICA DO BRASIL LTDA","numeroAutorizacao":"1046820","cnpjFormatado":"05.035.244/0001-23"},"processo":{"numero":"25351114717201735","situacao":29,"numeroProcessoFormatado":"25351.114717/2017-35"}},{"ordem":102,"produto":{"codigo":1266938,"nome":"montelucaste de sódio","numeroRegistro":"146820100","tipo":{"codigo":1,"descricao":null},"categoria":null,"situacaoRotulo":null,"dataVencimento":null,"mesAnoVencimento":"122030","dataVencimentoRegistro":"2030-12-01T00:00:00.000-0300","principioAtivo":null,"situacaoApresentacao":"Caduco/Cancelado","dataRegistro":"2020-12-21T00:00:00.000-0300","categoriaRegulatoria":{"codigo":5,"descricao":"Genérico"},"medicamentoReferencia":"SINGULAIR","categoriaProduto":null,"tipoAutorizacao":"REGISTRADO","numeroRegistroFormatado":"146820100","mesAnoVencimentoFormatado":"12/2030","acancelar":false},"empresa":{"cnpj":"05035244000123","razaoSocial":"SUN FARMACÊUTICA DO BRASIL LTDA","numeroAutorizacao":"1046820","cnpjFormatado":"05.035.244/0001-23"},"processo":{"numero":"25351426182201823","situacao":29,"numeroProcessoFormatado":"25351.426182/2018-23"}},{"ordem":103,"produto":{"codigo":1267276,"nome":"montelucaste de sódio","numeroRegistro":"146820101","tipo":{"codigo":1,"descricao":null},"categoria":null,"situacaoRotulo":null,"dataVencimento":null,"mesAnoVencimento":"012031","dataVencimentoRegistro":"2031-01-01T00:00:00.000-0300","principioAtivo":null,"situacaoApresentacao":"Caduco/Cancelado","dataRegistro":"2021-01-25T00:00:00.000-0300","categoriaRegulatoria":{"codigo":5,"descricao":"Genérico"},"medicamentoReferencia":"SINGULAIR","categoriaProduto":null,"tipoAutorizacao":"REGISTRADO","numeroRegistroFormatado":"146820101","mesAnoVencimentoFormatado":"01/2031","acancelar":false},"empresa":{"cnpj":"05035244000123","razaoSocial":"SUN FARMACÊUTICA DO BRASIL LTDA","numeroAutorizacao":"1046820","cnpjFormatado":"05.035.244/0001-23"},"processo":{"numero":"25351426218201879","situacao":29,"numeroProcessoFormatado":"25351.426218/2018-79"}},{"ordem":104,"produto":{"codigo":1124606,"nome":"oxalato de escitalopram","numeroRegistro":"146820048","tipo":{"codigo":1,"descricao":null},"categoria":null,"situacaoRotulo":null,"dataVencimento":null,"mesAnoVencimento":"092026","dataVencimentoRegistro":"2026-09-01T00:00:00.000-0300","principioAtivo":"OXALATO DE ESCITALOPRAM","situacaoApresentacao":"Válido","dataRegistro":"2016-09-19T00:00:00.000-0300","categoriaRegulatoria":{"codigo":5,"descricao":"Genérico"},"medicamentoReferencia":"LEXAPRO","categoriaProduto":null,"tipoAutorizacao":"REGISTRADO","numeroRegistroFormatado":"146820048","mesAnoVencimentoFormatado":"09/2026","acancelar":false},"empresa":{"cnpj":"05035244000123","razaoSocial":"SUN FARMACÊUTICA DO BRASIL LTDA","numeroAutorizacao":"1046820","cnpjFormatado":"05.035.244/0001-23"},"processo":{"numero":"25351210909201691","situacao":29,"numeroProcessoFormatado":"25351.210909/2016-91"}},{"ordem":105,"produto":{"codigo":1130300,"nome":"pantoprazol","numeroRegistro":"146820052","tipo":{"codigo":1,"descricao":null},"categoria":null,"situacaoRotulo":null,"dataVencimento":null,"mesAnoVencimento":"102026","dataVencimentoRegistro":"2026-10-01T00:00:00.000-0300","principioAtivo":null,"situacaoApresentacao":"Caduco/Cancelado","dataRegistro":"2016-10-24T00:00:00.000-0300","categoriaRegulatoria":{"codigo":5,"descricao":"Genérico"},"medicamentoReferencia":"PANTOZOL","categoriaProduto":null,"tipoAutorizacao":"REGISTRADO","numeroRegistroFormatado":"146820052","mesAnoVencimentoFormatado":"10/2026","acancelar":false},"empresa":{"cnpj":"05035244000123","razaoSocial":"SUN FARMACÊUTICA DO BRASIL LTDA","numeroAutorizacao":"1046820","cnpjFormatado":"05.035.244/0001-23"},"processo":{"numero":"25351280591201613","situacao":29,"numeroProcessoFormatado":"25351.280591/2016-13"}},{"ordem":106,"produto":{"codigo":1405826,"nome":"pantoprazol sódico sesqui-hidratado","numeroRegistro":"146820095","tipo":{"codigo":1,"descricao":null},"categoria":null,"situacaoRotulo":null,"dataVencimento":null,"mesAnoVencimento":"082030","dataVencimentoRegistro":"2030-08-01T00:00:00.000-0300","principioAtivo":"PANTOPRAZOL SÓDICO SESQUI-HIDRATADO","situacaoApresentacao":"Válido","dataRegistro":"2020-08-03T00:00:00.000-0300","categoriaRegulatoria":{"codigo":5,"descricao":"Genérico"},"medicamentoReferencia":"PANTOZOL","categoriaProduto":null,"tipoAutorizacao":"REGISTRADO","numeroRegistroFormatado":"146820095","mesAnoVencimentoFormatado":"08/2030","acancelar":false},"empresa":{"cnpj":"05035244000123","razaoSocial":"SUN FARMACÊUTICA DO BRASIL LTDA","numeroAutorizacao":"1046820","cnpjFormatado":"05.035.244/0001-23"},"processo":{"numero":"25351126882202035","situacao":29,"numeroProcessoFormatado":"25351.126882/2020-35"}},{"ordem":107,"produto":{"codigo":953297,"nome":"pemetrexede dissodico","numeroRegistro":"146820076","tipo":{"codigo":1,"descricao":null},"categoria":null,"situacaoRotulo":null,"dataVencimento":null,"mesAnoVencimento":"032029","dataVencimentoRegistro":"2029-03-01T00:00:00.000-0300","principioAtivo":"pemetrexede dissódico heptaidratado","situacaoApresentacao":"Válido","dataRegistro":"2019-03-06T00:00:00.000-0300","categoriaRegulatoria":{"codigo":5,"descricao":"Genérico"},"medicamentoReferencia":"ALIMTA","categoriaProduto":null,"tipoAutorizacao":"REGISTRADO","numeroRegistroFormatado":"146820076","mesAnoVencimentoFormatado":"03/2029","acancelar":false},"empresa":{"cnpj":"05035244000123","razaoSocial":"SUN FARMACÊUTICA DO BRASIL LTDA","numeroAutorizacao":"1046820","cnpjFormatado":"05.035.244/0001-23"},"processo":{"numero":"25351204722201482","situacao":29,"numeroProcessoFormatado":"25351.204722/2014-82"}},{"ordem":108,"produto":{"codigo":2851496,"nome":"sugamadex sódico","numeroRegistro":"146820113","tipo":{"codigo":1,"descricao":null},"categoria":null,"situacaoRotulo":null,"dataVencimento":"2033-12-04T00:00:00.000-0300","mesAnoVencimento":"122033","dataVencimentoRegistro":"2033-12-01T00:00:00.000-0300","principioAtivo":"SUGAMADEX SÓDICO","situacaoApresentacao":"Válido","dataRegistro":"2023-12-04T00:00:00.000-0300","categoriaRegulatoria":{"codigo":5,"descricao":"Genérico"},"medicamentoReferencia":"BRIDION","categoriaProduto":null,"tipoAutorizacao":"REGISTRADO","numeroRegistroFormatado":"146820113","mesAnoVencimentoFormatado":"12/2033","acancelar":false},"empresa":{"cnpj":"05035244000123","razaoSocial":"SUN FARMACÊUTICA DO BRASIL LTDA","numeroAutorizacao":"1046820","cnpjFormatado":"05.035.244/0001-23"},"processo":{"numero":"25351035516202159","situacao":29,"numeroProcessoFormatado":"25351.035516/2021-59"}},{"ordem":109,"produto":{"codigo":1106996,"nome":"tadalafila","numeroRegistro":"146820103","tipo":{"codigo":1,"descricao":null},"categoria":null,"situacaoRotulo":null,"dataVencimento":null,"mesAnoVencimento":"022031","dataVencimentoRegistro":"2031-02-01T00:00:00.000-0300","principioAtivo":null,"situacaoApresentacao":"Caduco/Cancelado","dataRegistro":"2021-02-08T00:00:00.000-0300","categoriaRegulatoria":{"codigo":5,"descricao":"Genérico"},"medicamentoReferencia":"CIALIS","categoriaProduto":null,"tipoAutorizacao":"REGISTRADO","numeroRegistroFormatado":"146820103","mesAnoVencimentoFormatado":"02/2031","acancelar":false},"empresa":{"cnpj":"05035244000123","razaoSocial":"SUN FARMACÊUTICA DO BRASIL LTDA","numeroAutorizacao":"1046820","cnpjFormatado":"05.035.244/0001-23"},"processo":{"numero":"25351076273201653","situacao":29,"numeroProcessoFormatado":"25351.076273/2016-53"}},{"ordem":110,"produto":{"codigo":908512,"nome":"temozolomida","numeroRegistro":"146820039","tipo":{"codigo":1,"descricao":null},"categoria":null,"situacaoRotulo":null,"dataVencimento":null,"mesAnoVencimento":"032025","dataVencimentoRegistro":"2025-03-01T00:00:00.000-0300","principioAtivo":"TEMOZOLOMIDA","situacaoApresentacao":"Válido","dataRegistro":"2015-03-23T00:00:00.000-0300","categoriaRegulatoria":{"codigo":5,"descricao":"Genérico"},"medicamentoReferencia":"TEMODAL","categoriaProduto":null,"tipoAutorizacao":"REGISTRADO","numeroRegistroFormatado":"146820039","mesAnoVencimentoFormatado":"03/2025","acancelar":false},"empresa":{"cnpj":"05035244000123","razaoSocial":"SUN FARMACÊUTICA DO BRASIL LTDA","numeroAutorizacao":"1046820","cnpjFormatado":"05.035.244/0001-23"},"processo":{"numero":"25351441437201371","situacao":29,"numeroProcessoFormatado":"25351.441437/2013-71"}},{"ordem":111,"produto":{"codigo":1278365,"nome":"ácido ursodesoxicólico","numeroRegistro":"146820094","tipo":{"codigo":1,"descricao":null},"categoria":null,"situacaoRotulo":null,"dataVencimento":null,"mesAnoVencimento":"072030","dataVencimentoRegistro":"2030-07-01T00:00:00.000-0300","principioAtivo":null,"situacaoApresentacao":"Caduco/Cancelado","dataRegistro":"2020-07-06T00:00:00.000-0300","categoriaRegulatoria":{"codigo":5,"descricao":"Genérico"},"medicamentoReferencia":"Ursacol®","categoriaProduto":null,"tipoAutorizacao":"REGISTRADO","numeroRegistroFormatado":"146820094","mesAnoVencimentoFormatado":"07/2030","acancelar":false},"empresa":{"cnpj":"05035244000123","razaoSocial":"SUN FARMACÊUTICA DO BRASIL LTDA","numeroAutorizacao":"1046820","cnpjFormatado":"05.035.244/0001-23"},"processo":{"numero":"25351649704201863","situacao":29,"numeroProcessoFormatado":"25351.649704/2018-63"}},{"ordem":112,"produto":{"codigo":796006,"nome":"ácido zoledrônico","numeroRegistro":"146820032","tipo":{"codigo":1,"descricao":null},"categoria":null,"situacaoRotulo":null,"dataVencimento":null,"mesAnoVencimento":"022028","dataVencimentoRegistro":"2028-02-01T00:00:00.000-0300","principioAtivo":"ácido zoledrônico monoidratado","situacaoApresentacao":"Válido","dataRegistro":"2013-02-04T00:00:00.000-0300","categoriaRegulatoria":{"codigo":5,"descricao":"Genérico"},"medicamentoReferencia":"BLAZTERE","categoriaProduto":null,"tipoAutorizacao":"REGISTRADO","numeroRegistroFormatado":"146820032","mesAnoVencimentoFormatado":"02/2028","acancelar":false},"empresa":{"cnpj":"05035244000123","razaoSocial":"SUN FARMACÊUTICA DO BRASIL LTDA","numeroAutorizacao":"1046820","cnpjFormatado":"05.035.244/0001-23"},"processo":{"numero":"25351686804201172","situacao":29,"numeroProcessoFormatado":"25351.686804/2011-72"}}],"totalPages":1,"totalElements":112,"last":true,"numberOfElements":112,"first":true,"sort":null,"size":1000,"number":0}