{"content":[{"ordem":1,"produto":{"codigo":809325,"nome":"CLORIDRATO DE DAUNORRUBICINA","numeroRegistro":"159800019","tipo":{"codigo":1,"descricao":null},"categoria":null,"situacaoRotulo":null,"dataVencimento":null,"mesAnoVencimento":"122017","dataVencimentoRegistro":"2017-12-01T00:00:00.000-0300","principioAtivo":null,"situacaoApresentacao":"Caduco/Cancelado","dataRegistro":"2012-12-24T00:00:00.000-0300","categoriaRegulatoria":{"codigo":5,"descricao":"Genérico"},"medicamentoReferencia":"DAUNOBLASTINA","categoriaProduto":null,"tipoAutorizacao":"REGISTRADO","numeroRegistroFormatado":"159800019","mesAnoVencimentoFormatado":"12/2017","acancelar":false},"empresa":{"cnpj":"05042410000119","razaoSocial":"EVOLABIS PRODUTOS FARMACÊUTICOS LTDA","numeroAutorizacao":"1059806","cnpjFormatado":"05.042.410/0001-19"},"processo":{"numero":"25351063181201268","situacao":29,"numeroProcessoFormatado":"25351.063181/2012-68"}},{"ordem":2,"produto":{"codigo":270789,"nome":"EVOCARB","numeroRegistro":"104450134","tipo":{"codigo":1,"descricao":null},"categoria":null,"situacaoRotulo":null,"dataVencimento":null,"mesAnoVencimento":"072008","dataVencimentoRegistro":"2008-07-01T00:00:00.000-0300","principioAtivo":null,"situacaoApresentacao":"Caduco/Cancelado","dataRegistro":"2003-07-17T00:00:00.000-0300","categoriaRegulatoria":{"codigo":8,"descricao":"Similar"},"medicamentoReferencia":null,"categoriaProduto":null,"tipoAutorizacao":"REGISTRADO","numeroRegistroFormatado":"104450134","mesAnoVencimentoFormatado":"07/2008","acancelar":false},"empresa":{"cnpj":"05042410000119","razaoSocial":"EVOLABIS PRODUTOS FARMACÊUTICOS LTDA","numeroAutorizacao":"1059806","cnpjFormatado":"05.042.410/0001-19"},"processo":{"numero":"25351011605200328","situacao":29,"numeroProcessoFormatado":"25351.011605/2003-28"}},{"ordem":3,"produto":{"codigo":492558,"nome":"EVOCARB","numeroRegistro":"159800006","tipo":{"codigo":1,"descricao":null},"categoria":null,"situacaoRotulo":null,"dataVencimento":null,"mesAnoVencimento":"072018","dataVencimentoRegistro":"2018-07-01T00:00:00.000-0300","principioAtivo":null,"situacaoApresentacao":"Caduco/Cancelado","dataRegistro":"2007-01-02T00:00:00.000-0300","categoriaRegulatoria":{"codigo":null,"descricao":null},"medicamentoReferencia":null,"categoriaProduto":null,"tipoAutorizacao":"REGISTRADO","numeroRegistroFormatado":"159800006","mesAnoVencimentoFormatado":"07/2018","acancelar":false},"empresa":{"cnpj":"05042410000119","razaoSocial":"EVOLABIS PRODUTOS FARMACÊUTICOS LTDA","numeroAutorizacao":"1059806","cnpjFormatado":"05.042.410/0001-19"},"processo":{"numero":"25351109562200662","situacao":29,"numeroProcessoFormatado":"25351.109562/2006-62"}},{"ordem":4,"produto":{"codigo":488278,"nome":"EVOCICLO","numeroRegistro":"159800012","tipo":{"codigo":1,"descricao":null},"categoria":null,"situacaoRotulo":null,"dataVencimento":null,"mesAnoVencimento":"032017","dataVencimentoRegistro":"2017-03-01T00:00:00.000-0300","principioAtivo":null,"situacaoApresentacao":"Caduco/Cancelado","dataRegistro":"2007-03-19T00:00:00.000-0300","categoriaRegulatoria":{"codigo":8,"descricao":"Similar"},"medicamentoReferencia":null,"categoriaProduto":null,"tipoAutorizacao":"REGISTRADO","numeroRegistroFormatado":"159800012","mesAnoVencimentoFormatado":"03/2017","acancelar":false},"empresa":{"cnpj":"05042410000119","razaoSocial":"EVOLABIS PRODUTOS FARMACÊUTICOS LTDA","numeroAutorizacao":"1059806","cnpjFormatado":"05.042.410/0001-19"},"processo":{"numero":"25351275078200621","situacao":29,"numeroProcessoFormatado":"25351.275078/2006-21"}},{"ordem":5,"produto":{"codigo":478109,"nome":"EVOCINA","numeroRegistro":"159800010","tipo":{"codigo":1,"descricao":null},"categoria":null,"situacaoRotulo":null,"dataVencimento":null,"mesAnoVencimento":"032012","dataVencimentoRegistro":"2012-03-01T00:00:00.000-0300","principioAtivo":null,"situacaoApresentacao":"Caduco/Cancelado","dataRegistro":"2007-03-05T00:00:00.000-0300","categoriaRegulatoria":{"codigo":8,"descricao":"Similar"},"medicamentoReferencia":null,"categoriaProduto":null,"tipoAutorizacao":"REGISTRADO","numeroRegistroFormatado":"159800010","mesAnoVencimentoFormatado":"03/2012","acancelar":false},"empresa":{"cnpj":"05042410000119","razaoSocial":"EVOLABIS PRODUTOS FARMACÊUTICOS LTDA","numeroAutorizacao":"1059806","cnpjFormatado":"05.042.410/0001-19"},"processo":{"numero":"25351170043200604","situacao":29,"numeroProcessoFormatado":"25351.170043/2006-04"}},{"ordem":6,"produto":{"codigo":762829,"nome":"EVOCLASS","numeroRegistro":"159800018","tipo":{"codigo":1,"descricao":null},"categoria":null,"situacaoRotulo":null,"dataVencimento":null,"mesAnoVencimento":"122017","dataVencimentoRegistro":"2017-12-01T00:00:00.000-0300","principioAtivo":null,"situacaoApresentacao":"Caduco/Cancelado","dataRegistro":"2012-12-24T00:00:00.000-0300","categoriaRegulatoria":{"codigo":8,"descricao":"Similar"},"medicamentoReferencia":"DAUNOBLASTINA","categoriaProduto":null,"tipoAutorizacao":"REGISTRADO","numeroRegistroFormatado":"159800018","mesAnoVencimentoFormatado":"12/2017","acancelar":false},"empresa":{"cnpj":"05042410000119","razaoSocial":"EVOLABIS PRODUTOS FARMACÊUTICOS LTDA","numeroAutorizacao":"1059806","cnpjFormatado":"05.042.410/0001-19"},"processo":{"numero":"25351342794201117","situacao":29,"numeroProcessoFormatado":"25351.342794/2011-17"}},{"ordem":7,"produto":{"codigo":492616,"nome":"EVODAZIN","numeroRegistro":"159800004","tipo":{"codigo":1,"descricao":null},"categoria":null,"situacaoRotulo":null,"dataVencimento":null,"mesAnoVencimento":"042010","dataVencimentoRegistro":"2010-04-01T00:00:00.000-0300","principioAtivo":null,"situacaoApresentacao":"Caduco/Cancelado","dataRegistro":"2007-01-08T00:00:00.000-0300","categoriaRegulatoria":{"codigo":null,"descricao":null},"medicamentoReferencia":null,"categoriaProduto":null,"tipoAutorizacao":"REGISTRADO","numeroRegistroFormatado":"159800004","mesAnoVencimentoFormatado":"04/2010","acancelar":false},"empresa":{"cnpj":"05042410000119","razaoSocial":"EVOLABIS PRODUTOS FARMACÊUTICOS LTDA","numeroAutorizacao":"1059806","cnpjFormatado":"05.042.410/0001-19"},"processo":{"numero":"25351109449200687","situacao":29,"numeroProcessoFormatado":"25351.109449/2006-87"}},{"ordem":8,"produto":{"codigo":676093,"nome":"EVOFLUBINA","numeroRegistro":"159800016","tipo":{"codigo":1,"descricao":null},"categoria":null,"situacaoRotulo":null,"dataVencimento":null,"mesAnoVencimento":"122017","dataVencimentoRegistro":"2017-12-01T00:00:00.000-0300","principioAtivo":null,"situacaoApresentacao":"Caduco/Cancelado","dataRegistro":"2012-12-10T00:00:00.000-0300","categoriaRegulatoria":{"codigo":8,"descricao":"Similar"},"medicamentoReferencia":"FLUDARA","categoriaProduto":null,"tipoAutorizacao":"REGISTRADO","numeroRegistroFormatado":"159800016","mesAnoVencimentoFormatado":"12/2017","acancelar":false},"empresa":{"cnpj":"05042410000119","razaoSocial":"EVOLABIS PRODUTOS FARMACÊUTICOS LTDA","numeroAutorizacao":"1059806","cnpjFormatado":"05.042.410/0001-19"},"processo":{"numero":"25351041022201061","situacao":29,"numeroProcessoFormatado":"25351.041022/2010-61"}},{"ordem":9,"produto":{"codigo":459703,"nome":"EVOLOX","numeroRegistro":"159800003","tipo":{"codigo":1,"descricao":null},"categoria":null,"situacaoRotulo":null,"dataVencimento":null,"mesAnoVencimento":"092016","dataVencimentoRegistro":"2016-09-01T00:00:00.000-0300","principioAtivo":null,"situacaoApresentacao":"Caduco/Cancelado","dataRegistro":"2006-09-26T00:00:00.000-0300","categoriaRegulatoria":{"codigo":8,"descricao":"Similar"},"medicamentoReferencia":null,"categoriaProduto":null,"tipoAutorizacao":"REGISTRADO","numeroRegistroFormatado":"159800003","mesAnoVencimentoFormatado":"09/2016","acancelar":false},"empresa":{"cnpj":"05042410000119","razaoSocial":"EVOLABIS PRODUTOS FARMACÊUTICOS LTDA","numeroAutorizacao":"1059806","cnpjFormatado":"05.042.410/0001-19"},"processo":{"numero":"25351481561200561","situacao":29,"numeroProcessoFormatado":"25351.481561/2005-61"}},{"ordem":10,"produto":{"codigo":563373,"nome":"EVOMID","numeroRegistro":"159800014","tipo":{"codigo":1,"descricao":null},"categoria":null,"situacaoRotulo":null,"dataVencimento":null,"mesAnoVencimento":"102018","dataVencimentoRegistro":"2018-10-01T00:00:00.000-0300","principioAtivo":null,"situacaoApresentacao":"Caduco/Cancelado","dataRegistro":"2008-10-06T00:00:00.000-0300","categoriaRegulatoria":{"codigo":8,"descricao":"Similar"},"medicamentoReferencia":null,"categoriaProduto":null,"tipoAutorizacao":"REGISTRADO","numeroRegistroFormatado":"159800014","mesAnoVencimentoFormatado":"10/2018","acancelar":false},"empresa":{"cnpj":"05042410000119","razaoSocial":"EVOLABIS PRODUTOS FARMACÊUTICOS LTDA","numeroAutorizacao":"1059806","cnpjFormatado":"05.042.410/0001-19"},"processo":{"numero":"25351019775200865","situacao":29,"numeroProcessoFormatado":"25351.019775/2008-65"}},{"ordem":11,"produto":{"codigo":501243,"nome":"EVOMIXAN","numeroRegistro":"159800013","tipo":{"codigo":1,"descricao":null},"categoria":null,"situacaoRotulo":null,"dataVencimento":null,"mesAnoVencimento":"042017","dataVencimentoRegistro":"2017-04-01T00:00:00.000-0300","principioAtivo":null,"situacaoApresentacao":"Caduco/Cancelado","dataRegistro":"2007-04-24T00:00:00.000-0300","categoriaRegulatoria":{"codigo":8,"descricao":"Similar"},"medicamentoReferencia":null,"categoriaProduto":null,"tipoAutorizacao":"REGISTRADO","numeroRegistroFormatado":"159800013","mesAnoVencimentoFormatado":"04/2017","acancelar":false},"empresa":{"cnpj":"05042410000119","razaoSocial":"EVOLABIS PRODUTOS FARMACÊUTICOS LTDA","numeroAutorizacao":"1059806","cnpjFormatado":"05.042.410/0001-19"},"processo":{"numero":"25351339233200644","situacao":29,"numeroProcessoFormatado":"25351.339233/2006-44"}},{"ordem":12,"produto":{"codigo":493431,"nome":"EVOPOSDO","numeroRegistro":"159800009","tipo":{"codigo":1,"descricao":null},"categoria":null,"situacaoRotulo":null,"dataVencimento":null,"mesAnoVencimento":"072018","dataVencimentoRegistro":"2018-07-01T00:00:00.000-0300","principioAtivo":null,"situacaoApresentacao":"Caduco/Cancelado","dataRegistro":"2007-01-08T00:00:00.000-0300","categoriaRegulatoria":{"codigo":null,"descricao":null},"medicamentoReferencia":"VEPESID","categoriaProduto":null,"tipoAutorizacao":"REGISTRADO","numeroRegistroFormatado":"159800009","mesAnoVencimentoFormatado":"07/2018","acancelar":false},"empresa":{"cnpj":"05042410000119","razaoSocial":"EVOLABIS PRODUTOS FARMACÊUTICOS LTDA","numeroAutorizacao":"1059806","cnpjFormatado":"05.042.410/0001-19"},"processo":{"numero":"25351109604200665","situacao":29,"numeroProcessoFormatado":"25351.109604/2006-65"}},{"ordem":13,"produto":{"codigo":453580,"nome":"EVORUBICIN","numeroRegistro":"159800002","tipo":{"codigo":1,"descricao":null},"categoria":null,"situacaoRotulo":null,"dataVencimento":null,"mesAnoVencimento":"042016","dataVencimentoRegistro":"2016-04-01T00:00:00.000-0300","principioAtivo":null,"situacaoApresentacao":"Caduco/Cancelado","dataRegistro":"2006-04-17T00:00:00.000-0300","categoriaRegulatoria":{"codigo":8,"descricao":"Similar"},"medicamentoReferencia":null,"categoriaProduto":null,"tipoAutorizacao":"REGISTRADO","numeroRegistroFormatado":"159800002","mesAnoVencimentoFormatado":"04/2016","acancelar":false},"empresa":{"cnpj":"05042410000119","razaoSocial":"EVOLABIS PRODUTOS FARMACÊUTICOS LTDA","numeroAutorizacao":"1059806","cnpjFormatado":"05.042.410/0001-19"},"processo":{"numero":"25351344109200510","situacao":29,"numeroProcessoFormatado":"25351.344109/2005-10"}},{"ordem":14,"produto":{"codigo":486519,"nome":"EVOTABINA","numeroRegistro":"159800011","tipo":{"codigo":1,"descricao":null},"categoria":null,"situacaoRotulo":null,"dataVencimento":null,"mesAnoVencimento":"032017","dataVencimentoRegistro":"2017-03-01T00:00:00.000-0300","principioAtivo":null,"situacaoApresentacao":"Caduco/Cancelado","dataRegistro":"2007-04-02T00:00:00.000-0300","categoriaRegulatoria":{"codigo":8,"descricao":"Similar"},"medicamentoReferencia":null,"categoriaProduto":null,"tipoAutorizacao":"REGISTRADO","numeroRegistroFormatado":"159800011","mesAnoVencimentoFormatado":"03/2017","acancelar":false},"empresa":{"cnpj":"05042410000119","razaoSocial":"EVOLABIS PRODUTOS FARMACÊUTICOS LTDA","numeroAutorizacao":"1059806","cnpjFormatado":"05.042.410/0001-19"},"processo":{"numero":"25351268318200631","situacao":29,"numeroProcessoFormatado":"25351.268318/2006-31"}},{"ordem":15,"produto":{"codigo":493040,"nome":"EVOTAXEL","numeroRegistro":"159800008","tipo":{"codigo":1,"descricao":null},"categoria":null,"situacaoRotulo":null,"dataVencimento":null,"mesAnoVencimento":"102019","dataVencimentoRegistro":"2019-10-01T00:00:00.000-0300","principioAtivo":null,"situacaoApresentacao":"Caduco/Cancelado","dataRegistro":"2007-01-08T00:00:00.000-0300","categoriaRegulatoria":{"codigo":null,"descricao":null},"medicamentoReferencia":null,"categoriaProduto":null,"tipoAutorizacao":"REGISTRADO","numeroRegistroFormatado":"159800008","mesAnoVencimentoFormatado":"10/2019","acancelar":false},"empresa":{"cnpj":"05042410000119","razaoSocial":"EVOLABIS PRODUTOS FARMACÊUTICOS LTDA","numeroAutorizacao":"1059806","cnpjFormatado":"05.042.410/0001-19"},"processo":{"numero":"25351109539200678","situacao":29,"numeroProcessoFormatado":"25351.109539/2006-78"}},{"ordem":16,"produto":{"codigo":453907,"nome":"EVOTECAN","numeroRegistro":"159800001","tipo":{"codigo":1,"descricao":null},"categoria":null,"situacaoRotulo":null,"dataVencimento":null,"mesAnoVencimento":"042016","dataVencimentoRegistro":"2016-04-01T00:00:00.000-0300","principioAtivo":null,"situacaoApresentacao":"Caduco/Cancelado","dataRegistro":"2006-04-17T00:00:00.000-0300","categoriaRegulatoria":{"codigo":8,"descricao":"Similar"},"medicamentoReferencia":null,"categoriaProduto":null,"tipoAutorizacao":"REGISTRADO","numeroRegistroFormatado":"159800001","mesAnoVencimentoFormatado":"04/2016","acancelar":false},"empresa":{"cnpj":"05042410000119","razaoSocial":"EVOLABIS PRODUTOS FARMACÊUTICOS LTDA","numeroAutorizacao":"1059806","cnpjFormatado":"05.042.410/0001-19"},"processo":{"numero":"25351342670200564","situacao":29,"numeroProcessoFormatado":"25351.342670/2005-64"}},{"ordem":17,"produto":{"codigo":493031,"nome":"EVOTERIN","numeroRegistro":"159800007","tipo":{"codigo":1,"descricao":null},"categoria":null,"situacaoRotulo":null,"dataVencimento":null,"mesAnoVencimento":"032019","dataVencimentoRegistro":"2019-03-01T00:00:00.000-0300","principioAtivo":null,"situacaoApresentacao":"Caduco/Cancelado","dataRegistro":"2007-01-02T00:00:00.000-0300","categoriaRegulatoria":{"codigo":null,"descricao":null},"medicamentoReferencia":null,"categoriaProduto":null,"tipoAutorizacao":"REGISTRADO","numeroRegistroFormatado":"159800007","mesAnoVencimentoFormatado":"03/2019","acancelar":false},"empresa":{"cnpj":"05042410000119","razaoSocial":"EVOLABIS PRODUTOS FARMACÊUTICOS LTDA","numeroAutorizacao":"1059806","cnpjFormatado":"05.042.410/0001-19"},"processo":{"numero":"25351109571200653","situacao":29,"numeroProcessoFormatado":"25351.109571/2006-53"}},{"ordem":18,"produto":{"codigo":493530,"nome":"EVOXALI","numeroRegistro":"159800005","tipo":{"codigo":1,"descricao":null},"categoria":null,"situacaoRotulo":null,"dataVencimento":null,"mesAnoVencimento":"072018","dataVencimentoRegistro":"2018-07-01T00:00:00.000-0300","principioAtivo":null,"situacaoApresentacao":"Caduco/Cancelado","dataRegistro":"2007-01-08T00:00:00.000-0300","categoriaRegulatoria":{"codigo":null,"descricao":null},"medicamentoReferencia":null,"categoriaProduto":null,"tipoAutorizacao":"REGISTRADO","numeroRegistroFormatado":"159800005","mesAnoVencimentoFormatado":"07/2018","acancelar":false},"empresa":{"cnpj":"05042410000119","razaoSocial":"EVOLABIS PRODUTOS FARMACÊUTICOS LTDA","numeroAutorizacao":"1059806","cnpjFormatado":"05.042.410/0001-19"},"processo":{"numero":"25351109501200603","situacao":29,"numeroProcessoFormatado":"25351.109501/2006-03"}},{"ordem":19,"produto":{"codigo":545063,"nome":"EVOZAR","numeroRegistro":"159800015","tipo":{"codigo":1,"descricao":null},"categoria":null,"situacaoRotulo":null,"dataVencimento":null,"mesAnoVencimento":"102019","dataVencimentoRegistro":"2019-10-01T00:00:00.000-0300","principioAtivo":null,"situacaoApresentacao":"Caduco/Cancelado","dataRegistro":"2009-10-13T00:00:00.000-0300","categoriaRegulatoria":{"codigo":8,"descricao":"Similar"},"medicamentoReferencia":null,"categoriaProduto":null,"tipoAutorizacao":"REGISTRADO","numeroRegistroFormatado":"159800015","mesAnoVencimentoFormatado":"10/2019","acancelar":false},"empresa":{"cnpj":"05042410000119","razaoSocial":"EVOLABIS PRODUTOS FARMACÊUTICOS LTDA","numeroAutorizacao":"1059806","cnpjFormatado":"05.042.410/0001-19"},"processo":{"numero":"25351339869200777","situacao":29,"numeroProcessoFormatado":"25351.339869/2007-77"}},{"ordem":20,"produto":{"codigo":799100,"nome":"FOSFATO DE FLUDARABINA","numeroRegistro":"159800017","tipo":{"codigo":1,"descricao":null},"categoria":null,"situacaoRotulo":null,"dataVencimento":null,"mesAnoVencimento":"122017","dataVencimentoRegistro":"2017-12-01T00:00:00.000-0300","principioAtivo":null,"situacaoApresentacao":"Caduco/Cancelado","dataRegistro":"2012-12-10T00:00:00.000-0300","categoriaRegulatoria":{"codigo":5,"descricao":"Genérico"},"medicamentoReferencia":"FLUDARA","categoriaProduto":null,"tipoAutorizacao":"REGISTRADO","numeroRegistroFormatado":"159800017","mesAnoVencimentoFormatado":"12/2017","acancelar":false},"empresa":{"cnpj":"05042410000119","razaoSocial":"EVOLABIS PRODUTOS FARMACÊUTICOS LTDA","numeroAutorizacao":"1059806","cnpjFormatado":"05.042.410/0001-19"},"processo":{"numero":"25351723854201109","situacao":29,"numeroProcessoFormatado":"25351.723854/2011-09"}}],"totalPages":1,"totalElements":20,"last":true,"numberOfElements":20,"size":1000,"number":0,"first":true,"sort":null}