{"content":[{"ordem":1,"produto":{"codigo":3609168,"nome":"BMAST","numeroRegistro":"156650006","tipo":{"codigo":1,"descricao":null},"categoria":null,"situacaoRotulo":null,"dataVencimento":"2023-05-15T00:00:00.000-0300","mesAnoVencimento":"052023","dataVencimentoRegistro":"2023-05-01T00:00:00.000-0300","principioAtivo":"MECOBALAMINA","situacaoApresentacao":"Válido","dataRegistro":"2023-05-02T00:00:00.000-0300","categoriaRegulatoria":{"codigo":3,"descricao":"Específico"},"medicamentoReferencia":null,"categoriaProduto":null,"tipoAutorizacao":"REGISTRADO","numeroRegistroFormatado":"156650006","mesAnoVencimentoFormatado":"05/2023","acancelar":false},"empresa":{"cnpj":"05090043000129","razaoSocial":"DROXTER INDUSTRIA, COMÉRCIO E PARTICIPAÇÕES LTDA","numeroAutorizacao":"1056659","cnpjFormatado":"05.090.043/0001-29"},"processo":{"numero":"25351208205202387","situacao":29,"numeroProcessoFormatado":"25351.208205/2023-87"}},{"ordem":2,"produto":{"codigo":415051,"nome":"BRAVITAN","numeroRegistro":"156650001","tipo":{"codigo":1,"descricao":null},"categoria":null,"situacaoRotulo":null,"dataVencimento":null,"mesAnoVencimento":"082025","dataVencimentoRegistro":"2025-08-01T00:00:00.000-0300","principioAtivo":null,"situacaoApresentacao":"Caduco/Cancelado","dataRegistro":"2005-08-01T00:00:00.000-0300","categoriaRegulatoria":{"codigo":3,"descricao":"Específico"},"medicamentoReferencia":null,"categoriaProduto":null,"tipoAutorizacao":"REGISTRADO","numeroRegistroFormatado":"156650001","mesAnoVencimentoFormatado":"08/2025","acancelar":false},"empresa":{"cnpj":"05090043000129","razaoSocial":"DROXTER INDUSTRIA, COMÉRCIO E PARTICIPAÇÕES LTDA","numeroAutorizacao":"1056659","cnpjFormatado":"05.090.043/0001-29"},"processo":{"numero":"25351291390200408","situacao":29,"numeroProcessoFormatado":"25351.291390/2004-08"}},{"ordem":3,"produto":{"codigo":639881,"nome":"CALDROX D","numeroRegistro":"156650003","tipo":{"codigo":1,"descricao":null},"categoria":null,"situacaoRotulo":null,"dataVencimento":null,"mesAnoVencimento":"072025","dataVencimentoRegistro":"2025-07-01T00:00:00.000-0300","principioAtivo":null,"situacaoApresentacao":"Caduco/Cancelado","dataRegistro":"2010-07-26T00:00:00.000-0300","categoriaRegulatoria":{"codigo":3,"descricao":"Específico"},"medicamentoReferencia":null,"categoriaProduto":null,"tipoAutorizacao":"REGISTRADO","numeroRegistroFormatado":"156650003","mesAnoVencimentoFormatado":"07/2025","acancelar":false},"empresa":{"cnpj":"05090043000129","razaoSocial":"DROXTER INDUSTRIA, COMÉRCIO E PARTICIPAÇÕES LTDA","numeroAutorizacao":"1056659","cnpjFormatado":"05.090.043/0001-29"},"processo":{"numero":"25351336813200911","situacao":29,"numeroProcessoFormatado":"25351.336813/2009-11"}},{"ordem":4,"produto":{"codigo":3557812,"nome":"COGNEN","numeroRegistro":"156650004","tipo":{"codigo":1,"descricao":null},"categoria":null,"situacaoRotulo":null,"dataVencimento":"2032-10-03T00:00:00.000-0300","mesAnoVencimento":"102032","dataVencimentoRegistro":"2032-10-01T00:00:00.000-0300","principioAtivo":null,"situacaoApresentacao":"Caduco/Cancelado","dataRegistro":"2022-10-03T00:00:00.000-0300","categoriaRegulatoria":{"codigo":8,"descricao":"Similar"},"medicamentoReferencia":"VICOG","categoriaProduto":null,"tipoAutorizacao":"REGISTRADO","numeroRegistroFormatado":"156650004","mesAnoVencimentoFormatado":"10/2032","acancelar":false},"empresa":{"cnpj":"05090043000129","razaoSocial":"DROXTER INDUSTRIA, COMÉRCIO E PARTICIPAÇÕES LTDA","numeroAutorizacao":"1056659","cnpjFormatado":"05.090.043/0001-29"},"processo":{"numero":"25351335686202211","situacao":29,"numeroProcessoFormatado":"25351.335686/2022-11"}},{"ordem":5,"produto":{"codigo":3605549,"nome":"COGNEN","numeroRegistro":"156650005","tipo":{"codigo":1,"descricao":null},"categoria":null,"situacaoRotulo":null,"dataVencimento":null,"mesAnoVencimento":null,"dataVencimentoRegistro":null,"principioAtivo":"VIMPOCETINA","situacaoApresentacao":"Válido","dataRegistro":"2023-04-10T00:00:00.000-0300","categoriaRegulatoria":{"codigo":8,"descricao":"Similar"},"medicamentoReferencia":"VICOG","categoriaProduto":null,"tipoAutorizacao":"REGISTRADO","numeroRegistroFormatado":"156650005","mesAnoVencimentoFormatado":"","acancelar":false},"empresa":{"cnpj":"05090043000129","razaoSocial":"DROXTER INDUSTRIA, COMÉRCIO E PARTICIPAÇÕES LTDA","numeroAutorizacao":"1056659","cnpjFormatado":"05.090.043/0001-29"},"processo":{"numero":"25351089845202381","situacao":29,"numeroProcessoFormatado":"25351.089845/2023-81"}},{"ordem":6,"produto":{"codigo":583812,"nome":"VARIZIL","numeroRegistro":"156650002","tipo":{"codigo":1,"descricao":null},"categoria":null,"situacaoRotulo":null,"dataVencimento":null,"mesAnoVencimento":"102028","dataVencimentoRegistro":"2028-10-01T00:00:00.000-0300","principioAtivo":null,"situacaoApresentacao":"Caduco/Cancelado","dataRegistro":"2008-10-20T00:00:00.000-0300","categoriaRegulatoria":{"codigo":4,"descricao":"Fitoterápico"},"medicamentoReferencia":null,"categoriaProduto":null,"tipoAutorizacao":"REGISTRADO","numeroRegistroFormatado":"156650002","mesAnoVencimentoFormatado":"10/2028","acancelar":false},"empresa":{"cnpj":"05090043000129","razaoSocial":"DROXTER INDUSTRIA, COMÉRCIO E PARTICIPAÇÕES LTDA","numeroAutorizacao":"1056659","cnpjFormatado":"05.090.043/0001-29"},"processo":{"numero":"25351213043200860","situacao":29,"numeroProcessoFormatado":"25351.213043/2008-60"}}],"totalElements":6,"totalPages":1,"last":true,"numberOfElements":6,"first":true,"sort":null,"size":1000,"number":0}