{"content":[{"ordem":1,"produto":{"codigo":700056,"nome":"BOSENTANA","numeroRegistro":"155380003","tipo":{"codigo":1,"descricao":null},"categoria":null,"situacaoRotulo":null,"dataVencimento":null,"mesAnoVencimento":"032022","dataVencimentoRegistro":"2022-03-01T00:00:00.000-0300","principioAtivo":null,"situacaoApresentacao":"Caduco/Cancelado","dataRegistro":"2012-03-19T00:00:00.000-0300","categoriaRegulatoria":{"codigo":5,"descricao":"Genérico"},"medicamentoReferencia":"Tracleer","categoriaProduto":null,"tipoAutorizacao":"REGISTRADO","numeroRegistroFormatado":"155380003","mesAnoVencimentoFormatado":"03/2022","acancelar":false},"empresa":{"cnpj":"05240939000147","razaoSocial":"ACTELION PHARMACEUTICALS DO BRASIL LTDA","numeroAutorizacao":null,"cnpjFormatado":"05.240.939/0001-47"},"processo":{"numero":"25351363123201027","situacao":29,"numeroProcessoFormatado":"25351.363123/2010-27"}},{"ordem":2,"produto":{"codigo":1119600,"nome":"Opsumit","numeroRegistro":"155380004","tipo":{"codigo":1,"descricao":null},"categoria":null,"situacaoRotulo":null,"dataVencimento":"2021-08-15T00:00:00.000-0300","mesAnoVencimento":"082021","dataVencimentoRegistro":"2021-08-01T00:00:00.000-0300","principioAtivo":null,"situacaoApresentacao":"Caduco/Cancelado","dataRegistro":"2016-08-15T00:00:00.000-0300","categoriaRegulatoria":{"codigo":null,"descricao":null},"medicamentoReferencia":null,"categoriaProduto":null,"tipoAutorizacao":"REGISTRADO","numeroRegistroFormatado":"155380004","mesAnoVencimentoFormatado":"08/2021","acancelar":false},"empresa":{"cnpj":"05240939000147","razaoSocial":"ACTELION PHARMACEUTICALS DO BRASIL LTDA","numeroAutorizacao":null,"cnpjFormatado":"05.240.939/0001-47"},"processo":{"numero":"25351320423201406","situacao":29,"numeroProcessoFormatado":"25351.320423/2014-06"}},{"ordem":3,"produto":{"codigo":272891,"nome":"TRACLEER","numeroRegistro":"155380001","tipo":{"codigo":1,"descricao":null},"categoria":null,"situacaoRotulo":null,"dataVencimento":null,"mesAnoVencimento":"112018","dataVencimentoRegistro":"2018-11-01T00:00:00.000-0300","principioAtivo":null,"situacaoApresentacao":"Caduco/Cancelado","dataRegistro":"2003-11-19T00:00:00.000-0300","categoriaRegulatoria":{"codigo":6,"descricao":"Novo"},"medicamentoReferencia":null,"categoriaProduto":null,"tipoAutorizacao":"REGISTRADO","numeroRegistroFormatado":"155380001","mesAnoVencimentoFormatado":"11/2018","acancelar":false},"empresa":{"cnpj":"05240939000147","razaoSocial":"ACTELION PHARMACEUTICALS DO BRASIL LTDA","numeroAutorizacao":null,"cnpjFormatado":"05.240.939/0001-47"},"processo":{"numero":"25351015659200362","situacao":29,"numeroProcessoFormatado":"25351.015659/2003-62"}},{"ordem":4,"produto":{"codigo":1228305,"nome":"UPTRAVI","numeroRegistro":"155380005","tipo":{"codigo":1,"descricao":null},"categoria":null,"situacaoRotulo":null,"dataVencimento":"2023-01-22T00:00:00.000-0300","mesAnoVencimento":"012023","dataVencimentoRegistro":"2023-01-01T00:00:00.000-0300","principioAtivo":null,"situacaoApresentacao":"Caduco/Cancelado","dataRegistro":"2018-01-22T00:00:00.000-0300","categoriaRegulatoria":{"codigo":6,"descricao":"Novo"},"medicamentoReferencia":null,"categoriaProduto":null,"tipoAutorizacao":"REGISTRADO","numeroRegistroFormatado":"155380005","mesAnoVencimentoFormatado":"01/2023","acancelar":false},"empresa":{"cnpj":"05240939000147","razaoSocial":"ACTELION PHARMACEUTICALS DO BRASIL LTDA","numeroAutorizacao":null,"cnpjFormatado":"05.240.939/0001-47"},"processo":{"numero":"25351073014201669","situacao":29,"numeroProcessoFormatado":"25351.073014/2016-69"}},{"ordem":5,"produto":{"codigo":494295,"nome":"ZAVESCA","numeroRegistro":"155380002","tipo":{"codigo":1,"descricao":null},"categoria":null,"situacaoRotulo":null,"dataVencimento":null,"mesAnoVencimento":"012022","dataVencimentoRegistro":"2022-01-01T00:00:00.000-0300","principioAtivo":null,"situacaoApresentacao":"Caduco/Cancelado","dataRegistro":"2007-01-22T00:00:00.000-0300","categoriaRegulatoria":{"codigo":6,"descricao":"Novo"},"medicamentoReferencia":null,"categoriaProduto":null,"tipoAutorizacao":"REGISTRADO","numeroRegistroFormatado":"155380002","mesAnoVencimentoFormatado":"01/2022","acancelar":false},"empresa":{"cnpj":"05240939000147","razaoSocial":"ACTELION PHARMACEUTICALS DO BRASIL LTDA","numeroAutorizacao":null,"cnpjFormatado":"05.240.939/0001-47"},"processo":{"numero":"25351216572200572","situacao":29,"numeroProcessoFormatado":"25351.216572/2005-72"}}],"totalElements":5,"totalPages":1,"last":true,"numberOfElements":5,"first":true,"sort":null,"size":1000,"number":0}