{"content":[{"ordem":1,"produto":{"codigo":1294133,"nome":"AJOVY","numeroRegistro":"155730050","tipo":{"codigo":1,"descricao":null},"categoria":null,"situacaoRotulo":null,"dataVencimento":null,"mesAnoVencimento":"122029","dataVencimentoRegistro":"2029-12-01T00:00:00.000-0300","principioAtivo":"FREMANEZUMABE","situacaoApresentacao":"Válido","dataRegistro":"2019-12-16T00:00:00.000-0300","categoriaRegulatoria":{"codigo":1,"descricao":"Biológico"},"medicamentoReferencia":null,"categoriaProduto":null,"tipoAutorizacao":"REGISTRADO","acancelar":false,"mesAnoVencimentoFormatado":"12/2029","numeroRegistroFormatado":"155730050"},"empresa":{"cnpj":"05333542000108","razaoSocial":"TEVA FARMACÊUTICA LTDA.","numeroAutorizacao":"1055731","cnpjFormatado":"05.333.542/0001-08"},"processo":{"numero":"25351802291201851","situacao":29,"numeroProcessoFormatado":"25351.802291/2018-51"}},{"ordem":2,"produto":{"codigo":1421172,"nome":"AUSTEDO","numeroRegistro":"155730058","tipo":{"codigo":1,"descricao":null},"categoria":null,"situacaoRotulo":null,"dataVencimento":null,"mesAnoVencimento":"102031","dataVencimentoRegistro":"2031-10-01T00:00:00.000-0300","principioAtivo":"DEUTETRABENAZINA","situacaoApresentacao":"Válido","dataRegistro":"2021-10-18T00:00:00.000-0300","categoriaRegulatoria":{"codigo":6,"descricao":"Novo"},"medicamentoReferencia":null,"categoriaProduto":null,"tipoAutorizacao":"REGISTRADO","acancelar":false,"mesAnoVencimentoFormatado":"10/2031","numeroRegistroFormatado":"155730058"},"empresa":{"cnpj":"05333542000108","razaoSocial":"TEVA FARMACÊUTICA LTDA.","numeroAutorizacao":"1055731","cnpjFormatado":"05.333.542/0001-08"},"processo":{"numero":"25351607501202014","situacao":29,"numeroProcessoFormatado":"25351.607501/2020-14"}},{"ordem":3,"produto":{"codigo":523067,"nome":"AZILECT","numeroRegistro":"155730009","tipo":{"codigo":1,"descricao":null},"categoria":null,"situacaoRotulo":null,"dataVencimento":null,"mesAnoVencimento":"022013","dataVencimentoRegistro":"2013-02-01T00:00:00.000-0300","principioAtivo":null,"situacaoApresentacao":"Caduco/Cancelado","dataRegistro":"2008-02-25T00:00:00.000-0300","categoriaRegulatoria":{"codigo":6,"descricao":"Novo"},"medicamentoReferencia":null,"categoriaProduto":null,"tipoAutorizacao":"REGISTRADO","acancelar":false,"mesAnoVencimentoFormatado":"02/2013","numeroRegistroFormatado":"155730009"},"empresa":{"cnpj":"05333542000108","razaoSocial":"TEVA FARMACÊUTICA LTDA.","numeroAutorizacao":"1055731","cnpjFormatado":"05.333.542/0001-08"},"processo":{"numero":"25351490860200678","situacao":29,"numeroProcessoFormatado":"25351.490860/2006-78"}},{"ordem":4,"produto":{"codigo":1077636,"nome":"Abelcet","numeroRegistro":"155730034","tipo":{"codigo":1,"descricao":null},"categoria":null,"situacaoRotulo":null,"dataVencimento":"2020-12-21T00:00:00.000-0300","mesAnoVencimento":"122025","dataVencimentoRegistro":"2025-12-01T00:00:00.000-0300","principioAtivo":"ANFOTERICINA B","situacaoApresentacao":"Válido","dataRegistro":"2015-12-21T00:00:00.000-0300","categoriaRegulatoria":{"codigo":6,"descricao":"Novo"},"medicamentoReferencia":null,"categoriaProduto":null,"tipoAutorizacao":"REGISTRADO","acancelar":false,"mesAnoVencimentoFormatado":"12/2025","numeroRegistroFormatado":"155730034"},"empresa":{"cnpj":"05333542000108","razaoSocial":"TEVA FARMACÊUTICA LTDA.","numeroAutorizacao":"1055731","cnpjFormatado":"05.333.542/0001-08"},"processo":{"numero":"25351533487201467","situacao":29,"numeroProcessoFormatado":"25351.533487/2014-67"}},{"ordem":5,"produto":{"codigo":1036204,"nome":"Azilect","numeroRegistro":"155730033","tipo":{"codigo":1,"descricao":null},"categoria":null,"situacaoRotulo":null,"dataVencimento":"2020-06-01T00:00:00.000-0300","mesAnoVencimento":"062025","dataVencimentoRegistro":"2025-06-01T00:00:00.000-0300","principioAtivo":"mesilato de rasagilina","situacaoApresentacao":"Válido","dataRegistro":"2015-06-01T00:00:00.000-0300","categoriaRegulatoria":{"codigo":6,"descricao":"Novo"},"medicamentoReferencia":null,"categoriaProduto":null,"tipoAutorizacao":"REGISTRADO","acancelar":false,"mesAnoVencimentoFormatado":"06/2025","numeroRegistroFormatado":"155730033"},"empresa":{"cnpj":"05333542000108","razaoSocial":"TEVA FARMACÊUTICA LTDA.","numeroAutorizacao":"1055731","cnpjFormatado":"05.333.542/0001-08"},"processo":{"numero":"25351754818201310","situacao":29,"numeroProcessoFormatado":"25351.754818/2013-10"}},{"ordem":6,"produto":{"codigo":3319794,"nome":"BENALQ","numeroRegistro":"155730047","tipo":{"codigo":1,"descricao":null},"categoria":null,"situacaoRotulo":null,"dataVencimento":null,"mesAnoVencimento":"052032","dataVencimentoRegistro":"2032-05-01T00:00:00.000-0300","principioAtivo":"CLORIDRATO DE BENDAMUSTINA","situacaoApresentacao":"Válido","dataRegistro":"2022-05-16T00:00:00.000-0300","categoriaRegulatoria":{"codigo":8,"descricao":"Similar"},"medicamentoReferencia":"RIBOMUSTIN","categoriaProduto":null,"tipoAutorizacao":"REGISTRADO","acancelar":false,"mesAnoVencimentoFormatado":"05/2032","numeroRegistroFormatado":"155730047"},"empresa":{"cnpj":"05333542000108","razaoSocial":"TEVA FARMACÊUTICA LTDA.","numeroAutorizacao":"1055731","cnpjFormatado":"05.333.542/0001-08"},"processo":{"numero":"25351166458202112","situacao":29,"numeroProcessoFormatado":"25351.166458/2021-12"}},{"ordem":7,"produto":{"codigo":1182372,"nome":"COLOHALER","numeroRegistro":"155730036","tipo":{"codigo":1,"descricao":null},"categoria":null,"situacaoRotulo":null,"dataVencimento":null,"mesAnoVencimento":"092021","dataVencimentoRegistro":"2021-09-01T00:00:00.000-0300","principioAtivo":null,"situacaoApresentacao":"Caduco/Cancelado","dataRegistro":"2017-08-07T00:00:00.000-0300","categoriaRegulatoria":{"codigo":null,"descricao":null},"medicamentoReferencia":null,"categoriaProduto":null,"tipoAutorizacao":"REGISTRADO","acancelar":false,"mesAnoVencimentoFormatado":"09/2021","numeroRegistroFormatado":"155730036"},"empresa":{"cnpj":"05333542000108","razaoSocial":"TEVA FARMACÊUTICA LTDA.","numeroAutorizacao":"1055731","cnpjFormatado":"05.333.542/0001-08"},"processo":{"numero":"25351126874201721","situacao":29,"numeroProcessoFormatado":"25351.126874/2017-21"}},{"ordem":8,"produto":{"codigo":756569,"nome":"COLPOTROFINE","numeroRegistro":"155730019","tipo":{"codigo":1,"descricao":null},"categoria":null,"situacaoRotulo":null,"dataVencimento":null,"mesAnoVencimento":"122026","dataVencimentoRegistro":"2026-12-01T00:00:00.000-0300","principioAtivo":null,"situacaoApresentacao":"Caduco/Cancelado","dataRegistro":"2011-12-26T00:00:00.000-0300","categoriaRegulatoria":{"codigo":6,"descricao":"Novo"},"medicamentoReferencia":null,"categoriaProduto":null,"tipoAutorizacao":"REGISTRADO","acancelar":false,"mesAnoVencimentoFormatado":"12/2026","numeroRegistroFormatado":"155730019"},"empresa":{"cnpj":"05333542000108","razaoSocial":"TEVA FARMACÊUTICA LTDA.","numeroAutorizacao":"1055731","cnpjFormatado":"05.333.542/0001-08"},"processo":{"numero":"25351078087201146","situacao":29,"numeroProcessoFormatado":"25351.078087/2011-46"}},{"ordem":9,"produto":{"codigo":470641,"nome":"COPAXONE","numeroRegistro":"155730001","tipo":{"codigo":1,"descricao":null},"categoria":null,"situacaoRotulo":null,"dataVencimento":null,"mesAnoVencimento":"102026","dataVencimentoRegistro":"2026-10-01T00:00:00.000-0300","principioAtivo":"ACETATO DE GLATIRÂMER","situacaoApresentacao":"Válido","dataRegistro":"2006-10-16T00:00:00.000-0300","categoriaRegulatoria":{"codigo":6,"descricao":"Novo"},"medicamentoReferencia":null,"categoriaProduto":null,"tipoAutorizacao":"REGISTRADO","acancelar":false,"mesAnoVencimentoFormatado":"10/2026","numeroRegistroFormatado":"155730001"},"empresa":{"cnpj":"05333542000108","razaoSocial":"TEVA FARMACÊUTICA LTDA.","numeroAutorizacao":"1055731","cnpjFormatado":"05.333.542/0001-08"},"processo":{"numero":"25351194921200679","situacao":29,"numeroProcessoFormatado":"25351.194921/2006-79"}},{"ordem":10,"produto":{"codigo":3659547,"nome":"COXDUO","numeroRegistro":"155730069","tipo":{"codigo":1,"descricao":null},"categoria":null,"situacaoRotulo":null,"dataVencimento":"2034-04-08T00:00:00.000-0300","mesAnoVencimento":"042034","dataVencimentoRegistro":"2034-04-01T00:00:00.000-0300","principioAtivo":"PARECOXIBE SÓDICO","situacaoApresentacao":"Válido","dataRegistro":"2024-04-08T00:00:00.000-0300","categoriaRegulatoria":{"codigo":8,"descricao":"Similar"},"medicamentoReferencia":"BEXTRA IM/IV","categoriaProduto":null,"tipoAutorizacao":"REGISTRADO","acancelar":false,"mesAnoVencimentoFormatado":"04/2034","numeroRegistroFormatado":"155730069"},"empresa":{"cnpj":"05333542000108","razaoSocial":"TEVA FARMACÊUTICA LTDA.","numeroAutorizacao":"1055731","cnpjFormatado":"05.333.542/0001-08"},"processo":{"numero":"25351433277202280","situacao":29,"numeroProcessoFormatado":"25351.433277/2022-80"}},{"ordem":11,"produto":{"codigo":2791376,"nome":"Cedur","numeroRegistro":"155730060","tipo":{"codigo":1,"descricao":null},"categoria":null,"situacaoRotulo":null,"dataVencimento":null,"mesAnoVencimento":"092027","dataVencimentoRegistro":"2027-09-01T00:00:00.000-0300","principioAtivo":"BEZAFIBRATO","situacaoApresentacao":"Válido","dataRegistro":"2022-03-07T00:00:00.000-0300","categoriaRegulatoria":{"codigo":6,"descricao":"Novo"},"medicamentoReferencia":null,"categoriaProduto":null,"tipoAutorizacao":"REGISTRADO","acancelar":false,"mesAnoVencimentoFormatado":"09/2027","numeroRegistroFormatado":"155730060"},"empresa":{"cnpj":"05333542000108","razaoSocial":"TEVA FARMACÊUTICA LTDA.","numeroAutorizacao":"1055731","cnpjFormatado":"05.333.542/0001-08"},"processo":{"numero":"25351194892202184","situacao":29,"numeroProcessoFormatado":"25351.194892/2021-84"}},{"ordem":12,"produto":{"codigo":1139506,"nome":"Cinqair","numeroRegistro":"155730045","tipo":{"codigo":1,"descricao":null},"categoria":null,"situacaoRotulo":null,"dataVencimento":null,"mesAnoVencimento":"072028","dataVencimentoRegistro":"2028-07-01T00:00:00.000-0300","principioAtivo":"RESLIZUMABE","situacaoApresentacao":"Válido","dataRegistro":"2018-07-30T00:00:00.000-0300","categoriaRegulatoria":{"codigo":1,"descricao":"Biológico"},"medicamentoReferencia":"não","categoriaProduto":null,"tipoAutorizacao":"REGISTRADO","acancelar":false,"mesAnoVencimentoFormatado":"07/2028","numeroRegistroFormatado":"155730045"},"empresa":{"cnpj":"05333542000108","razaoSocial":"TEVA FARMACÊUTICA LTDA.","numeroAutorizacao":"1055731","cnpjFormatado":"05.333.542/0001-08"},"processo":{"numero":"25351507878201606","situacao":29,"numeroProcessoFormatado":"25351.507878/2016-06"}},{"ordem":13,"produto":{"codigo":1370495,"nome":"ELENCOS","numeroRegistro":"155730062","tipo":{"codigo":1,"descricao":null},"categoria":null,"situacaoRotulo":null,"dataVencimento":null,"mesAnoVencimento":"032033","dataVencimentoRegistro":"2033-03-01T00:00:00.000-0300","principioAtivo":"AGOMELATINA","situacaoApresentacao":"Válido","dataRegistro":"2023-03-20T00:00:00.000-0300","categoriaRegulatoria":{"codigo":8,"descricao":"Similar"},"medicamentoReferencia":"VALDOXAN","categoriaProduto":null,"tipoAutorizacao":"REGISTRADO","acancelar":false,"mesAnoVencimentoFormatado":"03/2033","numeroRegistroFormatado":"155730062"},"empresa":{"cnpj":"05333542000108","razaoSocial":"TEVA FARMACÊUTICA LTDA.","numeroAutorizacao":"1055731","cnpjFormatado":"05.333.542/0001-08"},"processo":{"numero":"25351669007201908","situacao":29,"numeroProcessoFormatado":"25351.669007/2019-08"}},{"ordem":14,"produto":{"codigo":678217,"nome":"ELMIRON","numeroRegistro":"155730014","tipo":{"codigo":1,"descricao":null},"categoria":null,"situacaoRotulo":null,"dataVencimento":null,"mesAnoVencimento":"112015","dataVencimentoRegistro":"2015-11-01T00:00:00.000-0300","principioAtivo":null,"situacaoApresentacao":"Caduco/Cancelado","dataRegistro":"2010-11-29T00:00:00.000-0300","categoriaRegulatoria":{"codigo":8,"descricao":"Similar"},"medicamentoReferencia":"CEBRALAT","categoriaProduto":null,"tipoAutorizacao":"REGISTRADO","acancelar":false,"mesAnoVencimentoFormatado":"11/2015","numeroRegistroFormatado":"155730014"},"empresa":{"cnpj":"05333542000108","razaoSocial":"TEVA FARMACÊUTICA LTDA.","numeroAutorizacao":"1055731","cnpjFormatado":"05.333.542/0001-08"},"processo":{"numero":"25351874901200831","situacao":29,"numeroProcessoFormatado":"25351.874901/2008-31"}},{"ordem":15,"produto":{"codigo":885408,"nome":"EPORATIO","numeroRegistro":"155730031","tipo":{"codigo":1,"descricao":null},"categoria":null,"situacaoRotulo":null,"dataVencimento":null,"mesAnoVencimento":"102019","dataVencimentoRegistro":"2019-10-01T00:00:00.000-0300","principioAtivo":null,"situacaoApresentacao":"Caduco/Cancelado","dataRegistro":"2014-10-13T00:00:00.000-0300","categoriaRegulatoria":{"codigo":1,"descricao":"Biológico"},"medicamentoReferencia":null,"categoriaProduto":null,"tipoAutorizacao":"REGISTRADO","acancelar":false,"mesAnoVencimentoFormatado":"10/2019","numeroRegistroFormatado":"155730031"},"empresa":{"cnpj":"05333542000108","razaoSocial":"TEVA FARMACÊUTICA LTDA.","numeroAutorizacao":"1055731","cnpjFormatado":"05.333.542/0001-08"},"processo":{"numero":"25351170324201392","situacao":29,"numeroProcessoFormatado":"25351.170324/2013-92"}},{"ordem":16,"produto":{"codigo":757631,"nome":"ESTREVA","numeroRegistro":"155730017","tipo":{"codigo":1,"descricao":null},"categoria":null,"situacaoRotulo":null,"dataVencimento":null,"mesAnoVencimento":"092026","dataVencimentoRegistro":"2026-09-01T00:00:00.000-0300","principioAtivo":null,"situacaoApresentacao":"Caduco/Cancelado","dataRegistro":"2011-09-12T00:00:00.000-0300","categoriaRegulatoria":{"codigo":6,"descricao":"Novo"},"medicamentoReferencia":null,"categoriaProduto":null,"tipoAutorizacao":"REGISTRADO","acancelar":false,"mesAnoVencimentoFormatado":"09/2026","numeroRegistroFormatado":"155730017"},"empresa":{"cnpj":"05333542000108","razaoSocial":"TEVA FARMACÊUTICA LTDA.","numeroAutorizacao":"1055731","cnpjFormatado":"05.333.542/0001-08"},"processo":{"numero":"25351078063201102","situacao":29,"numeroProcessoFormatado":"25351.078063/2011-02"}},{"ordem":17,"produto":{"codigo":1116297,"nome":"FULVESTRANTO","numeroRegistro":"155730038","tipo":{"codigo":1,"descricao":null},"categoria":null,"situacaoRotulo":null,"dataVencimento":null,"mesAnoVencimento":"012028","dataVencimentoRegistro":"2028-01-01T00:00:00.000-0300","principioAtivo":"FULVESTRANTO","situacaoApresentacao":"Válido","dataRegistro":"2018-01-22T00:00:00.000-0300","categoriaRegulatoria":{"codigo":5,"descricao":"Genérico"},"medicamentoReferencia":"FASLODEX","categoriaProduto":null,"tipoAutorizacao":"REGISTRADO","acancelar":false,"mesAnoVencimentoFormatado":"01/2028","numeroRegistroFormatado":"155730038"},"empresa":{"cnpj":"05333542000108","razaoSocial":"TEVA FARMACÊUTICA LTDA.","numeroAutorizacao":"1055731","cnpjFormatado":"05.333.542/0001-08"},"processo":{"numero":"25351227487201610","situacao":29,"numeroProcessoFormatado":"25351.227487/2016-10"}},{"ordem":18,"produto":{"codigo":1168716,"nome":"Fentora","numeroRegistro":"155730048","tipo":{"codigo":1,"descricao":null},"categoria":null,"situacaoRotulo":null,"dataVencimento":null,"mesAnoVencimento":"122028","dataVencimentoRegistro":"2028-12-01T00:00:00.000-0300","principioAtivo":"CITRATO DE FENTANILA","situacaoApresentacao":"Válido","dataRegistro":"2018-12-24T00:00:00.000-0300","categoriaRegulatoria":{"codigo":6,"descricao":"Novo"},"medicamentoReferencia":null,"categoriaProduto":null,"tipoAutorizacao":"REGISTRADO","acancelar":false,"mesAnoVencimentoFormatado":"12/2028","numeroRegistroFormatado":"155730048"},"empresa":{"cnpj":"05333542000108","razaoSocial":"TEVA FARMACÊUTICA LTDA.","numeroAutorizacao":"1055731","cnpjFormatado":"05.333.542/0001-08"},"processo":{"numero":"25351249643201791","situacao":29,"numeroProcessoFormatado":"25351.249643/2017-91"}},{"ordem":19,"produto":{"codigo":3307699,"nome":"INSTAURA","numeroRegistro":"155730061","tipo":{"codigo":1,"descricao":null},"categoria":null,"situacaoRotulo":null,"dataVencimento":null,"mesAnoVencimento":"052032","dataVencimentoRegistro":"2032-05-01T00:00:00.000-0300","principioAtivo":"SUGAMADEX SÓDICO","situacaoApresentacao":"Válido","dataRegistro":"2022-05-16T00:00:00.000-0300","categoriaRegulatoria":{"codigo":8,"descricao":"Similar"},"medicamentoReferencia":"BRIDION","categoriaProduto":null,"tipoAutorizacao":"REGISTRADO","acancelar":false,"mesAnoVencimentoFormatado":"05/2032","numeroRegistroFormatado":"155730061"},"empresa":{"cnpj":"05333542000108","razaoSocial":"TEVA FARMACÊUTICA LTDA.","numeroAutorizacao":"1055731","cnpjFormatado":"05.333.542/0001-08"},"processo":{"numero":"25351923986202171","situacao":29,"numeroProcessoFormatado":"25351.923986/2021-71"}},{"ordem":20,"produto":{"codigo":1253731,"nome":"LINEZOLIDA","numeroRegistro":"155730042","tipo":{"codigo":1,"descricao":null},"categoria":null,"situacaoRotulo":null,"dataVencimento":null,"mesAnoVencimento":null,"dataVencimentoRegistro":null,"principioAtivo":null,"situacaoApresentacao":"Caduco/Cancelado","dataRegistro":"2018-06-04T00:00:00.000-0300","categoriaRegulatoria":{"codigo":5,"descricao":"Genérico"},"medicamentoReferencia":"ZYVOX","categoriaProduto":null,"tipoAutorizacao":"REGISTRADO","acancelar":false,"mesAnoVencimentoFormatado":"","numeroRegistroFormatado":"155730042"},"empresa":{"cnpj":"05333542000108","razaoSocial":"TEVA FARMACÊUTICA LTDA.","numeroAutorizacao":"1055731","cnpjFormatado":"05.333.542/0001-08"},"processo":{"numero":"25351479006201541","situacao":29,"numeroProcessoFormatado":"25351.479006/2015-41"}},{"ordem":21,"produto":{"codigo":934192,"nome":"LONQUEX","numeroRegistro":"155730032","tipo":{"codigo":1,"descricao":null},"categoria":null,"situacaoRotulo":null,"dataVencimento":null,"mesAnoVencimento":"042030","dataVencimentoRegistro":"2030-04-01T00:00:00.000-0300","principioAtivo":"lipegfilgrastim","situacaoApresentacao":"Válido","dataRegistro":"2015-04-13T00:00:00.000-0300","categoriaRegulatoria":{"codigo":1,"descricao":"Biológico"},"medicamentoReferencia":null,"categoriaProduto":null,"tipoAutorizacao":"REGISTRADO","acancelar":false,"mesAnoVencimentoFormatado":"04/2030","numeroRegistroFormatado":"155730032"},"empresa":{"cnpj":"05333542000108","razaoSocial":"TEVA FARMACÊUTICA LTDA.","numeroAutorizacao":"1055731","cnpjFormatado":"05.333.542/0001-08"},"processo":{"numero":"25351702966201326","situacao":29,"numeroProcessoFormatado":"25351.702966/2013-26"}},{"ordem":22,"produto":{"codigo":775037,"nome":"LUTENIL","numeroRegistro":"155730020","tipo":{"codigo":1,"descricao":null},"categoria":null,"situacaoRotulo":null,"dataVencimento":null,"mesAnoVencimento":"062027","dataVencimentoRegistro":"2027-06-01T00:00:00.000-0300","principioAtivo":null,"situacaoApresentacao":"Caduco/Cancelado","dataRegistro":"2012-06-25T00:00:00.000-0300","categoriaRegulatoria":{"codigo":6,"descricao":"Novo"},"medicamentoReferencia":null,"categoriaProduto":null,"tipoAutorizacao":"REGISTRADO","acancelar":false,"mesAnoVencimentoFormatado":"06/2027","numeroRegistroFormatado":"155730020"},"empresa":{"cnpj":"05333542000108","razaoSocial":"TEVA FARMACÊUTICA LTDA.","numeroAutorizacao":"1055731","cnpjFormatado":"05.333.542/0001-08"},"processo":{"numero":"25351078034201170","situacao":29,"numeroProcessoFormatado":"25351.078034/2011-70"}},{"ordem":23,"produto":{"codigo":1265347,"nome":"NEOTIGASON","numeroRegistro":"155730046","tipo":{"codigo":1,"descricao":null},"categoria":null,"situacaoRotulo":null,"dataVencimento":null,"mesAnoVencimento":"072027","dataVencimentoRegistro":"2027-07-01T00:00:00.000-0300","principioAtivo":"ACITRETINA","situacaoApresentacao":"Válido","dataRegistro":"2018-08-06T00:00:00.000-0300","categoriaRegulatoria":{"codigo":6,"descricao":"Novo"},"medicamentoReferencia":null,"categoriaProduto":null,"tipoAutorizacao":"REGISTRADO","acancelar":false,"mesAnoVencimentoFormatado":"07/2027","numeroRegistroFormatado":"155730046"},"empresa":{"cnpj":"05333542000108","razaoSocial":"TEVA FARMACÊUTICA LTDA.","numeroAutorizacao":"1055731","cnpjFormatado":"05.333.542/0001-08"},"processo":{"numero":"25351352646201858","situacao":29,"numeroProcessoFormatado":"25351.352646/2018-58"}},{"ordem":24,"produto":{"codigo":1263006,"nome":"NUVIGIL","numeroRegistro":"155730053","tipo":{"codigo":1,"descricao":null},"categoria":null,"situacaoRotulo":null,"dataVencimento":null,"mesAnoVencimento":"062030","dataVencimentoRegistro":"2030-06-01T00:00:00.000-0300","principioAtivo":"armodafinila","situacaoApresentacao":"Válido","dataRegistro":"2020-06-08T00:00:00.000-0300","categoriaRegulatoria":{"codigo":6,"descricao":"Novo"},"medicamentoReferencia":null,"categoriaProduto":null,"tipoAutorizacao":"REGISTRADO","acancelar":false,"mesAnoVencimentoFormatado":"06/2030","numeroRegistroFormatado":"155730053"},"empresa":{"cnpj":"05333542000108","razaoSocial":"TEVA FARMACÊUTICA LTDA.","numeroAutorizacao":"1055731","cnpjFormatado":"05.333.542/0001-08"},"processo":{"numero":"25351567283201772","situacao":29,"numeroProcessoFormatado":"25351.567283/2017-72"}},{"ordem":25,"produto":{"codigo":842165,"nome":"OXALIPLATINA","numeroRegistro":"155730023","tipo":{"codigo":1,"descricao":null},"categoria":null,"situacaoRotulo":null,"dataVencimento":null,"mesAnoVencimento":"082018","dataVencimentoRegistro":"2018-08-01T00:00:00.000-0300","principioAtivo":null,"situacaoApresentacao":"Caduco/Cancelado","dataRegistro":"2013-08-26T00:00:00.000-0300","categoriaRegulatoria":{"codigo":5,"descricao":"Genérico"},"medicamentoReferencia":"ELOXATIN","categoriaProduto":null,"tipoAutorizacao":"REGISTRADO","acancelar":false,"mesAnoVencimentoFormatado":"08/2018","numeroRegistroFormatado":"155730023"},"empresa":{"cnpj":"05333542000108","razaoSocial":"TEVA FARMACÊUTICA LTDA.","numeroAutorizacao":"1055731","cnpjFormatado":"05.333.542/0001-08"},"processo":{"numero":"25351427779201286","situacao":29,"numeroProcessoFormatado":"25351.427779/2012-86"}},{"ordem":26,"produto":{"codigo":1827601,"nome":"PEMDIA","numeroRegistro":"155730068","tipo":{"codigo":1,"descricao":null},"categoria":null,"situacaoRotulo":null,"dataVencimento":"2032-10-24T00:00:00.000-0300","mesAnoVencimento":"122033","dataVencimentoRegistro":"2033-12-01T00:00:00.000-0300","principioAtivo":"PEMETREXEDE","situacaoApresentacao":"Válido","dataRegistro":"2023-12-26T00:00:00.000-0300","categoriaRegulatoria":{"codigo":6,"descricao":"Novo"},"medicamentoReferencia":null,"categoriaProduto":null,"tipoAutorizacao":"REGISTRADO","acancelar":false,"mesAnoVencimentoFormatado":"12/2033","numeroRegistroFormatado":"155730068"},"empresa":{"cnpj":"05333542000108","razaoSocial":"TEVA FARMACÊUTICA LTDA.","numeroAutorizacao":"1055731","cnpjFormatado":"05.333.542/0001-08"},"processo":{"numero":"25351808571202179","situacao":29,"numeroProcessoFormatado":"25351.808571/2021-79"}},{"ordem":27,"produto":{"codigo":804829,"nome":"PEMETREXEDE DISSODICO","numeroRegistro":"155730025","tipo":{"codigo":1,"descricao":null},"categoria":null,"situacaoRotulo":null,"dataVencimento":null,"mesAnoVencimento":"102018","dataVencimentoRegistro":"2018-10-01T00:00:00.000-0300","principioAtivo":null,"situacaoApresentacao":"Caduco/Cancelado","dataRegistro":"2013-10-21T00:00:00.000-0300","categoriaRegulatoria":{"codigo":5,"descricao":"Genérico"},"medicamentoReferencia":"ALIMTA","categoriaProduto":null,"tipoAutorizacao":"REGISTRADO","acancelar":false,"mesAnoVencimentoFormatado":"10/2018","numeroRegistroFormatado":"155730025"},"empresa":{"cnpj":"05333542000108","razaoSocial":"TEVA FARMACÊUTICA LTDA.","numeroAutorizacao":"1055731","cnpjFormatado":"05.333.542/0001-08"},"processo":{"numero":"25351000355201296","situacao":29,"numeroProcessoFormatado":"25351.000355/2012-96"}},{"ordem":28,"produto":{"codigo":1324789,"nome":"RAGIONE","numeroRegistro":"155730057","tipo":{"codigo":1,"descricao":null},"categoria":null,"situacaoRotulo":null,"dataVencimento":null,"mesAnoVencimento":"102031","dataVencimentoRegistro":"2031-10-01T00:00:00.000-0300","principioAtivo":"CLORIDRATO DE METILFENIDATO","situacaoApresentacao":"Válido","dataRegistro":"2021-10-13T00:00:00.000-0300","categoriaRegulatoria":{"codigo":8,"descricao":"Similar"},"medicamentoReferencia":"CONCERTA","categoriaProduto":null,"tipoAutorizacao":"REGISTRADO","acancelar":false,"mesAnoVencimentoFormatado":"10/2031","numeroRegistroFormatado":"155730057"},"empresa":{"cnpj":"05333542000108","razaoSocial":"TEVA FARMACÊUTICA LTDA.","numeroAutorizacao":"1055731","cnpjFormatado":"05.333.542/0001-08"},"processo":{"numero":"25351287055201901","situacao":29,"numeroProcessoFormatado":"25351.287055/2019-01"}},{"ordem":29,"produto":{"codigo":1573768,"nome":"RAZYS","numeroRegistro":"155730055","tipo":{"codigo":1,"descricao":null},"categoria":null,"situacaoRotulo":null,"dataVencimento":"2020-06-01T00:00:00.000-0300","mesAnoVencimento":"102030","dataVencimentoRegistro":"2030-10-01T00:00:00.000-0300","principioAtivo":"mesilato de rasagilina","situacaoApresentacao":"Válido","dataRegistro":"2020-10-19T00:00:00.000-0300","categoriaRegulatoria":{"codigo":6,"descricao":"Novo"},"medicamentoReferencia":null,"categoriaProduto":null,"tipoAutorizacao":"REGISTRADO","acancelar":false,"mesAnoVencimentoFormatado":"10/2030","numeroRegistroFormatado":"155730055"},"empresa":{"cnpj":"05333542000108","razaoSocial":"TEVA FARMACÊUTICA LTDA.","numeroAutorizacao":"1055731","cnpjFormatado":"05.333.542/0001-08"},"processo":{"numero":"25351317213202071","situacao":29,"numeroProcessoFormatado":"25351.317213/2020-71"}},{"ordem":30,"produto":{"codigo":1222507,"nome":"Rarija","numeroRegistro":"155730049","tipo":{"codigo":1,"descricao":null},"categoria":null,"situacaoRotulo":null,"dataVencimento":null,"mesAnoVencimento":"032029","dataVencimentoRegistro":"2029-03-01T00:00:00.000-0300","principioAtivo":"acetato de abiraterona","situacaoApresentacao":"Válido","dataRegistro":"2019-03-25T00:00:00.000-0300","categoriaRegulatoria":{"codigo":8,"descricao":"Similar"},"medicamentoReferencia":"Zytiga","categoriaProduto":null,"tipoAutorizacao":"REGISTRADO","acancelar":false,"mesAnoVencimentoFormatado":"03/2029","numeroRegistroFormatado":"155730049"},"empresa":{"cnpj":"05333542000108","razaoSocial":"TEVA FARMACÊUTICA LTDA.","numeroAutorizacao":"1055731","cnpjFormatado":"05.333.542/0001-08"},"processo":{"numero":"25351658924201705","situacao":29,"numeroProcessoFormatado":"25351.658924/2017-05"}},{"ordem":31,"produto":{"codigo":878583,"nome":"SEASONIQUE","numeroRegistro":"155730028","tipo":{"codigo":1,"descricao":null},"categoria":null,"situacaoRotulo":null,"dataVencimento":null,"mesAnoVencimento":"042029","dataVencimentoRegistro":"2029-04-01T00:00:00.000-0300","principioAtivo":null,"situacaoApresentacao":"Caduco/Cancelado","dataRegistro":"2014-04-14T00:00:00.000-0300","categoriaRegulatoria":{"codigo":6,"descricao":"Novo"},"medicamentoReferencia":null,"categoriaProduto":null,"tipoAutorizacao":"REGISTRADO","acancelar":false,"mesAnoVencimentoFormatado":"04/2029","numeroRegistroFormatado":"155730028"},"empresa":{"cnpj":"05333542000108","razaoSocial":"TEVA FARMACÊUTICA LTDA.","numeroAutorizacao":"1055731","cnpjFormatado":"05.333.542/0001-08"},"processo":{"numero":"25351619833201229","situacao":29,"numeroProcessoFormatado":"25351.619833/2012-29"}},{"ordem":32,"produto":{"codigo":1249421,"nome":"SUPRENIQ","numeroRegistro":"155730041","tipo":{"codigo":1,"descricao":null},"categoria":null,"situacaoRotulo":null,"dataVencimento":null,"mesAnoVencimento":"052028","dataVencimentoRegistro":"2028-05-01T00:00:00.000-0300","principioAtivo":"FULVESTRANTO","situacaoApresentacao":"Válido","dataRegistro":"2018-05-14T00:00:00.000-0300","categoriaRegulatoria":{"codigo":5,"descricao":"Genérico"},"medicamentoReferencia":"FASLODEX","categoriaProduto":null,"tipoAutorizacao":"REGISTRADO","acancelar":false,"mesAnoVencimentoFormatado":"05/2028","numeroRegistroFormatado":"155730041"},"empresa":{"cnpj":"05333542000108","razaoSocial":"TEVA FARMACÊUTICA LTDA.","numeroAutorizacao":"1055731","cnpjFormatado":"05.333.542/0001-08"},"processo":{"numero":"25351158399201714","situacao":29,"numeroProcessoFormatado":"25351.158399/2017-14"}},{"ordem":33,"produto":{"codigo":804682,"nome":"TACTROL","numeroRegistro":"155730027","tipo":{"codigo":1,"descricao":null},"categoria":null,"situacaoRotulo":null,"dataVencimento":null,"mesAnoVencimento":"122018","dataVencimentoRegistro":"2018-12-01T00:00:00.000-0300","principioAtivo":null,"situacaoApresentacao":"Caduco/Cancelado","dataRegistro":"2013-12-23T00:00:00.000-0300","categoriaRegulatoria":{"codigo":8,"descricao":"Similar"},"medicamentoReferencia":"ALIMTA","categoriaProduto":null,"tipoAutorizacao":"REGISTRADO","acancelar":false,"mesAnoVencimentoFormatado":"12/2018","numeroRegistroFormatado":"155730027"},"empresa":{"cnpj":"05333542000108","razaoSocial":"TEVA FARMACÊUTICA LTDA.","numeroAutorizacao":"1055731","cnpjFormatado":"05.333.542/0001-08"},"processo":{"numero":"25351000328201218","situacao":29,"numeroProcessoFormatado":"25351.000328/2012-18"}},{"ordem":34,"produto":{"codigo":814360,"nome":"TEICOPLANINA","numeroRegistro":"155730022","tipo":{"codigo":1,"descricao":null},"categoria":null,"situacaoRotulo":null,"dataVencimento":null,"mesAnoVencimento":"102017","dataVencimentoRegistro":"2017-10-01T00:00:00.000-0300","principioAtivo":null,"situacaoApresentacao":"Caduco/Cancelado","dataRegistro":"2012-10-01T00:00:00.000-0300","categoriaRegulatoria":{"codigo":5,"descricao":"Genérico"},"medicamentoReferencia":"TARGOCID","categoriaProduto":null,"tipoAutorizacao":"REGISTRADO","acancelar":false,"mesAnoVencimentoFormatado":"10/2017","numeroRegistroFormatado":"155730022"},"empresa":{"cnpj":"05333542000108","razaoSocial":"TEVA FARMACÊUTICA LTDA.","numeroAutorizacao":"1055731","cnpjFormatado":"05.333.542/0001-08"},"processo":{"numero":"25351112621201225","situacao":29,"numeroProcessoFormatado":"25351.112621/2012-25"}},{"ordem":35,"produto":{"codigo":716155,"nome":"TEICOPLANINA","numeroRegistro":"155730018","tipo":{"codigo":1,"descricao":null},"categoria":null,"situacaoRotulo":null,"dataVencimento":null,"mesAnoVencimento":"092016","dataVencimentoRegistro":"2016-09-01T00:00:00.000-0300","principioAtivo":null,"situacaoApresentacao":"Caduco/Cancelado","dataRegistro":"2011-09-19T00:00:00.000-0300","categoriaRegulatoria":{"codigo":8,"descricao":"Similar"},"medicamentoReferencia":"TARGOCID®","categoriaProduto":null,"tipoAutorizacao":"REGISTRADO","acancelar":false,"mesAnoVencimentoFormatado":"09/2016","numeroRegistroFormatado":"155730018"},"empresa":{"cnpj":"05333542000108","razaoSocial":"TEVA FARMACÊUTICA LTDA.","numeroAutorizacao":"1055731","cnpjFormatado":"05.333.542/0001-08"},"processo":{"numero":"25351503207200942","situacao":29,"numeroProcessoFormatado":"25351.503207/2009-42"}},{"ordem":36,"produto":{"codigo":1321684,"nome":"TEQUEL","numeroRegistro":"155730065","tipo":{"codigo":1,"descricao":null},"categoria":null,"situacaoRotulo":null,"dataVencimento":"2033-10-09T00:00:00.000-0300","mesAnoVencimento":"102033","dataVencimentoRegistro":"2033-10-01T00:00:00.000-0300","principioAtivo":"DOCETAXEL","situacaoApresentacao":"Válido","dataRegistro":"2023-10-09T00:00:00.000-0300","categoriaRegulatoria":{"codigo":8,"descricao":"Similar"},"medicamentoReferencia":"Taxotere","categoriaProduto":null,"tipoAutorizacao":"REGISTRADO","acancelar":false,"mesAnoVencimentoFormatado":"10/2033","numeroRegistroFormatado":"155730065"},"empresa":{"cnpj":"05333542000108","razaoSocial":"TEVA FARMACÊUTICA LTDA.","numeroAutorizacao":"1055731","cnpjFormatado":"05.333.542/0001-08"},"processo":{"numero":"25351259003201905","situacao":29,"numeroProcessoFormatado":"25351.259003/2019-05"}},{"ordem":37,"produto":{"codigo":510025,"nome":"TEVABLEO","numeroRegistro":"155730006","tipo":{"codigo":1,"descricao":null},"categoria":null,"situacaoRotulo":null,"dataVencimento":null,"mesAnoVencimento":"102022","dataVencimentoRegistro":"2022-10-01T00:00:00.000-0300","principioAtivo":null,"situacaoApresentacao":"Caduco/Cancelado","dataRegistro":"2007-10-29T00:00:00.000-0300","categoriaRegulatoria":{"codigo":8,"descricao":"Similar"},"medicamentoReferencia":null,"categoriaProduto":null,"tipoAutorizacao":"REGISTRADO","acancelar":false,"mesAnoVencimentoFormatado":"10/2022","numeroRegistroFormatado":"155730006"},"empresa":{"cnpj":"05333542000108","razaoSocial":"TEVA FARMACÊUTICA LTDA.","numeroAutorizacao":"1055731","cnpjFormatado":"05.333.542/0001-08"},"processo":{"numero":"25351476101200601","situacao":31,"numeroProcessoFormatado":"25351.476101/2006-01"}},{"ordem":38,"produto":{"codigo":508531,"nome":"TEVACARBO","numeroRegistro":"155730008","tipo":{"codigo":1,"descricao":null},"categoria":null,"situacaoRotulo":null,"dataVencimento":null,"mesAnoVencimento":"022028","dataVencimentoRegistro":"2028-02-01T00:00:00.000-0300","principioAtivo":"CARBOPLATINA","situacaoApresentacao":"Válido","dataRegistro":"2008-02-06T00:00:00.000-0300","categoriaRegulatoria":{"codigo":8,"descricao":"Similar"},"medicamentoReferencia":"PARAPLATIN","categoriaProduto":null,"tipoAutorizacao":"REGISTRADO","acancelar":false,"mesAnoVencimentoFormatado":"02/2028","numeroRegistroFormatado":"155730008"},"empresa":{"cnpj":"05333542000108","razaoSocial":"TEVA FARMACÊUTICA LTDA.","numeroAutorizacao":"1055731","cnpjFormatado":"05.333.542/0001-08"},"processo":{"numero":"25351466780200600","situacao":29,"numeroProcessoFormatado":"25351.466780/2006-00"}},{"ordem":39,"produto":{"codigo":543132,"nome":"TEVAETOPO","numeroRegistro":"155730007","tipo":{"codigo":1,"descricao":null},"categoria":null,"situacaoRotulo":null,"dataVencimento":null,"mesAnoVencimento":"122022","dataVencimentoRegistro":"2022-12-01T00:00:00.000-0300","principioAtivo":null,"situacaoApresentacao":"Caduco/Cancelado","dataRegistro":"2007-12-10T00:00:00.000-0300","categoriaRegulatoria":{"codigo":8,"descricao":"Similar"},"medicamentoReferencia":null,"categoriaProduto":null,"tipoAutorizacao":"REGISTRADO","acancelar":false,"mesAnoVencimentoFormatado":"12/2022","numeroRegistroFormatado":"155730007"},"empresa":{"cnpj":"05333542000108","razaoSocial":"TEVA FARMACÊUTICA LTDA.","numeroAutorizacao":"1055731","cnpjFormatado":"05.333.542/0001-08"},"processo":{"numero":"25351302547200772","situacao":29,"numeroProcessoFormatado":"25351.302547/2007-72"}},{"ordem":40,"produto":{"codigo":559410,"nome":"TEVAFOLIN","numeroRegistro":"155730011","tipo":{"codigo":1,"descricao":null},"categoria":null,"situacaoRotulo":null,"dataVencimento":null,"mesAnoVencimento":"052023","dataVencimentoRegistro":"2023-05-01T00:00:00.000-0300","principioAtivo":null,"situacaoApresentacao":"Caduco/Cancelado","dataRegistro":"2008-05-19T00:00:00.000-0300","categoriaRegulatoria":{"codigo":8,"descricao":"Similar"},"medicamentoReferencia":null,"categoriaProduto":null,"tipoAutorizacao":"REGISTRADO","acancelar":false,"mesAnoVencimentoFormatado":"05/2023","numeroRegistroFormatado":"155730011"},"empresa":{"cnpj":"05333542000108","razaoSocial":"TEVA FARMACÊUTICA LTDA.","numeroAutorizacao":"1055731","cnpjFormatado":"05.333.542/0001-08"},"processo":{"numero":"25351417728200701","situacao":29,"numeroProcessoFormatado":"25351.417728/2007-01"}},{"ordem":41,"produto":{"codigo":525860,"nome":"TEVAGRASTIM","numeroRegistro":"155730013","tipo":{"codigo":1,"descricao":null},"categoria":null,"situacaoRotulo":null,"dataVencimento":null,"mesAnoVencimento":"022030","dataVencimentoRegistro":"2030-02-01T00:00:00.000-0300","principioAtivo":"FILGRASTIM","situacaoApresentacao":"Válido","dataRegistro":"2010-03-01T00:00:00.000-0300","categoriaRegulatoria":{"codigo":1,"descricao":"Biológico"},"medicamentoReferencia":null,"categoriaProduto":null,"tipoAutorizacao":"REGISTRADO","acancelar":false,"mesAnoVencimentoFormatado":"02/2030","numeroRegistroFormatado":"155730013"},"empresa":{"cnpj":"05333542000108","razaoSocial":"TEVA FARMACÊUTICA LTDA.","numeroAutorizacao":"1055731","cnpjFormatado":"05.333.542/0001-08"},"processo":{"numero":"25351014128200786","situacao":29,"numeroProcessoFormatado":"25351.014128/2007-86"}},{"ordem":42,"produto":{"codigo":654232,"nome":"TEVAIRINOT","numeroRegistro":"155730012","tipo":{"codigo":1,"descricao":null},"categoria":null,"situacaoRotulo":null,"dataVencimento":null,"mesAnoVencimento":"012020","dataVencimentoRegistro":"2020-01-01T00:00:00.000-0300","principioAtivo":null,"situacaoApresentacao":"Caduco/Cancelado","dataRegistro":"2010-01-25T00:00:00.000-0300","categoriaRegulatoria":{"codigo":8,"descricao":"Similar"},"medicamentoReferencia":null,"categoriaProduto":null,"tipoAutorizacao":"REGISTRADO","acancelar":false,"mesAnoVencimentoFormatado":"01/2020","numeroRegistroFormatado":"155730012"},"empresa":{"cnpj":"05333542000108","razaoSocial":"TEVA FARMACÊUTICA LTDA.","numeroAutorizacao":"1055731","cnpjFormatado":"05.333.542/0001-08"},"processo":{"numero":"25351143828200908","situacao":29,"numeroProcessoFormatado":"25351.143828/2009-08"}},{"ordem":43,"produto":{"codigo":1103816,"nome":"TEVALIX","numeroRegistro":"155730035","tipo":{"codigo":1,"descricao":null},"categoria":null,"situacaoRotulo":null,"dataVencimento":null,"mesAnoVencimento":null,"dataVencimentoRegistro":null,"principioAtivo":null,"situacaoApresentacao":"Caduco/Cancelado","dataRegistro":"2016-05-23T00:00:00.000-0300","categoriaRegulatoria":{"codigo":8,"descricao":"Similar"},"medicamentoReferencia":"ZYVOX","categoriaProduto":null,"tipoAutorizacao":"REGISTRADO","acancelar":false,"mesAnoVencimentoFormatado":"","numeroRegistroFormatado":"155730035"},"empresa":{"cnpj":"05333542000108","razaoSocial":"TEVA FARMACÊUTICA LTDA.","numeroAutorizacao":"1055731","cnpjFormatado":"05.333.542/0001-08"},"processo":{"numero":"25351740722201399","situacao":29,"numeroProcessoFormatado":"25351.740722/2013-99"}},{"ordem":44,"produto":{"codigo":527806,"nome":"TEVAMESNA","numeroRegistro":"155730010","tipo":{"codigo":1,"descricao":null},"categoria":null,"situacaoRotulo":null,"dataVencimento":null,"mesAnoVencimento":"032018","dataVencimentoRegistro":"2018-03-01T00:00:00.000-0300","principioAtivo":null,"situacaoApresentacao":"Caduco/Cancelado","dataRegistro":"2008-03-03T00:00:00.000-0300","categoriaRegulatoria":{"codigo":8,"descricao":"Similar"},"medicamentoReferencia":null,"categoriaProduto":null,"tipoAutorizacao":"REGISTRADO","acancelar":false,"mesAnoVencimentoFormatado":"03/2018","numeroRegistroFormatado":"155730010"},"empresa":{"cnpj":"05333542000108","razaoSocial":"TEVA FARMACÊUTICA LTDA.","numeroAutorizacao":"1055731","cnpjFormatado":"05.333.542/0001-08"},"processo":{"numero":"25351150826200744","situacao":29,"numeroProcessoFormatado":"25351.150826/2007-44"}},{"ordem":45,"produto":{"codigo":507818,"nome":"TEVAMETHO","numeroRegistro":"155730002","tipo":{"codigo":1,"descricao":null},"categoria":null,"situacaoRotulo":null,"dataVencimento":null,"mesAnoVencimento":"052027","dataVencimentoRegistro":"2027-05-01T00:00:00.000-0300","principioAtivo":"METOTREXATO","situacaoApresentacao":"Válido","dataRegistro":"2007-05-14T00:00:00.000-0300","categoriaRegulatoria":{"codigo":8,"descricao":"Similar"},"medicamentoReferencia":"MIANTREX","categoriaProduto":null,"tipoAutorizacao":"REGISTRADO","acancelar":false,"mesAnoVencimentoFormatado":"05/2027","numeroRegistroFormatado":"155730002"},"empresa":{"cnpj":"05333542000108","razaoSocial":"TEVA FARMACÊUTICA LTDA.","numeroAutorizacao":"1055731","cnpjFormatado":"05.333.542/0001-08"},"processo":{"numero":"25351466075200602","situacao":29,"numeroProcessoFormatado":"25351.466075/2006-02"}},{"ordem":46,"produto":{"codigo":519260,"nome":"TEVAOXALI","numeroRegistro":"155730005","tipo":{"codigo":1,"descricao":null},"categoria":null,"situacaoRotulo":null,"dataVencimento":null,"mesAnoVencimento":"082027","dataVencimentoRegistro":"2027-08-01T00:00:00.000-0300","principioAtivo":"OXALIPLATINA","situacaoApresentacao":"Válido","dataRegistro":"2007-08-27T00:00:00.000-0300","categoriaRegulatoria":{"codigo":8,"descricao":"Similar"},"medicamentoReferencia":"ELOXATIN","categoriaProduto":null,"tipoAutorizacao":"REGISTRADO","acancelar":false,"mesAnoVencimentoFormatado":"08/2027","numeroRegistroFormatado":"155730005"},"empresa":{"cnpj":"05333542000108","razaoSocial":"TEVA FARMACÊUTICA LTDA.","numeroAutorizacao":"1055731","cnpjFormatado":"05.333.542/0001-08"},"processo":{"numero":"25351103201200793","situacao":29,"numeroProcessoFormatado":"25351.103201/2007-93"}},{"ordem":47,"produto":{"codigo":510651,"nome":"TEVAPACLI","numeroRegistro":"155730004","tipo":{"codigo":1,"descricao":null},"categoria":null,"situacaoRotulo":null,"dataVencimento":null,"mesAnoVencimento":"072017","dataVencimentoRegistro":"2017-07-01T00:00:00.000-0300","principioAtivo":null,"situacaoApresentacao":"Caduco/Cancelado","dataRegistro":"2007-07-02T00:00:00.000-0300","categoriaRegulatoria":{"codigo":8,"descricao":"Similar"},"medicamentoReferencia":null,"categoriaProduto":null,"tipoAutorizacao":"REGISTRADO","acancelar":false,"mesAnoVencimentoFormatado":"07/2017","numeroRegistroFormatado":"155730004"},"empresa":{"cnpj":"05333542000108","razaoSocial":"TEVA FARMACÊUTICA LTDA.","numeroAutorizacao":"1055731","cnpjFormatado":"05.333.542/0001-08"},"processo":{"numero":"25351498485200612","situacao":29,"numeroProcessoFormatado":"25351.498485/2006-12"}},{"ordem":48,"produto":{"codigo":657145,"nome":"TEVAVINBLA","numeroRegistro":"155730029","tipo":{"codigo":1,"descricao":null},"categoria":null,"situacaoRotulo":null,"dataVencimento":null,"mesAnoVencimento":"082019","dataVencimentoRegistro":"2019-08-01T00:00:00.000-0300","principioAtivo":null,"situacaoApresentacao":"Caduco/Cancelado","dataRegistro":"2014-08-04T00:00:00.000-0300","categoriaRegulatoria":{"codigo":8,"descricao":"Similar"},"medicamentoReferencia":"FAULBLASTINA","categoriaProduto":null,"tipoAutorizacao":"REGISTRADO","acancelar":false,"mesAnoVencimentoFormatado":"08/2019","numeroRegistroFormatado":"155730029"},"empresa":{"cnpj":"05333542000108","razaoSocial":"TEVA FARMACÊUTICA LTDA.","numeroAutorizacao":"1055731","cnpjFormatado":"05.333.542/0001-08"},"processo":{"numero":"25351142612200905","situacao":29,"numeroProcessoFormatado":"25351.142612/2009-05"}},{"ordem":49,"produto":{"codigo":516926,"nome":"TEVAVINOR","numeroRegistro":"155730003","tipo":{"codigo":1,"descricao":null},"categoria":null,"situacaoRotulo":null,"dataVencimento":null,"mesAnoVencimento":"062022","dataVencimentoRegistro":"2022-06-01T00:00:00.000-0300","principioAtivo":null,"situacaoApresentacao":"Caduco/Cancelado","dataRegistro":"2007-06-18T00:00:00.000-0300","categoriaRegulatoria":{"codigo":8,"descricao":"Similar"},"medicamentoReferencia":null,"categoriaProduto":null,"tipoAutorizacao":"REGISTRADO","acancelar":false,"mesAnoVencimentoFormatado":"06/2022","numeroRegistroFormatado":"155730003"},"empresa":{"cnpj":"05333542000108","razaoSocial":"TEVA FARMACÊUTICA LTDA.","numeroAutorizacao":"1055731","cnpjFormatado":"05.333.542/0001-08"},"processo":{"numero":"25351056881200749","situacao":29,"numeroProcessoFormatado":"25351.056881/2007-49"}},{"ordem":50,"produto":{"codigo":1204776,"nome":"TEVAZI","numeroRegistro":"155730044","tipo":{"codigo":1,"descricao":null},"categoria":null,"situacaoRotulo":null,"dataVencimento":null,"mesAnoVencimento":"072028","dataVencimentoRegistro":"2028-07-01T00:00:00.000-0300","principioAtivo":null,"situacaoApresentacao":"Caduco/Cancelado","dataRegistro":"2018-07-23T00:00:00.000-0300","categoriaRegulatoria":{"codigo":8,"descricao":"Similar"},"medicamentoReferencia":"ZITROMAX®","categoriaProduto":null,"tipoAutorizacao":"REGISTRADO","acancelar":false,"mesAnoVencimentoFormatado":"07/2028","numeroRegistroFormatado":"155730044"},"empresa":{"cnpj":"05333542000108","razaoSocial":"TEVA FARMACÊUTICA LTDA.","numeroAutorizacao":"1055731","cnpjFormatado":"05.333.542/0001-08"},"processo":{"numero":"25351495199201740","situacao":29,"numeroProcessoFormatado":"25351.495199/2017-40"}},{"ordem":51,"produto":{"codigo":859263,"nome":"TOBRAMICINA","numeroRegistro":"155730024","tipo":{"codigo":1,"descricao":null},"categoria":null,"situacaoRotulo":null,"dataVencimento":null,"mesAnoVencimento":"102018","dataVencimentoRegistro":"2018-10-01T00:00:00.000-0300","principioAtivo":null,"situacaoApresentacao":"Caduco/Cancelado","dataRegistro":"2013-10-14T00:00:00.000-0300","categoriaRegulatoria":{"codigo":5,"descricao":"Genérico"},"medicamentoReferencia":"TOBI","categoriaProduto":null,"tipoAutorizacao":"REGISTRADO","acancelar":false,"mesAnoVencimentoFormatado":"10/2018","numeroRegistroFormatado":"155730024"},"empresa":{"cnpj":"05333542000108","razaoSocial":"TEVA FARMACÊUTICA LTDA.","numeroAutorizacao":"1055731","cnpjFormatado":"05.333.542/0001-08"},"processo":{"numero":"25351599473201211","situacao":29,"numeroProcessoFormatado":"25351.599473/2012-11"}},{"ordem":52,"produto":{"codigo":919510,"nome":"TOBRAZOL","numeroRegistro":"155730026","tipo":{"codigo":1,"descricao":null},"categoria":null,"situacaoRotulo":null,"dataVencimento":null,"mesAnoVencimento":"102028","dataVencimentoRegistro":"2028-10-01T00:00:00.000-0300","principioAtivo":"TOBRAMICINA","situacaoApresentacao":"Válido","dataRegistro":"2013-10-28T00:00:00.000-0300","categoriaRegulatoria":{"codigo":8,"descricao":"Similar"},"medicamentoReferencia":"TOBI","categoriaProduto":null,"tipoAutorizacao":"REGISTRADO","acancelar":false,"mesAnoVencimentoFormatado":"10/2028","numeroRegistroFormatado":"155730026"},"empresa":{"cnpj":"05333542000108","razaoSocial":"TEVA FARMACÊUTICA LTDA.","numeroAutorizacao":"1055731","cnpjFormatado":"05.333.542/0001-08"},"processo":{"numero":"25351614061201253","situacao":29,"numeroProcessoFormatado":"25351.614061/2012-53"}},{"ordem":53,"produto":{"codigo":1206523,"nome":"TRISENOX","numeroRegistro":"155730037","tipo":{"codigo":1,"descricao":null},"categoria":null,"situacaoRotulo":null,"dataVencimento":null,"mesAnoVencimento":"052029","dataVencimentoRegistro":"2029-05-01T00:00:00.000-0300","principioAtivo":"TRIÓXIDO DE ARSÊNIO","situacaoApresentacao":"Válido","dataRegistro":"2017-10-02T00:00:00.000-0300","categoriaRegulatoria":{"codigo":6,"descricao":"Novo"},"medicamentoReferencia":null,"categoriaProduto":null,"tipoAutorizacao":"REGISTRADO","acancelar":false,"mesAnoVencimentoFormatado":"05/2029","numeroRegistroFormatado":"155730037"},"empresa":{"cnpj":"05333542000108","razaoSocial":"TEVA FARMACÊUTICA LTDA.","numeroAutorizacao":"1055731","cnpjFormatado":"05.333.542/0001-08"},"processo":{"numero":"25351510357201707","situacao":29,"numeroProcessoFormatado":"25351.510357/2017-07"}},{"ordem":54,"produto":{"codigo":805327,"nome":"ZOELY","numeroRegistro":"155730030","tipo":{"codigo":1,"descricao":null},"categoria":null,"situacaoRotulo":null,"dataVencimento":null,"mesAnoVencimento":"082019","dataVencimentoRegistro":"2019-08-01T00:00:00.000-0300","principioAtivo":null,"situacaoApresentacao":"Caduco/Cancelado","dataRegistro":"2014-08-04T00:00:00.000-0300","categoriaRegulatoria":{"codigo":8,"descricao":"Similar"},"medicamentoReferencia":"STEZZA","categoriaProduto":null,"tipoAutorizacao":"REGISTRADO","acancelar":false,"mesAnoVencimentoFormatado":"08/2019","numeroRegistroFormatado":"155730030"},"empresa":{"cnpj":"05333542000108","razaoSocial":"TEVA FARMACÊUTICA LTDA.","numeroAutorizacao":"1055731","cnpjFormatado":"05.333.542/0001-08"},"processo":{"numero":"25351007258201260","situacao":29,"numeroProcessoFormatado":"25351.007258/2012-60"}},{"ordem":55,"produto":{"codigo":1402461,"nome":"acetato de abiraterona","numeroRegistro":"155730051","tipo":{"codigo":1,"descricao":null},"categoria":null,"situacaoRotulo":null,"dataVencimento":null,"mesAnoVencimento":"042030","dataVencimentoRegistro":"2030-04-01T00:00:00.000-0300","principioAtivo":"acetato de abiraterona","situacaoApresentacao":"Válido","dataRegistro":"2020-04-06T00:00:00.000-0300","categoriaRegulatoria":{"codigo":5,"descricao":"Genérico"},"medicamentoReferencia":"Zytiga","categoriaProduto":null,"tipoAutorizacao":"REGISTRADO","acancelar":false,"mesAnoVencimentoFormatado":"04/2030","numeroRegistroFormatado":"155730051"},"empresa":{"cnpj":"05333542000108","razaoSocial":"TEVA FARMACÊUTICA LTDA.","numeroAutorizacao":"1055731","cnpjFormatado":"05.333.542/0001-08"},"processo":{"numero":"25351048907202052","situacao":29,"numeroProcessoFormatado":"25351.048907/2020-52"}},{"ordem":56,"produto":{"codigo":3625253,"nome":"acetato de glatirâmer","numeroRegistro":"155730064","tipo":{"codigo":1,"descricao":null},"categoria":null,"situacaoRotulo":null,"dataVencimento":null,"mesAnoVencimento":null,"dataVencimentoRegistro":null,"principioAtivo":"ACETATO DE GLATIRÂMER","situacaoApresentacao":"Válido","dataRegistro":"2023-08-21T00:00:00.000-0300","categoriaRegulatoria":{"codigo":5,"descricao":"Genérico"},"medicamentoReferencia":"COPAXONE","categoriaProduto":null,"tipoAutorizacao":"REGISTRADO","acancelar":false,"mesAnoVencimentoFormatado":"","numeroRegistroFormatado":"155730064"},"empresa":{"cnpj":"05333542000108","razaoSocial":"TEVA FARMACÊUTICA LTDA.","numeroAutorizacao":"1055731","cnpjFormatado":"05.333.542/0001-08"},"processo":{"numero":"25351370500202351","situacao":29,"numeroProcessoFormatado":"25351.370500/2023-51"}},{"ordem":57,"produto":{"codigo":1687509,"nome":"acetato de glatirâmer","numeroRegistro":"155730056","tipo":{"codigo":1,"descricao":null},"categoria":null,"situacaoRotulo":null,"dataVencimento":null,"mesAnoVencimento":"112030","dataVencimentoRegistro":"2030-11-01T00:00:00.000-0300","principioAtivo":null,"situacaoApresentacao":"Caduco/Cancelado","dataRegistro":"2020-11-30T00:00:00.000-0300","categoriaRegulatoria":{"codigo":5,"descricao":"Genérico"},"medicamentoReferencia":"COPAXONE","categoriaProduto":null,"tipoAutorizacao":"REGISTRADO","acancelar":false,"mesAnoVencimentoFormatado":"11/2030","numeroRegistroFormatado":"155730056"},"empresa":{"cnpj":"05333542000108","razaoSocial":"TEVA FARMACÊUTICA LTDA.","numeroAutorizacao":"1055731","cnpjFormatado":"05.333.542/0001-08"},"processo":{"numero":"25351504598202012","situacao":29,"numeroProcessoFormatado":"25351.504598/2020-12"}},{"ordem":58,"produto":{"codigo":3590565,"nome":"agomelatina","numeroRegistro":"155730063","tipo":{"codigo":1,"descricao":null},"categoria":null,"situacaoRotulo":null,"dataVencimento":null,"mesAnoVencimento":"042033","dataVencimentoRegistro":"2033-04-01T00:00:00.000-0300","principioAtivo":"AGOMELATINA","situacaoApresentacao":"Válido","dataRegistro":"2023-04-17T00:00:00.000-0300","categoriaRegulatoria":{"codigo":5,"descricao":"Genérico"},"medicamentoReferencia":"VALDOXAN","categoriaProduto":null,"tipoAutorizacao":"REGISTRADO","acancelar":false,"mesAnoVencimentoFormatado":"04/2033","numeroRegistroFormatado":"155730063"},"empresa":{"cnpj":"05333542000108","razaoSocial":"TEVA FARMACÊUTICA LTDA.","numeroAutorizacao":"1055731","cnpjFormatado":"05.333.542/0001-08"},"processo":{"numero":"25351057723202164","situacao":29,"numeroProcessoFormatado":"25351.057723/2021-64"}},{"ordem":59,"produto":{"codigo":1781304,"nome":"cloridrato de bendamustina","numeroRegistro":"155730039","tipo":{"codigo":1,"descricao":null},"categoria":null,"situacaoRotulo":null,"dataVencimento":null,"mesAnoVencimento":"042032","dataVencimentoRegistro":"2032-04-01T00:00:00.000-0300","principioAtivo":"CLORIDRATO DE BENDAMUSTINA","situacaoApresentacao":"Válido","dataRegistro":"2022-04-07T00:00:00.000-0300","categoriaRegulatoria":{"codigo":5,"descricao":"Genérico"},"medicamentoReferencia":"RIBOMUSTIN","categoriaProduto":null,"tipoAutorizacao":"REGISTRADO","acancelar":false,"mesAnoVencimentoFormatado":"04/2032","numeroRegistroFormatado":"155730039"},"empresa":{"cnpj":"05333542000108","razaoSocial":"TEVA FARMACÊUTICA LTDA.","numeroAutorizacao":"1055731","cnpjFormatado":"05.333.542/0001-08"},"processo":{"numero":"25351702106202044","situacao":29,"numeroProcessoFormatado":"25351.702106/2020-44"}},{"ordem":60,"produto":{"codigo":1208797,"nome":"cloridrato de fingolimode","numeroRegistro":"155730040","tipo":{"codigo":1,"descricao":null},"categoria":null,"situacaoRotulo":null,"dataVencimento":null,"mesAnoVencimento":"052028","dataVencimentoRegistro":"2028-05-01T00:00:00.000-0300","principioAtivo":"cloridrato de fingolimode","situacaoApresentacao":"Válido","dataRegistro":"2018-05-07T00:00:00.000-0300","categoriaRegulatoria":{"codigo":5,"descricao":"Genérico"},"medicamentoReferencia":"Gilenya","categoriaProduto":null,"tipoAutorizacao":"REGISTRADO","acancelar":false,"mesAnoVencimentoFormatado":"05/2028","numeroRegistroFormatado":"155730040"},"empresa":{"cnpj":"05333542000108","razaoSocial":"TEVA FARMACÊUTICA LTDA.","numeroAutorizacao":"1055731","cnpjFormatado":"05.333.542/0001-08"},"processo":{"numero":"25351545165201711","situacao":29,"numeroProcessoFormatado":"25351.545165/2017-11"}},{"ordem":61,"produto":{"codigo":2629841,"nome":"cloridrato de metilfenidato","numeroRegistro":"155730059","tipo":{"codigo":1,"descricao":null},"categoria":null,"situacaoRotulo":null,"dataVencimento":null,"mesAnoVencimento":"122031","dataVencimentoRegistro":"2031-12-01T00:00:00.000-0300","principioAtivo":"CLORIDRATO DE METILFENIDATO","situacaoApresentacao":"Válido","dataRegistro":"2021-12-27T00:00:00.000-0300","categoriaRegulatoria":{"codigo":5,"descricao":"Genérico"},"medicamentoReferencia":"CONCERTA","categoriaProduto":null,"tipoAutorizacao":"REGISTRADO","acancelar":false,"mesAnoVencimentoFormatado":"12/2031","numeroRegistroFormatado":"155730059"},"empresa":{"cnpj":"05333542000108","razaoSocial":"TEVA FARMACÊUTICA LTDA.","numeroAutorizacao":"1055731","cnpjFormatado":"05.333.542/0001-08"},"processo":{"numero":"25351040416202144","situacao":29,"numeroProcessoFormatado":"25351.040416/2021-44"}},{"ordem":62,"produto":{"codigo":3482317,"nome":"dasatinibe monoidratado","numeroRegistro":"155730066","tipo":{"codigo":1,"descricao":null},"categoria":null,"situacaoRotulo":null,"dataVencimento":"2033-10-30T00:00:00.000-0300","mesAnoVencimento":"102033","dataVencimentoRegistro":"2033-10-01T00:00:00.000-0300","principioAtivo":"dasatinibe monoidratado","situacaoApresentacao":"Válido","dataRegistro":"2023-10-30T00:00:00.000-0300","categoriaRegulatoria":{"codigo":5,"descricao":"Genérico"},"medicamentoReferencia":"SPRYCEL","categoriaProduto":null,"tipoAutorizacao":"REGISTRADO","acancelar":false,"mesAnoVencimentoFormatado":"10/2033","numeroRegistroFormatado":"155730066"},"empresa":{"cnpj":"05333542000108","razaoSocial":"TEVA FARMACÊUTICA LTDA.","numeroAutorizacao":"1055731","cnpjFormatado":"05.333.542/0001-08"},"processo":{"numero":"25351133690202247","situacao":29,"numeroProcessoFormatado":"25351.133690/2022-47"}},{"ordem":63,"produto":{"codigo":1298479,"nome":"deferasirox","numeroRegistro":"155730054","tipo":{"codigo":1,"descricao":null},"categoria":null,"situacaoRotulo":null,"dataVencimento":null,"mesAnoVencimento":"082030","dataVencimentoRegistro":"2030-08-01T00:00:00.000-0300","principioAtivo":"deferasirox","situacaoApresentacao":"Válido","dataRegistro":"2020-08-24T00:00:00.000-0300","categoriaRegulatoria":{"codigo":5,"descricao":"Genérico"},"medicamentoReferencia":"Exjade®","categoriaProduto":null,"tipoAutorizacao":"REGISTRADO","acancelar":false,"mesAnoVencimentoFormatado":"08/2030","numeroRegistroFormatado":"155730054"},"empresa":{"cnpj":"05333542000108","razaoSocial":"TEVA FARMACÊUTICA LTDA.","numeroAutorizacao":"1055731","cnpjFormatado":"05.333.542/0001-08"},"processo":{"numero":"25351855212201805","situacao":29,"numeroProcessoFormatado":"25351.855212/2018-05"}},{"ordem":64,"produto":{"codigo":1407511,"nome":"mesilato de rasagilina","numeroRegistro":"155730052","tipo":{"codigo":1,"descricao":null},"categoria":null,"situacaoRotulo":null,"dataVencimento":"2020-06-01T00:00:00.000-0300","mesAnoVencimento":"052030","dataVencimentoRegistro":"2030-05-01T00:00:00.000-0300","principioAtivo":"mesilato de rasagilina","situacaoApresentacao":"Válido","dataRegistro":"2020-05-11T00:00:00.000-0300","categoriaRegulatoria":{"codigo":5,"descricao":"Genérico"},"medicamentoReferencia":"AZILECT","categoriaProduto":null,"tipoAutorizacao":"REGISTRADO","acancelar":false,"mesAnoVencimentoFormatado":"05/2030","numeroRegistroFormatado":"155730052"},"empresa":{"cnpj":"05333542000108","razaoSocial":"TEVA FARMACÊUTICA LTDA.","numeroAutorizacao":"1055731","cnpjFormatado":"05.333.542/0001-08"},"processo":{"numero":"25351207571202076","situacao":29,"numeroProcessoFormatado":"25351.207571/2020-76"}},{"ordem":65,"produto":{"codigo":3557020,"nome":"parecoxibe sódico","numeroRegistro":"155730067","tipo":{"codigo":1,"descricao":null},"categoria":null,"situacaoRotulo":null,"dataVencimento":"2033-11-27T00:00:00.000-0300","mesAnoVencimento":"112033","dataVencimentoRegistro":"2033-11-01T00:00:00.000-0300","principioAtivo":"PARECOXIBE SÓDICO","situacaoApresentacao":"Válido","dataRegistro":"2023-11-27T00:00:00.000-0300","categoriaRegulatoria":{"codigo":5,"descricao":"Genérico"},"medicamentoReferencia":"BEXTRA IM/IV","categoriaProduto":null,"tipoAutorizacao":"REGISTRADO","acancelar":false,"mesAnoVencimentoFormatado":"11/2033","numeroRegistroFormatado":"155730067"},"empresa":{"cnpj":"05333542000108","razaoSocial":"TEVA FARMACÊUTICA LTDA.","numeroAutorizacao":"1055731","cnpjFormatado":"05.333.542/0001-08"},"processo":{"numero":"25351353674202279","situacao":29,"numeroProcessoFormatado":"25351.353674/2022-79"}},{"ordem":66,"produto":{"codigo":2190629,"nome":"sugamadex sódico","numeroRegistro":"155730043","tipo":{"codigo":1,"descricao":null},"categoria":null,"situacaoRotulo":null,"dataVencimento":null,"mesAnoVencimento":"042032","dataVencimentoRegistro":"2032-04-01T00:00:00.000-0300","principioAtivo":"SUGAMADEX SÓDICO","situacaoApresentacao":"Válido","dataRegistro":"2022-04-07T00:00:00.000-0300","categoriaRegulatoria":{"codigo":5,"descricao":"Genérico"},"medicamentoReferencia":"BRIDION","categoriaProduto":null,"tipoAutorizacao":"REGISTRADO","acancelar":false,"mesAnoVencimentoFormatado":"04/2032","numeroRegistroFormatado":"155730043"},"empresa":{"cnpj":"05333542000108","razaoSocial":"TEVA FARMACÊUTICA LTDA.","numeroAutorizacao":"1055731","cnpjFormatado":"05.333.542/0001-08"},"processo":{"numero":"25351457749202117","situacao":29,"numeroProcessoFormatado":"25351.457749/2021-17"}}],"totalElements":66,"totalPages":1,"last":true,"numberOfElements":66,"first":true,"sort":null,"size":1000,"number":0}