{"content":[{"ordem":1,"produto":{"codigo":863477,"nome":"ARIPIPRAZOL","numeroRegistro":"156490007","tipo":{"codigo":1,"descricao":null},"categoria":null,"situacaoRotulo":null,"dataVencimento":null,"mesAnoVencimento":"022026","dataVencimentoRegistro":"2026-02-01T00:00:00.000-0300","principioAtivo":"ARIPIPRAZOL","situacaoApresentacao":"Válido","dataRegistro":"2016-02-01T00:00:00.000-0300","categoriaRegulatoria":{"codigo":5,"descricao":"Genérico"},"medicamentoReferencia":"ABILIFY","categoriaProduto":null,"tipoAutorizacao":"REGISTRADO","acancelar":false,"numeroRegistroFormatado":"156490007","mesAnoVencimentoFormatado":"02/2026"},"empresa":{"cnpj":"05399786000185","razaoSocial":"UNICHEM FARMACÊUTICA DO BRASIL LTDA","numeroAutorizacao":"1056494","cnpjFormatado":"05.399.786/0001-85"},"processo":{"numero":"25351643872201243","situacao":29,"numeroProcessoFormatado":"25351.643872/2012-43"}},{"ordem":2,"produto":{"codigo":819912,"nome":"CLORIDRATO DE TIZANIDINA","numeroRegistro":"156490008","tipo":{"codigo":1,"descricao":null},"categoria":null,"situacaoRotulo":null,"dataVencimento":null,"mesAnoVencimento":"032026","dataVencimentoRegistro":"2026-03-01T00:00:00.000-0300","principioAtivo":"CLORIDRATO DE TIZANIDINA","situacaoApresentacao":"Válido","dataRegistro":"2016-03-07T00:00:00.000-0300","categoriaRegulatoria":{"codigo":5,"descricao":"Genérico"},"medicamentoReferencia":"SIRDALUD","categoriaProduto":null,"tipoAutorizacao":"REGISTRADO","acancelar":false,"numeroRegistroFormatado":"156490008","mesAnoVencimentoFormatado":"03/2026"},"empresa":{"cnpj":"05399786000185","razaoSocial":"UNICHEM FARMACÊUTICA DO BRASIL LTDA","numeroAutorizacao":"1056494","cnpjFormatado":"05.399.786/0001-85"},"processo":{"numero":"25351183445201293","situacao":29,"numeroProcessoFormatado":"25351.183445/2012-93"}},{"ordem":3,"produto":{"codigo":558255,"nome":"FUMARATO DE BISOPROLOL+ HIDROCLOROTIAZIDA","numeroRegistro":"156490004","tipo":{"codigo":1,"descricao":null},"categoria":null,"situacaoRotulo":null,"dataVencimento":null,"mesAnoVencimento":"062029","dataVencimentoRegistro":"2029-06-01T00:00:00.000-0300","principioAtivo":"hemiFUMARATO DE BISOPROLOL, HIDROCLOROTIAZIDA","situacaoApresentacao":"Válido","dataRegistro":"2009-06-01T00:00:00.000-0300","categoriaRegulatoria":{"codigo":5,"descricao":"Genérico"},"medicamentoReferencia":"Biconcor","categoriaProduto":null,"tipoAutorizacao":"REGISTRADO","acancelar":false,"numeroRegistroFormatado":"156490004","mesAnoVencimentoFormatado":"06/2029"},"empresa":{"cnpj":"05399786000185","razaoSocial":"UNICHEM FARMACÊUTICA DO BRASIL LTDA","numeroAutorizacao":"1056494","cnpjFormatado":"05.399.786/0001-85"},"processo":{"numero":"25351463257200702","situacao":29,"numeroProcessoFormatado":"25351.463257/2007-02"}},{"ordem":4,"produto":{"codigo":798006,"nome":"LAMOTRIGINA","numeroRegistro":"156490009","tipo":{"codigo":1,"descricao":null},"categoria":null,"situacaoRotulo":null,"dataVencimento":null,"mesAnoVencimento":"062026","dataVencimentoRegistro":"2026-06-01T00:00:00.000-0300","principioAtivo":"LAMOTRIGINA","situacaoApresentacao":"Válido","dataRegistro":"2016-06-13T00:00:00.000-0300","categoriaRegulatoria":{"codigo":5,"descricao":"Genérico"},"medicamentoReferencia":"LAMICTAL","categoriaProduto":null,"tipoAutorizacao":"REGISTRADO","acancelar":false,"numeroRegistroFormatado":"156490009","mesAnoVencimentoFormatado":"06/2026"},"empresa":{"cnpj":"05399786000185","razaoSocial":"UNICHEM FARMACÊUTICA DO BRASIL LTDA","numeroAutorizacao":"1056494","cnpjFormatado":"05.399.786/0001-85"},"processo":{"numero":"25351710190201116","situacao":29,"numeroProcessoFormatado":"25351.710190/2011-16"}},{"ordem":5,"produto":{"codigo":553606,"nome":"PREBLOC - H","numeroRegistro":"156490005","tipo":{"codigo":1,"descricao":null},"categoria":null,"situacaoRotulo":null,"dataVencimento":null,"mesAnoVencimento":"042015","dataVencimentoRegistro":"2015-04-01T00:00:00.000-0300","principioAtivo":null,"situacaoApresentacao":"Caduco/Cancelado","dataRegistro":"2010-04-19T00:00:00.000-0300","categoriaRegulatoria":{"codigo":8,"descricao":"Similar"},"medicamentoReferencia":null,"categoriaProduto":null,"tipoAutorizacao":"REGISTRADO","acancelar":false,"numeroRegistroFormatado":"156490005","mesAnoVencimentoFormatado":"04/2015"},"empresa":{"cnpj":"05399786000185","razaoSocial":"UNICHEM FARMACÊUTICA DO BRASIL LTDA","numeroAutorizacao":"1056494","cnpjFormatado":"05.399.786/0001-85"},"processo":{"numero":"25351463833200711","situacao":29,"numeroProcessoFormatado":"25351.463833/2007-11"}},{"ordem":6,"produto":{"codigo":774895,"nome":"aceclofenaco","numeroRegistro":"156490012","tipo":{"codigo":1,"descricao":null},"categoria":null,"situacaoRotulo":null,"dataVencimento":null,"mesAnoVencimento":"072029","dataVencimentoRegistro":"2029-07-01T00:00:00.000-0300","principioAtivo":"ACECLOFENACO","situacaoApresentacao":"Válido","dataRegistro":"2019-07-15T00:00:00.000-0300","categoriaRegulatoria":{"codigo":5,"descricao":"Genérico"},"medicamentoReferencia":"PROFLAM","categoriaProduto":null,"tipoAutorizacao":"REGISTRADO","acancelar":false,"numeroRegistroFormatado":"156490012","mesAnoVencimentoFormatado":"07/2029"},"empresa":{"cnpj":"05399786000185","razaoSocial":"UNICHEM FARMACÊUTICA DO BRASIL LTDA","numeroAutorizacao":"1056494","cnpjFormatado":"05.399.786/0001-85"},"processo":{"numero":"25351477772201184","situacao":29,"numeroProcessoFormatado":"25351.477772/2011-84"}},{"ordem":7,"produto":{"codigo":492150,"nome":"amoxicilina","numeroRegistro":"156490003","tipo":{"codigo":1,"descricao":null},"categoria":null,"situacaoRotulo":null,"dataVencimento":null,"mesAnoVencimento":"032028","dataVencimentoRegistro":"2028-03-01T00:00:00.000-0300","principioAtivo":"AMOXICILINA TRI-hIDRATADA","situacaoApresentacao":"Válido","dataRegistro":"2008-03-17T00:00:00.000-0300","categoriaRegulatoria":{"codigo":5,"descricao":"Genérico"},"medicamentoReferencia":"Amoxil ®","categoriaProduto":null,"tipoAutorizacao":"REGISTRADO","acancelar":false,"numeroRegistroFormatado":"156490003","mesAnoVencimentoFormatado":"03/2028"},"empresa":{"cnpj":"05399786000185","razaoSocial":"UNICHEM FARMACÊUTICA DO BRASIL LTDA","numeroAutorizacao":"1056494","cnpjFormatado":"05.399.786/0001-85"},"processo":{"numero":"25351339344200651","situacao":29,"numeroProcessoFormatado":"25351.339344/2006-51"}},{"ordem":8,"produto":{"codigo":1222178,"nome":"cloridrato de donepezila","numeroRegistro":"156490013","tipo":{"codigo":1,"descricao":null},"categoria":null,"situacaoRotulo":null,"dataVencimento":null,"mesAnoVencimento":"082029","dataVencimentoRegistro":"2029-08-01T00:00:00.000-0300","principioAtivo":"CLORIDRATO DE DONEPEZILA","situacaoApresentacao":"Válido","dataRegistro":"2019-08-12T00:00:00.000-0300","categoriaRegulatoria":{"codigo":5,"descricao":"Genérico"},"medicamentoReferencia":"Eranz","categoriaProduto":null,"tipoAutorizacao":"REGISTRADO","acancelar":false,"numeroRegistroFormatado":"156490013","mesAnoVencimentoFormatado":"08/2029"},"empresa":{"cnpj":"05399786000185","razaoSocial":"UNICHEM FARMACÊUTICA DO BRASIL LTDA","numeroAutorizacao":"1056494","cnpjFormatado":"05.399.786/0001-85"},"processo":{"numero":"25351301607201392","situacao":29,"numeroProcessoFormatado":"25351.301607/2013-92"}},{"ordem":9,"produto":{"codigo":688356,"nome":"cloridrato de fexofenadina","numeroRegistro":"156490006","tipo":{"codigo":1,"descricao":null},"categoria":null,"situacaoRotulo":null,"dataVencimento":null,"mesAnoVencimento":"012029","dataVencimentoRegistro":"2029-01-01T00:00:00.000-0300","principioAtivo":"CLORIDRATO DE FEXOFENADINA","situacaoApresentacao":"Válido","dataRegistro":"2014-01-20T00:00:00.000-0300","categoriaRegulatoria":{"codigo":5,"descricao":"Genérico"},"medicamentoReferencia":"ALLEGRA","categoriaProduto":null,"tipoAutorizacao":"REGISTRADO","acancelar":false,"numeroRegistroFormatado":"156490006","mesAnoVencimentoFormatado":"01/2029"},"empresa":{"cnpj":"05399786000185","razaoSocial":"UNICHEM FARMACÊUTICA DO BRASIL LTDA","numeroAutorizacao":"1056494","cnpjFormatado":"05.399.786/0001-85"},"processo":{"numero":"25351337320200917","situacao":29,"numeroProcessoFormatado":"25351.337320/2009-17"}},{"ordem":10,"produto":{"codigo":721831,"nome":"cloridrato de memantina","numeroRegistro":"156490010","tipo":{"codigo":1,"descricao":null},"categoria":null,"situacaoRotulo":null,"dataVencimento":null,"mesAnoVencimento":"092028","dataVencimentoRegistro":"2028-09-01T00:00:00.000-0300","principioAtivo":"CLORIDRATO DE MEMANTINA","situacaoApresentacao":"Válido","dataRegistro":"2018-09-03T00:00:00.000-0300","categoriaRegulatoria":{"codigo":5,"descricao":"Genérico"},"medicamentoReferencia":"EBIX","categoriaProduto":null,"tipoAutorizacao":"REGISTRADO","acancelar":false,"numeroRegistroFormatado":"156490010","mesAnoVencimentoFormatado":"09/2028"},"empresa":{"cnpj":"05399786000185","razaoSocial":"UNICHEM FARMACÊUTICA DO BRASIL LTDA","numeroAutorizacao":"1056494","cnpjFormatado":"05.399.786/0001-85"},"processo":{"numero":"25351641326201097","situacao":29,"numeroProcessoFormatado":"25351.641326/2010-97"}},{"ordem":11,"produto":{"codigo":1221345,"nome":"hemitartarato de zolpidem","numeroRegistro":"156490015","tipo":{"codigo":1,"descricao":null},"categoria":null,"situacaoRotulo":null,"dataVencimento":null,"mesAnoVencimento":"082030","dataVencimentoRegistro":"2030-08-01T00:00:00.000-0300","principioAtivo":"HEMITARTARATO DE ZOLPIDEM","situacaoApresentacao":"Válido","dataRegistro":"2020-08-24T00:00:00.000-0300","categoriaRegulatoria":{"codigo":5,"descricao":"Genérico"},"medicamentoReferencia":"Stilnox","categoriaProduto":null,"tipoAutorizacao":"REGISTRADO","acancelar":false,"numeroRegistroFormatado":"156490015","mesAnoVencimentoFormatado":"08/2030"},"empresa":{"cnpj":"05399786000185","razaoSocial":"UNICHEM FARMACÊUTICA DO BRASIL LTDA","numeroAutorizacao":"1056494","cnpjFormatado":"05.399.786/0001-85"},"processo":{"numero":"25351668314201710","situacao":29,"numeroProcessoFormatado":"25351.668314/2017-10"}},{"ordem":12,"produto":{"codigo":790194,"nome":"losartana potassica","numeroRegistro":"156490011","tipo":{"codigo":1,"descricao":null},"categoria":null,"situacaoRotulo":null,"dataVencimento":null,"mesAnoVencimento":"092028","dataVencimentoRegistro":"2028-09-01T00:00:00.000-0300","principioAtivo":"losartana potássica","situacaoApresentacao":"Válido","dataRegistro":"2018-09-03T00:00:00.000-0300","categoriaRegulatoria":{"codigo":5,"descricao":"Genérico"},"medicamentoReferencia":"COZAAR","categoriaProduto":null,"tipoAutorizacao":"REGISTRADO","acancelar":false,"numeroRegistroFormatado":"156490011","mesAnoVencimentoFormatado":"09/2028"},"empresa":{"cnpj":"05399786000185","razaoSocial":"UNICHEM FARMACÊUTICA DO BRASIL LTDA","numeroAutorizacao":"1056494","cnpjFormatado":"05.399.786/0001-85"},"processo":{"numero":"25351639477201196","situacao":29,"numeroProcessoFormatado":"25351.639477/2011-96"}},{"ordem":13,"produto":{"codigo":440895,"nome":"meloxicam","numeroRegistro":"156490001","tipo":{"codigo":1,"descricao":null},"categoria":null,"situacaoRotulo":null,"dataVencimento":null,"mesAnoVencimento":"012026","dataVencimentoRegistro":"2026-01-01T00:00:00.000-0300","principioAtivo":"MELOXICAM","situacaoApresentacao":"Válido","dataRegistro":"2006-01-16T00:00:00.000-0300","categoriaRegulatoria":{"codigo":5,"descricao":"Genérico"},"medicamentoReferencia":"MOVATEC","categoriaProduto":null,"tipoAutorizacao":"REGISTRADO","acancelar":false,"numeroRegistroFormatado":"156490001","mesAnoVencimentoFormatado":"01/2026"},"empresa":{"cnpj":"05399786000185","razaoSocial":"UNICHEM FARMACÊUTICA DO BRASIL LTDA","numeroAutorizacao":"1056494","cnpjFormatado":"05.399.786/0001-85"},"processo":{"numero":"25351049689200534","situacao":29,"numeroProcessoFormatado":"25351.049689/2005-34"}},{"ordem":14,"produto":{"codigo":1253425,"nome":"rosuvastatina cálcica","numeroRegistro":"156490014","tipo":{"codigo":1,"descricao":null},"categoria":null,"situacaoRotulo":null,"dataVencimento":null,"mesAnoVencimento":"052030","dataVencimentoRegistro":"2030-05-01T00:00:00.000-0300","principioAtivo":"ROSUVASTATINA CÁLCICA","situacaoApresentacao":"Válido","dataRegistro":"2020-05-11T00:00:00.000-0300","categoriaRegulatoria":{"codigo":5,"descricao":"Genérico"},"medicamentoReferencia":"Crestor","categoriaProduto":null,"tipoAutorizacao":"REGISTRADO","acancelar":false,"numeroRegistroFormatado":"156490014","mesAnoVencimentoFormatado":"05/2030"},"empresa":{"cnpj":"05399786000185","razaoSocial":"UNICHEM FARMACÊUTICA DO BRASIL LTDA","numeroAutorizacao":"1056494","cnpjFormatado":"05.399.786/0001-85"},"processo":{"numero":"25351290701201817","situacao":29,"numeroProcessoFormatado":"25351.290701/2018-17"}},{"ordem":15,"produto":{"codigo":1107805,"nome":"tadalafila","numeroRegistro":"156490016","tipo":{"codigo":1,"descricao":null},"categoria":null,"situacaoRotulo":null,"dataVencimento":null,"mesAnoVencimento":"092030","dataVencimentoRegistro":"2030-09-01T00:00:00.000-0300","principioAtivo":"TADALAFILA","situacaoApresentacao":"Válido","dataRegistro":"2020-09-21T00:00:00.000-0300","categoriaRegulatoria":{"codigo":5,"descricao":"Genérico"},"medicamentoReferencia":"CIALIS®","categoriaProduto":null,"tipoAutorizacao":"REGISTRADO","acancelar":false,"numeroRegistroFormatado":"156490016","mesAnoVencimentoFormatado":"09/2030"},"empresa":{"cnpj":"05399786000185","razaoSocial":"UNICHEM FARMACÊUTICA DO BRASIL LTDA","numeroAutorizacao":"1056494","cnpjFormatado":"05.399.786/0001-85"},"processo":{"numero":"25351095237201675","situacao":29,"numeroProcessoFormatado":"25351.095237/2016-75"}}],"totalPages":1,"totalElements":15,"last":true,"numberOfElements":15,"first":true,"sort":null,"size":1000,"number":0}