{"content":[{"ordem":1,"produto":{"codigo":934193,"nome":"HERZUMA","numeroRegistro":"192160002","tipo":{"codigo":1,"descricao":null},"categoria":null,"situacaoRotulo":null,"dataVencimento":null,"mesAnoVencimento":"052029","dataVencimentoRegistro":"2029-05-01T00:00:00.000-0300","principioAtivo":"TRASTUZUMABE","situacaoApresentacao":"Válido","dataRegistro":"2019-05-20T00:00:00.000-0300","categoriaRegulatoria":{"codigo":1,"descricao":"Biológico"},"medicamentoReferencia":"Herceptin","categoriaProduto":null,"tipoAutorizacao":"REGISTRADO","mesAnoVencimentoFormatado":"05/2029","numeroRegistroFormatado":"192160002","acancelar":false},"empresa":{"cnpj":"05452889000161","razaoSocial":"CELLTRION HEALTHCARE DISTRIBUICAO DE PRODUTOS FARMACEUTICOS DOS BRASIL LTDA","numeroAutorizacao":"1092163","cnpjFormatado":"05.452.889/0001-61"},"processo":{"numero":"25351708654201326","situacao":29,"numeroProcessoFormatado":"25351.708654/2013-26"}},{"ordem":2,"produto":{"codigo":863255,"nome":"Remsima","numeroRegistro":"192160001","tipo":{"codigo":1,"descricao":null},"categoria":null,"situacaoRotulo":null,"dataVencimento":null,"mesAnoVencimento":"042030","dataVencimentoRegistro":"2030-04-01T00:00:00.000-0300","principioAtivo":"INFLIXIMABE","situacaoApresentacao":"Válido","dataRegistro":"2015-04-27T00:00:00.000-0300","categoriaRegulatoria":{"codigo":1,"descricao":"Biológico"},"medicamentoReferencia":"Remicade","categoriaProduto":null,"tipoAutorizacao":"REGISTRADO","mesAnoVencimentoFormatado":"04/2030","numeroRegistroFormatado":"192160001","acancelar":false},"empresa":{"cnpj":"05452889000161","razaoSocial":"CELLTRION HEALTHCARE DISTRIBUICAO DE PRODUTOS FARMACEUTICOS DOS BRASIL LTDA","numeroAutorizacao":"1092163","cnpjFormatado":"05.452.889/0001-61"},"processo":{"numero":"25351635089201297","situacao":29,"numeroProcessoFormatado":"25351.635089/2012-97"}},{"ordem":3,"produto":{"codigo":1165193,"nome":"TRUXIMA","numeroRegistro":"192160003","tipo":{"codigo":1,"descricao":null},"categoria":null,"situacaoRotulo":null,"dataVencimento":"2029-10-01T00:00:00.000-0300","mesAnoVencimento":"102029","dataVencimentoRegistro":"2029-10-01T00:00:00.000-0300","principioAtivo":"RITUXIMABE","situacaoApresentacao":"Válido","dataRegistro":"2019-10-07T00:00:00.000-0300","categoriaRegulatoria":{"codigo":1,"descricao":"Biológico"},"medicamentoReferencia":"MABTHERA","categoriaProduto":null,"tipoAutorizacao":"REGISTRADO","mesAnoVencimentoFormatado":"10/2029","numeroRegistroFormatado":"192160003","acancelar":false},"empresa":{"cnpj":"05452889000161","razaoSocial":"CELLTRION HEALTHCARE DISTRIBUICAO DE PRODUTOS FARMACEUTICOS DOS BRASIL LTDA","numeroAutorizacao":"1092163","cnpjFormatado":"05.452.889/0001-61"},"processo":{"numero":"25351198997201791","situacao":29,"numeroProcessoFormatado":"25351.198997/2017-91"}},{"ordem":4,"produto":{"codigo":3032599,"nome":"Vegzelma","numeroRegistro":"192160005","tipo":{"codigo":1,"descricao":null},"categoria":null,"situacaoRotulo":null,"dataVencimento":"2034-03-04T00:00:00.000-0300","mesAnoVencimento":"032034","dataVencimentoRegistro":"2034-03-01T00:00:00.000-0300","principioAtivo":"BEVACIZUMABE","situacaoApresentacao":"Válido","dataRegistro":"2024-03-04T00:00:00.000-0300","categoriaRegulatoria":{"codigo":1,"descricao":"Biológico"},"medicamentoReferencia":"Avastin","categoriaProduto":null,"tipoAutorizacao":"REGISTRADO","mesAnoVencimentoFormatado":"03/2034","numeroRegistroFormatado":"192160005","acancelar":false},"empresa":{"cnpj":"05452889000161","razaoSocial":"CELLTRION HEALTHCARE DISTRIBUICAO DE PRODUTOS FARMACEUTICOS DOS BRASIL LTDA","numeroAutorizacao":"1092163","cnpjFormatado":"05.452.889/0001-61"},"processo":{"numero":"25351033730202251","situacao":29,"numeroProcessoFormatado":"25351.033730/2022-51"}},{"ordem":5,"produto":{"codigo":2272303,"nome":"Yuflyma","numeroRegistro":"192160004","tipo":{"codigo":1,"descricao":null},"categoria":null,"situacaoRotulo":null,"dataVencimento":"2033-10-16T00:00:00.000-0300","mesAnoVencimento":"102033","dataVencimentoRegistro":"2033-10-01T00:00:00.000-0300","principioAtivo":"ADALIMUMABE","situacaoApresentacao":"Válido","dataRegistro":"2023-10-16T00:00:00.000-0300","categoriaRegulatoria":{"codigo":1,"descricao":"Biológico"},"medicamentoReferencia":"Humira","categoriaProduto":null,"tipoAutorizacao":"REGISTRADO","mesAnoVencimentoFormatado":"10/2033","numeroRegistroFormatado":"192160004","acancelar":false},"empresa":{"cnpj":"05452889000161","razaoSocial":"CELLTRION HEALTHCARE DISTRIBUICAO DE PRODUTOS FARMACEUTICOS DOS BRASIL LTDA","numeroAutorizacao":"1092163","cnpjFormatado":"05.452.889/0001-61"},"processo":{"numero":"25351393354202171","situacao":29,"numeroProcessoFormatado":"25351.393354/2021-71"}}],"totalPages":1,"totalElements":5,"last":true,"numberOfElements":5,"first":true,"sort":null,"size":1000,"number":0}