{"content":[{"ordem":1,"produto":{"codigo":525017,"nome":"AMINOTRAT","numeroRegistro":"114020051","tipo":{"codigo":1,"descricao":null},"categoria":null,"situacaoRotulo":null,"dataVencimento":null,"mesAnoVencimento":"082017","dataVencimentoRegistro":"2017-08-01T00:00:00.000-0300","principioAtivo":null,"situacaoApresentacao":"Caduco/Cancelado","dataRegistro":"2007-08-20T00:00:00.000-0300","categoriaRegulatoria":{"codigo":8,"descricao":"Similar"},"medicamentoReferencia":null,"categoriaProduto":null,"tipoAutorizacao":"REGISTRADO","numeroRegistroFormatado":"114020051","mesAnoVencimentoFormatado":"08/2017","acancelar":false},"empresa":{"cnpj":"06629745000109","razaoSocial":"NOVAFARMA INDÚSTRIA FARMACÊUTICA LTDA","numeroAutorizacao":null,"cnpjFormatado":"06.629.745/0001-09"},"processo":{"numero":"25351134989200780","situacao":29,"numeroProcessoFormatado":"25351.134989/2007-80"}},{"ordem":2,"produto":{"codigo":69963,"nome":"AMPLATIL","numeroRegistro":"114020005","tipo":{"codigo":1,"descricao":null},"categoria":null,"situacaoRotulo":null,"dataVencimento":null,"mesAnoVencimento":"112029","dataVencimentoRegistro":"2029-11-01T00:00:00.000-0300","principioAtivo":null,"situacaoApresentacao":"Caduco/Cancelado","dataRegistro":"1999-11-22T00:00:00.000-0200","categoriaRegulatoria":{"codigo":8,"descricao":"Similar"},"medicamentoReferencia":null,"categoriaProduto":null,"tipoAutorizacao":"REGISTRADO","numeroRegistroFormatado":"114020005","mesAnoVencimentoFormatado":"11/2029","acancelar":false},"empresa":{"cnpj":"06629745000109","razaoSocial":"NOVAFARMA INDÚSTRIA FARMACÊUTICA LTDA","numeroAutorizacao":null,"cnpjFormatado":"06.629.745/0001-09"},"processo":{"numero":"250000043629996","situacao":29,"numeroProcessoFormatado":"25000.004362/99-96"}},{"ordem":3,"produto":{"codigo":173182,"nome":"ANTROX","numeroRegistro":"114020030","tipo":{"codigo":1,"descricao":null},"categoria":null,"situacaoRotulo":null,"dataVencimento":null,"mesAnoVencimento":"032013","dataVencimentoRegistro":"2013-03-01T00:00:00.000-0300","principioAtivo":null,"situacaoApresentacao":"Caduco/Cancelado","dataRegistro":"2003-03-10T00:00:00.000-0300","categoriaRegulatoria":{"codigo":8,"descricao":"Similar"},"medicamentoReferencia":null,"categoriaProduto":null,"tipoAutorizacao":"REGISTRADO","numeroRegistroFormatado":"114020030","mesAnoVencimentoFormatado":"03/2013","acancelar":false},"empresa":{"cnpj":"06629745000109","razaoSocial":"NOVAFARMA INDÚSTRIA FARMACÊUTICA LTDA","numeroAutorizacao":null,"cnpjFormatado":"06.629.745/0001-09"},"processo":{"numero":"25351162560200278","situacao":29,"numeroProcessoFormatado":"25351.162560/2002-78"}},{"ordem":4,"produto":{"codigo":544206,"nome":"AZEUS","numeroRegistro":"114020060","tipo":{"codigo":1,"descricao":null},"categoria":null,"situacaoRotulo":null,"dataVencimento":null,"mesAnoVencimento":"122027","dataVencimentoRegistro":"2027-12-01T00:00:00.000-0300","principioAtivo":null,"situacaoApresentacao":"Caduco/Cancelado","dataRegistro":"2007-12-03T00:00:00.000-0300","categoriaRegulatoria":{"codigo":8,"descricao":"Similar"},"medicamentoReferencia":null,"categoriaProduto":null,"tipoAutorizacao":"REGISTRADO","numeroRegistroFormatado":"114020060","mesAnoVencimentoFormatado":"12/2027","acancelar":false},"empresa":{"cnpj":"06629745000109","razaoSocial":"NOVAFARMA INDÚSTRIA FARMACÊUTICA LTDA","numeroAutorizacao":null,"cnpjFormatado":"06.629.745/0001-09"},"processo":{"numero":"25351317794200773","situacao":29,"numeroProcessoFormatado":"25351.317794/2007-73"}},{"ordem":5,"produto":{"codigo":491080,"nome":"Ampicilina Sódica + Sulbactam Sódico","numeroRegistro":"114020046","tipo":{"codigo":1,"descricao":null},"categoria":null,"situacaoRotulo":null,"dataVencimento":null,"mesAnoVencimento":"042027","dataVencimentoRegistro":"2027-04-01T00:00:00.000-0300","principioAtivo":null,"situacaoApresentacao":"Caduco/Cancelado","dataRegistro":"2007-04-30T00:00:00.000-0300","categoriaRegulatoria":{"codigo":5,"descricao":"Genérico"},"medicamentoReferencia":"UnaSyn","categoriaProduto":null,"tipoAutorizacao":"REGISTRADO","numeroRegistroFormatado":"114020046","mesAnoVencimentoFormatado":"04/2027","acancelar":false},"empresa":{"cnpj":"06629745000109","razaoSocial":"NOVAFARMA INDÚSTRIA FARMACÊUTICA LTDA","numeroAutorizacao":null,"cnpjFormatado":"06.629.745/0001-09"},"processo":{"numero":"25351336891200684","situacao":29,"numeroProcessoFormatado":"25351.336891/2006-84"}},{"ordem":6,"produto":{"codigo":414240,"nome":"BIOZATIN","numeroRegistro":"114020035","tipo":{"codigo":1,"descricao":null},"categoria":null,"situacaoRotulo":null,"dataVencimento":null,"mesAnoVencimento":"112020","dataVencimentoRegistro":"2020-11-01T00:00:00.000-0300","principioAtivo":null,"situacaoApresentacao":"Caduco/Cancelado","dataRegistro":"2005-11-07T00:00:00.000-0300","categoriaRegulatoria":{"codigo":8,"descricao":"Similar"},"medicamentoReferencia":null,"categoriaProduto":null,"tipoAutorizacao":"REGISTRADO","numeroRegistroFormatado":"114020035","mesAnoVencimentoFormatado":"11/2020","acancelar":false},"empresa":{"cnpj":"06629745000109","razaoSocial":"NOVAFARMA INDÚSTRIA FARMACÊUTICA LTDA","numeroAutorizacao":null,"cnpjFormatado":"06.629.745/0001-09"},"processo":{"numero":"250000022439411","situacao":29,"numeroProcessoFormatado":"25000.002243/94-11"}},{"ordem":7,"produto":{"codigo":70180,"nome":"CEFALOSPIM","numeroRegistro":"114020022","tipo":{"codigo":1,"descricao":null},"categoria":null,"situacaoRotulo":null,"dataVencimento":null,"mesAnoVencimento":"112010","dataVencimentoRegistro":"2010-11-01T00:00:00.000-0300","principioAtivo":null,"situacaoApresentacao":"Caduco/Cancelado","dataRegistro":"2000-11-20T00:00:00.000-0300","categoriaRegulatoria":{"codigo":8,"descricao":"Similar"},"medicamentoReferencia":null,"categoriaProduto":null,"tipoAutorizacao":"REGISTRADO","numeroRegistroFormatado":"114020022","mesAnoVencimentoFormatado":"11/2010","acancelar":false},"empresa":{"cnpj":"06629745000109","razaoSocial":"NOVAFARMA INDÚSTRIA FARMACÊUTICA LTDA","numeroAutorizacao":null,"cnpjFormatado":"06.629.745/0001-09"},"processo":{"numero":"250000215269968","situacao":29,"numeroProcessoFormatado":"25000.021526/99-68"}},{"ordem":8,"produto":{"codigo":439640,"nome":"CEFALOTINA SÓDICA","numeroRegistro":"114020038","tipo":{"codigo":1,"descricao":null},"categoria":null,"situacaoRotulo":null,"dataVencimento":null,"mesAnoVencimento":"022026","dataVencimentoRegistro":"2026-02-01T00:00:00.000-0300","principioAtivo":null,"situacaoApresentacao":"Caduco/Cancelado","dataRegistro":"2006-02-06T00:00:00.000-0300","categoriaRegulatoria":{"codigo":5,"descricao":"Genérico"},"medicamentoReferencia":"KEFLIN NEUTRO","categoriaProduto":null,"tipoAutorizacao":"REGISTRADO","numeroRegistroFormatado":"114020038","mesAnoVencimentoFormatado":"02/2026","acancelar":false},"empresa":{"cnpj":"06629745000109","razaoSocial":"NOVAFARMA INDÚSTRIA FARMACÊUTICA LTDA","numeroAutorizacao":null,"cnpjFormatado":"06.629.745/0001-09"},"processo":{"numero":"25351401256200502","situacao":29,"numeroProcessoFormatado":"25351.401256/2005-02"}},{"ordem":9,"produto":{"codigo":352200,"nome":"CEFAZOLINA SÓDICA","numeroRegistro":"114020033","tipo":{"codigo":1,"descricao":null},"categoria":null,"situacaoRotulo":null,"dataVencimento":null,"mesAnoVencimento":"032029","dataVencimentoRegistro":"2029-03-01T00:00:00.000-0300","principioAtivo":null,"situacaoApresentacao":"Caduco/Cancelado","dataRegistro":"2004-03-01T00:00:00.000-0300","categoriaRegulatoria":{"codigo":5,"descricao":"Genérico"},"medicamentoReferencia":"KEFAZOL","categoriaProduto":null,"tipoAutorizacao":"REGISTRADO","numeroRegistroFormatado":"114020033","mesAnoVencimentoFormatado":"03/2029","acancelar":false},"empresa":{"cnpj":"06629745000109","razaoSocial":"NOVAFARMA INDÚSTRIA FARMACÊUTICA LTDA","numeroAutorizacao":null,"cnpjFormatado":"06.629.745/0001-09"},"processo":{"numero":"25351055308200394","situacao":29,"numeroProcessoFormatado":"25351.055308/2003-94"}},{"ordem":10,"produto":{"codigo":70073,"nome":"CEFORAX","numeroRegistro":"114020014","tipo":{"codigo":1,"descricao":null},"categoria":null,"situacaoRotulo":null,"dataVencimento":null,"mesAnoVencimento":"052005","dataVencimentoRegistro":"2005-05-01T00:00:00.000-0300","principioAtivo":null,"situacaoApresentacao":"Caduco/Cancelado","dataRegistro":"2000-05-31T00:00:00.000-0300","categoriaRegulatoria":{"codigo":8,"descricao":"Similar"},"medicamentoReferencia":null,"categoriaProduto":null,"tipoAutorizacao":"REGISTRADO","numeroRegistroFormatado":"114020014","mesAnoVencimentoFormatado":"05/2005","acancelar":false},"empresa":{"cnpj":"06629745000109","razaoSocial":"NOVAFARMA INDÚSTRIA FARMACÊUTICA LTDA","numeroAutorizacao":null,"cnpjFormatado":"06.629.745/0001-09"},"processo":{"numero":"250000094019923","situacao":29,"numeroProcessoFormatado":"25000.009401/99-23"}},{"ordem":11,"produto":{"codigo":70077,"nome":"CEFOX","numeroRegistro":"114020025","tipo":{"codigo":1,"descricao":null},"categoria":null,"situacaoRotulo":null,"dataVencimento":null,"mesAnoVencimento":"042011","dataVencimentoRegistro":"2011-04-01T00:00:00.000-0300","principioAtivo":null,"situacaoApresentacao":"Caduco/Cancelado","dataRegistro":"2001-04-30T00:00:00.000-0300","categoriaRegulatoria":{"codigo":8,"descricao":"Similar"},"medicamentoReferencia":null,"categoriaProduto":null,"tipoAutorizacao":"REGISTRADO","numeroRegistroFormatado":"114020025","mesAnoVencimentoFormatado":"04/2011","acancelar":false},"empresa":{"cnpj":"06629745000109","razaoSocial":"NOVAFARMA INDÚSTRIA FARMACÊUTICA LTDA","numeroAutorizacao":null,"cnpjFormatado":"06.629.745/0001-09"},"processo":{"numero":"250000094199999","situacao":29,"numeroProcessoFormatado":"25000.009419/99-99"}},{"ordem":12,"produto":{"codigo":70078,"nome":"CEFPIROMA","numeroRegistro":"114020017","tipo":{"codigo":1,"descricao":null},"categoria":null,"situacaoRotulo":null,"dataVencimento":null,"mesAnoVencimento":"062005","dataVencimentoRegistro":"2005-06-01T00:00:00.000-0300","principioAtivo":null,"situacaoApresentacao":"Caduco/Cancelado","dataRegistro":"2000-06-05T00:00:00.000-0300","categoriaRegulatoria":{"codigo":8,"descricao":"Similar"},"medicamentoReferencia":null,"categoriaProduto":null,"tipoAutorizacao":"REGISTRADO","numeroRegistroFormatado":"114020017","mesAnoVencimentoFormatado":"06/2005","acancelar":false},"empresa":{"cnpj":"06629745000109","razaoSocial":"NOVAFARMA INDÚSTRIA FARMACÊUTICA LTDA","numeroAutorizacao":null,"cnpjFormatado":"06.629.745/0001-09"},"processo":{"numero":"250000215289993","situacao":29,"numeroProcessoFormatado":"25000.021528/99-93"}},{"ordem":13,"produto":{"codigo":70080,"nome":"CEFTAFOR","numeroRegistro":"114020007","tipo":{"codigo":1,"descricao":null},"categoria":null,"situacaoRotulo":null,"dataVencimento":null,"mesAnoVencimento":"112029","dataVencimentoRegistro":"2029-11-01T00:00:00.000-0300","principioAtivo":null,"situacaoApresentacao":"Caduco/Cancelado","dataRegistro":"1999-11-22T00:00:00.000-0200","categoriaRegulatoria":{"codigo":8,"descricao":"Similar"},"medicamentoReferencia":"FORTAZ","categoriaProduto":null,"tipoAutorizacao":"REGISTRADO","numeroRegistroFormatado":"114020007","mesAnoVencimentoFormatado":"11/2029","acancelar":false},"empresa":{"cnpj":"06629745000109","razaoSocial":"NOVAFARMA INDÚSTRIA FARMACÊUTICA LTDA","numeroAutorizacao":null,"cnpjFormatado":"06.629.745/0001-09"},"processo":{"numero":"250000094119987","situacao":29,"numeroProcessoFormatado":"25000.009411/99-87"}},{"ordem":14,"produto":{"codigo":70082,"nome":"CEFTRIONA","numeroRegistro":"114020024","tipo":{"codigo":1,"descricao":null},"categoria":null,"situacaoRotulo":null,"dataVencimento":null,"mesAnoVencimento":"042026","dataVencimentoRegistro":"2026-04-01T00:00:00.000-0300","principioAtivo":null,"situacaoApresentacao":"Caduco/Cancelado","dataRegistro":"2001-04-30T00:00:00.000-0300","categoriaRegulatoria":{"codigo":8,"descricao":"Similar"},"medicamentoReferencia":null,"categoriaProduto":null,"tipoAutorizacao":"REGISTRADO","numeroRegistroFormatado":"114020024","mesAnoVencimentoFormatado":"04/2026","acancelar":false},"empresa":{"cnpj":"06629745000109","razaoSocial":"NOVAFARMA INDÚSTRIA FARMACÊUTICA LTDA","numeroAutorizacao":null,"cnpjFormatado":"06.629.745/0001-09"},"processo":{"numero":"250000043679918","situacao":29,"numeroProcessoFormatado":"25000.004367/99-18"}},{"ordem":15,"produto":{"codigo":70075,"nome":"CETAZIMA","numeroRegistro":"114020006","tipo":{"codigo":1,"descricao":null},"categoria":null,"situacaoRotulo":null,"dataVencimento":null,"mesAnoVencimento":"112029","dataVencimentoRegistro":"2029-11-01T00:00:00.000-0300","principioAtivo":null,"situacaoApresentacao":"Caduco/Cancelado","dataRegistro":"1999-11-22T00:00:00.000-0200","categoriaRegulatoria":{"codigo":8,"descricao":"Similar"},"medicamentoReferencia":null,"categoriaProduto":null,"tipoAutorizacao":"REGISTRADO","numeroRegistroFormatado":"114020006","mesAnoVencimentoFormatado":"11/2029","acancelar":false},"empresa":{"cnpj":"06629745000109","razaoSocial":"NOVAFARMA INDÚSTRIA FARMACÊUTICA LTDA","numeroAutorizacao":null,"cnpjFormatado":"06.629.745/0001-09"},"processo":{"numero":"250000043799999","situacao":29,"numeroProcessoFormatado":"25000.004379/99-99"}},{"ordem":16,"produto":{"codigo":428934,"nome":"CLORIDRATO DE CEFEPIMA","numeroRegistro":"114020037","tipo":{"codigo":1,"descricao":null},"categoria":null,"situacaoRotulo":null,"dataVencimento":null,"mesAnoVencimento":"012026","dataVencimentoRegistro":"2026-01-01T00:00:00.000-0300","principioAtivo":null,"situacaoApresentacao":"Caduco/Cancelado","dataRegistro":"2006-01-30T00:00:00.000-0300","categoriaRegulatoria":{"codigo":5,"descricao":"Genérico"},"medicamentoReferencia":"MAXCEF","categoriaProduto":null,"tipoAutorizacao":"REGISTRADO","numeroRegistroFormatado":"114020037","mesAnoVencimentoFormatado":"01/2026","acancelar":false},"empresa":{"cnpj":"06629745000109","razaoSocial":"NOVAFARMA INDÚSTRIA FARMACÊUTICA LTDA","numeroAutorizacao":null,"cnpjFormatado":"06.629.745/0001-09"},"processo":{"numero":"25351349483200510","situacao":29,"numeroProcessoFormatado":"25351.349483/2005-10"}},{"ordem":17,"produto":{"codigo":507752,"nome":"CLORIDRATO DE DOBUTAMINA","numeroRegistro":"114020050","tipo":{"codigo":1,"descricao":null},"categoria":null,"situacaoRotulo":null,"dataVencimento":null,"mesAnoVencimento":"052027","dataVencimentoRegistro":"2027-05-01T00:00:00.000-0300","principioAtivo":null,"situacaoApresentacao":"Caduco/Cancelado","dataRegistro":"2007-05-14T00:00:00.000-0300","categoriaRegulatoria":{"codigo":5,"descricao":"Genérico"},"medicamentoReferencia":"DOBUTREX","categoriaProduto":null,"tipoAutorizacao":"REGISTRADO","numeroRegistroFormatado":"114020050","mesAnoVencimentoFormatado":"05/2027","acancelar":false},"empresa":{"cnpj":"06629745000109","razaoSocial":"NOVAFARMA INDÚSTRIA FARMACÊUTICA LTDA","numeroAutorizacao":null,"cnpjFormatado":"06.629.745/0001-09"},"processo":{"numero":"25351499198200611","situacao":29,"numeroProcessoFormatado":"25351.499198/2006-11"}},{"ordem":18,"produto":{"codigo":774686,"nome":"CLORIDRATO DE LIDOCAINA","numeroRegistro":"114020077","tipo":{"codigo":1,"descricao":null},"categoria":null,"situacaoRotulo":null,"dataVencimento":null,"mesAnoVencimento":"052027","dataVencimentoRegistro":"2027-05-01T00:00:00.000-0300","principioAtivo":null,"situacaoApresentacao":"Caduco/Cancelado","dataRegistro":"2012-05-14T00:00:00.000-0300","categoriaRegulatoria":{"codigo":5,"descricao":"Genérico"},"medicamentoReferencia":"XYLESTESIN SEM VASOCONSTRITOR","categoriaProduto":null,"tipoAutorizacao":"REGISTRADO","numeroRegistroFormatado":"114020077","mesAnoVencimentoFormatado":"05/2027","acancelar":false},"empresa":{"cnpj":"06629745000109","razaoSocial":"NOVAFARMA INDÚSTRIA FARMACÊUTICA LTDA","numeroAutorizacao":null,"cnpjFormatado":"06.629.745/0001-09"},"processo":{"numero":"25351481045201131","situacao":29,"numeroProcessoFormatado":"25351.481045/2011-31"}},{"ordem":19,"produto":{"codigo":662550,"nome":"CLORIDRATO DE NALOXONA","numeroRegistro":"114020078","tipo":{"codigo":1,"descricao":null},"categoria":null,"situacaoRotulo":null,"dataVencimento":null,"mesAnoVencimento":"102017","dataVencimentoRegistro":"2017-10-01T00:00:00.000-0300","principioAtivo":null,"situacaoApresentacao":"Caduco/Cancelado","dataRegistro":"2012-10-01T00:00:00.000-0300","categoriaRegulatoria":{"codigo":5,"descricao":"Genérico"},"medicamentoReferencia":"NARCAN","categoriaProduto":null,"tipoAutorizacao":"REGISTRADO","numeroRegistroFormatado":"114020078","mesAnoVencimentoFormatado":"10/2017","acancelar":false},"empresa":{"cnpj":"06629745000109","razaoSocial":"NOVAFARMA INDÚSTRIA FARMACÊUTICA LTDA","numeroAutorizacao":null,"cnpjFormatado":"06.629.745/0001-09"},"processo":{"numero":"25351655253200962","situacao":29,"numeroProcessoFormatado":"25351.655253/2009-62"}},{"ordem":20,"produto":{"codigo":503941,"nome":"CLORIDRATO DE ONDANSETRONA","numeroRegistro":"114020047","tipo":{"codigo":1,"descricao":null},"categoria":null,"situacaoRotulo":null,"dataVencimento":null,"mesAnoVencimento":"042027","dataVencimentoRegistro":"2027-04-01T00:00:00.000-0300","principioAtivo":null,"situacaoApresentacao":"Caduco/Cancelado","dataRegistro":"2007-04-09T00:00:00.000-0300","categoriaRegulatoria":{"codigo":5,"descricao":"Genérico"},"medicamentoReferencia":"ZOFRAN","categoriaProduto":null,"tipoAutorizacao":"REGISTRADO","numeroRegistroFormatado":"114020047","mesAnoVencimentoFormatado":"04/2027","acancelar":false},"empresa":{"cnpj":"06629745000109","razaoSocial":"NOVAFARMA INDÚSTRIA FARMACÊUTICA LTDA","numeroAutorizacao":null,"cnpjFormatado":"06.629.745/0001-09"},"processo":{"numero":"25351340530200632","situacao":29,"numeroProcessoFormatado":"25351.340530/2006-32"}},{"ordem":21,"produto":{"codigo":471662,"nome":"CLORIDRATO DE RANITIDINA","numeroRegistro":"114020042","tipo":{"codigo":1,"descricao":null},"categoria":null,"situacaoRotulo":null,"dataVencimento":null,"mesAnoVencimento":"102026","dataVencimentoRegistro":"2026-10-01T00:00:00.000-0300","principioAtivo":null,"situacaoApresentacao":"Caduco/Cancelado","dataRegistro":"2006-10-09T00:00:00.000-0300","categoriaRegulatoria":{"codigo":5,"descricao":"Genérico"},"medicamentoReferencia":"ANTAK","categoriaProduto":null,"tipoAutorizacao":"REGISTRADO","numeroRegistroFormatado":"114020042","mesAnoVencimentoFormatado":"10/2026","acancelar":false},"empresa":{"cnpj":"06629745000109","razaoSocial":"NOVAFARMA INDÚSTRIA FARMACÊUTICA LTDA","numeroAutorizacao":null,"cnpjFormatado":"06.629.745/0001-09"},"processo":{"numero":"25351122347200657","situacao":29,"numeroProcessoFormatado":"25351.122347/2006-57"}},{"ordem":22,"produto":{"codigo":720032,"nome":"CLORIDRATO DE TRAMADOL","numeroRegistro":"114020079","tipo":{"codigo":1,"descricao":null},"categoria":null,"situacaoRotulo":null,"dataVencimento":null,"mesAnoVencimento":"102027","dataVencimentoRegistro":"2027-10-01T00:00:00.000-0300","principioAtivo":null,"situacaoApresentacao":"Caduco/Cancelado","dataRegistro":"2012-10-01T00:00:00.000-0300","categoriaRegulatoria":{"codigo":5,"descricao":"Genérico"},"medicamentoReferencia":"TRAMAL","categoriaProduto":null,"tipoAutorizacao":"REGISTRADO","numeroRegistroFormatado":"114020079","mesAnoVencimentoFormatado":"10/2027","acancelar":false},"empresa":{"cnpj":"06629745000109","razaoSocial":"NOVAFARMA INDÚSTRIA FARMACÊUTICA LTDA","numeroAutorizacao":null,"cnpjFormatado":"06.629.745/0001-09"},"processo":{"numero":"25351609175201076","situacao":29,"numeroProcessoFormatado":"25351.609175/2010-76"}},{"ordem":23,"produto":{"codigo":70451,"nome":"CORTICOIDEX","numeroRegistro":"114020004","tipo":{"codigo":1,"descricao":null},"categoria":null,"situacaoRotulo":null,"dataVencimento":null,"mesAnoVencimento":"112004","dataVencimentoRegistro":"2004-11-01T00:00:00.000-0300","principioAtivo":null,"situacaoApresentacao":"Caduco/Cancelado","dataRegistro":"1999-11-22T00:00:00.000-0200","categoriaRegulatoria":{"codigo":8,"descricao":"Similar"},"medicamentoReferencia":null,"categoriaProduto":null,"tipoAutorizacao":"REGISTRADO","numeroRegistroFormatado":"114020004","mesAnoVencimentoFormatado":"11/2004","acancelar":false},"empresa":{"cnpj":"06629745000109","razaoSocial":"NOVAFARMA INDÚSTRIA FARMACÊUTICA LTDA","numeroAutorizacao":null,"cnpjFormatado":"06.629.745/0001-09"},"processo":{"numero":"250000043769909","situacao":29,"numeroProcessoFormatado":"25000.004376/99-09"}},{"ordem":24,"produto":{"codigo":432666,"nome":"CORTICOIDEX","numeroRegistro":"114020040","tipo":{"codigo":1,"descricao":null},"categoria":null,"situacaoRotulo":null,"dataVencimento":null,"mesAnoVencimento":"052026","dataVencimentoRegistro":"2026-05-01T00:00:00.000-0300","principioAtivo":null,"situacaoApresentacao":"Caduco/Cancelado","dataRegistro":"2006-05-22T00:00:00.000-0300","categoriaRegulatoria":{"codigo":8,"descricao":"Similar"},"medicamentoReferencia":null,"categoriaProduto":null,"tipoAutorizacao":"REGISTRADO","numeroRegistroFormatado":"114020040","mesAnoVencimentoFormatado":"05/2026","acancelar":false},"empresa":{"cnpj":"06629745000109","razaoSocial":"NOVAFARMA INDÚSTRIA FARMACÊUTICA LTDA","numeroAutorizacao":null,"cnpjFormatado":"06.629.745/0001-09"},"processo":{"numero":"25351357475200539","situacao":29,"numeroProcessoFormatado":"25351.357475/2005-39"}},{"ordem":25,"produto":{"codigo":1299112,"nome":"Ceftriaxona dissódica hemieptaidratada","numeroRegistro":"114020086","tipo":{"codigo":1,"descricao":null},"categoria":null,"situacaoRotulo":null,"dataVencimento":null,"mesAnoVencimento":"012029","dataVencimentoRegistro":"2029-01-01T00:00:00.000-0300","principioAtivo":null,"situacaoApresentacao":"Caduco/Cancelado","dataRegistro":"2019-01-21T00:00:00.000-0300","categoriaRegulatoria":{"codigo":5,"descricao":"Genérico"},"medicamentoReferencia":"ROCEFIN","categoriaProduto":null,"tipoAutorizacao":"REGISTRADO","numeroRegistroFormatado":"114020086","mesAnoVencimentoFormatado":"01/2029","acancelar":false},"empresa":{"cnpj":"06629745000109","razaoSocial":"NOVAFARMA INDÚSTRIA FARMACÊUTICA LTDA","numeroAutorizacao":null,"cnpjFormatado":"06.629.745/0001-09"},"processo":{"numero":"25351801762201812","situacao":29,"numeroProcessoFormatado":"25351.801762/2018-12"}},{"ordem":26,"produto":{"codigo":431537,"nome":"Cristacilina","numeroRegistro":"114020039","tipo":{"codigo":1,"descricao":null},"categoria":null,"situacaoRotulo":null,"dataVencimento":null,"mesAnoVencimento":"032026","dataVencimentoRegistro":"2026-03-01T00:00:00.000-0300","principioAtivo":null,"situacaoApresentacao":"Caduco/Cancelado","dataRegistro":"2006-03-01T00:00:00.000-0300","categoriaRegulatoria":{"codigo":8,"descricao":"Similar"},"medicamentoReferencia":null,"categoriaProduto":null,"tipoAutorizacao":"REGISTRADO","numeroRegistroFormatado":"114020039","mesAnoVencimentoFormatado":"03/2026","acancelar":false},"empresa":{"cnpj":"06629745000109","razaoSocial":"NOVAFARMA INDÚSTRIA FARMACÊUTICA LTDA","numeroAutorizacao":null,"cnpjFormatado":"06.629.745/0001-09"},"processo":{"numero":"250000022409423","situacao":29,"numeroProcessoFormatado":"25000.002240/94-23"}},{"ordem":27,"produto":{"codigo":129419,"nome":"DOBUTANIL","numeroRegistro":"114020028","tipo":{"codigo":1,"descricao":null},"categoria":null,"situacaoRotulo":null,"dataVencimento":null,"mesAnoVencimento":"022013","dataVencimentoRegistro":"2013-02-01T00:00:00.000-0300","principioAtivo":null,"situacaoApresentacao":"Caduco/Cancelado","dataRegistro":"2003-02-20T00:00:00.000-0300","categoriaRegulatoria":{"codigo":8,"descricao":"Similar"},"medicamentoReferencia":null,"categoriaProduto":null,"tipoAutorizacao":"REGISTRADO","numeroRegistroFormatado":"114020028","mesAnoVencimentoFormatado":"02/2013","acancelar":false},"empresa":{"cnpj":"06629745000109","razaoSocial":"NOVAFARMA INDÚSTRIA FARMACÊUTICA LTDA","numeroAutorizacao":null,"cnpjFormatado":"06.629.745/0001-09"},"processo":{"numero":"25351162563200210","situacao":29,"numeroProcessoFormatado":"25351.162563/2002-10"}},{"ordem":28,"produto":{"codigo":493678,"nome":"DOPIMEX","numeroRegistro":"114020048","tipo":{"codigo":1,"descricao":null},"categoria":null,"situacaoRotulo":null,"dataVencimento":null,"mesAnoVencimento":"042017","dataVencimentoRegistro":"2017-04-01T00:00:00.000-0300","principioAtivo":null,"situacaoApresentacao":"Caduco/Cancelado","dataRegistro":"2007-04-16T00:00:00.000-0300","categoriaRegulatoria":{"codigo":8,"descricao":"Similar"},"medicamentoReferencia":null,"categoriaProduto":null,"tipoAutorizacao":"REGISTRADO","numeroRegistroFormatado":"114020048","mesAnoVencimentoFormatado":"04/2017","acancelar":false},"empresa":{"cnpj":"06629745000109","razaoSocial":"NOVAFARMA INDÚSTRIA FARMACÊUTICA LTDA","numeroAutorizacao":null,"cnpjFormatado":"06.629.745/0001-09"},"processo":{"numero":"25351334908200669","situacao":29,"numeroProcessoFormatado":"25351.334908/2006-69"}},{"ordem":29,"produto":{"codigo":470306,"nome":"Diclofenaco Sódico","numeroRegistro":"114020043","tipo":{"codigo":1,"descricao":null},"categoria":null,"situacaoRotulo":null,"dataVencimento":null,"mesAnoVencimento":"112026","dataVencimentoRegistro":"2026-11-01T00:00:00.000-0300","principioAtivo":null,"situacaoApresentacao":"Caduco/Cancelado","dataRegistro":"2006-11-13T00:00:00.000-0300","categoriaRegulatoria":{"codigo":5,"descricao":"Genérico"},"medicamentoReferencia":"Voltaren®","categoriaProduto":null,"tipoAutorizacao":"REGISTRADO","numeroRegistroFormatado":"114020043","mesAnoVencimentoFormatado":"11/2026","acancelar":false},"empresa":{"cnpj":"06629745000109","razaoSocial":"NOVAFARMA INDÚSTRIA FARMACÊUTICA LTDA","numeroAutorizacao":null,"cnpjFormatado":"06.629.745/0001-09"},"processo":{"numero":"25351096338200601","situacao":29,"numeroProcessoFormatado":"25351.096338/2006-01"}},{"ordem":30,"produto":{"codigo":508185,"nome":"FAZOLIX","numeroRegistro":"114020049","tipo":{"codigo":1,"descricao":null},"categoria":null,"situacaoRotulo":null,"dataVencimento":null,"mesAnoVencimento":"052012","dataVencimentoRegistro":"2012-05-01T00:00:00.000-0300","principioAtivo":null,"situacaoApresentacao":"Caduco/Cancelado","dataRegistro":"2007-05-07T00:00:00.000-0300","categoriaRegulatoria":{"codigo":8,"descricao":"Similar"},"medicamentoReferencia":null,"categoriaProduto":null,"tipoAutorizacao":"REGISTRADO","numeroRegistroFormatado":"114020049","mesAnoVencimentoFormatado":"05/2012","acancelar":false},"empresa":{"cnpj":"06629745000109","razaoSocial":"NOVAFARMA INDÚSTRIA FARMACÊUTICA LTDA","numeroAutorizacao":null,"cnpjFormatado":"06.629.745/0001-09"},"processo":{"numero":"25351471856200619","situacao":29,"numeroProcessoFormatado":"25351.471856/2006-19"}},{"ordem":31,"produto":{"codigo":681633,"nome":"FOSFATO DISSÓDICO DE BETAMENTASONA","numeroRegistro":"114020073","tipo":{"codigo":1,"descricao":null},"categoria":null,"situacaoRotulo":null,"dataVencimento":null,"mesAnoVencimento":"112025","dataVencimentoRegistro":"2025-11-01T00:00:00.000-0300","principioAtivo":null,"situacaoApresentacao":"Caduco/Cancelado","dataRegistro":"2010-11-16T00:00:00.000-0300","categoriaRegulatoria":{"codigo":5,"descricao":"Genérico"},"medicamentoReferencia":"CELESTONE","categoriaProduto":null,"tipoAutorizacao":"REGISTRADO","numeroRegistroFormatado":"114020073","mesAnoVencimentoFormatado":"11/2025","acancelar":false},"empresa":{"cnpj":"06629745000109","razaoSocial":"NOVAFARMA INDÚSTRIA FARMACÊUTICA LTDA","numeroAutorizacao":null,"cnpjFormatado":"06.629.745/0001-09"},"processo":{"numero":"25351407387200918","situacao":29,"numeroProcessoFormatado":"25351.407387/2009-18"}},{"ordem":32,"produto":{"codigo":493582,"nome":"Fosfato de Clindamicina","numeroRegistro":"114020053","tipo":{"codigo":1,"descricao":null},"categoria":null,"situacaoRotulo":null,"dataVencimento":null,"mesAnoVencimento":"092027","dataVencimentoRegistro":"2027-09-01T00:00:00.000-0300","principioAtivo":null,"situacaoApresentacao":"Caduco/Cancelado","dataRegistro":"2007-09-03T00:00:00.000-0300","categoriaRegulatoria":{"codigo":5,"descricao":"Genérico"},"medicamentoReferencia":"Dalacin C ®","categoriaProduto":null,"tipoAutorizacao":"REGISTRADO","numeroRegistroFormatado":"114020053","mesAnoVencimentoFormatado":"09/2027","acancelar":false},"empresa":{"cnpj":"06629745000109","razaoSocial":"NOVAFARMA INDÚSTRIA FARMACÊUTICA LTDA","numeroAutorizacao":null,"cnpjFormatado":"06.629.745/0001-09"},"processo":{"numero":"25351338547200620","situacao":29,"numeroProcessoFormatado":"25351.338547/2006-20"}},{"ordem":33,"produto":{"codigo":70965,"nome":"GENTAMICIN","numeroRegistro":"114020013","tipo":{"codigo":1,"descricao":null},"categoria":null,"situacaoRotulo":null,"dataVencimento":null,"mesAnoVencimento":"052025","dataVencimentoRegistro":"2025-05-01T00:00:00.000-0300","principioAtivo":null,"situacaoApresentacao":"Caduco/Cancelado","dataRegistro":"2000-05-29T00:00:00.000-0300","categoriaRegulatoria":{"codigo":8,"descricao":"Similar"},"medicamentoReferencia":null,"categoriaProduto":null,"tipoAutorizacao":"REGISTRADO","numeroRegistroFormatado":"114020013","mesAnoVencimentoFormatado":"05/2025","acancelar":false},"empresa":{"cnpj":"06629745000109","razaoSocial":"NOVAFARMA INDÚSTRIA FARMACÊUTICA LTDA","numeroAutorizacao":null,"cnpjFormatado":"06.629.745/0001-09"},"processo":{"numero":"250000094209978","situacao":29,"numeroProcessoFormatado":"25000.009420/99-78"}},{"ordem":34,"produto":{"codigo":70508,"nome":"GLIOCORT","numeroRegistro":"114020012","tipo":{"codigo":1,"descricao":null},"categoria":null,"situacaoRotulo":null,"dataVencimento":null,"mesAnoVencimento":"022025","dataVencimentoRegistro":"2025-02-01T00:00:00.000-0300","principioAtivo":null,"situacaoApresentacao":"Caduco/Cancelado","dataRegistro":"2000-02-07T00:00:00.000-0200","categoriaRegulatoria":{"codigo":8,"descricao":"Similar"},"medicamentoReferencia":"CORTISONAL","categoriaProduto":null,"tipoAutorizacao":"REGISTRADO","numeroRegistroFormatado":"114020012","mesAnoVencimentoFormatado":"02/2025","acancelar":false},"empresa":{"cnpj":"06629745000109","razaoSocial":"NOVAFARMA INDÚSTRIA FARMACÊUTICA LTDA","numeroAutorizacao":null,"cnpjFormatado":"06.629.745/0001-09"},"processo":{"numero":"250000043779963","situacao":29,"numeroProcessoFormatado":"25000.004377/99-63"}},{"ordem":35,"produto":{"codigo":70070,"nome":"KEFALIN","numeroRegistro":"114020020","tipo":{"codigo":1,"descricao":null},"categoria":null,"situacaoRotulo":null,"dataVencimento":null,"mesAnoVencimento":"092005","dataVencimentoRegistro":"2005-09-01T00:00:00.000-0300","principioAtivo":null,"situacaoApresentacao":"Caduco/Cancelado","dataRegistro":"2000-09-29T00:00:00.000-0300","categoriaRegulatoria":{"codigo":8,"descricao":"Similar"},"medicamentoReferencia":null,"categoriaProduto":null,"tipoAutorizacao":"REGISTRADO","numeroRegistroFormatado":"114020020","mesAnoVencimentoFormatado":"09/2005","acancelar":false},"empresa":{"cnpj":"06629745000109","razaoSocial":"NOVAFARMA INDÚSTRIA FARMACÊUTICA LTDA","numeroAutorizacao":null,"cnpjFormatado":"06.629.745/0001-09"},"processo":{"numero":"250000215279921","situacao":29,"numeroProcessoFormatado":"25000.021527/99-21"}},{"ordem":36,"produto":{"codigo":70067,"nome":"KEFLITIN","numeroRegistro":"114020026","tipo":{"codigo":1,"descricao":null},"categoria":null,"situacaoRotulo":null,"dataVencimento":null,"mesAnoVencimento":"082011","dataVencimentoRegistro":"2011-08-01T00:00:00.000-0300","principioAtivo":null,"situacaoApresentacao":"Caduco/Cancelado","dataRegistro":"2001-08-16T00:00:00.000-0300","categoriaRegulatoria":{"codigo":8,"descricao":"Similar"},"medicamentoReferencia":null,"categoriaProduto":null,"tipoAutorizacao":"REGISTRADO","numeroRegistroFormatado":"114020026","mesAnoVencimentoFormatado":"08/2011","acancelar":false},"empresa":{"cnpj":"06629745000109","razaoSocial":"NOVAFARMA INDÚSTRIA FARMACÊUTICA LTDA","numeroAutorizacao":null,"cnpjFormatado":"06.629.745/0001-09"},"processo":{"numero":"250000043639959","situacao":29,"numeroProcessoFormatado":"25000.004363/99-59"}},{"ordem":37,"produto":{"codigo":580205,"nome":"KOPLAN","numeroRegistro":"114020068","tipo":{"codigo":1,"descricao":null},"categoria":null,"situacaoRotulo":null,"dataVencimento":null,"mesAnoVencimento":"102029","dataVencimentoRegistro":"2029-10-01T00:00:00.000-0300","principioAtivo":null,"situacaoApresentacao":"Caduco/Cancelado","dataRegistro":"2009-10-19T00:00:00.000-0300","categoriaRegulatoria":{"codigo":8,"descricao":"Similar"},"medicamentoReferencia":null,"categoriaProduto":null,"tipoAutorizacao":"REGISTRADO","numeroRegistroFormatado":"114020068","mesAnoVencimentoFormatado":"10/2029","acancelar":false},"empresa":{"cnpj":"06629745000109","razaoSocial":"NOVAFARMA INDÚSTRIA FARMACÊUTICA LTDA","numeroAutorizacao":null,"cnpjFormatado":"06.629.745/0001-09"},"processo":{"numero":"25351212207200831","situacao":29,"numeroProcessoFormatado":"25351.212207/2008-31"}},{"ordem":38,"produto":{"codigo":277516,"nome":"KOTRABIOTIC","numeroRegistro":"114020031","tipo":{"codigo":1,"descricao":null},"categoria":null,"situacaoRotulo":null,"dataVencimento":null,"mesAnoVencimento":"092008","dataVencimentoRegistro":"2008-09-01T00:00:00.000-0300","principioAtivo":null,"situacaoApresentacao":"Caduco/Cancelado","dataRegistro":"2003-09-18T00:00:00.000-0300","categoriaRegulatoria":{"codigo":8,"descricao":"Similar"},"medicamentoReferencia":null,"categoriaProduto":null,"tipoAutorizacao":"REGISTRADO","numeroRegistroFormatado":"114020031","mesAnoVencimentoFormatado":"09/2008","acancelar":false},"empresa":{"cnpj":"06629745000109","razaoSocial":"NOVAFARMA INDÚSTRIA FARMACÊUTICA LTDA","numeroAutorizacao":null,"cnpjFormatado":"06.629.745/0001-09"},"processo":{"numero":"250000189909977","situacao":29,"numeroProcessoFormatado":"25000.018990/99-77"}},{"ordem":39,"produto":{"codigo":69898,"nome":"LEUCOR","numeroRegistro":"114020018","tipo":{"codigo":1,"descricao":null},"categoria":null,"situacaoRotulo":null,"dataVencimento":null,"mesAnoVencimento":"062005","dataVencimentoRegistro":"2005-06-01T00:00:00.000-0300","principioAtivo":null,"situacaoApresentacao":"Caduco/Cancelado","dataRegistro":"2000-06-05T00:00:00.000-0300","categoriaRegulatoria":{"codigo":8,"descricao":"Similar"},"medicamentoReferencia":null,"categoriaProduto":null,"tipoAutorizacao":"REGISTRADO","numeroRegistroFormatado":"114020018","mesAnoVencimentoFormatado":"06/2005","acancelar":false},"empresa":{"cnpj":"06629745000109","razaoSocial":"NOVAFARMA INDÚSTRIA FARMACÊUTICA LTDA","numeroAutorizacao":null,"cnpjFormatado":"06.629.745/0001-09"},"processo":{"numero":"250000091439930","situacao":29,"numeroProcessoFormatado":"25000.009143/99-30"}},{"ordem":40,"produto":{"codigo":70212,"nome":"LINCOMIN","numeroRegistro":"114020011","tipo":{"codigo":1,"descricao":null},"categoria":null,"situacaoRotulo":null,"dataVencimento":null,"mesAnoVencimento":"022005","dataVencimentoRegistro":"2005-02-01T00:00:00.000-0300","principioAtivo":null,"situacaoApresentacao":"Caduco/Cancelado","dataRegistro":"2000-02-04T00:00:00.000-0200","categoriaRegulatoria":{"codigo":8,"descricao":"Similar"},"medicamentoReferencia":null,"categoriaProduto":null,"tipoAutorizacao":"REGISTRADO","numeroRegistroFormatado":"114020011","mesAnoVencimentoFormatado":"02/2005","acancelar":false},"empresa":{"cnpj":"06629745000109","razaoSocial":"NOVAFARMA INDÚSTRIA FARMACÊUTICA LTDA","numeroAutorizacao":null,"cnpjFormatado":"06.629.745/0001-09"},"processo":{"numero":"250000043619923","situacao":29,"numeroProcessoFormatado":"25000.004361/99-23"}},{"ordem":41,"produto":{"codigo":464804,"nome":"LINCOMIN","numeroRegistro":"114020041","tipo":{"codigo":1,"descricao":null},"categoria":null,"situacaoRotulo":null,"dataVencimento":null,"mesAnoVencimento":"062016","dataVencimentoRegistro":"2016-06-01T00:00:00.000-0300","principioAtivo":null,"situacaoApresentacao":"Caduco/Cancelado","dataRegistro":"2006-06-26T00:00:00.000-0300","categoriaRegulatoria":{"codigo":8,"descricao":"Similar"},"medicamentoReferencia":null,"categoriaProduto":null,"tipoAutorizacao":"REGISTRADO","numeroRegistroFormatado":"114020041","mesAnoVencimentoFormatado":"06/2016","acancelar":false},"empresa":{"cnpj":"06629745000109","razaoSocial":"NOVAFARMA INDÚSTRIA FARMACÊUTICA LTDA","numeroAutorizacao":null,"cnpjFormatado":"06.629.745/0001-09"},"processo":{"numero":"25351043424200522","situacao":29,"numeroProcessoFormatado":"25351.043424/2005-22"}},{"ordem":42,"produto":{"codigo":512386,"nome":"MEDAT","numeroRegistro":"114020054","tipo":{"codigo":1,"descricao":null},"categoria":null,"situacaoRotulo":null,"dataVencimento":null,"mesAnoVencimento":"092012","dataVencimentoRegistro":"2012-09-01T00:00:00.000-0300","principioAtivo":null,"situacaoApresentacao":"Caduco/Cancelado","dataRegistro":"2007-09-17T00:00:00.000-0300","categoriaRegulatoria":{"codigo":3,"descricao":"Específico"},"medicamentoReferencia":null,"categoriaProduto":null,"tipoAutorizacao":"REGISTRADO","numeroRegistroFormatado":"114020054","mesAnoVencimentoFormatado":"09/2012","acancelar":false},"empresa":{"cnpj":"06629745000109","razaoSocial":"NOVAFARMA INDÚSTRIA FARMACÊUTICA LTDA","numeroAutorizacao":null,"cnpjFormatado":"06.629.745/0001-09"},"processo":{"numero":"25351058302200701","situacao":29,"numeroProcessoFormatado":"25351.058302/2007-01"}},{"ordem":43,"produto":{"codigo":70652,"nome":"MEGLUMINA ANTIMONIATO","numeroRegistro":"114020015","tipo":{"codigo":1,"descricao":null},"categoria":null,"situacaoRotulo":null,"dataVencimento":null,"mesAnoVencimento":"052005","dataVencimentoRegistro":"2005-05-01T00:00:00.000-0300","principioAtivo":null,"situacaoApresentacao":"Caduco/Cancelado","dataRegistro":"2000-05-31T00:00:00.000-0300","categoriaRegulatoria":{"codigo":8,"descricao":"Similar"},"medicamentoReferencia":null,"categoriaProduto":null,"tipoAutorizacao":"REGISTRADO","numeroRegistroFormatado":"114020015","mesAnoVencimentoFormatado":"05/2005","acancelar":false},"empresa":{"cnpj":"06629745000109","razaoSocial":"NOVAFARMA INDÚSTRIA FARMACÊUTICA LTDA","numeroAutorizacao":null,"cnpjFormatado":"06.629.745/0001-09"},"processo":{"numero":"250000094099935","situacao":29,"numeroProcessoFormatado":"25000.009409/99-35"}},{"ordem":44,"produto":{"codigo":610183,"nome":"MEROPENEM","numeroRegistro":"114020075","tipo":{"codigo":1,"descricao":null},"categoria":null,"situacaoRotulo":null,"dataVencimento":null,"mesAnoVencimento":"072026","dataVencimentoRegistro":"2026-07-01T00:00:00.000-0300","principioAtivo":null,"situacaoApresentacao":"Caduco/Cancelado","dataRegistro":"2011-07-18T00:00:00.000-0300","categoriaRegulatoria":{"codigo":5,"descricao":"Genérico"},"medicamentoReferencia":"MERONEM IV","categoriaProduto":null,"tipoAutorizacao":"REGISTRADO","numeroRegistroFormatado":"114020075","mesAnoVencimentoFormatado":"07/2026","acancelar":false},"empresa":{"cnpj":"06629745000109","razaoSocial":"NOVAFARMA INDÚSTRIA FARMACÊUTICA LTDA","numeroAutorizacao":null,"cnpjFormatado":"06.629.745/0001-09"},"processo":{"numero":"25351493251200832","situacao":29,"numeroProcessoFormatado":"25351.493251/2008-32"}},{"ordem":45,"produto":{"codigo":689917,"nome":"MESNA","numeroRegistro":"114020072","tipo":{"codigo":1,"descricao":null},"categoria":null,"situacaoRotulo":null,"dataVencimento":null,"mesAnoVencimento":"102025","dataVencimentoRegistro":"2025-10-01T00:00:00.000-0300","principioAtivo":null,"situacaoApresentacao":"Caduco/Cancelado","dataRegistro":"2010-10-05T00:00:00.000-0300","categoriaRegulatoria":{"codigo":5,"descricao":"Genérico"},"medicamentoReferencia":"MITEXAN","categoriaProduto":null,"tipoAutorizacao":"REGISTRADO","numeroRegistroFormatado":"114020072","mesAnoVencimentoFormatado":"10/2025","acancelar":false},"empresa":{"cnpj":"06629745000109","razaoSocial":"NOVAFARMA INDÚSTRIA FARMACÊUTICA LTDA","numeroAutorizacao":null,"cnpjFormatado":"06.629.745/0001-09"},"processo":{"numero":"25351343736200916","situacao":29,"numeroProcessoFormatado":"25351.343736/2009-16"}},{"ordem":46,"produto":{"codigo":527073,"nome":"NAUMETRON","numeroRegistro":"114020059","tipo":{"codigo":1,"descricao":null},"categoria":null,"situacaoRotulo":null,"dataVencimento":null,"mesAnoVencimento":"122017","dataVencimentoRegistro":"2017-12-01T00:00:00.000-0300","principioAtivo":null,"situacaoApresentacao":"Caduco/Cancelado","dataRegistro":"2007-12-03T00:00:00.000-0300","categoriaRegulatoria":{"codigo":8,"descricao":"Similar"},"medicamentoReferencia":null,"categoriaProduto":null,"tipoAutorizacao":"REGISTRADO","numeroRegistroFormatado":"114020059","mesAnoVencimentoFormatado":"12/2017","acancelar":false},"empresa":{"cnpj":"06629745000109","razaoSocial":"NOVAFARMA INDÚSTRIA FARMACÊUTICA LTDA","numeroAutorizacao":null,"cnpjFormatado":"06.629.745/0001-09"},"processo":{"numero":"25351133531200711","situacao":29,"numeroProcessoFormatado":"25351.133531/2007-11"}},{"ordem":47,"produto":{"codigo":504035,"nome":"NOVACTAM","numeroRegistro":"114020061","tipo":{"codigo":1,"descricao":null},"categoria":null,"situacaoRotulo":null,"dataVencimento":null,"mesAnoVencimento":"122012","dataVencimentoRegistro":"2012-12-01T00:00:00.000-0300","principioAtivo":null,"situacaoApresentacao":"Caduco/Cancelado","dataRegistro":"2007-12-10T00:00:00.000-0300","categoriaRegulatoria":{"codigo":8,"descricao":"Similar"},"medicamentoReferencia":null,"categoriaProduto":null,"tipoAutorizacao":"REGISTRADO","numeroRegistroFormatado":"114020061","mesAnoVencimentoFormatado":"12/2012","acancelar":false},"empresa":{"cnpj":"06629745000109","razaoSocial":"NOVAFARMA INDÚSTRIA FARMACÊUTICA LTDA","numeroAutorizacao":null,"cnpjFormatado":"06.629.745/0001-09"},"processo":{"numero":"25351337009200618","situacao":29,"numeroProcessoFormatado":"25351.337009/2006-18"}},{"ordem":48,"produto":{"codigo":677102,"nome":"NOVAMIBI","numeroRegistro":"114020074","tipo":{"codigo":1,"descricao":null},"categoria":null,"situacaoRotulo":null,"dataVencimento":null,"mesAnoVencimento":"122015","dataVencimentoRegistro":"2015-12-01T00:00:00.000-0300","principioAtivo":null,"situacaoApresentacao":"Caduco/Cancelado","dataRegistro":"2010-12-06T00:00:00.000-0300","categoriaRegulatoria":{"codigo":8,"descricao":"Similar"},"medicamentoReferencia":null,"categoriaProduto":null,"tipoAutorizacao":"REGISTRADO","numeroRegistroFormatado":"114020074","mesAnoVencimentoFormatado":"12/2015","acancelar":false},"empresa":{"cnpj":"06629745000109","razaoSocial":"NOVAFARMA INDÚSTRIA FARMACÊUTICA LTDA","numeroAutorizacao":null,"cnpjFormatado":"06.629.745/0001-09"},"processo":{"numero":"25351473790200855","situacao":29,"numeroProcessoFormatado":"25351.473790/2008-55"}},{"ordem":49,"produto":{"codigo":69931,"nome":"NOVAMICACIM","numeroRegistro":"114020008","tipo":{"codigo":1,"descricao":null},"categoria":null,"situacaoRotulo":null,"dataVencimento":null,"mesAnoVencimento":"112004","dataVencimentoRegistro":"2004-11-01T00:00:00.000-0300","principioAtivo":null,"situacaoApresentacao":"Caduco/Cancelado","dataRegistro":"1999-11-22T00:00:00.000-0200","categoriaRegulatoria":{"codigo":8,"descricao":"Similar"},"medicamentoReferencia":null,"categoriaProduto":null,"tipoAutorizacao":"REGISTRADO","numeroRegistroFormatado":"114020008","mesAnoVencimentoFormatado":"11/2004","acancelar":false},"empresa":{"cnpj":"06629745000109","razaoSocial":"NOVAFARMA INDÚSTRIA FARMACÊUTICA LTDA","numeroAutorizacao":null,"cnpjFormatado":"06.629.745/0001-09"},"processo":{"numero":"250000094039959","situacao":29,"numeroProcessoFormatado":"25000.009403/99-59"}},{"ordem":50,"produto":{"codigo":162309,"nome":"NOVAMICIN","numeroRegistro":"114020029","tipo":{"codigo":1,"descricao":null},"categoria":null,"situacaoRotulo":null,"dataVencimento":null,"mesAnoVencimento":"022028","dataVencimentoRegistro":"2028-02-01T00:00:00.000-0300","principioAtivo":null,"situacaoApresentacao":"Caduco/Cancelado","dataRegistro":"2003-02-26T00:00:00.000-0300","categoriaRegulatoria":{"codigo":8,"descricao":"Similar"},"medicamentoReferencia":null,"categoriaProduto":null,"tipoAutorizacao":"REGISTRADO","numeroRegistroFormatado":"114020029","mesAnoVencimentoFormatado":"02/2028","acancelar":false},"empresa":{"cnpj":"06629745000109","razaoSocial":"NOVAFARMA INDÚSTRIA FARMACÊUTICA LTDA","numeroAutorizacao":null,"cnpjFormatado":"06.629.745/0001-09"},"processo":{"numero":"25351162558200207","situacao":29,"numeroProcessoFormatado":"25351.162558/2002-07"}},{"ordem":51,"produto":{"codigo":503601,"nome":"NOVANOR","numeroRegistro":"114020064","tipo":{"codigo":1,"descricao":null},"categoria":null,"situacaoRotulo":null,"dataVencimento":null,"mesAnoVencimento":"062013","dataVencimentoRegistro":"2013-06-01T00:00:00.000-0300","principioAtivo":null,"situacaoApresentacao":"Caduco/Cancelado","dataRegistro":"2008-06-23T00:00:00.000-0300","categoriaRegulatoria":{"codigo":8,"descricao":"Similar"},"medicamentoReferencia":null,"categoriaProduto":null,"tipoAutorizacao":"REGISTRADO","numeroRegistroFormatado":"114020064","mesAnoVencimentoFormatado":"06/2013","acancelar":false},"empresa":{"cnpj":"06629745000109","razaoSocial":"NOVAFARMA INDÚSTRIA FARMACÊUTICA LTDA","numeroAutorizacao":null,"cnpjFormatado":"06.629.745/0001-09"},"processo":{"numero":"25351432370200657","situacao":29,"numeroProcessoFormatado":"25351.432370/2006-57"}},{"ordem":52,"produto":{"codigo":509129,"nome":"NOVATAZ","numeroRegistro":"114020052","tipo":{"codigo":1,"descricao":null},"categoria":null,"situacaoRotulo":null,"dataVencimento":null,"mesAnoVencimento":"082012","dataVencimentoRegistro":"2012-08-01T00:00:00.000-0300","principioAtivo":null,"situacaoApresentacao":"Caduco/Cancelado","dataRegistro":"2007-08-20T00:00:00.000-0300","categoriaRegulatoria":{"codigo":8,"descricao":"Similar"},"medicamentoReferencia":null,"categoriaProduto":null,"tipoAutorizacao":"REGISTRADO","numeroRegistroFormatado":"114020052","mesAnoVencimentoFormatado":"08/2012","acancelar":false},"empresa":{"cnpj":"06629745000109","razaoSocial":"NOVAFARMA INDÚSTRIA FARMACÊUTICA LTDA","numeroAutorizacao":null,"cnpjFormatado":"06.629.745/0001-09"},"processo":{"numero":"25351486620200679","situacao":29,"numeroProcessoFormatado":"25351.486620/2006-79"}},{"ordem":53,"produto":{"codigo":530165,"nome":"NOVATON","numeroRegistro":"114020055","tipo":{"codigo":1,"descricao":null},"categoria":null,"situacaoRotulo":null,"dataVencimento":null,"mesAnoVencimento":"092017","dataVencimentoRegistro":"2017-09-01T00:00:00.000-0300","principioAtivo":null,"situacaoApresentacao":"Caduco/Cancelado","dataRegistro":"2007-09-24T00:00:00.000-0300","categoriaRegulatoria":{"codigo":8,"descricao":"Similar"},"medicamentoReferencia":null,"categoriaProduto":null,"tipoAutorizacao":"REGISTRADO","numeroRegistroFormatado":"114020055","mesAnoVencimentoFormatado":"09/2017","acancelar":false},"empresa":{"cnpj":"06629745000109","razaoSocial":"NOVAFARMA INDÚSTRIA FARMACÊUTICA LTDA","numeroAutorizacao":null,"cnpjFormatado":"06.629.745/0001-09"},"processo":{"numero":"25351162881200787","situacao":29,"numeroProcessoFormatado":"25351.162881/2007-87"}},{"ordem":54,"produto":{"codigo":495807,"nome":"ONDRALIX","numeroRegistro":"114020057","tipo":{"codigo":1,"descricao":null},"categoria":null,"situacaoRotulo":null,"dataVencimento":null,"mesAnoVencimento":"102012","dataVencimentoRegistro":"2012-10-01T00:00:00.000-0300","principioAtivo":null,"situacaoApresentacao":"Caduco/Cancelado","dataRegistro":"2007-10-22T00:00:00.000-0300","categoriaRegulatoria":{"codigo":8,"descricao":"Similar"},"medicamentoReferencia":null,"categoriaProduto":null,"tipoAutorizacao":"REGISTRADO","numeroRegistroFormatado":"114020057","mesAnoVencimentoFormatado":"10/2012","acancelar":false},"empresa":{"cnpj":"06629745000109","razaoSocial":"NOVAFARMA INDÚSTRIA FARMACÊUTICA LTDA","numeroAutorizacao":null,"cnpjFormatado":"06.629.745/0001-09"},"processo":{"numero":"25351340698200648","situacao":29,"numeroProcessoFormatado":"25351.340698/2006-48"}},{"ordem":55,"produto":{"codigo":70757,"nome":"OXACILIL","numeroRegistro":"114020009","tipo":{"codigo":1,"descricao":null},"categoria":null,"situacaoRotulo":null,"dataVencimento":null,"mesAnoVencimento":"122029","dataVencimentoRegistro":"2029-12-01T00:00:00.000-0300","principioAtivo":null,"situacaoApresentacao":"Caduco/Cancelado","dataRegistro":"1999-12-20T00:00:00.000-0200","categoriaRegulatoria":{"codigo":8,"descricao":"Similar"},"medicamentoReferencia":"OXACILINA SÓDICA - EUROFARMA","categoriaProduto":null,"tipoAutorizacao":"REGISTRADO","numeroRegistroFormatado":"114020009","mesAnoVencimentoFormatado":"12/2029","acancelar":false},"empresa":{"cnpj":"06629745000109","razaoSocial":"NOVAFARMA INDÚSTRIA FARMACÊUTICA LTDA","numeroAutorizacao":null,"cnpjFormatado":"06.629.745/0001-09"},"processo":{"numero":"250000043659984","situacao":29,"numeroProcessoFormatado":"25000.004365/99-84"}},{"ordem":56,"produto":{"codigo":70250,"nome":"PALUDAN","numeroRegistro":"114020010","tipo":{"codigo":1,"descricao":null},"categoria":null,"situacaoRotulo":null,"dataVencimento":null,"mesAnoVencimento":"022005","dataVencimentoRegistro":"2005-02-01T00:00:00.000-0300","principioAtivo":null,"situacaoApresentacao":"Caduco/Cancelado","dataRegistro":"2000-02-02T00:00:00.000-0200","categoriaRegulatoria":{"codigo":8,"descricao":"Similar"},"medicamentoReferencia":null,"categoriaProduto":null,"tipoAutorizacao":"REGISTRADO","numeroRegistroFormatado":"114020010","mesAnoVencimentoFormatado":"02/2005","acancelar":false},"empresa":{"cnpj":"06629745000109","razaoSocial":"NOVAFARMA INDÚSTRIA FARMACÊUTICA LTDA","numeroAutorizacao":null,"cnpjFormatado":"06.629.745/0001-09"},"processo":{"numero":"250000189919930","situacao":29,"numeroProcessoFormatado":"25000.018991/99-30"}},{"ordem":57,"produto":{"codigo":416288,"nome":"PIPERACILINA SÓDICA + TAZOBACTAM SÓDICO","numeroRegistro":"114020034","tipo":{"codigo":1,"descricao":null},"categoria":null,"situacaoRotulo":null,"dataVencimento":null,"mesAnoVencimento":"082025","dataVencimentoRegistro":"2025-08-01T00:00:00.000-0300","principioAtivo":null,"situacaoApresentacao":"Caduco/Cancelado","dataRegistro":"2005-08-29T00:00:00.000-0300","categoriaRegulatoria":{"codigo":5,"descricao":"Genérico"},"medicamentoReferencia":"TAZOCIN","categoriaProduto":null,"tipoAutorizacao":"REGISTRADO","numeroRegistroFormatado":"114020034","mesAnoVencimentoFormatado":"08/2025","acancelar":false},"empresa":{"cnpj":"06629745000109","razaoSocial":"NOVAFARMA INDÚSTRIA FARMACÊUTICA LTDA","numeroAutorizacao":null,"cnpjFormatado":"06.629.745/0001-09"},"processo":{"numero":"25351227104200523","situacao":29,"numeroProcessoFormatado":"25351.227104/2005-23"}},{"ordem":58,"produto":{"codigo":70319,"nome":"REUFLEN","numeroRegistro":"114020019","tipo":{"codigo":1,"descricao":null},"categoria":null,"situacaoRotulo":null,"dataVencimento":null,"mesAnoVencimento":"062010","dataVencimentoRegistro":"2010-06-01T00:00:00.000-0300","principioAtivo":null,"situacaoApresentacao":"Caduco/Cancelado","dataRegistro":"2000-06-05T00:00:00.000-0300","categoriaRegulatoria":{"codigo":8,"descricao":"Similar"},"medicamentoReferencia":null,"categoriaProduto":null,"tipoAutorizacao":"REGISTRADO","numeroRegistroFormatado":"114020019","mesAnoVencimentoFormatado":"06/2010","acancelar":false},"empresa":{"cnpj":"06629745000109","razaoSocial":"NOVAFARMA INDÚSTRIA FARMACÊUTICA LTDA","numeroAutorizacao":null,"cnpjFormatado":"06.629.745/0001-09"},"processo":{"numero":"250000091429977","situacao":29,"numeroProcessoFormatado":"25000.009142/99-77"}},{"ordem":59,"produto":{"codigo":493754,"nome":"SENOCLIN","numeroRegistro":"114020045","tipo":{"codigo":1,"descricao":null},"categoria":null,"situacaoRotulo":null,"dataVencimento":null,"mesAnoVencimento":"032012","dataVencimentoRegistro":"2012-03-01T00:00:00.000-0300","principioAtivo":null,"situacaoApresentacao":"Caduco/Cancelado","dataRegistro":"2007-03-05T00:00:00.000-0300","categoriaRegulatoria":{"codigo":8,"descricao":"Similar"},"medicamentoReferencia":null,"categoriaProduto":null,"tipoAutorizacao":"REGISTRADO","numeroRegistroFormatado":"114020045","mesAnoVencimentoFormatado":"03/2012","acancelar":false},"empresa":{"cnpj":"06629745000109","razaoSocial":"NOVAFARMA INDÚSTRIA FARMACÊUTICA LTDA","numeroAutorizacao":null,"cnpjFormatado":"06.629.745/0001-09"},"processo":{"numero":"25351338188200619","situacao":29,"numeroProcessoFormatado":"25351.338188/2006-19"}},{"ordem":60,"produto":{"codigo":532863,"nome":"Succinato Sódico de Metilpredinisolona","numeroRegistro":"114020063","tipo":{"codigo":1,"descricao":null},"categoria":null,"situacaoRotulo":null,"dataVencimento":null,"mesAnoVencimento":"012028","dataVencimentoRegistro":"2028-01-01T00:00:00.000-0300","principioAtivo":null,"situacaoApresentacao":"Caduco/Cancelado","dataRegistro":"2008-01-21T00:00:00.000-0300","categoriaRegulatoria":{"codigo":5,"descricao":"Genérico"},"medicamentoReferencia":"SOLU-MEDROL®","categoriaProduto":null,"tipoAutorizacao":"REGISTRADO","numeroRegistroFormatado":"114020063","mesAnoVencimentoFormatado":"01/2028","acancelar":false},"empresa":{"cnpj":"06629745000109","razaoSocial":"NOVAFARMA INDÚSTRIA FARMACÊUTICA LTDA","numeroAutorizacao":null,"cnpjFormatado":"06.629.745/0001-09"},"processo":{"numero":"25351343284200751","situacao":29,"numeroProcessoFormatado":"25351.343284/2007-51"}},{"ordem":61,"produto":{"codigo":470669,"nome":"Sulfato de Amicacina","numeroRegistro":"114020044","tipo":{"codigo":1,"descricao":null},"categoria":null,"situacaoRotulo":null,"dataVencimento":null,"mesAnoVencimento":"122026","dataVencimentoRegistro":"2026-12-01T00:00:00.000-0300","principioAtivo":null,"situacaoApresentacao":"Caduco/Cancelado","dataRegistro":"2006-12-18T00:00:00.000-0300","categoriaRegulatoria":{"codigo":5,"descricao":"Genérico"},"medicamentoReferencia":"Novamin","categoriaProduto":null,"tipoAutorizacao":"REGISTRADO","numeroRegistroFormatado":"114020044","mesAnoVencimentoFormatado":"12/2026","acancelar":false},"empresa":{"cnpj":"06629745000109","razaoSocial":"NOVAFARMA INDÚSTRIA FARMACÊUTICA LTDA","numeroAutorizacao":null,"cnpjFormatado":"06.629.745/0001-09"},"processo":{"numero":"25351100964200600","situacao":29,"numeroProcessoFormatado":"25351.100964/2006-00"}},{"ordem":62,"produto":{"codigo":70072,"nome":"TIMEDIZIMA","numeroRegistro":"114020021","tipo":{"codigo":1,"descricao":null},"categoria":null,"situacaoRotulo":null,"dataVencimento":null,"mesAnoVencimento":"102005","dataVencimentoRegistro":"2005-10-01T00:00:00.000-0300","principioAtivo":null,"situacaoApresentacao":"Caduco/Cancelado","dataRegistro":"2000-10-09T00:00:00.000-0200","categoriaRegulatoria":{"codigo":8,"descricao":"Similar"},"medicamentoReferencia":null,"categoriaProduto":null,"tipoAutorizacao":"REGISTRADO","numeroRegistroFormatado":"114020021","mesAnoVencimentoFormatado":"10/2005","acancelar":false},"empresa":{"cnpj":"06629745000109","razaoSocial":"NOVAFARMA INDÚSTRIA FARMACÊUTICA LTDA","numeroAutorizacao":null,"cnpjFormatado":"06.629.745/0001-09"},"processo":{"numero":"250000094079918","situacao":29,"numeroProcessoFormatado":"25000.009407/99-18"}},{"ordem":63,"produto":{"codigo":547699,"nome":"TIOXIN","numeroRegistro":"114020062","tipo":{"codigo":1,"descricao":null},"categoria":null,"situacaoRotulo":null,"dataVencimento":null,"mesAnoVencimento":"012028","dataVencimentoRegistro":"2028-01-01T00:00:00.000-0300","principioAtivo":null,"situacaoApresentacao":"Caduco/Cancelado","dataRegistro":"2008-01-21T00:00:00.000-0300","categoriaRegulatoria":{"codigo":8,"descricao":"Similar"},"medicamentoReferencia":null,"categoriaProduto":null,"tipoAutorizacao":"REGISTRADO","numeroRegistroFormatado":"114020062","mesAnoVencimentoFormatado":"01/2028","acancelar":false},"empresa":{"cnpj":"06629745000109","razaoSocial":"NOVAFARMA INDÚSTRIA FARMACÊUTICA LTDA","numeroAutorizacao":null,"cnpjFormatado":"06.629.745/0001-09"},"processo":{"numero":"25351372091200716","situacao":29,"numeroProcessoFormatado":"25351.372091/2007-16"}},{"ordem":64,"produto":{"codigo":333478,"nome":"WONILIN","numeroRegistro":"114020032","tipo":{"codigo":1,"descricao":null},"categoria":null,"situacaoRotulo":null,"dataVencimento":null,"mesAnoVencimento":"092028","dataVencimentoRegistro":"2028-09-01T00:00:00.000-0300","principioAtivo":null,"situacaoApresentacao":"Caduco/Cancelado","dataRegistro":"2003-09-01T00:00:00.000-0300","categoriaRegulatoria":{"codigo":8,"descricao":"Similar"},"medicamentoReferencia":null,"categoriaProduto":null,"tipoAutorizacao":"REGISTRADO","numeroRegistroFormatado":"114020032","mesAnoVencimentoFormatado":"09/2028","acancelar":false},"empresa":{"cnpj":"06629745000109","razaoSocial":"NOVAFARMA INDÚSTRIA FARMACÊUTICA LTDA","numeroAutorizacao":null,"cnpjFormatado":"06.629.745/0001-09"},"processo":{"numero":"250000022459447","situacao":29,"numeroProcessoFormatado":"25000.002245/94-47"}},{"ordem":65,"produto":{"codigo":570879,"nome":"ZYNVIR","numeroRegistro":"114020065","tipo":{"codigo":1,"descricao":null},"categoria":null,"situacaoRotulo":null,"dataVencimento":null,"mesAnoVencimento":"102028","dataVencimentoRegistro":"2028-10-01T00:00:00.000-0300","principioAtivo":null,"situacaoApresentacao":"Caduco/Cancelado","dataRegistro":"2008-10-20T00:00:00.000-0300","categoriaRegulatoria":{"codigo":8,"descricao":"Similar"},"medicamentoReferencia":null,"categoriaProduto":null,"tipoAutorizacao":"REGISTRADO","numeroRegistroFormatado":"114020065","mesAnoVencimentoFormatado":"10/2028","acancelar":false},"empresa":{"cnpj":"06629745000109","razaoSocial":"NOVAFARMA INDÚSTRIA FARMACÊUTICA LTDA","numeroAutorizacao":null,"cnpjFormatado":"06.629.745/0001-09"},"processo":{"numero":"25351084295200875","situacao":29,"numeroProcessoFormatado":"25351.084295/2008-75"}},{"ordem":66,"produto":{"codigo":631515,"nome":"besilato de atracúrio","numeroRegistro":"114020070","tipo":{"codigo":1,"descricao":null},"categoria":null,"situacaoRotulo":null,"dataVencimento":null,"mesAnoVencimento":"032025","dataVencimentoRegistro":"2025-03-01T00:00:00.000-0300","principioAtivo":null,"situacaoApresentacao":"Caduco/Cancelado","dataRegistro":"2010-03-22T00:00:00.000-0300","categoriaRegulatoria":{"codigo":5,"descricao":"Genérico"},"medicamentoReferencia":"tracrium","categoriaProduto":null,"tipoAutorizacao":"REGISTRADO","numeroRegistroFormatado":"114020070","mesAnoVencimentoFormatado":"03/2025","acancelar":false},"empresa":{"cnpj":"06629745000109","razaoSocial":"NOVAFARMA INDÚSTRIA FARMACÊUTICA LTDA","numeroAutorizacao":null,"cnpjFormatado":"06.629.745/0001-09"},"processo":{"numero":"25351858654200800","situacao":29,"numeroProcessoFormatado":"25351.858654/2008-00"}},{"ordem":67,"produto":{"codigo":560606,"nome":"brometo de pancurônio","numeroRegistro":"114020066","tipo":{"codigo":1,"descricao":null},"categoria":null,"situacaoRotulo":null,"dataVencimento":null,"mesAnoVencimento":"122028","dataVencimentoRegistro":"2028-12-01T00:00:00.000-0300","principioAtivo":null,"situacaoApresentacao":"Caduco/Cancelado","dataRegistro":"2008-12-22T00:00:00.000-0300","categoriaRegulatoria":{"codigo":5,"descricao":"Genérico"},"medicamentoReferencia":"Pavulon","categoriaProduto":null,"tipoAutorizacao":"REGISTRADO","numeroRegistroFormatado":"114020066","mesAnoVencimentoFormatado":"12/2028","acancelar":false},"empresa":{"cnpj":"06629745000109","razaoSocial":"NOVAFARMA INDÚSTRIA FARMACÊUTICA LTDA","numeroAutorizacao":null,"cnpjFormatado":"06.629.745/0001-09"},"processo":{"numero":"25351647606200739","situacao":29,"numeroProcessoFormatado":"25351.647606/2007-39"}},{"ordem":68,"produto":{"codigo":761226,"nome":"brometo de rocurônio","numeroRegistro":"114020076","tipo":{"codigo":1,"descricao":null},"categoria":null,"situacaoRotulo":null,"dataVencimento":null,"mesAnoVencimento":"022027","dataVencimentoRegistro":"2027-02-01T00:00:00.000-0300","principioAtivo":null,"situacaoApresentacao":"Caduco/Cancelado","dataRegistro":"2012-02-13T00:00:00.000-0300","categoriaRegulatoria":{"codigo":5,"descricao":"Genérico"},"medicamentoReferencia":"esmeron","categoriaProduto":null,"tipoAutorizacao":"REGISTRADO","numeroRegistroFormatado":"114020076","mesAnoVencimentoFormatado":"02/2027","acancelar":false},"empresa":{"cnpj":"06629745000109","razaoSocial":"NOVAFARMA INDÚSTRIA FARMACÊUTICA LTDA","numeroAutorizacao":null,"cnpjFormatado":"06.629.745/0001-09"},"processo":{"numero":"25351542268200945","situacao":29,"numeroProcessoFormatado":"25351.542268/2009-45"}},{"ordem":69,"produto":{"codigo":612083,"nome":"bromoprida","numeroRegistro":"114020067","tipo":{"codigo":1,"descricao":null},"categoria":null,"situacaoRotulo":null,"dataVencimento":null,"mesAnoVencimento":"082029","dataVencimentoRegistro":"2029-08-01T00:00:00.000-0300","principioAtivo":null,"situacaoApresentacao":"Caduco/Cancelado","dataRegistro":"2009-08-24T00:00:00.000-0300","categoriaRegulatoria":{"codigo":5,"descricao":"Genérico"},"medicamentoReferencia":"Digesan","categoriaProduto":null,"tipoAutorizacao":"REGISTRADO","numeroRegistroFormatado":"114020067","mesAnoVencimentoFormatado":"08/2029","acancelar":false},"empresa":{"cnpj":"06629745000109","razaoSocial":"NOVAFARMA INDÚSTRIA FARMACÊUTICA LTDA","numeroAutorizacao":null,"cnpjFormatado":"06.629.745/0001-09"},"processo":{"numero":"25351693823200881","situacao":29,"numeroProcessoFormatado":"25351.693823/2008-81"}},{"ordem":70,"produto":{"codigo":421856,"nome":"cefoxitina sódica","numeroRegistro":"114020036","tipo":{"codigo":1,"descricao":null},"categoria":null,"situacaoRotulo":null,"dataVencimento":null,"mesAnoVencimento":"012026","dataVencimentoRegistro":"2026-01-01T00:00:00.000-0300","principioAtivo":null,"situacaoApresentacao":"Caduco/Cancelado","dataRegistro":"2005-11-21T00:00:00.000-0300","categoriaRegulatoria":{"codigo":5,"descricao":"Genérico"},"medicamentoReferencia":"Cefoxitina Sódica","categoriaProduto":null,"tipoAutorizacao":"REGISTRADO","numeroRegistroFormatado":"114020036","mesAnoVencimentoFormatado":"01/2026","acancelar":false},"empresa":{"cnpj":"06629745000109","razaoSocial":"NOVAFARMA INDÚSTRIA FARMACÊUTICA LTDA","numeroAutorizacao":null,"cnpjFormatado":"06.629.745/0001-09"},"processo":{"numero":"25351284914200587","situacao":29,"numeroProcessoFormatado":"25351.284914/2005-87"}},{"ordem":71,"produto":{"codigo":860297,"nome":"cloridrato de amiodarona","numeroRegistro":"114020088","tipo":{"codigo":1,"descricao":null},"categoria":null,"situacaoRotulo":null,"dataVencimento":null,"mesAnoVencimento":"072029","dataVencimentoRegistro":"2029-07-01T00:00:00.000-0300","principioAtivo":null,"situacaoApresentacao":"Caduco/Cancelado","dataRegistro":"2019-07-29T00:00:00.000-0300","categoriaRegulatoria":{"codigo":5,"descricao":"Genérico"},"medicamentoReferencia":"ATLANSIL","categoriaProduto":null,"tipoAutorizacao":"REGISTRADO","numeroRegistroFormatado":"114020088","mesAnoVencimentoFormatado":"07/2029","acancelar":false},"empresa":{"cnpj":"06629745000109","razaoSocial":"NOVAFARMA INDÚSTRIA FARMACÊUTICA LTDA","numeroAutorizacao":null,"cnpjFormatado":"06.629.745/0001-09"},"processo":{"numero":"25351608374201295","situacao":29,"numeroProcessoFormatado":"25351.608374/2012-95"}},{"ordem":72,"produto":{"codigo":891817,"nome":"cloridrato de clorpromazina","numeroRegistro":"114020089","tipo":{"codigo":1,"descricao":null},"categoria":null,"situacaoRotulo":null,"dataVencimento":null,"mesAnoVencimento":"032030","dataVencimentoRegistro":"2030-03-01T00:00:00.000-0300","principioAtivo":null,"situacaoApresentacao":"Caduco/Cancelado","dataRegistro":"2020-03-09T00:00:00.000-0300","categoriaRegulatoria":{"codigo":5,"descricao":"Genérico"},"medicamentoReferencia":"AMPLICTIL","categoriaProduto":null,"tipoAutorizacao":"REGISTRADO","numeroRegistroFormatado":"114020089","mesAnoVencimentoFormatado":"03/2030","acancelar":false},"empresa":{"cnpj":"06629745000109","razaoSocial":"NOVAFARMA INDÚSTRIA FARMACÊUTICA LTDA","numeroAutorizacao":null,"cnpjFormatado":"06.629.745/0001-09"},"processo":{"numero":"25351240687201317","situacao":29,"numeroProcessoFormatado":"25351.240687/2013-17"}},{"ordem":73,"produto":{"codigo":649446,"nome":"cloridrato de granisetrona","numeroRegistro":"114020071","tipo":{"codigo":1,"descricao":null},"categoria":null,"situacaoRotulo":null,"dataVencimento":null,"mesAnoVencimento":"072025","dataVencimentoRegistro":"2025-07-01T00:00:00.000-0300","principioAtivo":null,"situacaoApresentacao":"Caduco/Cancelado","dataRegistro":"2010-07-12T00:00:00.000-0300","categoriaRegulatoria":{"codigo":5,"descricao":"Genérico"},"medicamentoReferencia":"kytril","categoriaProduto":null,"tipoAutorizacao":"REGISTRADO","numeroRegistroFormatado":"114020071","mesAnoVencimentoFormatado":"07/2025","acancelar":false},"empresa":{"cnpj":"06629745000109","razaoSocial":"NOVAFARMA INDÚSTRIA FARMACÊUTICA LTDA","numeroAutorizacao":null,"cnpjFormatado":"06.629.745/0001-09"},"processo":{"numero":"25351129734200916","situacao":29,"numeroProcessoFormatado":"25351.129734/2009-16"}},{"ordem":74,"produto":{"codigo":787159,"nome":"cloridrato de midazolam","numeroRegistro":"114020091","tipo":{"codigo":1,"descricao":null},"categoria":null,"situacaoRotulo":null,"dataVencimento":null,"mesAnoVencimento":"042030","dataVencimentoRegistro":"2030-04-01T00:00:00.000-0300","principioAtivo":null,"situacaoApresentacao":"Caduco/Cancelado","dataRegistro":"2020-04-20T00:00:00.000-0300","categoriaRegulatoria":{"codigo":5,"descricao":"Genérico"},"medicamentoReferencia":"DORMONID","categoriaProduto":null,"tipoAutorizacao":"REGISTRADO","numeroRegistroFormatado":"114020091","mesAnoVencimentoFormatado":"04/2030","acancelar":false},"empresa":{"cnpj":"06629745000109","razaoSocial":"NOVAFARMA INDÚSTRIA FARMACÊUTICA LTDA","numeroAutorizacao":null,"cnpjFormatado":"06.629.745/0001-09"},"processo":{"numero":"25351610549201118","situacao":29,"numeroProcessoFormatado":"25351.610549/2011-18"}},{"ordem":75,"produto":{"codigo":850362,"nome":"cloridrato de vancomicina","numeroRegistro":"114020090","tipo":{"codigo":1,"descricao":null},"categoria":null,"situacaoRotulo":null,"dataVencimento":null,"mesAnoVencimento":"032030","dataVencimentoRegistro":"2030-03-01T00:00:00.000-0300","principioAtivo":null,"situacaoApresentacao":"Caduco/Cancelado","dataRegistro":"2020-03-30T00:00:00.000-0300","categoriaRegulatoria":{"codigo":5,"descricao":"Genérico"},"medicamentoReferencia":"VANCOCINA CP","categoriaProduto":null,"tipoAutorizacao":"REGISTRADO","numeroRegistroFormatado":"114020090","mesAnoVencimentoFormatado":"03/2030","acancelar":false},"empresa":{"cnpj":"06629745000109","razaoSocial":"NOVAFARMA INDÚSTRIA FARMACÊUTICA LTDA","numeroAutorizacao":null,"cnpjFormatado":"06.629.745/0001-09"},"processo":{"numero":"25351495532201231","situacao":29,"numeroProcessoFormatado":"25351.495532/2012-31"}},{"ordem":76,"produto":{"codigo":501443,"nome":"hemitartarato de norepinefrina","numeroRegistro":"114020058","tipo":{"codigo":1,"descricao":null},"categoria":null,"situacaoRotulo":null,"dataVencimento":null,"mesAnoVencimento":"112027","dataVencimentoRegistro":"2027-11-01T00:00:00.000-0300","principioAtivo":null,"situacaoApresentacao":"Caduco/Cancelado","dataRegistro":"2007-11-19T00:00:00.000-0300","categoriaRegulatoria":{"codigo":5,"descricao":"Genérico"},"medicamentoReferencia":"HYPONOR","categoriaProduto":null,"tipoAutorizacao":"REGISTRADO","numeroRegistroFormatado":"114020058","mesAnoVencimentoFormatado":"11/2027","acancelar":false},"empresa":{"cnpj":"06629745000109","razaoSocial":"NOVAFARMA INDÚSTRIA FARMACÊUTICA LTDA","numeroAutorizacao":null,"cnpjFormatado":"06.629.745/0001-09"},"processo":{"numero":"25351433524200628","situacao":29,"numeroProcessoFormatado":"25351.433524/2006-28"}},{"ordem":77,"produto":{"codigo":588023,"nome":"imipenem + cilastatina sódica","numeroRegistro":"114020069","tipo":{"codigo":1,"descricao":null},"categoria":null,"situacaoRotulo":null,"dataVencimento":null,"mesAnoVencimento":"112029","dataVencimentoRegistro":"2029-11-01T00:00:00.000-0300","principioAtivo":null,"situacaoApresentacao":"Caduco/Cancelado","dataRegistro":"2009-11-16T00:00:00.000-0300","categoriaRegulatoria":{"codigo":5,"descricao":"Genérico"},"medicamentoReferencia":"TIENAM","categoriaProduto":null,"tipoAutorizacao":"REGISTRADO","numeroRegistroFormatado":"114020069","mesAnoVencimentoFormatado":"11/2029","acancelar":false},"empresa":{"cnpj":"06629745000109","razaoSocial":"NOVAFARMA INDÚSTRIA FARMACÊUTICA LTDA","numeroAutorizacao":null,"cnpjFormatado":"06.629.745/0001-09"},"processo":{"numero":"25351376939200859","situacao":29,"numeroProcessoFormatado":"25351.376939/2008-59"}},{"ordem":78,"produto":{"codigo":1130571,"nome":"oxacilina sódica","numeroRegistro":"114020080","tipo":{"codigo":1,"descricao":null},"categoria":null,"situacaoRotulo":null,"dataVencimento":null,"mesAnoVencimento":"102026","dataVencimentoRegistro":"2026-10-01T00:00:00.000-0300","principioAtivo":null,"situacaoApresentacao":"Caduco/Cancelado","dataRegistro":"2016-10-24T00:00:00.000-0300","categoriaRegulatoria":{"codigo":5,"descricao":"Genérico"},"medicamentoReferencia":"OXACILINA SÓDICA - EUROFARMA","categoriaProduto":null,"tipoAutorizacao":"REGISTRADO","numeroRegistroFormatado":"114020080","mesAnoVencimentoFormatado":"10/2026","acancelar":false},"empresa":{"cnpj":"06629745000109","razaoSocial":"NOVAFARMA INDÚSTRIA FARMACÊUTICA LTDA","numeroAutorizacao":null,"cnpjFormatado":"06.629.745/0001-09"},"processo":{"numero":"25351164090201682","situacao":29,"numeroProcessoFormatado":"25351.164090/2016-82"}},{"ordem":79,"produto":{"codigo":531695,"nome":"succinato sódico de cloranfenicol","numeroRegistro":"114020056","tipo":{"codigo":1,"descricao":null},"categoria":null,"situacaoRotulo":null,"dataVencimento":null,"mesAnoVencimento":"102027","dataVencimentoRegistro":"2027-10-01T00:00:00.000-0300","principioAtivo":null,"situacaoApresentacao":"Caduco/Cancelado","dataRegistro":"2007-10-08T00:00:00.000-0300","categoriaRegulatoria":{"codigo":5,"descricao":"Genérico"},"medicamentoReferencia":"ARIFENICOL","categoriaProduto":null,"tipoAutorizacao":"REGISTRADO","numeroRegistroFormatado":"114020056","mesAnoVencimentoFormatado":"10/2027","acancelar":false},"empresa":{"cnpj":"06629745000109","razaoSocial":"NOVAFARMA INDÚSTRIA FARMACÊUTICA LTDA","numeroAutorizacao":null,"cnpjFormatado":"06.629.745/0001-09"},"processo":{"numero":"25351302933200764","situacao":29,"numeroProcessoFormatado":"25351.302933/2007-64"}},{"ordem":80,"produto":{"codigo":69909,"nome":"ÁGUA PARA INJEÇÃO DILUENTE","numeroRegistro":"114020023","tipo":{"codigo":1,"descricao":null},"categoria":null,"situacaoRotulo":null,"dataVencimento":null,"mesAnoVencimento":"042016","dataVencimentoRegistro":"2016-04-01T00:00:00.000-0300","principioAtivo":null,"situacaoApresentacao":"Caduco/Cancelado","dataRegistro":"2001-04-23T00:00:00.000-0300","categoriaRegulatoria":{"codigo":8,"descricao":"Similar"},"medicamentoReferencia":null,"categoriaProduto":null,"tipoAutorizacao":"REGISTRADO","numeroRegistroFormatado":"114020023","mesAnoVencimentoFormatado":"04/2016","acancelar":false},"empresa":{"cnpj":"06629745000109","razaoSocial":"NOVAFARMA INDÚSTRIA FARMACÊUTICA LTDA","numeroAutorizacao":null,"cnpjFormatado":"06.629.745/0001-09"},"processo":{"numero":"250000093809955","situacao":29,"numeroProcessoFormatado":"25000.009380/99-55"}}],"totalPages":1,"totalElements":80,"last":true,"numberOfElements":80,"size":1000,"number":0,"first":true,"sort":null}