{"content":[{"ordem":1,"produto":{"codigo":1259528,"nome":"NITIKABS","numeroRegistro":"175360001","tipo":{"codigo":1,"descricao":null},"categoria":null,"situacaoRotulo":null,"dataVencimento":null,"mesAnoVencimento":"102024","dataVencimentoRegistro":"2024-10-01T00:00:00.000-0300","principioAtivo":null,"situacaoApresentacao":"Caduco/Cancelado","dataRegistro":"2019-10-07T00:00:00.000-0300","categoriaRegulatoria":{"codigo":6,"descricao":"Novo"},"medicamentoReferencia":null,"categoriaProduto":null,"tipoAutorizacao":"REGISTRADO","acancelar":false,"mesAnoVencimentoFormatado":"10/2024","numeroRegistroFormatado":"175360001"},"empresa":{"cnpj":"07453785000105","razaoSocial":"PHARMEDIC PHARMACEUTICALS IMPORTAÇÃO, DISTRIBUIÇÃO, COMÉRCIO E REPRESENTAÇÕES LTDA","numeroAutorizacao":null,"cnpjFormatado":"07.453.785/0001-05"},"processo":{"numero":"25351349198201813","situacao":29,"numeroProcessoFormatado":"25351.349198/2018-13"}}],"totalElements":1,"totalPages":1,"last":true,"numberOfElements":1,"size":1000,"number":0,"first":true,"sort":null}