{"content":[{"ordem":1,"produto":{"codigo":1123629,"nome":"COLOHALER","numeroRegistro":"164250001","tipo":{"codigo":1,"descricao":null},"categoria":null,"situacaoRotulo":null,"dataVencimento":null,"mesAnoVencimento":"092026","dataVencimentoRegistro":"2026-09-01T00:00:00.000-0300","principioAtivo":null,"situacaoApresentacao":"Caduco/Cancelado","dataRegistro":"2016-09-12T00:00:00.000-0300","categoriaRegulatoria":{"codigo":6,"descricao":"Novo"},"medicamentoReferencia":null,"categoriaProduto":null,"tipoAutorizacao":"REGISTRADO","acancelar":false,"mesAnoVencimentoFormatado":"09/2026","numeroRegistroFormatado":"164250001"},"empresa":{"cnpj":"07591326000180","razaoSocial":"MOKSHA8 BRASIL INDUSTRIA E COMERCIO DE MEDICAMENTOS LTDA","numeroAutorizacao":"1064256","cnpjFormatado":"07.591.326/0001-80"},"processo":{"numero":"25351587840201384","situacao":29,"numeroProcessoFormatado":"25351.587840/2013-84"}},{"ordem":2,"produto":{"codigo":1300193,"nome":"LISODREN","numeroRegistro":"164250003","tipo":{"codigo":1,"descricao":null},"categoria":null,"situacaoRotulo":null,"dataVencimento":"2028-03-03T00:00:00.000-0300","mesAnoVencimento":"032028","dataVencimentoRegistro":"2028-03-01T00:00:00.000-0300","principioAtivo":null,"situacaoApresentacao":"Caduco/Cancelado","dataRegistro":"2019-01-21T00:00:00.000-0300","categoriaRegulatoria":{"codigo":6,"descricao":"Novo"},"medicamentoReferencia":null,"categoriaProduto":null,"tipoAutorizacao":"REGISTRADO","acancelar":false,"mesAnoVencimentoFormatado":"03/2028","numeroRegistroFormatado":"164250003"},"empresa":{"cnpj":"07591326000180","razaoSocial":"MOKSHA8 BRASIL INDUSTRIA E COMERCIO DE MEDICAMENTOS LTDA","numeroAutorizacao":"1064256","cnpjFormatado":"07.591.326/0001-80"},"processo":{"numero":"25351679566201847","situacao":29,"numeroProcessoFormatado":"25351.679566/2018-47"}},{"ordem":3,"produto":{"codigo":1268870,"nome":"Nabota","numeroRegistro":"164250006","tipo":{"codigo":1,"descricao":null},"categoria":null,"situacaoRotulo":null,"dataVencimento":"2030-02-11T00:00:00.000-0300","mesAnoVencimento":"022030","dataVencimentoRegistro":"2030-02-01T00:00:00.000-0300","principioAtivo":"toxina botulínica A","situacaoApresentacao":"Válido","dataRegistro":"2020-02-17T00:00:00.000-0300","categoriaRegulatoria":{"codigo":1,"descricao":"Biológico"},"medicamentoReferencia":null,"categoriaProduto":null,"tipoAutorizacao":"REGISTRADO","acancelar":false,"mesAnoVencimentoFormatado":"02/2030","numeroRegistroFormatado":"164250006"},"empresa":{"cnpj":"07591326000180","razaoSocial":"MOKSHA8 BRASIL INDUSTRIA E COMERCIO DE MEDICAMENTOS LTDA","numeroAutorizacao":"1064256","cnpjFormatado":"07.591.326/0001-80"},"processo":{"numero":"25351426618201884","situacao":29,"numeroProcessoFormatado":"25351.426618/2018-84"}},{"ordem":4,"produto":{"codigo":1331383,"nome":"OMNARIS","numeroRegistro":"164250005","tipo":{"codigo":1,"descricao":null},"categoria":null,"situacaoRotulo":null,"dataVencimento":"2028-12-29T00:00:00.000-0300","mesAnoVencimento":"122028","dataVencimentoRegistro":"2028-12-01T00:00:00.000-0300","principioAtivo":null,"situacaoApresentacao":"Caduco/Cancelado","dataRegistro":"2019-06-24T00:00:00.000-0300","categoriaRegulatoria":{"codigo":6,"descricao":"Novo"},"medicamentoReferencia":null,"categoriaProduto":null,"tipoAutorizacao":"REGISTRADO","acancelar":false,"mesAnoVencimentoFormatado":"12/2028","numeroRegistroFormatado":"164250005"},"empresa":{"cnpj":"07591326000180","razaoSocial":"MOKSHA8 BRASIL INDUSTRIA E COMERCIO DE MEDICAMENTOS LTDA","numeroAutorizacao":"1064256","cnpjFormatado":"07.591.326/0001-80"},"processo":{"numero":"25351322484201912","situacao":29,"numeroProcessoFormatado":"25351.322484/2019-12"}},{"ordem":5,"produto":{"codigo":1318292,"nome":"QUESTRAN LIGHT","numeroRegistro":"164250004","tipo":{"codigo":1,"descricao":null},"categoria":null,"situacaoRotulo":null,"dataVencimento":null,"mesAnoVencimento":"102027","dataVencimentoRegistro":"2027-10-01T00:00:00.000-0300","principioAtivo":"COLESTIRAMINA","situacaoApresentacao":"Válido","dataRegistro":"2019-04-29T00:00:00.000-0300","categoriaRegulatoria":{"codigo":6,"descricao":"Novo"},"medicamentoReferencia":null,"categoriaProduto":null,"tipoAutorizacao":"REGISTRADO","acancelar":false,"mesAnoVencimentoFormatado":"10/2027","numeroRegistroFormatado":"164250004"},"empresa":{"cnpj":"07591326000180","razaoSocial":"MOKSHA8 BRASIL INDUSTRIA E COMERCIO DE MEDICAMENTOS LTDA","numeroAutorizacao":"1064256","cnpjFormatado":"07.591.326/0001-80"},"processo":{"numero":"25351041286201942","situacao":29,"numeroProcessoFormatado":"25351.041286/2019-42"}},{"ordem":6,"produto":{"codigo":1598158,"nome":"ULTRAPROCT LDO","numeroRegistro":"164250007","tipo":{"codigo":1,"descricao":null},"categoria":null,"situacaoRotulo":null,"dataVencimento":null,"mesAnoVencimento":"022025","dataVencimentoRegistro":"2025-02-01T00:00:00.000-0300","principioAtivo":"PIVALATO DE FLUOCORTOLONA, CLORIDRATO DE LIDOCAINA","situacaoApresentacao":"Válido","dataRegistro":"2020-11-03T00:00:00.000-0300","categoriaRegulatoria":{"codigo":6,"descricao":"Novo"},"medicamentoReferencia":null,"categoriaProduto":null,"tipoAutorizacao":"REGISTRADO","acancelar":false,"mesAnoVencimentoFormatado":"02/2025","numeroRegistroFormatado":"164250007"},"empresa":{"cnpj":"07591326000180","razaoSocial":"MOKSHA8 BRASIL INDUSTRIA E COMERCIO DE MEDICAMENTOS LTDA","numeroAutorizacao":"1064256","cnpjFormatado":"07.591.326/0001-80"},"processo":{"numero":"25351856244202042","situacao":29,"numeroProcessoFormatado":"25351.856244/2020-42"}}],"totalElements":6,"totalPages":1,"last":true,"numberOfElements":6,"first":true,"sort":null,"size":1000,"number":0}