{"content":[{"ordem":1,"produto":{"codigo":2811963,"nome":"ALBUMINA HUMANA HEMOBRÁS","numeroRegistro":"193040002","tipo":{"codigo":1,"descricao":null},"categoria":null,"situacaoRotulo":null,"dataVencimento":null,"mesAnoVencimento":"122031","dataVencimentoRegistro":"2031-12-01T00:00:00.000-0300","principioAtivo":"ALBUMINA HUMANA","situacaoApresentacao":"Válido","dataRegistro":"2021-12-20T00:00:00.000-0300","categoriaRegulatoria":{"codigo":6,"descricao":"Novo"},"medicamentoReferencia":null,"categoriaProduto":null,"tipoAutorizacao":"REGISTRADO","numeroRegistroFormatado":"193040002","mesAnoVencimentoFormatado":"12/2031","acancelar":false},"empresa":{"cnpj":"07607851000146","razaoSocial":"EMPRESA BRASILEIRA DE HEMODERIVADOS E BIOTECNOLOGIA","numeroAutorizacao":"1093047","cnpjFormatado":"07.607.851/0001-46"},"processo":{"numero":"25351703906202163","situacao":29,"numeroProcessoFormatado":"25351.703906/2021-63"}},{"ordem":2,"produto":{"codigo":3202399,"nome":"FATOR IX DE COAGULAÇÃO HEMOBRÁS","numeroRegistro":"193040005","tipo":{"codigo":1,"descricao":null},"categoria":null,"situacaoRotulo":null,"dataVencimento":null,"mesAnoVencimento":"042032","dataVencimentoRegistro":"2032-04-01T00:00:00.000-0300","principioAtivo":"FATOR IX DE COAGULAÇÃO","situacaoApresentacao":"Válido","dataRegistro":"2022-04-11T00:00:00.000-0300","categoriaRegulatoria":{"codigo":8,"descricao":"Similar"},"medicamentoReferencia":null,"categoriaProduto":null,"tipoAutorizacao":"REGISTRADO","numeroRegistroFormatado":"193040005","mesAnoVencimentoFormatado":"04/2032","acancelar":false},"empresa":{"cnpj":"07607851000146","razaoSocial":"EMPRESA BRASILEIRA DE HEMODERIVADOS E BIOTECNOLOGIA","numeroAutorizacao":"1093047","cnpjFormatado":"07.607.851/0001-46"},"processo":{"numero":"25351836480202123","situacao":29,"numeroProcessoFormatado":"25351.836480/2021-23"}},{"ordem":3,"produto":{"codigo":3195991,"nome":"FATOR VIII DE COAGULAÇÃO HEMOBRÁS","numeroRegistro":"193040004","tipo":{"codigo":1,"descricao":null},"categoria":null,"situacaoRotulo":null,"dataVencimento":null,"mesAnoVencimento":"042032","dataVencimentoRegistro":"2032-04-01T00:00:00.000-0300","principioAtivo":"FATOR VIII DE COAGULAÇÃO","situacaoApresentacao":"Válido","dataRegistro":"2022-04-04T00:00:00.000-0300","categoriaRegulatoria":{"codigo":1,"descricao":"Biológico"},"medicamentoReferencia":null,"categoriaProduto":null,"tipoAutorizacao":"REGISTRADO","numeroRegistroFormatado":"193040004","mesAnoVencimentoFormatado":"04/2032","acancelar":false},"empresa":{"cnpj":"07607851000146","razaoSocial":"EMPRESA BRASILEIRA DE HEMODERIVADOS E BIOTECNOLOGIA","numeroAutorizacao":"1093047","cnpjFormatado":"07.607.851/0001-46"},"processo":{"numero":"25351836354202179","situacao":29,"numeroProcessoFormatado":"25351.836354/2021-79"}},{"ordem":4,"produto":{"codigo":908268,"nome":"Hemo-8r","numeroRegistro":"193040001","tipo":{"codigo":1,"descricao":null},"categoria":null,"situacaoRotulo":null,"dataVencimento":"2028-10-19T00:00:00.000-0300","mesAnoVencimento":"102028","dataVencimentoRegistro":"2028-10-01T00:00:00.000-0300","principioAtivo":"alfaoctocogue","situacaoApresentacao":"Válido","dataRegistro":"2013-10-21T00:00:00.000-0300","categoriaRegulatoria":{"codigo":1,"descricao":"Biológico"},"medicamentoReferencia":null,"categoriaProduto":null,"tipoAutorizacao":"REGISTRADO","numeroRegistroFormatado":"193040001","mesAnoVencimentoFormatado":"10/2028","acancelar":false},"empresa":{"cnpj":"07607851000146","razaoSocial":"EMPRESA BRASILEIRA DE HEMODERIVADOS E BIOTECNOLOGIA","numeroAutorizacao":"1093047","cnpjFormatado":"07.607.851/0001-46"},"processo":{"numero":"25351430675201312","situacao":29,"numeroProcessoFormatado":"25351.430675/2013-12"}},{"ordem":5,"produto":{"codigo":2820234,"nome":"IMUNOGLOBULINA HUMANA HEMOBRÁS","numeroRegistro":"193040003","tipo":{"codigo":1,"descricao":null},"categoria":null,"situacaoRotulo":null,"dataVencimento":null,"mesAnoVencimento":"122031","dataVencimentoRegistro":"2031-12-01T00:00:00.000-0300","principioAtivo":"IMUNOGLOBULINA HUMANA ","situacaoApresentacao":"Válido","dataRegistro":"2021-12-20T00:00:00.000-0300","categoriaRegulatoria":{"codigo":1,"descricao":"Biológico"},"medicamentoReferencia":null,"categoriaProduto":null,"tipoAutorizacao":"REGISTRADO","numeroRegistroFormatado":"193040003","mesAnoVencimentoFormatado":"12/2031","acancelar":false},"empresa":{"cnpj":"07607851000146","razaoSocial":"EMPRESA BRASILEIRA DE HEMODERIVADOS E BIOTECNOLOGIA","numeroAutorizacao":"1093047","cnpjFormatado":"07.607.851/0001-46"},"processo":{"numero":"25351704088202116","situacao":29,"numeroProcessoFormatado":"25351.704088/2021-16"}}],"totalPages":1,"totalElements":5,"last":true,"numberOfElements":5,"first":true,"sort":null,"size":1000,"number":0}