{"content":[{"ordem":1,"produto":{"codigo":2851617,"nome":"BYLVAY","numeroRegistro":"169770005","tipo":{"codigo":1,"descricao":null},"categoria":null,"situacaoRotulo":null,"dataVencimento":"2026-06-11T00:00:00.000-0300","mesAnoVencimento":"062026","dataVencimentoRegistro":"2026-06-01T00:00:00.000-0300","principioAtivo":"ODEVIXIBATE SESQUI-HIDRATADO","situacaoApresentacao":"Válido","dataRegistro":"2023-06-05T00:00:00.000-0300","categoriaRegulatoria":{"codigo":6,"descricao":"Novo"},"medicamentoReferencia":null,"categoriaProduto":null,"tipoAutorizacao":"REGISTRADO","acancelar":false,"mesAnoVencimentoFormatado":"06/2026","numeroRegistroFormatado":"169770005"},"empresa":{"cnpj":"07718721000180","razaoSocial":"BEAUFOUR IPSEN FARMACÊUTICA LTDA","numeroAutorizacao":"1069773","cnpjFormatado":"07.718.721/0001-80"},"processo":{"numero":"25351035473202110","situacao":29,"numeroProcessoFormatado":"25351.035473/2021-10"}},{"ordem":2,"produto":{"codigo":1250826,"nome":"CABOMETYX","numeroRegistro":"169770004","tipo":{"codigo":1,"descricao":null},"categoria":null,"situacaoRotulo":null,"dataVencimento":"2033-10-11T00:00:00.000-0300","mesAnoVencimento":"102033","dataVencimentoRegistro":"2033-10-01T00:00:00.000-0300","principioAtivo":"LEVOMALATO DE CABOZANTINIBE","situacaoApresentacao":"Válido","dataRegistro":"2018-10-15T00:00:00.000-0300","categoriaRegulatoria":{"codigo":6,"descricao":"Novo"},"medicamentoReferencia":null,"categoriaProduto":null,"tipoAutorizacao":"REGISTRADO","acancelar":false,"mesAnoVencimentoFormatado":"10/2033","numeroRegistroFormatado":"169770004"},"empresa":{"cnpj":"07718721000180","razaoSocial":"BEAUFOUR IPSEN FARMACÊUTICA LTDA","numeroAutorizacao":"1069773","cnpjFormatado":"07.718.721/0001-80"},"processo":{"numero":"25351245711201890","situacao":29,"numeroProcessoFormatado":"25351.245711/2018-90"}},{"ordem":3,"produto":{"codigo":569683,"nome":"DYSPORT","numeroRegistro":"169770001","tipo":{"codigo":1,"descricao":null},"categoria":null,"situacaoRotulo":null,"dataVencimento":"2029-04-10T00:00:00.000-0300","mesAnoVencimento":"042029","dataVencimentoRegistro":"2029-04-01T00:00:00.000-0300","principioAtivo":"toxina botulínica A","situacaoApresentacao":"Válido","dataRegistro":"2009-04-27T00:00:00.000-0300","categoriaRegulatoria":{"codigo":1,"descricao":"Biológico"},"medicamentoReferencia":null,"categoriaProduto":null,"tipoAutorizacao":"REGISTRADO","acancelar":false,"mesAnoVencimentoFormatado":"04/2029","numeroRegistroFormatado":"169770001"},"empresa":{"cnpj":"07718721000180","razaoSocial":"BEAUFOUR IPSEN FARMACÊUTICA LTDA","numeroAutorizacao":"1069773","cnpjFormatado":"07.718.721/0001-80"},"processo":{"numero":"25351037503200847","situacao":29,"numeroProcessoFormatado":"25351.037503/2008-47"}},{"ordem":4,"produto":{"codigo":1025960,"nome":"Mevatyl","numeroRegistro":"169770003","tipo":{"codigo":1,"descricao":null},"categoria":null,"situacaoRotulo":null,"dataVencimento":"2027-01-11T00:00:00.000-0300","mesAnoVencimento":"012027","dataVencimentoRegistro":"2027-01-01T00:00:00.000-0300","principioAtivo":null,"situacaoApresentacao":"Caduco/Cancelado","dataRegistro":"2017-01-16T00:00:00.000-0300","categoriaRegulatoria":{"codigo":3,"descricao":"Específico"},"medicamentoReferencia":null,"categoriaProduto":null,"tipoAutorizacao":"REGISTRADO","acancelar":false,"mesAnoVencimentoFormatado":"01/2027","numeroRegistroFormatado":"169770003"},"empresa":{"cnpj":"07718721000180","razaoSocial":"BEAUFOUR IPSEN FARMACÊUTICA LTDA","numeroAutorizacao":"1069773","cnpjFormatado":"07.718.721/0001-80"},"processo":{"numero":"25351738074201441","situacao":29,"numeroProcessoFormatado":"25351.738074/2014-41"}},{"ordem":5,"produto":{"codigo":612535,"nome":"SOMATULINE AUTOGEL","numeroRegistro":"169770002","tipo":{"codigo":1,"descricao":null},"categoria":null,"situacaoRotulo":null,"dataVencimento":"2029-08-21T00:00:00.000-0300","mesAnoVencimento":"082029","dataVencimentoRegistro":"2029-08-01T00:00:00.000-0300","principioAtivo":"ACETATO DE LANREOTIDA","situacaoApresentacao":"Válido","dataRegistro":"2009-08-17T00:00:00.000-0300","categoriaRegulatoria":{"codigo":6,"descricao":"Novo"},"medicamentoReferencia":null,"categoriaProduto":null,"tipoAutorizacao":"REGISTRADO","acancelar":false,"mesAnoVencimentoFormatado":"08/2029","numeroRegistroFormatado":"169770002"},"empresa":{"cnpj":"07718721000180","razaoSocial":"BEAUFOUR IPSEN FARMACÊUTICA LTDA","numeroAutorizacao":"1069773","cnpjFormatado":"07.718.721/0001-80"},"processo":{"numero":"25351128844200821","situacao":29,"numeroProcessoFormatado":"25351.128844/2008-21"}}],"totalElements":5,"totalPages":1,"last":true,"numberOfElements":5,"size":1000,"number":0,"first":true,"sort":null}