{"content":[{"ordem":1,"produto":{"codigo":585200,"nome":"CAELYX","numeroRegistro":"166140012","tipo":{"codigo":1,"descricao":null},"categoria":null,"situacaoRotulo":null,"dataVencimento":null,"mesAnoVencimento":"032014","dataVencimentoRegistro":"2014-03-01T00:00:00.000-0300","principioAtivo":null,"situacaoApresentacao":"Caduco/Cancelado","dataRegistro":"2008-09-01T00:00:00.000-0300","categoriaRegulatoria":{"codigo":6,"descricao":"Novo"},"medicamentoReferencia":null,"categoriaProduto":null,"tipoAutorizacao":"REGISTRADO","numeroRegistroFormatado":"166140012","mesAnoVencimentoFormatado":"03/2014","acancelar":false},"empresa":{"cnpj":"07845173000150","razaoSocial":"SCHERING-PLOUGH PRODUTOS FARMACÊUTICOS LTDA","numeroAutorizacao":null,"cnpjFormatado":"07.845.173/0001-50"},"processo":{"numero":"25351035345200718","situacao":29,"numeroProcessoFormatado":"25351.035345/2007-18"}},{"ordem":2,"produto":{"codigo":537838,"nome":"ETHYOL","numeroRegistro":"166140010","tipo":{"codigo":1,"descricao":null},"categoria":null,"situacaoRotulo":null,"dataVencimento":null,"mesAnoVencimento":"092011","dataVencimentoRegistro":"2011-09-01T00:00:00.000-0300","principioAtivo":null,"situacaoApresentacao":"Caduco/Cancelado","dataRegistro":"2007-11-12T00:00:00.000-0300","categoriaRegulatoria":{"codigo":6,"descricao":"Novo"},"medicamentoReferencia":null,"categoriaProduto":null,"tipoAutorizacao":"REGISTRADO","numeroRegistroFormatado":"166140010","mesAnoVencimentoFormatado":"09/2011","acancelar":false},"empresa":{"cnpj":"07845173000150","razaoSocial":"SCHERING-PLOUGH PRODUTOS FARMACÊUTICOS LTDA","numeroAutorizacao":null,"cnpjFormatado":"07.845.173/0001-50"},"processo":{"numero":"25351040420200754","situacao":29,"numeroProcessoFormatado":"25351.040420/2007-54"}},{"ordem":3,"produto":{"codigo":534341,"nome":"INTRON-A","numeroRegistro":"166140002","tipo":{"codigo":1,"descricao":null},"categoria":null,"situacaoRotulo":null,"dataVencimento":null,"mesAnoVencimento":"032013","dataVencimentoRegistro":"2013-03-01T00:00:00.000-0300","principioAtivo":null,"situacaoApresentacao":"Caduco/Cancelado","dataRegistro":"2007-09-03T00:00:00.000-0300","categoriaRegulatoria":{"codigo":1,"descricao":"Biológico"},"medicamentoReferencia":null,"categoriaProduto":null,"tipoAutorizacao":"REGISTRADO","numeroRegistroFormatado":"166140002","mesAnoVencimentoFormatado":"03/2013","acancelar":false},"empresa":{"cnpj":"07845173000150","razaoSocial":"SCHERING-PLOUGH PRODUTOS FARMACÊUTICOS LTDA","numeroAutorizacao":null,"cnpjFormatado":"07.845.173/0001-50"},"processo":{"numero":"25351035138200755","situacao":29,"numeroProcessoFormatado":"25351.035138/2007-55"}},{"ordem":4,"produto":{"codigo":536111,"nome":"NASONEX","numeroRegistro":"166140006","tipo":{"codigo":1,"descricao":null},"categoria":null,"situacaoRotulo":null,"dataVencimento":null,"mesAnoVencimento":"062013","dataVencimentoRegistro":"2013-06-01T00:00:00.000-0300","principioAtivo":null,"situacaoApresentacao":"Caduco/Cancelado","dataRegistro":"2007-09-24T00:00:00.000-0300","categoriaRegulatoria":{"codigo":6,"descricao":"Novo"},"medicamentoReferencia":null,"categoriaProduto":null,"tipoAutorizacao":"REGISTRADO","numeroRegistroFormatado":"166140006","mesAnoVencimentoFormatado":"06/2013","acancelar":false},"empresa":{"cnpj":"07845173000150","razaoSocial":"SCHERING-PLOUGH PRODUTOS FARMACÊUTICOS LTDA","numeroAutorizacao":null,"cnpjFormatado":"07.845.173/0001-50"},"processo":{"numero":"25351035665200760","situacao":29,"numeroProcessoFormatado":"25351.035665/2007-60"}},{"ordem":5,"produto":{"codigo":572840,"nome":"NOXAFIL","numeroRegistro":"166140011","tipo":{"codigo":1,"descricao":null},"categoria":null,"situacaoRotulo":null,"dataVencimento":null,"mesAnoVencimento":"082013","dataVencimentoRegistro":"2013-08-01T00:00:00.000-0300","principioAtivo":null,"situacaoApresentacao":"Caduco/Cancelado","dataRegistro":"2008-08-11T00:00:00.000-0300","categoriaRegulatoria":{"codigo":6,"descricao":"Novo"},"medicamentoReferencia":null,"categoriaProduto":null,"tipoAutorizacao":"REGISTRADO","numeroRegistroFormatado":"166140011","mesAnoVencimentoFormatado":"08/2013","acancelar":false},"empresa":{"cnpj":"07845173000150","razaoSocial":"SCHERING-PLOUGH PRODUTOS FARMACÊUTICOS LTDA","numeroAutorizacao":null,"cnpjFormatado":"07.845.173/0001-50"},"processo":{"numero":"25351367180200732","situacao":29,"numeroProcessoFormatado":"25351.367180/2007-32"}},{"ordem":6,"produto":{"codigo":538210,"nome":"ONICIT","numeroRegistro":"166140007","tipo":{"codigo":1,"descricao":null},"categoria":null,"situacaoRotulo":null,"dataVencimento":null,"mesAnoVencimento":"062015","dataVencimentoRegistro":"2015-06-01T00:00:00.000-0300","principioAtivo":null,"situacaoApresentacao":"Caduco/Cancelado","dataRegistro":"2007-10-01T00:00:00.000-0300","categoriaRegulatoria":{"codigo":6,"descricao":"Novo"},"medicamentoReferencia":null,"categoriaProduto":null,"tipoAutorizacao":"REGISTRADO","numeroRegistroFormatado":"166140007","mesAnoVencimentoFormatado":"06/2015","acancelar":false},"empresa":{"cnpj":"07845173000150","razaoSocial":"SCHERING-PLOUGH PRODUTOS FARMACÊUTICOS LTDA","numeroAutorizacao":null,"cnpjFormatado":"07.845.173/0001-50"},"processo":{"numero":"25351035366200725","situacao":29,"numeroProcessoFormatado":"25351.035366/2007-25"}},{"ordem":7,"produto":{"codigo":515125,"nome":"PEGINTRON","numeroRegistro":"166140001","tipo":{"codigo":1,"descricao":null},"categoria":null,"situacaoRotulo":null,"dataVencimento":null,"mesAnoVencimento":"032011","dataVencimentoRegistro":"2011-03-01T00:00:00.000-0300","principioAtivo":null,"situacaoApresentacao":"Caduco/Cancelado","dataRegistro":"2007-05-14T00:00:00.000-0300","categoriaRegulatoria":{"codigo":1,"descricao":"Biológico"},"medicamentoReferencia":null,"categoriaProduto":null,"tipoAutorizacao":"REGISTRADO","numeroRegistroFormatado":"166140001","mesAnoVencimentoFormatado":"03/2011","acancelar":false},"empresa":{"cnpj":"07845173000150","razaoSocial":"SCHERING-PLOUGH PRODUTOS FARMACÊUTICOS LTDA","numeroAutorizacao":null,"cnpjFormatado":"07.845.173/0001-50"},"processo":{"numero":"25351040435200712","situacao":29,"numeroProcessoFormatado":"25351.040435/2007-12"}},{"ordem":8,"produto":{"codigo":535357,"nome":"REBETOL","numeroRegistro":"166140003","tipo":{"codigo":1,"descricao":null},"categoria":null,"situacaoRotulo":null,"dataVencimento":null,"mesAnoVencimento":"042014","dataVencimentoRegistro":"2014-04-01T00:00:00.000-0300","principioAtivo":null,"situacaoApresentacao":"Caduco/Cancelado","dataRegistro":"2007-09-24T00:00:00.000-0300","categoriaRegulatoria":{"codigo":6,"descricao":"Novo"},"medicamentoReferencia":null,"categoriaProduto":null,"tipoAutorizacao":"REGISTRADO","numeroRegistroFormatado":"166140003","mesAnoVencimentoFormatado":"04/2014","acancelar":false},"empresa":{"cnpj":"07845173000150","razaoSocial":"SCHERING-PLOUGH PRODUTOS FARMACÊUTICOS LTDA","numeroAutorizacao":null,"cnpjFormatado":"07.845.173/0001-50"},"processo":{"numero":"25351230033200716","situacao":29,"numeroProcessoFormatado":"25351.230033/2007-16"}},{"ordem":9,"produto":{"codigo":536106,"nome":"REMICADE","numeroRegistro":"166140004","tipo":{"codigo":1,"descricao":null},"categoria":null,"situacaoRotulo":null,"dataVencimento":null,"mesAnoVencimento":"122010","dataVencimentoRegistro":"2010-12-01T00:00:00.000-0300","principioAtivo":null,"situacaoApresentacao":"Caduco/Cancelado","dataRegistro":"2007-09-24T00:00:00.000-0300","categoriaRegulatoria":{"codigo":1,"descricao":"Biológico"},"medicamentoReferencia":null,"categoriaProduto":null,"tipoAutorizacao":"REGISTRADO","numeroRegistroFormatado":"166140004","mesAnoVencimentoFormatado":"12/2010","acancelar":false},"empresa":{"cnpj":"07845173000150","razaoSocial":"SCHERING-PLOUGH PRODUTOS FARMACÊUTICOS LTDA","numeroAutorizacao":null,"cnpjFormatado":"07.845.173/0001-50"},"processo":{"numero":"25351041646200772","situacao":29,"numeroProcessoFormatado":"25351.041646/2007-72"}},{"ordem":10,"produto":{"codigo":534637,"nome":"TEMODAL","numeroRegistro":"166140009","tipo":{"codigo":1,"descricao":null},"categoria":null,"situacaoRotulo":null,"dataVencimento":null,"mesAnoVencimento":"012015","dataVencimentoRegistro":"2015-01-01T00:00:00.000-0300","principioAtivo":null,"situacaoApresentacao":"Caduco/Cancelado","dataRegistro":"2007-11-12T00:00:00.000-0300","categoriaRegulatoria":{"codigo":6,"descricao":"Novo"},"medicamentoReferencia":null,"categoriaProduto":null,"tipoAutorizacao":"REGISTRADO","numeroRegistroFormatado":"166140009","mesAnoVencimentoFormatado":"01/2015","acancelar":false},"empresa":{"cnpj":"07845173000150","razaoSocial":"SCHERING-PLOUGH PRODUTOS FARMACÊUTICOS LTDA","numeroAutorizacao":null,"cnpjFormatado":"07.845.173/0001-50"},"processo":{"numero":"25351037247200715","situacao":29,"numeroProcessoFormatado":"25351.037247/2007-15"}},{"ordem":11,"produto":{"codigo":535807,"nome":"ZETIA","numeroRegistro":"166140005","tipo":{"codigo":1,"descricao":null},"categoria":null,"situacaoRotulo":null,"dataVencimento":null,"mesAnoVencimento":"012013","dataVencimentoRegistro":"2013-01-01T00:00:00.000-0300","principioAtivo":null,"situacaoApresentacao":"Caduco/Cancelado","dataRegistro":"2007-09-24T00:00:00.000-0300","categoriaRegulatoria":{"codigo":6,"descricao":"Novo"},"medicamentoReferencia":null,"categoriaProduto":null,"tipoAutorizacao":"REGISTRADO","numeroRegistroFormatado":"166140005","mesAnoVencimentoFormatado":"01/2013","acancelar":false},"empresa":{"cnpj":"07845173000150","razaoSocial":"SCHERING-PLOUGH PRODUTOS FARMACÊUTICOS LTDA","numeroAutorizacao":null,"cnpjFormatado":"07.845.173/0001-50"},"processo":{"numero":"25351035297200750","situacao":29,"numeroProcessoFormatado":"25351.035297/2007-50"}},{"ordem":12,"produto":{"codigo":540964,"nome":"ZETSIM","numeroRegistro":"166140008","tipo":{"codigo":1,"descricao":null},"categoria":null,"situacaoRotulo":null,"dataVencimento":null,"mesAnoVencimento":"052014","dataVencimentoRegistro":"2014-05-01T00:00:00.000-0300","principioAtivo":null,"situacaoApresentacao":"Caduco/Cancelado","dataRegistro":"2007-10-22T00:00:00.000-0300","categoriaRegulatoria":{"codigo":6,"descricao":"Novo"},"medicamentoReferencia":null,"categoriaProduto":null,"tipoAutorizacao":"REGISTRADO","numeroRegistroFormatado":"166140008","mesAnoVencimentoFormatado":"05/2014","acancelar":false},"empresa":{"cnpj":"07845173000150","razaoSocial":"SCHERING-PLOUGH PRODUTOS FARMACÊUTICOS LTDA","numeroAutorizacao":null,"cnpjFormatado":"07.845.173/0001-50"},"processo":{"numero":"25351037270200700","situacao":29,"numeroProcessoFormatado":"25351.037270/2007-00"}}],"totalElements":12,"totalPages":1,"last":true,"numberOfElements":12,"first":true,"sort":null,"size":1000,"number":0}