{"content":[{"ordem":1,"produto":{"codigo":1228161,"nome":"ADVATE","numeroRegistro":"169790014","tipo":{"codigo":1,"descricao":null},"categoria":null,"situacaoRotulo":null,"dataVencimento":null,"mesAnoVencimento":"072029","dataVencimentoRegistro":"2029-07-01T00:00:00.000-0300","principioAtivo":null,"situacaoApresentacao":"Caduco/Cancelado","dataRegistro":"2018-02-26T00:00:00.000-0300","categoriaRegulatoria":{"codigo":null,"descricao":null},"medicamentoReferencia":null,"categoriaProduto":null,"tipoAutorizacao":"REGISTRADO","numeroRegistroFormatado":"169790014","mesAnoVencimentoFormatado":"07/2029","acancelar":false},"empresa":{"cnpj":"07898671000160","razaoSocial":"SHIRE FARMACÊUTICA BRASIL LTDA.","numeroAutorizacao":null,"cnpjFormatado":"07.898.671/0001-60"},"processo":{"numero":"25351735857201741","situacao":29,"numeroProcessoFormatado":"25351.735857/2017-41"}},{"ordem":2,"produto":{"codigo":1340210,"nome":"ADYNOVATE","numeroRegistro":"169790024","tipo":{"codigo":1,"descricao":null},"categoria":null,"situacaoRotulo":null,"dataVencimento":null,"mesAnoVencimento":"012030","dataVencimentoRegistro":"2030-01-01T00:00:00.000-0300","principioAtivo":null,"situacaoApresentacao":"Caduco/Cancelado","dataRegistro":"2020-01-13T00:00:00.000-0300","categoriaRegulatoria":{"codigo":1,"descricao":"Biológico"},"medicamentoReferencia":null,"categoriaProduto":null,"tipoAutorizacao":"REGISTRADO","numeroRegistroFormatado":"169790024","mesAnoVencimentoFormatado":"01/2030","acancelar":false},"empresa":{"cnpj":"07898671000160","razaoSocial":"SHIRE FARMACÊUTICA BRASIL LTDA.","numeroAutorizacao":null,"cnpjFormatado":"07.898.671/0001-60"},"processo":{"numero":"25351411215201911","situacao":29,"numeroProcessoFormatado":"25351.411215/2019-11"}},{"ordem":3,"produto":{"codigo":1220153,"nome":"AGRYLIN","numeroRegistro":"169790007","tipo":{"codigo":1,"descricao":null},"categoria":null,"situacaoRotulo":null,"dataVencimento":"2022-12-04T00:00:00.000-0300","mesAnoVencimento":"122027","dataVencimentoRegistro":"2027-12-01T00:00:00.000-0300","principioAtivo":null,"situacaoApresentacao":"Caduco/Cancelado","dataRegistro":"2017-12-04T00:00:00.000-0300","categoriaRegulatoria":{"codigo":6,"descricao":"Novo"},"medicamentoReferencia":null,"categoriaProduto":null,"tipoAutorizacao":"REGISTRADO","numeroRegistroFormatado":"169790007","mesAnoVencimentoFormatado":"12/2027","acancelar":false},"empresa":{"cnpj":"07898671000160","razaoSocial":"SHIRE FARMACÊUTICA BRASIL LTDA.","numeroAutorizacao":null,"cnpjFormatado":"07.898.671/0001-60"},"processo":{"numero":"25351611661201509","situacao":29,"numeroProcessoFormatado":"25351.611661/2015-09"}},{"ordem":4,"produto":{"codigo":1228159,"nome":"ALBUMINA SÉRICA HUMANA NORMAL","numeroRegistro":"169790013","tipo":{"codigo":1,"descricao":null},"categoria":null,"situacaoRotulo":null,"dataVencimento":null,"mesAnoVencimento":"122025","dataVencimentoRegistro":"2025-12-01T00:00:00.000-0300","principioAtivo":null,"situacaoApresentacao":"Caduco/Cancelado","dataRegistro":"2018-02-26T00:00:00.000-0300","categoriaRegulatoria":{"codigo":1,"descricao":"Biológico"},"medicamentoReferencia":null,"categoriaProduto":null,"tipoAutorizacao":"REGISTRADO","numeroRegistroFormatado":"169790013","mesAnoVencimentoFormatado":"12/2025","acancelar":false},"empresa":{"cnpj":"07898671000160","razaoSocial":"SHIRE FARMACÊUTICA BRASIL LTDA.","numeroAutorizacao":null,"cnpjFormatado":"07.898.671/0001-60"},"processo":{"numero":"25351735856201705","situacao":29,"numeroProcessoFormatado":"25351.735856/2017-05"}},{"ordem":5,"produto":{"codigo":1233213,"nome":"Cinryze","numeroRegistro":"169790021","tipo":{"codigo":1,"descricao":null},"categoria":null,"situacaoRotulo":null,"dataVencimento":null,"mesAnoVencimento":"062029","dataVencimentoRegistro":"2029-06-01T00:00:00.000-0300","principioAtivo":null,"situacaoApresentacao":"Caduco/Cancelado","dataRegistro":"2019-06-24T00:00:00.000-0300","categoriaRegulatoria":{"codigo":1,"descricao":"Biológico"},"medicamentoReferencia":null,"categoriaProduto":null,"tipoAutorizacao":"REGISTRADO","numeroRegistroFormatado":"169790021","mesAnoVencimentoFormatado":"06/2029","acancelar":false},"empresa":{"cnpj":"07898671000160","razaoSocial":"SHIRE FARMACÊUTICA BRASIL LTDA.","numeroAutorizacao":null,"cnpjFormatado":"07.898.671/0001-60"},"processo":{"numero":"25351733342201715","situacao":29,"numeroProcessoFormatado":"25351.733342/2017-15"}},{"ordem":6,"produto":{"codigo":1163664,"nome":"Cuvitru","numeroRegistro":"169790020","tipo":{"codigo":1,"descricao":null},"categoria":null,"situacaoRotulo":null,"dataVencimento":null,"mesAnoVencimento":"112028","dataVencimentoRegistro":"2028-11-01T00:00:00.000-0300","principioAtivo":null,"situacaoApresentacao":"Caduco/Cancelado","dataRegistro":"2018-11-26T00:00:00.000-0300","categoriaRegulatoria":{"codigo":1,"descricao":"Biológico"},"medicamentoReferencia":"não","categoriaProduto":null,"tipoAutorizacao":"REGISTRADO","numeroRegistroFormatado":"169790020","mesAnoVencimentoFormatado":"11/2028","acancelar":false},"empresa":{"cnpj":"07898671000160","razaoSocial":"SHIRE FARMACÊUTICA BRASIL LTDA.","numeroAutorizacao":null,"cnpjFormatado":"07.898.671/0001-60"},"processo":{"numero":"25351178330201759","situacao":29,"numeroProcessoFormatado":"25351.178330/2017-59"}},{"ordem":7,"produto":{"codigo":1228163,"nome":"ENDOBULIN KIOVIG","numeroRegistro":"169790017","tipo":{"codigo":1,"descricao":null},"categoria":null,"situacaoRotulo":null,"dataVencimento":null,"mesAnoVencimento":"062026","dataVencimentoRegistro":"2026-06-01T00:00:00.000-0300","principioAtivo":null,"situacaoApresentacao":"Caduco/Cancelado","dataRegistro":"2018-02-26T00:00:00.000-0300","categoriaRegulatoria":{"codigo":null,"descricao":null},"medicamentoReferencia":null,"categoriaProduto":null,"tipoAutorizacao":"REGISTRADO","numeroRegistroFormatado":"169790017","mesAnoVencimentoFormatado":"06/2026","acancelar":false},"empresa":{"cnpj":"07898671000160","razaoSocial":"SHIRE FARMACÊUTICA BRASIL LTDA.","numeroAutorizacao":null,"cnpjFormatado":"07.898.671/0001-60"},"processo":{"numero":"25351735849201703","situacao":29,"numeroProcessoFormatado":"25351.735849/2017-03"}},{"ordem":8,"produto":{"codigo":521051,"nome":"Elaprase","numeroRegistro":"169790001","tipo":{"codigo":1,"descricao":null},"categoria":null,"situacaoRotulo":null,"dataVencimento":null,"mesAnoVencimento":"052028","dataVencimentoRegistro":"2028-05-01T00:00:00.000-0300","principioAtivo":null,"situacaoApresentacao":"Caduco/Cancelado","dataRegistro":"2008-05-19T00:00:00.000-0300","categoriaRegulatoria":{"codigo":1,"descricao":"Biológico"},"medicamentoReferencia":null,"categoriaProduto":null,"tipoAutorizacao":"REGISTRADO","numeroRegistroFormatado":"169790001","mesAnoVencimentoFormatado":"05/2028","acancelar":false},"empresa":{"cnpj":"07898671000160","razaoSocial":"SHIRE FARMACÊUTICA BRASIL LTDA.","numeroAutorizacao":null,"cnpjFormatado":"07.898.671/0001-60"},"processo":{"numero":"25351188437200791","situacao":29,"numeroProcessoFormatado":"25351.188437/2007-91"}},{"ordem":9,"produto":{"codigo":1228158,"nome":"FEIBA","numeroRegistro":"169790016","tipo":{"codigo":1,"descricao":null},"categoria":null,"situacaoRotulo":null,"dataVencimento":null,"mesAnoVencimento":"092026","dataVencimentoRegistro":"2026-09-01T00:00:00.000-0300","principioAtivo":null,"situacaoApresentacao":"Caduco/Cancelado","dataRegistro":"2018-02-26T00:00:00.000-0300","categoriaRegulatoria":{"codigo":1,"descricao":"Biológico"},"medicamentoReferencia":null,"categoriaProduto":null,"tipoAutorizacao":"REGISTRADO","numeroRegistroFormatado":"169790016","mesAnoVencimentoFormatado":"09/2026","acancelar":false},"empresa":{"cnpj":"07898671000160","razaoSocial":"SHIRE FARMACÊUTICA BRASIL LTDA.","numeroAutorizacao":null,"cnpjFormatado":"07.898.671/0001-60"},"processo":{"numero":"25351735860201765","situacao":29,"numeroProcessoFormatado":"25351.735860/2017-65"}},{"ordem":10,"produto":{"codigo":612684,"nome":"FIRAZYR","numeroRegistro":"169790003","tipo":{"codigo":1,"descricao":null},"categoria":null,"situacaoRotulo":null,"dataVencimento":null,"mesAnoVencimento":"122029","dataVencimentoRegistro":"2029-12-01T00:00:00.000-0300","principioAtivo":null,"situacaoApresentacao":"Caduco/Cancelado","dataRegistro":"2009-12-07T00:00:00.000-0300","categoriaRegulatoria":{"codigo":6,"descricao":"Novo"},"medicamentoReferencia":null,"categoriaProduto":null,"tipoAutorizacao":"REGISTRADO","numeroRegistroFormatado":"169790003","mesAnoVencimentoFormatado":"12/2029","acancelar":false},"empresa":{"cnpj":"07898671000160","razaoSocial":"SHIRE FARMACÊUTICA BRASIL LTDA.","numeroAutorizacao":null,"cnpjFormatado":"07.898.671/0001-60"},"processo":{"numero":"25351050142200914","situacao":29,"numeroProcessoFormatado":"25351.050142/2009-14"}},{"ordem":11,"produto":{"codigo":722715,"nome":"FOZNOL","numeroRegistro":"169790006","tipo":{"codigo":1,"descricao":null},"categoria":null,"situacaoRotulo":null,"dataVencimento":null,"mesAnoVencimento":"022016","dataVencimentoRegistro":"2016-02-01T00:00:00.000-0300","principioAtivo":null,"situacaoApresentacao":"Caduco/Cancelado","dataRegistro":"2011-02-07T00:00:00.000-0300","categoriaRegulatoria":{"codigo":6,"descricao":"Novo"},"medicamentoReferencia":null,"categoriaProduto":null,"tipoAutorizacao":"REGISTRADO","numeroRegistroFormatado":"169790006","mesAnoVencimentoFormatado":"02/2016","acancelar":false},"empresa":{"cnpj":"07898671000160","razaoSocial":"SHIRE FARMACÊUTICA BRASIL LTDA.","numeroAutorizacao":null,"cnpjFormatado":"07.898.671/0001-60"},"processo":{"numero":"25351428567201068","situacao":29,"numeroProcessoFormatado":"25351.428567/2010-68"}},{"ordem":12,"produto":{"codigo":1230991,"nome":"HEMOFIL","numeroRegistro":"169790018","tipo":{"codigo":1,"descricao":null},"categoria":null,"situacaoRotulo":null,"dataVencimento":null,"mesAnoVencimento":"052029","dataVencimentoRegistro":"2029-05-01T00:00:00.000-0300","principioAtivo":null,"situacaoApresentacao":"Caduco/Cancelado","dataRegistro":"2018-02-26T00:00:00.000-0300","categoriaRegulatoria":{"codigo":null,"descricao":null},"medicamentoReferencia":null,"categoriaProduto":null,"tipoAutorizacao":"REGISTRADO","numeroRegistroFormatado":"169790018","mesAnoVencimentoFormatado":"05/2029","acancelar":false},"empresa":{"cnpj":"07898671000160","razaoSocial":"SHIRE FARMACÊUTICA BRASIL LTDA.","numeroAutorizacao":null,"cnpjFormatado":"07.898.671/0001-60"},"processo":{"numero":"25351053713201854","situacao":29,"numeroProcessoFormatado":"25351.053713/2018-54"}},{"ordem":13,"produto":{"codigo":1228153,"nome":"HYQVIA","numeroRegistro":"169790009","tipo":{"codigo":1,"descricao":null},"categoria":null,"situacaoRotulo":null,"dataVencimento":null,"mesAnoVencimento":"092027","dataVencimentoRegistro":"2027-09-01T00:00:00.000-0300","principioAtivo":null,"situacaoApresentacao":"Caduco/Cancelado","dataRegistro":"2018-02-26T00:00:00.000-0300","categoriaRegulatoria":{"codigo":1,"descricao":"Biológico"},"medicamentoReferencia":null,"categoriaProduto":null,"tipoAutorizacao":"REGISTRADO","numeroRegistroFormatado":"169790009","mesAnoVencimentoFormatado":"09/2027","acancelar":false},"empresa":{"cnpj":"07898671000160","razaoSocial":"SHIRE FARMACÊUTICA BRASIL LTDA.","numeroAutorizacao":null,"cnpjFormatado":"07.898.671/0001-60"},"processo":{"numero":"25351735839201760","situacao":29,"numeroProcessoFormatado":"25351.735839/2017-60"}},{"ordem":14,"produto":{"codigo":1228154,"nome":"IMMUNATE","numeroRegistro":"169790010","tipo":{"codigo":1,"descricao":null},"categoria":null,"situacaoRotulo":null,"dataVencimento":null,"mesAnoVencimento":"042026","dataVencimentoRegistro":"2026-04-01T00:00:00.000-0300","principioAtivo":null,"situacaoApresentacao":"Caduco/Cancelado","dataRegistro":"2018-02-26T00:00:00.000-0300","categoriaRegulatoria":{"codigo":null,"descricao":null},"medicamentoReferencia":null,"categoriaProduto":null,"tipoAutorizacao":"REGISTRADO","numeroRegistroFormatado":"169790010","mesAnoVencimentoFormatado":"04/2026","acancelar":false},"empresa":{"cnpj":"07898671000160","razaoSocial":"SHIRE FARMACÊUTICA BRASIL LTDA.","numeroAutorizacao":null,"cnpjFormatado":"07.898.671/0001-60"},"processo":{"numero":"25351735851201774","situacao":29,"numeroProcessoFormatado":"25351.735851/2017-74"}},{"ordem":15,"produto":{"codigo":1228162,"nome":"IMMUNINE","numeroRegistro":"169790008","tipo":{"codigo":1,"descricao":null},"categoria":null,"situacaoRotulo":null,"dataVencimento":null,"mesAnoVencimento":"042026","dataVencimentoRegistro":"2026-04-01T00:00:00.000-0300","principioAtivo":null,"situacaoApresentacao":"Caduco/Cancelado","dataRegistro":"2018-02-26T00:00:00.000-0300","categoriaRegulatoria":{"codigo":1,"descricao":"Biológico"},"medicamentoReferencia":null,"categoriaProduto":null,"tipoAutorizacao":"REGISTRADO","numeroRegistroFormatado":"169790008","mesAnoVencimentoFormatado":"04/2026","acancelar":false},"empresa":{"cnpj":"07898671000160","razaoSocial":"SHIRE FARMACÊUTICA BRASIL LTDA.","numeroAutorizacao":null,"cnpjFormatado":"07.898.671/0001-60"},"processo":{"numero":"25351735843201728","situacao":29,"numeroProcessoFormatado":"25351.735843/2017-28"}},{"ordem":16,"produto":{"codigo":1346082,"nome":"JUNEVE","numeroRegistro":"169790022","tipo":{"codigo":1,"descricao":null},"categoria":null,"situacaoRotulo":null,"dataVencimento":null,"mesAnoVencimento":"082029","dataVencimentoRegistro":"2029-08-01T00:00:00.000-0300","principioAtivo":null,"situacaoApresentacao":"Caduco/Cancelado","dataRegistro":"2019-08-26T00:00:00.000-0300","categoriaRegulatoria":{"codigo":8,"descricao":"Similar"},"medicamentoReferencia":"VENVANSE","categoriaProduto":null,"tipoAutorizacao":"REGISTRADO","numeroRegistroFormatado":"169790022","mesAnoVencimentoFormatado":"08/2029","acancelar":false},"empresa":{"cnpj":"07898671000160","razaoSocial":"SHIRE FARMACÊUTICA BRASIL LTDA.","numeroAutorizacao":null,"cnpjFormatado":"07.898.671/0001-60"},"processo":{"numero":"25351307237201988","situacao":29,"numeroProcessoFormatado":"25351.307237/2019-88"}},{"ordem":17,"produto":{"codigo":1228156,"nome":"ONCASPAR","numeroRegistro":"169790012","tipo":{"codigo":1,"descricao":null},"categoria":null,"situacaoRotulo":null,"dataVencimento":null,"mesAnoVencimento":"062022","dataVencimentoRegistro":"2022-06-01T00:00:00.000-0300","principioAtivo":null,"situacaoApresentacao":"Caduco/Cancelado","dataRegistro":"2018-02-26T00:00:00.000-0300","categoriaRegulatoria":{"codigo":1,"descricao":"Biológico"},"medicamentoReferencia":"NÃO","categoriaProduto":null,"tipoAutorizacao":"REGISTRADO","numeroRegistroFormatado":"169790012","mesAnoVencimentoFormatado":"06/2022","acancelar":false},"empresa":{"cnpj":"07898671000160","razaoSocial":"SHIRE FARMACÊUTICA BRASIL LTDA.","numeroAutorizacao":null,"cnpjFormatado":"07.898.671/0001-60"},"processo":{"numero":"25351735854201716","situacao":29,"numeroProcessoFormatado":"25351.735854/2017-16"}},{"ordem":18,"produto":{"codigo":1228155,"nome":"Prothromplex","numeroRegistro":"169790011","tipo":{"codigo":1,"descricao":null},"categoria":null,"situacaoRotulo":null,"dataVencimento":null,"mesAnoVencimento":"032027","dataVencimentoRegistro":"2027-03-01T00:00:00.000-0300","principioAtivo":null,"situacaoApresentacao":"Caduco/Cancelado","dataRegistro":"2018-02-26T00:00:00.000-0300","categoriaRegulatoria":{"codigo":null,"descricao":null},"medicamentoReferencia":null,"categoriaProduto":null,"tipoAutorizacao":"REGISTRADO","numeroRegistroFormatado":"169790011","mesAnoVencimentoFormatado":"03/2027","acancelar":false},"empresa":{"cnpj":"07898671000160","razaoSocial":"SHIRE FARMACÊUTICA BRASIL LTDA.","numeroAutorizacao":null,"cnpjFormatado":"07.898.671/0001-60"},"processo":{"numero":"25351735852201719","situacao":29,"numeroProcessoFormatado":"25351.735852/2017-19"}},{"ordem":19,"produto":{"codigo":1173517,"nome":"REVESTIVE","numeroRegistro":"169790019","tipo":{"codigo":1,"descricao":null},"categoria":null,"situacaoRotulo":null,"dataVencimento":null,"mesAnoVencimento":"112028","dataVencimentoRegistro":"2028-11-01T00:00:00.000-0300","principioAtivo":null,"situacaoApresentacao":"Caduco/Cancelado","dataRegistro":"2018-11-12T00:00:00.000-0300","categoriaRegulatoria":{"codigo":1,"descricao":"Biológico"},"medicamentoReferencia":null,"categoriaProduto":null,"tipoAutorizacao":"REGISTRADO","numeroRegistroFormatado":"169790019","mesAnoVencimentoFormatado":"11/2028","acancelar":false},"empresa":{"cnpj":"07898671000160","razaoSocial":"SHIRE FARMACÊUTICA BRASIL LTDA.","numeroAutorizacao":null,"cnpjFormatado":"07.898.671/0001-60"},"processo":{"numero":"25351295319201728","situacao":29,"numeroProcessoFormatado":"25351.295319/2017-28"}},{"ordem":20,"produto":{"codigo":1228121,"nome":"RIXUBIS","numeroRegistro":"169790015","tipo":{"codigo":1,"descricao":null},"categoria":null,"situacaoRotulo":null,"dataVencimento":null,"mesAnoVencimento":"082029","dataVencimentoRegistro":"2029-08-01T00:00:00.000-0300","principioAtivo":null,"situacaoApresentacao":"Caduco/Cancelado","dataRegistro":"2018-02-26T00:00:00.000-0300","categoriaRegulatoria":{"codigo":null,"descricao":null},"medicamentoReferencia":null,"categoriaProduto":null,"tipoAutorizacao":"REGISTRADO","numeroRegistroFormatado":"169790015","mesAnoVencimentoFormatado":"08/2029","acancelar":false},"empresa":{"cnpj":"07898671000160","razaoSocial":"SHIRE FARMACÊUTICA BRASIL LTDA.","numeroAutorizacao":null,"cnpjFormatado":"07.898.671/0001-60"},"processo":{"numero":"25351735859201731","situacao":29,"numeroProcessoFormatado":"25351.735859/2017-31"}},{"ordem":21,"produto":{"codigo":619866,"nome":"Replagal","numeroRegistro":"169790002","tipo":{"codigo":1,"descricao":null},"categoria":null,"situacaoRotulo":null,"dataVencimento":null,"mesAnoVencimento":"072029","dataVencimentoRegistro":"2029-07-01T00:00:00.000-0300","principioAtivo":null,"situacaoApresentacao":"Caduco/Cancelado","dataRegistro":"2009-07-20T00:00:00.000-0300","categoriaRegulatoria":{"codigo":1,"descricao":"Biológico"},"medicamentoReferencia":null,"categoriaProduto":null,"tipoAutorizacao":"REGISTRADO","numeroRegistroFormatado":"169790002","mesAnoVencimentoFormatado":"07/2029","acancelar":false},"empresa":{"cnpj":"07898671000160","razaoSocial":"SHIRE FARMACÊUTICA BRASIL LTDA.","numeroAutorizacao":null,"cnpjFormatado":"07.898.671/0001-60"},"processo":{"numero":"25351040221200827","situacao":29,"numeroProcessoFormatado":"25351.040221/2008-27"}},{"ordem":22,"produto":{"codigo":1319531,"nome":"TAKHZYRO","numeroRegistro":"169790023","tipo":{"codigo":1,"descricao":null},"categoria":null,"situacaoRotulo":null,"dataVencimento":null,"mesAnoVencimento":"102029","dataVencimentoRegistro":"2029-10-01T00:00:00.000-0300","principioAtivo":null,"situacaoApresentacao":"Caduco/Cancelado","dataRegistro":"2019-10-29T00:00:00.000-0300","categoriaRegulatoria":{"codigo":1,"descricao":"Biológico"},"medicamentoReferencia":null,"categoriaProduto":null,"tipoAutorizacao":"REGISTRADO","numeroRegistroFormatado":"169790023","mesAnoVencimentoFormatado":"10/2029","acancelar":false},"empresa":{"cnpj":"07898671000160","razaoSocial":"SHIRE FARMACÊUTICA BRASIL LTDA.","numeroAutorizacao":null,"cnpjFormatado":"07.898.671/0001-60"},"processo":{"numero":"25351234353201971","situacao":29,"numeroProcessoFormatado":"25351.234353/2019-71"}},{"ordem":23,"produto":{"codigo":696657,"nome":"VENVANSE","numeroRegistro":"169790004","tipo":{"codigo":1,"descricao":null},"categoria":null,"situacaoRotulo":null,"dataVencimento":null,"mesAnoVencimento":"072025","dataVencimentoRegistro":"2025-07-01T00:00:00.000-0300","principioAtivo":null,"situacaoApresentacao":"Caduco/Cancelado","dataRegistro":"2010-07-05T00:00:00.000-0300","categoriaRegulatoria":{"codigo":6,"descricao":"Novo"},"medicamentoReferencia":null,"categoriaProduto":null,"tipoAutorizacao":"REGISTRADO","numeroRegistroFormatado":"169790004","mesAnoVencimentoFormatado":"07/2025","acancelar":false},"empresa":{"cnpj":"07898671000160","razaoSocial":"SHIRE FARMACÊUTICA BRASIL LTDA.","numeroAutorizacao":null,"cnpjFormatado":"07.898.671/0001-60"},"processo":{"numero":"25351306030200921","situacao":29,"numeroProcessoFormatado":"25351.306030/2009-21"}},{"ordem":24,"produto":{"codigo":706733,"nome":"VPRIV","numeroRegistro":"169790005","tipo":{"codigo":1,"descricao":null},"categoria":null,"situacaoRotulo":null,"dataVencimento":null,"mesAnoVencimento":"112025","dataVencimentoRegistro":"2025-11-01T00:00:00.000-0300","principioAtivo":null,"situacaoApresentacao":"Caduco/Cancelado","dataRegistro":"2010-11-03T00:00:00.000-0300","categoriaRegulatoria":{"codigo":1,"descricao":"Biológico"},"medicamentoReferencia":null,"categoriaProduto":null,"tipoAutorizacao":"REGISTRADO","numeroRegistroFormatado":"169790005","mesAnoVencimentoFormatado":"11/2025","acancelar":false},"empresa":{"cnpj":"07898671000160","razaoSocial":"SHIRE FARMACÊUTICA BRASIL LTDA.","numeroAutorizacao":null,"cnpjFormatado":"07.898.671/0001-60"},"processo":{"numero":"25351196161201052","situacao":29,"numeroProcessoFormatado":"25351.196161/2010-52"}}],"totalPages":1,"totalElements":24,"last":true,"numberOfElements":24,"first":true,"sort":null,"size":1000,"number":0}