{"content":[{"ordem":1,"produto":{"codigo":532604,"nome":"Avonex","numeroRegistro":"169930001","tipo":{"codigo":1,"descricao":null},"categoria":null,"situacaoRotulo":null,"dataVencimento":null,"mesAnoVencimento":"012028","dataVencimentoRegistro":"2028-01-01T00:00:00.000-0300","principioAtivo":"BETAINTERFERONA 1A","situacaoApresentacao":"Válido","dataRegistro":"2008-01-21T00:00:00.000-0300","categoriaRegulatoria":{"codigo":1,"descricao":"Biológico"},"medicamentoReferencia":null,"categoriaProduto":null,"tipoAutorizacao":"REGISTRADO","numeroRegistroFormatado":"169930001","mesAnoVencimentoFormatado":"01/2028","acancelar":false},"empresa":{"cnpj":"07986222000174","razaoSocial":"BIOGEN BRASIL PRODUTOS FARMACÊUTICOS LTDA","numeroAutorizacao":"1069938","cnpjFormatado":"07.986.222/0001-74"},"processo":{"numero":"25351176509200758","situacao":29,"numeroProcessoFormatado":"25351.176509/2007-58"}},{"ordem":2,"produto":{"codigo":1013074,"nome":"ELOCTATE","numeroRegistro":"169930006","tipo":{"codigo":1,"descricao":null},"categoria":null,"situacaoRotulo":null,"dataVencimento":null,"mesAnoVencimento":"082021","dataVencimentoRegistro":"2021-08-01T00:00:00.000-0300","principioAtivo":null,"situacaoApresentacao":"Caduco/Cancelado","dataRegistro":"2016-08-22T00:00:00.000-0300","categoriaRegulatoria":{"codigo":1,"descricao":"Biológico"},"medicamentoReferencia":null,"categoriaProduto":null,"tipoAutorizacao":"REGISTRADO","numeroRegistroFormatado":"169930006","mesAnoVencimentoFormatado":"08/2021","acancelar":false},"empresa":{"cnpj":"07986222000174","razaoSocial":"BIOGEN BRASIL PRODUTOS FARMACÊUTICOS LTDA","numeroAutorizacao":"1069938","cnpjFormatado":"07.986.222/0001-74"},"processo":{"numero":"25351767486201421","situacao":29,"numeroProcessoFormatado":"25351.767486/2014-21"}},{"ordem":3,"produto":{"codigo":990838,"nome":"ELPROLIX","numeroRegistro":"169930005","tipo":{"codigo":1,"descricao":null},"categoria":null,"situacaoRotulo":null,"dataVencimento":null,"mesAnoVencimento":"022021","dataVencimentoRegistro":"2021-02-01T00:00:00.000-0300","principioAtivo":null,"situacaoApresentacao":"Caduco/Cancelado","dataRegistro":"2016-02-22T00:00:00.000-0300","categoriaRegulatoria":{"codigo":1,"descricao":"Biológico"},"medicamentoReferencia":null,"categoriaProduto":null,"tipoAutorizacao":"REGISTRADO","numeroRegistroFormatado":"169930005","mesAnoVencimentoFormatado":"02/2021","acancelar":false},"empresa":{"cnpj":"07986222000174","razaoSocial":"BIOGEN BRASIL PRODUTOS FARMACÊUTICOS LTDA","numeroAutorizacao":"1069938","cnpjFormatado":"07.986.222/0001-74"},"processo":{"numero":"25351518509201451","situacao":29,"numeroProcessoFormatado":"25351.518509/2014-51"}},{"ordem":4,"produto":{"codigo":872192,"nome":"FAMPYRA","numeroRegistro":"169930003","tipo":{"codigo":1,"descricao":null},"categoria":null,"situacaoRotulo":null,"dataVencimento":null,"mesAnoVencimento":"052028","dataVencimentoRegistro":"2028-05-01T00:00:00.000-0300","principioAtivo":"FAMPRIDINA","situacaoApresentacao":"Válido","dataRegistro":"2013-05-27T00:00:00.000-0300","categoriaRegulatoria":{"codigo":6,"descricao":"Novo"},"medicamentoReferencia":null,"categoriaProduto":null,"tipoAutorizacao":"REGISTRADO","numeroRegistroFormatado":"169930003","mesAnoVencimentoFormatado":"05/2028","acancelar":false},"empresa":{"cnpj":"07986222000174","razaoSocial":"BIOGEN BRASIL PRODUTOS FARMACÊUTICOS LTDA","numeroAutorizacao":"1069938","cnpjFormatado":"07.986.222/0001-74"},"processo":{"numero":"25351346618201173","situacao":29,"numeroProcessoFormatado":"25351.346618/2011-73"}},{"ordem":5,"produto":{"codigo":1002828,"nome":"Plegridy","numeroRegistro":"169930007","tipo":{"codigo":1,"descricao":null},"categoria":null,"situacaoRotulo":null,"dataVencimento":null,"mesAnoVencimento":"122021","dataVencimentoRegistro":"2021-12-01T00:00:00.000-0300","principioAtivo":null,"situacaoApresentacao":"Caduco/Cancelado","dataRegistro":"2016-12-19T00:00:00.000-0300","categoriaRegulatoria":{"codigo":1,"descricao":"Biológico"},"medicamentoReferencia":null,"categoriaProduto":null,"tipoAutorizacao":"REGISTRADO","numeroRegistroFormatado":"169930007","mesAnoVencimentoFormatado":"12/2021","acancelar":false},"empresa":{"cnpj":"07986222000174","razaoSocial":"BIOGEN BRASIL PRODUTOS FARMACÊUTICOS LTDA","numeroAutorizacao":"1069938","cnpjFormatado":"07.986.222/0001-74"},"processo":{"numero":"25351664723201482","situacao":29,"numeroProcessoFormatado":"25351.664723/2014-82"}},{"ordem":6,"produto":{"codigo":1201444,"nome":"Spinraza","numeroRegistro":"169930008","tipo":{"codigo":1,"descricao":null},"categoria":null,"situacaoRotulo":null,"dataVencimento":"2022-08-28T00:00:00.000-0300","mesAnoVencimento":"082027","dataVencimentoRegistro":"2027-08-01T00:00:00.000-0300","principioAtivo":"NUSINERSENA","situacaoApresentacao":"Válido","dataRegistro":"2017-08-28T00:00:00.000-0300","categoriaRegulatoria":{"codigo":6,"descricao":"Novo"},"medicamentoReferencia":null,"categoriaProduto":null,"tipoAutorizacao":"REGISTRADO","numeroRegistroFormatado":"169930008","mesAnoVencimentoFormatado":"08/2027","acancelar":false},"empresa":{"cnpj":"07986222000174","razaoSocial":"BIOGEN BRASIL PRODUTOS FARMACÊUTICOS LTDA","numeroAutorizacao":"1069938","cnpjFormatado":"07.986.222/0001-74"},"processo":{"numero":"25351233501201778","situacao":29,"numeroProcessoFormatado":"25351.233501/2017-78"}},{"ordem":7,"produto":{"codigo":902763,"nome":"TECFIDERA","numeroRegistro":"169930004","tipo":{"codigo":1,"descricao":null},"categoria":null,"situacaoRotulo":null,"dataVencimento":null,"mesAnoVencimento":"042025","dataVencimentoRegistro":"2025-04-01T00:00:00.000-0300","principioAtivo":"fumarato de dimetila","situacaoApresentacao":"Válido","dataRegistro":"2015-04-06T00:00:00.000-0300","categoriaRegulatoria":{"codigo":6,"descricao":"Novo"},"medicamentoReferencia":null,"categoriaProduto":null,"tipoAutorizacao":"REGISTRADO","numeroRegistroFormatado":"169930004","mesAnoVencimentoFormatado":"04/2025","acancelar":false},"empresa":{"cnpj":"07986222000174","razaoSocial":"BIOGEN BRASIL PRODUTOS FARMACÊUTICOS LTDA","numeroAutorizacao":"1069938","cnpjFormatado":"07.986.222/0001-74"},"processo":{"numero":"25351186118201351","situacao":29,"numeroProcessoFormatado":"25351.186118/2013-51"}},{"ordem":8,"produto":{"codigo":533110,"nome":"TYSABRI","numeroRegistro":"169930002","tipo":{"codigo":1,"descricao":null},"categoria":null,"situacaoRotulo":null,"dataVencimento":"2028-08-26T00:00:00.000-0300","mesAnoVencimento":"082028","dataVencimentoRegistro":"2028-08-01T00:00:00.000-0300","principioAtivo":"natalizumabe","situacaoApresentacao":"Válido","dataRegistro":"2008-08-11T00:00:00.000-0300","categoriaRegulatoria":{"codigo":1,"descricao":"Biológico"},"medicamentoReferencia":null,"categoriaProduto":null,"tipoAutorizacao":"REGISTRADO","numeroRegistroFormatado":"169930002","mesAnoVencimentoFormatado":"08/2028","acancelar":false},"empresa":{"cnpj":"07986222000174","razaoSocial":"BIOGEN BRASIL PRODUTOS FARMACÊUTICOS LTDA","numeroAutorizacao":"1069938","cnpjFormatado":"07.986.222/0001-74"},"processo":{"numero":"25351216949200755","situacao":29,"numeroProcessoFormatado":"25351.216949/2007-55"}}],"totalPages":1,"totalElements":8,"last":true,"numberOfElements":8,"first":true,"sort":null,"size":1000,"number":0}