{"content":[{"ordem":1,"produto":{"codigo":69846,"nome":"21 - ACETATO DE DEXAMETAZONA VIT B1, VIT B6 E VIT B 12","numeroRegistro":"115570020","tipo":{"codigo":1,"descricao":null},"categoria":null,"situacaoRotulo":null,"dataVencimento":null,"mesAnoVencimento":"122002","dataVencimentoRegistro":"2002-12-01T00:00:00.000-0300","principioAtivo":null,"situacaoApresentacao":"Caduco/Cancelado","dataRegistro":"1997-12-04T00:00:00.000-0300","categoriaRegulatoria":{"codigo":8,"descricao":"Similar"},"medicamentoReferencia":null,"categoriaProduto":null,"tipoAutorizacao":"REGISTRADO","numeroRegistroFormatado":"115570020","mesAnoVencimentoFormatado":"12/2002","acancelar":false},"empresa":{"cnpj":"08939548000103","razaoSocial":"INFAN INDUSTRIA QUIMICA FARMACEUTICA NACIONAL S/A","numeroAutorizacao":"1015570","cnpjFormatado":"08.939.548/0001-03"},"processo":{"numero":"250000179689214","situacao":29,"numeroProcessoFormatado":"25000.017968/92-14"}},{"ordem":2,"produto":{"codigo":70413,"nome":"ADPREX","numeroRegistro":"115570040","tipo":{"codigo":1,"descricao":null},"categoria":null,"situacaoRotulo":null,"dataVencimento":null,"mesAnoVencimento":"032011","dataVencimentoRegistro":"2011-03-01T00:00:00.000-0300","principioAtivo":null,"situacaoApresentacao":"Caduco/Cancelado","dataRegistro":"2001-03-26T00:00:00.000-0300","categoriaRegulatoria":{"codigo":4,"descricao":"Fitoterápico"},"medicamentoReferencia":null,"categoriaProduto":null,"tipoAutorizacao":"REGISTRADO","numeroRegistroFormatado":"115570040","mesAnoVencimentoFormatado":"03/2011","acancelar":false},"empresa":{"cnpj":"08939548000103","razaoSocial":"INFAN INDUSTRIA QUIMICA FARMACEUTICA NACIONAL S/A","numeroAutorizacao":"1015570","cnpjFormatado":"08.939.548/0001-03"},"processo":{"numero":"250000216419904","situacao":29,"numeroProcessoFormatado":"25000.021641/99-04"}},{"ordem":3,"produto":{"codigo":142960,"nome":"ANEMIX","numeroRegistro":"115570055","tipo":{"codigo":1,"descricao":null},"categoria":null,"situacaoRotulo":null,"dataVencimento":null,"mesAnoVencimento":"032008","dataVencimentoRegistro":"2008-03-01T00:00:00.000-0300","principioAtivo":null,"situacaoApresentacao":"Caduco/Cancelado","dataRegistro":"2003-03-12T00:00:00.000-0300","categoriaRegulatoria":{"codigo":8,"descricao":"Similar"},"medicamentoReferencia":null,"categoriaProduto":null,"tipoAutorizacao":"REGISTRADO","numeroRegistroFormatado":"115570055","mesAnoVencimentoFormatado":"03/2008","acancelar":false},"empresa":{"cnpj":"08939548000103","razaoSocial":"INFAN INDUSTRIA QUIMICA FARMACEUTICA NACIONAL S/A","numeroAutorizacao":"1015570","cnpjFormatado":"08.939.548/0001-03"},"processo":{"numero":"25351175508200281","situacao":29,"numeroProcessoFormatado":"25351.175508/2002-81"}},{"ordem":4,"produto":{"codigo":70414,"nome":"ANSIOPAX","numeroRegistro":"115570042","tipo":{"codigo":1,"descricao":null},"categoria":null,"situacaoRotulo":null,"dataVencimento":null,"mesAnoVencimento":"052011","dataVencimentoRegistro":"2011-05-01T00:00:00.000-0300","principioAtivo":null,"situacaoApresentacao":"Caduco/Cancelado","dataRegistro":"2001-05-07T00:00:00.000-0300","categoriaRegulatoria":{"codigo":4,"descricao":"Fitoterápico"},"medicamentoReferencia":null,"categoriaProduto":null,"tipoAutorizacao":"REGISTRADO","numeroRegistroFormatado":"115570042","mesAnoVencimentoFormatado":"05/2011","acancelar":false},"empresa":{"cnpj":"08939548000103","razaoSocial":"INFAN INDUSTRIA QUIMICA FARMACEUTICA NACIONAL S/A","numeroAutorizacao":"1015570","cnpjFormatado":"08.939.548/0001-03"},"processo":{"numero":"250000216429969","situacao":29,"numeroProcessoFormatado":"25000.021642/99-69"}},{"ordem":5,"produto":{"codigo":69934,"nome":"ATP","numeroRegistro":"115570030","tipo":{"codigo":1,"descricao":null},"categoria":null,"situacaoRotulo":null,"dataVencimento":null,"mesAnoVencimento":"102009","dataVencimentoRegistro":"2009-10-01T00:00:00.000-0300","principioAtivo":null,"situacaoApresentacao":"Caduco/Cancelado","dataRegistro":"1999-10-21T00:00:00.000-0200","categoriaRegulatoria":{"codigo":8,"descricao":"Similar"},"medicamentoReferencia":null,"categoriaProduto":null,"tipoAutorizacao":"REGISTRADO","numeroRegistroFormatado":"115570030","mesAnoVencimentoFormatado":"10/2009","acancelar":false},"empresa":{"cnpj":"08939548000103","razaoSocial":"INFAN INDUSTRIA QUIMICA FARMACEUTICA NACIONAL S/A","numeroAutorizacao":"1015570","cnpjFormatado":"08.939.548/0001-03"},"processo":{"numero":"250000179679243","situacao":29,"numeroProcessoFormatado":"25000.017967/92-43"}},{"ordem":6,"produto":{"codigo":69975,"nome":"AZIX","numeroRegistro":"115570043","tipo":{"codigo":1,"descricao":null},"categoria":null,"situacaoRotulo":null,"dataVencimento":null,"mesAnoVencimento":"062006","dataVencimentoRegistro":"2006-06-01T00:00:00.000-0300","principioAtivo":null,"situacaoApresentacao":"Caduco/Cancelado","dataRegistro":"2001-06-22T00:00:00.000-0300","categoriaRegulatoria":{"codigo":8,"descricao":"Similar"},"medicamentoReferencia":null,"categoriaProduto":null,"tipoAutorizacao":"REGISTRADO","numeroRegistroFormatado":"115570043","mesAnoVencimentoFormatado":"06/2006","acancelar":false},"empresa":{"cnpj":"08939548000103","razaoSocial":"INFAN INDUSTRIA QUIMICA FARMACEUTICA NACIONAL S/A","numeroAutorizacao":"1015570","cnpjFormatado":"08.939.548/0001-03"},"processo":{"numero":"250000163719984","situacao":29,"numeroProcessoFormatado":"25000.016371/99-84"}},{"ordem":7,"produto":{"codigo":345556,"nome":"BIOFLORIN","numeroRegistro":"115570059","tipo":{"codigo":1,"descricao":null},"categoria":null,"situacaoRotulo":null,"dataVencimento":null,"mesAnoVencimento":"032014","dataVencimentoRegistro":"2014-03-01T00:00:00.000-0300","principioAtivo":null,"situacaoApresentacao":"Caduco/Cancelado","dataRegistro":"2004-03-25T00:00:00.000-0300","categoriaRegulatoria":{"codigo":1,"descricao":"Biológico"},"medicamentoReferencia":null,"categoriaProduto":null,"tipoAutorizacao":"REGISTRADO","numeroRegistroFormatado":"115570059","mesAnoVencimentoFormatado":"03/2014","acancelar":false},"empresa":{"cnpj":"08939548000103","razaoSocial":"INFAN INDUSTRIA QUIMICA FARMACEUTICA NACIONAL S/A","numeroAutorizacao":"1015570","cnpjFormatado":"08.939.548/0001-03"},"processo":{"numero":"250000010659934","situacao":20,"numeroProcessoFormatado":"25000.001065/99-34"}},{"ordem":8,"produto":{"codigo":586712,"nome":"BOLDINE","numeroRegistro":"115570065","tipo":{"codigo":1,"descricao":null},"categoria":null,"situacaoRotulo":null,"dataVencimento":null,"mesAnoVencimento":"112028","dataVencimentoRegistro":"2028-11-01T00:00:00.000-0300","principioAtivo":null,"situacaoApresentacao":"Caduco/Cancelado","dataRegistro":"2008-12-01T00:00:00.000-0300","categoriaRegulatoria":{"codigo":4,"descricao":"Fitoterápico"},"medicamentoReferencia":null,"categoriaProduto":null,"tipoAutorizacao":"REGISTRADO","numeroRegistroFormatado":"115570065","mesAnoVencimentoFormatado":"11/2028","acancelar":false},"empresa":{"cnpj":"08939548000103","razaoSocial":"INFAN INDUSTRIA QUIMICA FARMACEUTICA NACIONAL S/A","numeroAutorizacao":"1015570","cnpjFormatado":"08.939.548/0001-03"},"processo":{"numero":"25351222418200882","situacao":29,"numeroProcessoFormatado":"25351.222418/2008-82"}},{"ordem":9,"produto":{"codigo":70408,"nome":"BREFUS","numeroRegistro":"115570039","tipo":{"codigo":1,"descricao":null},"categoria":null,"situacaoRotulo":null,"dataVencimento":null,"mesAnoVencimento":"012011","dataVencimentoRegistro":"2011-01-01T00:00:00.000-0300","principioAtivo":null,"situacaoApresentacao":"Caduco/Cancelado","dataRegistro":"2001-01-24T00:00:00.000-0300","categoriaRegulatoria":{"codigo":4,"descricao":"Fitoterápico"},"medicamentoReferencia":null,"categoriaProduto":null,"tipoAutorizacao":"REGISTRADO","numeroRegistroFormatado":"115570039","mesAnoVencimentoFormatado":"01/2011","acancelar":false},"empresa":{"cnpj":"08939548000103","razaoSocial":"INFAN INDUSTRIA QUIMICA FARMACEUTICA NACIONAL S/A","numeroAutorizacao":"1015570","cnpjFormatado":"08.939.548/0001-03"},"processo":{"numero":"253510114770017","situacao":29,"numeroProcessoFormatado":"25351.011477/00-17"}},{"ordem":10,"produto":{"codigo":70015,"nome":"BROMAZEPAM","numeroRegistro":"115570016","tipo":{"codigo":1,"descricao":null},"categoria":null,"situacaoRotulo":null,"dataVencimento":null,"mesAnoVencimento":"062001","dataVencimentoRegistro":"2001-06-01T00:00:00.000-0300","principioAtivo":null,"situacaoApresentacao":"Caduco/Cancelado","dataRegistro":"1996-06-20T00:00:00.000-0300","categoriaRegulatoria":{"codigo":8,"descricao":"Similar"},"medicamentoReferencia":null,"categoriaProduto":null,"tipoAutorizacao":"REGISTRADO","numeroRegistroFormatado":"115570016","mesAnoVencimentoFormatado":"06/2001","acancelar":false},"empresa":{"cnpj":"08939548000103","razaoSocial":"INFAN INDUSTRIA QUIMICA FARMACEUTICA NACIONAL S/A","numeroAutorizacao":"1015570","cnpjFormatado":"08.939.548/0001-03"},"processo":{"numero":"2500000854693","situacao":29,"numeroProcessoFormatado":"25000.008546/93"}},{"ordem":11,"produto":{"codigo":169910,"nome":"BROMELIN","numeroRegistro":"115570053","tipo":{"codigo":1,"descricao":null},"categoria":null,"situacaoRotulo":null,"dataVencimento":null,"mesAnoVencimento":"012028","dataVencimentoRegistro":"2028-01-01T00:00:00.000-0300","principioAtivo":"ANANAS COMOSUS (L.) MERR.","situacaoApresentacao":"Válido","dataRegistro":"2003-01-27T00:00:00.000-0300","categoriaRegulatoria":{"codigo":4,"descricao":"Fitoterápico"},"medicamentoReferencia":null,"categoriaProduto":null,"tipoAutorizacao":"REGISTRADO","numeroRegistroFormatado":"115570053","mesAnoVencimentoFormatado":"01/2028","acancelar":false},"empresa":{"cnpj":"08939548000103","razaoSocial":"INFAN INDUSTRIA QUIMICA FARMACEUTICA NACIONAL S/A","numeroAutorizacao":"1015570","cnpjFormatado":"08.939.548/0001-03"},"processo":{"numero":"25351164024200215","situacao":29,"numeroProcessoFormatado":"25351.164024/2002-15"}},{"ordem":12,"produto":{"codigo":70040,"nome":"CAPTIL","numeroRegistro":"115570036","tipo":{"codigo":1,"descricao":null},"categoria":null,"situacaoRotulo":null,"dataVencimento":null,"mesAnoVencimento":"112009","dataVencimentoRegistro":"2009-11-01T00:00:00.000-0300","principioAtivo":null,"situacaoApresentacao":"Caduco/Cancelado","dataRegistro":"1999-11-22T00:00:00.000-0200","categoriaRegulatoria":{"codigo":8,"descricao":"Similar"},"medicamentoReferencia":null,"categoriaProduto":null,"tipoAutorizacao":"REGISTRADO","numeroRegistroFormatado":"115570036","mesAnoVencimentoFormatado":"11/2009","acancelar":false},"empresa":{"cnpj":"08939548000103","razaoSocial":"INFAN INDUSTRIA QUIMICA FARMACEUTICA NACIONAL S/A","numeroAutorizacao":"1015570","cnpjFormatado":"08.939.548/0001-03"},"processo":{"numero":"250000163629993","situacao":29,"numeroProcessoFormatado":"25000.016362/99-93"}},{"ordem":13,"produto":{"codigo":70098,"nome":"CIANOCOBALAMINA + ASSOCIACOES","numeroRegistro":"115570025","tipo":{"codigo":1,"descricao":null},"categoria":null,"situacaoRotulo":null,"dataVencimento":null,"mesAnoVencimento":"072004","dataVencimentoRegistro":"2004-07-01T00:00:00.000-0300","principioAtivo":null,"situacaoApresentacao":"Caduco/Cancelado","dataRegistro":"1999-07-26T00:00:00.000-0300","categoriaRegulatoria":{"codigo":8,"descricao":"Similar"},"medicamentoReferencia":null,"categoriaProduto":null,"tipoAutorizacao":"REGISTRADO","numeroRegistroFormatado":"115570025","mesAnoVencimentoFormatado":"07/2004","acancelar":false},"empresa":{"cnpj":"08939548000103","razaoSocial":"INFAN INDUSTRIA QUIMICA FARMACEUTICA NACIONAL S/A","numeroAutorizacao":"1015570","cnpjFormatado":"08.939.548/0001-03"},"processo":{"numero":"250000179709258","situacao":29,"numeroProcessoFormatado":"25000.017970/92-58"}},{"ordem":14,"produto":{"codigo":70192,"nome":"CIPROFLOX","numeroRegistro":"115570026","tipo":{"codigo":1,"descricao":null},"categoria":null,"situacaoRotulo":null,"dataVencimento":null,"mesAnoVencimento":"092009","dataVencimentoRegistro":"2009-09-01T00:00:00.000-0300","principioAtivo":null,"situacaoApresentacao":"Caduco/Cancelado","dataRegistro":"1999-09-22T00:00:00.000-0300","categoriaRegulatoria":{"codigo":8,"descricao":"Similar"},"medicamentoReferencia":null,"categoriaProduto":null,"tipoAutorizacao":"REGISTRADO","numeroRegistroFormatado":"115570026","mesAnoVencimentoFormatado":"09/2009","acancelar":false},"empresa":{"cnpj":"08939548000103","razaoSocial":"INFAN INDUSTRIA QUIMICA FARMACEUTICA NACIONAL S/A","numeroAutorizacao":"1015570","cnpjFormatado":"08.939.548/0001-03"},"processo":{"numero":"250000163699932","situacao":29,"numeroProcessoFormatado":"25000.016369/99-32"}},{"ordem":15,"produto":{"codigo":421429,"nome":"DEXACLOR","numeroRegistro":"115570062","tipo":{"codigo":1,"descricao":null},"categoria":null,"situacaoRotulo":null,"dataVencimento":null,"mesAnoVencimento":"092010","dataVencimentoRegistro":"2010-09-01T00:00:00.000-0300","principioAtivo":null,"situacaoApresentacao":"Caduco/Cancelado","dataRegistro":"1996-11-29T00:00:00.000-0300","categoriaRegulatoria":{"codigo":8,"descricao":"Similar"},"medicamentoReferencia":null,"categoriaProduto":null,"tipoAutorizacao":"REGISTRADO","numeroRegistroFormatado":"115570062","mesAnoVencimentoFormatado":"09/2010","acancelar":false},"empresa":{"cnpj":"08939548000103","razaoSocial":"INFAN INDUSTRIA QUIMICA FARMACEUTICA NACIONAL S/A","numeroAutorizacao":"1015570","cnpjFormatado":"08.939.548/0001-03"},"processo":{"numero":"250000163849250","situacao":29,"numeroProcessoFormatado":"25000.016384/92-50"}},{"ordem":16,"produto":{"codigo":421421,"nome":"DEXACLOR","numeroRegistro":"115570007","tipo":{"codigo":1,"descricao":null},"categoria":null,"situacaoRotulo":null,"dataVencimento":null,"mesAnoVencimento":"092005","dataVencimentoRegistro":"2005-09-01T00:00:00.000-0300","principioAtivo":null,"situacaoApresentacao":"Caduco/Cancelado","dataRegistro":"1990-09-10T00:00:00.000-0300","categoriaRegulatoria":{"codigo":8,"descricao":"Similar"},"medicamentoReferencia":null,"categoriaProduto":null,"tipoAutorizacao":"REGISTRADO","numeroRegistroFormatado":"115570007","mesAnoVencimentoFormatado":"09/2005","acancelar":false},"empresa":{"cnpj":"08939548000103","razaoSocial":"INFAN INDUSTRIA QUIMICA FARMACEUTICA NACIONAL S/A","numeroAutorizacao":"1015570","cnpjFormatado":"08.939.548/0001-03"},"processo":{"numero":"250000177508956","situacao":29,"numeroProcessoFormatado":"25000.017750/89-56"}},{"ordem":17,"produto":{"codigo":519818,"nome":"DEXAFLAN","numeroRegistro":"115570063","tipo":{"codigo":1,"descricao":null},"categoria":null,"situacaoRotulo":null,"dataVencimento":null,"mesAnoVencimento":"021993","dataVencimentoRegistro":"1993-02-01T00:00:00.000-0300","principioAtivo":null,"situacaoApresentacao":"Caduco/Cancelado","dataRegistro":"1990-02-21T00:00:00.000-0300","categoriaRegulatoria":{"codigo":8,"descricao":"Similar"},"medicamentoReferencia":null,"categoriaProduto":null,"tipoAutorizacao":"REGISTRADO","numeroRegistroFormatado":"115570063","mesAnoVencimentoFormatado":"02/1993","acancelar":false},"empresa":{"cnpj":"08939548000103","razaoSocial":"INFAN INDUSTRIA QUIMICA FARMACEUTICA NACIONAL S/A","numeroAutorizacao":"1015570","cnpjFormatado":"08.939.548/0001-03"},"processo":{"numero":"250000177488912","situacao":20,"numeroProcessoFormatado":"25000.017748/89-12"}},{"ordem":18,"produto":{"codigo":70294,"nome":"DEXAMETASONA + NEOMICINA","numeroRegistro":"115570019","tipo":{"codigo":1,"descricao":null},"categoria":null,"situacaoRotulo":null,"dataVencimento":null,"mesAnoVencimento":"112001","dataVencimentoRegistro":"2001-11-01T00:00:00.000-0200","principioAtivo":null,"situacaoApresentacao":"Caduco/Cancelado","dataRegistro":"1996-11-29T00:00:00.000-0300","categoriaRegulatoria":{"codigo":8,"descricao":"Similar"},"medicamentoReferencia":null,"categoriaProduto":null,"tipoAutorizacao":"REGISTRADO","numeroRegistroFormatado":"115570019","mesAnoVencimentoFormatado":"11/2001","acancelar":false},"empresa":{"cnpj":"08939548000103","razaoSocial":"INFAN INDUSTRIA QUIMICA FARMACEUTICA NACIONAL S/A","numeroAutorizacao":"1015570","cnpjFormatado":"08.939.548/0001-03"},"processo":{"numero":"250000163839297","situacao":29,"numeroProcessoFormatado":"25000.016383/92-97"}},{"ordem":19,"produto":{"codigo":70296,"nome":"DEXAMETASONA + VIT.  B1 +  VIT.  B6  +  VIT.  B12","numeroRegistro":"115570017","tipo":{"codigo":1,"descricao":null},"categoria":null,"situacaoRotulo":null,"dataVencimento":null,"mesAnoVencimento":"112001","dataVencimentoRegistro":"2001-11-01T00:00:00.000-0200","principioAtivo":null,"situacaoApresentacao":"Caduco/Cancelado","dataRegistro":"1996-11-21T00:00:00.000-0300","categoriaRegulatoria":{"codigo":8,"descricao":"Similar"},"medicamentoReferencia":null,"categoriaProduto":null,"tipoAutorizacao":"REGISTRADO","numeroRegistroFormatado":"115570017","mesAnoVencimentoFormatado":"11/2001","acancelar":false},"empresa":{"cnpj":"08939548000103","razaoSocial":"INFAN INDUSTRIA QUIMICA FARMACEUTICA NACIONAL S/A","numeroAutorizacao":"1015570","cnpjFormatado":"08.939.548/0001-03"},"processo":{"numero":"250000179799222","situacao":29,"numeroProcessoFormatado":"25000.017979/92-22"}},{"ordem":20,"produto":{"codigo":70621,"nome":"ENATEC","numeroRegistro":"115570031","tipo":{"codigo":1,"descricao":null},"categoria":null,"situacaoRotulo":null,"dataVencimento":null,"mesAnoVencimento":"102009","dataVencimentoRegistro":"2009-10-01T00:00:00.000-0300","principioAtivo":null,"situacaoApresentacao":"Caduco/Cancelado","dataRegistro":"1999-10-29T00:00:00.000-0200","categoriaRegulatoria":{"codigo":8,"descricao":"Similar"},"medicamentoReferencia":null,"categoriaProduto":null,"tipoAutorizacao":"REGISTRADO","numeroRegistroFormatado":"115570031","mesAnoVencimentoFormatado":"10/2009","acancelar":false},"empresa":{"cnpj":"08939548000103","razaoSocial":"INFAN INDUSTRIA QUIMICA FARMACEUTICA NACIONAL S/A","numeroAutorizacao":"1015570","cnpjFormatado":"08.939.548/0001-03"},"processo":{"numero":"250000163639956","situacao":29,"numeroProcessoFormatado":"25000.016363/99-56"}},{"ordem":21,"produto":{"codigo":70625,"nome":"ENATEC  F","numeroRegistro":"115570032","tipo":{"codigo":1,"descricao":null},"categoria":null,"situacaoRotulo":null,"dataVencimento":null,"mesAnoVencimento":"102009","dataVencimentoRegistro":"2009-10-01T00:00:00.000-0300","principioAtivo":null,"situacaoApresentacao":"Caduco/Cancelado","dataRegistro":"1999-10-29T00:00:00.000-0200","categoriaRegulatoria":{"codigo":8,"descricao":"Similar"},"medicamentoReferencia":null,"categoriaProduto":null,"tipoAutorizacao":"REGISTRADO","numeroRegistroFormatado":"115570032","mesAnoVencimentoFormatado":"10/2009","acancelar":false},"empresa":{"cnpj":"08939548000103","razaoSocial":"INFAN INDUSTRIA QUIMICA FARMACEUTICA NACIONAL S/A","numeroAutorizacao":"1015570","cnpjFormatado":"08.939.548/0001-03"},"processo":{"numero":"250000163729947","situacao":29,"numeroProcessoFormatado":"25000.016372/99-47"}},{"ordem":22,"produto":{"codigo":375074,"nome":"ENDORUS","numeroRegistro":"115570060","tipo":{"codigo":1,"descricao":null},"categoria":null,"situacaoRotulo":null,"dataVencimento":null,"mesAnoVencimento":"092009","dataVencimentoRegistro":"2009-09-01T00:00:00.000-0300","principioAtivo":null,"situacaoApresentacao":"Caduco/Cancelado","dataRegistro":"2004-09-30T00:00:00.000-0300","categoriaRegulatoria":{"codigo":4,"descricao":"Fitoterápico"},"medicamentoReferencia":null,"categoriaProduto":null,"tipoAutorizacao":"REGISTRADO","numeroRegistroFormatado":"115570060","mesAnoVencimentoFormatado":"09/2009","acancelar":false},"empresa":{"cnpj":"08939548000103","razaoSocial":"INFAN INDUSTRIA QUIMICA FARMACEUTICA NACIONAL S/A","numeroAutorizacao":"1015570","cnpjFormatado":"08.939.548/0001-03"},"processo":{"numero":"25351016682200455","situacao":29,"numeroProcessoFormatado":"25351.016682/2004-55"}},{"ordem":23,"produto":{"codigo":70841,"nome":"ENERGICLIN","numeroRegistro":"115570033","tipo":{"codigo":1,"descricao":null},"categoria":null,"situacaoRotulo":null,"dataVencimento":null,"mesAnoVencimento":"102009","dataVencimentoRegistro":"2009-10-01T00:00:00.000-0300","principioAtivo":null,"situacaoApresentacao":"Caduco/Cancelado","dataRegistro":"1999-10-29T00:00:00.000-0200","categoriaRegulatoria":{"codigo":null,"descricao":null},"medicamentoReferencia":null,"categoriaProduto":null,"tipoAutorizacao":"REGISTRADO","numeroRegistroFormatado":"115570033","mesAnoVencimentoFormatado":"10/2009","acancelar":false},"empresa":{"cnpj":"08939548000103","razaoSocial":"INFAN INDUSTRIA QUIMICA FARMACEUTICA NACIONAL S/A","numeroAutorizacao":"1015570","cnpjFormatado":"08.939.548/0001-03"},"processo":{"numero":"250000179669281","situacao":29,"numeroProcessoFormatado":"25000.017966/92-81"}},{"ordem":24,"produto":{"codigo":70372,"nome":"ERITROMICINA","numeroRegistro":"115570013","tipo":{"codigo":1,"descricao":null},"categoria":null,"situacaoRotulo":null,"dataVencimento":null,"mesAnoVencimento":"062003","dataVencimentoRegistro":"2003-06-01T00:00:00.000-0300","principioAtivo":null,"situacaoApresentacao":"Caduco/Cancelado","dataRegistro":"2000-06-01T00:00:00.000-0300","categoriaRegulatoria":{"codigo":8,"descricao":"Similar"},"medicamentoReferencia":null,"categoriaProduto":null,"tipoAutorizacao":"REGISTRADO","numeroRegistroFormatado":"115570013","mesAnoVencimentoFormatado":"06/2003","acancelar":false},"empresa":{"cnpj":"08939548000103","razaoSocial":"INFAN INDUSTRIA QUIMICA FARMACEUTICA NACIONAL S/A","numeroAutorizacao":"1015570","cnpjFormatado":"08.939.548/0001-03"},"processo":{"numero":"250000179649255","situacao":29,"numeroProcessoFormatado":"25000.017964/92-55"}},{"ordem":25,"produto":{"codigo":136047,"nome":"ESCABRON","numeroRegistro":"115570051","tipo":{"codigo":1,"descricao":null},"categoria":null,"situacaoRotulo":null,"dataVencimento":null,"mesAnoVencimento":"112012","dataVencimentoRegistro":"2012-11-01T00:00:00.000-0300","principioAtivo":null,"situacaoApresentacao":"Caduco/Cancelado","dataRegistro":"2002-11-07T00:00:00.000-0300","categoriaRegulatoria":{"codigo":8,"descricao":"Similar"},"medicamentoReferencia":null,"categoriaProduto":null,"tipoAutorizacao":"REGISTRADO","numeroRegistroFormatado":"115570051","mesAnoVencimentoFormatado":"11/2012","acancelar":false},"empresa":{"cnpj":"08939548000103","razaoSocial":"INFAN INDUSTRIA QUIMICA FARMACEUTICA NACIONAL S/A","numeroAutorizacao":"1015570","cnpjFormatado":"08.939.548/0001-03"},"processo":{"numero":"25351166803200247","situacao":29,"numeroProcessoFormatado":"25351.166803/2002-47"}},{"ordem":26,"produto":{"codigo":70415,"nome":"FAMOTIDINA","numeroRegistro":"115570028","tipo":{"codigo":1,"descricao":null},"categoria":null,"situacaoRotulo":null,"dataVencimento":null,"mesAnoVencimento":"092004","dataVencimentoRegistro":"2004-09-01T00:00:00.000-0300","principioAtivo":null,"situacaoApresentacao":"Caduco/Cancelado","dataRegistro":"1999-09-22T00:00:00.000-0300","categoriaRegulatoria":{"codigo":8,"descricao":"Similar"},"medicamentoReferencia":null,"categoriaProduto":null,"tipoAutorizacao":"REGISTRADO","numeroRegistroFormatado":"115570028","mesAnoVencimentoFormatado":"09/2004","acancelar":false},"empresa":{"cnpj":"08939548000103","razaoSocial":"INFAN INDUSTRIA QUIMICA FARMACEUTICA NACIONAL S/A","numeroAutorizacao":"1015570","cnpjFormatado":"08.939.548/0001-03"},"processo":{"numero":"250000163649919","situacao":29,"numeroProcessoFormatado":"25000.016364/99-19"}},{"ordem":27,"produto":{"codigo":70886,"nome":"FLORAX","numeroRegistro":"115570015","tipo":{"codigo":1,"descricao":null},"categoria":null,"situacaoRotulo":null,"dataVencimento":null,"mesAnoVencimento":"122026","dataVencimentoRegistro":"2026-12-01T00:00:00.000-0300","principioAtivo":"SACCHAROMYCES CEREVISAE","situacaoApresentacao":"Válido","dataRegistro":"2001-03-21T00:00:00.000-0300","categoriaRegulatoria":{"codigo":6,"descricao":"Novo"},"medicamentoReferencia":null,"categoriaProduto":null,"tipoAutorizacao":"REGISTRADO","numeroRegistroFormatado":"115570015","mesAnoVencimentoFormatado":"12/2026","acancelar":false},"empresa":{"cnpj":"08939548000103","razaoSocial":"INFAN INDUSTRIA QUIMICA FARMACEUTICA NACIONAL S/A","numeroAutorizacao":"1015570","cnpjFormatado":"08.939.548/0001-03"},"processo":{"numero":"250000063089164","situacao":29,"numeroProcessoFormatado":"25000.006308/91-64"}},{"ordem":28,"produto":{"codigo":173674,"nome":"GAMAX","numeroRegistro":"115570057","tipo":{"codigo":1,"descricao":null},"categoria":null,"situacaoRotulo":null,"dataVencimento":null,"mesAnoVencimento":"072028","dataVencimentoRegistro":"2028-07-01T00:00:00.000-0300","principioAtivo":"BORAGO OFFICINALIS L.","situacaoApresentacao":"Válido","dataRegistro":"2003-07-04T00:00:00.000-0300","categoriaRegulatoria":{"codigo":4,"descricao":"Fitoterápico"},"medicamentoReferencia":null,"categoriaProduto":null,"tipoAutorizacao":"REGISTRADO","numeroRegistroFormatado":"115570057","mesAnoVencimentoFormatado":"07/2028","acancelar":false},"empresa":{"cnpj":"08939548000103","razaoSocial":"INFAN INDUSTRIA QUIMICA FARMACEUTICA NACIONAL S/A","numeroAutorizacao":"1015570","cnpjFormatado":"08.939.548/0001-03"},"processo":{"numero":"25351001218200383","situacao":29,"numeroProcessoFormatado":"25351.001218/2003-83"}},{"ordem":29,"produto":{"codigo":127633,"nome":"GIAMEBIL","numeroRegistro":"115570050","tipo":{"codigo":1,"descricao":null},"categoria":null,"situacaoRotulo":null,"dataVencimento":null,"mesAnoVencimento":"072012","dataVencimentoRegistro":"2012-07-01T00:00:00.000-0300","principioAtivo":null,"situacaoApresentacao":"Caduco/Cancelado","dataRegistro":"2002-07-31T00:00:00.000-0300","categoriaRegulatoria":{"codigo":4,"descricao":"Fitoterápico"},"medicamentoReferencia":null,"categoriaProduto":null,"tipoAutorizacao":"REGISTRADO","numeroRegistroFormatado":"115570050","mesAnoVencimentoFormatado":"07/2012","acancelar":false},"empresa":{"cnpj":"08939548000103","razaoSocial":"INFAN INDUSTRIA QUIMICA FARMACEUTICA NACIONAL S/A","numeroAutorizacao":"1015570","cnpjFormatado":"08.939.548/0001-03"},"processo":{"numero":"25351164026200204","situacao":29,"numeroProcessoFormatado":"25351.164026/2002-04"}},{"ordem":30,"produto":{"codigo":71000,"nome":"GINCONAZOL","numeroRegistro":"115570029","tipo":{"codigo":1,"descricao":null},"categoria":null,"situacaoRotulo":null,"dataVencimento":null,"mesAnoVencimento":"092014","dataVencimentoRegistro":"2014-09-01T00:00:00.000-0300","principioAtivo":null,"situacaoApresentacao":"Caduco/Cancelado","dataRegistro":"1999-09-22T00:00:00.000-0300","categoriaRegulatoria":{"codigo":8,"descricao":"Similar"},"medicamentoReferencia":null,"categoriaProduto":null,"tipoAutorizacao":"REGISTRADO","numeroRegistroFormatado":"115570029","mesAnoVencimentoFormatado":"09/2014","acancelar":false},"empresa":{"cnpj":"08939548000103","razaoSocial":"INFAN INDUSTRIA QUIMICA FARMACEUTICA NACIONAL S/A","numeroAutorizacao":"1015570","cnpjFormatado":"08.939.548/0001-03"},"processo":{"numero":"250000163669944","situacao":29,"numeroProcessoFormatado":"25000.016366/99-44"}},{"ordem":31,"produto":{"codigo":70887,"nome":"GINOFLORAX","numeroRegistro":"115570041","tipo":{"codigo":1,"descricao":null},"categoria":null,"situacaoRotulo":null,"dataVencimento":null,"mesAnoVencimento":"032026","dataVencimentoRegistro":"2026-03-01T00:00:00.000-0300","principioAtivo":"SACCHAROMYCES CEREVISAE","situacaoApresentacao":"Válido","dataRegistro":"2001-04-04T00:00:00.000-0300","categoriaRegulatoria":{"codigo":6,"descricao":"Novo"},"medicamentoReferencia":null,"categoriaProduto":null,"tipoAutorizacao":"REGISTRADO","numeroRegistroFormatado":"115570041","mesAnoVencimentoFormatado":"03/2026","acancelar":false},"empresa":{"cnpj":"08939548000103","razaoSocial":"INFAN INDUSTRIA QUIMICA FARMACEUTICA NACIONAL S/A","numeroAutorizacao":"1015570","cnpjFormatado":"08.939.548/0001-03"},"processo":{"numero":"250000383929988","situacao":29,"numeroProcessoFormatado":"25000.038392/99-88"}},{"ordem":32,"produto":{"codigo":838687,"nome":"HEBLAX","numeroRegistro":"115570068","tipo":{"codigo":1,"descricao":null},"categoria":null,"situacaoRotulo":null,"dataVencimento":null,"mesAnoVencimento":"122027","dataVencimentoRegistro":"2027-12-01T00:00:00.000-0300","principioAtivo":"RHAMNUS PURSHIANA DC.","situacaoApresentacao":"Válido","dataRegistro":"2012-12-03T00:00:00.000-0300","categoriaRegulatoria":{"codigo":4,"descricao":"Fitoterápico"},"medicamentoReferencia":null,"categoriaProduto":null,"tipoAutorizacao":"REGISTRADO","numeroRegistroFormatado":"115570068","mesAnoVencimentoFormatado":"12/2027","acancelar":false},"empresa":{"cnpj":"08939548000103","razaoSocial":"INFAN INDUSTRIA QUIMICA FARMACEUTICA NACIONAL S/A","numeroAutorizacao":"1015570","cnpjFormatado":"08.939.548/0001-03"},"processo":{"numero":"25351465417201191","situacao":29,"numeroProcessoFormatado":"25351.465417/2011-91"}},{"ordem":33,"produto":{"codigo":70834,"nome":"HINOX","numeroRegistro":"115570021","tipo":{"codigo":1,"descricao":null},"categoria":null,"situacaoRotulo":null,"dataVencimento":null,"mesAnoVencimento":"032014","dataVencimentoRegistro":"2014-03-01T00:00:00.000-0300","principioAtivo":null,"situacaoApresentacao":"Caduco/Cancelado","dataRegistro":"1999-03-05T00:00:00.000-0300","categoriaRegulatoria":{"codigo":8,"descricao":"Similar"},"medicamentoReferencia":null,"categoriaProduto":null,"tipoAutorizacao":"REGISTRADO","numeroRegistroFormatado":"115570021","mesAnoVencimentoFormatado":"03/2014","acancelar":false},"empresa":{"cnpj":"08939548000103","razaoSocial":"INFAN INDUSTRIA QUIMICA FARMACEUTICA NACIONAL S/A","numeroAutorizacao":"1015570","cnpjFormatado":"08.939.548/0001-03"},"processo":{"numero":"250000109509616","situacao":29,"numeroProcessoFormatado":"25000.010950/96-16"}},{"ordem":34,"produto":{"codigo":70611,"nome":"HISTAMIX","numeroRegistro":"115570034","tipo":{"codigo":1,"descricao":null},"categoria":null,"situacaoRotulo":null,"dataVencimento":null,"mesAnoVencimento":"102019","dataVencimentoRegistro":"2019-10-01T00:00:00.000-0300","principioAtivo":null,"situacaoApresentacao":"Caduco/Cancelado","dataRegistro":"1999-10-29T00:00:00.000-0200","categoriaRegulatoria":{"codigo":8,"descricao":"Similar"},"medicamentoReferencia":null,"categoriaProduto":null,"tipoAutorizacao":"REGISTRADO","numeroRegistroFormatado":"115570034","mesAnoVencimentoFormatado":"10/2019","acancelar":false},"empresa":{"cnpj":"08939548000103","razaoSocial":"INFAN INDUSTRIA QUIMICA FARMACEUTICA NACIONAL S/A","numeroAutorizacao":"1015570","cnpjFormatado":"08.939.548/0001-03"},"processo":{"numero":"250000163709911","situacao":29,"numeroProcessoFormatado":"25000.016370/99-11"}},{"ordem":35,"produto":{"codigo":275306,"nome":"HISTAMIX - D","numeroRegistro":"115570058","tipo":{"codigo":1,"descricao":null},"categoria":null,"situacaoRotulo":null,"dataVencimento":null,"mesAnoVencimento":"022014","dataVencimentoRegistro":"2014-02-01T00:00:00.000-0300","principioAtivo":null,"situacaoApresentacao":"Caduco/Cancelado","dataRegistro":"2004-02-16T00:00:00.000-0300","categoriaRegulatoria":{"codigo":8,"descricao":"Similar"},"medicamentoReferencia":null,"categoriaProduto":null,"tipoAutorizacao":"REGISTRADO","numeroRegistroFormatado":"115570058","mesAnoVencimentoFormatado":"02/2014","acancelar":false},"empresa":{"cnpj":"08939548000103","razaoSocial":"INFAN INDUSTRIA QUIMICA FARMACEUTICA NACIONAL S/A","numeroAutorizacao":"1015570","cnpjFormatado":"08.939.548/0001-03"},"processo":{"numero":"25351001220200352","situacao":29,"numeroProcessoFormatado":"25351.001220/2003-52"}},{"ordem":36,"produto":{"codigo":366859,"nome":"HIZOFITO","numeroRegistro":"115570061","tipo":{"codigo":1,"descricao":null},"categoria":null,"situacaoRotulo":null,"dataVencimento":null,"mesAnoVencimento":"042025","dataVencimentoRegistro":"2025-04-01T00:00:00.000-0300","principioAtivo":"GLYCINE MAX (L.) MERR.","situacaoApresentacao":"Válido","dataRegistro":"2005-04-19T00:00:00.000-0300","categoriaRegulatoria":{"codigo":4,"descricao":"Fitoterápico"},"medicamentoReferencia":null,"categoriaProduto":null,"tipoAutorizacao":"REGISTRADO","numeroRegistroFormatado":"115570061","mesAnoVencimentoFormatado":"04/2025","acancelar":false},"empresa":{"cnpj":"08939548000103","razaoSocial":"INFAN INDUSTRIA QUIMICA FARMACEUTICA NACIONAL S/A","numeroAutorizacao":"1015570","cnpjFormatado":"08.939.548/0001-03"},"processo":{"numero":"25351016686200433","situacao":29,"numeroProcessoFormatado":"25351.016686/2004-33"}},{"ordem":37,"produto":{"codigo":125771,"nome":"IMUNOGLUCAN","numeroRegistro":"115570048","tipo":{"codigo":1,"descricao":null},"categoria":null,"situacaoRotulo":null,"dataVencimento":null,"mesAnoVencimento":"042027","dataVencimentoRegistro":"2027-04-01T00:00:00.000-0300","principioAtivo":"GLUCANA","situacaoApresentacao":"Válido","dataRegistro":"2002-05-03T00:00:00.000-0300","categoriaRegulatoria":{"codigo":null,"descricao":null},"medicamentoReferencia":null,"categoriaProduto":null,"tipoAutorizacao":"REGISTRADO","numeroRegistroFormatado":"115570048","mesAnoVencimentoFormatado":"04/2027","acancelar":false},"empresa":{"cnpj":"08939548000103","razaoSocial":"INFAN INDUSTRIA QUIMICA FARMACEUTICA NACIONAL S/A","numeroAutorizacao":"1015570","cnpjFormatado":"08.939.548/0001-03"},"processo":{"numero":"253510265870118","situacao":29,"numeroProcessoFormatado":"25351.026587/01-18"}},{"ordem":38,"produto":{"codigo":755005,"nome":"KIOS","numeroRegistro":"115570067","tipo":{"codigo":1,"descricao":null},"categoria":null,"situacaoRotulo":null,"dataVencimento":null,"mesAnoVencimento":"052026","dataVencimentoRegistro":"2026-05-01T00:00:00.000-0300","principioAtivo":null,"situacaoApresentacao":"Caduco/Cancelado","dataRegistro":"2011-05-09T00:00:00.000-0300","categoriaRegulatoria":{"codigo":4,"descricao":"Fitoterápico"},"medicamentoReferencia":null,"categoriaProduto":null,"tipoAutorizacao":"REGISTRADO","numeroRegistroFormatado":"115570067","mesAnoVencimentoFormatado":"05/2026","acancelar":false},"empresa":{"cnpj":"08939548000103","razaoSocial":"INFAN INDUSTRIA QUIMICA FARMACEUTICA NACIONAL S/A","numeroAutorizacao":"1015570","cnpjFormatado":"08.939.548/0001-03"},"processo":{"numero":"25351374832201079","situacao":29,"numeroProcessoFormatado":"25351.374832/2010-79"}},{"ordem":39,"produto":{"codigo":70901,"nome":"KRONEL","numeroRegistro":"115570046","tipo":{"codigo":1,"descricao":null},"categoria":null,"situacaoRotulo":null,"dataVencimento":null,"mesAnoVencimento":"082026","dataVencimentoRegistro":"2026-08-01T00:00:00.000-0300","principioAtivo":"SCHINUS TEREBINTHIFOLIA RADDI","situacaoApresentacao":"Válido","dataRegistro":"2001-08-24T00:00:00.000-0300","categoriaRegulatoria":{"codigo":4,"descricao":"Fitoterápico"},"medicamentoReferencia":null,"categoriaProduto":null,"tipoAutorizacao":"REGISTRADO","numeroRegistroFormatado":"115570046","mesAnoVencimentoFormatado":"08/2026","acancelar":false},"empresa":{"cnpj":"08939548000103","razaoSocial":"INFAN INDUSTRIA QUIMICA FARMACEUTICA NACIONAL S/A","numeroAutorizacao":"1015570","cnpjFormatado":"08.939.548/0001-03"},"processo":{"numero":"250000383959976","situacao":29,"numeroProcessoFormatado":"25000.038395/99-76"}},{"ordem":40,"produto":{"codigo":70599,"nome":"LEVONORGESTREL","numeroRegistro":"115570045","tipo":{"codigo":1,"descricao":null},"categoria":null,"situacaoRotulo":null,"dataVencimento":null,"mesAnoVencimento":"072006","dataVencimentoRegistro":"2006-07-01T00:00:00.000-0300","principioAtivo":null,"situacaoApresentacao":"Caduco/Cancelado","dataRegistro":"2001-07-16T00:00:00.000-0300","categoriaRegulatoria":{"codigo":8,"descricao":"Similar"},"medicamentoReferencia":null,"categoriaProduto":null,"tipoAutorizacao":"REGISTRADO","numeroRegistroFormatado":"115570045","mesAnoVencimentoFormatado":"07/2006","acancelar":false},"empresa":{"cnpj":"08939548000103","razaoSocial":"INFAN INDUSTRIA QUIMICA FARMACEUTICA NACIONAL S/A","numeroAutorizacao":"1015570","cnpjFormatado":"08.939.548/0001-03"},"processo":{"numero":"250000139359981","situacao":29,"numeroProcessoFormatado":"25000.013935/99-81"}},{"ordem":41,"produto":{"codigo":70614,"nome":"LOSATAL","numeroRegistro":"115570027","tipo":{"codigo":1,"descricao":null},"categoria":null,"situacaoRotulo":null,"dataVencimento":null,"mesAnoVencimento":"092004","dataVencimentoRegistro":"2004-09-01T00:00:00.000-0300","principioAtivo":null,"situacaoApresentacao":"Caduco/Cancelado","dataRegistro":"1999-09-22T00:00:00.000-0300","categoriaRegulatoria":{"codigo":8,"descricao":"Similar"},"medicamentoReferencia":null,"categoriaProduto":null,"tipoAutorizacao":"REGISTRADO","numeroRegistroFormatado":"115570027","mesAnoVencimentoFormatado":"09/2004","acancelar":false},"empresa":{"cnpj":"08939548000103","razaoSocial":"INFAN INDUSTRIA QUIMICA FARMACEUTICA NACIONAL S/A","numeroAutorizacao":"1015570","cnpjFormatado":"08.939.548/0001-03"},"processo":{"numero":"250000163659981","situacao":29,"numeroProcessoFormatado":"25000.016365/99-81"}},{"ordem":42,"produto":{"codigo":71070,"nome":"MEGABRAIN","numeroRegistro":"115570037","tipo":{"codigo":1,"descricao":null},"categoria":null,"situacaoRotulo":null,"dataVencimento":null,"mesAnoVencimento":"122004","dataVencimentoRegistro":"2004-12-01T00:00:00.000-0300","principioAtivo":null,"situacaoApresentacao":"Caduco/Cancelado","dataRegistro":"1999-12-20T00:00:00.000-0200","categoriaRegulatoria":{"codigo":8,"descricao":"Similar"},"medicamentoReferencia":null,"categoriaProduto":null,"tipoAutorizacao":"REGISTRADO","numeroRegistroFormatado":"115570037","mesAnoVencimentoFormatado":"12/2004","acancelar":false},"empresa":{"cnpj":"08939548000103","razaoSocial":"INFAN INDUSTRIA QUIMICA FARMACEUTICA NACIONAL S/A","numeroAutorizacao":"1015570","cnpjFormatado":"08.939.548/0001-03"},"processo":{"numero":"250000010649971","situacao":29,"numeroProcessoFormatado":"25000.001064/99-71"}},{"ordem":43,"produto":{"codigo":169901,"nome":"MELXI","numeroRegistro":"115570054","tipo":{"codigo":1,"descricao":null},"categoria":null,"situacaoRotulo":null,"dataVencimento":null,"mesAnoVencimento":"012011","dataVencimentoRegistro":"2011-01-01T00:00:00.000-0300","principioAtivo":null,"situacaoApresentacao":"Caduco/Cancelado","dataRegistro":"2003-01-27T00:00:00.000-0300","categoriaRegulatoria":{"codigo":4,"descricao":"Fitoterápico"},"medicamentoReferencia":null,"categoriaProduto":null,"tipoAutorizacao":"REGISTRADO","numeroRegistroFormatado":"115570054","mesAnoVencimentoFormatado":"01/2011","acancelar":false},"empresa":{"cnpj":"08939548000103","razaoSocial":"INFAN INDUSTRIA QUIMICA FARMACEUTICA NACIONAL S/A","numeroAutorizacao":"1015570","cnpjFormatado":"08.939.548/0001-03"},"processo":{"numero":"25351164028200295","situacao":29,"numeroProcessoFormatado":"25351.164028/2002-95"}},{"ordem":44,"produto":{"codigo":70655,"nome":"MENTOL + CANFORA","numeroRegistro":"115570023","tipo":{"codigo":1,"descricao":null},"categoria":null,"situacaoRotulo":null,"dataVencimento":null,"mesAnoVencimento":"052004","dataVencimentoRegistro":"2004-05-01T00:00:00.000-0300","principioAtivo":null,"situacaoApresentacao":"Caduco/Cancelado","dataRegistro":"1999-05-04T00:00:00.000-0300","categoriaRegulatoria":{"codigo":8,"descricao":"Similar"},"medicamentoReferencia":null,"categoriaProduto":null,"tipoAutorizacao":"REGISTRADO","numeroRegistroFormatado":"115570023","mesAnoVencimentoFormatado":"05/2004","acancelar":false},"empresa":{"cnpj":"08939548000103","razaoSocial":"INFAN INDUSTRIA QUIMICA FARMACEUTICA NACIONAL S/A","numeroAutorizacao":"1015570","cnpjFormatado":"08.939.548/0001-03"},"processo":{"numero":"250000255579852","situacao":29,"numeroProcessoFormatado":"25000.025557/98-52"}},{"ordem":45,"produto":{"codigo":408649,"nome":"PIROXIPLUS","numeroRegistro":"115570005","tipo":{"codigo":1,"descricao":null},"categoria":null,"situacaoRotulo":null,"dataVencimento":null,"mesAnoVencimento":"082005","dataVencimentoRegistro":"2005-08-01T00:00:00.000-0300","principioAtivo":null,"situacaoApresentacao":"Caduco/Cancelado","dataRegistro":"1990-08-13T00:00:00.000-0300","categoriaRegulatoria":{"codigo":8,"descricao":"Similar"},"medicamentoReferencia":null,"categoriaProduto":null,"tipoAutorizacao":"REGISTRADO","numeroRegistroFormatado":"115570005","mesAnoVencimentoFormatado":"08/2005","acancelar":false},"empresa":{"cnpj":"08939548000103","razaoSocial":"INFAN INDUSTRIA QUIMICA FARMACEUTICA NACIONAL S/A","numeroAutorizacao":"1015570","cnpjFormatado":"08.939.548/0001-03"},"processo":{"numero":"250000177468989","situacao":29,"numeroProcessoFormatado":"25000.017746/89-89"}},{"ordem":46,"produto":{"codigo":70703,"nome":"PROBEKS","numeroRegistro":"115570038","tipo":{"codigo":1,"descricao":null},"categoria":null,"situacaoRotulo":null,"dataVencimento":null,"mesAnoVencimento":"112012","dataVencimentoRegistro":"2012-11-01T00:00:00.000-0300","principioAtivo":null,"situacaoApresentacao":"Caduco/Cancelado","dataRegistro":"2001-01-18T00:00:00.000-0300","categoriaRegulatoria":{"codigo":4,"descricao":"Fitoterápico"},"medicamentoReferencia":null,"categoriaProduto":null,"tipoAutorizacao":"REGISTRADO","numeroRegistroFormatado":"115570038","mesAnoVencimentoFormatado":"11/2012","acancelar":false},"empresa":{"cnpj":"08939548000103","razaoSocial":"INFAN INDUSTRIA QUIMICA FARMACEUTICA NACIONAL S/A","numeroAutorizacao":"1015570","cnpjFormatado":"08.939.548/0001-03"},"processo":{"numero":"253510114780080","situacao":29,"numeroProcessoFormatado":"25351.011478/00-80"}},{"ordem":47,"produto":{"codigo":70694,"nome":"PROSTOKOS","numeroRegistro":"115570044","tipo":{"codigo":1,"descricao":null},"categoria":null,"situacaoRotulo":null,"dataVencimento":null,"mesAnoVencimento":"062026","dataVencimentoRegistro":"2026-06-01T00:00:00.000-0300","principioAtivo":"MISOPROSTOL","situacaoApresentacao":"Válido","dataRegistro":"2001-10-09T00:00:00.000-0300","categoriaRegulatoria":{"codigo":6,"descricao":"Novo"},"medicamentoReferencia":null,"categoriaProduto":null,"tipoAutorizacao":"REGISTRADO","numeroRegistroFormatado":"115570044","mesAnoVencimentoFormatado":"06/2026","acancelar":false},"empresa":{"cnpj":"08939548000103","razaoSocial":"INFAN INDUSTRIA QUIMICA FARMACEUTICA NACIONAL S/A","numeroAutorizacao":"1015570","cnpjFormatado":"08.939.548/0001-03"},"processo":{"numero":"250000139349919","situacao":29,"numeroProcessoFormatado":"25000.013934/99-19"}},{"ordem":48,"produto":{"codigo":69927,"nome":"RECALFE","numeroRegistro":"115570035","tipo":{"codigo":1,"descricao":null},"categoria":null,"situacaoRotulo":null,"dataVencimento":null,"mesAnoVencimento":"112004","dataVencimentoRegistro":"2004-11-01T00:00:00.000-0300","principioAtivo":null,"situacaoApresentacao":"Caduco/Cancelado","dataRegistro":"1999-11-22T00:00:00.000-0200","categoriaRegulatoria":{"codigo":8,"descricao":"Similar"},"medicamentoReferencia":null,"categoriaProduto":null,"tipoAutorizacao":"REGISTRADO","numeroRegistroFormatado":"115570035","mesAnoVencimentoFormatado":"11/2004","acancelar":false},"empresa":{"cnpj":"08939548000103","razaoSocial":"INFAN INDUSTRIA QUIMICA FARMACEUTICA NACIONAL S/A","numeroAutorizacao":"1015570","cnpjFormatado":"08.939.548/0001-03"},"processo":{"numero":"250000163739918","situacao":29,"numeroProcessoFormatado":"25000.016373/99-18"}},{"ordem":49,"produto":{"codigo":723262,"nome":"SANPROST","numeroRegistro":"115570066","tipo":{"codigo":1,"descricao":null},"categoria":null,"situacaoRotulo":null,"dataVencimento":null,"mesAnoVencimento":"112025","dataVencimentoRegistro":"2025-11-01T00:00:00.000-0300","principioAtivo":"SERENOA REPENS (W. BARTRAM) SMALL","situacaoApresentacao":"Válido","dataRegistro":"2010-11-08T00:00:00.000-0300","categoriaRegulatoria":{"codigo":4,"descricao":"Fitoterápico"},"medicamentoReferencia":null,"categoriaProduto":null,"tipoAutorizacao":"REGISTRADO","numeroRegistroFormatado":"115570066","mesAnoVencimentoFormatado":"11/2025","acancelar":false},"empresa":{"cnpj":"08939548000103","razaoSocial":"INFAN INDUSTRIA QUIMICA FARMACEUTICA NACIONAL S/A","numeroAutorizacao":"1015570","cnpjFormatado":"08.939.548/0001-03"},"processo":{"numero":"25351354473201057","situacao":29,"numeroProcessoFormatado":"25351.354473/2010-57"}},{"ordem":50,"produto":{"codigo":137892,"nome":"SUPLAN","numeroRegistro":"115570056","tipo":{"codigo":1,"descricao":null},"categoria":null,"situacaoRotulo":null,"dataVencimento":null,"mesAnoVencimento":"052018","dataVencimentoRegistro":"2018-05-01T00:00:00.000-0300","principioAtivo":null,"situacaoApresentacao":"Caduco/Cancelado","dataRegistro":"2002-12-24T00:00:00.000-0300","categoriaRegulatoria":{"codigo":8,"descricao":"Similar"},"medicamentoReferencia":null,"categoriaProduto":null,"tipoAutorizacao":"REGISTRADO","numeroRegistroFormatado":"115570056","mesAnoVencimentoFormatado":"05/2018","acancelar":false},"empresa":{"cnpj":"08939548000103","razaoSocial":"INFAN INDUSTRIA QUIMICA FARMACEUTICA NACIONAL S/A","numeroAutorizacao":"1015570","cnpjFormatado":"08.939.548/0001-03"},"processo":{"numero":"25351161348200293","situacao":31,"numeroProcessoFormatado":"25351.161348/2002-93"}},{"ordem":51,"produto":{"codigo":70836,"nome":"SUPLAN-GEST","numeroRegistro":"115570022","tipo":{"codigo":1,"descricao":null},"categoria":null,"situacaoRotulo":null,"dataVencimento":null,"mesAnoVencimento":"032019","dataVencimentoRegistro":"2019-03-01T00:00:00.000-0300","principioAtivo":null,"situacaoApresentacao":"Caduco/Cancelado","dataRegistro":"1999-03-12T00:00:00.000-0300","categoriaRegulatoria":{"codigo":8,"descricao":"Similar"},"medicamentoReferencia":null,"categoriaProduto":null,"tipoAutorizacao":"REGISTRADO","numeroRegistroFormatado":"115570022","mesAnoVencimentoFormatado":"03/2019","acancelar":false},"empresa":{"cnpj":"08939548000103","razaoSocial":"INFAN INDUSTRIA QUIMICA FARMACEUTICA NACIONAL S/A","numeroAutorizacao":"1015570","cnpjFormatado":"08.939.548/0001-03"},"processo":{"numero":"250000125989554","situacao":29,"numeroProcessoFormatado":"25000.012598/95-54"}},{"ordem":52,"produto":{"codigo":854475,"nome":"ZICLAGUE","numeroRegistro":"115570069","tipo":{"codigo":1,"descricao":null},"categoria":null,"situacaoRotulo":null,"dataVencimento":null,"mesAnoVencimento":"052029","dataVencimentoRegistro":"2029-05-01T00:00:00.000-0300","principioAtivo":"Alpinia zerumbet (Pers.) B.L. Burtt & R.M. Sm.","situacaoApresentacao":"Válido","dataRegistro":"2014-05-05T00:00:00.000-0300","categoriaRegulatoria":{"codigo":4,"descricao":"Fitoterápico"},"medicamentoReferencia":null,"categoriaProduto":null,"tipoAutorizacao":"REGISTRADO","numeroRegistroFormatado":"115570069","mesAnoVencimentoFormatado":"05/2029","acancelar":false},"empresa":{"cnpj":"08939548000103","razaoSocial":"INFAN INDUSTRIA QUIMICA FARMACEUTICA NACIONAL S/A","numeroAutorizacao":"1015570","cnpjFormatado":"08.939.548/0001-03"},"processo":{"numero":"25351207153201285","situacao":29,"numeroProcessoFormatado":"25351.207153/2012-85"}}],"totalElements":52,"totalPages":1,"last":true,"numberOfElements":52,"first":true,"sort":null,"size":1000,"number":0}