{"content":[{"ordem":1,"produto":{"codigo":1887689,"nome":"ACTONEL","numeroRegistro":"174650009","tipo":{"codigo":1,"descricao":null},"categoria":null,"situacaoRotulo":null,"dataVencimento":null,"mesAnoVencimento":"022025","dataVencimentoRegistro":"2025-02-01T00:00:00.000-0300","principioAtivo":"RISEDRONATO SÓDICO","situacaoApresentacao":"Válido","dataRegistro":"2021-02-08T00:00:00.000-0300","categoriaRegulatoria":{"codigo":6,"descricao":"Novo"},"medicamentoReferencia":null,"categoriaProduto":null,"tipoAutorizacao":"REGISTRADO","mesAnoVencimentoFormatado":"02/2025","numeroRegistroFormatado":"174650009","acancelar":false},"empresa":{"cnpj":"09058502000148","razaoSocial":"FARMA VISION IMPORTAÇÃO E EXPORTAÇÃO DE MEDICAMENTOS LTDA","numeroAutorizacao":"1074651","cnpjFormatado":"09.058.502/0001-48"},"processo":{"numero":"25351591197202086","situacao":29,"numeroProcessoFormatado":"25351.591197/2020-86"}},{"ordem":2,"produto":{"codigo":3694806,"nome":"CLARITROMICINA","numeroRegistro":"174650016","tipo":{"codigo":1,"descricao":null},"categoria":null,"situacaoRotulo":null,"dataVencimento":"2034-04-01T00:00:00.000-0300","mesAnoVencimento":"042034","dataVencimentoRegistro":"2034-04-01T00:00:00.000-0300","principioAtivo":"CLARITROMICINA","situacaoApresentacao":"Válido","dataRegistro":"2024-04-01T00:00:00.000-0300","categoriaRegulatoria":{"codigo":5,"descricao":"Genérico"},"medicamentoReferencia":"KLARICID","categoriaProduto":null,"tipoAutorizacao":"REGISTRADO","mesAnoVencimentoFormatado":"04/2034","numeroRegistroFormatado":"174650016","acancelar":false},"empresa":{"cnpj":"09058502000148","razaoSocial":"FARMA VISION IMPORTAÇÃO E EXPORTAÇÃO DE MEDICAMENTOS LTDA","numeroAutorizacao":"1074651","cnpjFormatado":"09.058.502/0001-48"},"processo":{"numero":"25351016452202430","situacao":29,"numeroProcessoFormatado":"25351.016452/2024-30"}},{"ordem":3,"produto":{"codigo":3631108,"nome":"CLORETO DE SÓDIO 0,9%","numeroRegistro":"174650015","tipo":{"codigo":1,"descricao":null},"categoria":null,"situacaoRotulo":null,"dataVencimento":"2033-11-20T00:00:00.000-0300","mesAnoVencimento":"112033","dataVencimentoRegistro":"2033-11-01T00:00:00.000-0300","principioAtivo":"CLORETO DE SÓDIO","situacaoApresentacao":"Válido","dataRegistro":"2023-11-20T00:00:00.000-0300","categoriaRegulatoria":{"codigo":3,"descricao":"Específico"},"medicamentoReferencia":null,"categoriaProduto":null,"tipoAutorizacao":"REGISTRADO","mesAnoVencimentoFormatado":"11/2033","numeroRegistroFormatado":"174650015","acancelar":false},"empresa":{"cnpj":"09058502000148","razaoSocial":"FARMA VISION IMPORTAÇÃO E EXPORTAÇÃO DE MEDICAMENTOS LTDA","numeroAutorizacao":"1074651","cnpjFormatado":"09.058.502/0001-48"},"processo":{"numero":"25351441695202321","situacao":29,"numeroProcessoFormatado":"25351.441695/2023-21"}},{"ordem":4,"produto":{"codigo":1881481,"nome":"COLPOTROFINE","numeroRegistro":"174650007","tipo":{"codigo":1,"descricao":null},"categoria":null,"situacaoRotulo":null,"dataVencimento":null,"mesAnoVencimento":"122026","dataVencimentoRegistro":"2026-12-01T00:00:00.000-0300","principioAtivo":"PROMESTRIENO","situacaoApresentacao":"Válido","dataRegistro":"2021-02-01T00:00:00.000-0300","categoriaRegulatoria":{"codigo":6,"descricao":"Novo"},"medicamentoReferencia":null,"categoriaProduto":null,"tipoAutorizacao":"REGISTRADO","mesAnoVencimentoFormatado":"12/2026","numeroRegistroFormatado":"174650007","acancelar":false},"empresa":{"cnpj":"09058502000148","razaoSocial":"FARMA VISION IMPORTAÇÃO E EXPORTAÇÃO DE MEDICAMENTOS LTDA","numeroAutorizacao":"1074651","cnpjFormatado":"09.058.502/0001-48"},"processo":{"numero":"25351456717202013","situacao":29,"numeroProcessoFormatado":"25351.456717/2020-13"}},{"ordem":5,"produto":{"codigo":1760962,"nome":"ESTREVA","numeroRegistro":"174650006","tipo":{"codigo":1,"descricao":null},"categoria":null,"situacaoRotulo":null,"dataVencimento":null,"mesAnoVencimento":"092026","dataVencimentoRegistro":"2026-09-01T00:00:00.000-0300","principioAtivo":"ESTRADIOL HEMI-hiDRATADO","situacaoApresentacao":"Válido","dataRegistro":"2020-12-21T00:00:00.000-0300","categoriaRegulatoria":{"codigo":6,"descricao":"Novo"},"medicamentoReferencia":null,"categoriaProduto":null,"tipoAutorizacao":"REGISTRADO","mesAnoVencimentoFormatado":"09/2026","numeroRegistroFormatado":"174650006","acancelar":false},"empresa":{"cnpj":"09058502000148","razaoSocial":"FARMA VISION IMPORTAÇÃO E EXPORTAÇÃO DE MEDICAMENTOS LTDA","numeroAutorizacao":"1074651","cnpjFormatado":"09.058.502/0001-48"},"processo":{"numero":"25351010524202010","situacao":29,"numeroProcessoFormatado":"25351.010524/2020-10"}},{"ordem":6,"produto":{"codigo":1758789,"nome":"LUTENIL","numeroRegistro":"174650005","tipo":{"codigo":1,"descricao":null},"categoria":null,"situacaoRotulo":null,"dataVencimento":null,"mesAnoVencimento":"062027","dataVencimentoRegistro":"2027-06-01T00:00:00.000-0300","principioAtivo":null,"situacaoApresentacao":"Caduco/Cancelado","dataRegistro":"2020-12-21T00:00:00.000-0300","categoriaRegulatoria":{"codigo":6,"descricao":"Novo"},"medicamentoReferencia":null,"categoriaProduto":null,"tipoAutorizacao":"REGISTRADO","mesAnoVencimentoFormatado":"06/2027","numeroRegistroFormatado":"174650005","acancelar":false},"empresa":{"cnpj":"09058502000148","razaoSocial":"FARMA VISION IMPORTAÇÃO E EXPORTAÇÃO DE MEDICAMENTOS LTDA","numeroAutorizacao":"1074651","cnpjFormatado":"09.058.502/0001-48"},"processo":{"numero":"25351985837202015","situacao":29,"numeroProcessoFormatado":"25351.985837/2020-15"}},{"ordem":7,"produto":{"codigo":1882055,"nome":"STEZZA","numeroRegistro":"174650008","tipo":{"codigo":1,"descricao":null},"categoria":null,"situacaoRotulo":null,"dataVencimento":null,"mesAnoVencimento":"032029","dataVencimentoRegistro":"2029-03-01T00:00:00.000-0300","principioAtivo":"ACETATO DE NOMEGESTROL, ESTRADIOL HEMI-hiDRATADO","situacaoApresentacao":"Válido","dataRegistro":"2021-02-01T00:00:00.000-0300","categoriaRegulatoria":{"codigo":6,"descricao":"Novo"},"medicamentoReferencia":null,"categoriaProduto":null,"tipoAutorizacao":"REGISTRADO","mesAnoVencimentoFormatado":"03/2029","numeroRegistroFormatado":"174650008","acancelar":false},"empresa":{"cnpj":"09058502000148","razaoSocial":"FARMA VISION IMPORTAÇÃO E EXPORTAÇÃO DE MEDICAMENTOS LTDA","numeroAutorizacao":"1074651","cnpjFormatado":"09.058.502/0001-48"},"processo":{"numero":"25351568141202028","situacao":29,"numeroProcessoFormatado":"25351.568141/2020-28"}},{"ordem":8,"produto":{"codigo":1613596,"nome":"SYSTEN","numeroRegistro":"174650002","tipo":{"codigo":1,"descricao":null},"categoria":null,"situacaoRotulo":null,"dataVencimento":null,"mesAnoVencimento":"062029","dataVencimentoRegistro":"2029-06-01T00:00:00.000-0300","principioAtivo":"ESTRADIOL, ESTRADIOL HEMI-hiDRATADO","situacaoApresentacao":"Válido","dataRegistro":"2020-11-09T00:00:00.000-0300","categoriaRegulatoria":{"codigo":6,"descricao":"Novo"},"medicamentoReferencia":null,"categoriaProduto":null,"tipoAutorizacao":"REGISTRADO","mesAnoVencimentoFormatado":"06/2029","numeroRegistroFormatado":"174650002","acancelar":false},"empresa":{"cnpj":"09058502000148","razaoSocial":"FARMA VISION IMPORTAÇÃO E EXPORTAÇÃO DE MEDICAMENTOS LTDA","numeroAutorizacao":"1074651","cnpjFormatado":"09.058.502/0001-48"},"processo":{"numero":"25351811179202026","situacao":29,"numeroProcessoFormatado":"25351.811179/2020-26"}},{"ordem":9,"produto":{"codigo":1616032,"nome":"SYSTEN CONTI","numeroRegistro":"174650003","tipo":{"codigo":1,"descricao":null},"categoria":null,"situacaoRotulo":null,"dataVencimento":null,"mesAnoVencimento":"032028","dataVencimentoRegistro":"2028-03-01T00:00:00.000-0300","principioAtivo":"ESTRADIOL HEMI-hiDRATADO, ACETATO DE NORETISTERONA","situacaoApresentacao":"Válido","dataRegistro":"2020-11-09T00:00:00.000-0300","categoriaRegulatoria":{"codigo":8,"descricao":"Similar"},"medicamentoReferencia":null,"categoriaProduto":null,"tipoAutorizacao":"REGISTRADO","mesAnoVencimentoFormatado":"03/2028","numeroRegistroFormatado":"174650003","acancelar":false},"empresa":{"cnpj":"09058502000148","razaoSocial":"FARMA VISION IMPORTAÇÃO E EXPORTAÇÃO DE MEDICAMENTOS LTDA","numeroAutorizacao":"1074651","cnpjFormatado":"09.058.502/0001-48"},"processo":{"numero":"25351811181202003","situacao":29,"numeroProcessoFormatado":"25351.811181/2020-03"}},{"ordem":10,"produto":{"codigo":1616288,"nome":"SYSTEN SEQUI","numeroRegistro":"174650004","tipo":{"codigo":1,"descricao":null},"categoria":null,"situacaoRotulo":null,"dataVencimento":null,"mesAnoVencimento":"012028","dataVencimentoRegistro":"2028-01-01T00:00:00.000-0300","principioAtivo":"ESTRADIOL, ESTRADIOL HEMI-hiDRATADO, ACETATO DE NORETISTERONA","situacaoApresentacao":"Válido","dataRegistro":"2020-11-09T00:00:00.000-0300","categoriaRegulatoria":{"codigo":8,"descricao":"Similar"},"medicamentoReferencia":null,"categoriaProduto":null,"tipoAutorizacao":"REGISTRADO","mesAnoVencimentoFormatado":"01/2028","numeroRegistroFormatado":"174650004","acancelar":false},"empresa":{"cnpj":"09058502000148","razaoSocial":"FARMA VISION IMPORTAÇÃO E EXPORTAÇÃO DE MEDICAMENTOS LTDA","numeroAutorizacao":"1074651","cnpjFormatado":"09.058.502/0001-48"},"processo":{"numero":"25351811183202094","situacao":29,"numeroProcessoFormatado":"25351.811183/2020-94"}},{"ordem":11,"produto":{"codigo":1327363,"nome":"cloridrato de fingolimode","numeroRegistro":"174650011","tipo":{"codigo":1,"descricao":null},"categoria":null,"situacaoRotulo":null,"dataVencimento":"2032-12-10T00:00:00.000-0300","mesAnoVencimento":"122032","dataVencimentoRegistro":"2032-12-01T00:00:00.000-0300","principioAtivo":null,"situacaoApresentacao":"Caduco/Cancelado","dataRegistro":"2022-12-19T00:00:00.000-0300","categoriaRegulatoria":{"codigo":5,"descricao":"Genérico"},"medicamentoReferencia":"GILENYA","categoriaProduto":null,"tipoAutorizacao":"REGISTRADO","mesAnoVencimentoFormatado":"12/2032","numeroRegistroFormatado":"174650011","acancelar":false},"empresa":{"cnpj":"09058502000148","razaoSocial":"FARMA VISION IMPORTAÇÃO E EXPORTAÇÃO DE MEDICAMENTOS LTDA","numeroAutorizacao":"1074651","cnpjFormatado":"09.058.502/0001-48"},"processo":{"numero":"25351307903201988","situacao":29,"numeroProcessoFormatado":"25351.307903/2019-88"}},{"ordem":12,"produto":{"codigo":1074209,"nome":"cloridrato de gencitabina","numeroRegistro":"174650001","tipo":{"codigo":1,"descricao":null},"categoria":null,"situacaoRotulo":null,"dataVencimento":null,"mesAnoVencimento":"062029","dataVencimentoRegistro":"2029-06-01T00:00:00.000-0300","principioAtivo":"CLORIDRATO DE GENCITABINA","situacaoApresentacao":"Válido","dataRegistro":"2019-06-10T00:00:00.000-0300","categoriaRegulatoria":{"codigo":5,"descricao":"Genérico"},"medicamentoReferencia":"GEMZAR","categoriaProduto":null,"tipoAutorizacao":"REGISTRADO","mesAnoVencimentoFormatado":"06/2029","numeroRegistroFormatado":"174650001","acancelar":false},"empresa":{"cnpj":"09058502000148","razaoSocial":"FARMA VISION IMPORTAÇÃO E EXPORTAÇÃO DE MEDICAMENTOS LTDA","numeroAutorizacao":"1074651","cnpjFormatado":"09.058.502/0001-48"},"processo":{"numero":"25351560803201530","situacao":29,"numeroProcessoFormatado":"25351.560803/2015-30"}},{"ordem":13,"produto":{"codigo":3586156,"nome":"lactato de milrinona","numeroRegistro":"174650017","tipo":{"codigo":1,"descricao":null},"categoria":null,"situacaoRotulo":null,"dataVencimento":"2034-05-27T00:00:00.000-0300","mesAnoVencimento":"052034","dataVencimentoRegistro":"2034-05-01T00:00:00.000-0300","principioAtivo":"MILRINONA","situacaoApresentacao":"Válido","dataRegistro":"2024-05-27T00:00:00.000-0300","categoriaRegulatoria":{"codigo":5,"descricao":"Genérico"},"medicamentoReferencia":"PRIMACOR","categoriaProduto":null,"tipoAutorizacao":"REGISTRADO","mesAnoVencimentoFormatado":"05/2034","numeroRegistroFormatado":"174650017","acancelar":false},"empresa":{"cnpj":"09058502000148","razaoSocial":"FARMA VISION IMPORTAÇÃO E EXPORTAÇÃO DE MEDICAMENTOS LTDA","numeroAutorizacao":"1074651","cnpjFormatado":"09.058.502/0001-48"},"processo":{"numero":"25351648019202204","situacao":29,"numeroProcessoFormatado":"25351.648019/2022-04"}},{"ordem":14,"produto":{"codigo":1381433,"nome":"mesilato de rasagilina","numeroRegistro":"174650010","tipo":{"codigo":1,"descricao":null},"categoria":null,"situacaoRotulo":null,"dataVencimento":null,"mesAnoVencimento":"052031","dataVencimentoRegistro":"2031-05-01T00:00:00.000-0300","principioAtivo":"mesilato de rasagilina","situacaoApresentacao":"Válido","dataRegistro":"2021-05-31T00:00:00.000-0300","categoriaRegulatoria":{"codigo":5,"descricao":"Genérico"},"medicamentoReferencia":"AZILECT®","categoriaProduto":null,"tipoAutorizacao":"REGISTRADO","mesAnoVencimentoFormatado":"05/2031","numeroRegistroFormatado":"174650010","acancelar":false},"empresa":{"cnpj":"09058502000148","razaoSocial":"FARMA VISION IMPORTAÇÃO E EXPORTAÇÃO DE MEDICAMENTOS LTDA","numeroAutorizacao":"1074651","cnpjFormatado":"09.058.502/0001-48"},"processo":{"numero":"25351007086202002","situacao":29,"numeroProcessoFormatado":"25351.007086/2020-02"}},{"ordem":15,"produto":{"codigo":2269800,"nome":"micofenolato de mofetila","numeroRegistro":"174650013","tipo":{"codigo":1,"descricao":null},"categoria":null,"situacaoRotulo":null,"dataVencimento":null,"mesAnoVencimento":"062033","dataVencimentoRegistro":"2033-06-01T00:00:00.000-0300","principioAtivo":"micofenolato de mofetila","situacaoApresentacao":"Válido","dataRegistro":"2023-06-19T00:00:00.000-0300","categoriaRegulatoria":{"codigo":5,"descricao":"Genérico"},"medicamentoReferencia":"CELLCEPT","categoriaProduto":null,"tipoAutorizacao":"REGISTRADO","mesAnoVencimentoFormatado":"06/2033","numeroRegistroFormatado":"174650013","acancelar":false},"empresa":{"cnpj":"09058502000148","razaoSocial":"FARMA VISION IMPORTAÇÃO E EXPORTAÇÃO DE MEDICAMENTOS LTDA","numeroAutorizacao":"1074651","cnpjFormatado":"09.058.502/0001-48"},"processo":{"numero":"25351284948202191","situacao":29,"numeroProcessoFormatado":"25351.284948/2021-91"}},{"ordem":16,"produto":{"codigo":3594861,"nome":"voriconazol","numeroRegistro":"174650012","tipo":{"codigo":1,"descricao":null},"categoria":null,"situacaoRotulo":null,"dataVencimento":null,"mesAnoVencimento":"042032","dataVencimentoRegistro":"2032-04-01T00:00:00.000-0300","principioAtivo":"VORICONAZOL","situacaoApresentacao":"Válido","dataRegistro":"2023-02-27T00:00:00.000-0300","categoriaRegulatoria":{"codigo":5,"descricao":"Genérico"},"medicamentoReferencia":"VFEND","categoriaProduto":null,"tipoAutorizacao":"REGISTRADO","mesAnoVencimentoFormatado":"04/2032","numeroRegistroFormatado":"174650012","acancelar":false},"empresa":{"cnpj":"09058502000148","razaoSocial":"FARMA VISION IMPORTAÇÃO E EXPORTAÇÃO DE MEDICAMENTOS LTDA","numeroAutorizacao":"1074651","cnpjFormatado":"09.058.502/0001-48"},"processo":{"numero":"25351093524202381","situacao":29,"numeroProcessoFormatado":"25351.093524/2023-81"}},{"ordem":17,"produto":{"codigo":3630690,"nome":"ÁGUA PARA INJETÁVEIS","numeroRegistro":"174650014","tipo":{"codigo":1,"descricao":null},"categoria":null,"situacaoRotulo":null,"dataVencimento":"2033-11-20T00:00:00.000-0300","mesAnoVencimento":"112033","dataVencimentoRegistro":"2033-11-01T00:00:00.000-0300","principioAtivo":"ÁGUA PARA INJETÁVEIS","situacaoApresentacao":"Válido","dataRegistro":"2023-11-20T00:00:00.000-0300","categoriaRegulatoria":{"codigo":3,"descricao":"Específico"},"medicamentoReferencia":null,"categoriaProduto":null,"tipoAutorizacao":"REGISTRADO","mesAnoVencimentoFormatado":"11/2033","numeroRegistroFormatado":"174650014","acancelar":false},"empresa":{"cnpj":"09058502000148","razaoSocial":"FARMA VISION IMPORTAÇÃO E EXPORTAÇÃO DE MEDICAMENTOS LTDA","numeroAutorizacao":"1074651","cnpjFormatado":"09.058.502/0001-48"},"processo":{"numero":"25351441694202387","situacao":29,"numeroProcessoFormatado":"25351.441694/2023-87"}}],"totalPages":1,"totalElements":17,"last":true,"numberOfElements":17,"first":true,"sort":null,"size":1000,"number":0}