{"content":[{"ordem":1,"produto":{"codigo":750075,"nome":"IOMERON","numeroRegistro":"180370003","tipo":{"codigo":1,"descricao":null},"categoria":null,"situacaoRotulo":null,"dataVencimento":"2026-05-20T00:00:00.000-0300","mesAnoVencimento":"072026","dataVencimentoRegistro":"2026-07-01T00:00:00.000-0300","principioAtivo":"IOMEPROL","situacaoApresentacao":"Válido","dataRegistro":"2011-07-04T00:00:00.000-0300","categoriaRegulatoria":{"codigo":6,"descricao":"Novo"},"medicamentoReferencia":null,"categoriaProduto":null,"tipoAutorizacao":"REGISTRADO","mesAnoVencimentoFormatado":"07/2026","numeroRegistroFormatado":"180370003","acancelar":false},"empresa":{"cnpj":"10742412000401","razaoSocial":"Bracco Imaging do Brasil Importação e Distribuição de Medicamentos Ltda","numeroAutorizacao":"1080379","cnpjFormatado":"10.742.412/0004-01"},"processo":{"numero":"25351041561201105","situacao":29,"numeroProcessoFormatado":"25351.041561/2011-05"}},{"ordem":2,"produto":{"codigo":722292,"nome":"IOPAMIRON","numeroRegistro":"180370001","tipo":{"codigo":1,"descricao":null},"categoria":null,"situacaoRotulo":null,"dataVencimento":null,"mesAnoVencimento":"022026","dataVencimentoRegistro":"2026-02-01T00:00:00.000-0300","principioAtivo":"IOPAMIDOL","situacaoApresentacao":"Válido","dataRegistro":"2011-02-07T00:00:00.000-0300","categoriaRegulatoria":{"codigo":6,"descricao":"Novo"},"medicamentoReferencia":null,"categoriaProduto":null,"tipoAutorizacao":"REGISTRADO","mesAnoVencimentoFormatado":"02/2026","numeroRegistroFormatado":"180370001","acancelar":false},"empresa":{"cnpj":"10742412000401","razaoSocial":"Bracco Imaging do Brasil Importação e Distribuição de Medicamentos Ltda","numeroAutorizacao":"1080379","cnpjFormatado":"10.742.412/0004-01"},"processo":{"numero":"25351718635200930","situacao":29,"numeroProcessoFormatado":"25351.718635/2009-30"}},{"ordem":3,"produto":{"codigo":1168424,"nome":"Multihance","numeroRegistro":"180370008","tipo":{"codigo":1,"descricao":null},"categoria":null,"situacaoRotulo":null,"dataVencimento":"2022-05-17T00:00:00.000-0300","mesAnoVencimento":"052027","dataVencimentoRegistro":"2027-05-01T00:00:00.000-0300","principioAtivo":"gadobenato de dimeglumina","situacaoApresentacao":"Válido","dataRegistro":"2017-05-17T00:00:00.000-0300","categoriaRegulatoria":{"codigo":6,"descricao":"Novo"},"medicamentoReferencia":null,"categoriaProduto":null,"tipoAutorizacao":"REGISTRADO","mesAnoVencimentoFormatado":"05/2027","numeroRegistroFormatado":"180370008","acancelar":false},"empresa":{"cnpj":"10742412000401","razaoSocial":"Bracco Imaging do Brasil Importação e Distribuição de Medicamentos Ltda","numeroAutorizacao":"1080379","cnpjFormatado":"10.742.412/0004-01"},"processo":{"numero":"25351205827201543","situacao":29,"numeroProcessoFormatado":"25351.205827/2015-43"}},{"ordem":4,"produto":{"codigo":960568,"nome":"PIELOGRAF","numeroRegistro":"180370007","tipo":{"codigo":1,"descricao":null},"categoria":null,"situacaoRotulo":null,"dataVencimento":null,"mesAnoVencimento":"112017","dataVencimentoRegistro":"2017-11-01T00:00:00.000-0300","principioAtivo":null,"situacaoApresentacao":"Caduco/Cancelado","dataRegistro":"2014-06-10T00:00:00.000-0300","categoriaRegulatoria":{"codigo":null,"descricao":null},"medicamentoReferencia":null,"categoriaProduto":null,"tipoAutorizacao":"REGISTRADO","mesAnoVencimentoFormatado":"11/2017","numeroRegistroFormatado":"180370007","acancelar":false},"empresa":{"cnpj":"10742412000401","razaoSocial":"Bracco Imaging do Brasil Importação e Distribuição de Medicamentos Ltda","numeroAutorizacao":"1080379","cnpjFormatado":"10.742.412/0004-01"},"processo":{"numero":"25351124427201323","situacao":29,"numeroProcessoFormatado":"25351.124427/2013-23"}},{"ordem":5,"produto":{"codigo":891169,"nome":"PIELOGRAF","numeroRegistro":"180370004","tipo":{"codigo":1,"descricao":null},"categoria":null,"situacaoRotulo":null,"dataVencimento":null,"mesAnoVencimento":"082028","dataVencimentoRegistro":"2028-08-01T00:00:00.000-0300","principioAtivo":null,"situacaoApresentacao":"Caduco/Cancelado","dataRegistro":"2013-05-27T00:00:00.000-0300","categoriaRegulatoria":{"codigo":8,"descricao":"Similar"},"medicamentoReferencia":null,"categoriaProduto":null,"tipoAutorizacao":"REGISTRADO","mesAnoVencimentoFormatado":"08/2028","numeroRegistroFormatado":"180370004","acancelar":false},"empresa":{"cnpj":"10742412000401","razaoSocial":"Bracco Imaging do Brasil Importação e Distribuição de Medicamentos Ltda","numeroAutorizacao":"1080379","cnpjFormatado":"10.742.412/0004-01"},"processo":{"numero":"25351124535201308","situacao":29,"numeroProcessoFormatado":"25351.124535/2013-08"}},{"ordem":6,"produto":{"codigo":734150,"nome":"PROHANCE","numeroRegistro":"180370002","tipo":{"codigo":1,"descricao":null},"categoria":null,"situacaoRotulo":null,"dataVencimento":null,"mesAnoVencimento":"032026","dataVencimentoRegistro":"2026-03-01T00:00:00.000-0300","principioAtivo":"GADOTERIDOL","situacaoApresentacao":"Válido","dataRegistro":"2011-03-28T00:00:00.000-0300","categoriaRegulatoria":{"codigo":6,"descricao":"Novo"},"medicamentoReferencia":null,"categoriaProduto":null,"tipoAutorizacao":"REGISTRADO","mesAnoVencimentoFormatado":"03/2026","numeroRegistroFormatado":"180370002","acancelar":false},"empresa":{"cnpj":"10742412000401","razaoSocial":"Bracco Imaging do Brasil Importação e Distribuição de Medicamentos Ltda","numeroAutorizacao":"1080379","cnpjFormatado":"10.742.412/0004-01"},"processo":{"numero":"25351721046201006","situacao":29,"numeroProcessoFormatado":"25351.721046/2010-06"}},{"ordem":7,"produto":{"codigo":891170,"nome":"RELIEV","numeroRegistro":"180370005","tipo":{"codigo":1,"descricao":null},"categoria":null,"situacaoRotulo":null,"dataVencimento":null,"mesAnoVencimento":"082028","dataVencimentoRegistro":"2028-08-01T00:00:00.000-0300","principioAtivo":null,"situacaoApresentacao":"Caduco/Cancelado","dataRegistro":"2013-05-27T00:00:00.000-0300","categoriaRegulatoria":{"codigo":8,"descricao":"Similar"},"medicamentoReferencia":null,"categoriaProduto":null,"tipoAutorizacao":"REGISTRADO","mesAnoVencimentoFormatado":"08/2028","numeroRegistroFormatado":"180370005","acancelar":false},"empresa":{"cnpj":"10742412000401","razaoSocial":"Bracco Imaging do Brasil Importação e Distribuição de Medicamentos Ltda","numeroAutorizacao":"1080379","cnpjFormatado":"10.742.412/0004-01"},"processo":{"numero":"25351124562201370","situacao":29,"numeroProcessoFormatado":"25351.124562/2013-70"}},{"ordem":8,"produto":{"codigo":912132,"nome":"SONOVUE","numeroRegistro":"180370006","tipo":{"codigo":1,"descricao":null},"categoria":null,"situacaoRotulo":null,"dataVencimento":null,"mesAnoVencimento":"092028","dataVencimentoRegistro":"2028-09-01T00:00:00.000-0300","principioAtivo":"hexafluoreto de enxofre","situacaoApresentacao":"Válido","dataRegistro":"2013-09-30T00:00:00.000-0300","categoriaRegulatoria":{"codigo":6,"descricao":"Novo"},"medicamentoReferencia":null,"categoriaProduto":null,"tipoAutorizacao":"REGISTRADO","mesAnoVencimentoFormatado":"09/2028","numeroRegistroFormatado":"180370006","acancelar":false},"empresa":{"cnpj":"10742412000401","razaoSocial":"Bracco Imaging do Brasil Importação e Distribuição de Medicamentos Ltda","numeroAutorizacao":"1080379","cnpjFormatado":"10.742.412/0004-01"},"processo":{"numero":"25351630277201010","situacao":29,"numeroProcessoFormatado":"25351.630277/2010-10"}}],"totalPages":1,"totalElements":8,"last":true,"numberOfElements":8,"first":true,"sort":null,"size":1000,"number":0}