{"content":[{"ordem":1,"produto":{"codigo":1392505,"nome":"ADVANTAN","numeroRegistro":"185690010","tipo":{"codigo":1,"descricao":null},"categoria":null,"situacaoRotulo":null,"dataVencimento":null,"mesAnoVencimento":"042028","dataVencimentoRegistro":"2028-04-01T00:00:00.000-0300","principioAtivo":"ACEPONATO DE METILPREDNISOLONA","situacaoApresentacao":"Válido","dataRegistro":"2020-03-02T00:00:00.000-0300","categoriaRegulatoria":{"codigo":6,"descricao":"Novo"},"medicamentoReferencia":null,"categoriaProduto":null,"tipoAutorizacao":"REGISTRADO","numeroRegistroFormatado":"185690010","mesAnoVencimentoFormatado":"04/2028","acancelar":false},"empresa":{"cnpj":"11424477000110","razaoSocial":"LEO PHARMA LTDA","numeroAutorizacao":"1085697","cnpjFormatado":"11.424.477/0001-10"},"processo":{"numero":"25351711143201918","situacao":29,"numeroProcessoFormatado":"25351.711143/2019-18"}},{"ordem":2,"produto":{"codigo":1393872,"nome":"AZELAN","numeroRegistro":"185690012","tipo":{"codigo":1,"descricao":null},"categoria":null,"situacaoRotulo":null,"dataVencimento":null,"mesAnoVencimento":"082027","dataVencimentoRegistro":"2027-08-01T00:00:00.000-0300","principioAtivo":"ácido azelaico","situacaoApresentacao":"Válido","dataRegistro":"2020-03-09T00:00:00.000-0300","categoriaRegulatoria":{"codigo":6,"descricao":"Novo"},"medicamentoReferencia":null,"categoriaProduto":null,"tipoAutorizacao":"REGISTRADO","numeroRegistroFormatado":"185690012","mesAnoVencimentoFormatado":"08/2027","acancelar":false},"empresa":{"cnpj":"11424477000110","razaoSocial":"LEO PHARMA LTDA","numeroAutorizacao":"1085697","cnpjFormatado":"11.424.477/0001-10"},"processo":{"numero":"25351711131201985","situacao":29,"numeroProcessoFormatado":"25351.711131/2019-85"}},{"ordem":3,"produto":{"codigo":1393849,"nome":"BERLISON","numeroRegistro":"185690011","tipo":{"codigo":1,"descricao":null},"categoria":null,"situacaoRotulo":null,"dataVencimento":null,"mesAnoVencimento":"082029","dataVencimentoRegistro":"2029-08-01T00:00:00.000-0300","principioAtivo":null,"situacaoApresentacao":"Caduco/Cancelado","dataRegistro":"2020-03-09T00:00:00.000-0300","categoriaRegulatoria":{"codigo":6,"descricao":"Novo"},"medicamentoReferencia":null,"categoriaProduto":null,"tipoAutorizacao":"REGISTRADO","numeroRegistroFormatado":"185690011","mesAnoVencimentoFormatado":"08/2029","acancelar":false},"empresa":{"cnpj":"11424477000110","razaoSocial":"LEO PHARMA LTDA","numeroAutorizacao":"1085697","cnpjFormatado":"11.424.477/0001-10"},"processo":{"numero":"25351711151201956","situacao":29,"numeroProcessoFormatado":"25351.711151/2019-56"}},{"ordem":4,"produto":{"codigo":1393887,"nome":"BI-NERISONA","numeroRegistro":"185690013","tipo":{"codigo":1,"descricao":null},"categoria":null,"situacaoRotulo":null,"dataVencimento":null,"mesAnoVencimento":"022028","dataVencimentoRegistro":"2028-02-01T00:00:00.000-0300","principioAtivo":null,"situacaoApresentacao":"Caduco/Cancelado","dataRegistro":"2020-03-09T00:00:00.000-0300","categoriaRegulatoria":{"codigo":6,"descricao":"Novo"},"medicamentoReferencia":null,"categoriaProduto":null,"tipoAutorizacao":"REGISTRADO","numeroRegistroFormatado":"185690013","mesAnoVencimentoFormatado":"02/2028","acancelar":false},"empresa":{"cnpj":"11424477000110","razaoSocial":"LEO PHARMA LTDA","numeroAutorizacao":"1085697","cnpjFormatado":"11.424.477/0001-10"},"processo":{"numero":"25351711132201920","situacao":29,"numeroProcessoFormatado":"25351.711132/2019-20"}},{"ordem":5,"produto":{"codigo":766657,"nome":"DAIVOBET","numeroRegistro":"185690004","tipo":{"codigo":1,"descricao":null},"categoria":null,"situacaoRotulo":null,"dataVencimento":null,"mesAnoVencimento":"052027","dataVencimentoRegistro":"2027-05-01T00:00:00.000-0300","principioAtivo":"calcipotriol monoidratado, DIPROPIONATO DE BETAMETASONA","situacaoApresentacao":"Válido","dataRegistro":"2012-05-21T00:00:00.000-0300","categoriaRegulatoria":{"codigo":6,"descricao":"Novo"},"medicamentoReferencia":null,"categoriaProduto":null,"tipoAutorizacao":"REGISTRADO","numeroRegistroFormatado":"185690004","mesAnoVencimentoFormatado":"05/2027","acancelar":false},"empresa":{"cnpj":"11424477000110","razaoSocial":"LEO PHARMA LTDA","numeroAutorizacao":"1085697","cnpjFormatado":"11.424.477/0001-10"},"processo":{"numero":"25351150283201153","situacao":29,"numeroProcessoFormatado":"25351.150283/2011-53"}},{"ordem":6,"produto":{"codigo":758701,"nome":"DAIVONEX","numeroRegistro":"185690003","tipo":{"codigo":1,"descricao":null},"categoria":null,"situacaoRotulo":null,"dataVencimento":null,"mesAnoVencimento":"102026","dataVencimentoRegistro":"2026-10-01T00:00:00.000-0300","principioAtivo":"CALCIPOTRIOL","situacaoApresentacao":"Válido","dataRegistro":"2011-10-31T00:00:00.000-0300","categoriaRegulatoria":{"codigo":6,"descricao":"Novo"},"medicamentoReferencia":null,"categoriaProduto":null,"tipoAutorizacao":"REGISTRADO","numeroRegistroFormatado":"185690003","mesAnoVencimentoFormatado":"10/2026","acancelar":false},"empresa":{"cnpj":"11424477000110","razaoSocial":"LEO PHARMA LTDA","numeroAutorizacao":"1085697","cnpjFormatado":"11.424.477/0001-10"},"processo":{"numero":"25351142798201168","situacao":29,"numeroProcessoFormatado":"25351.142798/2011-68"}},{"ordem":7,"produto":{"codigo":1409455,"nome":"FUCIDIN","numeroRegistro":"185690016","tipo":{"codigo":1,"descricao":null},"categoria":null,"situacaoRotulo":null,"dataVencimento":"2032-05-16T00:00:00.000-0300","mesAnoVencimento":"022033","dataVencimentoRegistro":"2033-02-01T00:00:00.000-0300","principioAtivo":"FUSIDATO DE SÓDIO","situacaoApresentacao":"Válido","dataRegistro":"2023-02-22T00:00:00.000-0300","categoriaRegulatoria":{"codigo":6,"descricao":"Novo"},"medicamentoReferencia":null,"categoriaProduto":null,"tipoAutorizacao":"REGISTRADO","numeroRegistroFormatado":"185690016","mesAnoVencimentoFormatado":"02/2033","acancelar":false},"empresa":{"cnpj":"11424477000110","razaoSocial":"LEO PHARMA LTDA","numeroAutorizacao":"1085697","cnpjFormatado":"11.424.477/0001-10"},"processo":{"numero":"25351381214202079","situacao":29,"numeroProcessoFormatado":"25351.381214/2020-79"}},{"ordem":8,"produto":{"codigo":1392504,"nome":"ICACORT","numeroRegistro":"185690009","tipo":{"codigo":1,"descricao":null},"categoria":null,"situacaoRotulo":null,"dataVencimento":"2029-11-26T00:00:00.000-0300","mesAnoVencimento":"112029","dataVencimentoRegistro":"2029-11-01T00:00:00.000-0300","principioAtivo":"VALERATO DE DIFLUCORTOLONA, NITRATO DE ISOCONAZOL","situacaoApresentacao":"Válido","dataRegistro":"2020-03-02T00:00:00.000-0300","categoriaRegulatoria":{"codigo":6,"descricao":"Novo"},"medicamentoReferencia":null,"categoriaProduto":null,"tipoAutorizacao":"REGISTRADO","numeroRegistroFormatado":"185690009","mesAnoVencimentoFormatado":"11/2029","acancelar":false},"empresa":{"cnpj":"11424477000110","razaoSocial":"LEO PHARMA LTDA","numeroAutorizacao":"1085697","cnpjFormatado":"11.424.477/0001-10"},"processo":{"numero":"25351711099201938","situacao":29,"numeroProcessoFormatado":"25351.711099/2019-38"}},{"ordem":9,"produto":{"codigo":1392503,"nome":"ICADEN","numeroRegistro":"185690008","tipo":{"codigo":1,"descricao":null},"categoria":null,"situacaoRotulo":null,"dataVencimento":"2025-09-04T00:00:00.000-0300","mesAnoVencimento":"092025","dataVencimentoRegistro":"2025-09-01T00:00:00.000-0300","principioAtivo":"ISOCONAZOL, NITRATO DE ISOCONAZOL","situacaoApresentacao":"Válido","dataRegistro":"2020-03-02T00:00:00.000-0300","categoriaRegulatoria":{"codigo":6,"descricao":"Novo"},"medicamentoReferencia":null,"categoriaProduto":null,"tipoAutorizacao":"REGISTRADO","numeroRegistroFormatado":"185690008","mesAnoVencimentoFormatado":"09/2025","acancelar":false},"empresa":{"cnpj":"11424477000110","razaoSocial":"LEO PHARMA LTDA","numeroAutorizacao":"1085697","cnpjFormatado":"11.424.477/0001-10"},"processo":{"numero":"25351711104201911","situacao":29,"numeroProcessoFormatado":"25351.711104/2019-11"}},{"ordem":10,"produto":{"codigo":2010036,"nome":"KYNTHEUM","numeroRegistro":"185690015","tipo":{"codigo":1,"descricao":null},"categoria":null,"situacaoRotulo":null,"dataVencimento":"2032-07-18T00:00:00.000-0300","mesAnoVencimento":"072032","dataVencimentoRegistro":"2032-07-01T00:00:00.000-0300","principioAtivo":"BRODALUMABE","situacaoApresentacao":"Válido","dataRegistro":"2022-07-18T00:00:00.000-0300","categoriaRegulatoria":{"codigo":1,"descricao":"Biológico"},"medicamentoReferencia":null,"categoriaProduto":null,"tipoAutorizacao":"REGISTRADO","numeroRegistroFormatado":"185690015","mesAnoVencimentoFormatado":"07/2032","acancelar":false},"empresa":{"cnpj":"11424477000110","razaoSocial":"LEO PHARMA LTDA","numeroAutorizacao":"1085697","cnpjFormatado":"11.424.477/0001-10"},"processo":{"numero":"25351714775202069","situacao":29,"numeroProcessoFormatado":"25351.714775/2020-69"}},{"ordem":11,"produto":{"codigo":815450,"nome":"PICATO","numeroRegistro":"185690005","tipo":{"codigo":1,"descricao":null},"categoria":null,"situacaoRotulo":null,"dataVencimento":null,"mesAnoVencimento":"072022","dataVencimentoRegistro":"2022-07-01T00:00:00.000-0300","principioAtivo":null,"situacaoApresentacao":"Caduco/Cancelado","dataRegistro":"2012-07-16T00:00:00.000-0300","categoriaRegulatoria":{"codigo":6,"descricao":"Novo"},"medicamentoReferencia":null,"categoriaProduto":null,"tipoAutorizacao":"REGISTRADO","numeroRegistroFormatado":"185690005","mesAnoVencimentoFormatado":"07/2022","acancelar":false},"empresa":{"cnpj":"11424477000110","razaoSocial":"LEO PHARMA LTDA","numeroAutorizacao":"1085697","cnpjFormatado":"11.424.477/0001-10"},"processo":{"numero":"25351702200201162","situacao":29,"numeroProcessoFormatado":"25351.702200/2011-62"}},{"ordem":12,"produto":{"codigo":1188962,"nome":"PROTOPIC","numeroRegistro":"185690007","tipo":{"codigo":1,"descricao":null},"categoria":null,"situacaoRotulo":null,"dataVencimento":null,"mesAnoVencimento":"062026","dataVencimentoRegistro":"2026-06-01T00:00:00.000-0300","principioAtivo":"TACROLIMO","situacaoApresentacao":"Válido","dataRegistro":"2017-08-28T00:00:00.000-0300","categoriaRegulatoria":{"codigo":6,"descricao":"Novo"},"medicamentoReferencia":null,"categoriaProduto":null,"tipoAutorizacao":"REGISTRADO","numeroRegistroFormatado":"185690007","mesAnoVencimentoFormatado":"06/2026","acancelar":false},"empresa":{"cnpj":"11424477000110","razaoSocial":"LEO PHARMA LTDA","numeroAutorizacao":"1085697","cnpjFormatado":"11.424.477/0001-10"},"processo":{"numero":"25351151320201706","situacao":29,"numeroProcessoFormatado":"25351.151320/2017-06"}},{"ordem":13,"produto":{"codigo":1394151,"nome":"ULTRAPROCT LDO","numeroRegistro":"185690014","tipo":{"codigo":1,"descricao":null},"categoria":null,"situacaoRotulo":null,"dataVencimento":null,"mesAnoVencimento":"022025","dataVencimentoRegistro":"2025-02-01T00:00:00.000-0300","principioAtivo":null,"situacaoApresentacao":"Caduco/Cancelado","dataRegistro":"2020-03-09T00:00:00.000-0300","categoriaRegulatoria":{"codigo":6,"descricao":"Novo"},"medicamentoReferencia":null,"categoriaProduto":null,"tipoAutorizacao":"REGISTRADO","numeroRegistroFormatado":"185690014","mesAnoVencimentoFormatado":"02/2025","acancelar":false},"empresa":{"cnpj":"11424477000110","razaoSocial":"LEO PHARMA LTDA","numeroAutorizacao":"1085697","cnpjFormatado":"11.424.477/0001-10"},"processo":{"numero":"25351711137201952","situacao":29,"numeroProcessoFormatado":"25351.711137/2019-52"}},{"ordem":14,"produto":{"codigo":759111,"nome":"VERUTEX","numeroRegistro":"185690002","tipo":{"codigo":1,"descricao":null},"categoria":null,"situacaoRotulo":null,"dataVencimento":"2026-09-18T00:00:00.000-0300","mesAnoVencimento":"092026","dataVencimentoRegistro":"2026-09-01T00:00:00.000-0300","principioAtivo":"ÁCIDO FUSÍDICO","situacaoApresentacao":"Válido","dataRegistro":"2011-09-12T00:00:00.000-0300","categoriaRegulatoria":{"codigo":6,"descricao":"Novo"},"medicamentoReferencia":null,"categoriaProduto":null,"tipoAutorizacao":"REGISTRADO","numeroRegistroFormatado":"185690002","mesAnoVencimentoFormatado":"09/2026","acancelar":false},"empresa":{"cnpj":"11424477000110","razaoSocial":"LEO PHARMA LTDA","numeroAutorizacao":"1085697","cnpjFormatado":"11.424.477/0001-10"},"processo":{"numero":"25351125830201161","situacao":29,"numeroProcessoFormatado":"25351.125830/2011-61"}},{"ordem":15,"produto":{"codigo":757118,"nome":"VERUTEX B","numeroRegistro":"185690001","tipo":{"codigo":1,"descricao":null},"categoria":null,"situacaoRotulo":null,"dataVencimento":null,"mesAnoVencimento":"052026","dataVencimentoRegistro":"2026-05-01T00:00:00.000-0300","principioAtivo":"ÁCIDO FUSÍDICO, VALERATO DE BETAMETASONA","situacaoApresentacao":"Válido","dataRegistro":"2011-05-23T00:00:00.000-0300","categoriaRegulatoria":{"codigo":6,"descricao":"Novo"},"medicamentoReferencia":null,"categoriaProduto":null,"tipoAutorizacao":"REGISTRADO","numeroRegistroFormatado":"185690001","mesAnoVencimentoFormatado":"05/2026","acancelar":false},"empresa":{"cnpj":"11424477000110","razaoSocial":"LEO PHARMA LTDA","numeroAutorizacao":"1085697","cnpjFormatado":"11.424.477/0001-10"},"processo":{"numero":"25351099928201122","situacao":29,"numeroProcessoFormatado":"25351.099928/2011-22"}},{"ordem":16,"produto":{"codigo":895603,"nome":"Verutex H","numeroRegistro":"185690006","tipo":{"codigo":1,"descricao":null},"categoria":null,"situacaoRotulo":null,"dataVencimento":null,"mesAnoVencimento":"122023","dataVencimentoRegistro":"2023-12-01T00:00:00.000-0300","principioAtivo":null,"situacaoApresentacao":"Caduco/Cancelado","dataRegistro":"2013-12-02T00:00:00.000-0300","categoriaRegulatoria":{"codigo":6,"descricao":"Novo"},"medicamentoReferencia":null,"categoriaProduto":null,"tipoAutorizacao":"REGISTRADO","numeroRegistroFormatado":"185690006","mesAnoVencimentoFormatado":"12/2023","acancelar":false},"empresa":{"cnpj":"11424477000110","razaoSocial":"LEO PHARMA LTDA","numeroAutorizacao":"1085697","cnpjFormatado":"11.424.477/0001-10"},"processo":{"numero":"25351323982201241","situacao":29,"numeroProcessoFormatado":"25351.323982/2012-41"}}],"totalPages":1,"totalElements":16,"last":true,"numberOfElements":16,"first":true,"sort":null,"size":1000,"number":0}