{"content":[{"ordem":1,"produto":{"codigo":1425852,"nome":"ABEVMY","numeroRegistro":"188300094","tipo":{"codigo":1,"descricao":null},"categoria":null,"situacaoRotulo":null,"dataVencimento":"2032-10-31T00:00:00.000-0300","mesAnoVencimento":"102032","dataVencimentoRegistro":"2032-10-01T00:00:00.000-0300","principioAtivo":null,"situacaoApresentacao":"Caduco/Cancelado","dataRegistro":"2022-10-31T00:00:00.000-0300","categoriaRegulatoria":{"codigo":1,"descricao":"Biológico"},"medicamentoReferencia":"AVASTIN","categoriaProduto":null,"tipoAutorizacao":"REGISTRADO","mesAnoVencimentoFormatado":"10/2032","numeroRegistroFormatado":"188300094","acancelar":false},"empresa":{"cnpj":"11643096000122","razaoSocial":"MYLAN LABORATORIOS LTDA","numeroAutorizacao":"1088307","cnpjFormatado":"11.643.096/0001-22"},"processo":{"numero":"25351617286202060","situacao":29,"numeroProcessoFormatado":"25351.617286/2020-60"}},{"ordem":2,"produto":{"codigo":1249417,"nome":"AGIOLAX","numeroRegistro":"188300049","tipo":{"codigo":1,"descricao":null},"categoria":null,"situacaoRotulo":null,"dataVencimento":null,"mesAnoVencimento":"062025","dataVencimentoRegistro":"2025-06-01T00:00:00.000-0300","principioAtivo":"PLANTAGO OVATA FORSSK., SENNA ALEXANDRINA MILL.","situacaoApresentacao":"Válido","dataRegistro":"2018-07-30T00:00:00.000-0300","categoriaRegulatoria":{"codigo":4,"descricao":"Fitoterápico"},"medicamentoReferencia":null,"categoriaProduto":null,"tipoAutorizacao":"REGISTRADO","mesAnoVencimentoFormatado":"06/2025","numeroRegistroFormatado":"188300049","acancelar":false},"empresa":{"cnpj":"11643096000122","razaoSocial":"MYLAN LABORATORIOS LTDA","numeroAutorizacao":"1088307","cnpjFormatado":"11.643.096/0001-22"},"processo":{"numero":"25351067920201896","situacao":29,"numeroProcessoFormatado":"25351.067920/2018-96"}},{"ordem":3,"produto":{"codigo":2508754,"nome":"ALTVEN","numeroRegistro":"188300085","tipo":{"codigo":1,"descricao":null},"categoria":null,"situacaoRotulo":null,"dataVencimento":null,"mesAnoVencimento":"042030","dataVencimentoRegistro":"2030-04-01T00:00:00.000-0300","principioAtivo":"CLORIDRATO DE VENLAFAXINA","situacaoApresentacao":"Válido","dataRegistro":"2021-08-30T00:00:00.000-0300","categoriaRegulatoria":{"codigo":8,"descricao":"Similar"},"medicamentoReferencia":"EFEXOR","categoriaProduto":null,"tipoAutorizacao":"REGISTRADO","mesAnoVencimentoFormatado":"04/2030","numeroRegistroFormatado":"188300085","acancelar":false},"empresa":{"cnpj":"11643096000122","razaoSocial":"MYLAN LABORATORIOS LTDA","numeroAutorizacao":"1088307","cnpjFormatado":"11.643.096/0001-22"},"processo":{"numero":"25351574194202169","situacao":29,"numeroProcessoFormatado":"25351.574194/2021-69"}},{"ordem":4,"produto":{"codigo":770301,"nome":"AMPICILINA SÓDICA","numeroRegistro":"188300003","tipo":{"codigo":1,"descricao":null},"categoria":null,"situacaoRotulo":null,"dataVencimento":null,"mesAnoVencimento":"052026","dataVencimentoRegistro":"2026-05-01T00:00:00.000-0300","principioAtivo":null,"situacaoApresentacao":"Caduco/Cancelado","dataRegistro":"2011-10-24T00:00:00.000-0300","categoriaRegulatoria":{"codigo":5,"descricao":"Genérico"},"medicamentoReferencia":"AMPLACILINA","categoriaProduto":null,"tipoAutorizacao":"REGISTRADO","mesAnoVencimentoFormatado":"05/2026","numeroRegistroFormatado":"188300003","acancelar":false},"empresa":{"cnpj":"11643096000122","razaoSocial":"MYLAN LABORATORIOS LTDA","numeroAutorizacao":"1088307","cnpjFormatado":"11.643.096/0001-22"},"processo":{"numero":"25351329866201145","situacao":29,"numeroProcessoFormatado":"25351.329866/2011-45"}},{"ordem":5,"produto":{"codigo":770803,"nome":"AMPICILINA SÓDICA + SULBACTAM SÓDICO","numeroRegistro":"188300001","tipo":{"codigo":1,"descricao":null},"categoria":null,"situacaoRotulo":null,"dataVencimento":null,"mesAnoVencimento":"022028","dataVencimentoRegistro":"2028-02-01T00:00:00.000-0300","principioAtivo":"AMPICILINA SÓDICA, SULBACTAM SÓDICo","situacaoApresentacao":"Válido","dataRegistro":"2011-10-24T00:00:00.000-0300","categoriaRegulatoria":{"codigo":5,"descricao":"Genérico"},"medicamentoReferencia":"UNASYN","categoriaProduto":null,"tipoAutorizacao":"REGISTRADO","mesAnoVencimentoFormatado":"02/2028","numeroRegistroFormatado":"188300001","acancelar":false},"empresa":{"cnpj":"11643096000122","razaoSocial":"MYLAN LABORATORIOS LTDA","numeroAutorizacao":"1088307","cnpjFormatado":"11.643.096/0001-22"},"processo":{"numero":"25351329795201167","situacao":29,"numeroProcessoFormatado":"25351.329795/2011-67"}},{"ordem":6,"produto":{"codigo":764333,"nome":"AXEPEN","numeroRegistro":"188300010","tipo":{"codigo":1,"descricao":null},"categoria":null,"situacaoRotulo":null,"dataVencimento":null,"mesAnoVencimento":"022018","dataVencimentoRegistro":"2018-02-01T00:00:00.000-0300","principioAtivo":null,"situacaoApresentacao":"Caduco/Cancelado","dataRegistro":"2011-10-31T00:00:00.000-0300","categoriaRegulatoria":{"codigo":null,"descricao":null},"medicamentoReferencia":null,"categoriaProduto":null,"tipoAutorizacao":"REGISTRADO","mesAnoVencimentoFormatado":"02/2018","numeroRegistroFormatado":"188300010","acancelar":false},"empresa":{"cnpj":"11643096000122","razaoSocial":"MYLAN LABORATORIOS LTDA","numeroAutorizacao":"1088307","cnpjFormatado":"11.643.096/0001-22"},"processo":{"numero":"25351329974201113","situacao":29,"numeroProcessoFormatado":"25351.329974/2011-13"}},{"ordem":7,"produto":{"codigo":770579,"nome":"Ampicilina","numeroRegistro":"188300012","tipo":{"codigo":1,"descricao":null},"categoria":null,"situacaoRotulo":null,"dataVencimento":null,"mesAnoVencimento":"032018","dataVencimentoRegistro":"2018-03-01T00:00:00.000-0300","principioAtivo":null,"situacaoApresentacao":"Caduco/Cancelado","dataRegistro":"2011-11-21T00:00:00.000-0300","categoriaRegulatoria":{"codigo":null,"descricao":null},"medicamentoReferencia":"Amplacilina","categoriaProduto":null,"tipoAutorizacao":"REGISTRADO","mesAnoVencimentoFormatado":"03/2018","numeroRegistroFormatado":"188300012","acancelar":false},"empresa":{"cnpj":"11643096000122","razaoSocial":"MYLAN LABORATORIOS LTDA","numeroAutorizacao":"1088307","cnpjFormatado":"11.643.096/0001-22"},"processo":{"numero":"25351329753201131","situacao":29,"numeroProcessoFormatado":"25351.329753/2011-31"}},{"ordem":8,"produto":{"codigo":770576,"nome":"BACTOCILIN","numeroRegistro":"188300017","tipo":{"codigo":1,"descricao":null},"categoria":null,"situacaoRotulo":null,"dataVencimento":null,"mesAnoVencimento":"012016","dataVencimentoRegistro":"2016-01-01T00:00:00.000-0300","principioAtivo":null,"situacaoApresentacao":"Caduco/Cancelado","dataRegistro":"2011-11-21T00:00:00.000-0300","categoriaRegulatoria":{"codigo":null,"descricao":null},"medicamentoReferencia":null,"categoriaProduto":null,"tipoAutorizacao":"REGISTRADO","mesAnoVencimentoFormatado":"01/2016","numeroRegistroFormatado":"188300017","acancelar":false},"empresa":{"cnpj":"11643096000122","razaoSocial":"MYLAN LABORATORIOS LTDA","numeroAutorizacao":"1088307","cnpjFormatado":"11.643.096/0001-22"},"processo":{"numero":"25351329988201141","situacao":29,"numeroProcessoFormatado":"25351.329988/2011-41"}},{"ordem":9,"produto":{"codigo":770312,"nome":"BENZILPEN","numeroRegistro":"188300009","tipo":{"codigo":1,"descricao":null},"categoria":null,"situacaoRotulo":null,"dataVencimento":null,"mesAnoVencimento":"012029","dataVencimentoRegistro":"2029-01-01T00:00:00.000-0300","principioAtivo":null,"situacaoApresentacao":"Caduco/Cancelado","dataRegistro":"2011-10-31T00:00:00.000-0300","categoriaRegulatoria":{"codigo":8,"descricao":"Similar"},"medicamentoReferencia":null,"categoriaProduto":null,"tipoAutorizacao":"REGISTRADO","mesAnoVencimentoFormatado":"01/2029","numeroRegistroFormatado":"188300009","acancelar":false},"empresa":{"cnpj":"11643096000122","razaoSocial":"MYLAN LABORATORIOS LTDA","numeroAutorizacao":"1088307","cnpjFormatado":"11.643.096/0001-22"},"processo":{"numero":"25351329967201189","situacao":29,"numeroProcessoFormatado":"25351.329967/2011-89"}},{"ordem":10,"produto":{"codigo":770580,"nome":"BETAZIDIM","numeroRegistro":"188300004","tipo":{"codigo":1,"descricao":null},"categoria":null,"situacaoRotulo":null,"dataVencimento":null,"mesAnoVencimento":"112015","dataVencimentoRegistro":"2015-11-01T00:00:00.000-0300","principioAtivo":null,"situacaoApresentacao":"Caduco/Cancelado","dataRegistro":"2011-10-24T00:00:00.000-0300","categoriaRegulatoria":{"codigo":null,"descricao":null},"medicamentoReferencia":null,"categoriaProduto":null,"tipoAutorizacao":"REGISTRADO","mesAnoVencimentoFormatado":"11/2015","numeroRegistroFormatado":"188300004","acancelar":false},"empresa":{"cnpj":"11643096000122","razaoSocial":"MYLAN LABORATORIOS LTDA","numeroAutorizacao":"1088307","cnpjFormatado":"11.643.096/0001-22"},"processo":{"numero":"25351329932201198","situacao":29,"numeroProcessoFormatado":"25351.329932/2011-98"}},{"ordem":11,"produto":{"codigo":1254031,"nome":"Bedimza","numeroRegistro":"188300039","tipo":{"codigo":1,"descricao":null},"categoria":null,"situacaoRotulo":null,"dataVencimento":null,"mesAnoVencimento":"062028","dataVencimentoRegistro":"2028-06-01T00:00:00.000-0300","principioAtivo":null,"situacaoApresentacao":"Caduco/Cancelado","dataRegistro":"2018-06-04T00:00:00.000-0300","categoriaRegulatoria":{"codigo":8,"descricao":"Similar"},"medicamentoReferencia":"DIPROSPAN","categoriaProduto":null,"tipoAutorizacao":"REGISTRADO","mesAnoVencimentoFormatado":"06/2028","numeroRegistroFormatado":"188300039","acancelar":false},"empresa":{"cnpj":"11643096000122","razaoSocial":"MYLAN LABORATORIOS LTDA","numeroAutorizacao":"1088307","cnpjFormatado":"11.643.096/0001-22"},"processo":{"numero":"25351634528201784","situacao":29,"numeroProcessoFormatado":"25351.634528/2017-84"}},{"ordem":12,"produto":{"codigo":770326,"nome":"CEFLEN","numeroRegistro":"188300011","tipo":{"codigo":1,"descricao":null},"categoria":null,"situacaoRotulo":null,"dataVencimento":null,"mesAnoVencimento":"112025","dataVencimentoRegistro":"2025-11-01T00:00:00.000-0300","principioAtivo":null,"situacaoApresentacao":"Caduco/Cancelado","dataRegistro":"2011-11-14T00:00:00.000-0300","categoriaRegulatoria":{"codigo":8,"descricao":"Similar"},"medicamentoReferencia":null,"categoriaProduto":null,"tipoAutorizacao":"REGISTRADO","mesAnoVencimentoFormatado":"11/2025","numeroRegistroFormatado":"188300011","acancelar":false},"empresa":{"cnpj":"11643096000122","razaoSocial":"MYLAN LABORATORIOS LTDA","numeroAutorizacao":"1088307","cnpjFormatado":"11.643.096/0001-22"},"processo":{"numero":"25351329938201152","situacao":29,"numeroProcessoFormatado":"25351.329938/2011-52"}},{"ordem":13,"produto":{"codigo":2528711,"nome":"CELEBRA","numeroRegistro":"188300086","tipo":{"codigo":1,"descricao":null},"categoria":null,"situacaoRotulo":null,"dataVencimento":null,"mesAnoVencimento":"012029","dataVencimentoRegistro":"2029-01-01T00:00:00.000-0300","principioAtivo":"CELECOXIBE","situacaoApresentacao":"Válido","dataRegistro":"2021-09-06T00:00:00.000-0300","categoriaRegulatoria":{"codigo":6,"descricao":"Novo"},"medicamentoReferencia":null,"categoriaProduto":null,"tipoAutorizacao":"REGISTRADO","mesAnoVencimentoFormatado":"01/2029","numeroRegistroFormatado":"188300086","acancelar":false},"empresa":{"cnpj":"11643096000122","razaoSocial":"MYLAN LABORATORIOS LTDA","numeroAutorizacao":"1088307","cnpjFormatado":"11.643.096/0001-22"},"processo":{"numero":"25351574161202119","situacao":29,"numeroProcessoFormatado":"25351.574161/2021-19"}},{"ordem":14,"produto":{"codigo":770356,"nome":"CELLOZINA","numeroRegistro":"188300005","tipo":{"codigo":1,"descricao":null},"categoria":null,"situacaoRotulo":null,"dataVencimento":null,"mesAnoVencimento":"112025","dataVencimentoRegistro":"2025-11-01T00:00:00.000-0300","principioAtivo":null,"situacaoApresentacao":"Caduco/Cancelado","dataRegistro":"2011-10-24T00:00:00.000-0300","categoriaRegulatoria":{"codigo":8,"descricao":"Similar"},"medicamentoReferencia":null,"categoriaProduto":null,"tipoAutorizacao":"REGISTRADO","mesAnoVencimentoFormatado":"11/2025","numeroRegistroFormatado":"188300005","acancelar":false},"empresa":{"cnpj":"11643096000122","razaoSocial":"MYLAN LABORATORIOS LTDA","numeroAutorizacao":"1088307","cnpjFormatado":"11.643.096/0001-22"},"processo":{"numero":"25351329958201196","situacao":29,"numeroProcessoFormatado":"25351.329958/2011-96"}},{"ordem":15,"produto":{"codigo":770352,"nome":"CELLTRIAXON","numeroRegistro":"188300016","tipo":{"codigo":1,"descricao":null},"categoria":null,"situacaoRotulo":null,"dataVencimento":null,"mesAnoVencimento":"112020","dataVencimentoRegistro":"2020-11-01T00:00:00.000-0300","principioAtivo":null,"situacaoApresentacao":"Caduco/Cancelado","dataRegistro":"2011-11-21T00:00:00.000-0300","categoriaRegulatoria":{"codigo":8,"descricao":"Similar"},"medicamentoReferencia":null,"categoriaProduto":null,"tipoAutorizacao":"REGISTRADO","mesAnoVencimentoFormatado":"11/2020","numeroRegistroFormatado":"188300016","acancelar":false},"empresa":{"cnpj":"11643096000122","razaoSocial":"MYLAN LABORATORIOS LTDA","numeroAutorizacao":"1088307","cnpjFormatado":"11.643.096/0001-22"},"processo":{"numero":"25351329946201116","situacao":29,"numeroProcessoFormatado":"25351.329946/2011-16"}},{"ordem":16,"produto":{"codigo":2772548,"nome":"CITALOR","numeroRegistro":"188300088","tipo":{"codigo":1,"descricao":null},"categoria":null,"situacaoRotulo":null,"dataVencimento":null,"mesAnoVencimento":"052027","dataVencimentoRegistro":"2027-05-01T00:00:00.000-0300","principioAtivo":"ATORVASTATINA CÁLCICA","situacaoApresentacao":"Válido","dataRegistro":"2021-12-06T00:00:00.000-0300","categoriaRegulatoria":{"codigo":6,"descricao":"Novo"},"medicamentoReferencia":null,"categoriaProduto":null,"tipoAutorizacao":"REGISTRADO","mesAnoVencimentoFormatado":"05/2027","numeroRegistroFormatado":"188300088","acancelar":false},"empresa":{"cnpj":"11643096000122","razaoSocial":"MYLAN LABORATORIOS LTDA","numeroAutorizacao":"1088307","cnpjFormatado":"11.643.096/0001-22"},"processo":{"numero":"25351346380202118","situacao":29,"numeroProcessoFormatado":"25351.346380/2021-18"}},{"ordem":17,"produto":{"codigo":1041093,"nome":"CITARABINA","numeroRegistro":"188300064","tipo":{"codigo":1,"descricao":null},"categoria":null,"situacaoRotulo":null,"dataVencimento":null,"mesAnoVencimento":"032029","dataVencimentoRegistro":"2029-03-01T00:00:00.000-0300","principioAtivo":"CITARABINA","situacaoApresentacao":"Válido","dataRegistro":"2019-03-06T00:00:00.000-0300","categoriaRegulatoria":{"codigo":5,"descricao":"Genérico"},"medicamentoReferencia":"ARACYTIN CS","categoriaProduto":null,"tipoAutorizacao":"REGISTRADO","mesAnoVencimentoFormatado":"03/2029","numeroRegistroFormatado":"188300064","acancelar":false},"empresa":{"cnpj":"11643096000122","razaoSocial":"MYLAN LABORATORIOS LTDA","numeroAutorizacao":"1088307","cnpjFormatado":"11.643.096/0001-22"},"processo":{"numero":"25351293548201542","situacao":29,"numeroProcessoFormatado":"25351.293548/2015-42"}},{"ordem":18,"produto":{"codigo":770577,"nome":"CLAVICIN","numeroRegistro":"188300018","tipo":{"codigo":1,"descricao":null},"categoria":null,"situacaoRotulo":null,"dataVencimento":null,"mesAnoVencimento":"112015","dataVencimentoRegistro":"2015-11-01T00:00:00.000-0300","principioAtivo":null,"situacaoApresentacao":"Caduco/Cancelado","dataRegistro":"2011-12-12T00:00:00.000-0300","categoriaRegulatoria":{"codigo":null,"descricao":null},"medicamentoReferencia":"CLAVICIN IV","categoriaProduto":null,"tipoAutorizacao":"REGISTRADO","mesAnoVencimentoFormatado":"11/2015","numeroRegistroFormatado":"188300018","acancelar":false},"empresa":{"cnpj":"11643096000122","razaoSocial":"MYLAN LABORATORIOS LTDA","numeroAutorizacao":"1088307","cnpjFormatado":"11.643.096/0001-22"},"processo":{"numero":"25351329963201172","situacao":29,"numeroProcessoFormatado":"25351.329963/2011-72"}},{"ordem":19,"produto":{"codigo":1182095,"nome":"CLINDACIN","numeroRegistro":"188300025","tipo":{"codigo":1,"descricao":null},"categoria":null,"situacaoRotulo":null,"dataVencimento":null,"mesAnoVencimento":"112025","dataVencimentoRegistro":"2025-11-01T00:00:00.000-0300","principioAtivo":null,"situacaoApresentacao":"Caduco/Cancelado","dataRegistro":"2017-08-07T00:00:00.000-0300","categoriaRegulatoria":{"codigo":8,"descricao":"Similar"},"medicamentoReferencia":"Dalacin C","categoriaProduto":null,"tipoAutorizacao":"REGISTRADO","mesAnoVencimentoFormatado":"11/2025","numeroRegistroFormatado":"188300025","acancelar":false},"empresa":{"cnpj":"11643096000122","razaoSocial":"MYLAN LABORATORIOS LTDA","numeroAutorizacao":"1088307","cnpjFormatado":"11.643.096/0001-22"},"processo":{"numero":"25351191686201715","situacao":29,"numeroProcessoFormatado":"25351.191686/2017-15"}},{"ordem":20,"produto":{"codigo":1182110,"nome":"CLORIDRATO DE RANITIDINA","numeroRegistro":"188300024","tipo":{"codigo":1,"descricao":null},"categoria":null,"situacaoRotulo":null,"dataVencimento":null,"mesAnoVencimento":"122025","dataVencimentoRegistro":"2025-12-01T00:00:00.000-0300","principioAtivo":null,"situacaoApresentacao":"Caduco/Cancelado","dataRegistro":"2017-08-07T00:00:00.000-0300","categoriaRegulatoria":{"codigo":5,"descricao":"Genérico"},"medicamentoReferencia":"ANTAK","categoriaProduto":null,"tipoAutorizacao":"REGISTRADO","mesAnoVencimentoFormatado":"12/2025","numeroRegistroFormatado":"188300024","acancelar":false},"empresa":{"cnpj":"11643096000122","razaoSocial":"MYLAN LABORATORIOS LTDA","numeroAutorizacao":"1088307","cnpjFormatado":"11.643.096/0001-22"},"processo":{"numero":"25351191716201703","situacao":29,"numeroProcessoFormatado":"25351.191716/2017-03"}},{"ordem":21,"produto":{"codigo":1182112,"nome":"CLORIDRATO DE VANCOMICINA","numeroRegistro":"188300022","tipo":{"codigo":1,"descricao":null},"categoria":null,"situacaoRotulo":null,"dataVencimento":null,"mesAnoVencimento":"022028","dataVencimentoRegistro":"2028-02-01T00:00:00.000-0300","principioAtivo":null,"situacaoApresentacao":"Caduco/Cancelado","dataRegistro":"2017-08-07T00:00:00.000-0300","categoriaRegulatoria":{"codigo":5,"descricao":"Genérico"},"medicamentoReferencia":"VANCOCINA CP","categoriaProduto":null,"tipoAutorizacao":"REGISTRADO","mesAnoVencimentoFormatado":"02/2028","numeroRegistroFormatado":"188300022","acancelar":false},"empresa":{"cnpj":"11643096000122","razaoSocial":"MYLAN LABORATORIOS LTDA","numeroAutorizacao":"1088307","cnpjFormatado":"11.643.096/0001-22"},"processo":{"numero":"25351191727201748","situacao":29,"numeroProcessoFormatado":"25351.191727/2017-48"}},{"ordem":22,"produto":{"codigo":984931,"nome":"COLLECTRO","numeroRegistro":"188300061","tipo":{"codigo":1,"descricao":null},"categoria":null,"situacaoRotulo":null,"dataVencimento":null,"mesAnoVencimento":"122028","dataVencimentoRegistro":"2028-12-01T00:00:00.000-0300","principioAtivo":"OXALIPLATINA","situacaoApresentacao":"Válido","dataRegistro":"2018-12-17T00:00:00.000-0300","categoriaRegulatoria":{"codigo":8,"descricao":"Similar"},"medicamentoReferencia":"ELOXATIN","categoriaProduto":null,"tipoAutorizacao":"REGISTRADO","mesAnoVencimentoFormatado":"12/2028","numeroRegistroFormatado":"188300061","acancelar":false},"empresa":{"cnpj":"11643096000122","razaoSocial":"MYLAN LABORATORIOS LTDA","numeroAutorizacao":"1088307","cnpjFormatado":"11.643.096/0001-22"},"processo":{"numero":"25351515389201484","situacao":29,"numeroProcessoFormatado":"25351.515389/2014-84"}},{"ordem":23,"produto":{"codigo":1334770,"nome":"COLLECTRO","numeroRegistro":"188300071","tipo":{"codigo":1,"descricao":null},"categoria":null,"situacaoRotulo":null,"dataVencimento":null,"mesAnoVencimento":"072029","dataVencimentoRegistro":"2029-07-01T00:00:00.000-0300","principioAtivo":"OXALIPLATINA","situacaoApresentacao":"Válido","dataRegistro":"2019-07-08T00:00:00.000-0300","categoriaRegulatoria":{"codigo":8,"descricao":"Similar"},"medicamentoReferencia":"BIOEZULEN","categoriaProduto":null,"tipoAutorizacao":"REGISTRADO","mesAnoVencimentoFormatado":"07/2029","numeroRegistroFormatado":"188300071","acancelar":false},"empresa":{"cnpj":"11643096000122","razaoSocial":"MYLAN LABORATORIOS LTDA","numeroAutorizacao":"1088307","cnpjFormatado":"11.643.096/0001-22"},"processo":{"numero":"25351864266201861","situacao":29,"numeroProcessoFormatado":"25351.864266/2018-61"}},{"ordem":24,"produto":{"codigo":1146097,"nome":"CUTENOX","numeroRegistro":"188300021","tipo":{"codigo":1,"descricao":null},"categoria":null,"situacaoRotulo":null,"dataVencimento":null,"mesAnoVencimento":"072027","dataVencimentoRegistro":"2027-07-01T00:00:00.000-0300","principioAtivo":"ENOXAPARINA SÓDICA","situacaoApresentacao":"Válido","dataRegistro":"2017-06-05T00:00:00.000-0300","categoriaRegulatoria":{"codigo":null,"descricao":null},"medicamentoReferencia":null,"categoriaProduto":null,"tipoAutorizacao":"REGISTRADO","mesAnoVencimentoFormatado":"07/2027","numeroRegistroFormatado":"188300021","acancelar":false},"empresa":{"cnpj":"11643096000122","razaoSocial":"MYLAN LABORATORIOS LTDA","numeroAutorizacao":"1088307","cnpjFormatado":"11.643.096/0001-22"},"processo":{"numero":"25351001747201706","situacao":29,"numeroProcessoFormatado":"25351.001747/2017-06"}},{"ordem":25,"produto":{"codigo":1227826,"nome":"DEFEXIN","numeroRegistro":"188300032","tipo":{"codigo":1,"descricao":null},"categoria":null,"situacaoRotulo":null,"dataVencimento":null,"mesAnoVencimento":"022028","dataVencimentoRegistro":"2028-02-01T00:00:00.000-0300","principioAtivo":null,"situacaoApresentacao":"Caduco/Cancelado","dataRegistro":"2018-02-05T00:00:00.000-0300","categoriaRegulatoria":{"codigo":8,"descricao":"Similar"},"medicamentoReferencia":"LEVAQUIN","categoriaProduto":null,"tipoAutorizacao":"REGISTRADO","mesAnoVencimentoFormatado":"02/2028","numeroRegistroFormatado":"188300032","acancelar":false},"empresa":{"cnpj":"11643096000122","razaoSocial":"MYLAN LABORATORIOS LTDA","numeroAutorizacao":"1088307","cnpjFormatado":"11.643.096/0001-22"},"processo":{"numero":"25351633336201751","situacao":29,"numeroProcessoFormatado":"25351.633336/2017-51"}},{"ordem":26,"produto":{"codigo":1430012,"nome":"DELTYBA","numeroRegistro":"188300098","tipo":{"codigo":1,"descricao":null},"categoria":null,"situacaoRotulo":null,"dataVencimento":null,"mesAnoVencimento":"072033","dataVencimentoRegistro":"2033-07-01T00:00:00.000-0300","principioAtivo":"DELAMANIDE","situacaoApresentacao":"Válido","dataRegistro":"2023-07-25T00:00:00.000-0300","categoriaRegulatoria":{"codigo":6,"descricao":"Novo"},"medicamentoReferencia":null,"categoriaProduto":null,"tipoAutorizacao":"REGISTRADO","mesAnoVencimentoFormatado":"07/2033","numeroRegistroFormatado":"188300098","acancelar":false},"empresa":{"cnpj":"11643096000122","razaoSocial":"MYLAN LABORATORIOS LTDA","numeroAutorizacao":"1088307","cnpjFormatado":"11.643.096/0001-22"},"processo":{"numero":"25351746135202018","situacao":29,"numeroProcessoFormatado":"25351.746135/2020-18"}},{"ordem":27,"produto":{"codigo":2497811,"nome":"DICOXIBE","numeroRegistro":"188300082","tipo":{"codigo":1,"descricao":null},"categoria":null,"situacaoRotulo":null,"dataVencimento":null,"mesAnoVencimento":"042026","dataVencimentoRegistro":"2026-04-01T00:00:00.000-0300","principioAtivo":"CELECOXIBE","situacaoApresentacao":"Válido","dataRegistro":"2021-08-23T00:00:00.000-0300","categoriaRegulatoria":{"codigo":8,"descricao":"Similar"},"medicamentoReferencia":"CELEBRA","categoriaProduto":null,"tipoAutorizacao":"REGISTRADO","mesAnoVencimentoFormatado":"04/2026","numeroRegistroFormatado":"188300082","acancelar":false},"empresa":{"cnpj":"11643096000122","razaoSocial":"MYLAN LABORATORIOS LTDA","numeroAutorizacao":"1088307","cnpjFormatado":"11.643.096/0001-22"},"processo":{"numero":"25351574154202117","situacao":29,"numeroProcessoFormatado":"25351.574154/2021-17"}},{"ordem":28,"produto":{"codigo":1266047,"nome":"DISMUCAL","numeroRegistro":"188300052","tipo":{"codigo":1,"descricao":null},"categoria":null,"situacaoRotulo":null,"dataVencimento":null,"mesAnoVencimento":"082028","dataVencimentoRegistro":"2028-08-01T00:00:00.000-0300","principioAtivo":null,"situacaoApresentacao":"Caduco/Cancelado","dataRegistro":"2018-08-06T00:00:00.000-0300","categoriaRegulatoria":{"codigo":6,"descricao":"Novo"},"medicamentoReferencia":"FILINAR G","categoriaProduto":null,"tipoAutorizacao":"REGISTRADO","mesAnoVencimentoFormatado":"08/2028","numeroRegistroFormatado":"188300052","acancelar":false},"empresa":{"cnpj":"11643096000122","razaoSocial":"MYLAN LABORATORIOS LTDA","numeroAutorizacao":"1088307","cnpjFormatado":"11.643.096/0001-22"},"processo":{"numero":"25351633337201703","situacao":29,"numeroProcessoFormatado":"25351.633337/2017-03"}},{"ordem":29,"produto":{"codigo":1262512,"nome":"DISMUCAL","numeroRegistro":"188300053","tipo":{"codigo":1,"descricao":null},"categoria":null,"situacaoRotulo":null,"dataVencimento":null,"mesAnoVencimento":"082028","dataVencimentoRegistro":"2028-08-01T00:00:00.000-0300","principioAtivo":null,"situacaoApresentacao":"Caduco/Cancelado","dataRegistro":"2018-08-06T00:00:00.000-0300","categoriaRegulatoria":{"codigo":8,"descricao":"Similar"},"medicamentoReferencia":"BRONDILAT","categoriaProduto":null,"tipoAutorizacao":"REGISTRADO","mesAnoVencimentoFormatado":"08/2028","numeroRegistroFormatado":"188300053","acancelar":false},"empresa":{"cnpj":"11643096000122","razaoSocial":"MYLAN LABORATORIOS LTDA","numeroAutorizacao":"1088307","cnpjFormatado":"11.643.096/0001-22"},"processo":{"numero":"25351633359201765","situacao":29,"numeroProcessoFormatado":"25351.633359/2017-65"}},{"ordem":30,"produto":{"codigo":1273275,"nome":"Dymista","numeroRegistro":"188300058","tipo":{"codigo":1,"descricao":null},"categoria":null,"situacaoRotulo":null,"dataVencimento":null,"mesAnoVencimento":"012025","dataVencimentoRegistro":"2025-01-01T00:00:00.000-0300","principioAtivo":"PROPIONATO DE FLUTICASONA, CLORIDRATO DE AZELASTINA","situacaoApresentacao":"Válido","dataRegistro":"2018-09-17T00:00:00.000-0300","categoriaRegulatoria":{"codigo":6,"descricao":"Novo"},"medicamentoReferencia":null,"categoriaProduto":null,"tipoAutorizacao":"REGISTRADO","mesAnoVencimentoFormatado":"01/2025","numeroRegistroFormatado":"188300058","acancelar":false},"empresa":{"cnpj":"11643096000122","razaoSocial":"MYLAN LABORATORIOS LTDA","numeroAutorizacao":"1088307","cnpjFormatado":"11.643.096/0001-22"},"processo":{"numero":"25351400531201887","situacao":29,"numeroProcessoFormatado":"25351.400531/2018-87"}},{"ordem":31,"produto":{"codigo":2497527,"nome":"EFEXOR","numeroRegistro":"188300081","tipo":{"codigo":1,"descricao":null},"categoria":null,"situacaoRotulo":null,"dataVencimento":null,"mesAnoVencimento":"052025","dataVencimentoRegistro":"2025-05-01T00:00:00.000-0300","principioAtivo":"CLORIDRATO DE VENLAFAXINA","situacaoApresentacao":"Válido","dataRegistro":"2021-08-23T00:00:00.000-0300","categoriaRegulatoria":{"codigo":6,"descricao":"Novo"},"medicamentoReferencia":null,"categoriaProduto":null,"tipoAutorizacao":"REGISTRADO","mesAnoVencimentoFormatado":"05/2025","numeroRegistroFormatado":"188300081","acancelar":false},"empresa":{"cnpj":"11643096000122","razaoSocial":"MYLAN LABORATORIOS LTDA","numeroAutorizacao":"1088307","cnpjFormatado":"11.643.096/0001-22"},"processo":{"numero":"25351574130202168","situacao":29,"numeroProcessoFormatado":"25351.574130/2021-68"}},{"ordem":32,"produto":{"codigo":2650928,"nome":"EKNUS","numeroRegistro":"188300099","tipo":{"codigo":1,"descricao":null},"categoria":null,"situacaoRotulo":null,"dataVencimento":"2033-10-19T00:00:00.000-0300","mesAnoVencimento":"102033","dataVencimentoRegistro":"2033-10-01T00:00:00.000-0300","principioAtivo":"apixabana","situacaoApresentacao":"Válido","dataRegistro":"2023-10-23T00:00:00.000-0300","categoriaRegulatoria":{"codigo":8,"descricao":"Similar"},"medicamentoReferencia":"ELIQUIS","categoriaProduto":null,"tipoAutorizacao":"REGISTRADO","mesAnoVencimentoFormatado":"10/2033","numeroRegistroFormatado":"188300099","acancelar":false},"empresa":{"cnpj":"11643096000122","razaoSocial":"MYLAN LABORATORIOS LTDA","numeroAutorizacao":"1088307","cnpjFormatado":"11.643.096/0001-22"},"processo":{"numero":"25351424192202120","situacao":29,"numeroProcessoFormatado":"25351.424192/2021-20"}},{"ordem":33,"produto":{"codigo":1190475,"nome":"ELIDEL","numeroRegistro":"188300030","tipo":{"codigo":1,"descricao":null},"categoria":null,"situacaoRotulo":null,"dataVencimento":null,"mesAnoVencimento":"082027","dataVencimentoRegistro":"2027-08-01T00:00:00.000-0300","principioAtivo":"pimecrolimo","situacaoApresentacao":"Válido","dataRegistro":"2017-09-11T00:00:00.000-0300","categoriaRegulatoria":{"codigo":6,"descricao":"Novo"},"medicamentoReferencia":null,"categoriaProduto":null,"tipoAutorizacao":"REGISTRADO","mesAnoVencimentoFormatado":"08/2027","numeroRegistroFormatado":"188300030","acancelar":false},"empresa":{"cnpj":"11643096000122","razaoSocial":"MYLAN LABORATORIOS LTDA","numeroAutorizacao":"1088307","cnpjFormatado":"11.643.096/0001-22"},"processo":{"numero":"25351345201201718","situacao":29,"numeroProcessoFormatado":"25351.345201/2017-18"}},{"ordem":34,"produto":{"codigo":1254058,"nome":"EMYCLAM","numeroRegistro":"188300037","tipo":{"codigo":1,"descricao":null},"categoria":null,"situacaoRotulo":null,"dataVencimento":null,"mesAnoVencimento":"062028","dataVencimentoRegistro":"2028-06-01T00:00:00.000-0300","principioAtivo":null,"situacaoApresentacao":"Caduco/Cancelado","dataRegistro":"2018-06-04T00:00:00.000-0300","categoriaRegulatoria":{"codigo":8,"descricao":"Similar"},"medicamentoReferencia":"Clavulin BD","categoriaProduto":null,"tipoAutorizacao":"REGISTRADO","mesAnoVencimentoFormatado":"06/2028","numeroRegistroFormatado":"188300037","acancelar":false},"empresa":{"cnpj":"11643096000122","razaoSocial":"MYLAN LABORATORIOS LTDA","numeroAutorizacao":"1088307","cnpjFormatado":"11.643.096/0001-22"},"processo":{"numero":"25351633338201740","situacao":29,"numeroProcessoFormatado":"25351.633338/2017-40"}},{"ordem":35,"produto":{"codigo":1254075,"nome":"EMYCLAM","numeroRegistro":"188300038","tipo":{"codigo":1,"descricao":null},"categoria":null,"situacaoRotulo":null,"dataVencimento":null,"mesAnoVencimento":"062028","dataVencimentoRegistro":"2028-06-01T00:00:00.000-0300","principioAtivo":null,"situacaoApresentacao":"Caduco/Cancelado","dataRegistro":"2018-06-04T00:00:00.000-0300","categoriaRegulatoria":{"codigo":8,"descricao":"Similar"},"medicamentoReferencia":"clavulin BD","categoriaProduto":null,"tipoAutorizacao":"REGISTRADO","mesAnoVencimentoFormatado":"06/2028","numeroRegistroFormatado":"188300038","acancelar":false},"empresa":{"cnpj":"11643096000122","razaoSocial":"MYLAN LABORATORIOS LTDA","numeroAutorizacao":"1088307","cnpjFormatado":"11.643.096/0001-22"},"processo":{"numero":"25351633339201794","situacao":29,"numeroProcessoFormatado":"25351.633339/2017-94"}},{"ordem":36,"produto":{"codigo":3022295,"nome":"FRONTAL","numeroRegistro":"188300091","tipo":{"codigo":1,"descricao":null},"categoria":null,"situacaoRotulo":null,"dataVencimento":null,"mesAnoVencimento":"032025","dataVencimentoRegistro":"2025-03-01T00:00:00.000-0300","principioAtivo":"ALPRAZOLAM","situacaoApresentacao":"Válido","dataRegistro":"2022-03-14T00:00:00.000-0300","categoriaRegulatoria":{"codigo":6,"descricao":"Novo"},"medicamentoReferencia":null,"categoriaProduto":null,"tipoAutorizacao":"REGISTRADO","mesAnoVencimentoFormatado":"03/2025","numeroRegistroFormatado":"188300091","acancelar":false},"empresa":{"cnpj":"11643096000122","razaoSocial":"MYLAN LABORATORIOS LTDA","numeroAutorizacao":"1088307","cnpjFormatado":"11.643.096/0001-22"},"processo":{"numero":"25351821901202111","situacao":29,"numeroProcessoFormatado":"25351.821901/2021-11"}},{"ordem":37,"produto":{"codigo":1342399,"nome":"Fulphila","numeroRegistro":"188300073","tipo":{"codigo":1,"descricao":null},"categoria":null,"situacaoRotulo":null,"dataVencimento":"2030-09-20T00:00:00.000-0300","mesAnoVencimento":"092030","dataVencimentoRegistro":"2030-09-01T00:00:00.000-0300","principioAtivo":null,"situacaoApresentacao":"Caduco/Cancelado","dataRegistro":"2020-09-14T00:00:00.000-0300","categoriaRegulatoria":{"codigo":1,"descricao":"Biológico"},"medicamentoReferencia":null,"categoriaProduto":null,"tipoAutorizacao":"REGISTRADO","mesAnoVencimentoFormatado":"09/2030","numeroRegistroFormatado":"188300073","acancelar":false},"empresa":{"cnpj":"11643096000122","razaoSocial":"MYLAN LABORATORIOS LTDA","numeroAutorizacao":"1088307","cnpjFormatado":"11.643.096/0001-22"},"processo":{"numero":"25351436477201999","situacao":29,"numeroProcessoFormatado":"25351.436477/2019-99"}},{"ordem":38,"produto":{"codigo":1226040,"nome":"GLUCOREUMIN","numeroRegistro":"188300035","tipo":{"codigo":1,"descricao":null},"categoria":null,"situacaoRotulo":null,"dataVencimento":null,"mesAnoVencimento":"102025","dataVencimentoRegistro":"2025-10-01T00:00:00.000-0300","principioAtivo":"SULFATO DE GLICOSAMINA","situacaoApresentacao":"Válido","dataRegistro":"2018-03-05T00:00:00.000-0300","categoriaRegulatoria":{"codigo":8,"descricao":"Similar"},"medicamentoReferencia":"DINAFLEX","categoriaProduto":null,"tipoAutorizacao":"REGISTRADO","mesAnoVencimentoFormatado":"10/2025","numeroRegistroFormatado":"188300035","acancelar":false},"empresa":{"cnpj":"11643096000122","razaoSocial":"MYLAN LABORATORIOS LTDA","numeroAutorizacao":"1088307","cnpjFormatado":"11.643.096/0001-22"},"processo":{"numero":"25351645922201748","situacao":29,"numeroProcessoFormatado":"25351.645922/2017-48"}},{"ordem":39,"produto":{"codigo":1702038,"nome":"HEPTRIS","numeroRegistro":"188300076","tipo":{"codigo":1,"descricao":null},"categoria":null,"situacaoRotulo":null,"dataVencimento":null,"mesAnoVencimento":"042029","dataVencimentoRegistro":"2029-04-01T00:00:00.000-0300","principioAtivo":"ENOXAPARINA SÓDICA","situacaoApresentacao":"Válido","dataRegistro":"2021-04-19T00:00:00.000-0300","categoriaRegulatoria":{"codigo":1,"descricao":"Biológico"},"medicamentoReferencia":null,"categoriaProduto":null,"tipoAutorizacao":"REGISTRADO","mesAnoVencimentoFormatado":"04/2029","numeroRegistroFormatado":"188300076","acancelar":false},"empresa":{"cnpj":"11643096000122","razaoSocial":"MYLAN LABORATORIOS LTDA","numeroAutorizacao":"1088307","cnpjFormatado":"11.643.096/0001-22"},"processo":{"numero":"25351824376202013","situacao":29,"numeroProcessoFormatado":"25351.824376/2020-13"}},{"ordem":40,"produto":{"codigo":1182111,"nome":"HIDROSONE","numeroRegistro":"188300023","tipo":{"codigo":1,"descricao":null},"categoria":null,"situacaoRotulo":null,"dataVencimento":null,"mesAnoVencimento":"112025","dataVencimentoRegistro":"2025-11-01T00:00:00.000-0300","principioAtivo":null,"situacaoApresentacao":"Caduco/Cancelado","dataRegistro":"2017-08-07T00:00:00.000-0300","categoriaRegulatoria":{"codigo":8,"descricao":"Similar"},"medicamentoReferencia":null,"categoriaProduto":null,"tipoAutorizacao":"REGISTRADO","mesAnoVencimentoFormatado":"11/2025","numeroRegistroFormatado":"188300023","acancelar":false},"empresa":{"cnpj":"11643096000122","razaoSocial":"MYLAN LABORATORIOS LTDA","numeroAutorizacao":"1088307","cnpjFormatado":"11.643.096/0001-22"},"processo":{"numero":"25351191706201785","situacao":29,"numeroProcessoFormatado":"25351.191706/2017-85"}},{"ordem":41,"produto":{"codigo":2007123,"nome":"HULIO","numeroRegistro":"188300093","tipo":{"codigo":1,"descricao":null},"categoria":null,"situacaoRotulo":null,"dataVencimento":"2032-09-12T00:00:00.000-0300","mesAnoVencimento":"092032","dataVencimentoRegistro":"2032-09-01T00:00:00.000-0300","principioAtivo":null,"situacaoApresentacao":"Caduco/Cancelado","dataRegistro":"2022-09-12T00:00:00.000-0300","categoriaRegulatoria":{"codigo":1,"descricao":"Biológico"},"medicamentoReferencia":null,"categoriaProduto":null,"tipoAutorizacao":"REGISTRADO","mesAnoVencimentoFormatado":"09/2032","numeroRegistroFormatado":"188300093","acancelar":false},"empresa":{"cnpj":"11643096000122","razaoSocial":"MYLAN LABORATORIOS LTDA","numeroAutorizacao":"1088307","cnpjFormatado":"11.643.096/0001-22"},"processo":{"numero":"25351440425202051","situacao":29,"numeroProcessoFormatado":"25351.440425/2020-51"}},{"ordem":42,"produto":{"codigo":1190180,"nome":"IMIPENÉM MONOIDRATADO + CILASTATINA SÓDICA","numeroRegistro":"188300029","tipo":{"codigo":1,"descricao":null},"categoria":null,"situacaoRotulo":null,"dataVencimento":null,"mesAnoVencimento":"082026","dataVencimentoRegistro":"2026-08-01T00:00:00.000-0300","principioAtivo":null,"situacaoApresentacao":"Caduco/Cancelado","dataRegistro":"2017-08-28T00:00:00.000-0300","categoriaRegulatoria":{"codigo":5,"descricao":"Genérico"},"medicamentoReferencia":"TIENAM","categoriaProduto":null,"tipoAutorizacao":"REGISTRADO","mesAnoVencimentoFormatado":"08/2026","numeroRegistroFormatado":"188300029","acancelar":false},"empresa":{"cnpj":"11643096000122","razaoSocial":"MYLAN LABORATORIOS LTDA","numeroAutorizacao":"1088307","cnpjFormatado":"11.643.096/0001-22"},"processo":{"numero":"25351339398201785","situacao":29,"numeroProcessoFormatado":"25351.339398/2017-85"}},{"ordem":43,"produto":{"codigo":1227819,"nome":"IMMENSAE","numeroRegistro":"188300031","tipo":{"codigo":1,"descricao":null},"categoria":null,"situacaoRotulo":null,"dataVencimento":null,"mesAnoVencimento":"022028","dataVencimentoRegistro":"2028-02-01T00:00:00.000-0300","principioAtivo":null,"situacaoApresentacao":"Caduco/Cancelado","dataRegistro":"2018-02-05T00:00:00.000-0300","categoriaRegulatoria":{"codigo":8,"descricao":"Similar"},"medicamentoReferencia":"TYLEX","categoriaProduto":null,"tipoAutorizacao":"REGISTRADO","mesAnoVencimentoFormatado":"02/2028","numeroRegistroFormatado":"188300031","acancelar":false},"empresa":{"cnpj":"11643096000122","razaoSocial":"MYLAN LABORATORIOS LTDA","numeroAutorizacao":"1088307","cnpjFormatado":"11.643.096/0001-22"},"processo":{"numero":"25351633334201761","situacao":29,"numeroProcessoFormatado":"25351.633334/2017-61"}},{"ordem":44,"produto":{"codigo":1188967,"nome":"INDUSON","numeroRegistro":"188300027","tipo":{"codigo":1,"descricao":null},"categoria":null,"situacaoRotulo":null,"dataVencimento":null,"mesAnoVencimento":"052023","dataVencimentoRegistro":"2023-05-01T00:00:00.000-0300","principioAtivo":null,"situacaoApresentacao":"Caduco/Cancelado","dataRegistro":"2017-08-28T00:00:00.000-0300","categoriaRegulatoria":{"codigo":8,"descricao":"Similar"},"medicamentoReferencia":"DORMONID","categoriaProduto":null,"tipoAutorizacao":"REGISTRADO","mesAnoVencimentoFormatado":"05/2023","numeroRegistroFormatado":"188300027","acancelar":false},"empresa":{"cnpj":"11643096000122","razaoSocial":"MYLAN LABORATORIOS LTDA","numeroAutorizacao":"1088307","cnpjFormatado":"11.643.096/0001-22"},"processo":{"numero":"25351257789201723","situacao":29,"numeroProcessoFormatado":"25351.257789/2017-23"}},{"ordem":45,"produto":{"codigo":1249419,"nome":"LEGALON","numeroRegistro":"188300050","tipo":{"codigo":1,"descricao":null},"categoria":null,"situacaoRotulo":null,"dataVencimento":null,"mesAnoVencimento":"062026","dataVencimentoRegistro":"2026-06-01T00:00:00.000-0300","principioAtivo":"SILYBUM MARIANUM (L.) GAERTN","situacaoApresentacao":"Válido","dataRegistro":"2018-07-30T00:00:00.000-0300","categoriaRegulatoria":{"codigo":4,"descricao":"Fitoterápico"},"medicamentoReferencia":null,"categoriaProduto":null,"tipoAutorizacao":"REGISTRADO","mesAnoVencimentoFormatado":"06/2026","numeroRegistroFormatado":"188300050","acancelar":false},"empresa":{"cnpj":"11643096000122","razaoSocial":"MYLAN LABORATORIOS LTDA","numeroAutorizacao":"1088307","cnpjFormatado":"11.643.096/0001-22"},"processo":{"numero":"25351067927201816","situacao":29,"numeroProcessoFormatado":"25351.067927/2018-16"}},{"ordem":46,"produto":{"codigo":1226036,"nome":"LEPONEX","numeroRegistro":"188300034","tipo":{"codigo":1,"descricao":null},"categoria":null,"situacaoRotulo":null,"dataVencimento":null,"mesAnoVencimento":"032025","dataVencimentoRegistro":"2025-03-01T00:00:00.000-0300","principioAtivo":"CLOZAPINA","situacaoApresentacao":"Válido","dataRegistro":"2018-03-05T00:00:00.000-0300","categoriaRegulatoria":{"codigo":6,"descricao":"Novo"},"medicamentoReferencia":null,"categoriaProduto":null,"tipoAutorizacao":"REGISTRADO","mesAnoVencimentoFormatado":"03/2025","numeroRegistroFormatado":"188300034","acancelar":false},"empresa":{"cnpj":"11643096000122","razaoSocial":"MYLAN LABORATORIOS LTDA","numeroAutorizacao":"1088307","cnpjFormatado":"11.643.096/0001-22"},"processo":{"numero":"25351619486201751","situacao":29,"numeroProcessoFormatado":"25351.619486/2017-51"}},{"ordem":47,"produto":{"codigo":2521094,"nome":"LIPITOR","numeroRegistro":"188300084","tipo":{"codigo":1,"descricao":null},"categoria":null,"situacaoRotulo":null,"dataVencimento":null,"mesAnoVencimento":"042028","dataVencimentoRegistro":"2028-04-01T00:00:00.000-0300","principioAtivo":"ATORVASTATINA CÁLCICA","situacaoApresentacao":"Válido","dataRegistro":"2021-08-30T00:00:00.000-0300","categoriaRegulatoria":{"codigo":8,"descricao":"Similar"},"medicamentoReferencia":null,"categoriaProduto":null,"tipoAutorizacao":"REGISTRADO","mesAnoVencimentoFormatado":"04/2028","numeroRegistroFormatado":"188300084","acancelar":false},"empresa":{"cnpj":"11643096000122","razaoSocial":"MYLAN LABORATORIOS LTDA","numeroAutorizacao":"1088307","cnpjFormatado":"11.643.096/0001-22"},"processo":{"numero":"25351574122202111","situacao":29,"numeroProcessoFormatado":"25351.574122/2021-11"}},{"ordem":48,"produto":{"codigo":1254305,"nome":"MOCLAZOM","numeroRegistro":"188300048","tipo":{"codigo":1,"descricao":null},"categoria":null,"situacaoRotulo":null,"dataVencimento":null,"mesAnoVencimento":"072028","dataVencimentoRegistro":"2028-07-01T00:00:00.000-0300","principioAtivo":null,"situacaoApresentacao":"Caduco/Cancelado","dataRegistro":"2018-07-30T00:00:00.000-0300","categoriaRegulatoria":{"codigo":8,"descricao":"Similar"},"medicamentoReferencia":"AVALOX","categoriaProduto":null,"tipoAutorizacao":"REGISTRADO","mesAnoVencimentoFormatado":"07/2028","numeroRegistroFormatado":"188300048","acancelar":false},"empresa":{"cnpj":"11643096000122","razaoSocial":"MYLAN LABORATORIOS LTDA","numeroAutorizacao":"1088307","cnpjFormatado":"11.643.096/0001-22"},"processo":{"numero":"25351633335201714","situacao":29,"numeroProcessoFormatado":"25351.633335/2017-14"}},{"ordem":49,"produto":{"codigo":1329681,"nome":"MYLVESTON","numeroRegistro":"188300070","tipo":{"codigo":1,"descricao":null},"categoria":null,"situacaoRotulo":null,"dataVencimento":null,"mesAnoVencimento":"062029","dataVencimentoRegistro":"2029-06-01T00:00:00.000-0300","principioAtivo":"FULVESTRANTO","situacaoApresentacao":"Válido","dataRegistro":"2019-06-24T00:00:00.000-0300","categoriaRegulatoria":{"codigo":8,"descricao":"Similar"},"medicamentoReferencia":"Faslodex","categoriaProduto":null,"tipoAutorizacao":"REGISTRADO","mesAnoVencimentoFormatado":"06/2029","numeroRegistroFormatado":"188300070","acancelar":false},"empresa":{"cnpj":"11643096000122","razaoSocial":"MYLAN LABORATORIOS LTDA","numeroAutorizacao":"1088307","cnpjFormatado":"11.643.096/0001-22"},"processo":{"numero":"25351861450201850","situacao":29,"numeroProcessoFormatado":"25351.861450/2018-50"}},{"ordem":50,"produto":{"codigo":950403,"nome":"MYLZAR","numeroRegistro":"188300047","tipo":{"codigo":1,"descricao":null},"categoria":null,"situacaoRotulo":null,"dataVencimento":null,"mesAnoVencimento":"072028","dataVencimentoRegistro":"2028-07-01T00:00:00.000-0300","principioAtivo":"CLORIDRATO DE GENCITABINA","situacaoApresentacao":"Válido","dataRegistro":"2018-07-23T00:00:00.000-0300","categoriaRegulatoria":{"codigo":8,"descricao":"Similar"},"medicamentoReferencia":"GEMZAR","categoriaProduto":null,"tipoAutorizacao":"REGISTRADO","mesAnoVencimentoFormatado":"07/2028","numeroRegistroFormatado":"188300047","acancelar":false},"empresa":{"cnpj":"11643096000122","razaoSocial":"MYLAN LABORATORIOS LTDA","numeroAutorizacao":"1088307","cnpjFormatado":"11.643.096/0001-22"},"processo":{"numero":"25351156879201441","situacao":29,"numeroProcessoFormatado":"25351.156879/2014-41"}},{"ordem":51,"produto":{"codigo":1254024,"nome":"MYZILDREM","numeroRegistro":"188300040","tipo":{"codigo":1,"descricao":null},"categoria":null,"situacaoRotulo":null,"dataVencimento":null,"mesAnoVencimento":"062028","dataVencimentoRegistro":"2028-06-01T00:00:00.000-0300","principioAtivo":null,"situacaoApresentacao":"Caduco/Cancelado","dataRegistro":"2018-06-04T00:00:00.000-0300","categoriaRegulatoria":{"codigo":8,"descricao":"Similar"},"medicamentoReferencia":"NISULID","categoriaProduto":null,"tipoAutorizacao":"REGISTRADO","mesAnoVencimentoFormatado":"06/2028","numeroRegistroFormatado":"188300040","acancelar":false},"empresa":{"cnpj":"11643096000122","razaoSocial":"MYLAN LABORATORIOS LTDA","numeroAutorizacao":"1088307","cnpjFormatado":"11.643.096/0001-22"},"processo":{"numero":"25351634545201711","situacao":29,"numeroProcessoFormatado":"25351.634545/2017-11"}},{"ordem":52,"produto":{"codigo":957490,"nome":"Myllcis","numeroRegistro":"188300055","tipo":{"codigo":1,"descricao":null},"categoria":null,"situacaoRotulo":null,"dataVencimento":null,"mesAnoVencimento":"092028","dataVencimentoRegistro":"2028-09-01T00:00:00.000-0300","principioAtivo":"CISPLATINA","situacaoApresentacao":"Válido","dataRegistro":"2018-09-10T00:00:00.000-0300","categoriaRegulatoria":{"codigo":8,"descricao":"Similar"},"medicamentoReferencia":"C-PLATIN","categoriaProduto":null,"tipoAutorizacao":"REGISTRADO","mesAnoVencimentoFormatado":"09/2028","numeroRegistroFormatado":"188300055","acancelar":false},"empresa":{"cnpj":"11643096000122","razaoSocial":"MYLAN LABORATORIOS LTDA","numeroAutorizacao":"1088307","cnpjFormatado":"11.643.096/0001-22"},"processo":{"numero":"25351244904201486","situacao":29,"numeroProcessoFormatado":"25351.244904/2014-86"}},{"ordem":53,"produto":{"codigo":943698,"nome":"Myltol","numeroRegistro":"188300046","tipo":{"codigo":1,"descricao":null},"categoria":null,"situacaoRotulo":null,"dataVencimento":null,"mesAnoVencimento":"072028","dataVencimentoRegistro":"2028-07-01T00:00:00.000-0300","principioAtivo":"PACLITAXEL","situacaoApresentacao":"Válido","dataRegistro":"2018-07-23T00:00:00.000-0300","categoriaRegulatoria":{"codigo":8,"descricao":"Similar"},"medicamentoReferencia":"TAXOL","categoriaProduto":null,"tipoAutorizacao":"REGISTRADO","mesAnoVencimentoFormatado":"07/2028","numeroRegistroFormatado":"188300046","acancelar":false},"empresa":{"cnpj":"11643096000122","razaoSocial":"MYLAN LABORATORIOS LTDA","numeroAutorizacao":"1088307","cnpjFormatado":"11.643.096/0001-22"},"processo":{"numero":"25351074862201439","situacao":29,"numeroProcessoFormatado":"25351.074862/2014-39"}},{"ordem":54,"produto":{"codigo":771039,"nome":"NEPECEF","numeroRegistro":"188300006","tipo":{"codigo":1,"descricao":null},"categoria":null,"situacaoRotulo":null,"dataVencimento":null,"mesAnoVencimento":"102017","dataVencimentoRegistro":"2017-10-01T00:00:00.000-0300","principioAtivo":null,"situacaoApresentacao":"Caduco/Cancelado","dataRegistro":"2011-10-31T00:00:00.000-0300","categoriaRegulatoria":{"codigo":null,"descricao":null},"medicamentoReferencia":null,"categoriaProduto":null,"tipoAutorizacao":"REGISTRADO","mesAnoVencimentoFormatado":"10/2017","numeroRegistroFormatado":"188300006","acancelar":false},"empresa":{"cnpj":"11643096000122","razaoSocial":"MYLAN LABORATORIOS LTDA","numeroAutorizacao":"1088307","cnpjFormatado":"11.643.096/0001-22"},"processo":{"numero":"25351329921201147","situacao":29,"numeroProcessoFormatado":"25351.329921/2011-47"}},{"ordem":55,"produto":{"codigo":1416270,"nome":"NEPEXTO","numeroRegistro":"188300089","tipo":{"codigo":1,"descricao":null},"categoria":null,"situacaoRotulo":null,"dataVencimento":"2031-12-20T00:00:00.000-0300","mesAnoVencimento":"122031","dataVencimentoRegistro":"2031-12-01T00:00:00.000-0300","principioAtivo":null,"situacaoApresentacao":"Caduco/Cancelado","dataRegistro":"2021-12-27T00:00:00.000-0300","categoriaRegulatoria":{"codigo":1,"descricao":"Biológico"},"medicamentoReferencia":"ENBREL PFS","categoriaProduto":null,"tipoAutorizacao":"REGISTRADO","mesAnoVencimentoFormatado":"12/2031","numeroRegistroFormatado":"188300089","acancelar":false},"empresa":{"cnpj":"11643096000122","razaoSocial":"MYLAN LABORATORIOS LTDA","numeroAutorizacao":"1088307","cnpjFormatado":"11.643.096/0001-22"},"processo":{"numero":"25351406567202099","situacao":29,"numeroProcessoFormatado":"25351.406567/2020-99"}},{"ordem":56,"produto":{"codigo":2416351,"nome":"NORVASC","numeroRegistro":"188300080","tipo":{"codigo":1,"descricao":null},"categoria":null,"situacaoRotulo":null,"dataVencimento":null,"mesAnoVencimento":"082027","dataVencimentoRegistro":"2027-08-01T00:00:00.000-0300","principioAtivo":"BESILATO DE ANLODIPINO","situacaoApresentacao":"Válido","dataRegistro":"2021-07-26T00:00:00.000-0300","categoriaRegulatoria":{"codigo":6,"descricao":"Novo"},"medicamentoReferencia":null,"categoriaProduto":null,"tipoAutorizacao":"REGISTRADO","mesAnoVencimentoFormatado":"08/2027","numeroRegistroFormatado":"188300080","acancelar":false},"empresa":{"cnpj":"11643096000122","razaoSocial":"MYLAN LABORATORIOS LTDA","numeroAutorizacao":"1088307","cnpjFormatado":"11.643.096/0001-22"},"processo":{"numero":"25351574091202107","situacao":29,"numeroProcessoFormatado":"25351.574091/2021-07"}},{"ordem":57,"produto":{"codigo":771031,"nome":"OXACILINA SÓDICA","numeroRegistro":"188300014","tipo":{"codigo":1,"descricao":null},"categoria":null,"situacaoRotulo":null,"dataVencimento":null,"mesAnoVencimento":"042025","dataVencimentoRegistro":"2025-04-01T00:00:00.000-0300","principioAtivo":null,"situacaoApresentacao":"Caduco/Cancelado","dataRegistro":"2011-11-21T00:00:00.000-0300","categoriaRegulatoria":{"codigo":5,"descricao":"Genérico"},"medicamentoReferencia":"STAFICILIN-N","categoriaProduto":null,"tipoAutorizacao":"REGISTRADO","mesAnoVencimentoFormatado":"04/2025","numeroRegistroFormatado":"188300014","acancelar":false},"empresa":{"cnpj":"11643096000122","razaoSocial":"MYLAN LABORATORIOS LTDA","numeroAutorizacao":"1088307","cnpjFormatado":"11.643.096/0001-22"},"processo":{"numero":"25351329846201118","situacao":29,"numeroProcessoFormatado":"25351.329846/2011-18"}},{"ordem":58,"produto":{"codigo":1249418,"nome":"PLANTABEN","numeroRegistro":"188300051","tipo":{"codigo":1,"descricao":null},"categoria":null,"situacaoRotulo":null,"dataVencimento":null,"mesAnoVencimento":"122025","dataVencimentoRegistro":"2025-12-01T00:00:00.000-0300","principioAtivo":"PLANTAGO OVATA FORSSK.","situacaoApresentacao":"Válido","dataRegistro":"2018-07-30T00:00:00.000-0300","categoriaRegulatoria":{"codigo":4,"descricao":"Fitoterápico"},"medicamentoReferencia":null,"categoriaProduto":null,"tipoAutorizacao":"REGISTRADO","mesAnoVencimentoFormatado":"12/2025","numeroRegistroFormatado":"188300051","acancelar":false},"empresa":{"cnpj":"11643096000122","razaoSocial":"MYLAN LABORATORIOS LTDA","numeroAutorizacao":"1088307","cnpjFormatado":"11.643.096/0001-22"},"processo":{"numero":"25351067929201805","situacao":29,"numeroProcessoFormatado":"25351.067929/2018-05"}},{"ordem":59,"produto":{"codigo":1182688,"nome":"POLIXIL B","numeroRegistro":"188300026","tipo":{"codigo":1,"descricao":null},"categoria":null,"situacaoRotulo":null,"dataVencimento":null,"mesAnoVencimento":"042027","dataVencimentoRegistro":"2027-04-01T00:00:00.000-0300","principioAtivo":"SULFATO DE POLIMIXINA B","situacaoApresentacao":"Válido","dataRegistro":"2017-08-14T00:00:00.000-0300","categoriaRegulatoria":{"codigo":8,"descricao":"Similar"},"medicamentoReferencia":"BEDFORDPOLY - B","categoriaProduto":null,"tipoAutorizacao":"REGISTRADO","mesAnoVencimentoFormatado":"04/2027","numeroRegistroFormatado":"188300026","acancelar":false},"empresa":{"cnpj":"11643096000122","razaoSocial":"MYLAN LABORATORIOS LTDA","numeroAutorizacao":"1088307","cnpjFormatado":"11.643.096/0001-22"},"processo":{"numero":"25351300000201703","situacao":29,"numeroProcessoFormatado":"25351.300000/2017-03"}},{"ordem":60,"produto":{"codigo":1318930,"nome":"REPARIL","numeroRegistro":"188300068","tipo":{"codigo":1,"descricao":null},"categoria":null,"situacaoRotulo":null,"dataVencimento":null,"mesAnoVencimento":"012025","dataVencimentoRegistro":"2025-01-01T00:00:00.000-0300","principioAtivo":"ESCINA, salicilato de dietilamônio","situacaoApresentacao":"Válido","dataRegistro":"2019-04-29T00:00:00.000-0300","categoriaRegulatoria":{"codigo":6,"descricao":"Novo"},"medicamentoReferencia":null,"categoriaProduto":null,"tipoAutorizacao":"REGISTRADO","mesAnoVencimentoFormatado":"01/2025","numeroRegistroFormatado":"188300068","acancelar":false},"empresa":{"cnpj":"11643096000122","razaoSocial":"MYLAN LABORATORIOS LTDA","numeroAutorizacao":"1088307","cnpjFormatado":"11.643.096/0001-22"},"processo":{"numero":"25351108965201917","situacao":29,"numeroProcessoFormatado":"25351.108965/2019-17"}},{"ordem":61,"produto":{"codigo":2416235,"nome":"REVATIO","numeroRegistro":"188300079","tipo":{"codigo":1,"descricao":null},"categoria":null,"situacaoRotulo":null,"dataVencimento":null,"mesAnoVencimento":"072025","dataVencimentoRegistro":"2025-07-01T00:00:00.000-0300","principioAtivo":"CITRATO DE SILDENAFILA","situacaoApresentacao":"Válido","dataRegistro":"2021-07-26T00:00:00.000-0300","categoriaRegulatoria":{"codigo":6,"descricao":"Novo"},"medicamentoReferencia":null,"categoriaProduto":null,"tipoAutorizacao":"REGISTRADO","mesAnoVencimentoFormatado":"07/2025","numeroRegistroFormatado":"188300079","acancelar":false},"empresa":{"cnpj":"11643096000122","razaoSocial":"MYLAN LABORATORIOS LTDA","numeroAutorizacao":"1088307","cnpjFormatado":"11.643.096/0001-22"},"processo":{"numero":"25351574079202194","situacao":29,"numeroProcessoFormatado":"25351.574079/2021-94"}},{"ordem":62,"produto":{"codigo":1270850,"nome":"RINO-LASTIN","numeroRegistro":"188300057","tipo":{"codigo":1,"descricao":null},"categoria":null,"situacaoRotulo":null,"dataVencimento":null,"mesAnoVencimento":"042025","dataVencimentoRegistro":"2025-04-01T00:00:00.000-0300","principioAtivo":null,"situacaoApresentacao":"Caduco/Cancelado","dataRegistro":"2018-09-17T00:00:00.000-0300","categoriaRegulatoria":{"codigo":6,"descricao":"Novo"},"medicamentoReferencia":null,"categoriaProduto":null,"tipoAutorizacao":"REGISTRADO","mesAnoVencimentoFormatado":"04/2025","numeroRegistroFormatado":"188300057","acancelar":false},"empresa":{"cnpj":"11643096000122","razaoSocial":"MYLAN LABORATORIOS LTDA","numeroAutorizacao":"1088307","cnpjFormatado":"11.643.096/0001-22"},"processo":{"numero":"25351225890201849","situacao":29,"numeroProcessoFormatado":"25351.225890/2018-49"}},{"ordem":63,"produto":{"codigo":2268887,"nome":"SEMGLEE","numeroRegistro":"188300095","tipo":{"codigo":1,"descricao":null},"categoria":null,"situacaoRotulo":null,"dataVencimento":"2033-01-30T00:00:00.000-0300","mesAnoVencimento":"012033","dataVencimentoRegistro":"2033-01-01T00:00:00.000-0300","principioAtivo":null,"situacaoApresentacao":"Caduco/Cancelado","dataRegistro":"2023-01-30T00:00:00.000-0300","categoriaRegulatoria":{"codigo":1,"descricao":"Biológico"},"medicamentoReferencia":"LANTUS","categoriaProduto":null,"tipoAutorizacao":"REGISTRADO","mesAnoVencimentoFormatado":"01/2033","numeroRegistroFormatado":"188300095","acancelar":false},"empresa":{"cnpj":"11643096000122","razaoSocial":"MYLAN LABORATORIOS LTDA","numeroAutorizacao":"1088307","cnpjFormatado":"11.643.096/0001-22"},"processo":{"numero":"25351154721202112","situacao":29,"numeroProcessoFormatado":"25351.154721/2021-12"}},{"ordem":64,"produto":{"codigo":1254032,"nome":"SNOUSE","numeroRegistro":"188300041","tipo":{"codigo":1,"descricao":null},"categoria":null,"situacaoRotulo":null,"dataVencimento":null,"mesAnoVencimento":"062028","dataVencimentoRegistro":"2028-06-01T00:00:00.000-0300","principioAtivo":null,"situacaoApresentacao":"Caduco/Cancelado","dataRegistro":"2018-06-04T00:00:00.000-0300","categoriaRegulatoria":{"codigo":3,"descricao":"Específico"},"medicamentoReferencia":null,"categoriaProduto":null,"tipoAutorizacao":"REGISTRADO","mesAnoVencimentoFormatado":"06/2028","numeroRegistroFormatado":"188300041","acancelar":false},"empresa":{"cnpj":"11643096000122","razaoSocial":"MYLAN LABORATORIOS LTDA","numeroAutorizacao":"1088307","cnpjFormatado":"11.643.096/0001-22"},"processo":{"numero":"25351022175201856","situacao":29,"numeroProcessoFormatado":"25351.022175/2018-56"}},{"ordem":65,"produto":{"codigo":770804,"nome":"SULBACTER","numeroRegistro":"188300015","tipo":{"codigo":1,"descricao":null},"categoria":null,"situacaoRotulo":null,"dataVencimento":null,"mesAnoVencimento":"042018","dataVencimentoRegistro":"2018-04-01T00:00:00.000-0300","principioAtivo":null,"situacaoApresentacao":"Caduco/Cancelado","dataRegistro":"2011-11-21T00:00:00.000-0300","categoriaRegulatoria":{"codigo":null,"descricao":null},"medicamentoReferencia":"Unasyn","categoriaProduto":null,"tipoAutorizacao":"REGISTRADO","mesAnoVencimentoFormatado":"04/2018","numeroRegistroFormatado":"188300015","acancelar":false},"empresa":{"cnpj":"11643096000122","razaoSocial":"MYLAN LABORATORIOS LTDA","numeroAutorizacao":"1088307","cnpjFormatado":"11.643.096/0001-22"},"processo":{"numero":"25351329873201180","situacao":29,"numeroProcessoFormatado":"25351.329873/2011-80"}},{"ordem":66,"produto":{"codigo":1242481,"nome":"SYNTOCINON","numeroRegistro":"188300043","tipo":{"codigo":1,"descricao":null},"categoria":null,"situacaoRotulo":null,"dataVencimento":null,"mesAnoVencimento":"102029","dataVencimentoRegistro":"2029-10-01T00:00:00.000-0300","principioAtivo":"OCITOCINA","situacaoApresentacao":"Válido","dataRegistro":"2018-06-25T00:00:00.000-0300","categoriaRegulatoria":{"codigo":6,"descricao":"Novo"},"medicamentoReferencia":null,"categoriaProduto":null,"tipoAutorizacao":"REGISTRADO","mesAnoVencimentoFormatado":"10/2029","numeroRegistroFormatado":"188300043","acancelar":false},"empresa":{"cnpj":"11643096000122","razaoSocial":"MYLAN LABORATORIOS LTDA","numeroAutorizacao":"1088307","cnpjFormatado":"11.643.096/0001-22"},"processo":{"numero":"25351077574201854","situacao":29,"numeroProcessoFormatado":"25351.077574/2018-54"}},{"ordem":67,"produto":{"codigo":771056,"nome":"TAZPEN","numeroRegistro":"188300007","tipo":{"codigo":1,"descricao":null},"categoria":null,"situacaoRotulo":null,"dataVencimento":null,"mesAnoVencimento":"092027","dataVencimentoRegistro":"2027-09-01T00:00:00.000-0300","principioAtivo":null,"situacaoApresentacao":"Caduco/Cancelado","dataRegistro":"2011-10-31T00:00:00.000-0300","categoriaRegulatoria":{"codigo":8,"descricao":"Similar"},"medicamentoReferencia":null,"categoriaProduto":null,"tipoAutorizacao":"REGISTRADO","mesAnoVencimentoFormatado":"09/2027","numeroRegistroFormatado":"188300007","acancelar":false},"empresa":{"cnpj":"11643096000122","razaoSocial":"MYLAN LABORATORIOS LTDA","numeroAutorizacao":"1088307","cnpjFormatado":"11.643.096/0001-22"},"processo":{"numero":"25351329925201153","situacao":29,"numeroProcessoFormatado":"25351.329925/2011-53"}},{"ordem":68,"produto":{"codigo":1901831,"nome":"THIOCTACID","numeroRegistro":"188300074","tipo":{"codigo":1,"descricao":null},"categoria":null,"situacaoRotulo":null,"dataVencimento":null,"mesAnoVencimento":"042026","dataVencimentoRegistro":"2026-04-01T00:00:00.000-0300","principioAtivo":"ÁCIDO TIÓCTICO","situacaoApresentacao":"Válido","dataRegistro":"2021-02-08T00:00:00.000-0300","categoriaRegulatoria":{"codigo":6,"descricao":"Novo"},"medicamentoReferencia":null,"categoriaProduto":null,"tipoAutorizacao":"REGISTRADO","mesAnoVencimentoFormatado":"04/2026","numeroRegistroFormatado":"188300074","acancelar":false},"empresa":{"cnpj":"11643096000122","razaoSocial":"MYLAN LABORATORIOS LTDA","numeroAutorizacao":"1088307","cnpjFormatado":"11.643.096/0001-22"},"processo":{"numero":"25351465264202016","situacao":29,"numeroProcessoFormatado":"25351.465264/2020-16"}},{"ordem":69,"produto":{"codigo":1252605,"nome":"TIMASEN SR","numeroRegistro":"188300044","tipo":{"codigo":1,"descricao":null},"categoria":null,"situacaoRotulo":null,"dataVencimento":null,"mesAnoVencimento":"122026","dataVencimentoRegistro":"2026-12-01T00:00:00.000-0300","principioAtivo":null,"situacaoApresentacao":"Caduco/Cancelado","dataRegistro":"2018-06-25T00:00:00.000-0300","categoriaRegulatoria":{"codigo":8,"descricao":"Similar"},"medicamentoReferencia":null,"categoriaProduto":null,"tipoAutorizacao":"REGISTRADO","mesAnoVencimentoFormatado":"12/2026","numeroRegistroFormatado":"188300044","acancelar":false},"empresa":{"cnpj":"11643096000122","razaoSocial":"MYLAN LABORATORIOS LTDA","numeroAutorizacao":"1088307","cnpjFormatado":"11.643.096/0001-22"},"processo":{"numero":"25351225875201809","situacao":29,"numeroProcessoFormatado":"25351.225875/2018-09"}},{"ordem":70,"produto":{"codigo":1317980,"nome":"TOBI","numeroRegistro":"188300066","tipo":{"codigo":1,"descricao":null},"categoria":null,"situacaoRotulo":null,"dataVencimento":null,"mesAnoVencimento":"112027","dataVencimentoRegistro":"2027-11-01T00:00:00.000-0300","principioAtivo":null,"situacaoApresentacao":"Caduco/Cancelado","dataRegistro":"2019-04-22T00:00:00.000-0300","categoriaRegulatoria":{"codigo":6,"descricao":"Novo"},"medicamentoReferencia":null,"categoriaProduto":null,"tipoAutorizacao":"REGISTRADO","mesAnoVencimentoFormatado":"11/2027","numeroRegistroFormatado":"188300066","acancelar":false},"empresa":{"cnpj":"11643096000122","razaoSocial":"MYLAN LABORATORIOS LTDA","numeroAutorizacao":"1088307","cnpjFormatado":"11.643.096/0001-22"},"processo":{"numero":"25351045170201982","situacao":29,"numeroProcessoFormatado":"25351.045170/2019-82"}},{"ordem":71,"produto":{"codigo":1272577,"nome":"Tilatil","numeroRegistro":"188300059","tipo":{"codigo":1,"descricao":null},"categoria":null,"situacaoRotulo":null,"dataVencimento":null,"mesAnoVencimento":"012026","dataVencimentoRegistro":"2026-01-01T00:00:00.000-0300","principioAtivo":"TENOXICAM","situacaoApresentacao":"Válido","dataRegistro":"2018-09-17T00:00:00.000-0300","categoriaRegulatoria":{"codigo":6,"descricao":"Novo"},"medicamentoReferencia":null,"categoriaProduto":null,"tipoAutorizacao":"REGISTRADO","mesAnoVencimentoFormatado":"01/2026","numeroRegistroFormatado":"188300059","acancelar":false},"empresa":{"cnpj":"11643096000122","razaoSocial":"MYLAN LABORATORIOS LTDA","numeroAutorizacao":"1088307","cnpjFormatado":"11.643.096/0001-22"},"processo":{"numero":"25351400532201821","situacao":29,"numeroProcessoFormatado":"25351.400532/2018-21"}},{"ordem":72,"produto":{"codigo":2413143,"nome":"VIAGRA","numeroRegistro":"188300077","tipo":{"codigo":1,"descricao":null},"categoria":null,"situacaoRotulo":null,"dataVencimento":null,"mesAnoVencimento":"022028","dataVencimentoRegistro":"2028-02-01T00:00:00.000-0300","principioAtivo":"CITRATO DE SILDENAFILA","situacaoApresentacao":"Válido","dataRegistro":"2021-07-26T00:00:00.000-0300","categoriaRegulatoria":{"codigo":6,"descricao":"Novo"},"medicamentoReferencia":null,"categoriaProduto":null,"tipoAutorizacao":"REGISTRADO","mesAnoVencimentoFormatado":"02/2028","numeroRegistroFormatado":"188300077","acancelar":false},"empresa":{"cnpj":"11643096000122","razaoSocial":"MYLAN LABORATORIOS LTDA","numeroAutorizacao":"1088307","cnpjFormatado":"11.643.096/0001-22"},"processo":{"numero":"25351574065202171","situacao":29,"numeroProcessoFormatado":"25351.574065/2021-71"}},{"ordem":73,"produto":{"codigo":3613055,"nome":"XANEV","numeroRegistro":"188300097","tipo":{"codigo":1,"descricao":null},"categoria":null,"situacaoRotulo":null,"dataVencimento":"2033-05-11T00:00:00.000-0300","mesAnoVencimento":"052033","dataVencimentoRegistro":"2033-05-01T00:00:00.000-0300","principioAtivo":"RIVAROXABANA","situacaoApresentacao":"Válido","dataRegistro":"2023-05-15T00:00:00.000-0300","categoriaRegulatoria":{"codigo":8,"descricao":"Similar"},"medicamentoReferencia":"XARELTO","categoriaProduto":null,"tipoAutorizacao":"REGISTRADO","mesAnoVencimentoFormatado":"05/2033","numeroRegistroFormatado":"188300097","acancelar":false},"empresa":{"cnpj":"11643096000122","razaoSocial":"MYLAN LABORATORIOS LTDA","numeroAutorizacao":"1088307","cnpjFormatado":"11.643.096/0001-22"},"processo":{"numero":"25351124664202317","situacao":29,"numeroProcessoFormatado":"25351.124664/2023-17"}},{"ordem":74,"produto":{"codigo":1591407,"nome":"YUPELRI","numeroRegistro":"188300100","tipo":{"codigo":1,"descricao":null},"categoria":null,"situacaoRotulo":null,"dataVencimento":"2034-05-20T00:00:00.000-0300","mesAnoVencimento":"052034","dataVencimentoRegistro":"2034-05-01T00:00:00.000-0300","principioAtivo":"REVEFENACINA","situacaoApresentacao":"Válido","dataRegistro":"2024-05-20T00:00:00.000-0300","categoriaRegulatoria":{"codigo":6,"descricao":"Novo"},"medicamentoReferencia":null,"categoriaProduto":null,"tipoAutorizacao":"REGISTRADO","mesAnoVencimentoFormatado":"05/2034","numeroRegistroFormatado":"188300100","acancelar":false},"empresa":{"cnpj":"11643096000122","razaoSocial":"MYLAN LABORATORIOS LTDA","numeroAutorizacao":"1088307","cnpjFormatado":"11.643.096/0001-22"},"processo":{"numero":"25351258031202051","situacao":29,"numeroProcessoFormatado":"25351.258031/2020-51"}},{"ordem":75,"produto":{"codigo":3321853,"nome":"ZELAZAFER","numeroRegistro":"188300096","tipo":{"codigo":1,"descricao":null},"categoria":null,"situacaoRotulo":null,"dataVencimento":null,"mesAnoVencimento":"032033","dataVencimentoRegistro":"2033-03-01T00:00:00.000-0300","principioAtivo":"sacarato de óxido férrico","situacaoApresentacao":"Válido","dataRegistro":"2023-03-06T00:00:00.000-0300","categoriaRegulatoria":{"codigo":3,"descricao":"Específico"},"medicamentoReferencia":null,"categoriaProduto":null,"tipoAutorizacao":"REGISTRADO","mesAnoVencimentoFormatado":"03/2033","numeroRegistroFormatado":"188300096","acancelar":false},"empresa":{"cnpj":"11643096000122","razaoSocial":"MYLAN LABORATORIOS LTDA","numeroAutorizacao":"1088307","cnpjFormatado":"11.643.096/0001-22"},"processo":{"numero":"25351486582202193","situacao":29,"numeroProcessoFormatado":"25351.486582/2021-93"}},{"ordem":76,"produto":{"codigo":771044,"nome":"ZENCEF","numeroRegistro":"188300008","tipo":{"codigo":1,"descricao":null},"categoria":null,"situacaoRotulo":null,"dataVencimento":null,"mesAnoVencimento":"112025","dataVencimentoRegistro":"2025-11-01T00:00:00.000-0300","principioAtivo":null,"situacaoApresentacao":"Caduco/Cancelado","dataRegistro":"2011-10-31T00:00:00.000-0300","categoriaRegulatoria":{"codigo":8,"descricao":"Similar"},"medicamentoReferencia":null,"categoriaProduto":null,"tipoAutorizacao":"REGISTRADO","mesAnoVencimentoFormatado":"11/2025","numeroRegistroFormatado":"188300008","acancelar":false},"empresa":{"cnpj":"11643096000122","razaoSocial":"MYLAN LABORATORIOS LTDA","numeroAutorizacao":"1088307","cnpjFormatado":"11.643.096/0001-22"},"processo":{"numero":"25351329930201130","situacao":29,"numeroProcessoFormatado":"25351.329930/2011-30"}},{"ordem":77,"produto":{"codigo":2415564,"nome":"ZOLOFT","numeroRegistro":"188300078","tipo":{"codigo":1,"descricao":null},"categoria":null,"situacaoRotulo":null,"dataVencimento":null,"mesAnoVencimento":"032029","dataVencimentoRegistro":"2029-03-01T00:00:00.000-0300","principioAtivo":"CLORIDRATO DE SERTRALINA","situacaoApresentacao":"Válido","dataRegistro":"2021-07-26T00:00:00.000-0300","categoriaRegulatoria":{"codigo":6,"descricao":"Novo"},"medicamentoReferencia":null,"categoriaProduto":null,"tipoAutorizacao":"REGISTRADO","mesAnoVencimentoFormatado":"03/2029","numeroRegistroFormatado":"188300078","acancelar":false},"empresa":{"cnpj":"11643096000122","razaoSocial":"MYLAN LABORATORIOS LTDA","numeroAutorizacao":"1088307","cnpjFormatado":"11.643.096/0001-22"},"processo":{"numero":"25351574068202112","situacao":29,"numeroProcessoFormatado":"25351.574068/2021-12"}},{"ordem":78,"produto":{"codigo":1300391,"nome":"ZOMYLE","numeroRegistro":"188300075","tipo":{"codigo":1,"descricao":null},"categoria":null,"situacaoRotulo":null,"dataVencimento":null,"mesAnoVencimento":"022031","dataVencimentoRegistro":"2031-02-01T00:00:00.000-0300","principioAtivo":"BORTEZOMIBE","situacaoApresentacao":"Válido","dataRegistro":"2021-02-17T00:00:00.000-0300","categoriaRegulatoria":{"codigo":8,"descricao":"Similar"},"medicamentoReferencia":"VELCADE","categoriaProduto":null,"tipoAutorizacao":"REGISTRADO","mesAnoVencimentoFormatado":"02/2031","numeroRegistroFormatado":"188300075","acancelar":false},"empresa":{"cnpj":"11643096000122","razaoSocial":"MYLAN LABORATORIOS LTDA","numeroAutorizacao":"1088307","cnpjFormatado":"11.643.096/0001-22"},"processo":{"numero":"25351016964201939","situacao":29,"numeroProcessoFormatado":"25351.016964/2019-39"}},{"ordem":79,"produto":{"codigo":1317685,"nome":"ZOTEON PÓ","numeroRegistro":"188300067","tipo":{"codigo":1,"descricao":null},"categoria":null,"situacaoRotulo":null,"dataVencimento":null,"mesAnoVencimento":"102028","dataVencimentoRegistro":"2028-10-01T00:00:00.000-0300","principioAtivo":"TOBRAMICINA","situacaoApresentacao":"Válido","dataRegistro":"2019-04-22T00:00:00.000-0300","categoriaRegulatoria":{"codigo":6,"descricao":"Novo"},"medicamentoReferencia":null,"categoriaProduto":null,"tipoAutorizacao":"REGISTRADO","mesAnoVencimentoFormatado":"10/2028","numeroRegistroFormatado":"188300067","acancelar":false},"empresa":{"cnpj":"11643096000122","razaoSocial":"MYLAN LABORATORIOS LTDA","numeroAutorizacao":"1088307","cnpjFormatado":"11.643.096/0001-22"},"processo":{"numero":"25351045143201918","situacao":29,"numeroProcessoFormatado":"25351.045143/2019-18"}},{"ordem":80,"produto":{"codigo":1190413,"nome":"ZYLPEN","numeroRegistro":"188300028","tipo":{"codigo":1,"descricao":null},"categoria":null,"situacaoRotulo":null,"dataVencimento":null,"mesAnoVencimento":"112028","dataVencimentoRegistro":"2028-11-01T00:00:00.000-0300","principioAtivo":null,"situacaoApresentacao":"Caduco/Cancelado","dataRegistro":"2017-08-28T00:00:00.000-0300","categoriaRegulatoria":{"codigo":8,"descricao":"Similar"},"medicamentoReferencia":null,"categoriaProduto":null,"tipoAutorizacao":"REGISTRADO","mesAnoVencimentoFormatado":"11/2028","numeroRegistroFormatado":"188300028","acancelar":false},"empresa":{"cnpj":"11643096000122","razaoSocial":"MYLAN LABORATORIOS LTDA","numeroAutorizacao":"1088307","cnpjFormatado":"11.643.096/0001-22"},"processo":{"numero":"25351339396201727","situacao":29,"numeroProcessoFormatado":"25351.339396/2017-27"}},{"ordem":81,"produto":{"codigo":770584,"nome":"amoxicilina + clavulanato de potássio","numeroRegistro":"188300013","tipo":{"codigo":1,"descricao":null},"categoria":null,"situacaoRotulo":null,"dataVencimento":null,"mesAnoVencimento":"102015","dataVencimentoRegistro":"2015-10-01T00:00:00.000-0300","principioAtivo":null,"situacaoApresentacao":"Caduco/Cancelado","dataRegistro":"2011-11-21T00:00:00.000-0300","categoriaRegulatoria":{"codigo":null,"descricao":null},"medicamentoReferencia":"Clavulin IV","categoriaProduto":null,"tipoAutorizacao":"REGISTRADO","mesAnoVencimentoFormatado":"10/2015","numeroRegistroFormatado":"188300013","acancelar":false},"empresa":{"cnpj":"11643096000122","razaoSocial":"MYLAN LABORATORIOS LTDA","numeroAutorizacao":"1088307","cnpjFormatado":"11.643.096/0001-22"},"processo":{"numero":"25351329758201177","situacao":29,"numeroProcessoFormatado":"25351.329758/2011-77"}},{"ordem":82,"produto":{"codigo":2506132,"nome":"besilato de anlodipino","numeroRegistro":"188300083","tipo":{"codigo":1,"descricao":null},"categoria":null,"situacaoRotulo":null,"dataVencimento":null,"mesAnoVencimento":"092025","dataVencimentoRegistro":"2025-09-01T00:00:00.000-0300","principioAtivo":"BESILATO DE ANLODIPINO","situacaoApresentacao":"Válido","dataRegistro":"2021-08-23T00:00:00.000-0300","categoriaRegulatoria":{"codigo":5,"descricao":"Genérico"},"medicamentoReferencia":"NORVASC","categoriaProduto":null,"tipoAutorizacao":"REGISTRADO","mesAnoVencimentoFormatado":"09/2025","numeroRegistroFormatado":"188300083","acancelar":false},"empresa":{"cnpj":"11643096000122","razaoSocial":"MYLAN LABORATORIOS LTDA","numeroAutorizacao":"1088307","cnpjFormatado":"11.643.096/0001-22"},"processo":{"numero":"25351574168202131","situacao":29,"numeroProcessoFormatado":"25351.574168/2021-31"}},{"ordem":83,"produto":{"codigo":1038463,"nome":"brometo de rocurônio","numeroRegistro":"188300056","tipo":{"codigo":1,"descricao":null},"categoria":null,"situacaoRotulo":null,"dataVencimento":null,"mesAnoVencimento":"092028","dataVencimentoRegistro":"2028-09-01T00:00:00.000-0300","principioAtivo":"BROMETO DE ROCURÔNIO","situacaoApresentacao":"Válido","dataRegistro":"2018-09-10T00:00:00.000-0300","categoriaRegulatoria":{"codigo":5,"descricao":"Genérico"},"medicamentoReferencia":"Esmeron","categoriaProduto":null,"tipoAutorizacao":"REGISTRADO","mesAnoVencimentoFormatado":"09/2028","numeroRegistroFormatado":"188300056","acancelar":false},"empresa":{"cnpj":"11643096000122","razaoSocial":"MYLAN LABORATORIOS LTDA","numeroAutorizacao":"1088307","cnpjFormatado":"11.643.096/0001-22"},"processo":{"numero":"25351248517201511","situacao":29,"numeroProcessoFormatado":"25351.248517/2015-11"}},{"ordem":84,"produto":{"codigo":1162043,"nome":"fulvestranto","numeroRegistro":"188300063","tipo":{"codigo":1,"descricao":null},"categoria":null,"situacaoRotulo":null,"dataVencimento":null,"mesAnoVencimento":"122028","dataVencimentoRegistro":"2028-12-01T00:00:00.000-0300","principioAtivo":"FULVESTRANTO","situacaoApresentacao":"Válido","dataRegistro":"2018-12-10T00:00:00.000-0300","categoriaRegulatoria":{"codigo":5,"descricao":"Genérico"},"medicamentoReferencia":"Faslodex","categoriaProduto":null,"tipoAutorizacao":"REGISTRADO","mesAnoVencimentoFormatado":"12/2028","numeroRegistroFormatado":"188300063","acancelar":false},"empresa":{"cnpj":"11643096000122","razaoSocial":"MYLAN LABORATORIOS LTDA","numeroAutorizacao":"1088307","cnpjFormatado":"11.643.096/0001-22"},"processo":{"numero":"25351174705201778","situacao":29,"numeroProcessoFormatado":"25351.174705/2017-78"}},{"ordem":85,"produto":{"codigo":1265756,"nome":"meropeném","numeroRegistro":"188300054","tipo":{"codigo":1,"descricao":null},"categoria":null,"situacaoRotulo":null,"dataVencimento":null,"mesAnoVencimento":"082028","dataVencimentoRegistro":"2028-08-01T00:00:00.000-0300","principioAtivo":null,"situacaoApresentacao":"Caduco/Cancelado","dataRegistro":"2018-08-20T00:00:00.000-0300","categoriaRegulatoria":{"codigo":5,"descricao":"Genérico"},"medicamentoReferencia":"MERONEM IV","categoriaProduto":null,"tipoAutorizacao":"REGISTRADO","mesAnoVencimentoFormatado":"08/2028","numeroRegistroFormatado":"188300054","acancelar":false},"empresa":{"cnpj":"11643096000122","razaoSocial":"MYLAN LABORATORIOS LTDA","numeroAutorizacao":"1088307","cnpjFormatado":"11.643.096/0001-22"},"processo":{"numero":"25351284769201859","situacao":29,"numeroProcessoFormatado":"25351.284769/2018-59"}},{"ordem":86,"produto":{"codigo":1078328,"nome":"oxaliplatina","numeroRegistro":"188300062","tipo":{"codigo":1,"descricao":null},"categoria":null,"situacaoRotulo":null,"dataVencimento":null,"mesAnoVencimento":"122028","dataVencimentoRegistro":"2028-12-01T00:00:00.000-0300","principioAtivo":"OXALIPLATINA","situacaoApresentacao":"Válido","dataRegistro":"2018-12-17T00:00:00.000-0300","categoriaRegulatoria":{"codigo":5,"descricao":"Genérico"},"medicamentoReferencia":"BIOEZULEN","categoriaProduto":null,"tipoAutorizacao":"REGISTRADO","mesAnoVencimentoFormatado":"12/2028","numeroRegistroFormatado":"188300062","acancelar":false},"empresa":{"cnpj":"11643096000122","razaoSocial":"MYLAN LABORATORIOS LTDA","numeroAutorizacao":"1088307","cnpjFormatado":"11.643.096/0001-22"},"processo":{"numero":"25351668567201511","situacao":29,"numeroProcessoFormatado":"25351.668567/2015-11"}},{"ordem":87,"produto":{"codigo":1376570,"nome":"pemetrexede dissódico","numeroRegistro":"188300090","tipo":{"codigo":1,"descricao":null},"categoria":null,"situacaoRotulo":null,"dataVencimento":null,"mesAnoVencimento":"032032","dataVencimentoRegistro":"2032-03-01T00:00:00.000-0300","principioAtivo":"pemetrexede dissódico","situacaoApresentacao":"Válido","dataRegistro":"2022-03-02T00:00:00.000-0300","categoriaRegulatoria":{"codigo":5,"descricao":"Genérico"},"medicamentoReferencia":"ALIMTA","categoriaProduto":null,"tipoAutorizacao":"REGISTRADO","mesAnoVencimentoFormatado":"03/2032","numeroRegistroFormatado":"188300090","acancelar":false},"empresa":{"cnpj":"11643096000122","razaoSocial":"MYLAN LABORATORIOS LTDA","numeroAutorizacao":"1088307","cnpjFormatado":"11.643.096/0001-22"},"processo":{"numero":"25351706675201925","situacao":29,"numeroProcessoFormatado":"25351.706675/2019-25"}},{"ordem":88,"produto":{"codigo":771041,"nome":"piperacilina sódica + tazobactam sódico","numeroRegistro":"188300002","tipo":{"codigo":1,"descricao":null},"categoria":null,"situacaoRotulo":null,"dataVencimento":null,"mesAnoVencimento":"052028","dataVencimentoRegistro":"2028-05-01T00:00:00.000-0300","principioAtivo":"PIPERACILINA SÓDICA, TAZOBACTAM SÓDICO","situacaoApresentacao":"Válido","dataRegistro":"2011-10-24T00:00:00.000-0300","categoriaRegulatoria":{"codigo":5,"descricao":"Genérico"},"medicamentoReferencia":"Tazocin","categoriaProduto":null,"tipoAutorizacao":"REGISTRADO","mesAnoVencimentoFormatado":"05/2028","numeroRegistroFormatado":"188300002","acancelar":false},"empresa":{"cnpj":"11643096000122","razaoSocial":"MYLAN LABORATORIOS LTDA","numeroAutorizacao":"1088307","cnpjFormatado":"11.643.096/0001-22"},"processo":{"numero":"25351329836201190","situacao":29,"numeroProcessoFormatado":"25351.329836/2011-90"}},{"ordem":89,"produto":{"codigo":1012584,"nome":"ácido zoledrônico","numeroRegistro":"188300060","tipo":{"codigo":1,"descricao":null},"categoria":null,"situacaoRotulo":null,"dataVencimento":null,"mesAnoVencimento":"102028","dataVencimentoRegistro":"2028-10-01T00:00:00.000-0300","principioAtivo":"ácido zoledrônico monoidratado","situacaoApresentacao":"Válido","dataRegistro":"2018-10-01T00:00:00.000-0300","categoriaRegulatoria":{"codigo":5,"descricao":"Genérico"},"medicamentoReferencia":"ZOMETA","categoriaProduto":null,"tipoAutorizacao":"REGISTRADO","mesAnoVencimentoFormatado":"10/2028","numeroRegistroFormatado":"188300060","acancelar":false},"empresa":{"cnpj":"11643096000122","razaoSocial":"MYLAN LABORATORIOS LTDA","numeroAutorizacao":"1088307","cnpjFormatado":"11.643.096/0001-22"},"processo":{"numero":"25351771065201417","situacao":29,"numeroProcessoFormatado":"25351.771065/2014-17"}}],"totalPages":1,"totalElements":89,"last":true,"numberOfElements":89,"first":true,"sort":null,"size":1000,"number":0}