{"content":[{"ordem":1,"produto":{"codigo":1343701,"nome":"Xeomin","numeroRegistro":"188020001","tipo":{"codigo":1,"descricao":null},"categoria":null,"situacaoRotulo":null,"dataVencimento":"2029-12-25T00:00:00.000-0300","mesAnoVencimento":"122029","dataVencimentoRegistro":"2029-12-01T00:00:00.000-0300","principioAtivo":"toxina botulínica A","situacaoApresentacao":"Válido","dataRegistro":"2019-08-19T00:00:00.000-0300","categoriaRegulatoria":{"codigo":1,"descricao":"Biológico"},"medicamentoReferencia":null,"categoriaProduto":null,"tipoAutorizacao":"REGISTRADO","numeroRegistroFormatado":"188020001","mesAnoVencimentoFormatado":"12/2029","acancelar":false},"empresa":{"cnpj":"11681446000145","razaoSocial":"MERZ FARMACÊUTICA COMERCIAL LTDA","numeroAutorizacao":"1088021","cnpjFormatado":"11.681.446/0001-45"},"processo":{"numero":"25351330699201907","situacao":29,"numeroProcessoFormatado":"25351.330699/2019-07"}}],"totalElements":1,"totalPages":1,"last":true,"numberOfElements":1,"first":true,"sort":null,"size":1000,"number":0}