{"content":[{"ordem":1,"produto":{"codigo":1264757,"nome":"Crysvita","numeroRegistro":"192710002","tipo":{"codigo":1,"descricao":null},"categoria":null,"situacaoRotulo":null,"dataVencimento":null,"mesAnoVencimento":"032029","dataVencimentoRegistro":"2029-03-01T00:00:00.000-0300","principioAtivo":null,"situacaoApresentacao":"Caduco/Cancelado","dataRegistro":"2019-03-25T00:00:00.000-0300","categoriaRegulatoria":{"codigo":1,"descricao":"Biológico"},"medicamentoReferencia":null,"categoriaProduto":null,"tipoAutorizacao":"REGISTRADO","acancelar":false,"mesAnoVencimentoFormatado":"03/2029","numeroRegistroFormatado":"192710002"},"empresa":{"cnpj":"13109151000124","razaoSocial":"UNO HEALTHCARE COMÉRCIO DE MEDICAMENTOS LTDA.","numeroAutorizacao":"1092712","cnpjFormatado":"13.109.151/0001-24"},"processo":{"numero":"25351402618201899","situacao":29,"numeroProcessoFormatado":"25351.402618/2018-99"}},{"ordem":2,"produto":{"codigo":1248317,"nome":"MEPSEVII","numeroRegistro":"192710001","tipo":{"codigo":1,"descricao":null},"categoria":null,"situacaoRotulo":null,"dataVencimento":null,"mesAnoVencimento":"102028","dataVencimentoRegistro":"2028-10-01T00:00:00.000-0300","principioAtivo":null,"situacaoApresentacao":"Caduco/Cancelado","dataRegistro":"2018-10-15T00:00:00.000-0300","categoriaRegulatoria":{"codigo":1,"descricao":"Biológico"},"medicamentoReferencia":null,"categoriaProduto":null,"tipoAutorizacao":"REGISTRADO","acancelar":false,"mesAnoVencimentoFormatado":"10/2028","numeroRegistroFormatado":"192710001"},"empresa":{"cnpj":"13109151000124","razaoSocial":"UNO HEALTHCARE COMÉRCIO DE MEDICAMENTOS LTDA.","numeroAutorizacao":"1092712","cnpjFormatado":"13.109.151/0001-24"},"processo":{"numero":"25351213727201833","situacao":29,"numeroProcessoFormatado":"25351.213727/2018-33"}},{"ordem":3,"produto":{"codigo":1415149,"nome":"UROHIPE","numeroRegistro":"192710004","tipo":{"codigo":1,"descricao":null},"categoria":null,"situacaoRotulo":null,"dataVencimento":null,"mesAnoVencimento":"102031","dataVencimentoRegistro":"2031-10-01T00:00:00.000-0300","principioAtivo":"Mycobacterium bovis","situacaoApresentacao":"Válido","dataRegistro":"2021-10-18T00:00:00.000-0300","categoriaRegulatoria":{"codigo":1,"descricao":"Biológico"},"medicamentoReferencia":"não","categoriaProduto":null,"tipoAutorizacao":"REGISTRADO","acancelar":false,"mesAnoVencimentoFormatado":"10/2031","numeroRegistroFormatado":"192710004"},"empresa":{"cnpj":"13109151000124","razaoSocial":"UNO HEALTHCARE COMÉRCIO DE MEDICAMENTOS LTDA.","numeroAutorizacao":"1092712","cnpjFormatado":"13.109.151/0001-24"},"processo":{"numero":"25351472726202043","situacao":29,"numeroProcessoFormatado":"25351.472726/2020-43"}},{"ordem":4,"produto":{"codigo":1415152,"nome":"VACINA BCG","numeroRegistro":"192710003","tipo":{"codigo":1,"descricao":null},"categoria":null,"situacaoRotulo":null,"dataVencimento":null,"mesAnoVencimento":"092031","dataVencimentoRegistro":"2031-09-01T00:00:00.000-0300","principioAtivo":"VACINA BCG","situacaoApresentacao":"Válido","dataRegistro":"2021-09-06T00:00:00.000-0300","categoriaRegulatoria":{"codigo":1,"descricao":"Biológico"},"medicamentoReferencia":"não","categoriaProduto":null,"tipoAutorizacao":"REGISTRADO","acancelar":false,"mesAnoVencimentoFormatado":"09/2031","numeroRegistroFormatado":"192710003"},"empresa":{"cnpj":"13109151000124","razaoSocial":"UNO HEALTHCARE COMÉRCIO DE MEDICAMENTOS LTDA.","numeroAutorizacao":"1092712","cnpjFormatado":"13.109.151/0001-24"},"processo":{"numero":"25351472733202045","situacao":29,"numeroProcessoFormatado":"25351.472733/2020-45"}}],"totalElements":4,"totalPages":1,"last":true,"numberOfElements":4,"size":1000,"number":0,"first":true,"sort":null}