{"content":[{"ordem":1,"produto":{"codigo":902776,"nome":"AURORIX","numeroRegistro":"192980001","tipo":{"codigo":1,"descricao":null},"categoria":null,"situacaoRotulo":null,"dataVencimento":null,"mesAnoVencimento":"082019","dataVencimentoRegistro":"2019-08-01T00:00:00.000-0300","principioAtivo":null,"situacaoApresentacao":"Caduco/Cancelado","dataRegistro":"2014-08-18T00:00:00.000-0300","categoriaRegulatoria":{"codigo":6,"descricao":"Novo"},"medicamentoReferencia":null,"categoriaProduto":null,"tipoAutorizacao":"REGISTRADO","numeroRegistroFormatado":"192980001","mesAnoVencimentoFormatado":"08/2019","acancelar":false},"empresa":{"cnpj":"13651943000126","razaoSocial":"MEDA PHARMA IMPORTAÇÃO E EXPORTAÇÃO DE PRODUTOS FARMACÊUTICOS LTDA.","numeroAutorizacao":null,"cnpjFormatado":"13.651.943/0001-26"},"processo":{"numero":"25351194537201390","situacao":29,"numeroProcessoFormatado":"25351.194537/2013-90"}},{"ordem":2,"produto":{"codigo":989019,"nome":"Dymista","numeroRegistro":"192980002","tipo":{"codigo":1,"descricao":null},"categoria":null,"situacaoRotulo":null,"dataVencimento":null,"mesAnoVencimento":"012020","dataVencimentoRegistro":"2020-01-01T00:00:00.000-0300","principioAtivo":null,"situacaoApresentacao":"Caduco/Cancelado","dataRegistro":"2015-01-19T00:00:00.000-0300","categoriaRegulatoria":{"codigo":6,"descricao":"Novo"},"medicamentoReferencia":null,"categoriaProduto":null,"tipoAutorizacao":"REGISTRADO","numeroRegistroFormatado":"192980002","mesAnoVencimentoFormatado":"01/2020","acancelar":false},"empresa":{"cnpj":"13651943000126","razaoSocial":"MEDA PHARMA IMPORTAÇÃO E EXPORTAÇÃO DE PRODUTOS FARMACÊUTICOS LTDA.","numeroAutorizacao":null,"cnpjFormatado":"13.651.943/0001-26"},"processo":{"numero":"25351518565201397","situacao":29,"numeroProcessoFormatado":"25351.518565/2013-97"}},{"ordem":3,"produto":{"codigo":883489,"nome":"Tilatil","numeroRegistro":"192980003","tipo":{"codigo":1,"descricao":null},"categoria":null,"situacaoRotulo":null,"dataVencimento":null,"mesAnoVencimento":"012021","dataVencimentoRegistro":"2021-01-01T00:00:00.000-0300","principioAtivo":null,"situacaoApresentacao":"Caduco/Cancelado","dataRegistro":"2016-01-11T00:00:00.000-0300","categoriaRegulatoria":{"codigo":6,"descricao":"Novo"},"medicamentoReferencia":null,"categoriaProduto":null,"tipoAutorizacao":"REGISTRADO","numeroRegistroFormatado":"192980003","mesAnoVencimentoFormatado":"01/2021","acancelar":false},"empresa":{"cnpj":"13651943000126","razaoSocial":"MEDA PHARMA IMPORTAÇÃO E EXPORTAÇÃO DE PRODUTOS FARMACÊUTICOS LTDA.","numeroAutorizacao":null,"cnpjFormatado":"13.651.943/0001-26"},"processo":{"numero":"25351687673201212","situacao":29,"numeroProcessoFormatado":"25351.687673/2012-12"}}],"totalPages":1,"totalElements":3,"last":true,"numberOfElements":3,"first":true,"sort":null,"size":1000,"number":0}