{"content":[{"ordem":1,"produto":{"codigo":1269576,"nome":"LOJUXTA®","numeroRegistro":"175040001","tipo":{"codigo":1,"descricao":null},"categoria":null,"situacaoRotulo":null,"dataVencimento":"2028-12-15T00:00:00.000-0300","mesAnoVencimento":"122028","dataVencimentoRegistro":"2028-12-01T00:00:00.000-0300","principioAtivo":"mesilato de lomitapida","situacaoApresentacao":"Válido","dataRegistro":"2020-12-07T00:00:00.000-0300","categoriaRegulatoria":{"codigo":6,"descricao":"Novo"},"medicamentoReferencia":null,"categoriaProduto":null,"tipoAutorizacao":"REGISTRADO","numeroRegistroFormatado":"175040001","mesAnoVencimentoFormatado":"12/2028","acancelar":false},"empresa":{"cnpj":"14555259000103","razaoSocial":"AMRYT BRASIL COMERCIO E IMPORTACAO DE MEDICAMENTOS LTDA","numeroAutorizacao":null,"cnpjFormatado":"14.555.259/0001-03"},"processo":{"numero":"25351557900201811","situacao":29,"numeroProcessoFormatado":"25351.557900/2018-11"}},{"ordem":2,"produto":{"codigo":3200676,"nome":"MYALEPT","numeroRegistro":"175040002","tipo":{"codigo":1,"descricao":null},"categoria":null,"situacaoRotulo":null,"dataVencimento":"2026-03-27T00:00:00.000-0300","mesAnoVencimento":"032026","dataVencimentoRegistro":"2026-03-01T00:00:00.000-0300","principioAtivo":null,"situacaoApresentacao":"Caduco/Cancelado","dataRegistro":"2023-03-27T00:00:00.000-0300","categoriaRegulatoria":{"codigo":1,"descricao":"Biológico"},"medicamentoReferencia":null,"categoriaProduto":null,"tipoAutorizacao":"REGISTRADO","numeroRegistroFormatado":"175040002","mesAnoVencimentoFormatado":"03/2026","acancelar":false},"empresa":{"cnpj":"14555259000103","razaoSocial":"AMRYT BRASIL COMERCIO E IMPORTACAO DE MEDICAMENTOS LTDA","numeroAutorizacao":null,"cnpjFormatado":"14.555.259/0001-03"},"processo":{"numero":"25351154403202232","situacao":29,"numeroProcessoFormatado":"25351.154403/2022-32"}}],"totalPages":1,"totalElements":2,"last":true,"numberOfElements":2,"first":true,"sort":null,"size":1000,"number":0}