{"content":[{"ordem":1,"produto":{"codigo":1075890,"nome":"ADELLE 20","numeroRegistro":"194270039","tipo":{"codigo":1,"descricao":null},"categoria":null,"situacaoRotulo":null,"dataVencimento":null,"mesAnoVencimento":"112020","dataVencimentoRegistro":"2020-11-01T00:00:00.000-0300","principioAtivo":null,"situacaoApresentacao":"Caduco/Cancelado","dataRegistro":"2015-11-23T00:00:00.000-0300","categoriaRegulatoria":{"codigo":8,"descricao":"Similar"},"medicamentoReferencia":"Mercilon","categoriaProduto":null,"tipoAutorizacao":"REGISTRADO","numeroRegistroFormatado":"194270039","mesAnoVencimentoFormatado":"11/2020","acancelar":false},"empresa":{"cnpj":"14806008000154","razaoSocial":"MOMENTA FARMACÊUTICA LTDA.","numeroAutorizacao":"1094272","cnpjFormatado":"14.806.008/0001-54"},"processo":{"numero":"25351667712201468","situacao":29,"numeroProcessoFormatado":"25351.667712/2014-68"}},{"ordem":2,"produto":{"codigo":1075924,"nome":"ADELLE 30","numeroRegistro":"194270040","tipo":{"codigo":1,"descricao":null},"categoria":null,"situacaoRotulo":null,"dataVencimento":null,"mesAnoVencimento":"112020","dataVencimentoRegistro":"2020-11-01T00:00:00.000-0300","principioAtivo":null,"situacaoApresentacao":"Caduco/Cancelado","dataRegistro":"2015-11-23T00:00:00.000-0300","categoriaRegulatoria":{"codigo":8,"descricao":"Similar"},"medicamentoReferencia":"Microdiol","categoriaProduto":null,"tipoAutorizacao":"REGISTRADO","numeroRegistroFormatado":"194270040","mesAnoVencimentoFormatado":"11/2020","acancelar":false},"empresa":{"cnpj":"14806008000154","razaoSocial":"MOMENTA FARMACÊUTICA LTDA.","numeroAutorizacao":"1094272","cnpjFormatado":"14.806.008/0001-54"},"processo":{"numero":"25351667719201480","situacao":29,"numeroProcessoFormatado":"25351.667719/2014-80"}},{"ordem":3,"produto":{"codigo":1337170,"nome":"AIRES","numeroRegistro":"194270085","tipo":{"codigo":1,"descricao":null},"categoria":null,"situacaoRotulo":null,"dataVencimento":null,"mesAnoVencimento":"072029","dataVencimentoRegistro":"2029-07-01T00:00:00.000-0300","principioAtivo":null,"situacaoApresentacao":"Caduco/Cancelado","dataRegistro":"2019-07-29T00:00:00.000-0300","categoriaRegulatoria":{"codigo":8,"descricao":"Similar"},"medicamentoReferencia":"Fluimucil","categoriaProduto":null,"tipoAutorizacao":"REGISTRADO","numeroRegistroFormatado":"194270085","mesAnoVencimentoFormatado":"07/2029","acancelar":false},"empresa":{"cnpj":"14806008000154","razaoSocial":"MOMENTA FARMACÊUTICA LTDA.","numeroAutorizacao":"1094272","cnpjFormatado":"14.806.008/0001-54"},"processo":{"numero":"25351721490201860","situacao":29,"numeroProcessoFormatado":"25351.721490/2018-60"}},{"ordem":4,"produto":{"codigo":1324514,"nome":"AIRES","numeroRegistro":"194270082","tipo":{"codigo":1,"descricao":null},"categoria":null,"situacaoRotulo":null,"dataVencimento":null,"mesAnoVencimento":"062029","dataVencimentoRegistro":"2029-06-01T00:00:00.000-0300","principioAtivo":null,"situacaoApresentacao":"Caduco/Cancelado","dataRegistro":"2019-06-10T00:00:00.000-0300","categoriaRegulatoria":{"codigo":8,"descricao":"Similar"},"medicamentoReferencia":"FLUIMUCIL","categoriaProduto":null,"tipoAutorizacao":"REGISTRADO","numeroRegistroFormatado":"194270082","mesAnoVencimentoFormatado":"06/2029","acancelar":false},"empresa":{"cnpj":"14806008000154","razaoSocial":"MOMENTA FARMACÊUTICA LTDA.","numeroAutorizacao":"1094272","cnpjFormatado":"14.806.008/0001-54"},"processo":{"numero":"25351746801201801","situacao":29,"numeroProcessoFormatado":"25351.746801/2018-01"}},{"ordem":5,"produto":{"codigo":1128998,"nome":"ALGICOD","numeroRegistro":"194270053","tipo":{"codigo":1,"descricao":null},"categoria":null,"situacaoRotulo":null,"dataVencimento":null,"mesAnoVencimento":"102026","dataVencimentoRegistro":"2026-10-01T00:00:00.000-0300","principioAtivo":null,"situacaoApresentacao":"Caduco/Cancelado","dataRegistro":"2016-10-10T00:00:00.000-0300","categoriaRegulatoria":{"codigo":8,"descricao":"Similar"},"medicamentoReferencia":"TYLEX","categoriaProduto":null,"tipoAutorizacao":"REGISTRADO","numeroRegistroFormatado":"194270053","mesAnoVencimentoFormatado":"10/2026","acancelar":false},"empresa":{"cnpj":"14806008000154","razaoSocial":"MOMENTA FARMACÊUTICA LTDA.","numeroAutorizacao":"1094272","cnpjFormatado":"14.806.008/0001-54"},"processo":{"numero":"25351094891201673","situacao":29,"numeroProcessoFormatado":"25351.094891/2016-73"}},{"ordem":6,"produto":{"codigo":1260376,"nome":"ALGIE","numeroRegistro":"194270075","tipo":{"codigo":1,"descricao":null},"categoria":null,"situacaoRotulo":null,"dataVencimento":null,"mesAnoVencimento":"072028","dataVencimentoRegistro":"2028-07-01T00:00:00.000-0300","principioAtivo":null,"situacaoApresentacao":"Caduco/Cancelado","dataRegistro":"2018-07-09T00:00:00.000-0300","categoriaRegulatoria":{"codigo":8,"descricao":"Similar"},"medicamentoReferencia":"BI-PROFENID","categoriaProduto":null,"tipoAutorizacao":"REGISTRADO","numeroRegistroFormatado":"194270075","mesAnoVencimentoFormatado":"07/2028","acancelar":false},"empresa":{"cnpj":"14806008000154","razaoSocial":"MOMENTA FARMACÊUTICA LTDA.","numeroAutorizacao":"1094272","cnpjFormatado":"14.806.008/0001-54"},"processo":{"numero":"25351479553201799","situacao":29,"numeroProcessoFormatado":"25351.479553/2017-99"}},{"ordem":7,"produto":{"codigo":1343095,"nome":"ALOFF","numeroRegistro":"194270086","tipo":{"codigo":1,"descricao":null},"categoria":null,"situacaoRotulo":null,"dataVencimento":null,"mesAnoVencimento":"082029","dataVencimentoRegistro":"2029-08-01T00:00:00.000-0300","principioAtivo":null,"situacaoApresentacao":"Caduco/Cancelado","dataRegistro":"2019-08-12T00:00:00.000-0300","categoriaRegulatoria":{"codigo":8,"descricao":"Similar"},"medicamentoReferencia":"DESALEX","categoriaProduto":null,"tipoAutorizacao":"REGISTRADO","numeroRegistroFormatado":"194270086","mesAnoVencimentoFormatado":"08/2029","acancelar":false},"empresa":{"cnpj":"14806008000154","razaoSocial":"MOMENTA FARMACÊUTICA LTDA.","numeroAutorizacao":"1094272","cnpjFormatado":"14.806.008/0001-54"},"processo":{"numero":"25351776545201526","situacao":29,"numeroProcessoFormatado":"25351.776545/2015-26"}},{"ordem":8,"produto":{"codigo":1320695,"nome":"ALOFF XPE","numeroRegistro":"194270081","tipo":{"codigo":1,"descricao":null},"categoria":null,"situacaoRotulo":null,"dataVencimento":null,"mesAnoVencimento":"052029","dataVencimentoRegistro":"2029-05-01T00:00:00.000-0300","principioAtivo":null,"situacaoApresentacao":"Caduco/Cancelado","dataRegistro":"2019-05-06T00:00:00.000-0300","categoriaRegulatoria":{"codigo":8,"descricao":"Similar"},"medicamentoReferencia":"DESALEX","categoriaProduto":null,"tipoAutorizacao":"REGISTRADO","numeroRegistroFormatado":"194270081","mesAnoVencimentoFormatado":"05/2029","acancelar":false},"empresa":{"cnpj":"14806008000154","razaoSocial":"MOMENTA FARMACÊUTICA LTDA.","numeroAutorizacao":"1094272","cnpjFormatado":"14.806.008/0001-54"},"processo":{"numero":"25351422775201811","situacao":29,"numeroProcessoFormatado":"25351.422775/2018-11"}},{"ordem":9,"produto":{"codigo":1038528,"nome":"ALURAX","numeroRegistro":"194270008","tipo":{"codigo":1,"descricao":null},"categoria":null,"situacaoRotulo":null,"dataVencimento":null,"mesAnoVencimento":"052025","dataVencimentoRegistro":"2025-05-01T00:00:00.000-0300","principioAtivo":null,"situacaoApresentacao":"Caduco/Cancelado","dataRegistro":"2015-05-25T00:00:00.000-0300","categoriaRegulatoria":{"codigo":8,"descricao":"Similar"},"medicamentoReferencia":"Allurene","categoriaProduto":null,"tipoAutorizacao":"REGISTRADO","numeroRegistroFormatado":"194270008","mesAnoVencimentoFormatado":"05/2025","acancelar":false},"empresa":{"cnpj":"14806008000154","razaoSocial":"MOMENTA FARMACÊUTICA LTDA.","numeroAutorizacao":"1094272","cnpjFormatado":"14.806.008/0001-54"},"processo":{"numero":"25351146522201445","situacao":29,"numeroProcessoFormatado":"25351.146522/2014-45"}},{"ordem":10,"produto":{"codigo":1172152,"nome":"ANDOLBA","numeroRegistro":"194270065","tipo":{"codigo":1,"descricao":null},"categoria":null,"situacaoRotulo":null,"dataVencimento":null,"mesAnoVencimento":"122025","dataVencimentoRegistro":"2025-12-01T00:00:00.000-0300","principioAtivo":null,"situacaoApresentacao":"Caduco/Cancelado","dataRegistro":"2017-07-03T00:00:00.000-0300","categoriaRegulatoria":{"codigo":6,"descricao":"Novo"},"medicamentoReferencia":null,"categoriaProduto":null,"tipoAutorizacao":"REGISTRADO","numeroRegistroFormatado":"194270065","mesAnoVencimentoFormatado":"12/2025","acancelar":false},"empresa":{"cnpj":"14806008000154","razaoSocial":"MOMENTA FARMACÊUTICA LTDA.","numeroAutorizacao":"1094272","cnpjFormatado":"14.806.008/0001-54"},"processo":{"numero":"25351012235201705","situacao":29,"numeroProcessoFormatado":"25351.012235/2017-05"}},{"ordem":11,"produto":{"codigo":1032582,"nome":"ASSERT","numeroRegistro":"194270007","tipo":{"codigo":1,"descricao":null},"categoria":null,"situacaoRotulo":null,"dataVencimento":null,"mesAnoVencimento":"052025","dataVencimentoRegistro":"2025-05-01T00:00:00.000-0300","principioAtivo":null,"situacaoApresentacao":"Caduco/Cancelado","dataRegistro":"2015-05-04T00:00:00.000-0300","categoriaRegulatoria":{"codigo":8,"descricao":"Similar"},"medicamentoReferencia":"TOLREST 25 MG; ZOLOFT 50 MG E 100 MG","categoriaProduto":null,"tipoAutorizacao":"REGISTRADO","numeroRegistroFormatado":"194270007","mesAnoVencimentoFormatado":"05/2025","acancelar":false},"empresa":{"cnpj":"14806008000154","razaoSocial":"MOMENTA FARMACÊUTICA LTDA.","numeroAutorizacao":"1094272","cnpjFormatado":"14.806.008/0001-54"},"processo":{"numero":"25351571516201499","situacao":29,"numeroProcessoFormatado":"25351.571516/2014-99"}},{"ordem":12,"produto":{"codigo":1038606,"nome":"ATAK","numeroRegistro":"194270009","tipo":{"codigo":1,"descricao":null},"categoria":null,"situacaoRotulo":null,"dataVencimento":null,"mesAnoVencimento":"052020","dataVencimentoRegistro":"2020-05-01T00:00:00.000-0300","principioAtivo":null,"situacaoApresentacao":"Caduco/Cancelado","dataRegistro":"2015-05-25T00:00:00.000-0300","categoriaRegulatoria":{"codigo":8,"descricao":"Similar"},"medicamentoReferencia":"Amoxil BD","categoriaProduto":null,"tipoAutorizacao":"REGISTRADO","numeroRegistroFormatado":"194270009","mesAnoVencimentoFormatado":"05/2020","acancelar":false},"empresa":{"cnpj":"14806008000154","razaoSocial":"MOMENTA FARMACÊUTICA LTDA.","numeroAutorizacao":"1094272","cnpjFormatado":"14.806.008/0001-54"},"processo":{"numero":"25351611951201463","situacao":29,"numeroProcessoFormatado":"25351.611951/2014-63"}},{"ordem":13,"produto":{"codigo":1075277,"nome":"ATAK","numeroRegistro":"194270041","tipo":{"codigo":1,"descricao":null},"categoria":null,"situacaoRotulo":null,"dataVencimento":null,"mesAnoVencimento":"112025","dataVencimentoRegistro":"2025-11-01T00:00:00.000-0300","principioAtivo":null,"situacaoApresentacao":"Caduco/Cancelado","dataRegistro":"2015-11-23T00:00:00.000-0300","categoriaRegulatoria":{"codigo":8,"descricao":"Similar"},"medicamentoReferencia":"Amoxil / Amoxil BD","categoriaProduto":null,"tipoAutorizacao":"REGISTRADO","numeroRegistroFormatado":"194270041","mesAnoVencimentoFormatado":"11/2025","acancelar":false},"empresa":{"cnpj":"14806008000154","razaoSocial":"MOMENTA FARMACÊUTICA LTDA.","numeroAutorizacao":"1094272","cnpjFormatado":"14.806.008/0001-54"},"processo":{"numero":"25351724103201413","situacao":29,"numeroProcessoFormatado":"25351.724103/2014-13"}},{"ordem":14,"produto":{"codigo":1020128,"nome":"ATAK CLAV","numeroRegistro":"194270005","tipo":{"codigo":1,"descricao":null},"categoria":null,"situacaoRotulo":null,"dataVencimento":null,"mesAnoVencimento":"022025","dataVencimentoRegistro":"2025-02-01T00:00:00.000-0300","principioAtivo":null,"situacaoApresentacao":"Caduco/Cancelado","dataRegistro":"2015-02-18T00:00:00.000-0300","categoriaRegulatoria":{"codigo":8,"descricao":"Similar"},"medicamentoReferencia":"clavulin BD","categoriaProduto":null,"tipoAutorizacao":"REGISTRADO","numeroRegistroFormatado":"194270005","mesAnoVencimentoFormatado":"02/2025","acancelar":false},"empresa":{"cnpj":"14806008000154","razaoSocial":"MOMENTA FARMACÊUTICA LTDA.","numeroAutorizacao":"1094272","cnpjFormatado":"14.806.008/0001-54"},"processo":{"numero":"25351673470201395","situacao":29,"numeroProcessoFormatado":"25351.673470/2013-95"}},{"ordem":15,"produto":{"codigo":1061328,"nome":"ATAK CLAV","numeroRegistro":"194270017","tipo":{"codigo":1,"descricao":null},"categoria":null,"situacaoRotulo":null,"dataVencimento":null,"mesAnoVencimento":"082025","dataVencimentoRegistro":"2025-08-01T00:00:00.000-0300","principioAtivo":null,"situacaoApresentacao":"Caduco/Cancelado","dataRegistro":"2015-08-17T00:00:00.000-0300","categoriaRegulatoria":{"codigo":8,"descricao":"Similar"},"medicamentoReferencia":"Clavulin BD","categoriaProduto":null,"tipoAutorizacao":"REGISTRADO","numeroRegistroFormatado":"194270017","mesAnoVencimentoFormatado":"08/2025","acancelar":false},"empresa":{"cnpj":"14806008000154","razaoSocial":"MOMENTA FARMACÊUTICA LTDA.","numeroAutorizacao":"1094272","cnpjFormatado":"14.806.008/0001-54"},"processo":{"numero":"25351724174201416","situacao":29,"numeroProcessoFormatado":"25351.724174/2014-16"}},{"ordem":16,"produto":{"codigo":1067800,"nome":"ATRACE","numeroRegistro":"194270095","tipo":{"codigo":1,"descricao":null},"categoria":null,"situacaoRotulo":null,"dataVencimento":null,"mesAnoVencimento":"042030","dataVencimentoRegistro":"2030-04-01T00:00:00.000-0300","principioAtivo":null,"situacaoApresentacao":"Caduco/Cancelado","dataRegistro":"2020-04-13T00:00:00.000-0300","categoriaRegulatoria":{"codigo":8,"descricao":"Similar"},"medicamentoReferencia":"Ultracet","categoriaProduto":null,"tipoAutorizacao":"REGISTRADO","numeroRegistroFormatado":"194270095","mesAnoVencimentoFormatado":"04/2030","acancelar":false},"empresa":{"cnpj":"14806008000154","razaoSocial":"MOMENTA FARMACÊUTICA LTDA.","numeroAutorizacao":"1094272","cnpjFormatado":"14.806.008/0001-54"},"processo":{"numero":"25351393059201576","situacao":29,"numeroProcessoFormatado":"25351.393059/2015-76"}},{"ordem":17,"produto":{"codigo":1076733,"nome":"Avestria","numeroRegistro":"194270038","tipo":{"codigo":1,"descricao":null},"categoria":null,"situacaoRotulo":null,"dataVencimento":null,"mesAnoVencimento":"112025","dataVencimentoRegistro":"2025-11-01T00:00:00.000-0300","principioAtivo":null,"situacaoApresentacao":"Caduco/Cancelado","dataRegistro":"2015-11-23T00:00:00.000-0300","categoriaRegulatoria":{"codigo":8,"descricao":"Similar"},"medicamentoReferencia":"COLPOTROFINE","categoriaProduto":null,"tipoAutorizacao":"REGISTRADO","numeroRegistroFormatado":"194270038","mesAnoVencimentoFormatado":"11/2025","acancelar":false},"empresa":{"cnpj":"14806008000154","razaoSocial":"MOMENTA FARMACÊUTICA LTDA.","numeroAutorizacao":"1094272","cnpjFormatado":"14.806.008/0001-54"},"processo":{"numero":"25351505953201414","situacao":29,"numeroProcessoFormatado":"25351.505953/2014-14"}},{"ordem":18,"produto":{"codigo":1038704,"nome":"BART","numeroRegistro":"194270011","tipo":{"codigo":1,"descricao":null},"categoria":null,"situacaoRotulo":null,"dataVencimento":null,"mesAnoVencimento":"062020","dataVencimentoRegistro":"2020-06-01T00:00:00.000-0300","principioAtivo":null,"situacaoApresentacao":"Caduco/Cancelado","dataRegistro":"2015-06-29T00:00:00.000-0300","categoriaRegulatoria":{"codigo":8,"descricao":"Similar"},"medicamentoReferencia":"Aprovel","categoriaProduto":null,"tipoAutorizacao":"REGISTRADO","numeroRegistroFormatado":"194270011","mesAnoVencimentoFormatado":"06/2020","acancelar":false},"empresa":{"cnpj":"14806008000154","razaoSocial":"MOMENTA FARMACÊUTICA LTDA.","numeroAutorizacao":"1094272","cnpjFormatado":"14.806.008/0001-54"},"processo":{"numero":"25351667688201467","situacao":29,"numeroProcessoFormatado":"25351.667688/2014-67"}},{"ordem":19,"produto":{"codigo":1060761,"nome":"BART H","numeroRegistro":"194270015","tipo":{"codigo":1,"descricao":null},"categoria":null,"situacaoRotulo":null,"dataVencimento":null,"mesAnoVencimento":"082025","dataVencimentoRegistro":"2025-08-01T00:00:00.000-0300","principioAtivo":null,"situacaoApresentacao":"Caduco/Cancelado","dataRegistro":"2015-08-17T00:00:00.000-0300","categoriaRegulatoria":{"codigo":8,"descricao":"Similar"},"medicamentoReferencia":"APROZIDE","categoriaProduto":null,"tipoAutorizacao":"REGISTRADO","numeroRegistroFormatado":"194270015","mesAnoVencimentoFormatado":"08/2025","acancelar":false},"empresa":{"cnpj":"14806008000154","razaoSocial":"MOMENTA FARMACÊUTICA LTDA.","numeroAutorizacao":"1094272","cnpjFormatado":"14.806.008/0001-54"},"processo":{"numero":"25351630494201414","situacao":29,"numeroProcessoFormatado":"25351.630494/2014-14"}},{"ordem":20,"produto":{"codigo":1109985,"nome":"BOLT","numeroRegistro":"194270051","tipo":{"codigo":1,"descricao":null},"categoria":null,"situacaoRotulo":null,"dataVencimento":null,"mesAnoVencimento":"062021","dataVencimentoRegistro":"2021-06-01T00:00:00.000-0300","principioAtivo":null,"situacaoApresentacao":"Caduco/Cancelado","dataRegistro":"2016-06-27T00:00:00.000-0300","categoriaRegulatoria":{"codigo":1,"descricao":"Biológico"},"medicamentoReferencia":null,"categoriaProduto":null,"tipoAutorizacao":"REGISTRADO","numeroRegistroFormatado":"194270051","mesAnoVencimentoFormatado":"06/2021","acancelar":false},"empresa":{"cnpj":"14806008000154","razaoSocial":"MOMENTA FARMACÊUTICA LTDA.","numeroAutorizacao":"1094272","cnpjFormatado":"14.806.008/0001-54"},"processo":{"numero":"25351006859201649","situacao":29,"numeroProcessoFormatado":"25351.006859/2016-49"}},{"ordem":21,"produto":{"codigo":1162850,"nome":"BOLT CAPS","numeroRegistro":"194270061","tipo":{"codigo":1,"descricao":null},"categoria":null,"situacaoRotulo":null,"dataVencimento":null,"mesAnoVencimento":"042027","dataVencimentoRegistro":"2027-04-01T00:00:00.000-0300","principioAtivo":null,"situacaoApresentacao":"Caduco/Cancelado","dataRegistro":"2017-04-24T00:00:00.000-0300","categoriaRegulatoria":{"codigo":1,"descricao":"Biológico"},"medicamentoReferencia":null,"categoriaProduto":null,"tipoAutorizacao":"REGISTRADO","numeroRegistroFormatado":"194270061","mesAnoVencimentoFormatado":"04/2027","acancelar":false},"empresa":{"cnpj":"14806008000154","razaoSocial":"MOMENTA FARMACÊUTICA LTDA.","numeroAutorizacao":"1094272","cnpjFormatado":"14.806.008/0001-54"},"processo":{"numero":"25351505941201490","situacao":29,"numeroProcessoFormatado":"25351.505941/2014-90"}},{"ordem":22,"produto":{"codigo":1086157,"nome":"BRATAQ","numeroRegistro":"194270047","tipo":{"codigo":1,"descricao":null},"categoria":null,"situacaoRotulo":null,"dataVencimento":null,"mesAnoVencimento":"022021","dataVencimentoRegistro":"2021-02-01T00:00:00.000-0300","principioAtivo":null,"situacaoApresentacao":"Caduco/Cancelado","dataRegistro":"2016-02-22T00:00:00.000-0300","categoriaRegulatoria":{"codigo":8,"descricao":"Similar"},"medicamentoReferencia":"RITMONORM","categoriaProduto":null,"tipoAutorizacao":"REGISTRADO","numeroRegistroFormatado":"194270047","mesAnoVencimentoFormatado":"02/2021","acancelar":false},"empresa":{"cnpj":"14806008000154","razaoSocial":"MOMENTA FARMACÊUTICA LTDA.","numeroAutorizacao":"1094272","cnpjFormatado":"14.806.008/0001-54"},"processo":{"numero":"25351228264201444","situacao":29,"numeroProcessoFormatado":"25351.228264/2014-44"}},{"ordem":23,"produto":{"codigo":1153118,"nome":"BUONA","numeroRegistro":"194270057","tipo":{"codigo":1,"descricao":null},"categoria":null,"situacaoRotulo":null,"dataVencimento":null,"mesAnoVencimento":"052029","dataVencimentoRegistro":"2029-05-01T00:00:00.000-0300","principioAtivo":null,"situacaoApresentacao":"Caduco/Cancelado","dataRegistro":"2017-03-20T00:00:00.000-0300","categoriaRegulatoria":{"codigo":4,"descricao":"Fitoterápico"},"medicamentoReferencia":null,"categoriaProduto":null,"tipoAutorizacao":"REGISTRADO","numeroRegistroFormatado":"194270057","mesAnoVencimentoFormatado":"05/2029","acancelar":false},"empresa":{"cnpj":"14806008000154","razaoSocial":"MOMENTA FARMACÊUTICA LTDA.","numeroAutorizacao":"1094272","cnpjFormatado":"14.806.008/0001-54"},"processo":{"numero":"25351012264201705","situacao":29,"numeroProcessoFormatado":"25351.012264/2017-05"}},{"ordem":24,"produto":{"codigo":2266327,"nome":"CITOBÊ","numeroRegistro":"194270105","tipo":{"codigo":1,"descricao":null},"categoria":null,"situacaoRotulo":null,"dataVencimento":null,"mesAnoVencimento":"062031","dataVencimentoRegistro":"2031-06-01T00:00:00.000-0300","principioAtivo":null,"situacaoApresentacao":"Caduco/Cancelado","dataRegistro":"2021-06-21T00:00:00.000-0300","categoriaRegulatoria":{"codigo":3,"descricao":"Específico"},"medicamentoReferencia":null,"categoriaProduto":null,"tipoAutorizacao":"REGISTRADO","numeroRegistroFormatado":"194270105","mesAnoVencimentoFormatado":"06/2031","acancelar":false},"empresa":{"cnpj":"14806008000154","razaoSocial":"MOMENTA FARMACÊUTICA LTDA.","numeroAutorizacao":"1094272","cnpjFormatado":"14.806.008/0001-54"},"processo":{"numero":"25351612283202030","situacao":29,"numeroProcessoFormatado":"25351.612283/2020-30"}},{"ordem":25,"produto":{"codigo":1167718,"nome":"CITTÀ","numeroRegistro":"194270062","tipo":{"codigo":1,"descricao":null},"categoria":null,"situacaoRotulo":null,"dataVencimento":null,"mesAnoVencimento":"112029","dataVencimentoRegistro":"2029-11-01T00:00:00.000-0300","principioAtivo":null,"situacaoApresentacao":"Caduco/Cancelado","dataRegistro":"2017-05-17T00:00:00.000-0300","categoriaRegulatoria":{"codigo":8,"descricao":"Similar"},"medicamentoReferencia":null,"categoriaProduto":null,"tipoAutorizacao":"REGISTRADO","numeroRegistroFormatado":"194270062","mesAnoVencimentoFormatado":"11/2029","acancelar":false},"empresa":{"cnpj":"14806008000154","razaoSocial":"MOMENTA FARMACÊUTICA LTDA.","numeroAutorizacao":"1094272","cnpjFormatado":"14.806.008/0001-54"},"processo":{"numero":"25351036633201712","situacao":29,"numeroProcessoFormatado":"25351.036633/2017-12"}},{"ordem":26,"produto":{"codigo":1272332,"nome":"DAEM","numeroRegistro":"194270077","tipo":{"codigo":1,"descricao":null},"categoria":null,"situacaoRotulo":null,"dataVencimento":null,"mesAnoVencimento":"092028","dataVencimentoRegistro":"2028-09-01T00:00:00.000-0300","principioAtivo":null,"situacaoApresentacao":"Caduco/Cancelado","dataRegistro":"2018-09-03T00:00:00.000-0300","categoriaRegulatoria":{"codigo":8,"descricao":"Similar"},"medicamentoReferencia":"Nebido","categoriaProduto":null,"tipoAutorizacao":"REGISTRADO","numeroRegistroFormatado":"194270077","mesAnoVencimentoFormatado":"09/2028","acancelar":false},"empresa":{"cnpj":"14806008000154","razaoSocial":"MOMENTA FARMACÊUTICA LTDA.","numeroAutorizacao":"1094272","cnpjFormatado":"14.806.008/0001-54"},"processo":{"numero":"25351356190201714","situacao":29,"numeroProcessoFormatado":"25351.356190/2017-14"}},{"ordem":27,"produto":{"codigo":1063491,"nome":"DAPAMIX","numeroRegistro":"194270018","tipo":{"codigo":1,"descricao":null},"categoria":null,"situacaoRotulo":null,"dataVencimento":null,"mesAnoVencimento":"082020","dataVencimentoRegistro":"2020-08-01T00:00:00.000-0300","principioAtivo":null,"situacaoApresentacao":"Caduco/Cancelado","dataRegistro":"2015-08-31T00:00:00.000-0300","categoriaRegulatoria":{"codigo":8,"descricao":"Similar"},"medicamentoReferencia":"NATRILIX SR","categoriaProduto":null,"tipoAutorizacao":"REGISTRADO","numeroRegistroFormatado":"194270018","mesAnoVencimentoFormatado":"08/2020","acancelar":false},"empresa":{"cnpj":"14806008000154","razaoSocial":"MOMENTA FARMACÊUTICA LTDA.","numeroAutorizacao":"1094272","cnpjFormatado":"14.806.008/0001-54"},"processo":{"numero":"25351441459201363","situacao":29,"numeroProcessoFormatado":"25351.441459/2013-63"}},{"ordem":28,"produto":{"codigo":1069465,"nome":"DENSIS","numeroRegistro":"194270023","tipo":{"codigo":1,"descricao":null},"categoria":null,"situacaoRotulo":null,"dataVencimento":null,"mesAnoVencimento":"102025","dataVencimentoRegistro":"2025-10-01T00:00:00.000-0300","principioAtivo":null,"situacaoApresentacao":"Caduco/Cancelado","dataRegistro":"2015-10-20T00:00:00.000-0300","categoriaRegulatoria":{"codigo":8,"descricao":"Similar"},"medicamentoReferencia":"ZOMETA (0,8 mg/ml; 0,04 mg/ml) / ACLASTA (0,05 mg/ml)","categoriaProduto":null,"tipoAutorizacao":"REGISTRADO","numeroRegistroFormatado":"194270023","mesAnoVencimentoFormatado":"10/2025","acancelar":false},"empresa":{"cnpj":"14806008000154","razaoSocial":"MOMENTA FARMACÊUTICA LTDA.","numeroAutorizacao":"1094272","cnpjFormatado":"14.806.008/0001-54"},"processo":{"numero":"25351238290201506","situacao":29,"numeroProcessoFormatado":"25351.238290/2015-06"}},{"ordem":29,"produto":{"codigo":1173863,"nome":"DIACQUA","numeroRegistro":"194270068","tipo":{"codigo":1,"descricao":null},"categoria":null,"situacaoRotulo":null,"dataVencimento":null,"mesAnoVencimento":"052025","dataVencimentoRegistro":"2025-05-01T00:00:00.000-0300","principioAtivo":null,"situacaoApresentacao":"Caduco/Cancelado","dataRegistro":"2017-07-03T00:00:00.000-0300","categoriaRegulatoria":{"codigo":8,"descricao":"Similar"},"medicamentoReferencia":null,"categoriaProduto":null,"tipoAutorizacao":"REGISTRADO","numeroRegistroFormatado":"194270068","mesAnoVencimentoFormatado":"05/2025","acancelar":false},"empresa":{"cnpj":"14806008000154","razaoSocial":"MOMENTA FARMACÊUTICA LTDA.","numeroAutorizacao":"1094272","cnpjFormatado":"14.806.008/0001-54"},"processo":{"numero":"25351012247201708","situacao":29,"numeroProcessoFormatado":"25351.012247/2017-08"}},{"ordem":30,"produto":{"codigo":1282262,"nome":"DIEVARI","numeroRegistro":"194270079","tipo":{"codigo":1,"descricao":null},"categoria":null,"situacaoRotulo":null,"dataVencimento":null,"mesAnoVencimento":"012029","dataVencimentoRegistro":"2029-01-01T00:00:00.000-0300","principioAtivo":null,"situacaoApresentacao":"Caduco/Cancelado","dataRegistro":"2019-01-28T00:00:00.000-0300","categoriaRegulatoria":{"codigo":3,"descricao":"Específico"},"medicamentoReferencia":null,"categoriaProduto":null,"tipoAutorizacao":"REGISTRADO","numeroRegistroFormatado":"194270079","mesAnoVencimentoFormatado":"01/2029","acancelar":false},"empresa":{"cnpj":"14806008000154","razaoSocial":"MOMENTA FARMACÊUTICA LTDA.","numeroAutorizacao":"1094272","cnpjFormatado":"14.806.008/0001-54"},"processo":{"numero":"25351267830201801","situacao":29,"numeroProcessoFormatado":"25351.267830/2018-01"}},{"ordem":31,"produto":{"codigo":1173858,"nome":"DIUBLOK","numeroRegistro":"194270069","tipo":{"codigo":1,"descricao":null},"categoria":null,"situacaoRotulo":null,"dataVencimento":null,"mesAnoVencimento":"052025","dataVencimentoRegistro":"2025-05-01T00:00:00.000-0300","principioAtivo":null,"situacaoApresentacao":"Caduco/Cancelado","dataRegistro":"2017-07-03T00:00:00.000-0300","categoriaRegulatoria":{"codigo":8,"descricao":"Similar"},"medicamentoReferencia":"TENORETIC","categoriaProduto":null,"tipoAutorizacao":"REGISTRADO","numeroRegistroFormatado":"194270069","mesAnoVencimentoFormatado":"05/2025","acancelar":false},"empresa":{"cnpj":"14806008000154","razaoSocial":"MOMENTA FARMACÊUTICA LTDA.","numeroAutorizacao":"1094272","cnpjFormatado":"14.806.008/0001-54"},"processo":{"numero":"25351012248201701","situacao":29,"numeroProcessoFormatado":"25351.012248/2017-01"}},{"ordem":32,"produto":{"codigo":1213197,"nome":"DIURISA","numeroRegistro":"194270076","tipo":{"codigo":1,"descricao":null},"categoria":null,"situacaoRotulo":null,"dataVencimento":null,"mesAnoVencimento":"082028","dataVencimentoRegistro":"2028-08-01T00:00:00.000-0300","principioAtivo":null,"situacaoApresentacao":"Caduco/Cancelado","dataRegistro":"2018-08-27T00:00:00.000-0300","categoriaRegulatoria":{"codigo":8,"descricao":"Similar"},"medicamentoReferencia":"LASIX","categoriaProduto":null,"tipoAutorizacao":"REGISTRADO","numeroRegistroFormatado":"194270076","mesAnoVencimentoFormatado":"08/2028","acancelar":false},"empresa":{"cnpj":"14806008000154","razaoSocial":"MOMENTA FARMACÊUTICA LTDA.","numeroAutorizacao":"1094272","cnpjFormatado":"14.806.008/0001-54"},"processo":{"numero":"25351521657201622","situacao":29,"numeroProcessoFormatado":"25351.521657/2016-22"}},{"ordem":33,"produto":{"codigo":1331076,"nome":"DUCOX","numeroRegistro":"194270083","tipo":{"codigo":1,"descricao":null},"categoria":null,"situacaoRotulo":null,"dataVencimento":null,"mesAnoVencimento":"062029","dataVencimentoRegistro":"2029-06-01T00:00:00.000-0300","principioAtivo":null,"situacaoApresentacao":"Caduco/Cancelado","dataRegistro":"2019-06-24T00:00:00.000-0300","categoriaRegulatoria":{"codigo":8,"descricao":"Similar"},"medicamentoReferencia":"CELEBRA","categoriaProduto":null,"tipoAutorizacao":"REGISTRADO","numeroRegistroFormatado":"194270083","mesAnoVencimentoFormatado":"06/2029","acancelar":false},"empresa":{"cnpj":"14806008000154","razaoSocial":"MOMENTA FARMACÊUTICA LTDA.","numeroAutorizacao":"1094272","cnpjFormatado":"14.806.008/0001-54"},"processo":{"numero":"25351175863201907","situacao":29,"numeroProcessoFormatado":"25351.175863/2019-07"}},{"ordem":34,"produto":{"codigo":1060445,"nome":"DÁIVA","numeroRegistro":"194270014","tipo":{"codigo":1,"descricao":null},"categoria":null,"situacaoRotulo":null,"dataVencimento":null,"mesAnoVencimento":"082025","dataVencimentoRegistro":"2025-08-01T00:00:00.000-0300","principioAtivo":null,"situacaoApresentacao":"Caduco/Cancelado","dataRegistro":"2015-08-17T00:00:00.000-0300","categoriaRegulatoria":{"codigo":8,"descricao":"Similar"},"medicamentoReferencia":"PERLUTAN","categoriaProduto":null,"tipoAutorizacao":"REGISTRADO","numeroRegistroFormatado":"194270014","mesAnoVencimentoFormatado":"08/2025","acancelar":false},"empresa":{"cnpj":"14806008000154","razaoSocial":"MOMENTA FARMACÊUTICA LTDA.","numeroAutorizacao":"1094272","cnpjFormatado":"14.806.008/0001-54"},"processo":{"numero":"25351630493201461","situacao":29,"numeroProcessoFormatado":"25351.630493/2014-61"}},{"ordem":35,"produto":{"codigo":1153126,"nome":"EMAMA","numeroRegistro":"194270055","tipo":{"codigo":1,"descricao":null},"categoria":null,"situacaoRotulo":null,"dataVencimento":null,"mesAnoVencimento":"032025","dataVencimentoRegistro":"2025-03-01T00:00:00.000-0300","principioAtivo":null,"situacaoApresentacao":"Caduco/Cancelado","dataRegistro":"2017-03-20T00:00:00.000-0300","categoriaRegulatoria":{"codigo":3,"descricao":"Específico"},"medicamentoReferencia":null,"categoriaProduto":null,"tipoAutorizacao":"REGISTRADO","numeroRegistroFormatado":"194270055","mesAnoVencimentoFormatado":"03/2025","acancelar":false},"empresa":{"cnpj":"14806008000154","razaoSocial":"MOMENTA FARMACÊUTICA LTDA.","numeroAutorizacao":"1094272","cnpjFormatado":"14.806.008/0001-54"},"processo":{"numero":"25351012229201708","situacao":29,"numeroProcessoFormatado":"25351.012229/2017-08"}},{"ordem":36,"produto":{"codigo":1215513,"nome":"EQUITAM","numeroRegistro":"194270072","tipo":{"codigo":1,"descricao":null},"categoria":null,"situacaoRotulo":null,"dataVencimento":null,"mesAnoVencimento":"032027","dataVencimentoRegistro":"2027-03-01T00:00:00.000-0300","principioAtivo":null,"situacaoApresentacao":"Caduco/Cancelado","dataRegistro":"2017-11-27T00:00:00.000-0300","categoriaRegulatoria":{"codigo":4,"descricao":"Fitoterápico"},"medicamentoReferencia":null,"categoriaProduto":null,"tipoAutorizacao":"REGISTRADO","numeroRegistroFormatado":"194270072","mesAnoVencimentoFormatado":"03/2027","acancelar":false},"empresa":{"cnpj":"14806008000154","razaoSocial":"MOMENTA FARMACÊUTICA LTDA.","numeroAutorizacao":"1094272","cnpjFormatado":"14.806.008/0001-54"},"processo":{"numero":"25351372419201733","situacao":29,"numeroProcessoFormatado":"25351.372419/2017-33"}},{"ordem":37,"produto":{"codigo":1038407,"nome":"EUTONIS","numeroRegistro":"194270010","tipo":{"codigo":1,"descricao":null},"categoria":null,"situacaoRotulo":null,"dataVencimento":null,"mesAnoVencimento":"062020","dataVencimentoRegistro":"2020-06-01T00:00:00.000-0300","principioAtivo":null,"situacaoApresentacao":"Caduco/Cancelado","dataRegistro":"2015-06-29T00:00:00.000-0300","categoriaRegulatoria":{"codigo":8,"descricao":"Similar"},"medicamentoReferencia":"Olcadil","categoriaProduto":null,"tipoAutorizacao":"REGISTRADO","numeroRegistroFormatado":"194270010","mesAnoVencimentoFormatado":"06/2020","acancelar":false},"empresa":{"cnpj":"14806008000154","razaoSocial":"MOMENTA FARMACÊUTICA LTDA.","numeroAutorizacao":"1094272","cnpjFormatado":"14.806.008/0001-54"},"processo":{"numero":"25351571520201457","situacao":29,"numeroProcessoFormatado":"25351.571520/2014-57"}},{"ordem":38,"produto":{"codigo":1491399,"nome":"EZONIA","numeroRegistro":"194270100","tipo":{"codigo":1,"descricao":null},"categoria":null,"situacaoRotulo":null,"dataVencimento":null,"mesAnoVencimento":"092030","dataVencimentoRegistro":"2030-09-01T00:00:00.000-0300","principioAtivo":null,"situacaoApresentacao":"Caduco/Cancelado","dataRegistro":"2020-09-21T00:00:00.000-0300","categoriaRegulatoria":{"codigo":6,"descricao":"Novo"},"medicamentoReferencia":"PRYSMA","categoriaProduto":null,"tipoAutorizacao":"REGISTRADO","numeroRegistroFormatado":"194270100","mesAnoVencimentoFormatado":"09/2030","acancelar":false},"empresa":{"cnpj":"14806008000154","razaoSocial":"MOMENTA FARMACÊUTICA LTDA.","numeroAutorizacao":"1094272","cnpjFormatado":"14.806.008/0001-54"},"processo":{"numero":"25351602620202081","situacao":29,"numeroProcessoFormatado":"25351.602620/2020-81"}},{"ordem":39,"produto":{"codigo":1061136,"nome":"FENTICREM","numeroRegistro":"194270012","tipo":{"codigo":1,"descricao":null},"categoria":null,"situacaoRotulo":null,"dataVencimento":null,"mesAnoVencimento":"082020","dataVencimentoRegistro":"2020-08-01T00:00:00.000-0300","principioAtivo":null,"situacaoApresentacao":"Caduco/Cancelado","dataRegistro":"2015-08-17T00:00:00.000-0300","categoriaRegulatoria":{"codigo":8,"descricao":"Similar"},"medicamentoReferencia":"Fentizol","categoriaProduto":null,"tipoAutorizacao":"REGISTRADO","numeroRegistroFormatado":"194270012","mesAnoVencimentoFormatado":"08/2020","acancelar":false},"empresa":{"cnpj":"14806008000154","razaoSocial":"MOMENTA FARMACÊUTICA LTDA.","numeroAutorizacao":"1094272","cnpjFormatado":"14.806.008/0001-54"},"processo":{"numero":"25351391031201346","situacao":29,"numeroProcessoFormatado":"25351.391031/2013-46"}},{"ordem":40,"produto":{"codigo":1174342,"nome":"FORFIG","numeroRegistro":"194270064","tipo":{"codigo":1,"descricao":null},"categoria":null,"situacaoRotulo":null,"dataVencimento":null,"mesAnoVencimento":"022030","dataVencimentoRegistro":"2030-02-01T00:00:00.000-0300","principioAtivo":null,"situacaoApresentacao":"Caduco/Cancelado","dataRegistro":"2017-07-03T00:00:00.000-0300","categoriaRegulatoria":{"codigo":4,"descricao":"Fitoterápico"},"medicamentoReferencia":null,"categoriaProduto":null,"tipoAutorizacao":"REGISTRADO","numeroRegistroFormatado":"194270064","mesAnoVencimentoFormatado":"02/2030","acancelar":false},"empresa":{"cnpj":"14806008000154","razaoSocial":"MOMENTA FARMACÊUTICA LTDA.","numeroAutorizacao":"1094272","cnpjFormatado":"14.806.008/0001-54"},"processo":{"numero":"25351012258201705","situacao":29,"numeroProcessoFormatado":"25351.012258/2017-05"}},{"ordem":41,"produto":{"codigo":1348471,"nome":"GENKI XR","numeroRegistro":"194270088","tipo":{"codigo":1,"descricao":null},"categoria":null,"situacaoRotulo":null,"dataVencimento":null,"mesAnoVencimento":"092029","dataVencimentoRegistro":"2029-09-01T00:00:00.000-0300","principioAtivo":null,"situacaoApresentacao":"Caduco/Cancelado","dataRegistro":"2019-09-02T00:00:00.000-0300","categoriaRegulatoria":{"codigo":8,"descricao":"Similar"},"medicamentoReferencia":"PAXIL CR","categoriaProduto":null,"tipoAutorizacao":"REGISTRADO","numeroRegistroFormatado":"194270088","mesAnoVencimentoFormatado":"09/2029","acancelar":false},"empresa":{"cnpj":"14806008000154","razaoSocial":"MOMENTA FARMACÊUTICA LTDA.","numeroAutorizacao":"1094272","cnpjFormatado":"14.806.008/0001-54"},"processo":{"numero":"25351056502201873","situacao":29,"numeroProcessoFormatado":"25351.056502/2018-73"}},{"ordem":42,"produto":{"codigo":1020134,"nome":"GÁZIA","numeroRegistro":"194270004","tipo":{"codigo":1,"descricao":null},"categoria":null,"situacaoRotulo":null,"dataVencimento":null,"mesAnoVencimento":"022025","dataVencimentoRegistro":"2025-02-01T00:00:00.000-0300","principioAtivo":null,"situacaoApresentacao":"Caduco/Cancelado","dataRegistro":"2015-02-18T00:00:00.000-0300","categoriaRegulatoria":{"codigo":8,"descricao":"Similar"},"medicamentoReferencia":"PANTOZOL","categoriaProduto":null,"tipoAutorizacao":"REGISTRADO","numeroRegistroFormatado":"194270004","mesAnoVencimentoFormatado":"02/2025","acancelar":false},"empresa":{"cnpj":"14806008000154","razaoSocial":"MOMENTA FARMACÊUTICA LTDA.","numeroAutorizacao":"1094272","cnpjFormatado":"14.806.008/0001-54"},"processo":{"numero":"25351590413201367","situacao":29,"numeroProcessoFormatado":"25351.590413/2013-67"}},{"ordem":43,"produto":{"codigo":1088511,"nome":"HOMINUS","numeroRegistro":"194270048","tipo":{"codigo":1,"descricao":null},"categoria":null,"situacaoRotulo":null,"dataVencimento":null,"mesAnoVencimento":"042026","dataVencimentoRegistro":"2026-04-01T00:00:00.000-0300","principioAtivo":null,"situacaoApresentacao":"Caduco/Cancelado","dataRegistro":"2016-04-04T00:00:00.000-0300","categoriaRegulatoria":{"codigo":8,"descricao":"Similar"},"medicamentoReferencia":null,"categoriaProduto":null,"tipoAutorizacao":"REGISTRADO","numeroRegistroFormatado":"194270048","mesAnoVencimentoFormatado":"04/2026","acancelar":false},"empresa":{"cnpj":"14806008000154","razaoSocial":"MOMENTA FARMACÊUTICA LTDA.","numeroAutorizacao":"1094272","cnpjFormatado":"14.806.008/0001-54"},"processo":{"numero":"25351611910201477","situacao":29,"numeroProcessoFormatado":"25351.611910/2014-77"}},{"ordem":44,"produto":{"codigo":1216635,"nome":"INDOSSO","numeroRegistro":"194270091","tipo":{"codigo":1,"descricao":null},"categoria":null,"situacaoRotulo":null,"dataVencimento":null,"mesAnoVencimento":"022030","dataVencimentoRegistro":"2030-02-01T00:00:00.000-0300","principioAtivo":null,"situacaoApresentacao":"Caduco/Cancelado","dataRegistro":"2020-02-10T00:00:00.000-0300","categoriaRegulatoria":{"codigo":8,"descricao":"Similar"},"medicamentoReferencia":"ACTONEL","categoriaProduto":null,"tipoAutorizacao":"REGISTRADO","numeroRegistroFormatado":"194270091","mesAnoVencimentoFormatado":"02/2030","acancelar":false},"empresa":{"cnpj":"14806008000154","razaoSocial":"MOMENTA FARMACÊUTICA LTDA.","numeroAutorizacao":"1094272","cnpjFormatado":"14.806.008/0001-54"},"processo":{"numero":"25351615981201791","situacao":29,"numeroProcessoFormatado":"25351.615981/2017-91"}},{"ordem":45,"produto":{"codigo":939104,"nome":"INVERT","numeroRegistro":"194270006","tipo":{"codigo":1,"descricao":null},"categoria":null,"situacaoRotulo":null,"dataVencimento":null,"mesAnoVencimento":"042020","dataVencimentoRegistro":"2020-04-01T00:00:00.000-0300","principioAtivo":null,"situacaoApresentacao":"Caduco/Cancelado","dataRegistro":"2015-04-20T00:00:00.000-0300","categoriaRegulatoria":{"codigo":8,"descricao":"Similar"},"medicamentoReferencia":"CIALIS","categoriaProduto":null,"tipoAutorizacao":"REGISTRADO","numeroRegistroFormatado":"194270006","mesAnoVencimentoFormatado":"04/2020","acancelar":false},"empresa":{"cnpj":"14806008000154","razaoSocial":"MOMENTA FARMACÊUTICA LTDA.","numeroAutorizacao":"1094272","cnpjFormatado":"14.806.008/0001-54"},"processo":{"numero":"25351012984201491","situacao":29,"numeroProcessoFormatado":"25351.012984/2014-91"}},{"ordem":46,"produto":{"codigo":953044,"nome":"IRTANA","numeroRegistro":"194270003","tipo":{"codigo":1,"descricao":null},"categoria":null,"situacaoRotulo":null,"dataVencimento":null,"mesAnoVencimento":"072019","dataVencimentoRegistro":"2019-07-01T00:00:00.000-0300","principioAtivo":null,"situacaoApresentacao":"Caduco/Cancelado","dataRegistro":"2014-07-07T00:00:00.000-0300","categoriaRegulatoria":{"codigo":8,"descricao":"Similar"},"medicamentoReferencia":null,"categoriaProduto":null,"tipoAutorizacao":"REGISTRADO","numeroRegistroFormatado":"194270003","mesAnoVencimentoFormatado":"07/2019","acancelar":false},"empresa":{"cnpj":"14806008000154","razaoSocial":"MOMENTA FARMACÊUTICA LTDA.","numeroAutorizacao":"1094272","cnpjFormatado":"14.806.008/0001-54"},"processo":{"numero":"25351512080201349","situacao":29,"numeroProcessoFormatado":"25351.512080/2013-49"}},{"ordem":47,"produto":{"codigo":1173850,"nome":"KOIDE","numeroRegistro":"194270067","tipo":{"codigo":1,"descricao":null},"categoria":null,"situacaoRotulo":null,"dataVencimento":null,"mesAnoVencimento":"102025","dataVencimentoRegistro":"2025-10-01T00:00:00.000-0300","principioAtivo":null,"situacaoApresentacao":"Caduco/Cancelado","dataRegistro":"2017-07-03T00:00:00.000-0300","categoriaRegulatoria":{"codigo":8,"descricao":"Similar"},"medicamentoReferencia":null,"categoriaProduto":null,"tipoAutorizacao":"REGISTRADO","numeroRegistroFormatado":"194270067","mesAnoVencimentoFormatado":"10/2025","acancelar":false},"empresa":{"cnpj":"14806008000154","razaoSocial":"MOMENTA FARMACÊUTICA LTDA.","numeroAutorizacao":"1094272","cnpjFormatado":"14.806.008/0001-54"},"processo":{"numero":"25351012268201703","situacao":29,"numeroProcessoFormatado":"25351.012268/2017-03"}},{"ordem":48,"produto":{"codigo":1154915,"nome":"KOIDE D","numeroRegistro":"194270060","tipo":{"codigo":1,"descricao":null},"categoria":null,"situacaoRotulo":null,"dataVencimento":null,"mesAnoVencimento":"102025","dataVencimentoRegistro":"2025-10-01T00:00:00.000-0300","principioAtivo":null,"situacaoApresentacao":"Caduco/Cancelado","dataRegistro":"2017-04-03T00:00:00.000-0300","categoriaRegulatoria":{"codigo":8,"descricao":"Similar"},"medicamentoReferencia":"CELESTAMINE","categoriaProduto":null,"tipoAutorizacao":"REGISTRADO","numeroRegistroFormatado":"194270060","mesAnoVencimentoFormatado":"10/2025","acancelar":false},"empresa":{"cnpj":"14806008000154","razaoSocial":"MOMENTA FARMACÊUTICA LTDA.","numeroAutorizacao":"1094272","cnpjFormatado":"14.806.008/0001-54"},"processo":{"numero":"25351012272201706","situacao":29,"numeroProcessoFormatado":"25351.012272/2017-06"}},{"ordem":49,"produto":{"codigo":1173872,"nome":"KOIDEXA","numeroRegistro":"194270063","tipo":{"codigo":1,"descricao":null},"categoria":null,"situacaoRotulo":null,"dataVencimento":null,"mesAnoVencimento":"052027","dataVencimentoRegistro":"2027-05-01T00:00:00.000-0300","principioAtivo":null,"situacaoApresentacao":"Caduco/Cancelado","dataRegistro":"2017-06-26T00:00:00.000-0300","categoriaRegulatoria":{"codigo":8,"descricao":"Similar"},"medicamentoReferencia":null,"categoriaProduto":null,"tipoAutorizacao":"REGISTRADO","numeroRegistroFormatado":"194270063","mesAnoVencimentoFormatado":"05/2027","acancelar":false},"empresa":{"cnpj":"14806008000154","razaoSocial":"MOMENTA FARMACÊUTICA LTDA.","numeroAutorizacao":"1094272","cnpjFormatado":"14.806.008/0001-54"},"processo":{"numero":"25351012271201705","situacao":29,"numeroProcessoFormatado":"25351.012271/2017-05"}},{"ordem":50,"produto":{"codigo":1077908,"nome":"LITCAR","numeroRegistro":"194270043","tipo":{"codigo":1,"descricao":null},"categoria":null,"situacaoRotulo":null,"dataVencimento":null,"mesAnoVencimento":"112020","dataVencimentoRegistro":"2020-11-01T00:00:00.000-0300","principioAtivo":null,"situacaoApresentacao":"Caduco/Cancelado","dataRegistro":"2015-11-23T00:00:00.000-0300","categoriaRegulatoria":{"codigo":8,"descricao":"Similar"},"medicamentoReferencia":"CARBOLITIUM","categoriaProduto":null,"tipoAutorizacao":"REGISTRADO","numeroRegistroFormatado":"194270043","mesAnoVencimentoFormatado":"11/2020","acancelar":false},"empresa":{"cnpj":"14806008000154","razaoSocial":"MOMENTA FARMACÊUTICA LTDA.","numeroAutorizacao":"1094272","cnpjFormatado":"14.806.008/0001-54"},"processo":{"numero":"25351667740201485","situacao":29,"numeroProcessoFormatado":"25351.667740/2014-85"}},{"ordem":51,"produto":{"codigo":1174608,"nome":"MANTIDAN","numeroRegistro":"194270071","tipo":{"codigo":1,"descricao":null},"categoria":null,"situacaoRotulo":null,"dataVencimento":null,"mesAnoVencimento":"082026","dataVencimentoRegistro":"2026-08-01T00:00:00.000-0300","principioAtivo":null,"situacaoApresentacao":"Caduco/Cancelado","dataRegistro":"2017-07-10T00:00:00.000-0300","categoriaRegulatoria":{"codigo":6,"descricao":"Novo"},"medicamentoReferencia":null,"categoriaProduto":null,"tipoAutorizacao":"REGISTRADO","numeroRegistroFormatado":"194270071","mesAnoVencimentoFormatado":"08/2026","acancelar":false},"empresa":{"cnpj":"14806008000154","razaoSocial":"MOMENTA FARMACÊUTICA LTDA.","numeroAutorizacao":"1094272","cnpjFormatado":"14.806.008/0001-54"},"processo":{"numero":"25351012233201709","situacao":29,"numeroProcessoFormatado":"25351.012233/2017-09"}},{"ordem":52,"produto":{"codigo":1074115,"nome":"MARÉO","numeroRegistro":"194270033","tipo":{"codigo":1,"descricao":null},"categoria":null,"situacaoRotulo":null,"dataVencimento":null,"mesAnoVencimento":"112020","dataVencimentoRegistro":"2020-11-01T00:00:00.000-0300","principioAtivo":null,"situacaoApresentacao":"Caduco/Cancelado","dataRegistro":"2015-11-03T00:00:00.000-0300","categoriaRegulatoria":{"codigo":8,"descricao":"Similar"},"medicamentoReferencia":"Labirin e Betaserc","categoriaProduto":null,"tipoAutorizacao":"REGISTRADO","numeroRegistroFormatado":"194270033","mesAnoVencimentoFormatado":"11/2020","acancelar":false},"empresa":{"cnpj":"14806008000154","razaoSocial":"MOMENTA FARMACÊUTICA LTDA.","numeroAutorizacao":"1094272","cnpjFormatado":"14.806.008/0001-54"},"processo":{"numero":"25351606363201314","situacao":29,"numeroProcessoFormatado":"25351.606363/2013-14"}},{"ordem":53,"produto":{"codigo":1434316,"nome":"MEDATO","numeroRegistro":"194270101","tipo":{"codigo":1,"descricao":null},"categoria":null,"situacaoRotulo":null,"dataVencimento":null,"mesAnoVencimento":"112030","dataVencimentoRegistro":"2030-11-01T00:00:00.000-0300","principioAtivo":null,"situacaoApresentacao":"Caduco/Cancelado","dataRegistro":"2020-11-23T00:00:00.000-0300","categoriaRegulatoria":{"codigo":8,"descricao":"Similar"},"medicamentoReferencia":"RITALINA®","categoriaProduto":null,"tipoAutorizacao":"REGISTRADO","numeroRegistroFormatado":"194270101","mesAnoVencimentoFormatado":"11/2030","acancelar":false},"empresa":{"cnpj":"14806008000154","razaoSocial":"MOMENTA FARMACÊUTICA LTDA.","numeroAutorizacao":"1094272","cnpjFormatado":"14.806.008/0001-54"},"processo":{"numero":"25351823630202058","situacao":29,"numeroProcessoFormatado":"25351.823630/2020-58"}},{"ordem":54,"produto":{"codigo":1152654,"nome":"MINILAX","numeroRegistro":"194270058","tipo":{"codigo":1,"descricao":null},"categoria":null,"situacaoRotulo":null,"dataVencimento":null,"mesAnoVencimento":"082025","dataVencimentoRegistro":"2025-08-01T00:00:00.000-0300","principioAtivo":null,"situacaoApresentacao":"Caduco/Cancelado","dataRegistro":"2017-03-20T00:00:00.000-0300","categoriaRegulatoria":{"codigo":3,"descricao":"Específico"},"medicamentoReferencia":null,"categoriaProduto":null,"tipoAutorizacao":"REGISTRADO","numeroRegistroFormatado":"194270058","mesAnoVencimentoFormatado":"08/2025","acancelar":false},"empresa":{"cnpj":"14806008000154","razaoSocial":"MOMENTA FARMACÊUTICA LTDA.","numeroAutorizacao":"1094272","cnpjFormatado":"14.806.008/0001-54"},"processo":{"numero":"25351036621201742","situacao":29,"numeroProcessoFormatado":"25351.036621/2017-42"}},{"ordem":55,"produto":{"codigo":1026006,"nome":"MOBALE","numeroRegistro":"194270098","tipo":{"codigo":1,"descricao":null},"categoria":null,"situacaoRotulo":null,"dataVencimento":null,"mesAnoVencimento":"072030","dataVencimentoRegistro":"2030-07-01T00:00:00.000-0300","principioAtivo":null,"situacaoApresentacao":"Caduco/Cancelado","dataRegistro":"2020-07-13T00:00:00.000-0300","categoriaRegulatoria":{"codigo":8,"descricao":"Similar"},"medicamentoReferencia":"LYRICA","categoriaProduto":null,"tipoAutorizacao":"REGISTRADO","numeroRegistroFormatado":"194270098","mesAnoVencimentoFormatado":"07/2030","acancelar":false},"empresa":{"cnpj":"14806008000154","razaoSocial":"MOMENTA FARMACÊUTICA LTDA.","numeroAutorizacao":"1094272","cnpjFormatado":"14.806.008/0001-54"},"processo":{"numero":"25351667702201422","situacao":29,"numeroProcessoFormatado":"25351.667702/2014-22"}},{"ordem":56,"produto":{"codigo":1114252,"nome":"MOXIVA","numeroRegistro":"194270052","tipo":{"codigo":1,"descricao":null},"categoria":null,"situacaoRotulo":null,"dataVencimento":null,"mesAnoVencimento":"082021","dataVencimentoRegistro":"2021-08-01T00:00:00.000-0300","principioAtivo":null,"situacaoApresentacao":"Caduco/Cancelado","dataRegistro":"2016-08-01T00:00:00.000-0300","categoriaRegulatoria":{"codigo":8,"descricao":"Similar"},"medicamentoReferencia":"AVALOX","categoriaProduto":null,"tipoAutorizacao":"REGISTRADO","numeroRegistroFormatado":"194270052","mesAnoVencimentoFormatado":"08/2021","acancelar":false},"empresa":{"cnpj":"14806008000154","razaoSocial":"MOMENTA FARMACÊUTICA LTDA.","numeroAutorizacao":"1094272","cnpjFormatado":"14.806.008/0001-54"},"processo":{"numero":"25351449422201312","situacao":29,"numeroProcessoFormatado":"25351.449422/2013-12"}},{"ordem":57,"produto":{"codigo":1068636,"nome":"MUD","numeroRegistro":"194270025","tipo":{"codigo":1,"descricao":null},"categoria":null,"situacaoRotulo":null,"dataVencimento":null,"mesAnoVencimento":"102025","dataVencimentoRegistro":"2025-10-01T00:00:00.000-0300","principioAtivo":null,"situacaoApresentacao":"Caduco/Cancelado","dataRegistro":"2015-10-20T00:00:00.000-0300","categoriaRegulatoria":{"codigo":8,"descricao":"Similar"},"medicamentoReferencia":"OMCILON- A “M”®","categoriaProduto":null,"tipoAutorizacao":"REGISTRADO","numeroRegistroFormatado":"194270025","mesAnoVencimentoFormatado":"10/2025","acancelar":false},"empresa":{"cnpj":"14806008000154","razaoSocial":"MOMENTA FARMACÊUTICA LTDA.","numeroAutorizacao":"1094272","cnpjFormatado":"14.806.008/0001-54"},"processo":{"numero":"25351630490201428","situacao":29,"numeroProcessoFormatado":"25351.630490/2014-28"}},{"ordem":58,"produto":{"codigo":1068648,"nome":"MUD","numeroRegistro":"194270026","tipo":{"codigo":1,"descricao":null},"categoria":null,"situacaoRotulo":null,"dataVencimento":null,"mesAnoVencimento":"102025","dataVencimentoRegistro":"2025-10-01T00:00:00.000-0300","principioAtivo":null,"situacaoApresentacao":"Caduco/Cancelado","dataRegistro":"2015-10-20T00:00:00.000-0300","categoriaRegulatoria":{"codigo":8,"descricao":"Similar"},"medicamentoReferencia":"OMCILON- A® “M”","categoriaProduto":null,"tipoAutorizacao":"REGISTRADO","numeroRegistroFormatado":"194270026","mesAnoVencimentoFormatado":"10/2025","acancelar":false},"empresa":{"cnpj":"14806008000154","razaoSocial":"MOMENTA FARMACÊUTICA LTDA.","numeroAutorizacao":"1094272","cnpjFormatado":"14.806.008/0001-54"},"processo":{"numero":"25351630491201472","situacao":29,"numeroProcessoFormatado":"25351.630491/2014-72"}},{"ordem":59,"produto":{"codigo":1064298,"nome":"MUD ORAL","numeroRegistro":"194270020","tipo":{"codigo":1,"descricao":null},"categoria":null,"situacaoRotulo":null,"dataVencimento":null,"mesAnoVencimento":"092025","dataVencimentoRegistro":"2025-09-01T00:00:00.000-0300","principioAtivo":null,"situacaoApresentacao":"Caduco/Cancelado","dataRegistro":"2015-09-14T00:00:00.000-0300","categoriaRegulatoria":{"codigo":8,"descricao":"Similar"},"medicamentoReferencia":"OMCILON-A EM ORABASE","categoriaProduto":null,"tipoAutorizacao":"REGISTRADO","numeroRegistroFormatado":"194270020","mesAnoVencimentoFormatado":"09/2025","acancelar":false},"empresa":{"cnpj":"14806008000154","razaoSocial":"MOMENTA FARMACÊUTICA LTDA.","numeroAutorizacao":"1094272","cnpjFormatado":"14.806.008/0001-54"},"processo":{"numero":"25351717886201489","situacao":29,"numeroProcessoFormatado":"25351.717886/2014-89"}},{"ordem":60,"produto":{"codigo":1075582,"nome":"MÍNTI","numeroRegistro":"194270037","tipo":{"codigo":1,"descricao":null},"categoria":null,"situacaoRotulo":null,"dataVencimento":null,"mesAnoVencimento":"112025 ","dataVencimentoRegistro":"2025-11-01T00:00:00.000-0300","principioAtivo":null,"situacaoApresentacao":"Caduco/Cancelado","dataRegistro":"2015-11-23T00:00:00.000-0300","categoriaRegulatoria":{"codigo":8,"descricao":"Similar"},"medicamentoReferencia":"ANNITA","categoriaProduto":null,"tipoAutorizacao":"REGISTRADO","numeroRegistroFormatado":"194270037","mesAnoVencimentoFormatado":"11/2025","acancelar":false},"empresa":{"cnpj":"14806008000154","razaoSocial":"MOMENTA FARMACÊUTICA LTDA.","numeroAutorizacao":"1094272","cnpjFormatado":"14.806.008/0001-54"},"processo":{"numero":"25351221489201431","situacao":29,"numeroProcessoFormatado":"25351.221489/2014-31"}},{"ordem":61,"produto":{"codigo":1072560,"nome":"NESTRA","numeroRegistro":"194270032","tipo":{"codigo":1,"descricao":null},"categoria":null,"situacaoRotulo":null,"dataVencimento":null,"mesAnoVencimento":"102020","dataVencimentoRegistro":"2020-10-01T00:00:00.000-0300","principioAtivo":null,"situacaoApresentacao":"Caduco/Cancelado","dataRegistro":"2015-10-26T00:00:00.000-0300","categoriaRegulatoria":{"codigo":8,"descricao":"Similar"},"medicamentoReferencia":"MESIGYNA","categoriaProduto":null,"tipoAutorizacao":"REGISTRADO","numeroRegistroFormatado":"194270032","mesAnoVencimentoFormatado":"10/2020","acancelar":false},"empresa":{"cnpj":"14806008000154","razaoSocial":"MOMENTA FARMACÊUTICA LTDA.","numeroAutorizacao":"1094272","cnpjFormatado":"14.806.008/0001-54"},"processo":{"numero":"25351447826201574","situacao":29,"numeroProcessoFormatado":"25351.447826/2015-74"}},{"ordem":62,"produto":{"codigo":1041063,"nome":"NILIVE","numeroRegistro":"194270046","tipo":{"codigo":1,"descricao":null},"categoria":null,"situacaoRotulo":null,"dataVencimento":null,"mesAnoVencimento":"022021","dataVencimentoRegistro":"2021-02-01T00:00:00.000-0300","principioAtivo":null,"situacaoApresentacao":"Caduco/Cancelado","dataRegistro":"2016-02-10T00:00:00.000-0300","categoriaRegulatoria":{"codigo":8,"descricao":"Similar"},"medicamentoReferencia":"NISULID","categoriaProduto":null,"tipoAutorizacao":"REGISTRADO","numeroRegistroFormatado":"194270046","mesAnoVencimentoFormatado":"02/2021","acancelar":false},"empresa":{"cnpj":"14806008000154","razaoSocial":"MOMENTA FARMACÊUTICA LTDA.","numeroAutorizacao":"1094272","cnpjFormatado":"14.806.008/0001-54"},"processo":{"numero":"25351626595201482","situacao":29,"numeroProcessoFormatado":"25351.626595/2014-82"}},{"ordem":63,"produto":{"codigo":1087790,"nome":"NILIVE","numeroRegistro":"194270045","tipo":{"codigo":1,"descricao":null},"categoria":null,"situacaoRotulo":null,"dataVencimento":null,"mesAnoVencimento":"022021","dataVencimentoRegistro":"2021-02-01T00:00:00.000-0300","principioAtivo":null,"situacaoApresentacao":"Caduco/Cancelado","dataRegistro":"2016-02-10T00:00:00.000-0300","categoriaRegulatoria":{"codigo":8,"descricao":"Similar"},"medicamentoReferencia":"NISULID","categoriaProduto":null,"tipoAutorizacao":"REGISTRADO","numeroRegistroFormatado":"194270045","mesAnoVencimentoFormatado":"02/2021","acancelar":false},"empresa":{"cnpj":"14806008000154","razaoSocial":"MOMENTA FARMACÊUTICA LTDA.","numeroAutorizacao":"1094272","cnpjFormatado":"14.806.008/0001-54"},"processo":{"numero":"25351626602201446","situacao":29,"numeroProcessoFormatado":"25351.626602/2014-46"}},{"ordem":64,"produto":{"codigo":1093476,"nome":"OHDE","numeroRegistro":"194270050","tipo":{"codigo":1,"descricao":null},"categoria":null,"situacaoRotulo":null,"dataVencimento":null,"mesAnoVencimento":"042026","dataVencimentoRegistro":"2026-04-01T00:00:00.000-0300","principioAtivo":null,"situacaoApresentacao":"Caduco/Cancelado","dataRegistro":"2016-04-18T00:00:00.000-0300","categoriaRegulatoria":{"codigo":3,"descricao":"Específico"},"medicamentoReferencia":null,"categoriaProduto":null,"tipoAutorizacao":"REGISTRADO","numeroRegistroFormatado":"194270050","mesAnoVencimentoFormatado":"04/2026","acancelar":false},"empresa":{"cnpj":"14806008000154","razaoSocial":"MOMENTA FARMACÊUTICA LTDA.","numeroAutorizacao":"1094272","cnpjFormatado":"14.806.008/0001-54"},"processo":{"numero":"25351760190201553","situacao":29,"numeroProcessoFormatado":"25351.760190/2015-53"}},{"ordem":65,"produto":{"codigo":1319233,"nome":"OHDE CAPS","numeroRegistro":"194270080","tipo":{"codigo":1,"descricao":null},"categoria":null,"situacaoRotulo":null,"dataVencimento":null,"mesAnoVencimento":"042029","dataVencimentoRegistro":"2029-04-01T00:00:00.000-0300","principioAtivo":null,"situacaoApresentacao":"Caduco/Cancelado","dataRegistro":"2019-04-29T00:00:00.000-0300","categoriaRegulatoria":{"codigo":3,"descricao":"Específico"},"medicamentoReferencia":null,"categoriaProduto":null,"tipoAutorizacao":"REGISTRADO","numeroRegistroFormatado":"194270080","mesAnoVencimentoFormatado":"04/2029","acancelar":false},"empresa":{"cnpj":"14806008000154","razaoSocial":"MOMENTA FARMACÊUTICA LTDA.","numeroAutorizacao":"1094272","cnpjFormatado":"14.806.008/0001-54"},"processo":{"numero":"25351746773201814","situacao":29,"numeroProcessoFormatado":"25351.746773/2018-14"}},{"ordem":66,"produto":{"codigo":1038238,"nome":"OLSAR","numeroRegistro":"194270096","tipo":{"codigo":1,"descricao":null},"categoria":null,"situacaoRotulo":null,"dataVencimento":null,"mesAnoVencimento":"062030","dataVencimentoRegistro":"2030-06-01T00:00:00.000-0300","principioAtivo":null,"situacaoApresentacao":"Caduco/Cancelado","dataRegistro":"2020-06-01T00:00:00.000-0300","categoriaRegulatoria":{"codigo":8,"descricao":"Similar"},"medicamentoReferencia":"Benicar","categoriaProduto":null,"tipoAutorizacao":"REGISTRADO","numeroRegistroFormatado":"194270096","mesAnoVencimentoFormatado":"06/2030","acancelar":false},"empresa":{"cnpj":"14806008000154","razaoSocial":"MOMENTA FARMACÊUTICA LTDA.","numeroAutorizacao":"1094272","cnpjFormatado":"14.806.008/0001-54"},"processo":{"numero":"25351145117201557","situacao":29,"numeroProcessoFormatado":"25351.145117/2015-57"}},{"ordem":67,"produto":{"codigo":1745242,"nome":"OLSAR H","numeroRegistro":"194270102","tipo":{"codigo":1,"descricao":null},"categoria":null,"situacaoRotulo":null,"dataVencimento":null,"mesAnoVencimento":"122030","dataVencimentoRegistro":"2030-12-01T00:00:00.000-0300","principioAtivo":null,"situacaoApresentacao":"Caduco/Cancelado","dataRegistro":"2020-12-28T00:00:00.000-0300","categoriaRegulatoria":{"codigo":8,"descricao":"Similar"},"medicamentoReferencia":"BENICAR HCT","categoriaProduto":null,"tipoAutorizacao":"REGISTRADO","numeroRegistroFormatado":"194270102","mesAnoVencimentoFormatado":"12/2030","acancelar":false},"empresa":{"cnpj":"14806008000154","razaoSocial":"MOMENTA FARMACÊUTICA LTDA.","numeroAutorizacao":"1094272","cnpjFormatado":"14.806.008/0001-54"},"processo":{"numero":"25351073151202080","situacao":29,"numeroProcessoFormatado":"25351.073151/2020-80"}},{"ordem":68,"produto":{"codigo":915239,"nome":"OLTANA H","numeroRegistro":"194270002","tipo":{"codigo":1,"descricao":null},"categoria":null,"situacaoRotulo":null,"dataVencimento":null,"mesAnoVencimento":"022019","dataVencimentoRegistro":"2019-02-01T00:00:00.000-0300","principioAtivo":null,"situacaoApresentacao":"Caduco/Cancelado","dataRegistro":"2014-02-24T00:00:00.000-0300","categoriaRegulatoria":{"codigo":8,"descricao":"Similar"},"medicamentoReferencia":"BENICAR HCT","categoriaProduto":null,"tipoAutorizacao":"REGISTRADO","numeroRegistroFormatado":"194270002","mesAnoVencimentoFormatado":"02/2019","acancelar":false},"empresa":{"cnpj":"14806008000154","razaoSocial":"MOMENTA FARMACÊUTICA LTDA.","numeroAutorizacao":"1094272","cnpjFormatado":"14.806.008/0001-54"},"processo":{"numero":"25351508981201362","situacao":29,"numeroProcessoFormatado":"25351.508981/2013-62"}},{"ordem":69,"produto":{"codigo":1069671,"nome":"OLTANA H","numeroRegistro":"194270030","tipo":{"codigo":1,"descricao":null},"categoria":null,"situacaoRotulo":null,"dataVencimento":null,"mesAnoVencimento":"102020","dataVencimentoRegistro":"2020-10-01T00:00:00.000-0300","principioAtivo":null,"situacaoApresentacao":"Caduco/Cancelado","dataRegistro":"2015-10-20T00:00:00.000-0300","categoriaRegulatoria":{"codigo":8,"descricao":"Similar"},"medicamentoReferencia":"BENICAR HCT","categoriaProduto":null,"tipoAutorizacao":"REGISTRADO","numeroRegistroFormatado":"194270030","mesAnoVencimentoFormatado":"10/2020","acancelar":false},"empresa":{"cnpj":"14806008000154","razaoSocial":"MOMENTA FARMACÊUTICA LTDA.","numeroAutorizacao":"1094272","cnpjFormatado":"14.806.008/0001-54"},"processo":{"numero":"25351676894201468","situacao":29,"numeroProcessoFormatado":"25351.676894/2014-68"}},{"ordem":70,"produto":{"codigo":1382447,"nome":"PERCOIDE","numeroRegistro":"194270090","tipo":{"codigo":1,"descricao":null},"categoria":null,"situacaoRotulo":null,"dataVencimento":null,"mesAnoVencimento":"012030","dataVencimentoRegistro":"2030-01-01T00:00:00.000-0300","principioAtivo":null,"situacaoApresentacao":"Caduco/Cancelado","dataRegistro":"2020-01-20T00:00:00.000-0300","categoriaRegulatoria":{"codigo":8,"descricao":"Similar"},"medicamentoReferencia":"PRELONE/ PREDSIM","categoriaProduto":null,"tipoAutorizacao":"REGISTRADO","numeroRegistroFormatado":"194270090","mesAnoVencimentoFormatado":"01/2030","acancelar":false},"empresa":{"cnpj":"14806008000154","razaoSocial":"MOMENTA FARMACÊUTICA LTDA.","numeroAutorizacao":"1094272","cnpjFormatado":"14.806.008/0001-54"},"processo":{"numero":"25351069032201816","situacao":29,"numeroProcessoFormatado":"25351.069032/2018-16"}},{"ordem":71,"produto":{"codigo":1291209,"nome":"PERCOIDE","numeroRegistro":"194270092","tipo":{"codigo":1,"descricao":null},"categoria":null,"situacaoRotulo":null,"dataVencimento":null,"mesAnoVencimento":"022030","dataVencimentoRegistro":"2030-02-01T00:00:00.000-0300","principioAtivo":null,"situacaoApresentacao":"Caduco/Cancelado","dataRegistro":"2020-02-10T00:00:00.000-0300","categoriaRegulatoria":{"codigo":8,"descricao":"Similar"},"medicamentoReferencia":"PRELONE","categoriaProduto":null,"tipoAutorizacao":"REGISTRADO","numeroRegistroFormatado":"194270092","mesAnoVencimentoFormatado":"02/2030","acancelar":false},"empresa":{"cnpj":"14806008000154","razaoSocial":"MOMENTA FARMACÊUTICA LTDA.","numeroAutorizacao":"1094272","cnpjFormatado":"14.806.008/0001-54"},"processo":{"numero":"25351746814201872","situacao":29,"numeroProcessoFormatado":"25351.746814/2018-72"}},{"ordem":72,"produto":{"codigo":2088313,"nome":"PERDAMA","numeroRegistro":"194270106","tipo":{"codigo":1,"descricao":null},"categoria":null,"situacaoRotulo":null,"dataVencimento":null,"mesAnoVencimento":"082031","dataVencimentoRegistro":"2031-08-01T00:00:00.000-0300","principioAtivo":null,"situacaoApresentacao":"Caduco/Cancelado","dataRegistro":"2021-08-02T00:00:00.000-0300","categoriaRegulatoria":{"codigo":8,"descricao":"Similar"},"medicamentoReferencia":"ANGELIQ","categoriaProduto":null,"tipoAutorizacao":"REGISTRADO","numeroRegistroFormatado":"194270106","mesAnoVencimentoFormatado":"08/2031","acancelar":false},"empresa":{"cnpj":"14806008000154","razaoSocial":"MOMENTA FARMACÊUTICA LTDA.","numeroAutorizacao":"1094272","cnpjFormatado":"14.806.008/0001-54"},"processo":{"numero":"25351087599202081","situacao":29,"numeroProcessoFormatado":"25351.087599/2020-81"}},{"ordem":73,"produto":{"codigo":1069166,"nome":"PERMESE","numeroRegistro":"194270022","tipo":{"codigo":1,"descricao":null},"categoria":null,"situacaoRotulo":null,"dataVencimento":null,"mesAnoVencimento":"102025","dataVencimentoRegistro":"2025-10-01T00:00:00.000-0300","principioAtivo":null,"situacaoApresentacao":"Caduco/Cancelado","dataRegistro":"2015-10-05T00:00:00.000-0300","categoriaRegulatoria":{"codigo":8,"descricao":"Similar"},"medicamentoReferencia":"DIPROSPAN","categoriaProduto":null,"tipoAutorizacao":"REGISTRADO","numeroRegistroFormatado":"194270022","mesAnoVencimentoFormatado":"10/2025","acancelar":false},"empresa":{"cnpj":"14806008000154","razaoSocial":"MOMENTA FARMACÊUTICA LTDA.","numeroAutorizacao":"1094272","cnpjFormatado":"14.806.008/0001-54"},"processo":{"numero":"25351692653201466","situacao":29,"numeroProcessoFormatado":"25351.692653/2014-66"}},{"ordem":74,"produto":{"codigo":1392514,"nome":"PERMUT","numeroRegistro":"194270093","tipo":{"codigo":1,"descricao":null},"categoria":null,"situacaoRotulo":null,"dataVencimento":null,"mesAnoVencimento":"032030","dataVencimentoRegistro":"2030-03-01T00:00:00.000-0300","principioAtivo":null,"situacaoApresentacao":"Caduco/Cancelado","dataRegistro":"2020-03-09T00:00:00.000-0300","categoriaRegulatoria":{"codigo":8,"descricao":"Similar"},"medicamentoReferencia":"QUADRIDERM","categoriaProduto":null,"tipoAutorizacao":"REGISTRADO","numeroRegistroFormatado":"194270093","mesAnoVencimentoFormatado":"03/2030","acancelar":false},"empresa":{"cnpj":"14806008000154","razaoSocial":"MOMENTA FARMACÊUTICA LTDA.","numeroAutorizacao":"1094272","cnpjFormatado":"14.806.008/0001-54"},"processo":{"numero":"25351557840201917","situacao":29,"numeroProcessoFormatado":"25351.557840/2019-17"}},{"ordem":75,"produto":{"codigo":1069920,"nome":"PERMUT","numeroRegistro":"194270027","tipo":{"codigo":1,"descricao":null},"categoria":null,"situacaoRotulo":null,"dataVencimento":null,"mesAnoVencimento":"102025","dataVencimentoRegistro":"2025-10-01T00:00:00.000-0300","principioAtivo":null,"situacaoApresentacao":"Caduco/Cancelado","dataRegistro":"2015-10-20T00:00:00.000-0300","categoriaRegulatoria":{"codigo":8,"descricao":"Similar"},"medicamentoReferencia":"QUADRIDERM","categoriaProduto":null,"tipoAutorizacao":"REGISTRADO","numeroRegistroFormatado":"194270027","mesAnoVencimentoFormatado":"10/2025","acancelar":false},"empresa":{"cnpj":"14806008000154","razaoSocial":"MOMENTA FARMACÊUTICA LTDA.","numeroAutorizacao":"1094272","cnpjFormatado":"14.806.008/0001-54"},"processo":{"numero":"25351630495201451","situacao":29,"numeroProcessoFormatado":"25351.630495/2014-51"}},{"ordem":76,"produto":{"codigo":1069957,"nome":"PERMUT","numeroRegistro":"194270028","tipo":{"codigo":1,"descricao":null},"categoria":null,"situacaoRotulo":null,"dataVencimento":null,"mesAnoVencimento":"102020","dataVencimentoRegistro":"2020-10-01T00:00:00.000-0300","principioAtivo":null,"situacaoApresentacao":"Caduco/Cancelado","dataRegistro":"2015-10-20T00:00:00.000-0300","categoriaRegulatoria":{"codigo":8,"descricao":"Similar"},"medicamentoReferencia":"QUADRIDERM","categoriaProduto":null,"tipoAutorizacao":"REGISTRADO","numeroRegistroFormatado":"194270028","mesAnoVencimentoFormatado":"10/2020","acancelar":false},"empresa":{"cnpj":"14806008000154","razaoSocial":"MOMENTA FARMACÊUTICA LTDA.","numeroAutorizacao":"1094272","cnpjFormatado":"14.806.008/0001-54"},"processo":{"numero":"25351630496201403","situacao":29,"numeroProcessoFormatado":"25351.630496/2014-03"}},{"ordem":77,"produto":{"codigo":1173297,"nome":"PIVAST","numeroRegistro":"194270066","tipo":{"codigo":1,"descricao":null},"categoria":null,"situacaoRotulo":null,"dataVencimento":null,"mesAnoVencimento":"042025","dataVencimentoRegistro":"2025-04-01T00:00:00.000-0300","principioAtivo":null,"situacaoApresentacao":"Caduco/Cancelado","dataRegistro":"2017-07-03T00:00:00.000-0300","categoriaRegulatoria":{"codigo":8,"descricao":"Similar"},"medicamentoReferencia":"LIVALO","categoriaProduto":null,"tipoAutorizacao":"REGISTRADO","numeroRegistroFormatado":"194270066","mesAnoVencimentoFormatado":"04/2025","acancelar":false},"empresa":{"cnpj":"14806008000154","razaoSocial":"MOMENTA FARMACÊUTICA LTDA.","numeroAutorizacao":"1094272","cnpjFormatado":"14.806.008/0001-54"},"processo":{"numero":"25351012266201701","situacao":29,"numeroProcessoFormatado":"25351.012266/2017-01"}},{"ordem":78,"produto":{"codigo":1152674,"nome":"POVATA","numeroRegistro":"194270056","tipo":{"codigo":1,"descricao":null},"categoria":null,"situacaoRotulo":null,"dataVencimento":null,"mesAnoVencimento":"042024","dataVencimentoRegistro":"2024-04-01T00:00:00.000-0300","principioAtivo":null,"situacaoApresentacao":"Caduco/Cancelado","dataRegistro":"2017-03-20T00:00:00.000-0300","categoriaRegulatoria":{"codigo":null,"descricao":null},"medicamentoReferencia":null,"categoriaProduto":null,"tipoAutorizacao":"REGISTRADO","numeroRegistroFormatado":"194270056","mesAnoVencimentoFormatado":"04/2024","acancelar":false},"empresa":{"cnpj":"14806008000154","razaoSocial":"MOMENTA FARMACÊUTICA LTDA.","numeroAutorizacao":"1094272","cnpjFormatado":"14.806.008/0001-54"},"processo":{"numero":"25351012262201701","situacao":29,"numeroProcessoFormatado":"25351.012262/2017-01"}},{"ordem":79,"produto":{"codigo":1075998,"nome":"QUEPSIA LP","numeroRegistro":"194270035","tipo":{"codigo":1,"descricao":null},"categoria":null,"situacaoRotulo":null,"dataVencimento":null,"mesAnoVencimento":"112025","dataVencimentoRegistro":"2025-11-01T00:00:00.000-0300","principioAtivo":null,"situacaoApresentacao":"Caduco/Cancelado","dataRegistro":"2015-11-23T00:00:00.000-0300","categoriaRegulatoria":{"codigo":8,"descricao":"Similar"},"medicamentoReferencia":"SEROQUEL XRO","categoriaProduto":null,"tipoAutorizacao":"REGISTRADO","numeroRegistroFormatado":"194270035","mesAnoVencimentoFormatado":"11/2025","acancelar":false},"empresa":{"cnpj":"14806008000154","razaoSocial":"MOMENTA FARMACÊUTICA LTDA.","numeroAutorizacao":"1094272","cnpjFormatado":"14.806.008/0001-54"},"processo":{"numero":"25351090700201446","situacao":29,"numeroProcessoFormatado":"25351.090700/2014-46"}},{"ordem":80,"produto":{"codigo":1077918,"nome":"REMIS","numeroRegistro":"194270042","tipo":{"codigo":1,"descricao":null},"categoria":null,"situacaoRotulo":null,"dataVencimento":null,"mesAnoVencimento":"112025","dataVencimentoRegistro":"2025-11-01T00:00:00.000-0300","principioAtivo":null,"situacaoApresentacao":"Caduco/Cancelado","dataRegistro":"2015-11-23T00:00:00.000-0300","categoriaRegulatoria":{"codigo":8,"descricao":"Similar"},"medicamentoReferencia":"LEXAPRO","categoriaProduto":null,"tipoAutorizacao":"REGISTRADO","numeroRegistroFormatado":"194270042","mesAnoVencimentoFormatado":"11/2025","acancelar":false},"empresa":{"cnpj":"14806008000154","razaoSocial":"MOMENTA FARMACÊUTICA LTDA.","numeroAutorizacao":"1094272","cnpjFormatado":"14.806.008/0001-54"},"processo":{"numero":"25351180892201468","situacao":29,"numeroProcessoFormatado":"25351.180892/2014-68"}},{"ordem":81,"produto":{"codigo":2034686,"nome":"REUMAKI","numeroRegistro":"194270103","tipo":{"codigo":1,"descricao":null},"categoria":null,"situacaoRotulo":null,"dataVencimento":null,"mesAnoVencimento":"032031","dataVencimentoRegistro":"2031-03-01T00:00:00.000-0300","principioAtivo":null,"situacaoApresentacao":"Caduco/Cancelado","dataRegistro":"2021-03-29T00:00:00.000-0300","categoriaRegulatoria":{"codigo":8,"descricao":"Similar"},"medicamentoReferencia":"PLAQUINOL","categoriaProduto":null,"tipoAutorizacao":"REGISTRADO","numeroRegistroFormatado":"194270103","mesAnoVencimentoFormatado":"03/2031","acancelar":false},"empresa":{"cnpj":"14806008000154","razaoSocial":"MOMENTA FARMACÊUTICA LTDA.","numeroAutorizacao":"1094272","cnpjFormatado":"14.806.008/0001-54"},"processo":{"numero":"25351766373202040","situacao":29,"numeroProcessoFormatado":"25351.766373/2020-40"}},{"ordem":82,"produto":{"codigo":1251737,"nome":"RIPOSO","numeroRegistro":"194270074","tipo":{"codigo":1,"descricao":null},"categoria":null,"situacaoRotulo":null,"dataVencimento":null,"mesAnoVencimento":"072028","dataVencimentoRegistro":"2028-07-01T00:00:00.000-0300","principioAtivo":null,"situacaoApresentacao":"Caduco/Cancelado","dataRegistro":"2018-07-02T00:00:00.000-0300","categoriaRegulatoria":{"codigo":8,"descricao":"Similar"},"medicamentoReferencia":"STILNOX","categoriaProduto":null,"tipoAutorizacao":"REGISTRADO","numeroRegistroFormatado":"194270074","mesAnoVencimentoFormatado":"07/2028","acancelar":false},"empresa":{"cnpj":"14806008000154","razaoSocial":"MOMENTA FARMACÊUTICA LTDA.","numeroAutorizacao":"1094272","cnpjFormatado":"14.806.008/0001-54"},"processo":{"numero":"25351634248201776","situacao":29,"numeroProcessoFormatado":"25351.634248/2017-76"}},{"ordem":83,"produto":{"codigo":1285169,"nome":"RIPOSO SL","numeroRegistro":"194270094","tipo":{"codigo":1,"descricao":null},"categoria":null,"situacaoRotulo":null,"dataVencimento":null,"mesAnoVencimento":"032030","dataVencimentoRegistro":"2030-03-01T00:00:00.000-0300","principioAtivo":null,"situacaoApresentacao":"Caduco/Cancelado","dataRegistro":"2020-03-16T00:00:00.000-0300","categoriaRegulatoria":{"codigo":8,"descricao":"Similar"},"medicamentoReferencia":"PATZ SL","categoriaProduto":null,"tipoAutorizacao":"REGISTRADO","numeroRegistroFormatado":"194270094","mesAnoVencimentoFormatado":"03/2030","acancelar":false},"empresa":{"cnpj":"14806008000154","razaoSocial":"MOMENTA FARMACÊUTICA LTDA.","numeroAutorizacao":"1094272","cnpjFormatado":"14.806.008/0001-54"},"processo":{"numero":"25351704749201816","situacao":29,"numeroProcessoFormatado":"25351.704749/2018-16"}},{"ordem":84,"produto":{"codigo":1037058,"nome":"ROX","numeroRegistro":"194270097","tipo":{"codigo":1,"descricao":null},"categoria":null,"situacaoRotulo":null,"dataVencimento":null,"mesAnoVencimento":"062030","dataVencimentoRegistro":"2030-06-01T00:00:00.000-0300","principioAtivo":null,"situacaoApresentacao":"Caduco/Cancelado","dataRegistro":"2020-06-08T00:00:00.000-0300","categoriaRegulatoria":{"codigo":8,"descricao":"Similar"},"medicamentoReferencia":"CRESTOR","categoriaProduto":null,"tipoAutorizacao":"REGISTRADO","numeroRegistroFormatado":"194270097","mesAnoVencimentoFormatado":"06/2030","acancelar":false},"empresa":{"cnpj":"14806008000154","razaoSocial":"MOMENTA FARMACÊUTICA LTDA.","numeroAutorizacao":"1094272","cnpjFormatado":"14.806.008/0001-54"},"processo":{"numero":"25351057493201595","situacao":29,"numeroProcessoFormatado":"25351.057493/2015-95"}},{"ordem":85,"produto":{"codigo":1152484,"nome":"SNIF 3%","numeroRegistro":"194270054","tipo":{"codigo":1,"descricao":null},"categoria":null,"situacaoRotulo":null,"dataVencimento":null,"mesAnoVencimento":"092024","dataVencimentoRegistro":"2024-09-01T00:00:00.000-0300","principioAtivo":null,"situacaoApresentacao":"Caduco/Cancelado","dataRegistro":"2017-03-20T00:00:00.000-0300","categoriaRegulatoria":{"codigo":null,"descricao":null},"medicamentoReferencia":null,"categoriaProduto":null,"tipoAutorizacao":"REGISTRADO","numeroRegistroFormatado":"194270054","mesAnoVencimentoFormatado":"09/2024","acancelar":false},"empresa":{"cnpj":"14806008000154","razaoSocial":"MOMENTA FARMACÊUTICA LTDA.","numeroAutorizacao":"1094272","cnpjFormatado":"14.806.008/0001-54"},"processo":{"numero":"25351011934201701","situacao":29,"numeroProcessoFormatado":"25351.011934/2017-01"}},{"ordem":86,"produto":{"codigo":1356317,"nome":"SPARK","numeroRegistro":"194270089","tipo":{"codigo":1,"descricao":null},"categoria":null,"situacaoRotulo":null,"dataVencimento":null,"mesAnoVencimento":"102029","dataVencimentoRegistro":"2029-10-01T00:00:00.000-0300","principioAtivo":null,"situacaoApresentacao":"Caduco/Cancelado","dataRegistro":"2019-10-07T00:00:00.000-0300","categoriaRegulatoria":{"codigo":8,"descricao":"Similar"},"medicamentoReferencia":"KEPPRA","categoriaProduto":null,"tipoAutorizacao":"REGISTRADO","numeroRegistroFormatado":"194270089","mesAnoVencimentoFormatado":"10/2029","acancelar":false},"empresa":{"cnpj":"14806008000154","razaoSocial":"MOMENTA FARMACÊUTICA LTDA.","numeroAutorizacao":"1094272","cnpjFormatado":"14.806.008/0001-54"},"processo":{"numero":"25351451152201936","situacao":29,"numeroProcessoFormatado":"25351.451152/2019-36"}},{"ordem":87,"produto":{"codigo":1077268,"nome":"SPIVAX","numeroRegistro":"194270044","tipo":{"codigo":1,"descricao":null},"categoria":null,"situacaoRotulo":null,"dataVencimento":null,"mesAnoVencimento":"112020","dataVencimentoRegistro":"2020-11-01T00:00:00.000-0300","principioAtivo":null,"situacaoApresentacao":"Caduco/Cancelado","dataRegistro":"2015-11-23T00:00:00.000-0300","categoriaRegulatoria":{"codigo":8,"descricao":"Similar"},"medicamentoReferencia":"LIVALO","categoriaProduto":null,"tipoAutorizacao":"REGISTRADO","numeroRegistroFormatado":"194270044","mesAnoVencimentoFormatado":"11/2020","acancelar":false},"empresa":{"cnpj":"14806008000154","razaoSocial":"MOMENTA FARMACÊUTICA LTDA.","numeroAutorizacao":"1094272","cnpjFormatado":"14.806.008/0001-54"},"processo":{"numero":"25351670706201498","situacao":29,"numeroProcessoFormatado":"25351.670706/2014-98"}},{"ordem":88,"produto":{"codigo":1279564,"nome":"SYMPTA","numeroRegistro":"194270078","tipo":{"codigo":1,"descricao":null},"categoria":null,"situacaoRotulo":null,"dataVencimento":null,"mesAnoVencimento":"102028","dataVencimentoRegistro":"2028-10-01T00:00:00.000-0300","principioAtivo":null,"situacaoApresentacao":"Caduco/Cancelado","dataRegistro":"2018-10-01T00:00:00.000-0300","categoriaRegulatoria":{"codigo":8,"descricao":"Similar"},"medicamentoReferencia":"CYMBALTA","categoriaProduto":null,"tipoAutorizacao":"REGISTRADO","numeroRegistroFormatado":"194270078","mesAnoVencimentoFormatado":"10/2028","acancelar":false},"empresa":{"cnpj":"14806008000154","razaoSocial":"MOMENTA FARMACÊUTICA LTDA.","numeroAutorizacao":"1094272","cnpjFormatado":"14.806.008/0001-54"},"processo":{"numero":"25351673978201440","situacao":29,"numeroProcessoFormatado":"25351.673978/2014-40"}},{"ordem":89,"produto":{"codigo":1060415,"nome":"TAVOK","numeroRegistro":"194270016","tipo":{"codigo":1,"descricao":null},"categoria":null,"situacaoRotulo":null,"dataVencimento":null,"mesAnoVencimento":"082030","dataVencimentoRegistro":"2030-08-01T00:00:00.000-0300","principioAtivo":null,"situacaoApresentacao":"Caduco/Cancelado","dataRegistro":"2015-08-17T00:00:00.000-0300","categoriaRegulatoria":{"codigo":8,"descricao":"Similar"},"medicamentoReferencia":"Levaquin","categoriaProduto":null,"tipoAutorizacao":"REGISTRADO","numeroRegistroFormatado":"194270016","mesAnoVencimentoFormatado":"08/2030","acancelar":false},"empresa":{"cnpj":"14806008000154","razaoSocial":"MOMENTA FARMACÊUTICA LTDA.","numeroAutorizacao":"1094272","cnpjFormatado":"14.806.008/0001-54"},"processo":{"numero":"25351667651201439","situacao":29,"numeroProcessoFormatado":"25351.667651/2014-39"}},{"ordem":90,"produto":{"codigo":1097239,"nome":"TAVOK","numeroRegistro":"194270049","tipo":{"codigo":1,"descricao":null},"categoria":null,"situacaoRotulo":null,"dataVencimento":null,"mesAnoVencimento":"042031","dataVencimentoRegistro":"2031-04-01T00:00:00.000-0300","principioAtivo":null,"situacaoApresentacao":"Caduco/Cancelado","dataRegistro":"2016-04-11T00:00:00.000-0300","categoriaRegulatoria":{"codigo":8,"descricao":"Similar"},"medicamentoReferencia":"TAMIRAM","categoriaProduto":null,"tipoAutorizacao":"REGISTRADO","numeroRegistroFormatado":"194270049","mesAnoVencimentoFormatado":"04/2031","acancelar":false},"empresa":{"cnpj":"14806008000154","razaoSocial":"MOMENTA FARMACÊUTICA LTDA.","numeroAutorizacao":"1094272","cnpjFormatado":"14.806.008/0001-54"},"processo":{"numero":"25351888415201616","situacao":29,"numeroProcessoFormatado":"25351.888415/2016-16"}},{"ordem":91,"produto":{"codigo":1154104,"nome":"TORANTE","numeroRegistro":"194270059","tipo":{"codigo":1,"descricao":null},"categoria":null,"situacaoRotulo":null,"dataVencimento":null,"mesAnoVencimento":"032025","dataVencimentoRegistro":"2025-03-01T00:00:00.000-0300","principioAtivo":null,"situacaoApresentacao":"Caduco/Cancelado","dataRegistro":"2017-03-27T00:00:00.000-0300","categoriaRegulatoria":{"codigo":4,"descricao":"Fitoterápico"},"medicamentoReferencia":null,"categoriaProduto":null,"tipoAutorizacao":"REGISTRADO","numeroRegistroFormatado":"194270059","mesAnoVencimentoFormatado":"03/2025","acancelar":false},"empresa":{"cnpj":"14806008000154","razaoSocial":"MOMENTA FARMACÊUTICA LTDA.","numeroAutorizacao":"1094272","cnpjFormatado":"14.806.008/0001-54"},"processo":{"numero":"25351032923201703","situacao":29,"numeroProcessoFormatado":"25351.032923/2017-03"}},{"ordem":92,"produto":{"codigo":934722,"nome":"TORVARIS","numeroRegistro":"194270013","tipo":{"codigo":1,"descricao":null},"categoria":null,"situacaoRotulo":null,"dataVencimento":null,"mesAnoVencimento":"082020","dataVencimentoRegistro":"2020-08-01T00:00:00.000-0300","principioAtivo":null,"situacaoApresentacao":"Caduco/Cancelado","dataRegistro":"2015-08-17T00:00:00.000-0300","categoriaRegulatoria":{"codigo":8,"descricao":"Similar"},"medicamentoReferencia":"Citalor","categoriaProduto":null,"tipoAutorizacao":"REGISTRADO","numeroRegistroFormatado":"194270013","mesAnoVencimentoFormatado":"08/2020","acancelar":false},"empresa":{"cnpj":"14806008000154","razaoSocial":"MOMENTA FARMACÊUTICA LTDA.","numeroAutorizacao":"1094272","cnpjFormatado":"14.806.008/0001-54"},"processo":{"numero":"25351508837201323","situacao":29,"numeroProcessoFormatado":"25351.508837/2013-23"}},{"ordem":93,"produto":{"codigo":1068441,"nome":"TRIAXIN","numeroRegistro":"194270021","tipo":{"codigo":1,"descricao":null},"categoria":null,"situacaoRotulo":null,"dataVencimento":null,"mesAnoVencimento":"102030","dataVencimentoRegistro":"2030-10-01T00:00:00.000-0300","principioAtivo":null,"situacaoApresentacao":"Caduco/Cancelado","dataRegistro":"2015-10-05T00:00:00.000-0300","categoriaRegulatoria":{"codigo":8,"descricao":"Similar"},"medicamentoReferencia":"ROCEFIN","categoriaProduto":null,"tipoAutorizacao":"REGISTRADO","numeroRegistroFormatado":"194270021","mesAnoVencimentoFormatado":"10/2030","acancelar":false},"empresa":{"cnpj":"14806008000154","razaoSocial":"MOMENTA FARMACÊUTICA LTDA.","numeroAutorizacao":"1094272","cnpjFormatado":"14.806.008/0001-54"},"processo":{"numero":"25351630492201417","situacao":29,"numeroProcessoFormatado":"25351.630492/2014-17"}},{"ordem":94,"produto":{"codigo":1076443,"nome":"TULIPAX","numeroRegistro":"194270036","tipo":{"codigo":1,"descricao":null},"categoria":null,"situacaoRotulo":null,"dataVencimento":null,"mesAnoVencimento":"112020","dataVencimentoRegistro":"2020-11-01T00:00:00.000-0300","principioAtivo":null,"situacaoApresentacao":"Caduco/Cancelado","dataRegistro":"2015-11-23T00:00:00.000-0300","categoriaRegulatoria":{"codigo":8,"descricao":"Similar"},"medicamentoReferencia":"Sifrol ER","categoriaProduto":null,"tipoAutorizacao":"REGISTRADO","numeroRegistroFormatado":"194270036","mesAnoVencimentoFormatado":"11/2020","acancelar":false},"empresa":{"cnpj":"14806008000154","razaoSocial":"MOMENTA FARMACÊUTICA LTDA.","numeroAutorizacao":"1094272","cnpjFormatado":"14.806.008/0001-54"},"processo":{"numero":"25351162461201460","situacao":29,"numeroProcessoFormatado":"25351.162461/2014-60"}},{"ordem":95,"produto":{"codigo":915238,"nome":"VALTANA","numeroRegistro":"194270001","tipo":{"codigo":1,"descricao":null},"categoria":null,"situacaoRotulo":null,"dataVencimento":null,"mesAnoVencimento":"112018","dataVencimentoRegistro":"2018-11-01T00:00:00.000-0300","principioAtivo":null,"situacaoApresentacao":"Caduco/Cancelado","dataRegistro":"2013-11-04T00:00:00.000-0300","categoriaRegulatoria":{"codigo":8,"descricao":"Similar"},"medicamentoReferencia":"DIOVAN","categoriaProduto":null,"tipoAutorizacao":"REGISTRADO","numeroRegistroFormatado":"194270001","mesAnoVencimentoFormatado":"11/2018","acancelar":false},"empresa":{"cnpj":"14806008000154","razaoSocial":"MOMENTA FARMACÊUTICA LTDA.","numeroAutorizacao":"1094272","cnpjFormatado":"14.806.008/0001-54"},"processo":{"numero":"25351508940201366","situacao":29,"numeroProcessoFormatado":"25351.508940/2013-66"}},{"ordem":96,"produto":{"codigo":1070107,"nome":"VALTANA","numeroRegistro":"194270029","tipo":{"codigo":1,"descricao":null},"categoria":null,"situacaoRotulo":null,"dataVencimento":null,"mesAnoVencimento":"102020","dataVencimentoRegistro":"2020-10-01T00:00:00.000-0300","principioAtivo":null,"situacaoApresentacao":"Caduco/Cancelado","dataRegistro":"2015-10-20T00:00:00.000-0300","categoriaRegulatoria":{"codigo":8,"descricao":"Similar"},"medicamentoReferencia":"DIOVAN","categoriaProduto":null,"tipoAutorizacao":"REGISTRADO","numeroRegistroFormatado":"194270029","mesAnoVencimentoFormatado":"10/2020","acancelar":false},"empresa":{"cnpj":"14806008000154","razaoSocial":"MOMENTA FARMACÊUTICA LTDA.","numeroAutorizacao":"1094272","cnpjFormatado":"14.806.008/0001-54"},"processo":{"numero":"25351674020201476","situacao":29,"numeroProcessoFormatado":"25351.674020/2014-76"}},{"ordem":97,"produto":{"codigo":1064065,"nome":"VALTANA H","numeroRegistro":"194270019","tipo":{"codigo":1,"descricao":null},"categoria":null,"situacaoRotulo":null,"dataVencimento":null,"mesAnoVencimento":"092020","dataVencimentoRegistro":"2020-09-01T00:00:00.000-0300","principioAtivo":null,"situacaoApresentacao":"Caduco/Cancelado","dataRegistro":"2015-09-08T00:00:00.000-0300","categoriaRegulatoria":{"codigo":8,"descricao":"Similar"},"medicamentoReferencia":"DIOVAN HCT","categoriaProduto":null,"tipoAutorizacao":"REGISTRADO","numeroRegistroFormatado":"194270019","mesAnoVencimentoFormatado":"09/2020","acancelar":false},"empresa":{"cnpj":"14806008000154","razaoSocial":"MOMENTA FARMACÊUTICA LTDA.","numeroAutorizacao":"1094272","cnpjFormatado":"14.806.008/0001-54"},"processo":{"numero":"25351568123201383","situacao":29,"numeroProcessoFormatado":"25351.568123/2013-83"}},{"ordem":98,"produto":{"codigo":1073783,"nome":"VALTANA TRIPLO","numeroRegistro":"194270034","tipo":{"codigo":1,"descricao":null},"categoria":null,"situacaoRotulo":null,"dataVencimento":null,"mesAnoVencimento":"112020","dataVencimentoRegistro":"2020-11-01T00:00:00.000-0300","principioAtivo":null,"situacaoApresentacao":"Caduco/Cancelado","dataRegistro":"2015-11-03T00:00:00.000-0300","categoriaRegulatoria":{"codigo":8,"descricao":"Similar"},"medicamentoReferencia":"Diovan Triplo","categoriaProduto":null,"tipoAutorizacao":"REGISTRADO","numeroRegistroFormatado":"194270034","mesAnoVencimentoFormatado":"11/2020","acancelar":false},"empresa":{"cnpj":"14806008000154","razaoSocial":"MOMENTA FARMACÊUTICA LTDA.","numeroAutorizacao":"1094272","cnpjFormatado":"14.806.008/0001-54"},"processo":{"numero":"25351692894201356","situacao":29,"numeroProcessoFormatado":"25351.692894/2013-56"}},{"ordem":99,"produto":{"codigo":1173911,"nome":"VASATIV","numeroRegistro":"194270070","tipo":{"codigo":1,"descricao":null},"categoria":null,"situacaoRotulo":null,"dataVencimento":null,"mesAnoVencimento":"052020","dataVencimentoRegistro":"2020-05-01T00:00:00.000-0300","principioAtivo":null,"situacaoApresentacao":"Caduco/Cancelado","dataRegistro":"2017-07-03T00:00:00.000-0300","categoriaRegulatoria":{"codigo":null,"descricao":null},"medicamentoReferencia":null,"categoriaProduto":null,"tipoAutorizacao":"REGISTRADO","numeroRegistroFormatado":"194270070","mesAnoVencimentoFormatado":"05/2020","acancelar":false},"empresa":{"cnpj":"14806008000154","razaoSocial":"MOMENTA FARMACÊUTICA LTDA.","numeroAutorizacao":"1094272","cnpjFormatado":"14.806.008/0001-54"},"processo":{"numero":"25351032927201702","situacao":29,"numeroProcessoFormatado":"25351.032927/2017-02"}},{"ordem":100,"produto":{"codigo":1252865,"nome":"VENDEXLA","numeroRegistro":"194270073","tipo":{"codigo":1,"descricao":null},"categoria":null,"situacaoRotulo":null,"dataVencimento":null,"mesAnoVencimento":"062028","dataVencimentoRegistro":"2028-06-01T00:00:00.000-0300","principioAtivo":null,"situacaoApresentacao":"Caduco/Cancelado","dataRegistro":"2018-06-04T00:00:00.000-0300","categoriaRegulatoria":{"codigo":8,"descricao":"Similar"},"medicamentoReferencia":"PRISTIQ","categoriaProduto":null,"tipoAutorizacao":"REGISTRADO","numeroRegistroFormatado":"194270073","mesAnoVencimentoFormatado":"06/2028","acancelar":false},"empresa":{"cnpj":"14806008000154","razaoSocial":"MOMENTA FARMACÊUTICA LTDA.","numeroAutorizacao":"1094272","cnpjFormatado":"14.806.008/0001-54"},"processo":{"numero":"25351112143201761","situacao":29,"numeroProcessoFormatado":"25351.112143/2017-61"}},{"ordem":101,"produto":{"codigo":1070588,"nome":"ZAP","numeroRegistro":"194270024","tipo":{"codigo":1,"descricao":null},"categoria":null,"situacaoRotulo":null,"dataVencimento":null,"mesAnoVencimento":"102025","dataVencimentoRegistro":"2025-10-01T00:00:00.000-0300","principioAtivo":null,"situacaoApresentacao":"Caduco/Cancelado","dataRegistro":"2015-10-20T00:00:00.000-0300","categoriaRegulatoria":{"codigo":8,"descricao":"Similar"},"medicamentoReferencia":"ZYPREXA","categoriaProduto":null,"tipoAutorizacao":"REGISTRADO","numeroRegistroFormatado":"194270024","mesAnoVencimentoFormatado":"10/2025","acancelar":false},"empresa":{"cnpj":"14806008000154","razaoSocial":"MOMENTA FARMACÊUTICA LTDA.","numeroAutorizacao":"1094272","cnpjFormatado":"14.806.008/0001-54"},"processo":{"numero":"25351630489201401","situacao":29,"numeroProcessoFormatado":"25351.630489/2014-01"}},{"ordem":102,"produto":{"codigo":1341692,"nome":"acetilcisteína","numeroRegistro":"194270087","tipo":{"codigo":1,"descricao":null},"categoria":null,"situacaoRotulo":null,"dataVencimento":null,"mesAnoVencimento":"082029","dataVencimentoRegistro":"2029-08-01T00:00:00.000-0300","principioAtivo":null,"situacaoApresentacao":"Caduco/Cancelado","dataRegistro":"2019-08-12T00:00:00.000-0300","categoriaRegulatoria":{"codigo":5,"descricao":"Genérico"},"medicamentoReferencia":"Fluimucil","categoriaProduto":null,"tipoAutorizacao":"REGISTRADO","numeroRegistroFormatado":"194270087","mesAnoVencimentoFormatado":"08/2029","acancelar":false},"empresa":{"cnpj":"14806008000154","razaoSocial":"MOMENTA FARMACÊUTICA LTDA.","numeroAutorizacao":"1094272","cnpjFormatado":"14.806.008/0001-54"},"processo":{"numero":"25351032806201926","situacao":29,"numeroProcessoFormatado":"25351.032806/2019-26"}},{"ordem":103,"produto":{"codigo":3187091,"nome":"drospirenona + etinilestradiol","numeroRegistro":"194270107","tipo":{"codigo":1,"descricao":null},"categoria":null,"situacaoRotulo":null,"dataVencimento":null,"mesAnoVencimento":"042032","dataVencimentoRegistro":"2032-04-01T00:00:00.000-0300","principioAtivo":null,"situacaoApresentacao":"Caduco/Cancelado","dataRegistro":"2022-04-04T00:00:00.000-0300","categoriaRegulatoria":{"codigo":5,"descricao":"Genérico"},"medicamentoReferencia":"YASMIN (3 + 0,03) MG / YAZ (3 + 0,02) MG/ ELANI (3 + 0,03) MG USO CONTÍNUO","categoriaProduto":null,"tipoAutorizacao":"REGISTRADO","numeroRegistroFormatado":"194270107","mesAnoVencimentoFormatado":"04/2032","acancelar":false},"empresa":{"cnpj":"14806008000154","razaoSocial":"MOMENTA FARMACÊUTICA LTDA.","numeroAutorizacao":"1094272","cnpjFormatado":"14.806.008/0001-54"},"processo":{"numero":"25351192054202257","situacao":29,"numeroProcessoFormatado":"25351.192054/2022-57"}},{"ordem":104,"produto":{"codigo":2228430,"nome":"drospirenona+ etinilestradiol","numeroRegistro":"194270104","tipo":{"codigo":1,"descricao":null},"categoria":null,"situacaoRotulo":null,"dataVencimento":null,"mesAnoVencimento":"052031","dataVencimentoRegistro":"2031-05-01T00:00:00.000-0300","principioAtivo":null,"situacaoApresentacao":"Caduco/Cancelado","dataRegistro":"2021-05-31T00:00:00.000-0300","categoriaRegulatoria":{"codigo":5,"descricao":"Genérico"},"medicamentoReferencia":"YASMIN (3 + 0,03) MG / YAZ (3 + 0,02) MG/ ELANI (3 + 0,03) MG USO CONTÍNUO","categoriaProduto":null,"tipoAutorizacao":"REGISTRADO","numeroRegistroFormatado":"194270104","mesAnoVencimentoFormatado":"05/2031","acancelar":false},"empresa":{"cnpj":"14806008000154","razaoSocial":"MOMENTA FARMACÊUTICA LTDA.","numeroAutorizacao":"1094272","cnpjFormatado":"14.806.008/0001-54"},"processo":{"numero":"25351322771202139","situacao":29,"numeroProcessoFormatado":"25351.322771/2021-39"}},{"ordem":105,"produto":{"codigo":1275476,"nome":"hemitartarato de zolpidem","numeroRegistro":"194270099","tipo":{"codigo":1,"descricao":null},"categoria":null,"situacaoRotulo":null,"dataVencimento":null,"mesAnoVencimento":"092030","dataVencimentoRegistro":"2030-09-01T00:00:00.000-0300","principioAtivo":null,"situacaoApresentacao":"Caduco/Cancelado","dataRegistro":"2020-09-08T00:00:00.000-0300","categoriaRegulatoria":{"codigo":5,"descricao":"Genérico"},"medicamentoReferencia":"Stilnox®","categoriaProduto":null,"tipoAutorizacao":"REGISTRADO","numeroRegistroFormatado":"194270099","mesAnoVencimentoFormatado":"09/2030","acancelar":false},"empresa":{"cnpj":"14806008000154","razaoSocial":"MOMENTA FARMACÊUTICA LTDA.","numeroAutorizacao":"1094272","cnpjFormatado":"14.806.008/0001-54"},"processo":{"numero":"25351619446201891","situacao":29,"numeroProcessoFormatado":"25351.619446/2018-91"}},{"ordem":106,"produto":{"codigo":1076587,"nome":"ÁRIA","numeroRegistro":"194270031","tipo":{"codigo":1,"descricao":null},"categoria":null,"situacaoRotulo":null,"dataVencimento":null,"mesAnoVencimento":"102025","dataVencimentoRegistro":"2025-10-01T00:00:00.000-0300","principioAtivo":null,"situacaoApresentacao":"Caduco/Cancelado","dataRegistro":"2015-10-26T00:00:00.000-0300","categoriaRegulatoria":{"codigo":8,"descricao":"Similar"},"medicamentoReferencia":"SINGULAIR","categoriaProduto":null,"tipoAutorizacao":"REGISTRADO","numeroRegistroFormatado":"194270031","mesAnoVencimentoFormatado":"10/2025","acancelar":false},"empresa":{"cnpj":"14806008000154","razaoSocial":"MOMENTA FARMACÊUTICA LTDA.","numeroAutorizacao":"1094272","cnpjFormatado":"14.806.008/0001-54"},"processo":{"numero":"25351391088201329","situacao":29,"numeroProcessoFormatado":"25351.391088/2013-29"}}],"totalPages":1,"totalElements":106,"last":true,"numberOfElements":106,"first":true,"sort":null,"size":1000,"number":0}