{"content":[{"ordem":1,"produto":{"codigo":1301558,"nome":"BIKTARVY","numeroRegistro":"109290008","tipo":{"codigo":1,"descricao":null},"categoria":null,"situacaoRotulo":null,"dataVencimento":null,"mesAnoVencimento":"112029","dataVencimentoRegistro":"2029-11-01T00:00:00.000-0300","principioAtivo":"BICTEGRAVIR SÓDICO, entricitabina, HEMIFUMARATO DE TENOFOVIR ALAFENAMIDA","situacaoApresentacao":"Válido","dataRegistro":"2019-11-25T00:00:00.000-0300","categoriaRegulatoria":{"codigo":6,"descricao":"Novo"},"medicamentoReferencia":null,"categoriaProduto":null,"tipoAutorizacao":"REGISTRADO","acancelar":false,"numeroRegistroFormatado":"109290008","mesAnoVencimentoFormatado":"11/2029"},"empresa":{"cnpj":"15670288000189","razaoSocial":"GILEAD SCIENCES FARMACEUTICA DO BRASIL LTDA","numeroAutorizacao":null,"cnpjFormatado":"15.670.288/0001-89"},"processo":{"numero":"25351036239201987","situacao":29,"numeroProcessoFormatado":"25351.036239/2019-87"}},{"ordem":2,"produto":{"codigo":1303349,"nome":"Descovy","numeroRegistro":"109290007","tipo":{"codigo":1,"descricao":null},"categoria":null,"situacaoRotulo":null,"dataVencimento":"2024-10-21T00:00:00.000-0300","mesAnoVencimento":"102029","dataVencimentoRegistro":"2029-10-01T00:00:00.000-0300","principioAtivo":"entricitabina, HEMIFUMARATO DE TENOFOVIR ALAFENAMIDA","situacaoApresentacao":"Válido","dataRegistro":"2019-10-21T00:00:00.000-0300","categoriaRegulatoria":{"codigo":6,"descricao":"Novo"},"medicamentoReferencia":null,"categoriaProduto":null,"tipoAutorizacao":"REGISTRADO","acancelar":false,"numeroRegistroFormatado":"109290007","mesAnoVencimentoFormatado":"10/2029"},"empresa":{"cnpj":"15670288000189","razaoSocial":"GILEAD SCIENCES FARMACEUTICA DO BRASIL LTDA","numeroAutorizacao":null,"cnpjFormatado":"15.670.288/0001-89"},"processo":{"numero":"25351674621201721","situacao":29,"numeroProcessoFormatado":"25351.674621/2017-21"}},{"ordem":3,"produto":{"codigo":1258817,"nome":"EPCLUSA","numeroRegistro":"109290003","tipo":{"codigo":1,"descricao":null},"categoria":null,"situacaoRotulo":null,"dataVencimento":"2023-06-25T00:00:00.000-0300","mesAnoVencimento":"062028","dataVencimentoRegistro":"2028-06-01T00:00:00.000-0300","principioAtivo":"sofosbuvir, VELPATASVIR","situacaoApresentacao":"Válido","dataRegistro":"2018-06-25T00:00:00.000-0300","categoriaRegulatoria":{"codigo":6,"descricao":"Novo"},"medicamentoReferencia":null,"categoriaProduto":null,"tipoAutorizacao":"REGISTRADO","acancelar":false,"numeroRegistroFormatado":"109290003","mesAnoVencimentoFormatado":"06/2028"},"empresa":{"cnpj":"15670288000189","razaoSocial":"GILEAD SCIENCES FARMACEUTICA DO BRASIL LTDA","numeroAutorizacao":null,"cnpjFormatado":"15.670.288/0001-89"},"processo":{"numero":"25351259781201744","situacao":29,"numeroProcessoFormatado":"25351.259781/2017-44"}},{"ordem":4,"produto":{"codigo":1248332,"nome":"GENVOYA","numeroRegistro":"109290009","tipo":{"codigo":1,"descricao":null},"categoria":null,"situacaoRotulo":null,"dataVencimento":null,"mesAnoVencimento":"122029","dataVencimentoRegistro":"2029-12-01T00:00:00.000-0300","principioAtivo":null,"situacaoApresentacao":"Caduco/Cancelado","dataRegistro":"2019-12-16T00:00:00.000-0300","categoriaRegulatoria":{"codigo":6,"descricao":"Novo"},"medicamentoReferencia":null,"categoriaProduto":null,"tipoAutorizacao":"REGISTRADO","acancelar":false,"numeroRegistroFormatado":"109290009","mesAnoVencimentoFormatado":"12/2029"},"empresa":{"cnpj":"15670288000189","razaoSocial":"GILEAD SCIENCES FARMACEUTICA DO BRASIL LTDA","numeroAutorizacao":null,"cnpjFormatado":"15.670.288/0001-89"},"processo":{"numero":"25351354688201742","situacao":29,"numeroProcessoFormatado":"25351.354688/2017-42"}},{"ordem":5,"produto":{"codigo":1220152,"nome":"HARVONI","numeroRegistro":"109290002","tipo":{"codigo":1,"descricao":null},"categoria":null,"situacaoRotulo":null,"dataVencimento":"2022-12-04T00:00:00.000-0300","mesAnoVencimento":"122027","dataVencimentoRegistro":"2027-12-01T00:00:00.000-0300","principioAtivo":"sofosbuvir, ledipasvir","situacaoApresentacao":"Válido","dataRegistro":"2017-12-04T00:00:00.000-0300","categoriaRegulatoria":{"codigo":6,"descricao":"Novo"},"medicamentoReferencia":null,"categoriaProduto":null,"tipoAutorizacao":"REGISTRADO","acancelar":false,"numeroRegistroFormatado":"109290002","mesAnoVencimentoFormatado":"12/2027"},"empresa":{"cnpj":"15670288000189","razaoSocial":"GILEAD SCIENCES FARMACEUTICA DO BRASIL LTDA","numeroAutorizacao":null,"cnpjFormatado":"15.670.288/0001-89"},"processo":{"numero":"25351201322201691","situacao":29,"numeroProcessoFormatado":"25351.201322/2016-91"}},{"ordem":6,"produto":{"codigo":1037477,"nome":"SOVALDI","numeroRegistro":"109290001","tipo":{"codigo":1,"descricao":null},"categoria":null,"situacaoRotulo":null,"dataVencimento":"2020-03-27T00:00:00.000-0300","mesAnoVencimento":"032025","dataVencimentoRegistro":"2025-03-01T00:00:00.000-0300","principioAtivo":"sofosbuvir","situacaoApresentacao":"Válido","dataRegistro":"2015-03-30T00:00:00.000-0300","categoriaRegulatoria":{"codigo":6,"descricao":"Novo"},"medicamentoReferencia":null,"categoriaProduto":null,"tipoAutorizacao":"REGISTRADO","acancelar":false,"numeroRegistroFormatado":"109290001","mesAnoVencimentoFormatado":"03/2025"},"empresa":{"cnpj":"15670288000189","razaoSocial":"GILEAD SCIENCES FARMACEUTICA DO BRASIL LTDA","numeroAutorizacao":null,"cnpjFormatado":"15.670.288/0001-89"},"processo":{"numero":"25351480189201467","situacao":29,"numeroProcessoFormatado":"25351.480189/2014-67"}},{"ordem":7,"produto":{"codigo":1316497,"nome":"TRUVADA","numeroRegistro":"109290004","tipo":{"codigo":1,"descricao":null},"categoria":null,"situacaoRotulo":null,"dataVencimento":null,"mesAnoVencimento":"052027","dataVencimentoRegistro":"2027-05-01T00:00:00.000-0300","principioAtivo":"entricitabina, fumarato de tenofovir desoproxila","situacaoApresentacao":"Válido","dataRegistro":"2019-04-22T00:00:00.000-0300","categoriaRegulatoria":{"codigo":6,"descricao":"Novo"},"medicamentoReferencia":null,"categoriaProduto":null,"tipoAutorizacao":"REGISTRADO","acancelar":false,"numeroRegistroFormatado":"109290004","mesAnoVencimentoFormatado":"05/2027"},"empresa":{"cnpj":"15670288000189","razaoSocial":"GILEAD SCIENCES FARMACEUTICA DO BRASIL LTDA","numeroAutorizacao":null,"cnpjFormatado":"15.670.288/0001-89"},"processo":{"numero":"25351036639201992","situacao":29,"numeroProcessoFormatado":"25351.036639/2019-92"}},{"ordem":8,"produto":{"codigo":3638593,"nome":"Tecartus","numeroRegistro":"109290014","tipo":{"codigo":1,"descricao":null},"categoria":null,"situacaoRotulo":null,"dataVencimento":"2028-12-29T00:00:00.000-0300","mesAnoVencimento":"122028","dataVencimentoRegistro":"2028-12-01T00:00:00.000-0300","principioAtivo":"BREXUCABTAGENO AUTOLEUCEL","situacaoApresentacao":"Válido","dataRegistro":"2023-12-29T00:00:00.000-0300","categoriaRegulatoria":{"codigo":10,"descricao":"Produto de Terapia Avançada"},"medicamentoReferencia":null,"categoriaProduto":null,"tipoAutorizacao":"REGISTRADO","acancelar":false,"numeroRegistroFormatado":"109290014","mesAnoVencimentoFormatado":"12/2028"},"empresa":{"cnpj":"15670288000189","razaoSocial":"GILEAD SCIENCES FARMACEUTICA DO BRASIL LTDA","numeroAutorizacao":null,"cnpjFormatado":"15.670.288/0001-89"},"processo":{"numero":"25351087303202374","situacao":29,"numeroProcessoFormatado":"25351.087303/2023-74"}},{"ordem":9,"produto":{"codigo":2837578,"nome":"Trodelvy","numeroRegistro":"109290012","tipo":{"codigo":1,"descricao":null},"categoria":null,"situacaoRotulo":null,"dataVencimento":"2032-10-17T00:00:00.000-0300","mesAnoVencimento":"102032","dataVencimentoRegistro":"2032-10-01T00:00:00.000-0300","principioAtivo":"SACITUZUMABE GOVITECANA","situacaoApresentacao":"Válido","dataRegistro":"2022-10-17T00:00:00.000-0300","categoriaRegulatoria":{"codigo":1,"descricao":"Biológico"},"medicamentoReferencia":null,"categoriaProduto":null,"tipoAutorizacao":"REGISTRADO","acancelar":false,"numeroRegistroFormatado":"109290012","mesAnoVencimentoFormatado":"10/2032"},"empresa":{"cnpj":"15670288000189","razaoSocial":"GILEAD SCIENCES FARMACEUTICA DO BRASIL LTDA","numeroAutorizacao":null,"cnpjFormatado":"15.670.288/0001-89"},"processo":{"numero":"25351885399202177","situacao":29,"numeroProcessoFormatado":"25351.885399/2021-77"}},{"ordem":10,"produto":{"codigo":1457763,"nome":"VEKLURY®","numeroRegistro":"109290011","tipo":{"codigo":1,"descricao":null},"categoria":null,"situacaoRotulo":null,"dataVencimento":"2029-03-15T00:00:00.000-0300","mesAnoVencimento":"032029","dataVencimentoRegistro":"2029-03-01T00:00:00.000-0300","principioAtivo":"RENDESIVIR","situacaoApresentacao":"Válido","dataRegistro":"2021-03-12T00:00:00.000-0300","categoriaRegulatoria":{"codigo":6,"descricao":"Novo"},"medicamentoReferencia":null,"categoriaProduto":null,"tipoAutorizacao":"REGISTRADO","acancelar":false,"numeroRegistroFormatado":"109290011","mesAnoVencimentoFormatado":"03/2029"},"empresa":{"cnpj":"15670288000189","razaoSocial":"GILEAD SCIENCES FARMACEUTICA DO BRASIL LTDA","numeroAutorizacao":null,"cnpjFormatado":"15.670.288/0001-89"},"processo":{"numero":"25351780284202014","situacao":29,"numeroProcessoFormatado":"25351.780284/2020-14"}},{"ordem":11,"produto":{"codigo":1318005,"nome":"VIREAD","numeroRegistro":"109290005","tipo":{"codigo":1,"descricao":null},"categoria":null,"situacaoRotulo":null,"dataVencimento":null,"mesAnoVencimento":"072028","dataVencimentoRegistro":"2028-07-01T00:00:00.000-0300","principioAtivo":null,"situacaoApresentacao":"Caduco/Cancelado","dataRegistro":"2019-04-22T00:00:00.000-0300","categoriaRegulatoria":{"codigo":6,"descricao":"Novo"},"medicamentoReferencia":null,"categoriaProduto":null,"tipoAutorizacao":"REGISTRADO","acancelar":false,"numeroRegistroFormatado":"109290005","mesAnoVencimentoFormatado":"07/2028"},"empresa":{"cnpj":"15670288000189","razaoSocial":"GILEAD SCIENCES FARMACEUTICA DO BRASIL LTDA","numeroAutorizacao":null,"cnpjFormatado":"15.670.288/0001-89"},"processo":{"numero":"25351106132201911","situacao":29,"numeroProcessoFormatado":"25351.106132/2019-11"}},{"ordem":12,"produto":{"codigo":1301818,"nome":"Vemlidy","numeroRegistro":"109290006","tipo":{"codigo":1,"descricao":null},"categoria":null,"situacaoRotulo":null,"dataVencimento":"2029-09-06T00:00:00.000-0300","mesAnoVencimento":"092029","dataVencimentoRegistro":"2029-09-01T00:00:00.000-0300","principioAtivo":"HEMIFUMARATO DE TENOFOVIR ALAFENAMIDA","situacaoApresentacao":"Válido","dataRegistro":"2019-09-02T00:00:00.000-0300","categoriaRegulatoria":{"codigo":6,"descricao":"Novo"},"medicamentoReferencia":null,"categoriaProduto":null,"tipoAutorizacao":"REGISTRADO","acancelar":false,"numeroRegistroFormatado":"109290006","mesAnoVencimentoFormatado":"09/2029"},"empresa":{"cnpj":"15670288000189","razaoSocial":"GILEAD SCIENCES FARMACEUTICA DO BRASIL LTDA","numeroAutorizacao":null,"cnpjFormatado":"15.670.288/0001-89"},"processo":{"numero":"25351003041201836","situacao":29,"numeroProcessoFormatado":"25351.003041/2018-36"}},{"ordem":13,"produto":{"codigo":1305106,"nome":"Vosevi","numeroRegistro":"109290010","tipo":{"codigo":1,"descricao":null},"categoria":null,"situacaoRotulo":null,"dataVencimento":"2030-04-26T00:00:00.000-0300","mesAnoVencimento":"042030","dataVencimentoRegistro":"2030-04-01T00:00:00.000-0300","principioAtivo":"sofosbuvir, VELPATASVIR, VOXILAPREVIR","situacaoApresentacao":"Válido","dataRegistro":"2020-04-13T00:00:00.000-0300","categoriaRegulatoria":{"codigo":6,"descricao":"Novo"},"medicamentoReferencia":null,"categoriaProduto":null,"tipoAutorizacao":"REGISTRADO","acancelar":false,"numeroRegistroFormatado":"109290010","mesAnoVencimentoFormatado":"04/2030"},"empresa":{"cnpj":"15670288000189","razaoSocial":"GILEAD SCIENCES FARMACEUTICA DO BRASIL LTDA","numeroAutorizacao":null,"cnpjFormatado":"15.670.288/0001-89"},"processo":{"numero":"25351630349201859","situacao":29,"numeroProcessoFormatado":"25351.630349/2018-59"}},{"ordem":14,"produto":{"codigo":3564077,"nome":"YESCARTA","numeroRegistro":"109290013","tipo":{"codigo":1,"descricao":null},"categoria":null,"situacaoRotulo":null,"dataVencimento":"2027-10-25T00:00:00.000-0300","mesAnoVencimento":"102027","dataVencimentoRegistro":"2027-10-01T00:00:00.000-0300","principioAtivo":"AXICABTAGENO CILOLEUCEL","situacaoApresentacao":"Válido","dataRegistro":"2022-10-25T00:00:00.000-0300","categoriaRegulatoria":{"codigo":10,"descricao":"Produto de Terapia Avançada"},"medicamentoReferencia":null,"categoriaProduto":null,"tipoAutorizacao":"REGISTRADO","acancelar":false,"numeroRegistroFormatado":"109290013","mesAnoVencimentoFormatado":"10/2027"},"empresa":{"cnpj":"15670288000189","razaoSocial":"GILEAD SCIENCES FARMACEUTICA DO BRASIL LTDA","numeroAutorizacao":null,"cnpjFormatado":"15.670.288/0001-89"},"processo":{"numero":"25351068316202263","situacao":29,"numeroProcessoFormatado":"25351.068316/2022-63"}}],"totalElements":14,"totalPages":1,"last":true,"numberOfElements":14,"size":1000,"number":0,"first":true,"sort":null}