{"content":[{"ordem":1,"produto":{"codigo":416440,"nome":"BIOHULIN 70/30","numeroRegistro":"105740025","tipo":{"codigo":1,"descricao":null},"categoria":null,"situacaoRotulo":null,"dataVencimento":null,"mesAnoVencimento":"032008","dataVencimentoRegistro":"2008-03-01T00:00:00.000-0300","principioAtivo":null,"situacaoApresentacao":"Caduco/Cancelado","dataRegistro":"1990-03-15T00:00:00.000-0300","categoriaRegulatoria":{"codigo":1,"descricao":"Biológico"},"medicamentoReferencia":null,"categoriaProduto":null,"tipoAutorizacao":"REGISTRADO","mesAnoVencimentoFormatado":"03/2008","numeroRegistroFormatado":"105740025","acancelar":false},"empresa":{"cnpj":"16921603000166","razaoSocial":"NOVO NORDISK PRODUÇÃO FARMACÊUTICA DO BRASIL LTDA","numeroAutorizacao":"1005742","cnpjFormatado":"16.921.603/0001-66"},"processo":{"numero":"2500000744589","situacao":29,"numeroProcessoFormatado":"25000.007445/89"}},{"ordem":2,"produto":{"codigo":4983,"nome":"BIOHULIN 80/20","numeroRegistro":"105740033","tipo":{"codigo":1,"descricao":null},"categoria":null,"situacaoRotulo":null,"dataVencimento":null,"mesAnoVencimento":"082006","dataVencimentoRegistro":"2006-08-01T00:00:00.000-0300","principioAtivo":null,"situacaoApresentacao":"Caduco/Cancelado","dataRegistro":"2001-10-11T00:00:00.000-0300","categoriaRegulatoria":{"codigo":6,"descricao":"Novo"},"medicamentoReferencia":null,"categoriaProduto":null,"tipoAutorizacao":"REGISTRADO","mesAnoVencimentoFormatado":"08/2006","numeroRegistroFormatado":"105740033","acancelar":false},"empresa":{"cnpj":"16921603000166","razaoSocial":"NOVO NORDISK PRODUÇÃO FARMACÊUTICA DO BRASIL LTDA","numeroAutorizacao":"1005742","cnpjFormatado":"16.921.603/0001-66"},"processo":{"numero":"250000017799022","situacao":29,"numeroProcessoFormatado":"25000.001779/90-22"}},{"ordem":3,"produto":{"codigo":4982,"nome":"BIOHULIN 90/10","numeroRegistro":"105740031","tipo":{"codigo":1,"descricao":null},"categoria":null,"situacaoRotulo":null,"dataVencimento":null,"mesAnoVencimento":"092005","dataVencimentoRegistro":"2005-09-01T00:00:00.000-0300","principioAtivo":null,"situacaoApresentacao":"Caduco/Cancelado","dataRegistro":"1995-09-15T00:00:00.000-0300","categoriaRegulatoria":{"codigo":8,"descricao":"Similar"},"medicamentoReferencia":null,"categoriaProduto":null,"tipoAutorizacao":"REGISTRADO","mesAnoVencimentoFormatado":"09/2005","numeroRegistroFormatado":"105740031","acancelar":false},"empresa":{"cnpj":"16921603000166","razaoSocial":"NOVO NORDISK PRODUÇÃO FARMACÊUTICA DO BRASIL LTDA","numeroAutorizacao":"1005742","cnpjFormatado":"16.921.603/0001-66"},"processo":{"numero":"250000208169406","situacao":29,"numeroProcessoFormatado":"25000.020816/94-06"}},{"ordem":4,"produto":{"codigo":417993,"nome":"BIOHULIN L","numeroRegistro":"105740052","tipo":{"codigo":1,"descricao":null},"categoria":null,"situacaoRotulo":null,"dataVencimento":null,"mesAnoVencimento":"032008","dataVencimentoRegistro":"2008-03-01T00:00:00.000-0300","principioAtivo":null,"situacaoApresentacao":"Caduco/Cancelado","dataRegistro":"1988-03-09T00:00:00.000-0300","categoriaRegulatoria":{"codigo":1,"descricao":"Biológico"},"medicamentoReferencia":null,"categoriaProduto":null,"tipoAutorizacao":"REGISTRADO","mesAnoVencimentoFormatado":"03/2008","numeroRegistroFormatado":"105740052","acancelar":false},"empresa":{"cnpj":"16921603000166","razaoSocial":"NOVO NORDISK PRODUÇÃO FARMACÊUTICA DO BRASIL LTDA","numeroAutorizacao":"1005742","cnpjFormatado":"16.921.603/0001-66"},"processo":{"numero":"2500100245387","situacao":29,"numeroProcessoFormatado":"25001.002453/87"}},{"ordem":5,"produto":{"codigo":373635,"nome":"BIOHULIN NPH","numeroRegistro":"105740017","tipo":{"codigo":1,"descricao":null},"categoria":null,"situacaoRotulo":null,"dataVencimento":null,"mesAnoVencimento":"032008","dataVencimentoRegistro":"2008-03-01T00:00:00.000-0300","principioAtivo":null,"situacaoApresentacao":"Caduco/Cancelado","dataRegistro":"1988-03-03T00:00:00.000-0300","categoriaRegulatoria":{"codigo":null,"descricao":null},"medicamentoReferencia":null,"categoriaProduto":null,"tipoAutorizacao":"REGISTRADO","mesAnoVencimentoFormatado":"03/2008","numeroRegistroFormatado":"105740017","acancelar":false},"empresa":{"cnpj":"16921603000166","razaoSocial":"NOVO NORDISK PRODUÇÃO FARMACÊUTICA DO BRASIL LTDA","numeroAutorizacao":"1005742","cnpjFormatado":"16.921.603/0001-66"},"processo":{"numero":"2500100245087","situacao":29,"numeroProcessoFormatado":"25001.002450/87"}},{"ordem":6,"produto":{"codigo":375936,"nome":"BIOHULIN R","numeroRegistro":"105740015","tipo":{"codigo":1,"descricao":null},"categoria":null,"situacaoRotulo":null,"dataVencimento":null,"mesAnoVencimento":"032008","dataVencimentoRegistro":"2008-03-01T00:00:00.000-0300","principioAtivo":null,"situacaoApresentacao":"Caduco/Cancelado","dataRegistro":"1988-03-30T00:00:00.000-0300","categoriaRegulatoria":{"codigo":1,"descricao":"Biológico"},"medicamentoReferencia":null,"categoriaProduto":null,"tipoAutorizacao":"REGISTRADO","mesAnoVencimentoFormatado":"03/2008","numeroRegistroFormatado":"105740015","acancelar":false},"empresa":{"cnpj":"16921603000166","razaoSocial":"NOVO NORDISK PRODUÇÃO FARMACÊUTICA DO BRASIL LTDA","numeroAutorizacao":"1005742","cnpjFormatado":"16.921.603/0001-66"},"processo":{"numero":"2500100245187","situacao":29,"numeroProcessoFormatado":"25001.002451/87"}},{"ordem":7,"produto":{"codigo":373300,"nome":"BIOHULIN U","numeroRegistro":"105740016","tipo":{"codigo":1,"descricao":null},"categoria":null,"situacaoRotulo":null,"dataVencimento":null,"mesAnoVencimento":"032008","dataVencimentoRegistro":"2008-03-01T00:00:00.000-0300","principioAtivo":null,"situacaoApresentacao":"Caduco/Cancelado","dataRegistro":"1988-03-09T00:00:00.000-0300","categoriaRegulatoria":{"codigo":6,"descricao":"Novo"},"medicamentoReferencia":null,"categoriaProduto":null,"tipoAutorizacao":"REGISTRADO","mesAnoVencimentoFormatado":"03/2008","numeroRegistroFormatado":"105740016","acancelar":false},"empresa":{"cnpj":"16921603000166","razaoSocial":"NOVO NORDISK PRODUÇÃO FARMACÊUTICA DO BRASIL LTDA","numeroAutorizacao":"1005742","cnpjFormatado":"16.921.603/0001-66"},"processo":{"numero":"2500100245287","situacao":29,"numeroProcessoFormatado":"25001.002452/87"}},{"ordem":8,"produto":{"codigo":1367,"nome":"CAPSALIV","numeroRegistro":"105740042","tipo":{"codigo":1,"descricao":null},"categoria":null,"situacaoRotulo":null,"dataVencimento":null,"mesAnoVencimento":"012005","dataVencimentoRegistro":"2005-01-01T00:00:00.000-0300","principioAtivo":null,"situacaoApresentacao":"Caduco/Cancelado","dataRegistro":"2000-01-17T00:00:00.000-0200","categoriaRegulatoria":{"codigo":8,"descricao":"Similar"},"medicamentoReferencia":null,"categoriaProduto":null,"tipoAutorizacao":"REGISTRADO","mesAnoVencimentoFormatado":"01/2005","numeroRegistroFormatado":"105740042","acancelar":false},"empresa":{"cnpj":"16921603000166","razaoSocial":"NOVO NORDISK PRODUÇÃO FARMACÊUTICA DO BRASIL LTDA","numeroAutorizacao":"1005742","cnpjFormatado":"16.921.603/0001-66"},"processo":{"numero":"250000199319943","situacao":29,"numeroProcessoFormatado":"25000.019931/99-43"}},{"ordem":9,"produto":{"codigo":2703,"nome":"CLORIDRATO DE METFORMINA","numeroRegistro":"105740044","tipo":{"codigo":1,"descricao":null},"categoria":null,"situacaoRotulo":null,"dataVencimento":null,"mesAnoVencimento":"082006","dataVencimentoRegistro":"2006-08-01T00:00:00.000-0300","principioAtivo":null,"situacaoApresentacao":"Caduco/Cancelado","dataRegistro":"2001-08-09T00:00:00.000-0300","categoriaRegulatoria":{"codigo":5,"descricao":"Genérico"},"medicamentoReferencia":"Glifage","categoriaProduto":null,"tipoAutorizacao":"REGISTRADO","mesAnoVencimentoFormatado":"08/2006","numeroRegistroFormatado":"105740044","acancelar":false},"empresa":{"cnpj":"16921603000166","razaoSocial":"NOVO NORDISK PRODUÇÃO FARMACÊUTICA DO BRASIL LTDA","numeroAutorizacao":"1005742","cnpjFormatado":"16.921.603/0001-66"},"processo":{"numero":"253510004500180","situacao":29,"numeroProcessoFormatado":"25351.000450/01-80"}},{"ordem":10,"produto":{"codigo":2702,"nome":"GLUCOFORMIN","numeroRegistro":"105740002","tipo":{"codigo":1,"descricao":null},"categoria":null,"situacaoRotulo":null,"dataVencimento":null,"mesAnoVencimento":"032014","dataVencimentoRegistro":"2014-03-01T00:00:00.000-0300","principioAtivo":null,"situacaoApresentacao":"Caduco/Cancelado","dataRegistro":"1994-03-02T00:00:00.000-0300","categoriaRegulatoria":{"codigo":8,"descricao":"Similar"},"medicamentoReferencia":null,"categoriaProduto":null,"tipoAutorizacao":"REGISTRADO","mesAnoVencimentoFormatado":"03/2014","numeroRegistroFormatado":"105740002","acancelar":false},"empresa":{"cnpj":"16921603000166","razaoSocial":"NOVO NORDISK PRODUÇÃO FARMACÊUTICA DO BRASIL LTDA","numeroAutorizacao":"1005742","cnpjFormatado":"16.921.603/0001-66"},"processo":{"numero":"250000083699391","situacao":29,"numeroProcessoFormatado":"25000.008369/93-91"}},{"ordem":11,"produto":{"codigo":175471,"nome":"GLUCONIDA","numeroRegistro":"105740048","tipo":{"codigo":1,"descricao":null},"categoria":null,"situacaoRotulo":null,"dataVencimento":null,"mesAnoVencimento":"052008","dataVencimentoRegistro":"2008-05-01T00:00:00.000-0300","principioAtivo":null,"situacaoApresentacao":"Caduco/Cancelado","dataRegistro":"2003-05-06T00:00:00.000-0300","categoriaRegulatoria":{"codigo":8,"descricao":"Similar"},"medicamentoReferencia":null,"categoriaProduto":null,"tipoAutorizacao":"REGISTRADO","mesAnoVencimentoFormatado":"05/2008","numeroRegistroFormatado":"105740048","acancelar":false},"empresa":{"cnpj":"16921603000166","razaoSocial":"NOVO NORDISK PRODUÇÃO FARMACÊUTICA DO BRASIL LTDA","numeroAutorizacao":"1005742","cnpjFormatado":"16.921.603/0001-66"},"processo":{"numero":"25351209889200218","situacao":29,"numeroProcessoFormatado":"25351.209889/2002-18"}},{"ordem":12,"produto":{"codigo":4987,"nome":"INSULINA HUMANA NPH","numeroRegistro":"105740046","tipo":{"codigo":1,"descricao":null},"categoria":null,"situacaoRotulo":null,"dataVencimento":null,"mesAnoVencimento":"082006","dataVencimentoRegistro":"2006-08-01T00:00:00.000-0300","principioAtivo":null,"situacaoApresentacao":"Caduco/Cancelado","dataRegistro":"2001-08-14T00:00:00.000-0300","categoriaRegulatoria":{"codigo":8,"descricao":"Similar"},"medicamentoReferencia":null,"categoriaProduto":null,"tipoAutorizacao":"REGISTRADO","mesAnoVencimentoFormatado":"08/2006","numeroRegistroFormatado":"105740046","acancelar":false},"empresa":{"cnpj":"16921603000166","razaoSocial":"NOVO NORDISK PRODUÇÃO FARMACÊUTICA DO BRASIL LTDA","numeroAutorizacao":"1005742","cnpjFormatado":"16.921.603/0001-66"},"processo":{"numero":"253510029110121","situacao":29,"numeroProcessoFormatado":"25351.002911/01-21"}},{"ordem":13,"produto":{"codigo":4988,"nome":"INSULINA HUMANA REGULAR","numeroRegistro":"105740045","tipo":{"codigo":1,"descricao":null},"categoria":null,"situacaoRotulo":null,"dataVencimento":null,"mesAnoVencimento":"082006","dataVencimentoRegistro":"2006-08-01T00:00:00.000-0300","principioAtivo":null,"situacaoApresentacao":"Caduco/Cancelado","dataRegistro":"2001-08-14T00:00:00.000-0300","categoriaRegulatoria":{"codigo":8,"descricao":"Similar"},"medicamentoReferencia":null,"categoriaProduto":null,"tipoAutorizacao":"REGISTRADO","mesAnoVencimentoFormatado":"08/2006","numeroRegistroFormatado":"105740045","acancelar":false},"empresa":{"cnpj":"16921603000166","razaoSocial":"NOVO NORDISK PRODUÇÃO FARMACÊUTICA DO BRASIL LTDA","numeroAutorizacao":"1005742","cnpjFormatado":"16.921.603/0001-66"},"processo":{"numero":"253510029140110","situacao":29,"numeroProcessoFormatado":"25351.002914/01-10"}},{"ordem":14,"produto":{"codigo":374584,"nome":"IOLIN N","numeroRegistro":"105740009","tipo":{"codigo":1,"descricao":null},"categoria":null,"situacaoRotulo":null,"dataVencimento":null,"mesAnoVencimento":"112009","dataVencimentoRegistro":"2009-11-01T00:00:00.000-0300","principioAtivo":null,"situacaoApresentacao":"Caduco/Cancelado","dataRegistro":"1988-11-30T00:00:00.000-0200","categoriaRegulatoria":{"codigo":1,"descricao":"Biológico"},"medicamentoReferencia":null,"categoriaProduto":null,"tipoAutorizacao":"REGISTRADO","mesAnoVencimentoFormatado":"11/2009","numeroRegistroFormatado":"105740009","acancelar":false},"empresa":{"cnpj":"16921603000166","razaoSocial":"NOVO NORDISK PRODUÇÃO FARMACÊUTICA DO BRASIL LTDA","numeroAutorizacao":"1005742","cnpjFormatado":"16.921.603/0001-66"},"processo":{"numero":"2500101081583","situacao":29,"numeroProcessoFormatado":"25001.010815/83"}},{"ordem":15,"produto":{"codigo":379128,"nome":"IOLIN R","numeroRegistro":"105740005","tipo":{"codigo":1,"descricao":null},"categoria":null,"situacaoRotulo":null,"dataVencimento":null,"mesAnoVencimento":"112008","dataVencimentoRegistro":"2008-11-01T00:00:00.000-0300","principioAtivo":null,"situacaoApresentacao":"Caduco/Cancelado","dataRegistro":"1988-11-30T00:00:00.000-0200","categoriaRegulatoria":{"codigo":1,"descricao":"Biológico"},"medicamentoReferencia":null,"categoriaProduto":null,"tipoAutorizacao":"REGISTRADO","mesAnoVencimentoFormatado":"11/2008","numeroRegistroFormatado":"105740005","acancelar":false},"empresa":{"cnpj":"16921603000166","razaoSocial":"NOVO NORDISK PRODUÇÃO FARMACÊUTICA DO BRASIL LTDA","numeroAutorizacao":"1005742","cnpjFormatado":"16.921.603/0001-66"},"processo":{"numero":"2500101081383","situacao":29,"numeroProcessoFormatado":"25001.010813/83"}},{"ordem":16,"produto":{"codigo":1819,"nome":"KETOP","numeroRegistro":"105740040","tipo":{"codigo":1,"descricao":null},"categoria":null,"situacaoRotulo":null,"dataVencimento":null,"mesAnoVencimento":"032004","dataVencimentoRegistro":"2004-03-01T00:00:00.000-0300","principioAtivo":null,"situacaoApresentacao":"Caduco/Cancelado","dataRegistro":"1999-09-30T00:00:00.000-0300","categoriaRegulatoria":{"codigo":6,"descricao":"Novo"},"medicamentoReferencia":null,"categoriaProduto":null,"tipoAutorizacao":"REGISTRADO","mesAnoVencimentoFormatado":"03/2004","numeroRegistroFormatado":"105740040","acancelar":false},"empresa":{"cnpj":"16921603000166","razaoSocial":"NOVO NORDISK PRODUÇÃO FARMACÊUTICA DO BRASIL LTDA","numeroAutorizacao":"1005742","cnpjFormatado":"16.921.603/0001-66"},"processo":{"numero":"250000194829871","situacao":29,"numeroProcessoFormatado":"25000.019482/98-71"}},{"ordem":17,"produto":{"codigo":5472,"nome":"LOVASTATINA","numeroRegistro":"105740039","tipo":{"codigo":1,"descricao":null},"categoria":null,"situacaoRotulo":null,"dataVencimento":null,"mesAnoVencimento":"122003","dataVencimentoRegistro":"2003-12-01T00:00:00.000-0300","principioAtivo":null,"situacaoApresentacao":"Caduco/Cancelado","dataRegistro":"1998-12-31T00:00:00.000-0300","categoriaRegulatoria":{"codigo":8,"descricao":"Similar"},"medicamentoReferencia":null,"categoriaProduto":null,"tipoAutorizacao":"REGISTRADO","mesAnoVencimentoFormatado":"12/2003","numeroRegistroFormatado":"105740039","acancelar":false},"empresa":{"cnpj":"16921603000166","razaoSocial":"NOVO NORDISK PRODUÇÃO FARMACÊUTICA DO BRASIL LTDA","numeroAutorizacao":"1005742","cnpjFormatado":"16.921.603/0001-66"},"processo":{"numero":"250000257839771","situacao":29,"numeroProcessoFormatado":"25000.025783/97-71"}},{"ordem":18,"produto":{"codigo":280022,"nome":"MONOLIN NPH","numeroRegistro":"105740022","tipo":{"codigo":1,"descricao":null},"categoria":null,"situacaoRotulo":null,"dataVencimento":null,"mesAnoVencimento":null,"dataVencimentoRegistro":null,"principioAtivo":null,"situacaoApresentacao":"Caduco/Cancelado","dataRegistro":"1988-05-09T00:00:00.000-0300","categoriaRegulatoria":{"codigo":1,"descricao":"Biológico"},"medicamentoReferencia":null,"categoriaProduto":null,"tipoAutorizacao":"REGISTRADO","mesAnoVencimentoFormatado":"","numeroRegistroFormatado":"105740022","acancelar":false},"empresa":{"cnpj":"16921603000166","razaoSocial":"NOVO NORDISK PRODUÇÃO FARMACÊUTICA DO BRASIL LTDA","numeroAutorizacao":"1005742","cnpjFormatado":"16.921.603/0001-66"},"processo":{"numero":"2500100728887","situacao":29,"numeroProcessoFormatado":"25001.007288/87"}},{"ordem":19,"produto":{"codigo":280017,"nome":"MONOLIN R","numeroRegistro":"105740023","tipo":{"codigo":1,"descricao":null},"categoria":null,"situacaoRotulo":null,"dataVencimento":null,"mesAnoVencimento":"052008","dataVencimentoRegistro":"2008-05-01T00:00:00.000-0300","principioAtivo":null,"situacaoApresentacao":"Caduco/Cancelado","dataRegistro":"1988-05-09T00:00:00.000-0300","categoriaRegulatoria":{"codigo":1,"descricao":"Biológico"},"medicamentoReferencia":null,"categoriaProduto":null,"tipoAutorizacao":"REGISTRADO","mesAnoVencimentoFormatado":"05/2008","numeroRegistroFormatado":"105740023","acancelar":false},"empresa":{"cnpj":"16921603000166","razaoSocial":"NOVO NORDISK PRODUÇÃO FARMACÊUTICA DO BRASIL LTDA","numeroAutorizacao":"1005742","cnpjFormatado":"16.921.603/0001-66"},"processo":{"numero":"2500100728987","situacao":29,"numeroProcessoFormatado":"25001.007289/87"}},{"ordem":20,"produto":{"codigo":5533,"nome":"NEOLAPRIL","numeroRegistro":"105740028","tipo":{"codigo":1,"descricao":null},"categoria":null,"situacaoRotulo":null,"dataVencimento":null,"mesAnoVencimento":"082005","dataVencimentoRegistro":"2005-08-01T00:00:00.000-0300","principioAtivo":null,"situacaoApresentacao":"Caduco/Cancelado","dataRegistro":"1995-08-10T00:00:00.000-0300","categoriaRegulatoria":{"codigo":8,"descricao":"Similar"},"medicamentoReferencia":null,"categoriaProduto":null,"tipoAutorizacao":"REGISTRADO","mesAnoVencimentoFormatado":"08/2005","numeroRegistroFormatado":"105740028","acancelar":false},"empresa":{"cnpj":"16921603000166","razaoSocial":"NOVO NORDISK PRODUÇÃO FARMACÊUTICA DO BRASIL LTDA","numeroAutorizacao":"1005742","cnpjFormatado":"16.921.603/0001-66"},"processo":{"numero":"250000012929572","situacao":29,"numeroProcessoFormatado":"25000.001292/95-72"}},{"ordem":21,"produto":{"codigo":8280,"nome":"NEOPAMIL","numeroRegistro":"105740037","tipo":{"codigo":1,"descricao":null},"categoria":null,"situacaoRotulo":null,"dataVencimento":null,"mesAnoVencimento":"082001","dataVencimentoRegistro":"2001-08-01T00:00:00.000-0300","principioAtivo":null,"situacaoApresentacao":"Caduco/Cancelado","dataRegistro":"1996-08-23T00:00:00.000-0300","categoriaRegulatoria":{"codigo":8,"descricao":"Similar"},"medicamentoReferencia":null,"categoriaProduto":null,"tipoAutorizacao":"REGISTRADO","mesAnoVencimentoFormatado":"08/2001","numeroRegistroFormatado":"105740037","acancelar":false},"empresa":{"cnpj":"16921603000166","razaoSocial":"NOVO NORDISK PRODUÇÃO FARMACÊUTICA DO BRASIL LTDA","numeroAutorizacao":"1005742","cnpjFormatado":"16.921.603/0001-66"},"processo":{"numero":"250000040279617","situacao":29,"numeroProcessoFormatado":"25000.004027/96-17"}},{"ordem":22,"produto":{"codigo":394724,"nome":"NEOSULIN L","numeroRegistro":"105740006","tipo":{"codigo":1,"descricao":null},"categoria":null,"situacaoRotulo":null,"dataVencimento":null,"mesAnoVencimento":"112008","dataVencimentoRegistro":"2008-11-01T00:00:00.000-0300","principioAtivo":null,"situacaoApresentacao":"Caduco/Cancelado","dataRegistro":"1983-11-30T00:00:00.000-0300","categoriaRegulatoria":{"codigo":8,"descricao":"Similar"},"medicamentoReferencia":null,"categoriaProduto":null,"tipoAutorizacao":"REGISTRADO","mesAnoVencimentoFormatado":"11/2008","numeroRegistroFormatado":"105740006","acancelar":false},"empresa":{"cnpj":"16921603000166","razaoSocial":"NOVO NORDISK PRODUÇÃO FARMACÊUTICA DO BRASIL LTDA","numeroAutorizacao":"1005742","cnpjFormatado":"16.921.603/0001-66"},"processo":{"numero":"2500101081083","situacao":29,"numeroProcessoFormatado":"25001.010810/83"}},{"ordem":23,"produto":{"codigo":379147,"nome":"NEOSULIN N","numeroRegistro":"105740004","tipo":{"codigo":1,"descricao":null},"categoria":null,"situacaoRotulo":null,"dataVencimento":null,"mesAnoVencimento":"112008","dataVencimentoRegistro":"2008-11-01T00:00:00.000-0300","principioAtivo":null,"situacaoApresentacao":"Caduco/Cancelado","dataRegistro":"1991-12-06T00:00:00.000-0300","categoriaRegulatoria":{"codigo":6,"descricao":"Novo"},"medicamentoReferencia":null,"categoriaProduto":null,"tipoAutorizacao":"REGISTRADO","mesAnoVencimentoFormatado":"11/2008","numeroRegistroFormatado":"105740004","acancelar":false},"empresa":{"cnpj":"16921603000166","razaoSocial":"NOVO NORDISK PRODUÇÃO FARMACÊUTICA DO BRASIL LTDA","numeroAutorizacao":"1005742","cnpjFormatado":"16.921.603/0001-66"},"processo":{"numero":"2500101080983","situacao":29,"numeroProcessoFormatado":"25001.010809/83"}},{"ordem":24,"produto":{"codigo":373794,"nome":"NEOSULIN REGULAR","numeroRegistro":"105740003","tipo":{"codigo":1,"descricao":null},"categoria":null,"situacaoRotulo":null,"dataVencimento":null,"mesAnoVencimento":"112008","dataVencimentoRegistro":"2008-11-01T00:00:00.000-0300","principioAtivo":null,"situacaoApresentacao":"Caduco/Cancelado","dataRegistro":"1989-10-13T00:00:00.000-0300","categoriaRegulatoria":{"codigo":6,"descricao":"Novo"},"medicamentoReferencia":null,"categoriaProduto":null,"tipoAutorizacao":"REGISTRADO","mesAnoVencimentoFormatado":"11/2008","numeroRegistroFormatado":"105740003","acancelar":false},"empresa":{"cnpj":"16921603000166","razaoSocial":"NOVO NORDISK PRODUÇÃO FARMACÊUTICA DO BRASIL LTDA","numeroAutorizacao":"1005742","cnpjFormatado":"16.921.603/0001-66"},"processo":{"numero":"2500101080783","situacao":29,"numeroProcessoFormatado":"25001.010807/83"}},{"ordem":25,"produto":{"codigo":927,"nome":"NEOTENOL","numeroRegistro":"105740029","tipo":{"codigo":1,"descricao":null},"categoria":null,"situacaoRotulo":null,"dataVencimento":null,"mesAnoVencimento":"092005","dataVencimentoRegistro":"2005-09-01T00:00:00.000-0300","principioAtivo":null,"situacaoApresentacao":"Caduco/Cancelado","dataRegistro":"1995-09-15T00:00:00.000-0300","categoriaRegulatoria":{"codigo":8,"descricao":"Similar"},"medicamentoReferencia":null,"categoriaProduto":null,"tipoAutorizacao":"REGISTRADO","mesAnoVencimentoFormatado":"09/2005","numeroRegistroFormatado":"105740029","acancelar":false},"empresa":{"cnpj":"16921603000166","razaoSocial":"NOVO NORDISK PRODUÇÃO FARMACÊUTICA DO BRASIL LTDA","numeroAutorizacao":"1005742","cnpjFormatado":"16.921.603/0001-66"},"processo":{"numero":"250000043089517","situacao":29,"numeroProcessoFormatado":"25000.004308/95-17"}},{"ordem":26,"produto":{"codigo":6288,"nome":"NITRONAL","numeroRegistro":"105740041","tipo":{"codigo":1,"descricao":null},"categoria":null,"situacaoRotulo":null,"dataVencimento":null,"mesAnoVencimento":"072004","dataVencimentoRegistro":"2004-07-01T00:00:00.000-0300","principioAtivo":null,"situacaoApresentacao":"Caduco/Cancelado","dataRegistro":"1999-07-23T00:00:00.000-0300","categoriaRegulatoria":{"codigo":8,"descricao":"Similar"},"medicamentoReferencia":null,"categoriaProduto":null,"tipoAutorizacao":"REGISTRADO","mesAnoVencimentoFormatado":"07/2004","numeroRegistroFormatado":"105740041","acancelar":false},"empresa":{"cnpj":"16921603000166","razaoSocial":"NOVO NORDISK PRODUÇÃO FARMACÊUTICA DO BRASIL LTDA","numeroAutorizacao":"1005742","cnpjFormatado":"16.921.603/0001-66"},"processo":{"numero":"250000014039965","situacao":29,"numeroProcessoFormatado":"25000.001403/99-65"}},{"ordem":27,"produto":{"codigo":8058,"nome":"THYROGEN","numeroRegistro":"105740043","tipo":{"codigo":1,"descricao":null},"categoria":null,"situacaoRotulo":null,"dataVencimento":null,"mesAnoVencimento":"012005","dataVencimentoRegistro":"2005-01-01T00:00:00.000-0300","principioAtivo":null,"situacaoApresentacao":"Caduco/Cancelado","dataRegistro":"2000-01-28T00:00:00.000-0200","categoriaRegulatoria":{"codigo":6,"descricao":"Novo"},"medicamentoReferencia":null,"categoriaProduto":null,"tipoAutorizacao":"REGISTRADO","mesAnoVencimentoFormatado":"01/2005","numeroRegistroFormatado":"105740043","acancelar":false},"empresa":{"cnpj":"16921603000166","razaoSocial":"NOVO NORDISK PRODUÇÃO FARMACÊUTICA DO BRASIL LTDA","numeroAutorizacao":"1005742","cnpjFormatado":"16.921.603/0001-66"},"processo":{"numero":"250000306769971","situacao":29,"numeroProcessoFormatado":"25000.030676/99-71"}},{"ordem":28,"produto":{"codigo":8188,"nome":"VACINA TERAPÊUTICA PARA   LEISHMANIOSE","numeroRegistro":"105740047","tipo":{"codigo":1,"descricao":null},"categoria":null,"situacaoRotulo":null,"dataVencimento":null,"mesAnoVencimento":"102006","dataVencimentoRegistro":"2006-10-01T00:00:00.000-0300","principioAtivo":null,"situacaoApresentacao":"Caduco/Cancelado","dataRegistro":"2001-10-31T00:00:00.000-0200","categoriaRegulatoria":{"codigo":6,"descricao":"Novo"},"medicamentoReferencia":null,"categoriaProduto":null,"tipoAutorizacao":"REGISTRADO","mesAnoVencimentoFormatado":"10/2006","numeroRegistroFormatado":"105740047","acancelar":false},"empresa":{"cnpj":"16921603000166","razaoSocial":"NOVO NORDISK PRODUÇÃO FARMACÊUTICA DO BRASIL LTDA","numeroAutorizacao":"1005742","cnpjFormatado":"16.921.603/0001-66"},"processo":{"numero":"250000455229910","situacao":29,"numeroProcessoFormatado":"25000.045522/99-10"}}],"totalPages":1,"totalElements":28,"last":true,"numberOfElements":28,"first":true,"sort":null,"size":1000,"number":0}