{"content":[{"ordem":1,"produto":{"codigo":485514,"nome":"AMINOFILINA","numeroRegistro":"103870059","tipo":{"codigo":1,"descricao":null},"categoria":null,"situacaoRotulo":null,"dataVencimento":null,"mesAnoVencimento":"062027","dataVencimentoRegistro":"2027-06-01T00:00:00.000-0300","principioAtivo":"AMINOFILINA","situacaoApresentacao":"Válido","dataRegistro":"2007-06-11T00:00:00.000-0300","categoriaRegulatoria":{"codigo":5,"descricao":"Genérico"},"medicamentoReferencia":"MINOTON","categoriaProduto":null,"tipoAutorizacao":"REGISTRADO","acancelar":false,"numeroRegistroFormatado":"103870059","mesAnoVencimentoFormatado":"06/2027"},"empresa":{"cnpj":"17174657000178","razaoSocial":"HYPOFARMA - INSTITUTO DE HYPODERMIA E FARMÁCIA LTDA","numeroAutorizacao":"1003877","cnpjFormatado":"17.174.657/0001-78"},"processo":{"numero":"25351287094200666","situacao":29,"numeroProcessoFormatado":"25351.287094/2006-66"}},{"ordem":2,"produto":{"codigo":165005,"nome":"BICARBONATO DE SODIO HYPOFARMA","numeroRegistro":"103870014","tipo":{"codigo":1,"descricao":null},"categoria":null,"situacaoRotulo":null,"dataVencimento":null,"mesAnoVencimento":"102009","dataVencimentoRegistro":"2009-10-01T00:00:00.000-0300","principioAtivo":null,"situacaoApresentacao":"Caduco/Cancelado","dataRegistro":"2002-10-21T00:00:00.000-0300","categoriaRegulatoria":{"codigo":3,"descricao":"Específico"},"medicamentoReferencia":null,"categoriaProduto":null,"tipoAutorizacao":"REGISTRADO","acancelar":false,"numeroRegistroFormatado":"103870014","mesAnoVencimentoFormatado":"10/2009"},"empresa":{"cnpj":"17174657000178","razaoSocial":"HYPOFARMA - INSTITUTO DE HYPODERMIA E FARMÁCIA LTDA","numeroAutorizacao":"1003877","cnpjFormatado":"17.174.657/0001-78"},"processo":{"numero":"2599201557974","situacao":29,"numeroProcessoFormatado":"25992.015579/74"}},{"ordem":3,"produto":{"codigo":401165,"nome":"Bicarbonato de Sódio","numeroRegistro":"103870056","tipo":{"codigo":1,"descricao":null},"categoria":null,"situacaoRotulo":null,"dataVencimento":"0025-09-30T00:00:00.000-0300","mesAnoVencimento":"092025 ","dataVencimentoRegistro":"2025-09-01T00:00:00.000-0300","principioAtivo":"BICARBONATO DE SÓDIO","situacaoApresentacao":"Válido","dataRegistro":"2005-09-05T00:00:00.000-0300","categoriaRegulatoria":{"codigo":3,"descricao":"Específico"},"medicamentoReferencia":null,"categoriaProduto":null,"tipoAutorizacao":"REGISTRADO","acancelar":false,"numeroRegistroFormatado":"103870056","mesAnoVencimentoFormatado":"09/2025"},"empresa":{"cnpj":"17174657000178","razaoSocial":"HYPOFARMA - INSTITUTO DE HYPODERMIA E FARMÁCIA LTDA","numeroAutorizacao":"1003877","cnpjFormatado":"17.174.657/0001-78"},"processo":{"numero":"25351275728200476","situacao":29,"numeroProcessoFormatado":"25351.275728/2004-76"}},{"ordem":4,"produto":{"codigo":165038,"nome":"CLORETO DE SODIO/CLORETO DE POTASSIO + ASSOCIAÇÕES","numeroRegistro":"103870008","tipo":{"codigo":1,"descricao":null},"categoria":null,"situacaoRotulo":null,"dataVencimento":null,"mesAnoVencimento":"032004","dataVencimentoRegistro":"2004-03-01T00:00:00.000-0300","principioAtivo":null,"situacaoApresentacao":"Caduco/Cancelado","dataRegistro":"2002-10-21T00:00:00.000-0300","categoriaRegulatoria":{"codigo":8,"descricao":"Similar"},"medicamentoReferencia":null,"categoriaProduto":null,"tipoAutorizacao":"REGISTRADO","acancelar":false,"numeroRegistroFormatado":"103870008","mesAnoVencimentoFormatado":"03/2004"},"empresa":{"cnpj":"17174657000178","razaoSocial":"HYPOFARMA - INSTITUTO DE HYPODERMIA E FARMÁCIA LTDA","numeroAutorizacao":"1003877","cnpjFormatado":"17.174.657/0001-78"},"processo":{"numero":"250000035830025","situacao":29,"numeroProcessoFormatado":"25000.003583/00-25"}},{"ordem":5,"produto":{"codigo":1261528,"nome":"CLORETO DE SÓDIO","numeroRegistro":"103870073","tipo":{"codigo":1,"descricao":null},"categoria":null,"situacaoRotulo":null,"dataVencimento":"2029-08-30T00:00:00.000-0300","mesAnoVencimento":"082029","dataVencimentoRegistro":"2029-08-01T00:00:00.000-0300","principioAtivo":"CLORETO DE SÓDIO","situacaoApresentacao":"Válido","dataRegistro":"2019-08-19T00:00:00.000-0300","categoriaRegulatoria":{"codigo":3,"descricao":"Específico"},"medicamentoReferencia":null,"categoriaProduto":null,"tipoAutorizacao":"REGISTRADO","acancelar":false,"numeroRegistroFormatado":"103870073","mesAnoVencimentoFormatado":"08/2029"},"empresa":{"cnpj":"17174657000178","razaoSocial":"HYPOFARMA - INSTITUTO DE HYPODERMIA E FARMÁCIA LTDA","numeroAutorizacao":"1003877","cnpjFormatado":"17.174.657/0001-78"},"processo":{"numero":"25351358850201882","situacao":29,"numeroProcessoFormatado":"25351.358850/2018-82"}},{"ordem":6,"produto":{"codigo":2197,"nome":"CLORETO DE SÓDIO HYPOFARMA","numeroRegistro":"103870017","tipo":{"codigo":1,"descricao":null},"categoria":null,"situacaoRotulo":null,"dataVencimento":"2026-10-28T00:00:00.000-0300","mesAnoVencimento":"102029","dataVencimentoRegistro":"2029-10-01T00:00:00.000-0300","principioAtivo":null,"situacaoApresentacao":"Caduco/Cancelado","dataRegistro":"2001-06-07T00:00:00.000-0300","categoriaRegulatoria":{"codigo":3,"descricao":"Específico"},"medicamentoReferencia":null,"categoriaProduto":null,"tipoAutorizacao":"REGISTRADO","acancelar":false,"numeroRegistroFormatado":"103870017","mesAnoVencimentoFormatado":"10/2029"},"empresa":{"cnpj":"17174657000178","razaoSocial":"HYPOFARMA - INSTITUTO DE HYPODERMIA E FARMÁCIA LTDA","numeroAutorizacao":"1003877","cnpjFormatado":"17.174.657/0001-78"},"processo":{"numero":"2599201463274","situacao":29,"numeroProcessoFormatado":"25992.014632/74"}},{"ordem":7,"produto":{"codigo":403410,"nome":"CLORIDRATO DE BUPIVACAÍNA","numeroRegistro":"103870053","tipo":{"codigo":1,"descricao":null},"categoria":null,"situacaoRotulo":null,"dataVencimento":null,"mesAnoVencimento":"032025","dataVencimentoRegistro":"2025-03-01T00:00:00.000-0300","principioAtivo":"cloridrato de bupivacaína monoidratado","situacaoApresentacao":"Válido","dataRegistro":"2005-03-23T00:00:00.000-0300","categoriaRegulatoria":{"codigo":5,"descricao":"Genérico"},"medicamentoReferencia":"MARCAÍNA SEM VASOCONSTRITOR","categoriaProduto":null,"tipoAutorizacao":"REGISTRADO","acancelar":false,"numeroRegistroFormatado":"103870053","mesAnoVencimentoFormatado":"03/2025"},"empresa":{"cnpj":"17174657000178","razaoSocial":"HYPOFARMA - INSTITUTO DE HYPODERMIA E FARMÁCIA LTDA","numeroAutorizacao":"1003877","cnpjFormatado":"17.174.657/0001-78"},"processo":{"numero":"25351277778200498","situacao":29,"numeroProcessoFormatado":"25351.277778/2004-98"}},{"ordem":8,"produto":{"codigo":1367957,"nome":"CLORIDRATO DE DOPAMINA","numeroRegistro":"103870079","tipo":{"codigo":1,"descricao":null},"categoria":null,"situacaoRotulo":null,"dataVencimento":null,"mesAnoVencimento":"122029","dataVencimentoRegistro":"2029-12-01T00:00:00.000-0300","principioAtivo":"CLORIDRATO DE DOPAMINA","situacaoApresentacao":"Válido","dataRegistro":"2019-12-02T00:00:00.000-0300","categoriaRegulatoria":{"codigo":5,"descricao":"Genérico"},"medicamentoReferencia":"DOPACRIS","categoriaProduto":null,"tipoAutorizacao":"REGISTRADO","acancelar":false,"numeroRegistroFormatado":"103870079","mesAnoVencimentoFormatado":"12/2029"},"empresa":{"cnpj":"17174657000178","razaoSocial":"HYPOFARMA - INSTITUTO DE HYPODERMIA E FARMÁCIA LTDA","numeroAutorizacao":"1003877","cnpjFormatado":"17.174.657/0001-78"},"processo":{"numero":"25351521380201981","situacao":29,"numeroProcessoFormatado":"25351.521380/2019-81"}},{"ordem":9,"produto":{"codigo":495729,"nome":"CLORIDRATO DE ONDANSETRONA","numeroRegistro":"103870058","tipo":{"codigo":1,"descricao":null},"categoria":null,"situacaoRotulo":null,"dataVencimento":null,"mesAnoVencimento":"052027","dataVencimentoRegistro":"2027-05-01T00:00:00.000-0300","principioAtivo":"CLORIDRATO  DE ONDANSETRONA DI-hIDRATADO","situacaoApresentacao":"Válido","dataRegistro":"2007-05-28T00:00:00.000-0300","categoriaRegulatoria":{"codigo":5,"descricao":"Genérico"},"medicamentoReferencia":"ZOFRAN","categoriaProduto":null,"tipoAutorizacao":"REGISTRADO","acancelar":false,"numeroRegistroFormatado":"103870058","mesAnoVencimentoFormatado":"05/2027"},"empresa":{"cnpj":"17174657000178","razaoSocial":"HYPOFARMA - INSTITUTO DE HYPODERMIA E FARMÁCIA LTDA","numeroAutorizacao":"1003877","cnpjFormatado":"17.174.657/0001-78"},"processo":{"numero":"25351370795200665","situacao":29,"numeroProcessoFormatado":"25351.370795/2006-65"}},{"ordem":10,"produto":{"codigo":2847,"nome":"CLORIDRATO DE RANITIDINA","numeroRegistro":"103870044","tipo":{"codigo":1,"descricao":null},"categoria":null,"situacaoRotulo":null,"dataVencimento":null,"mesAnoVencimento":"102026","dataVencimentoRegistro":"2026-10-01T00:00:00.000-0300","principioAtivo":"CLORIDRATO DE RANITIDINA","situacaoApresentacao":"Válido","dataRegistro":"2001-10-18T00:00:00.000-0200","categoriaRegulatoria":{"codigo":5,"descricao":"Genérico"},"medicamentoReferencia":"ANTAK","categoriaProduto":null,"tipoAutorizacao":"REGISTRADO","acancelar":false,"numeroRegistroFormatado":"103870044","mesAnoVencimentoFormatado":"10/2026"},"empresa":{"cnpj":"17174657000178","razaoSocial":"HYPOFARMA - INSTITUTO DE HYPODERMIA E FARMÁCIA LTDA","numeroAutorizacao":"1003877","cnpjFormatado":"17.174.657/0001-78"},"processo":{"numero":"253510253490196","situacao":29,"numeroProcessoFormatado":"25351.025349/01-96"}},{"ordem":11,"produto":{"codigo":456187,"nome":"Cloridrato de Dobutamina","numeroRegistro":"103870057","tipo":{"codigo":1,"descricao":null},"categoria":null,"situacaoRotulo":null,"dataVencimento":null,"mesAnoVencimento":"052026","dataVencimentoRegistro":"2026-05-01T00:00:00.000-0300","principioAtivo":"CLORIDRATO DE DOBUTAMINA","situacaoApresentacao":"Válido","dataRegistro":"2006-05-22T00:00:00.000-0300","categoriaRegulatoria":{"codigo":5,"descricao":"Genérico"},"medicamentoReferencia":"Dobutrex","categoriaProduto":null,"tipoAutorizacao":"REGISTRADO","acancelar":false,"numeroRegistroFormatado":"103870057","mesAnoVencimentoFormatado":"05/2026"},"empresa":{"cnpj":"17174657000178","razaoSocial":"HYPOFARMA - INSTITUTO DE HYPODERMIA E FARMÁCIA LTDA","numeroAutorizacao":"1003877","cnpjFormatado":"17.174.657/0001-78"},"processo":{"numero":"25351072824200626","situacao":29,"numeroProcessoFormatado":"25351.072824/2006-26"}},{"ordem":12,"produto":{"codigo":1356315,"nome":"Cloridrato de Lincomicina","numeroRegistro":"103870077","tipo":{"codigo":1,"descricao":null},"categoria":null,"situacaoRotulo":null,"dataVencimento":null,"mesAnoVencimento":"102029","dataVencimentoRegistro":"2029-10-01T00:00:00.000-0300","principioAtivo":"CLORIDRATO DE LINCOMICINA","situacaoApresentacao":"Válido","dataRegistro":"2019-10-07T00:00:00.000-0300","categoriaRegulatoria":{"codigo":5,"descricao":"Genérico"},"medicamentoReferencia":"FRADEMICINA","categoriaProduto":null,"tipoAutorizacao":"REGISTRADO","acancelar":false,"numeroRegistroFormatado":"103870077","mesAnoVencimentoFormatado":"10/2029"},"empresa":{"cnpj":"17174657000178","razaoSocial":"HYPOFARMA - INSTITUTO DE HYPODERMIA E FARMÁCIA LTDA","numeroAutorizacao":"1003877","cnpjFormatado":"17.174.657/0001-78"},"processo":{"numero":"25351430282201935","situacao":29,"numeroProcessoFormatado":"25351.430282/2019-35"}},{"ordem":13,"produto":{"codigo":348540,"nome":"DICLOFENACO SÓDICO","numeroRegistro":"103870052","tipo":{"codigo":1,"descricao":null},"categoria":null,"situacaoRotulo":null,"dataVencimento":null,"mesAnoVencimento":"082029","dataVencimentoRegistro":"2029-08-01T00:00:00.000-0300","principioAtivo":"DICLOFENACO SÓDICO","situacaoApresentacao":"Válido","dataRegistro":"2004-08-26T00:00:00.000-0300","categoriaRegulatoria":{"codigo":5,"descricao":"Genérico"},"medicamentoReferencia":"VOLTAREN","categoriaProduto":null,"tipoAutorizacao":"REGISTRADO","acancelar":false,"numeroRegistroFormatado":"103870052","mesAnoVencimentoFormatado":"08/2029"},"empresa":{"cnpj":"17174657000178","razaoSocial":"HYPOFARMA - INSTITUTO DE HYPODERMIA E FARMÁCIA LTDA","numeroAutorizacao":"1003877","cnpjFormatado":"17.174.657/0001-78"},"processo":{"numero":"25351054455200347","situacao":29,"numeroProcessoFormatado":"25351.054455/2003-47"}},{"ordem":14,"produto":{"codigo":350258,"nome":"EPINEFRINA","numeroRegistro":"103870051","tipo":{"codigo":1,"descricao":null},"categoria":null,"situacaoRotulo":null,"dataVencimento":null,"mesAnoVencimento":"071999","dataVencimentoRegistro":"1999-07-01T00:00:00.000-0300","principioAtivo":null,"situacaoApresentacao":"Caduco/Cancelado","dataRegistro":"1979-07-09T00:00:00.000-0300","categoriaRegulatoria":{"codigo":8,"descricao":"Similar"},"medicamentoReferencia":null,"categoriaProduto":null,"tipoAutorizacao":"REGISTRADO","acancelar":false,"numeroRegistroFormatado":"103870051","mesAnoVencimentoFormatado":"07/1999"},"empresa":{"cnpj":"17174657000178","razaoSocial":"HYPOFARMA - INSTITUTO DE HYPODERMIA E FARMÁCIA LTDA","numeroAutorizacao":"1003877","cnpjFormatado":"17.174.657/0001-78"},"processo":{"numero":"2599202005276","situacao":29,"numeroProcessoFormatado":"25992.020052/76"}},{"ordem":15,"produto":{"codigo":1310559,"nome":"Epinefrina","numeroRegistro":"103870078","tipo":{"codigo":1,"descricao":null},"categoria":null,"situacaoRotulo":null,"dataVencimento":null,"mesAnoVencimento":"112029","dataVencimentoRegistro":"2029-11-01T00:00:00.000-0300","principioAtivo":"EPINEFRINA","situacaoApresentacao":"Válido","dataRegistro":"2019-11-11T00:00:00.000-0300","categoriaRegulatoria":{"codigo":5,"descricao":"Genérico"},"medicamentoReferencia":"Adren","categoriaProduto":null,"tipoAutorizacao":"REGISTRADO","acancelar":false,"numeroRegistroFormatado":"103870078","mesAnoVencimentoFormatado":"11/2029"},"empresa":{"cnpj":"17174657000178","razaoSocial":"HYPOFARMA - INSTITUTO DE HYPODERMIA E FARMÁCIA LTDA","numeroAutorizacao":"1003877","cnpjFormatado":"17.174.657/0001-78"},"processo":{"numero":"25351141989201970","situacao":29,"numeroProcessoFormatado":"25351.141989/2019-70"}},{"ordem":16,"produto":{"codigo":125694,"nome":"FOSFATO DISSODICO DE DEXAMETASONA","numeroRegistro":"103870047","tipo":{"codigo":1,"descricao":null},"categoria":null,"situacaoRotulo":null,"dataVencimento":null,"mesAnoVencimento":"032027","dataVencimentoRegistro":"2027-03-01T00:00:00.000-0300","principioAtivo":"FOSFATO DISSÓDICO DE DEXAMETASONA","situacaoApresentacao":"Válido","dataRegistro":"2002-03-13T00:00:00.000-0300","categoriaRegulatoria":{"codigo":5,"descricao":"Genérico"},"medicamentoReferencia":"Decadron","categoriaProduto":null,"tipoAutorizacao":"REGISTRADO","acancelar":false,"numeroRegistroFormatado":"103870047","mesAnoVencimentoFormatado":"03/2027"},"empresa":{"cnpj":"17174657000178","razaoSocial":"HYPOFARMA - INSTITUTO DE HYPODERMIA E FARMÁCIA LTDA","numeroAutorizacao":"1003877","cnpjFormatado":"17.174.657/0001-78"},"processo":{"numero":"253510333640135","situacao":29,"numeroProcessoFormatado":"25351.033364/01-35"}},{"ordem":17,"produto":{"codigo":4438,"nome":"FUROSEMIDA","numeroRegistro":"103870038","tipo":{"codigo":1,"descricao":null},"categoria":null,"situacaoRotulo":null,"dataVencimento":null,"mesAnoVencimento":"032026","dataVencimentoRegistro":"2026-03-01T00:00:00.000-0300","principioAtivo":"FUROSEMIDA","situacaoApresentacao":"Válido","dataRegistro":"2001-03-19T00:00:00.000-0300","categoriaRegulatoria":{"codigo":5,"descricao":"Genérico"},"medicamentoReferencia":"Lasix","categoriaProduto":null,"tipoAutorizacao":"REGISTRADO","acancelar":false,"numeroRegistroFormatado":"103870038","mesAnoVencimentoFormatado":"03/2026"},"empresa":{"cnpj":"17174657000178","razaoSocial":"HYPOFARMA - INSTITUTO DE HYPODERMIA E FARMÁCIA LTDA","numeroAutorizacao":"1003877","cnpjFormatado":"17.174.657/0001-78"},"processo":{"numero":"253510013030191","situacao":29,"numeroProcessoFormatado":"25351.001303/01-91"}},{"ordem":18,"produto":{"codigo":599656,"nome":"GLICEROL ENEMA 12%","numeroRegistro":"103870062","tipo":{"codigo":1,"descricao":null},"categoria":null,"situacaoRotulo":null,"dataVencimento":null,"mesAnoVencimento":"122026","dataVencimentoRegistro":"2026-12-01T00:00:00.000-0300","principioAtivo":"GLICEROL","situacaoApresentacao":"Válido","dataRegistro":"1981-12-31T00:00:00.000-0300","categoriaRegulatoria":{"codigo":3,"descricao":"Específico"},"medicamentoReferencia":null,"categoriaProduto":null,"tipoAutorizacao":"REGISTRADO","acancelar":false,"numeroRegistroFormatado":"103870062","mesAnoVencimentoFormatado":"12/2026"},"empresa":{"cnpj":"17174657000178","razaoSocial":"HYPOFARMA - INSTITUTO DE HYPODERMIA E FARMÁCIA LTDA","numeroAutorizacao":"1003877","cnpjFormatado":"17.174.657/0001-78"},"processo":{"numero":"2500100279881","situacao":29,"numeroProcessoFormatado":"25001.002798/81"}},{"ordem":19,"produto":{"codigo":604511,"nome":"GLICONATO DE CÁLCIO","numeroRegistro":"103870063","tipo":{"codigo":1,"descricao":null},"categoria":null,"situacaoRotulo":null,"dataVencimento":null,"mesAnoVencimento":"042029","dataVencimentoRegistro":"2029-04-01T00:00:00.000-0300","principioAtivo":"GLICONATO DE CÁLCIO","situacaoApresentacao":"Válido","dataRegistro":"2009-04-13T00:00:00.000-0300","categoriaRegulatoria":{"codigo":3,"descricao":"Específico"},"medicamentoReferencia":null,"categoriaProduto":null,"tipoAutorizacao":"REGISTRADO","acancelar":false,"numeroRegistroFormatado":"103870063","mesAnoVencimentoFormatado":"04/2029"},"empresa":{"cnpj":"17174657000178","razaoSocial":"HYPOFARMA - INSTITUTO DE HYPODERMIA E FARMÁCIA LTDA","numeroAutorizacao":"1003877","cnpjFormatado":"17.174.657/0001-78"},"processo":{"numero":"25351716017200899","situacao":29,"numeroProcessoFormatado":"25351.716017/2008-99"}},{"ordem":20,"produto":{"codigo":7448,"nome":"GLICOSE  HYPOFARMA","numeroRegistro":"103870016","tipo":{"codigo":1,"descricao":null},"categoria":null,"situacaoRotulo":null,"dataVencimento":null,"mesAnoVencimento":"012029","dataVencimentoRegistro":"2029-01-01T00:00:00.000-0300","principioAtivo":"GLICOSE ANIDRA","situacaoApresentacao":"Válido","dataRegistro":"1998-08-20T00:00:00.000-0300","categoriaRegulatoria":{"codigo":3,"descricao":"Específico"},"medicamentoReferencia":null,"categoriaProduto":null,"tipoAutorizacao":"REGISTRADO","acancelar":false,"numeroRegistroFormatado":"103870016","mesAnoVencimentoFormatado":"01/2029"},"empresa":{"cnpj":"17174657000178","razaoSocial":"HYPOFARMA - INSTITUTO DE HYPODERMIA E FARMÁCIA LTDA","numeroAutorizacao":"1003877","cnpjFormatado":"17.174.657/0001-78"},"processo":{"numero":"2500001929184","situacao":29,"numeroProcessoFormatado":"25000.019291/84"}},{"ordem":21,"produto":{"codigo":377628,"nome":"GLICOSE HYPERTONICA","numeroRegistro":"103870021","tipo":{"codigo":1,"descricao":null},"categoria":null,"situacaoRotulo":null,"dataVencimento":null,"mesAnoVencimento":"092009","dataVencimentoRegistro":"2009-09-01T00:00:00.000-0300","principioAtivo":null,"situacaoApresentacao":"Caduco/Cancelado","dataRegistro":"1990-12-05T00:00:00.000-0300","categoriaRegulatoria":{"codigo":4,"descricao":"Fitoterápico"},"medicamentoReferencia":null,"categoriaProduto":null,"tipoAutorizacao":"REGISTRADO","acancelar":false,"numeroRegistroFormatado":"103870021","mesAnoVencimentoFormatado":"09/2009"},"empresa":{"cnpj":"17174657000178","razaoSocial":"HYPOFARMA - INSTITUTO DE HYPODERMIA E FARMÁCIA LTDA","numeroAutorizacao":"1003877","cnpjFormatado":"17.174.657/0001-78"},"processo":{"numero":"2500001929384","situacao":29,"numeroProcessoFormatado":"25000.019293/84"}},{"ordem":22,"produto":{"codigo":1878,"nome":"HYCIMET","numeroRegistro":"103870025","tipo":{"codigo":1,"descricao":null},"categoria":null,"situacaoRotulo":null,"dataVencimento":null,"mesAnoVencimento":"082029","dataVencimentoRegistro":"2029-08-01T00:00:00.000-0300","principioAtivo":"CIMETIDINA","situacaoApresentacao":"Válido","dataRegistro":"1999-08-09T00:00:00.000-0300","categoriaRegulatoria":{"codigo":8,"descricao":"Similar"},"medicamentoReferencia":null,"categoriaProduto":null,"tipoAutorizacao":"REGISTRADO","acancelar":false,"numeroRegistroFormatado":"103870025","mesAnoVencimentoFormatado":"08/2029"},"empresa":{"cnpj":"17174657000178","razaoSocial":"HYPOFARMA - INSTITUTO DE HYPODERMIA E FARMÁCIA LTDA","numeroAutorizacao":"1003877","cnpjFormatado":"17.174.657/0001-78"},"processo":{"numero":"250000152259715","situacao":29,"numeroProcessoFormatado":"25000.015225/97-15"}},{"ordem":23,"produto":{"codigo":4344,"nome":"HYCLIN","numeroRegistro":"103870036","tipo":{"codigo":1,"descricao":null},"categoria":null,"situacaoRotulo":null,"dataVencimento":null,"mesAnoVencimento":"072025","dataVencimentoRegistro":"2025-07-01T00:00:00.000-0300","principioAtivo":"FOSFATO DE CLINDAMICINA","situacaoApresentacao":"Válido","dataRegistro":"2000-07-17T00:00:00.000-0300","categoriaRegulatoria":{"codigo":8,"descricao":"Similar"},"medicamentoReferencia":"DALACIN C","categoriaProduto":null,"tipoAutorizacao":"REGISTRADO","acancelar":false,"numeroRegistroFormatado":"103870036","mesAnoVencimentoFormatado":"07/2025"},"empresa":{"cnpj":"17174657000178","razaoSocial":"HYPOFARMA - INSTITUTO DE HYPODERMIA E FARMÁCIA LTDA","numeroAutorizacao":"1003877","cnpjFormatado":"17.174.657/0001-78"},"processo":{"numero":"250000358639734","situacao":29,"numeroProcessoFormatado":"25000.035863/97-34"}},{"ordem":24,"produto":{"codigo":4372,"nome":"HYDEXA","numeroRegistro":"103870026","tipo":{"codigo":1,"descricao":null},"categoria":null,"situacaoRotulo":null,"dataVencimento":null,"mesAnoVencimento":"032004","dataVencimentoRegistro":"2004-03-01T00:00:00.000-0300","principioAtivo":null,"situacaoApresentacao":"Caduco/Cancelado","dataRegistro":"1999-03-05T00:00:00.000-0300","categoriaRegulatoria":{"codigo":8,"descricao":"Similar"},"medicamentoReferencia":null,"categoriaProduto":null,"tipoAutorizacao":"REGISTRADO","acancelar":false,"numeroRegistroFormatado":"103870026","mesAnoVencimentoFormatado":"03/2004"},"empresa":{"cnpj":"17174657000178","razaoSocial":"HYPOFARMA - INSTITUTO DE HYPODERMIA E FARMÁCIA LTDA","numeroAutorizacao":"1003877","cnpjFormatado":"17.174.657/0001-78"},"processo":{"numero":"250000152269788","situacao":29,"numeroProcessoFormatado":"25000.015226/97-88"}},{"ordem":25,"produto":{"codigo":275490,"nome":"HYFILINA","numeroRegistro":"103870050","tipo":{"codigo":1,"descricao":null},"categoria":null,"situacaoRotulo":null,"dataVencimento":null,"mesAnoVencimento":"032007","dataVencimentoRegistro":"2007-03-01T00:00:00.000-0300","principioAtivo":null,"situacaoApresentacao":"Caduco/Cancelado","dataRegistro":"1987-03-17T00:00:00.000-0300","categoriaRegulatoria":{"codigo":8,"descricao":"Similar"},"medicamentoReferencia":null,"categoriaProduto":null,"tipoAutorizacao":"REGISTRADO","acancelar":false,"numeroRegistroFormatado":"103870050","mesAnoVencimentoFormatado":"03/2007"},"empresa":{"cnpj":"17174657000178","razaoSocial":"HYPOFARMA - INSTITUTO DE HYPODERMIA E FARMÁCIA LTDA","numeroAutorizacao":"1003877","cnpjFormatado":"17.174.657/0001-78"},"processo":{"numero":"2500100279981","situacao":29,"numeroProcessoFormatado":"25001.002799/81"}},{"ordem":26,"produto":{"codigo":1574043,"nome":"HYFREN","numeroRegistro":"103870082","tipo":{"codigo":1,"descricao":null},"categoria":null,"situacaoRotulo":null,"dataVencimento":null,"mesAnoVencimento":"102030","dataVencimentoRegistro":"2030-10-01T00:00:00.000-0300","principioAtivo":"EPINEFRINA","situacaoApresentacao":"Válido","dataRegistro":"2020-10-19T00:00:00.000-0300","categoriaRegulatoria":{"codigo":8,"descricao":"Similar"},"medicamentoReferencia":"Adren","categoriaProduto":null,"tipoAutorizacao":"REGISTRADO","acancelar":false,"numeroRegistroFormatado":"103870082","mesAnoVencimentoFormatado":"10/2030"},"empresa":{"cnpj":"17174657000178","razaoSocial":"HYPOFARMA - INSTITUTO DE HYPODERMIA E FARMÁCIA LTDA","numeroAutorizacao":"1003877","cnpjFormatado":"17.174.657/0001-78"},"processo":{"numero":"25351560065202011","situacao":29,"numeroProcessoFormatado":"25351.560065/2020-11"}},{"ordem":27,"produto":{"codigo":5372,"nome":"HYLINC","numeroRegistro":"103870037","tipo":{"codigo":1,"descricao":null},"categoria":null,"situacaoRotulo":null,"dataVencimento":null,"mesAnoVencimento":"072025","dataVencimentoRegistro":"2025-07-01T00:00:00.000-0300","principioAtivo":"CLORIDRATO DE LINCOMICINA","situacaoApresentacao":"Válido","dataRegistro":"2000-07-17T00:00:00.000-0300","categoriaRegulatoria":{"codigo":8,"descricao":"Similar"},"medicamentoReferencia":"FRADEMICINA","categoriaProduto":null,"tipoAutorizacao":"REGISTRADO","acancelar":false,"numeroRegistroFormatado":"103870037","mesAnoVencimentoFormatado":"07/2025"},"empresa":{"cnpj":"17174657000178","razaoSocial":"HYPOFARMA - INSTITUTO DE HYPODERMIA E FARMÁCIA LTDA","numeroAutorizacao":"1003877","cnpjFormatado":"17.174.657/0001-78"},"processo":{"numero":"250000161968944","situacao":29,"numeroProcessoFormatado":"25000.016196/89-44"}},{"ordem":28,"produto":{"codigo":124858,"nome":"HYMYCIN","numeroRegistro":"103870048","tipo":{"codigo":1,"descricao":null},"categoria":null,"situacaoRotulo":null,"dataVencimento":null,"mesAnoVencimento":"032007","dataVencimentoRegistro":"2007-03-01T00:00:00.000-0300","principioAtivo":null,"situacaoApresentacao":"Caduco/Cancelado","dataRegistro":"2002-03-20T00:00:00.000-0300","categoriaRegulatoria":{"codigo":8,"descricao":"Similar"},"medicamentoReferencia":null,"categoriaProduto":null,"tipoAutorizacao":"REGISTRADO","acancelar":false,"numeroRegistroFormatado":"103870048","mesAnoVencimentoFormatado":"03/2007"},"empresa":{"cnpj":"17174657000178","razaoSocial":"HYPOFARMA - INSTITUTO DE HYPODERMIA E FARMÁCIA LTDA","numeroAutorizacao":"1003877","cnpjFormatado":"17.174.657/0001-78"},"processo":{"numero":"250000152209700","situacao":29,"numeroProcessoFormatado":"25000.015220/97-00"}},{"ordem":29,"produto":{"codigo":3605,"nome":"HYNALGIN","numeroRegistro":"103870018","tipo":{"codigo":1,"descricao":null},"categoria":null,"situacaoRotulo":null,"dataVencimento":null,"mesAnoVencimento":"102029","dataVencimentoRegistro":"2029-10-01T00:00:00.000-0300","principioAtivo":"dipirona monoidratada","situacaoApresentacao":"Válido","dataRegistro":"1989-10-13T00:00:00.000-0300","categoriaRegulatoria":{"codigo":8,"descricao":"Similar"},"medicamentoReferencia":"NOVALGINA ®","categoriaProduto":null,"tipoAutorizacao":"REGISTRADO","acancelar":false,"numeroRegistroFormatado":"103870018","mesAnoVencimentoFormatado":"10/2029"},"empresa":{"cnpj":"17174657000178","razaoSocial":"HYPOFARMA - INSTITUTO DE HYPODERMIA E FARMÁCIA LTDA","numeroAutorizacao":"1003877","cnpjFormatado":"17.174.657/0001-78"},"processo":{"numero":"2500100735187","situacao":29,"numeroProcessoFormatado":"25001.007351/87"}},{"ordem":30,"produto":{"codigo":3405,"nome":"HYNAREN","numeroRegistro":"103870031","tipo":{"codigo":1,"descricao":null},"categoria":null,"situacaoRotulo":null,"dataVencimento":null,"mesAnoVencimento":"042004","dataVencimentoRegistro":"2004-04-01T00:00:00.000-0300","principioAtivo":null,"situacaoApresentacao":"Caduco/Cancelado","dataRegistro":"1999-04-09T00:00:00.000-0300","categoriaRegulatoria":{"codigo":8,"descricao":"Similar"},"medicamentoReferencia":null,"categoriaProduto":null,"tipoAutorizacao":"REGISTRADO","acancelar":false,"numeroRegistroFormatado":"103870031","mesAnoVencimentoFormatado":"04/2004"},"empresa":{"cnpj":"17174657000178","razaoSocial":"HYPOFARMA - INSTITUTO DE HYPODERMIA E FARMÁCIA LTDA","numeroAutorizacao":"1003877","cnpjFormatado":"17.174.657/0001-78"},"processo":{"numero":"250000152229727","situacao":29,"numeroProcessoFormatado":"25000.015222/97-27"}},{"ordem":31,"produto":{"codigo":6166,"nome":"HYNIM","numeroRegistro":"103870040","tipo":{"codigo":1,"descricao":null},"categoria":null,"situacaoRotulo":null,"dataVencimento":null,"mesAnoVencimento":"072006","dataVencimentoRegistro":"2006-07-01T00:00:00.000-0300","principioAtivo":null,"situacaoApresentacao":"Caduco/Cancelado","dataRegistro":"2001-07-06T00:00:00.000-0300","categoriaRegulatoria":{"codigo":8,"descricao":"Similar"},"medicamentoReferencia":null,"categoriaProduto":null,"tipoAutorizacao":"REGISTRADO","acancelar":false,"numeroRegistroFormatado":"103870040","mesAnoVencimentoFormatado":"07/2006"},"empresa":{"cnpj":"17174657000178","razaoSocial":"HYPOFARMA - INSTITUTO DE HYPODERMIA E FARMÁCIA LTDA","numeroAutorizacao":"1003877","cnpjFormatado":"17.174.657/0001-78"},"processo":{"numero":"250000358849712","situacao":29,"numeroProcessoFormatado":"25000.035884/97-12"}},{"ordem":32,"produto":{"codigo":7188,"nome":"HYNULIN","numeroRegistro":"103870034","tipo":{"codigo":1,"descricao":null},"categoria":null,"situacaoRotulo":null,"dataVencimento":null,"mesAnoVencimento":"122004","dataVencimentoRegistro":"2004-12-01T00:00:00.000-0300","principioAtivo":null,"situacaoApresentacao":"Caduco/Cancelado","dataRegistro":"1999-12-20T00:00:00.000-0200","categoriaRegulatoria":{"codigo":8,"descricao":"Similar"},"medicamentoReferencia":null,"categoriaProduto":null,"tipoAutorizacao":"REGISTRADO","acancelar":false,"numeroRegistroFormatado":"103870034","mesAnoVencimentoFormatado":"12/2004"},"empresa":{"cnpj":"17174657000178","razaoSocial":"HYPOFARMA - INSTITUTO DE HYPODERMIA E FARMÁCIA LTDA","numeroAutorizacao":"1003877","cnpjFormatado":"17.174.657/0001-78"},"processo":{"numero":"250000358619717","situacao":29,"numeroProcessoFormatado":"25000.035861/97-17"}},{"ordem":33,"produto":{"codigo":3106,"nome":"HYPLEX B","numeroRegistro":"103870029","tipo":{"codigo":1,"descricao":null},"categoria":null,"situacaoRotulo":null,"dataVencimento":"2029-03-29T00:00:00.000-0300","mesAnoVencimento":"032029","dataVencimentoRegistro":"2029-03-01T00:00:00.000-0300","principioAtivo":"CLORIDRATO DE TIAMINA, CLORIDRATO DE PIRIDOXINA, NICOTINAMIDA, fosfato sódico de riboflavina, DEXPANTENOL","situacaoApresentacao":"Válido","dataRegistro":"1999-03-18T00:00:00.000-0300","categoriaRegulatoria":{"codigo":3,"descricao":"Específico"},"medicamentoReferencia":null,"categoriaProduto":null,"tipoAutorizacao":"REGISTRADO","acancelar":false,"numeroRegistroFormatado":"103870029","mesAnoVencimentoFormatado":"03/2029"},"empresa":{"cnpj":"17174657000178","razaoSocial":"HYPOFARMA - INSTITUTO DE HYPODERMIA E FARMÁCIA LTDA","numeroAutorizacao":"1003877","cnpjFormatado":"17.174.657/0001-78"},"processo":{"numero":"250000010609082","situacao":29,"numeroProcessoFormatado":"25000.001060/90-82"}},{"ordem":34,"produto":{"codigo":2639,"nome":"HYPOCAÍNA","numeroRegistro":"103870039","tipo":{"codigo":1,"descricao":null},"categoria":null,"situacaoRotulo":null,"dataVencimento":null,"mesAnoVencimento":"092027","dataVencimentoRegistro":"2027-09-01T00:00:00.000-0300","principioAtivo":"CLORIDRATO DE LIDOCAINA, HEMITARTARATO DE EPINEFRINA, EDETATO DE SÓDIO","situacaoApresentacao":"Válido","dataRegistro":"1982-09-08T00:00:00.000-0300","categoriaRegulatoria":{"codigo":8,"descricao":"Similar"},"medicamentoReferencia":null,"categoriaProduto":null,"tipoAutorizacao":"REGISTRADO","acancelar":false,"numeroRegistroFormatado":"103870039","mesAnoVencimentoFormatado":"09/2027"},"empresa":{"cnpj":"17174657000178","razaoSocial":"HYPOFARMA - INSTITUTO DE HYPODERMIA E FARMÁCIA LTDA","numeroAutorizacao":"1003877","cnpjFormatado":"17.174.657/0001-78"},"processo":{"numero":"2500120381282","situacao":29,"numeroProcessoFormatado":"25001.203812/82"}},{"ordem":35,"produto":{"codigo":169734,"nome":"HYPOCAÍNA HYPERBÁRICA","numeroRegistro":"103870019","tipo":{"codigo":1,"descricao":null},"categoria":null,"situacaoRotulo":null,"dataVencimento":null,"mesAnoVencimento":"022007","dataVencimentoRegistro":"2007-02-01T00:00:00.000-0300","principioAtivo":null,"situacaoApresentacao":"Caduco/Cancelado","dataRegistro":"2002-12-13T00:00:00.000-0300","categoriaRegulatoria":{"codigo":8,"descricao":"Similar"},"medicamentoReferencia":null,"categoriaProduto":null,"tipoAutorizacao":"REGISTRADO","acancelar":false,"numeroRegistroFormatado":"103870019","mesAnoVencimentoFormatado":"02/2007"},"empresa":{"cnpj":"17174657000178","razaoSocial":"HYPOFARMA - INSTITUTO DE HYPODERMIA E FARMÁCIA LTDA","numeroAutorizacao":"1003877","cnpjFormatado":"17.174.657/0001-78"},"processo":{"numero":"2500020391282","situacao":29,"numeroProcessoFormatado":"25000.203912/82"}},{"ordem":36,"produto":{"codigo":1253,"nome":"HYPOCINA","numeroRegistro":"103870002","tipo":{"codigo":1,"descricao":null},"categoria":null,"situacaoRotulo":null,"dataVencimento":null,"mesAnoVencimento":"042011","dataVencimentoRegistro":"2011-04-01T00:00:00.000-0300","principioAtivo":null,"situacaoApresentacao":"Caduco/Cancelado","dataRegistro":"2001-03-26T00:00:00.000-0300","categoriaRegulatoria":{"codigo":8,"descricao":"Similar"},"medicamentoReferencia":null,"categoriaProduto":null,"tipoAutorizacao":"REGISTRADO","acancelar":false,"numeroRegistroFormatado":"103870002","mesAnoVencimentoFormatado":"04/2011"},"empresa":{"cnpj":"17174657000178","razaoSocial":"HYPOFARMA - INSTITUTO DE HYPODERMIA E FARMÁCIA LTDA","numeroAutorizacao":"1003877","cnpjFormatado":"17.174.657/0001-78"},"processo":{"numero":"2599200600475","situacao":29,"numeroProcessoFormatado":"25992.006004/75"}},{"ordem":37,"produto":{"codigo":1317,"nome":"HYPOCINA COMPOSTA","numeroRegistro":"103870023","tipo":{"codigo":1,"descricao":null},"categoria":null,"situacaoRotulo":null,"dataVencimento":null,"mesAnoVencimento":"042026","dataVencimentoRegistro":"2026-04-01T00:00:00.000-0300","principioAtivo":"BUTILBROMETO DE ESCOPOLAMINA, DIPIRONA","situacaoApresentacao":"Válido","dataRegistro":"1996-04-19T00:00:00.000-0300","categoriaRegulatoria":{"codigo":8,"descricao":"Similar"},"medicamentoReferencia":null,"categoriaProduto":null,"tipoAutorizacao":"REGISTRADO","acancelar":false,"numeroRegistroFormatado":"103870023","mesAnoVencimentoFormatado":"04/2026"},"empresa":{"cnpj":"17174657000178","razaoSocial":"HYPOFARMA - INSTITUTO DE HYPODERMIA E FARMÁCIA LTDA","numeroAutorizacao":"1003877","cnpjFormatado":"17.174.657/0001-78"},"processo":{"numero":"2599200600478","situacao":29,"numeroProcessoFormatado":"25992.006004/78"}},{"ordem":38,"produto":{"codigo":125772,"nome":"HYPOCÁLCIO","numeroRegistro":"103870013","tipo":{"codigo":1,"descricao":null},"categoria":null,"situacaoRotulo":null,"dataVencimento":null,"mesAnoVencimento":"042010","dataVencimentoRegistro":"2010-04-01T00:00:00.000-0300","principioAtivo":null,"situacaoApresentacao":"Caduco/Cancelado","dataRegistro":"2002-06-10T00:00:00.000-0300","categoriaRegulatoria":{"codigo":3,"descricao":"Específico"},"medicamentoReferencia":null,"categoriaProduto":null,"tipoAutorizacao":"REGISTRADO","acancelar":false,"numeroRegistroFormatado":"103870013","mesAnoVencimentoFormatado":"04/2010"},"empresa":{"cnpj":"17174657000178","razaoSocial":"HYPOFARMA - INSTITUTO DE HYPODERMIA E FARMÁCIA LTDA","numeroAutorizacao":"1003877","cnpjFormatado":"17.174.657/0001-78"},"processo":{"numero":"2500002155584","situacao":29,"numeroProcessoFormatado":"25000.021555/84"}},{"ordem":39,"produto":{"codigo":402223,"nome":"HYPOFARMA MANITOL 20%","numeroRegistro":"103870054","tipo":{"codigo":1,"descricao":null},"categoria":null,"situacaoRotulo":null,"dataVencimento":null,"mesAnoVencimento":"052025","dataVencimentoRegistro":"2025-05-01T00:00:00.000-0300","principioAtivo":"MANITOL","situacaoApresentacao":"Válido","dataRegistro":"2005-05-02T00:00:00.000-0300","categoriaRegulatoria":{"codigo":3,"descricao":"Específico"},"medicamentoReferencia":null,"categoriaProduto":null,"tipoAutorizacao":"REGISTRADO","acancelar":false,"numeroRegistroFormatado":"103870054","mesAnoVencimentoFormatado":"05/2025"},"empresa":{"cnpj":"17174657000178","razaoSocial":"HYPOFARMA - INSTITUTO DE HYPODERMIA E FARMÁCIA LTDA","numeroAutorizacao":"1003877","cnpjFormatado":"17.174.657/0001-78"},"processo":{"numero":"25351299709200435","situacao":29,"numeroProcessoFormatado":"25351.299709/2004-35"}},{"ordem":40,"produto":{"codigo":1951,"nome":"HYPOFLOX","numeroRegistro":"103870042","tipo":{"codigo":1,"descricao":null},"categoria":null,"situacaoRotulo":null,"dataVencimento":null,"mesAnoVencimento":"082026","dataVencimentoRegistro":"2026-08-01T00:00:00.000-0300","principioAtivo":"CIPROFLOXACINO","situacaoApresentacao":"Válido","dataRegistro":"2001-08-24T00:00:00.000-0300","categoriaRegulatoria":{"codigo":8,"descricao":"Similar"},"medicamentoReferencia":null,"categoriaProduto":null,"tipoAutorizacao":"REGISTRADO","acancelar":false,"numeroRegistroFormatado":"103870042","mesAnoVencimentoFormatado":"08/2026"},"empresa":{"cnpj":"17174657000178","razaoSocial":"HYPOFARMA - INSTITUTO DE HYPODERMIA E FARMÁCIA LTDA","numeroAutorizacao":"1003877","cnpjFormatado":"17.174.657/0001-78"},"processo":{"numero":"250000358959721","situacao":29,"numeroProcessoFormatado":"25000.035895/97-21"}},{"ordem":41,"produto":{"codigo":4226,"nome":"HYPOFLUNAZOL","numeroRegistro":"103870043","tipo":{"codigo":1,"descricao":null},"categoria":null,"situacaoRotulo":null,"dataVencimento":null,"mesAnoVencimento":"102006","dataVencimentoRegistro":"2006-10-01T00:00:00.000-0300","principioAtivo":null,"situacaoApresentacao":"Caduco/Cancelado","dataRegistro":"2001-10-11T00:00:00.000-0300","categoriaRegulatoria":{"codigo":8,"descricao":"Similar"},"medicamentoReferencia":null,"categoriaProduto":null,"tipoAutorizacao":"REGISTRADO","acancelar":false,"numeroRegistroFormatado":"103870043","mesAnoVencimentoFormatado":"10/2006"},"empresa":{"cnpj":"17174657000178","razaoSocial":"HYPOFARMA - INSTITUTO DE HYPODERMIA E FARMÁCIA LTDA","numeroAutorizacao":"1003877","cnpjFormatado":"17.174.657/0001-78"},"processo":{"numero":"250000358919770","situacao":29,"numeroProcessoFormatado":"25000.035891/97-70"}},{"ordem":42,"produto":{"codigo":7684,"nome":"HYPOMAGNE","numeroRegistro":"103870024","tipo":{"codigo":1,"descricao":null},"categoria":null,"situacaoRotulo":null,"dataVencimento":null,"mesAnoVencimento":"052027","dataVencimentoRegistro":"2027-05-01T00:00:00.000-0300","principioAtivo":"SULFATO DE MAGNÉSIO","situacaoApresentacao":"Válido","dataRegistro":"1997-05-14T00:00:00.000-0300","categoriaRegulatoria":{"codigo":3,"descricao":"Específico"},"medicamentoReferencia":null,"categoriaProduto":null,"tipoAutorizacao":"REGISTRADO","acancelar":false,"numeroRegistroFormatado":"103870024","mesAnoVencimentoFormatado":"05/2027"},"empresa":{"cnpj":"17174657000178","razaoSocial":"HYPOFARMA - INSTITUTO DE HYPODERMIA E FARMÁCIA LTDA","numeroAutorizacao":"1003877","cnpjFormatado":"17.174.657/0001-78"},"processo":{"numero":"2500101402882","situacao":29,"numeroProcessoFormatado":"25001.014028/82"}},{"ordem":43,"produto":{"codigo":1132154,"nome":"HYPOMOXATYL","numeroRegistro":"103870067","tipo":{"codigo":1,"descricao":null},"categoria":null,"situacaoRotulo":null,"dataVencimento":null,"mesAnoVencimento":"102021","dataVencimentoRegistro":"2021-10-01T00:00:00.000-0300","principioAtivo":null,"situacaoApresentacao":"Caduco/Cancelado","dataRegistro":"2016-10-31T00:00:00.000-0300","categoriaRegulatoria":{"codigo":null,"descricao":null},"medicamentoReferencia":"AVALOX","categoriaProduto":null,"tipoAutorizacao":"REGISTRADO","acancelar":false,"numeroRegistroFormatado":"103870067","mesAnoVencimentoFormatado":"10/2021"},"empresa":{"cnpj":"17174657000178","razaoSocial":"HYPOFARMA - INSTITUTO DE HYPODERMIA E FARMÁCIA LTDA","numeroAutorizacao":"1003877","cnpjFormatado":"17.174.657/0001-78"},"processo":{"numero":"25351073372201671","situacao":29,"numeroProcessoFormatado":"25351.073372/2016-71"}},{"ordem":44,"produto":{"codigo":2257,"nome":"HYPONASAL","numeroRegistro":"103870020","tipo":{"codigo":1,"descricao":null},"categoria":null,"situacaoRotulo":null,"dataVencimento":null,"mesAnoVencimento":"102004","dataVencimentoRegistro":"2004-10-01T00:00:00.000-0300","principioAtivo":null,"situacaoApresentacao":"Caduco/Cancelado","dataRegistro":"2002-02-21T00:00:00.000-0300","categoriaRegulatoria":{"codigo":8,"descricao":"Similar"},"medicamentoReferencia":null,"categoriaProduto":null,"tipoAutorizacao":"REGISTRADO","acancelar":false,"numeroRegistroFormatado":"103870020","mesAnoVencimentoFormatado":"10/2004"},"empresa":{"cnpj":"17174657000178","razaoSocial":"HYPOFARMA - INSTITUTO DE HYPODERMIA E FARMÁCIA LTDA","numeroAutorizacao":"1003877","cnpjFormatado":"17.174.657/0001-78"},"processo":{"numero":"2500101929284","situacao":29,"numeroProcessoFormatado":"25001.019292/84"}},{"ordem":45,"produto":{"codigo":3678258,"nome":"HYPONIBE","numeroRegistro":"103870084","tipo":{"codigo":1,"descricao":null},"categoria":null,"situacaoRotulo":null,"dataVencimento":"2032-10-17T00:00:00.000-0300","mesAnoVencimento":"032034","dataVencimentoRegistro":"2034-03-01T00:00:00.000-0300","principioAtivo":"MESILATO DE IMATINIBE","situacaoApresentacao":"Válido","dataRegistro":"2024-03-04T00:00:00.000-0300","categoriaRegulatoria":{"codigo":8,"descricao":"Similar"},"medicamentoReferencia":"GLIVEC","categoriaProduto":null,"tipoAutorizacao":"REGISTRADO","acancelar":false,"numeroRegistroFormatado":"103870084","mesAnoVencimentoFormatado":"03/2034"},"empresa":{"cnpj":"17174657000178","razaoSocial":"HYPOFARMA - INSTITUTO DE HYPODERMIA E FARMÁCIA LTDA","numeroAutorizacao":"1003877","cnpjFormatado":"17.174.657/0001-78"},"processo":{"numero":"25351824747202300","situacao":29,"numeroProcessoFormatado":"25351.824747/2023-00"}},{"ordem":46,"produto":{"codigo":1224,"nome":"HYPONOR","numeroRegistro":"103870030","tipo":{"codigo":1,"descricao":null},"categoria":null,"situacaoRotulo":null,"dataVencimento":null,"mesAnoVencimento":"032029","dataVencimentoRegistro":"2029-03-01T00:00:00.000-0300","principioAtivo":"HEMITARTARATO DE NOREPINEFRINA MONOIDRATADA","situacaoApresentacao":"Válido","dataRegistro":"1999-03-25T00:00:00.000-0300","categoriaRegulatoria":{"codigo":6,"descricao":"Novo"},"medicamentoReferencia":null,"categoriaProduto":null,"tipoAutorizacao":"REGISTRADO","acancelar":false,"numeroRegistroFormatado":"103870030","mesAnoVencimentoFormatado":"03/2029"},"empresa":{"cnpj":"17174657000178","razaoSocial":"HYPOFARMA - INSTITUTO DE HYPODERMIA E FARMÁCIA LTDA","numeroAutorizacao":"1003877","cnpjFormatado":"17.174.657/0001-78"},"processo":{"numero":"250000339039867","situacao":29,"numeroProcessoFormatado":"25000.033903/98-67"}},{"ordem":47,"produto":{"codigo":2717,"nome":"HYPOSIL","numeroRegistro":"103870022","tipo":{"codigo":1,"descricao":null},"categoria":null,"situacaoRotulo":null,"dataVencimento":null,"mesAnoVencimento":"032026","dataVencimentoRegistro":"2026-03-01T00:00:00.000-0300","principioAtivo":"CLORIDRATO DE METOCLOPRAMIDA monoidratado","situacaoApresentacao":"Válido","dataRegistro":"1996-03-28T00:00:00.000-0300","categoriaRegulatoria":{"codigo":8,"descricao":"Similar"},"medicamentoReferencia":null,"categoriaProduto":null,"tipoAutorizacao":"REGISTRADO","acancelar":false,"numeroRegistroFormatado":"103870022","mesAnoVencimentoFormatado":"03/2026"},"empresa":{"cnpj":"17174657000178","razaoSocial":"HYPOFARMA - INSTITUTO DE HYPODERMIA E FARMÁCIA LTDA","numeroAutorizacao":"1003877","cnpjFormatado":"17.174.657/0001-78"},"processo":{"numero":"250000018329011","situacao":29,"numeroProcessoFormatado":"25000.001832/90-11"}},{"ordem":48,"produto":{"codigo":7437,"nome":"HYPOT","numeroRegistro":"103870001","tipo":{"codigo":1,"descricao":null},"categoria":null,"situacaoRotulo":null,"dataVencimento":null,"mesAnoVencimento":"062010","dataVencimentoRegistro":"2010-06-01T00:00:00.000-0300","principioAtivo":null,"situacaoApresentacao":"Caduco/Cancelado","dataRegistro":"1999-07-08T00:00:00.000-0300","categoriaRegulatoria":{"codigo":3,"descricao":"Específico"},"medicamentoReferencia":null,"categoriaProduto":null,"tipoAutorizacao":"REGISTRADO","acancelar":false,"numeroRegistroFormatado":"103870001","mesAnoVencimentoFormatado":"06/2010"},"empresa":{"cnpj":"17174657000178","razaoSocial":"HYPOFARMA - INSTITUTO DE HYPODERMIA E FARMÁCIA LTDA","numeroAutorizacao":"1003877","cnpjFormatado":"17.174.657/0001-78"},"processo":{"numero":"2599200107275","situacao":29,"numeroProcessoFormatado":"25992.001072/75"}},{"ordem":49,"produto":{"codigo":2781,"nome":"HYPOVERIN","numeroRegistro":"103870032","tipo":{"codigo":1,"descricao":null},"categoria":null,"situacaoRotulo":null,"dataVencimento":null,"mesAnoVencimento":"082029","dataVencimentoRegistro":"2029-08-01T00:00:00.000-0300","principioAtivo":"CLORIDRATO DE PAPAVERINA","situacaoApresentacao":"Válido","dataRegistro":"1999-08-09T00:00:00.000-0300","categoriaRegulatoria":{"codigo":8,"descricao":"Similar"},"medicamentoReferencia":null,"categoriaProduto":null,"tipoAutorizacao":"REGISTRADO","acancelar":false,"numeroRegistroFormatado":"103870032","mesAnoVencimentoFormatado":"08/2029"},"empresa":{"cnpj":"17174657000178","razaoSocial":"HYPOFARMA - INSTITUTO DE HYPODERMIA E FARMÁCIA LTDA","numeroAutorizacao":"1003877","cnpjFormatado":"17.174.657/0001-78"},"processo":{"numero":"250000272979723","situacao":29,"numeroProcessoFormatado":"25000.027297/97-23"}},{"ordem":50,"produto":{"codigo":3234651,"nome":"HYPOZAM","numeroRegistro":"103870083","tipo":{"codigo":1,"descricao":null},"categoria":null,"situacaoRotulo":null,"dataVencimento":"2025-11-24T00:00:00.000-0300","mesAnoVencimento":"112025","dataVencimentoRegistro":"2025-11-01T00:00:00.000-0300","principioAtivo":"MIDAZOLAM","situacaoApresentacao":"Válido","dataRegistro":"2022-11-10T00:00:00.000-0300","categoriaRegulatoria":{"codigo":8,"descricao":"Similar"},"medicamentoReferencia":"DORMONID","categoriaProduto":null,"tipoAutorizacao":"REGISTRADO","acancelar":false,"numeroRegistroFormatado":"103870083","mesAnoVencimentoFormatado":"11/2025"},"empresa":{"cnpj":"17174657000178","razaoSocial":"HYPOFARMA - INSTITUTO DE HYPODERMIA E FARMÁCIA LTDA","numeroAutorizacao":"1003877","cnpjFormatado":"17.174.657/0001-78"},"processo":{"numero":"25351267900202208","situacao":29,"numeroProcessoFormatado":"25351.267900/2022-08"}},{"ordem":51,"produto":{"codigo":4437,"nome":"HYSEMIDA","numeroRegistro":"103870027","tipo":{"codigo":1,"descricao":null},"categoria":null,"situacaoRotulo":null,"dataVencimento":null,"mesAnoVencimento":"032004","dataVencimentoRegistro":"2004-03-01T00:00:00.000-0300","principioAtivo":null,"situacaoApresentacao":"Caduco/Cancelado","dataRegistro":"1999-03-12T00:00:00.000-0300","categoriaRegulatoria":{"codigo":8,"descricao":"Similar"},"medicamentoReferencia":null,"categoriaProduto":null,"tipoAutorizacao":"REGISTRADO","acancelar":false,"numeroRegistroFormatado":"103870027","mesAnoVencimentoFormatado":"03/2004"},"empresa":{"cnpj":"17174657000178","razaoSocial":"HYPOFARMA - INSTITUTO DE HYPODERMIA E FARMÁCIA LTDA","numeroAutorizacao":"1003877","cnpjFormatado":"17.174.657/0001-78"},"processo":{"numero":"250000152319718","situacao":29,"numeroProcessoFormatado":"25000.015231/97-18"}},{"ordem":52,"produto":{"codigo":7656,"nome":"HYTAMICINA","numeroRegistro":"103870045","tipo":{"codigo":1,"descricao":null},"categoria":null,"situacaoRotulo":null,"dataVencimento":null,"mesAnoVencimento":"112026","dataVencimentoRegistro":"2026-11-01T00:00:00.000-0300","principioAtivo":"SULFATO DE GENTAMICINA","situacaoApresentacao":"Válido","dataRegistro":"2001-11-27T00:00:00.000-0200","categoriaRegulatoria":{"codigo":8,"descricao":"Similar"},"medicamentoReferencia":"GARAMICINA","categoriaProduto":null,"tipoAutorizacao":"REGISTRADO","acancelar":false,"numeroRegistroFormatado":"103870045","mesAnoVencimentoFormatado":"11/2026"},"empresa":{"cnpj":"17174657000178","razaoSocial":"HYPOFARMA - INSTITUTO DE HYPODERMIA E FARMÁCIA LTDA","numeroAutorizacao":"1003877","cnpjFormatado":"17.174.657/0001-78"},"processo":{"numero":"250000152249752","situacao":29,"numeroProcessoFormatado":"25000.015224/97-52"}},{"ordem":53,"produto":{"codigo":7608,"nome":"HYTROPIN","numeroRegistro":"103870011","tipo":{"codigo":1,"descricao":null},"categoria":null,"situacaoRotulo":null,"dataVencimento":null,"mesAnoVencimento":"122025","dataVencimentoRegistro":"2025-12-01T00:00:00.000-0300","principioAtivo":null,"situacaoApresentacao":"Válido","dataRegistro":"2001-04-11T00:00:00.000-0300","categoriaRegulatoria":{"codigo":8,"descricao":"Similar"},"medicamentoReferencia":null,"categoriaProduto":null,"tipoAutorizacao":"REGISTRADO","acancelar":false,"numeroRegistroFormatado":"103870011","mesAnoVencimentoFormatado":"12/2025"},"empresa":{"cnpj":"17174657000178","razaoSocial":"HYPOFARMA - INSTITUTO DE HYPODERMIA E FARMÁCIA LTDA","numeroAutorizacao":"1003877","cnpjFormatado":"17.174.657/0001-78"},"processo":{"numero":"2500101278485","situacao":29,"numeroProcessoFormatado":"25001.012784/85"}},{"ordem":54,"produto":{"codigo":406,"nome":"HYVIT C","numeroRegistro":"103870009","tipo":{"codigo":1,"descricao":null},"categoria":null,"situacaoRotulo":null,"dataVencimento":null,"mesAnoVencimento":"102005","dataVencimentoRegistro":"2005-10-01T00:00:00.000-0300","principioAtivo":null,"situacaoApresentacao":"Caduco/Cancelado","dataRegistro":"2001-04-18T00:00:00.000-0300","categoriaRegulatoria":{"codigo":3,"descricao":"Específico"},"medicamentoReferencia":null,"categoriaProduto":null,"tipoAutorizacao":"REGISTRADO","acancelar":false,"numeroRegistroFormatado":"103870009","mesAnoVencimentoFormatado":"10/2005"},"empresa":{"cnpj":"17174657000178","razaoSocial":"HYPOFARMA - INSTITUTO DE HYPODERMIA E FARMÁCIA LTDA","numeroAutorizacao":"1003877","cnpjFormatado":"17.174.657/0001-78"},"processo":{"numero":"2500100220382","situacao":29,"numeroProcessoFormatado":"25001.002203/82"}},{"ordem":55,"produto":{"codigo":1260997,"nome":"HYVIT K","numeroRegistro":"103870075","tipo":{"codigo":1,"descricao":null},"categoria":null,"situacaoRotulo":null,"dataVencimento":"2029-08-30T00:00:00.000-0300","mesAnoVencimento":"082029","dataVencimentoRegistro":"2029-08-01T00:00:00.000-0300","principioAtivo":"FITOMENADIONA","situacaoApresentacao":"Válido","dataRegistro":"2019-08-26T00:00:00.000-0300","categoriaRegulatoria":{"codigo":3,"descricao":"Específico"},"medicamentoReferencia":null,"categoriaProduto":null,"tipoAutorizacao":"REGISTRADO","acancelar":false,"numeroRegistroFormatado":"103870075","mesAnoVencimentoFormatado":"08/2029"},"empresa":{"cnpj":"17174657000178","razaoSocial":"HYPOFARMA - INSTITUTO DE HYPODERMIA E FARMÁCIA LTDA","numeroAutorizacao":"1003877","cnpjFormatado":"17.174.657/0001-78"},"processo":{"numero":"25351636459201743","situacao":29,"numeroProcessoFormatado":"25351.636459/2017-43"}},{"ordem":56,"produto":{"codigo":4790,"nome":"HYYIT 12","numeroRegistro":"103870033","tipo":{"codigo":1,"descricao":null},"categoria":null,"situacaoRotulo":null,"dataVencimento":null,"mesAnoVencimento":"122004","dataVencimentoRegistro":"2004-12-01T00:00:00.000-0300","principioAtivo":null,"situacaoApresentacao":"Caduco/Cancelado","dataRegistro":"1999-12-22T00:00:00.000-0200","categoriaRegulatoria":{"codigo":8,"descricao":"Similar"},"medicamentoReferencia":null,"categoriaProduto":null,"tipoAutorizacao":"REGISTRADO","acancelar":false,"numeroRegistroFormatado":"103870033","mesAnoVencimentoFormatado":"12/2004"},"empresa":{"cnpj":"17174657000178","razaoSocial":"HYPOFARMA - INSTITUTO DE HYPODERMIA E FARMÁCIA LTDA","numeroAutorizacao":"1003877","cnpjFormatado":"17.174.657/0001-78"},"processo":{"numero":"250000234329814","situacao":29,"numeroProcessoFormatado":"25000.023432/98-14"}},{"ordem":57,"produto":{"codigo":2513,"nome":"INOTROPISA","numeroRegistro":"103870035","tipo":{"codigo":1,"descricao":null},"categoria":null,"situacaoRotulo":null,"dataVencimento":null,"mesAnoVencimento":"072025","dataVencimentoRegistro":"2025-07-01T00:00:00.000-0300","principioAtivo":"CLORIDRATO DE DOPAMINA","situacaoApresentacao":"Válido","dataRegistro":"2000-07-17T00:00:00.000-0300","categoriaRegulatoria":{"codigo":8,"descricao":"Similar"},"medicamentoReferencia":"DOPACRIS","categoriaProduto":null,"tipoAutorizacao":"REGISTRADO","acancelar":false,"numeroRegistroFormatado":"103870035","mesAnoVencimentoFormatado":"07/2025"},"empresa":{"cnpj":"17174657000178","razaoSocial":"HYPOFARMA - INSTITUTO DE HYPODERMIA E FARMÁCIA LTDA","numeroAutorizacao":"1003877","cnpjFormatado":"17.174.657/0001-78"},"processo":{"numero":"250000009629911","situacao":29,"numeroProcessoFormatado":"25000.000962/99-11"}},{"ordem":58,"produto":{"codigo":126070,"nome":"METRONIDAZOL","numeroRegistro":"103870046","tipo":{"codigo":1,"descricao":null},"categoria":null,"situacaoRotulo":null,"dataVencimento":null,"mesAnoVencimento":"032027","dataVencimentoRegistro":"2027-03-01T00:00:00.000-0300","principioAtivo":"METRONIDAZOL","situacaoApresentacao":"Válido","dataRegistro":"2002-03-04T00:00:00.000-0300","categoriaRegulatoria":{"codigo":5,"descricao":"Genérico"},"medicamentoReferencia":"Flagyl","categoriaProduto":null,"tipoAutorizacao":"REGISTRADO","acancelar":false,"numeroRegistroFormatado":"103870046","mesAnoVencimentoFormatado":"03/2027"},"empresa":{"cnpj":"17174657000178","razaoSocial":"HYPOFARMA - INSTITUTO DE HYPODERMIA E FARMÁCIA LTDA","numeroAutorizacao":"1003877","cnpjFormatado":"17.174.657/0001-78"},"processo":{"numero":"253510396970141","situacao":29,"numeroProcessoFormatado":"25351.039697/01-41"}},{"ordem":59,"produto":{"codigo":6294,"nome":"NITROP","numeroRegistro":"103870012","tipo":{"codigo":1,"descricao":null},"categoria":null,"situacaoRotulo":null,"dataVencimento":null,"mesAnoVencimento":"082026","dataVencimentoRegistro":"2026-08-01T00:00:00.000-0300","principioAtivo":"NITROPRUSSETO DE SÓDIO","situacaoApresentacao":"Válido","dataRegistro":"2001-12-10T00:00:00.000-0200","categoriaRegulatoria":{"codigo":8,"descricao":"Similar"},"medicamentoReferencia":null,"categoriaProduto":null,"tipoAutorizacao":"REGISTRADO","acancelar":false,"numeroRegistroFormatado":"103870012","mesAnoVencimentoFormatado":"08/2026"},"empresa":{"cnpj":"17174657000178","razaoSocial":"HYPOFARMA - INSTITUTO DE HYPODERMIA E FARMÁCIA LTDA","numeroAutorizacao":"1003877","cnpjFormatado":"17.174.657/0001-78"},"processo":{"numero":"2599100866980","situacao":29,"numeroProcessoFormatado":"25991.008669/80"}},{"ordem":60,"produto":{"codigo":1374309,"nome":"butilbrometo de escopolamina","numeroRegistro":"103870080","tipo":{"codigo":1,"descricao":null},"categoria":null,"situacaoRotulo":null,"dataVencimento":null,"mesAnoVencimento":"022030","dataVencimentoRegistro":"2030-02-01T00:00:00.000-0300","principioAtivo":"BUTILBROMETO DE ESCOPOLAMINA","situacaoApresentacao":"Válido","dataRegistro":"2020-02-03T00:00:00.000-0300","categoriaRegulatoria":{"codigo":5,"descricao":"Genérico"},"medicamentoReferencia":"Buscopan","categoriaProduto":null,"tipoAutorizacao":"REGISTRADO","acancelar":false,"numeroRegistroFormatado":"103870080","mesAnoVencimentoFormatado":"02/2030"},"empresa":{"cnpj":"17174657000178","razaoSocial":"HYPOFARMA - INSTITUTO DE HYPODERMIA E FARMÁCIA LTDA","numeroAutorizacao":"1003877","cnpjFormatado":"17.174.657/0001-78"},"processo":{"numero":"25351730857201301","situacao":29,"numeroProcessoFormatado":"25351.730857/2013-01"}},{"ordem":61,"produto":{"codigo":406227,"nome":"cloridrato de bupivacaína hiperbárica","numeroRegistro":"103870055","tipo":{"codigo":1,"descricao":null},"categoria":null,"situacaoRotulo":null,"dataVencimento":null,"mesAnoVencimento":"072025","dataVencimentoRegistro":"2025-07-01T00:00:00.000-0300","principioAtivo":"cloridrato de bupivacaína monoidratado","situacaoApresentacao":"Válido","dataRegistro":"2005-07-18T00:00:00.000-0300","categoriaRegulatoria":{"codigo":5,"descricao":"Genérico"},"medicamentoReferencia":"Marcaína Pesada","categoriaProduto":null,"tipoAutorizacao":"REGISTRADO","acancelar":false,"numeroRegistroFormatado":"103870055","mesAnoVencimentoFormatado":"07/2025"},"empresa":{"cnpj":"17174657000178","razaoSocial":"HYPOFARMA - INSTITUTO DE HYPODERMIA E FARMÁCIA LTDA","numeroAutorizacao":"1003877","cnpjFormatado":"17.174.657/0001-78"},"processo":{"numero":"25351036980200542","situacao":29,"numeroProcessoFormatado":"25351.036980/2005-42"}},{"ordem":62,"produto":{"codigo":572777,"nome":"cloridrato de clorpromazina","numeroRegistro":"103870064","tipo":{"codigo":1,"descricao":null},"categoria":null,"situacaoRotulo":null,"dataVencimento":null,"mesAnoVencimento":"012025","dataVencimentoRegistro":"2025-01-01T00:00:00.000-0300","principioAtivo":"CLORIDRATO DE CLORPROMAZINA","situacaoApresentacao":"Válido","dataRegistro":"2010-01-04T00:00:00.000-0300","categoriaRegulatoria":{"codigo":5,"descricao":"Genérico"},"medicamentoReferencia":"AMPLICTIL","categoriaProduto":null,"tipoAutorizacao":"REGISTRADO","acancelar":false,"numeroRegistroFormatado":"103870064","mesAnoVencimentoFormatado":"01/2025"},"empresa":{"cnpj":"17174657000178","razaoSocial":"HYPOFARMA - INSTITUTO DE HYPODERMIA E FARMÁCIA LTDA","numeroAutorizacao":"1003877","cnpjFormatado":"17.174.657/0001-78"},"processo":{"numero":"25351139690200801","situacao":29,"numeroProcessoFormatado":"25351.139690/2008-01"}},{"ordem":63,"produto":{"codigo":865387,"nome":"cloridrato de granisetrona","numeroRegistro":"103870068","tipo":{"codigo":1,"descricao":null},"categoria":null,"situacaoRotulo":null,"dataVencimento":null,"mesAnoVencimento":"102027","dataVencimentoRegistro":"2027-10-01T00:00:00.000-0300","principioAtivo":"CLORIDRATO DE GRANISETRONA","situacaoApresentacao":"Válido","dataRegistro":"2017-10-02T00:00:00.000-0300","categoriaRegulatoria":{"codigo":5,"descricao":"Genérico"},"medicamentoReferencia":"Kytril","categoriaProduto":null,"tipoAutorizacao":"REGISTRADO","acancelar":false,"numeroRegistroFormatado":"103870068","mesAnoVencimentoFormatado":"10/2027"},"empresa":{"cnpj":"17174657000178","razaoSocial":"HYPOFARMA - INSTITUTO DE HYPODERMIA E FARMÁCIA LTDA","numeroAutorizacao":"1003877","cnpjFormatado":"17.174.657/0001-78"},"processo":{"numero":"25351661533201257","situacao":29,"numeroProcessoFormatado":"25351.661533/2012-57"}},{"ordem":64,"produto":{"codigo":2628,"nome":"cloridrato de lidocaína","numeroRegistro":"103870041","tipo":{"codigo":1,"descricao":null},"categoria":null,"situacaoRotulo":null,"dataVencimento":null,"mesAnoVencimento":"072026","dataVencimentoRegistro":"2026-07-01T00:00:00.000-0300","principioAtivo":"CLORIDRATO DE LIDOCAÍNA MONOIDRATADA ","situacaoApresentacao":"Válido","dataRegistro":"2001-07-18T00:00:00.000-0300","categoriaRegulatoria":{"codigo":5,"descricao":"Genérico"},"medicamentoReferencia":"XYLESTESIN SEM VASOCONSTRITOR","categoriaProduto":null,"tipoAutorizacao":"REGISTRADO","acancelar":false,"numeroRegistroFormatado":"103870041","mesAnoVencimentoFormatado":"07/2026"},"empresa":{"cnpj":"17174657000178","razaoSocial":"HYPOFARMA - INSTITUTO DE HYPODERMIA E FARMÁCIA LTDA","numeroAutorizacao":"1003877","cnpjFormatado":"17.174.657/0001-78"},"processo":{"numero":"253510156500182","situacao":29,"numeroProcessoFormatado":"25351.015650/01-82"}},{"ordem":65,"produto":{"codigo":879406,"nome":"cloridrato de moxifloxacino","numeroRegistro":"103870066","tipo":{"codigo":1,"descricao":null},"categoria":null,"situacaoRotulo":null,"dataVencimento":null,"mesAnoVencimento":"012025","dataVencimentoRegistro":"2025-01-01T00:00:00.000-0300","principioAtivo":"cloridrato de moxifloxacino monoidratado","situacaoApresentacao":"Válido","dataRegistro":"2015-01-19T00:00:00.000-0300","categoriaRegulatoria":{"codigo":5,"descricao":"Genérico"},"medicamentoReferencia":"AVALOX","categoriaProduto":null,"tipoAutorizacao":"REGISTRADO","acancelar":false,"numeroRegistroFormatado":"103870066","mesAnoVencimentoFormatado":"01/2025"},"empresa":{"cnpj":"17174657000178","razaoSocial":"HYPOFARMA - INSTITUTO DE HYPODERMIA E FARMÁCIA LTDA","numeroAutorizacao":"1003877","cnpjFormatado":"17.174.657/0001-78"},"processo":{"numero":"25351093102201381","situacao":29,"numeroProcessoFormatado":"25351.093102/2013-81"}},{"ordem":66,"produto":{"codigo":876525,"nome":"cloridrato de ropivacaína","numeroRegistro":"103870072","tipo":{"codigo":1,"descricao":null},"categoria":null,"situacaoRotulo":null,"dataVencimento":null,"mesAnoVencimento":"122028","dataVencimentoRegistro":"2028-12-01T00:00:00.000-0300","principioAtivo":"CLORIDRATO DE ROPIVACAÍNA MONOIDRATADO","situacaoApresentacao":"Válido","dataRegistro":"2018-12-17T00:00:00.000-0300","categoriaRegulatoria":{"codigo":5,"descricao":"Genérico"},"medicamentoReferencia":"NAROPIN","categoriaProduto":null,"tipoAutorizacao":"REGISTRADO","acancelar":false,"numeroRegistroFormatado":"103870072","mesAnoVencimentoFormatado":"12/2028"},"empresa":{"cnpj":"17174657000178","razaoSocial":"HYPOFARMA - INSTITUTO DE HYPODERMIA E FARMÁCIA LTDA","numeroAutorizacao":"1003877","cnpjFormatado":"17.174.657/0001-78"},"processo":{"numero":"25351060311201311","situacao":29,"numeroProcessoFormatado":"25351.060311/2013-11"}},{"ordem":67,"produto":{"codigo":1356307,"nome":"dipirona monoidratada","numeroRegistro":"103870076","tipo":{"codigo":1,"descricao":null},"categoria":null,"situacaoRotulo":null,"dataVencimento":null,"mesAnoVencimento":"102029","dataVencimentoRegistro":"2029-10-01T00:00:00.000-0300","principioAtivo":"dipirona monoidratada","situacaoApresentacao":"Válido","dataRegistro":"2019-10-07T00:00:00.000-0300","categoriaRegulatoria":{"codigo":5,"descricao":"Genérico"},"medicamentoReferencia":"NOVALGINA ®","categoriaProduto":null,"tipoAutorizacao":"REGISTRADO","acancelar":false,"numeroRegistroFormatado":"103870076","mesAnoVencimentoFormatado":"10/2029"},"empresa":{"cnpj":"17174657000178","razaoSocial":"HYPOFARMA - INSTITUTO DE HYPODERMIA E FARMÁCIA LTDA","numeroAutorizacao":"1003877","cnpjFormatado":"17.174.657/0001-78"},"processo":{"numero":"25351375832201946","situacao":29,"numeroProcessoFormatado":"25351.375832/2019-46"}},{"ordem":68,"produto":{"codigo":1347298,"nome":"fosfato de clindamicina","numeroRegistro":"103870074","tipo":{"codigo":1,"descricao":null},"categoria":null,"situacaoRotulo":null,"dataVencimento":null,"mesAnoVencimento":"082029","dataVencimentoRegistro":"2029-08-01T00:00:00.000-0300","principioAtivo":"FOSFATO DE CLINDAMICINA","situacaoApresentacao":"Válido","dataRegistro":"2019-08-26T00:00:00.000-0300","categoriaRegulatoria":{"codigo":5,"descricao":"Genérico"},"medicamentoReferencia":"DALACIN C","categoriaProduto":null,"tipoAutorizacao":"REGISTRADO","acancelar":false,"numeroRegistroFormatado":"103870074","mesAnoVencimentoFormatado":"08/2029"},"empresa":{"cnpj":"17174657000178","razaoSocial":"HYPOFARMA - INSTITUTO DE HYPODERMIA E FARMÁCIA LTDA","numeroAutorizacao":"1003877","cnpjFormatado":"17.174.657/0001-78"},"processo":{"numero":"25351317466201919","situacao":29,"numeroProcessoFormatado":"25351.317466/2019-19"}},{"ordem":69,"produto":{"codigo":562288,"nome":"haloperidol","numeroRegistro":"103870061","tipo":{"codigo":1,"descricao":null},"categoria":null,"situacaoRotulo":null,"dataVencimento":null,"mesAnoVencimento":"112028","dataVencimentoRegistro":"2028-11-01T00:00:00.000-0300","principioAtivo":null,"situacaoApresentacao":"Caduco/Cancelado","dataRegistro":"2008-11-03T00:00:00.000-0300","categoriaRegulatoria":{"codigo":5,"descricao":"Genérico"},"medicamentoReferencia":"HALDOL","categoriaProduto":null,"tipoAutorizacao":"REGISTRADO","acancelar":false,"numeroRegistroFormatado":"103870061","mesAnoVencimentoFormatado":"11/2028"},"empresa":{"cnpj":"17174657000178","razaoSocial":"HYPOFARMA - INSTITUTO DE HYPODERMIA E FARMÁCIA LTDA","numeroAutorizacao":"1003877","cnpjFormatado":"17.174.657/0001-78"},"processo":{"numero":"25351626088200710","situacao":29,"numeroProcessoFormatado":"25351.626088/2007-10"}},{"ordem":70,"produto":{"codigo":549882,"nome":"hemitartarato de norepinefrina","numeroRegistro":"103870060","tipo":{"codigo":1,"descricao":null},"categoria":null,"situacaoRotulo":null,"dataVencimento":null,"mesAnoVencimento":"112028","dataVencimentoRegistro":"2028-11-01T00:00:00.000-0300","principioAtivo":"HEMITARTARATO DE NOREPINEFRINA MONOIDRATADA","situacaoApresentacao":"Válido","dataRegistro":"2008-11-03T00:00:00.000-0300","categoriaRegulatoria":{"codigo":5,"descricao":"Genérico"},"medicamentoReferencia":"Hyponor","categoriaProduto":null,"tipoAutorizacao":"REGISTRADO","acancelar":false,"numeroRegistroFormatado":"103870060","mesAnoVencimentoFormatado":"11/2028"},"empresa":{"cnpj":"17174657000178","razaoSocial":"HYPOFARMA - INSTITUTO DE HYPODERMIA E FARMÁCIA LTDA","numeroAutorizacao":"1003877","cnpjFormatado":"17.174.657/0001-78"},"processo":{"numero":"25351053022200706","situacao":29,"numeroProcessoFormatado":"25351.053022/2007-06"}},{"ordem":71,"produto":{"codigo":1086171,"nome":"linezolida","numeroRegistro":"103870081","tipo":{"codigo":1,"descricao":null},"categoria":null,"situacaoRotulo":null,"dataVencimento":null,"mesAnoVencimento":"022030","dataVencimentoRegistro":"2030-02-01T00:00:00.000-0300","principioAtivo":"LINEZOLIDA","situacaoApresentacao":"Válido","dataRegistro":"2020-02-26T00:00:00.000-0300","categoriaRegulatoria":{"codigo":5,"descricao":"Genérico"},"medicamentoReferencia":"Zyvox®","categoriaProduto":null,"tipoAutorizacao":"REGISTRADO","acancelar":false,"numeroRegistroFormatado":"103870081","mesAnoVencimentoFormatado":"02/2030"},"empresa":{"cnpj":"17174657000178","razaoSocial":"HYPOFARMA - INSTITUTO DE HYPODERMIA E FARMÁCIA LTDA","numeroAutorizacao":"1003877","cnpjFormatado":"17.174.657/0001-78"},"processo":{"numero":"25351793629201614","situacao":29,"numeroProcessoFormatado":"25351.793629/2016-14"}},{"ordem":72,"produto":{"codigo":883710,"nome":"ÁCIDO ASCÓRBICO HYPOFARMA","numeroRegistro":"103870065","tipo":{"codigo":1,"descricao":null},"categoria":null,"situacaoRotulo":null,"dataVencimento":"2029-01-30T00:00:00.000-0300","mesAnoVencimento":"012029","dataVencimentoRegistro":"2029-01-01T00:00:00.000-0300","principioAtivo":"ÁCIDO ASCÓRBICO","situacaoApresentacao":"Válido","dataRegistro":"2014-01-20T00:00:00.000-0300","categoriaRegulatoria":{"codigo":3,"descricao":"Específico"},"medicamentoReferencia":null,"categoriaProduto":null,"tipoAutorizacao":"REGISTRADO","acancelar":false,"numeroRegistroFormatado":"103870065","mesAnoVencimentoFormatado":"01/2029"},"empresa":{"cnpj":"17174657000178","razaoSocial":"HYPOFARMA - INSTITUTO DE HYPODERMIA E FARMÁCIA LTDA","numeroAutorizacao":"1003877","cnpjFormatado":"17.174.657/0001-78"},"processo":{"numero":"25351016345201326","situacao":29,"numeroProcessoFormatado":"25351.016345/2013-26"}},{"ordem":73,"produto":{"codigo":3541,"nome":"ÁGUA PARA INJEÇÃO HYPOFARMA","numeroRegistro":"103870028","tipo":{"codigo":1,"descricao":null},"categoria":null,"situacaoRotulo":null,"dataVencimento":"2029-03-11T00:00:00.000-0300","mesAnoVencimento":"032029","dataVencimentoRegistro":"2029-03-01T00:00:00.000-0300","principioAtivo":"ÁGUA PARA INJETÁVEIS","situacaoApresentacao":"Válido","dataRegistro":"1999-03-16T00:00:00.000-0300","categoriaRegulatoria":{"codigo":3,"descricao":"Específico"},"medicamentoReferencia":null,"categoriaProduto":null,"tipoAutorizacao":"REGISTRADO","acancelar":false,"numeroRegistroFormatado":"103870028","mesAnoVencimentoFormatado":"03/2029"},"empresa":{"cnpj":"17174657000178","razaoSocial":"HYPOFARMA - INSTITUTO DE HYPODERMIA E FARMÁCIA LTDA","numeroAutorizacao":"1003877","cnpjFormatado":"17.174.657/0001-78"},"processo":{"numero":"250000210879849","situacao":29,"numeroProcessoFormatado":"25000.021087/98-49"}}],"totalElements":73,"totalPages":1,"last":true,"numberOfElements":73,"first":true,"sort":null,"size":1000,"number":0}