{"content":[{"ordem":1,"produto":{"codigo":1158234,"nome":"Abraxane","numeroRegistro":"196140001","tipo":{"codigo":1,"descricao":null},"categoria":null,"situacaoRotulo":null,"dataVencimento":"2022-04-10T00:00:00.000-0300","mesAnoVencimento":"042027","dataVencimentoRegistro":"2027-04-01T00:00:00.000-0300","principioAtivo":null,"situacaoApresentacao":"Caduco/Cancelado","dataRegistro":"2017-04-10T00:00:00.000-0300","categoriaRegulatoria":{"codigo":6,"descricao":"Novo"},"medicamentoReferencia":null,"categoriaProduto":null,"tipoAutorizacao":"REGISTRADO","acancelar":false,"numeroRegistroFormatado":"196140001","mesAnoVencimentoFormatado":"04/2027"},"empresa":{"cnpj":"17625281000170","razaoSocial":"CELGENE BRASIL PRODUTOS FARMACÊUTICOS LTDA.","numeroAutorizacao":null,"cnpjFormatado":"17.625.281/0001-70"},"processo":{"numero":"25351768216201510","situacao":29,"numeroProcessoFormatado":"25351.768216/2015-10"}},{"ordem":2,"produto":{"codigo":1241037,"nome":"Otezla","numeroRegistro":"196140003","tipo":{"codigo":1,"descricao":null},"categoria":null,"situacaoRotulo":null,"dataVencimento":"2023-03-26T00:00:00.000-0300","mesAnoVencimento":"032028","dataVencimentoRegistro":"2028-03-01T00:00:00.000-0300","principioAtivo":null,"situacaoApresentacao":"Caduco/Cancelado","dataRegistro":"2018-03-26T00:00:00.000-0300","categoriaRegulatoria":{"codigo":6,"descricao":"Novo"},"medicamentoReferencia":null,"categoriaProduto":null,"tipoAutorizacao":"REGISTRADO","acancelar":false,"numeroRegistroFormatado":"196140003","mesAnoVencimentoFormatado":"03/2028"},"empresa":{"cnpj":"17625281000170","razaoSocial":"CELGENE BRASIL PRODUTOS FARMACÊUTICOS LTDA.","numeroAutorizacao":null,"cnpjFormatado":"17.625.281/0001-70"},"processo":{"numero":"25351567950201636","situacao":29,"numeroProcessoFormatado":"25351.567950/2016-36"}},{"ordem":3,"produto":{"codigo":1115642,"nome":"REVLIMID","numeroRegistro":"196140002","tipo":{"codigo":1,"descricao":null},"categoria":null,"situacaoRotulo":null,"dataVencimento":null,"mesAnoVencimento":"122027","dataVencimentoRegistro":"2027-12-01T00:00:00.000-0300","principioAtivo":null,"situacaoApresentacao":"Caduco/Cancelado","dataRegistro":"2017-12-26T00:00:00.000-0300","categoriaRegulatoria":{"codigo":6,"descricao":"Novo"},"medicamentoReferencia":null,"categoriaProduto":null,"tipoAutorizacao":"REGISTRADO","acancelar":false,"numeroRegistroFormatado":"196140002","mesAnoVencimentoFormatado":"12/2027"},"empresa":{"cnpj":"17625281000170","razaoSocial":"CELGENE BRASIL PRODUTOS FARMACÊUTICOS LTDA.","numeroAutorizacao":null,"cnpjFormatado":"17.625.281/0001-70"},"processo":{"numero":"25351757160201560","situacao":29,"numeroProcessoFormatado":"25351.757160/2015-60"}}],"totalElements":3,"totalPages":1,"last":true,"numberOfElements":3,"size":1000,"number":0,"first":true,"sort":null}