{"content":[{"ordem":1,"produto":{"codigo":3191227,"nome":"ATENSINA","numeroRegistro":"158320003","tipo":{"codigo":1,"descricao":null},"categoria":null,"situacaoRotulo":null,"dataVencimento":null,"mesAnoVencimento":"062029","dataVencimentoRegistro":"2029-06-01T00:00:00.000-0300","principioAtivo":"CLORIDRATO DE CLONIDINA","situacaoApresentacao":"Válido","dataRegistro":"2022-04-04T00:00:00.000-0300","categoriaRegulatoria":{"codigo":6,"descricao":"Novo"},"medicamentoReferencia":null,"categoriaProduto":null,"tipoAutorizacao":"REGISTRADO","acancelar":false,"mesAnoVencimentoFormatado":"06/2029","numeroRegistroFormatado":"158320003"},"empresa":{"cnpj":"19501429000190","razaoSocial":"Mawdsleys Pharmaceuticals do Brasil Ltda","numeroAutorizacao":null,"cnpjFormatado":"19.501.429/0001-90"},"processo":{"numero":"25351887462202029","situacao":29,"numeroProcessoFormatado":"25351.887462/2020-29"}},{"ordem":2,"produto":{"codigo":3591536,"nome":"DIPATE","numeroRegistro":"158320005","tipo":{"codigo":1,"descricao":null},"categoria":null,"situacaoRotulo":null,"dataVencimento":"2034-04-01T00:00:00.000-0300","mesAnoVencimento":"042034","dataVencimentoRegistro":"2034-04-01T00:00:00.000-0300","principioAtivo":"TIOTEPA","situacaoApresentacao":"Válido","dataRegistro":"2024-04-01T00:00:00.000-0300","categoriaRegulatoria":{"codigo":6,"descricao":"Novo"},"medicamentoReferencia":null,"categoriaProduto":null,"tipoAutorizacao":"REGISTRADO","acancelar":false,"mesAnoVencimentoFormatado":"04/2034","numeroRegistroFormatado":"158320005"},"empresa":{"cnpj":"19501429000190","razaoSocial":"Mawdsleys Pharmaceuticals do Brasil Ltda","numeroAutorizacao":null,"cnpjFormatado":"19.501.429/0001-90"},"processo":{"numero":"25351627148202251","situacao":29,"numeroProcessoFormatado":"25351.627148/2022-51"}},{"ordem":3,"produto":{"codigo":3395161,"nome":"LEUSTATIN","numeroRegistro":"158320004","tipo":{"codigo":1,"descricao":null},"categoria":null,"situacaoRotulo":null,"dataVencimento":"2025-09-13T00:00:00.000-0300","mesAnoVencimento":"092025","dataVencimentoRegistro":"2025-09-01T00:00:00.000-0300","principioAtivo":"CLADRIBINA","situacaoApresentacao":"Válido","dataRegistro":"2022-06-13T00:00:00.000-0300","categoriaRegulatoria":{"codigo":6,"descricao":"Novo"},"medicamentoReferencia":null,"categoriaProduto":null,"tipoAutorizacao":"REGISTRADO","acancelar":false,"mesAnoVencimentoFormatado":"09/2025","numeroRegistroFormatado":"158320004"},"empresa":{"cnpj":"19501429000190","razaoSocial":"Mawdsleys Pharmaceuticals do Brasil Ltda","numeroAutorizacao":null,"cnpjFormatado":"19.501.429/0001-90"},"processo":{"numero":"25351080673202208","situacao":29,"numeroProcessoFormatado":"25351.080673/2022-08"}},{"ordem":4,"produto":{"codigo":1601062,"nome":"PERSANTIN","numeroRegistro":"158320001","tipo":{"codigo":1,"descricao":null},"categoria":null,"situacaoRotulo":null,"dataVencimento":null,"mesAnoVencimento":"102029","dataVencimentoRegistro":"2029-10-01T00:00:00.000-0300","principioAtivo":null,"situacaoApresentacao":"Caduco/Cancelado","dataRegistro":"2020-11-03T00:00:00.000-0300","categoriaRegulatoria":{"codigo":6,"descricao":"Novo"},"medicamentoReferencia":null,"categoriaProduto":null,"tipoAutorizacao":"REGISTRADO","acancelar":false,"mesAnoVencimentoFormatado":"10/2029","numeroRegistroFormatado":"158320001"},"empresa":{"cnpj":"19501429000190","razaoSocial":"Mawdsleys Pharmaceuticals do Brasil Ltda","numeroAutorizacao":null,"cnpjFormatado":"19.501.429/0001-90"},"processo":{"numero":"25351887410202052","situacao":29,"numeroProcessoFormatado":"25351.887410/2020-52"}},{"ordem":5,"produto":{"codigo":1405575,"nome":"WILLENTINE","numeroRegistro":"158320002","tipo":{"codigo":1,"descricao":null},"categoria":null,"situacaoRotulo":null,"dataVencimento":null,"mesAnoVencimento":"022031","dataVencimentoRegistro":"2031-02-01T00:00:00.000-0300","principioAtivo":"DICLORIDRATO DE TRIENTINA","situacaoApresentacao":"Válido","dataRegistro":"2021-02-08T00:00:00.000-0300","categoriaRegulatoria":{"codigo":6,"descricao":"Novo"},"medicamentoReferencia":null,"categoriaProduto":null,"tipoAutorizacao":"REGISTRADO","acancelar":false,"mesAnoVencimentoFormatado":"02/2031","numeroRegistroFormatado":"158320002"},"empresa":{"cnpj":"19501429000190","razaoSocial":"Mawdsleys Pharmaceuticals do Brasil Ltda","numeroAutorizacao":null,"cnpjFormatado":"19.501.429/0001-90"},"processo":{"numero":"25351289045202016","situacao":29,"numeroProcessoFormatado":"25351.289045/2020-16"}}],"totalElements":5,"totalPages":1,"last":true,"numberOfElements":5,"size":1000,"number":0,"first":true,"sort":null}