{"content":[{"ordem":1,"produto":{"codigo":7754,"nome":"ASMAFLUX","numeroRegistro":"105040032","tipo":{"codigo":1,"descricao":null},"categoria":null,"situacaoRotulo":null,"dataVencimento":null,"mesAnoVencimento":"072009","dataVencimentoRegistro":"2009-07-01T00:00:00.000-0300","principioAtivo":null,"situacaoApresentacao":"Caduco/Cancelado","dataRegistro":"1999-07-15T00:00:00.000-0300","categoriaRegulatoria":{"codigo":8,"descricao":"Similar"},"medicamentoReferencia":null,"categoriaProduto":null,"tipoAutorizacao":"REGISTRADO","numeroRegistroFormatado":"105040032","mesAnoVencimentoFormatado":"07/2009","acancelar":false},"empresa":{"cnpj":"19791813000175","razaoSocial":"LABORATÓRIOS OSÓRIO DE MORAES LTDA","numeroAutorizacao":"1005040","cnpjFormatado":"19.791.813/0001-75"},"processo":{"numero":"250000017749947","situacao":29,"numeroProcessoFormatado":"25000.001774/99-47"}},{"ordem":2,"produto":{"codigo":385168,"nome":"AURIS-SEDINA","numeroRegistro":"105040001","tipo":{"codigo":1,"descricao":null},"categoria":null,"situacaoRotulo":null,"dataVencimento":null,"mesAnoVencimento":"102029","dataVencimentoRegistro":"2029-10-01T00:00:00.000-0300","principioAtivo":"FENOL, MENTOL","situacaoApresentacao":"Válido","dataRegistro":"1979-09-05T00:00:00.000-0300","categoriaRegulatoria":{"codigo":6,"descricao":"Novo"},"medicamentoReferencia":null,"categoriaProduto":null,"tipoAutorizacao":"REGISTRADO","numeroRegistroFormatado":"105040001","mesAnoVencimentoFormatado":"10/2029","acancelar":false},"empresa":{"cnpj":"19791813000175","razaoSocial":"LABORATÓRIOS OSÓRIO DE MORAES LTDA","numeroAutorizacao":"1005040","cnpjFormatado":"19.791.813/0001-75"},"processo":{"numero":"2599200179923","situacao":29,"numeroProcessoFormatado":"25992.001799/23"}},{"ordem":3,"produto":{"codigo":1086,"nome":"BENZOLOM","numeroRegistro":"105040014","tipo":{"codigo":1,"descricao":null},"categoria":null,"situacaoRotulo":null,"dataVencimento":null,"mesAnoVencimento":"022003","dataVencimentoRegistro":"2003-02-01T00:00:00.000-0300","principioAtivo":null,"situacaoApresentacao":"Caduco/Cancelado","dataRegistro":"1998-02-13T00:00:00.000-0300","categoriaRegulatoria":{"codigo":8,"descricao":"Similar"},"medicamentoReferencia":null,"categoriaProduto":null,"tipoAutorizacao":"REGISTRADO","numeroRegistroFormatado":"105040014","mesAnoVencimentoFormatado":"02/2003","acancelar":false},"empresa":{"cnpj":"19791813000175","razaoSocial":"LABORATÓRIOS OSÓRIO DE MORAES LTDA","numeroAutorizacao":"1005040","cnpjFormatado":"19.791.813/0001-75"},"processo":{"numero":"2537000009189","situacao":29,"numeroProcessoFormatado":"25370.000091/89"}},{"ordem":4,"produto":{"codigo":407751,"nome":"CAPIBARYNE","numeroRegistro":"105040045","tipo":{"codigo":1,"descricao":null},"categoria":null,"situacaoRotulo":null,"dataVencimento":null,"mesAnoVencimento":"102004","dataVencimentoRegistro":"2004-10-01T00:00:00.000-0300","principioAtivo":null,"situacaoApresentacao":"Caduco/Cancelado","dataRegistro":"1979-08-10T00:00:00.000-0300","categoriaRegulatoria":{"codigo":3,"descricao":"Específico"},"medicamentoReferencia":null,"categoriaProduto":null,"tipoAutorizacao":"REGISTRADO","numeroRegistroFormatado":"105040045","mesAnoVencimentoFormatado":"10/2004","acancelar":false},"empresa":{"cnpj":"19791813000175","razaoSocial":"LABORATÓRIOS OSÓRIO DE MORAES LTDA","numeroAutorizacao":"1005040","cnpjFormatado":"19.791.813/0001-75"},"processo":{"numero":"2599200710235","situacao":29,"numeroProcessoFormatado":"25992.007102/35"}},{"ordem":5,"produto":{"codigo":1388,"nome":"CARDILOM","numeroRegistro":"105040024","tipo":{"codigo":1,"descricao":null},"categoria":null,"situacaoRotulo":null,"dataVencimento":null,"mesAnoVencimento":"052009","dataVencimentoRegistro":"2009-05-01T00:00:00.000-0300","principioAtivo":null,"situacaoApresentacao":"Caduco/Cancelado","dataRegistro":"1999-05-10T00:00:00.000-0300","categoriaRegulatoria":{"codigo":8,"descricao":"Similar"},"medicamentoReferencia":null,"categoriaProduto":null,"tipoAutorizacao":"REGISTRADO","numeroRegistroFormatado":"105040024","mesAnoVencimentoFormatado":"05/2009","acancelar":false},"empresa":{"cnpj":"19791813000175","razaoSocial":"LABORATÓRIOS OSÓRIO DE MORAES LTDA","numeroAutorizacao":"1005040","cnpjFormatado":"19.791.813/0001-75"},"processo":{"numero":"2500000093999","situacao":29,"numeroProcessoFormatado":"25000.000939/99"}},{"ordem":6,"produto":{"codigo":353,"nome":"CETALOM","numeroRegistro":"105040031","tipo":{"codigo":1,"descricao":null},"categoria":null,"situacaoRotulo":null,"dataVencimento":null,"mesAnoVencimento":"072004","dataVencimentoRegistro":"2004-07-01T00:00:00.000-0300","principioAtivo":null,"situacaoApresentacao":"Caduco/Cancelado","dataRegistro":"1999-07-15T00:00:00.000-0300","categoriaRegulatoria":{"codigo":8,"descricao":"Similar"},"medicamentoReferencia":null,"categoriaProduto":null,"tipoAutorizacao":"REGISTRADO","numeroRegistroFormatado":"105040031","mesAnoVencimentoFormatado":"07/2004","acancelar":false},"empresa":{"cnpj":"19791813000175","razaoSocial":"LABORATÓRIOS OSÓRIO DE MORAES LTDA","numeroAutorizacao":"1005040","cnpjFormatado":"19.791.813/0001-75"},"processo":{"numero":"2500000094299","situacao":29,"numeroProcessoFormatado":"25000.000942/99"}},{"ordem":7,"produto":{"codigo":1886,"nome":"CILOM","numeroRegistro":"105040037","tipo":{"codigo":1,"descricao":null},"categoria":null,"situacaoRotulo":null,"dataVencimento":null,"mesAnoVencimento":"072004","dataVencimentoRegistro":"2004-07-01T00:00:00.000-0300","principioAtivo":null,"situacaoApresentacao":"Caduco/Cancelado","dataRegistro":"1999-10-29T00:00:00.000-0200","categoriaRegulatoria":{"codigo":8,"descricao":"Similar"},"medicamentoReferencia":null,"categoriaProduto":null,"tipoAutorizacao":"REGISTRADO","numeroRegistroFormatado":"105040037","mesAnoVencimentoFormatado":"07/2004","acancelar":false},"empresa":{"cnpj":"19791813000175","razaoSocial":"LABORATÓRIOS OSÓRIO DE MORAES LTDA","numeroAutorizacao":"1005040","cnpjFormatado":"19.791.813/0001-75"},"processo":{"numero":"250000012929904","situacao":29,"numeroProcessoFormatado":"25000.001292/99-04"}},{"ordem":8,"produto":{"codigo":301,"nome":"CLONAVIR","numeroRegistro":"105040023","tipo":{"codigo":1,"descricao":null},"categoria":null,"situacaoRotulo":null,"dataVencimento":null,"mesAnoVencimento":"052004","dataVencimentoRegistro":"2004-05-01T00:00:00.000-0300","principioAtivo":null,"situacaoApresentacao":"Caduco/Cancelado","dataRegistro":"1999-05-10T00:00:00.000-0300","categoriaRegulatoria":{"codigo":8,"descricao":"Similar"},"medicamentoReferencia":null,"categoriaProduto":null,"tipoAutorizacao":"REGISTRADO","numeroRegistroFormatado":"105040023","mesAnoVencimentoFormatado":"05/2004","acancelar":false},"empresa":{"cnpj":"19791813000175","razaoSocial":"LABORATÓRIOS OSÓRIO DE MORAES LTDA","numeroAutorizacao":"1005040","cnpjFormatado":"19.791.813/0001-75"},"processo":{"numero":"2500000093699","situacao":29,"numeroProcessoFormatado":"25000.000936/99"}},{"ordem":9,"produto":{"codigo":687168,"nome":"CLORIDRATO DE AMBROXOL","numeroRegistro":"105040052","tipo":{"codigo":1,"descricao":null},"categoria":null,"situacaoRotulo":null,"dataVencimento":null,"mesAnoVencimento":"092019","dataVencimentoRegistro":"2019-09-01T00:00:00.000-0300","principioAtivo":null,"situacaoApresentacao":"Caduco/Cancelado","dataRegistro":"2014-09-22T00:00:00.000-0300","categoriaRegulatoria":{"codigo":5,"descricao":"Genérico"},"medicamentoReferencia":"MUCOSOLVAN","categoriaProduto":null,"tipoAutorizacao":"REGISTRADO","numeroRegistroFormatado":"105040052","mesAnoVencimentoFormatado":"09/2019","acancelar":false},"empresa":{"cnpj":"19791813000175","razaoSocial":"LABORATÓRIOS OSÓRIO DE MORAES LTDA","numeroAutorizacao":"1005040","cnpjFormatado":"19.791.813/0001-75"},"processo":{"numero":"25351335872200902","situacao":29,"numeroProcessoFormatado":"25351.335872/2009-02"}},{"ordem":10,"produto":{"codigo":6202,"nome":"DERMISTINA","numeroRegistro":"105040028","tipo":{"codigo":1,"descricao":null},"categoria":null,"situacaoRotulo":null,"dataVencimento":null,"mesAnoVencimento":"072004","dataVencimentoRegistro":"2004-07-01T00:00:00.000-0300","principioAtivo":null,"situacaoApresentacao":"Caduco/Cancelado","dataRegistro":"1999-07-01T00:00:00.000-0300","categoriaRegulatoria":{"codigo":8,"descricao":"Similar"},"medicamentoReferencia":null,"categoriaProduto":null,"tipoAutorizacao":"REGISTRADO","numeroRegistroFormatado":"105040028","mesAnoVencimentoFormatado":"07/2004","acancelar":false},"empresa":{"cnpj":"19791813000175","razaoSocial":"LABORATÓRIOS OSÓRIO DE MORAES LTDA","numeroAutorizacao":"1005040","cnpjFormatado":"19.791.813/0001-75"},"processo":{"numero":"2500000129599","situacao":29,"numeroProcessoFormatado":"25000.001295/99"}},{"ordem":11,"produto":{"codigo":432808,"nome":"DRÁGEAS DE CAPEBA KLYDONT","numeroRegistro":"105040047","tipo":{"codigo":1,"descricao":null},"categoria":null,"situacaoRotulo":null,"dataVencimento":null,"mesAnoVencimento":"072005","dataVencimentoRegistro":"2005-07-01T00:00:00.000-0300","principioAtivo":null,"situacaoApresentacao":"Caduco/Cancelado","dataRegistro":"1980-07-11T00:00:00.000-0300","categoriaRegulatoria":{"codigo":4,"descricao":"Fitoterápico"},"medicamentoReferencia":null,"categoriaProduto":null,"tipoAutorizacao":"REGISTRADO","numeroRegistroFormatado":"105040047","mesAnoVencimentoFormatado":"07/2005","acancelar":false},"empresa":{"cnpj":"19791813000175","razaoSocial":"LABORATÓRIOS OSÓRIO DE MORAES LTDA","numeroAutorizacao":"1005040","cnpjFormatado":"19.791.813/0001-75"},"processo":{"numero":"2599100631380","situacao":29,"numeroProcessoFormatado":"25991.006313/80"}},{"ordem":12,"produto":{"codigo":2722,"nome":"ENZILOM","numeroRegistro":"105040030","tipo":{"codigo":1,"descricao":null},"categoria":null,"situacaoRotulo":null,"dataVencimento":null,"mesAnoVencimento":"072009","dataVencimentoRegistro":"2009-07-01T00:00:00.000-0300","principioAtivo":null,"situacaoApresentacao":"Caduco/Cancelado","dataRegistro":"1999-07-15T00:00:00.000-0300","categoriaRegulatoria":{"codigo":8,"descricao":"Similar"},"medicamentoReferencia":null,"categoriaProduto":null,"tipoAutorizacao":"REGISTRADO","numeroRegistroFormatado":"105040030","mesAnoVencimentoFormatado":"07/2009","acancelar":false},"empresa":{"cnpj":"19791813000175","razaoSocial":"LABORATÓRIOS OSÓRIO DE MORAES LTDA","numeroAutorizacao":"1005040","cnpjFormatado":"19.791.813/0001-75"},"processo":{"numero":"2500000129199","situacao":29,"numeroProcessoFormatado":"25000.001291/99"}},{"ordem":13,"produto":{"codigo":3370,"nome":"FETAFLEN","numeroRegistro":"105040025","tipo":{"codigo":1,"descricao":null},"categoria":null,"situacaoRotulo":null,"dataVencimento":null,"mesAnoVencimento":"062009","dataVencimentoRegistro":"2009-06-01T00:00:00.000-0300","principioAtivo":null,"situacaoApresentacao":"Caduco/Cancelado","dataRegistro":"1999-06-22T00:00:00.000-0300","categoriaRegulatoria":{"codigo":8,"descricao":"Similar"},"medicamentoReferencia":null,"categoriaProduto":null,"tipoAutorizacao":"REGISTRADO","numeroRegistroFormatado":"105040025","mesAnoVencimentoFormatado":"06/2009","acancelar":false},"empresa":{"cnpj":"19791813000175","razaoSocial":"LABORATÓRIOS OSÓRIO DE MORAES LTDA","numeroAutorizacao":"1005040","cnpjFormatado":"19.791.813/0001-75"},"processo":{"numero":"250000012949921","situacao":29,"numeroProcessoFormatado":"25000.001294/99-21"}},{"ordem":14,"produto":{"codigo":3348,"nome":"FETAFLEN GEL","numeroRegistro":"105040029","tipo":{"codigo":1,"descricao":null},"categoria":null,"situacaoRotulo":null,"dataVencimento":null,"mesAnoVencimento":"072004","dataVencimentoRegistro":"2004-07-01T00:00:00.000-0300","principioAtivo":null,"situacaoApresentacao":"Caduco/Cancelado","dataRegistro":"1999-07-12T00:00:00.000-0300","categoriaRegulatoria":{"codigo":8,"descricao":"Similar"},"medicamentoReferencia":null,"categoriaProduto":null,"tipoAutorizacao":"REGISTRADO","numeroRegistroFormatado":"105040029","mesAnoVencimentoFormatado":"07/2004","acancelar":false},"empresa":{"cnpj":"19791813000175","razaoSocial":"LABORATÓRIOS OSÓRIO DE MORAES LTDA","numeroAutorizacao":"1005040","cnpjFormatado":"19.791.813/0001-75"},"processo":{"numero":"250000205119955","situacao":29,"numeroProcessoFormatado":"25000.020511/99-55"}},{"ordem":15,"produto":{"codigo":5932,"nome":"GELMIN","numeroRegistro":"105040026","tipo":{"codigo":1,"descricao":null},"categoria":null,"situacaoRotulo":null,"dataVencimento":null,"mesAnoVencimento":"072009","dataVencimentoRegistro":"2009-07-01T00:00:00.000-0300","principioAtivo":null,"situacaoApresentacao":"Caduco/Cancelado","dataRegistro":"1999-07-01T00:00:00.000-0300","categoriaRegulatoria":{"codigo":8,"descricao":"Similar"},"medicamentoReferencia":null,"categoriaProduto":null,"tipoAutorizacao":"REGISTRADO","numeroRegistroFormatado":"105040026","mesAnoVencimentoFormatado":"07/2009","acancelar":false},"empresa":{"cnpj":"19791813000175","razaoSocial":"LABORATÓRIOS OSÓRIO DE MORAES LTDA","numeroAutorizacao":"1005040","cnpjFormatado":"19.791.813/0001-75"},"processo":{"numero":"2500000129399","situacao":29,"numeroProcessoFormatado":"25000.001293/99"}},{"ordem":16,"produto":{"codigo":5301,"nome":"LEVEDURA DE CERVEJA SECA","numeroRegistro":"105040007","tipo":{"codigo":1,"descricao":null},"categoria":null,"situacaoRotulo":null,"dataVencimento":null,"mesAnoVencimento":"082005","dataVencimentoRegistro":"2005-08-01T00:00:00.000-0300","principioAtivo":null,"situacaoApresentacao":"Caduco/Cancelado","dataRegistro":"2001-06-11T00:00:00.000-0300","categoriaRegulatoria":{"codigo":8,"descricao":"Similar"},"medicamentoReferencia":null,"categoriaProduto":null,"tipoAutorizacao":"REGISTRADO","numeroRegistroFormatado":"105040007","mesAnoVencimentoFormatado":"08/2005","acancelar":false},"empresa":{"cnpj":"19791813000175","razaoSocial":"LABORATÓRIOS OSÓRIO DE MORAES LTDA","numeroAutorizacao":"1005040","cnpjFormatado":"19.791.813/0001-75"},"processo":{"numero":"2599200625269","situacao":29,"numeroProcessoFormatado":"25992.006252/69"}},{"ordem":17,"produto":{"codigo":3647,"nome":"LOMDOR","numeroRegistro":"105040021","tipo":{"codigo":1,"descricao":null},"categoria":null,"situacaoRotulo":null,"dataVencimento":null,"mesAnoVencimento":"052018","dataVencimentoRegistro":"2018-05-01T00:00:00.000-0300","principioAtivo":null,"situacaoApresentacao":"Caduco/Cancelado","dataRegistro":"2002-01-31T00:00:00.000-0200","categoriaRegulatoria":{"codigo":8,"descricao":"Similar"},"medicamentoReferencia":"NOVALGINA","categoriaProduto":null,"tipoAutorizacao":"REGISTRADO","numeroRegistroFormatado":"105040021","mesAnoVencimentoFormatado":"05/2018","acancelar":false},"empresa":{"cnpj":"19791813000175","razaoSocial":"LABORATÓRIOS OSÓRIO DE MORAES LTDA","numeroAutorizacao":"1005040","cnpjFormatado":"19.791.813/0001-75"},"processo":{"numero":"250000031749274","situacao":29,"numeroProcessoFormatado":"25000.003174/92-74"}},{"ordem":18,"produto":{"codigo":7796,"nome":"LOMFER","numeroRegistro":"105040005","tipo":{"codigo":1,"descricao":null},"categoria":null,"situacaoRotulo":null,"dataVencimento":"2025-01-20T00:00:00.000-0300","mesAnoVencimento":"012025","dataVencimentoRegistro":"2025-01-01T00:00:00.000-0300","principioAtivo":"SULFATO FERROSO","situacaoApresentacao":"Válido","dataRegistro":"2001-04-19T00:00:00.000-0300","categoriaRegulatoria":{"codigo":3,"descricao":"Específico"},"medicamentoReferencia":null,"categoriaProduto":null,"tipoAutorizacao":"REGISTRADO","numeroRegistroFormatado":"105040005","mesAnoVencimentoFormatado":"01/2025","acancelar":false},"empresa":{"cnpj":"19791813000175","razaoSocial":"LABORATÓRIOS OSÓRIO DE MORAES LTDA","numeroAutorizacao":"1005040","cnpjFormatado":"19.791.813/0001-75"},"processo":{"numero":"2599201359168","situacao":29,"numeroProcessoFormatado":"25992.013591/68"}},{"ordem":19,"produto":{"codigo":7704,"nome":"LOMICINA","numeroRegistro":"105040015","tipo":{"codigo":1,"descricao":null},"categoria":null,"situacaoRotulo":null,"dataVencimento":null,"mesAnoVencimento":"102029","dataVencimentoRegistro":"2029-10-01T00:00:00.000-0300","principioAtivo":"SULFATO DE NEOMICINA","situacaoApresentacao":"Válido","dataRegistro":"2001-11-13T00:00:00.000-0200","categoriaRegulatoria":{"codigo":8,"descricao":"Similar"},"medicamentoReferencia":null,"categoriaProduto":null,"tipoAutorizacao":"REGISTRADO","numeroRegistroFormatado":"105040015","mesAnoVencimentoFormatado":"10/2029","acancelar":false},"empresa":{"cnpj":"19791813000175","razaoSocial":"LABORATÓRIOS OSÓRIO DE MORAES LTDA","numeroAutorizacao":"1005040","cnpjFormatado":"19.791.813/0001-75"},"processo":{"numero":"2599200250579","situacao":29,"numeroProcessoFormatado":"25992.002505/79"}},{"ordem":20,"produto":{"codigo":7193,"nome":"LONTAC","numeroRegistro":"105040040","tipo":{"codigo":1,"descricao":null},"categoria":null,"situacaoRotulo":null,"dataVencimento":null,"mesAnoVencimento":"102004","dataVencimentoRegistro":"2004-10-01T00:00:00.000-0300","principioAtivo":null,"situacaoApresentacao":"Caduco/Cancelado","dataRegistro":"1999-11-12T00:00:00.000-0200","categoriaRegulatoria":{"codigo":8,"descricao":"Similar"},"medicamentoReferencia":null,"categoriaProduto":null,"tipoAutorizacao":"REGISTRADO","numeroRegistroFormatado":"105040040","mesAnoVencimentoFormatado":"10/2004","acancelar":false},"empresa":{"cnpj":"19791813000175","razaoSocial":"LABORATÓRIOS OSÓRIO DE MORAES LTDA","numeroAutorizacao":"1005040","cnpjFormatado":"19.791.813/0001-75"},"processo":{"numero":"250000017759918","situacao":29,"numeroProcessoFormatado":"25000.001775/99-18"}},{"ordem":21,"produto":{"codigo":733602,"nome":"METADEX","numeroRegistro":"105040038","tipo":{"codigo":1,"descricao":null},"categoria":null,"situacaoRotulo":null,"dataVencimento":null,"mesAnoVencimento":"112029","dataVencimentoRegistro":"2029-11-01T00:00:00.000-0300","principioAtivo":"ACETATO DE DEXAMETASONA","situacaoApresentacao":"Válido","dataRegistro":"1999-11-29T00:00:00.000-0200","categoriaRegulatoria":{"codigo":8,"descricao":"Similar"},"medicamentoReferencia":"DEXASON","categoriaProduto":null,"tipoAutorizacao":"REGISTRADO","numeroRegistroFormatado":"105040038","mesAnoVencimentoFormatado":"11/2029","acancelar":false},"empresa":{"cnpj":"19791813000175","razaoSocial":"LABORATÓRIOS OSÓRIO DE MORAES LTDA","numeroAutorizacao":"1005040","cnpjFormatado":"19.791.813/0001-75"},"processo":{"numero":"250000009409989","situacao":29,"numeroProcessoFormatado":"25000.000940/99-89"}},{"ordem":22,"produto":{"codigo":3274,"nome":"MICOTRAT","numeroRegistro":"105040036","tipo":{"codigo":1,"descricao":null},"categoria":null,"situacaoRotulo":null,"dataVencimento":null,"mesAnoVencimento":"112014","dataVencimentoRegistro":"2014-11-01T00:00:00.000-0300","principioAtivo":null,"situacaoApresentacao":"Caduco/Cancelado","dataRegistro":"1999-11-29T00:00:00.000-0200","categoriaRegulatoria":{"codigo":8,"descricao":"Similar"},"medicamentoReferencia":"NIZORAL","categoriaProduto":null,"tipoAutorizacao":"REGISTRADO","numeroRegistroFormatado":"105040036","mesAnoVencimentoFormatado":"11/2014","acancelar":false},"empresa":{"cnpj":"19791813000175","razaoSocial":"LABORATÓRIOS OSÓRIO DE MORAES LTDA","numeroAutorizacao":"1005040","cnpjFormatado":"19.791.813/0001-75"},"processo":{"numero":"2500000093799","situacao":29,"numeroProcessoFormatado":"25000.000937/99"}},{"ordem":23,"produto":{"codigo":5621,"nome":"MULTIELMIN","numeroRegistro":"105040008","tipo":{"codigo":1,"descricao":null},"categoria":null,"situacaoRotulo":null,"dataVencimento":null,"mesAnoVencimento":"052013","dataVencimentoRegistro":"2013-05-01T00:00:00.000-0300","principioAtivo":null,"situacaoApresentacao":"Caduco/Cancelado","dataRegistro":"2000-10-24T00:00:00.000-0300","categoriaRegulatoria":{"codigo":8,"descricao":"Similar"},"medicamentoReferencia":null,"categoriaProduto":null,"tipoAutorizacao":"REGISTRADO","numeroRegistroFormatado":"105040008","mesAnoVencimentoFormatado":"05/2013","acancelar":false},"empresa":{"cnpj":"19791813000175","razaoSocial":"LABORATÓRIOS OSÓRIO DE MORAES LTDA","numeroAutorizacao":"1005040","cnpjFormatado":"19.791.813/0001-75"},"processo":{"numero":"2599201570772","situacao":29,"numeroProcessoFormatado":"25992.015707/72"}},{"ordem":24,"produto":{"codigo":683933,"nome":"PARACETAMOL","numeroRegistro":"105040050","tipo":{"codigo":1,"descricao":null},"categoria":null,"situacaoRotulo":null,"dataVencimento":"2025-12-26T00:00:00.000-0300","mesAnoVencimento":"122025","dataVencimentoRegistro":"2025-12-01T00:00:00.000-0300","principioAtivo":null,"situacaoApresentacao":"Caduco/Cancelado","dataRegistro":"2010-12-06T00:00:00.000-0300","categoriaRegulatoria":{"codigo":5,"descricao":"Genérico"},"medicamentoReferencia":"TYLENOL","categoriaProduto":null,"tipoAutorizacao":"REGISTRADO","numeroRegistroFormatado":"105040050","mesAnoVencimentoFormatado":"12/2025","acancelar":false},"empresa":{"cnpj":"19791813000175","razaoSocial":"LABORATÓRIOS OSÓRIO DE MORAES LTDA","numeroAutorizacao":"1005040","cnpjFormatado":"19.791.813/0001-75"},"processo":{"numero":"25351284362200918","situacao":29,"numeroProcessoFormatado":"25351.284362/2009-18"}},{"ordem":25,"produto":{"codigo":686463,"nome":"PARACETAMOL","numeroRegistro":"105040049","tipo":{"codigo":1,"descricao":null},"categoria":null,"situacaoRotulo":null,"dataVencimento":null,"mesAnoVencimento":"102015","dataVencimentoRegistro":"2015-10-01T00:00:00.000-0300","principioAtivo":null,"situacaoApresentacao":"Caduco/Cancelado","dataRegistro":"2010-11-16T00:00:00.000-0300","categoriaRegulatoria":{"codigo":5,"descricao":"Genérico"},"medicamentoReferencia":"TYLENOL","categoriaProduto":null,"tipoAutorizacao":"REGISTRADO","numeroRegistroFormatado":"105040049","mesAnoVencimentoFormatado":"10/2015","acancelar":false},"empresa":{"cnpj":"19791813000175","razaoSocial":"LABORATÓRIOS OSÓRIO DE MORAES LTDA","numeroAutorizacao":"1005040","cnpjFormatado":"19.791.813/0001-75"},"processo":{"numero":"25351284278200983","situacao":29,"numeroProcessoFormatado":"25351.284278/2009-83"}},{"ordem":26,"produto":{"codigo":375652,"nome":"PILULAS DE LUSSEN","numeroRegistro":"105040012","tipo":{"codigo":1,"descricao":null},"categoria":null,"situacaoRotulo":null,"dataVencimento":null,"mesAnoVencimento":"102029","dataVencimentoRegistro":"2029-10-01T00:00:00.000-0300","principioAtivo":"ALOÍNA, CLORETO DE METILTIONÍNIO, TEOBROMINA, ATROPA BELLADONNA, Costus spicatus","situacaoApresentacao":"Válido","dataRegistro":"1925-05-19T00:00:00.000-0300","categoriaRegulatoria":{"codigo":6,"descricao":"Novo"},"medicamentoReferencia":null,"categoriaProduto":null,"tipoAutorizacao":"REGISTRADO","numeroRegistroFormatado":"105040012","mesAnoVencimentoFormatado":"10/2029","acancelar":false},"empresa":{"cnpj":"19791813000175","razaoSocial":"LABORATÓRIOS OSÓRIO DE MORAES LTDA","numeroAutorizacao":"1005040","cnpjFormatado":"19.791.813/0001-75"},"processo":{"numero":"2599200371250","situacao":29,"numeroProcessoFormatado":"25992.003712/50"}},{"ordem":27,"produto":{"codigo":2815,"nome":"PROPRANOLOM","numeroRegistro":"105040033","tipo":{"codigo":1,"descricao":null},"categoria":null,"situacaoRotulo":null,"dataVencimento":null,"mesAnoVencimento":"072029","dataVencimentoRegistro":"2029-07-01T00:00:00.000-0300","principioAtivo":"CLORIDRATO DE PROPRANOLOL","situacaoApresentacao":"Válido","dataRegistro":"1999-07-20T00:00:00.000-0300","categoriaRegulatoria":{"codigo":8,"descricao":"Similar"},"medicamentoReferencia":"cloridrato de propranolol (EMS)","categoriaProduto":null,"tipoAutorizacao":"REGISTRADO","numeroRegistroFormatado":"105040033","mesAnoVencimentoFormatado":"07/2029","acancelar":false},"empresa":{"cnpj":"19791813000175","razaoSocial":"LABORATÓRIOS OSÓRIO DE MORAES LTDA","numeroAutorizacao":"1005040","cnpjFormatado":"19.791.813/0001-75"},"processo":{"numero":"2500000129699","situacao":29,"numeroProcessoFormatado":"25000.001296/99"}},{"ordem":28,"produto":{"codigo":474591,"nome":"PULMOFORTE","numeroRegistro":"105040019","tipo":{"codigo":1,"descricao":null},"categoria":null,"situacaoRotulo":null,"dataVencimento":null,"mesAnoVencimento":"102004","dataVencimentoRegistro":"2004-10-01T00:00:00.000-0300","principioAtivo":null,"situacaoApresentacao":"Caduco/Cancelado","dataRegistro":"1980-01-17T00:00:00.000-0300","categoriaRegulatoria":{"codigo":8,"descricao":"Similar"},"medicamentoReferencia":null,"categoriaProduto":null,"tipoAutorizacao":"REGISTRADO","numeroRegistroFormatado":"105040019","mesAnoVencimentoFormatado":"10/2004","acancelar":false},"empresa":{"cnpj":"19791813000175","razaoSocial":"LABORATÓRIOS OSÓRIO DE MORAES LTDA","numeroAutorizacao":"1005040","cnpjFormatado":"19.791.813/0001-75"},"processo":{"numero":"2599200760539","situacao":29,"numeroProcessoFormatado":"25992.007605/39"}},{"ordem":29,"produto":{"codigo":2291,"nome":"PULMOSAN","numeroRegistro":"105040034","tipo":{"codigo":1,"descricao":null},"categoria":null,"situacaoRotulo":null,"dataVencimento":null,"mesAnoVencimento":"072009","dataVencimentoRegistro":"2009-07-01T00:00:00.000-0300","principioAtivo":null,"situacaoApresentacao":"Caduco/Cancelado","dataRegistro":"1999-07-22T00:00:00.000-0300","categoriaRegulatoria":{"codigo":8,"descricao":"Similar"},"medicamentoReferencia":null,"categoriaProduto":null,"tipoAutorizacao":"REGISTRADO","numeroRegistroFormatado":"105040034","mesAnoVencimentoFormatado":"07/2009","acancelar":false},"empresa":{"cnpj":"19791813000175","razaoSocial":"LABORATÓRIOS OSÓRIO DE MORAES LTDA","numeroAutorizacao":"1005040","cnpjFormatado":"19.791.813/0001-75"},"processo":{"numero":"2500000093899","situacao":29,"numeroProcessoFormatado":"25000.000938/99"}},{"ordem":30,"produto":{"codigo":406563,"nome":"Pomada de Erva de Bicho Adrenalina e Hamamélis Composta Imescard","numeroRegistro":"105040011","tipo":{"codigo":1,"descricao":null},"categoria":null,"situacaoRotulo":null,"dataVencimento":null,"mesAnoVencimento":"022025","dataVencimentoRegistro":"2025-02-01T00:00:00.000-0300","principioAtivo":"Polygonum hidropiper, HAMAMELIS VIRGINIANA L., Davilla rugosa Poir., BENZOCAÍNA, EPINEFRINA, FENOL, MENTOL","situacaoApresentacao":"Válido","dataRegistro":"1995-03-08T00:00:00.000-0300","categoriaRegulatoria":{"codigo":6,"descricao":"Novo"},"medicamentoReferencia":null,"categoriaProduto":null,"tipoAutorizacao":"REGISTRADO","numeroRegistroFormatado":"105040011","mesAnoVencimentoFormatado":"02/2025","acancelar":false},"empresa":{"cnpj":"19791813000175","razaoSocial":"LABORATÓRIOS OSÓRIO DE MORAES LTDA","numeroAutorizacao":"1005040","cnpjFormatado":"19.791.813/0001-75"},"processo":{"numero":"2599200379444","situacao":29,"numeroProcessoFormatado":"25992.003794/44"}},{"ordem":31,"produto":{"codigo":401128,"nome":"PÍLULAS DE ERVA DE BICHO COMPOSTAS IMESCARD","numeroRegistro":"105040010","tipo":{"codigo":1,"descricao":null},"categoria":null,"situacaoRotulo":null,"dataVencimento":"2030-01-24T00:00:00.000-0300","mesAnoVencimento":"012030","dataVencimentoRegistro":"2030-01-01T00:00:00.000-0300","principioAtivo":"ALOE FEROX MILL., Cephaelis ipecacuanha (Brot.) A. Rich, ATROPA BELLADONNA L., PERSICARIA HYDROPIPER (L.) DELARBRE","situacaoApresentacao":"Válido","dataRegistro":"1925-03-23T00:00:00.000-0300","categoriaRegulatoria":{"codigo":4,"descricao":"Fitoterápico"},"medicamentoReferencia":null,"categoriaProduto":null,"tipoAutorizacao":"REGISTRADO","numeroRegistroFormatado":"105040010","mesAnoVencimentoFormatado":"01/2030","acancelar":false},"empresa":{"cnpj":"19791813000175","razaoSocial":"LABORATÓRIOS OSÓRIO DE MORAES LTDA","numeroAutorizacao":"1005040","cnpjFormatado":"19.791.813/0001-75"},"processo":{"numero":"2599200037025","situacao":29,"numeroProcessoFormatado":"25992.000370/25"}},{"ordem":32,"produto":{"codigo":2198,"nome":"SORUM","numeroRegistro":"105040013","tipo":{"codigo":1,"descricao":null},"categoria":null,"situacaoRotulo":null,"dataVencimento":null,"mesAnoVencimento":"122012","dataVencimentoRegistro":"2012-12-01T00:00:00.000-0300","principioAtivo":null,"situacaoApresentacao":"Caduco/Cancelado","dataRegistro":"1997-12-15T00:00:00.000-0300","categoriaRegulatoria":{"codigo":8,"descricao":"Similar"},"medicamentoReferencia":null,"categoriaProduto":null,"tipoAutorizacao":"REGISTRADO","numeroRegistroFormatado":"105040013","mesAnoVencimentoFormatado":"12/2012","acancelar":false},"empresa":{"cnpj":"19791813000175","razaoSocial":"LABORATÓRIOS OSÓRIO DE MORAES LTDA","numeroAutorizacao":"1005040","cnpjFormatado":"19.791.813/0001-75"},"processo":{"numero":"250000196699397","situacao":29,"numeroProcessoFormatado":"25000.019669/93-97"}},{"ordem":33,"produto":{"codigo":7057,"nome":"TENIUM","numeroRegistro":"105040022","tipo":{"codigo":1,"descricao":null},"categoria":null,"situacaoRotulo":null,"dataVencimento":null,"mesAnoVencimento":"042004","dataVencimentoRegistro":"2004-04-01T00:00:00.000-0300","principioAtivo":null,"situacaoApresentacao":"Caduco/Cancelado","dataRegistro":"1999-04-27T00:00:00.000-0300","categoriaRegulatoria":{"codigo":8,"descricao":"Similar"},"medicamentoReferencia":null,"categoriaProduto":null,"tipoAutorizacao":"REGISTRADO","numeroRegistroFormatado":"105040022","mesAnoVencimentoFormatado":"04/2004","acancelar":false},"empresa":{"cnpj":"19791813000175","razaoSocial":"LABORATÓRIOS OSÓRIO DE MORAES LTDA","numeroAutorizacao":"1005040","cnpjFormatado":"19.791.813/0001-75"},"processo":{"numero":"250000044859936","situacao":29,"numeroProcessoFormatado":"25000.004485/99-36"}},{"ordem":34,"produto":{"codigo":7952,"nome":"TETRAMIZOTIL","numeroRegistro":"105040017","tipo":{"codigo":1,"descricao":null},"categoria":null,"situacaoRotulo":null,"dataVencimento":null,"mesAnoVencimento":"102005","dataVencimentoRegistro":"2005-10-01T00:00:00.000-0300","principioAtivo":null,"situacaoApresentacao":"Caduco/Cancelado","dataRegistro":"2001-03-09T00:00:00.000-0300","categoriaRegulatoria":{"codigo":8,"descricao":"Similar"},"medicamentoReferencia":null,"categoriaProduto":null,"tipoAutorizacao":"REGISTRADO","numeroRegistroFormatado":"105040017","mesAnoVencimentoFormatado":"10/2005","acancelar":false},"empresa":{"cnpj":"19791813000175","razaoSocial":"LABORATÓRIOS OSÓRIO DE MORAES LTDA","numeroAutorizacao":"1005040","cnpjFormatado":"19.791.813/0001-75"},"processo":{"numero":"2599100300078","situacao":29,"numeroProcessoFormatado":"25991.003000/78"}},{"ordem":35,"produto":{"codigo":6641,"nome":"THYLOM","numeroRegistro":"105040027","tipo":{"codigo":1,"descricao":null},"categoria":null,"situacaoRotulo":null,"dataVencimento":null,"mesAnoVencimento":"072014","dataVencimentoRegistro":"2014-07-01T00:00:00.000-0300","principioAtivo":null,"situacaoApresentacao":"Caduco/Cancelado","dataRegistro":"1999-07-01T00:00:00.000-0300","categoriaRegulatoria":{"codigo":8,"descricao":"Similar"},"medicamentoReferencia":null,"categoriaProduto":null,"tipoAutorizacao":"REGISTRADO","numeroRegistroFormatado":"105040027","mesAnoVencimentoFormatado":"07/2014","acancelar":false},"empresa":{"cnpj":"19791813000175","razaoSocial":"LABORATÓRIOS OSÓRIO DE MORAES LTDA","numeroAutorizacao":"1005040","cnpjFormatado":"19.791.813/0001-75"},"processo":{"numero":"250000012979910","situacao":29,"numeroProcessoFormatado":"25000.001297/99-10"}},{"ordem":36,"produto":{"codigo":7982,"nome":"TIAMINA + RIBOFLAVINA + PIRIDOXINA + ASSOC.","numeroRegistro":"105040035","tipo":{"codigo":1,"descricao":null},"categoria":null,"situacaoRotulo":null,"dataVencimento":null,"mesAnoVencimento":"072004","dataVencimentoRegistro":"2004-07-01T00:00:00.000-0300","principioAtivo":null,"situacaoApresentacao":"Caduco/Cancelado","dataRegistro":"1999-07-22T00:00:00.000-0300","categoriaRegulatoria":{"codigo":8,"descricao":"Similar"},"medicamentoReferencia":null,"categoriaProduto":null,"tipoAutorizacao":"REGISTRADO","numeroRegistroFormatado":"105040035","mesAnoVencimentoFormatado":"07/2004","acancelar":false},"empresa":{"cnpj":"19791813000175","razaoSocial":"LABORATÓRIOS OSÓRIO DE MORAES LTDA","numeroAutorizacao":"1005040","cnpjFormatado":"19.791.813/0001-75"},"processo":{"numero":"2500000177699","situacao":29,"numeroProcessoFormatado":"25000.001776/99"}},{"ordem":37,"produto":{"codigo":559,"nome":"ZOLMIN","numeroRegistro":"105040039","tipo":{"codigo":1,"descricao":null},"categoria":null,"situacaoRotulo":null,"dataVencimento":null,"mesAnoVencimento":"102004","dataVencimentoRegistro":"2004-10-01T00:00:00.000-0300","principioAtivo":null,"situacaoApresentacao":"Caduco/Cancelado","dataRegistro":"1999-11-12T00:00:00.000-0200","categoriaRegulatoria":{"codigo":8,"descricao":"Similar"},"medicamentoReferencia":null,"categoriaProduto":null,"tipoAutorizacao":"REGISTRADO","numeroRegistroFormatado":"105040039","mesAnoVencimentoFormatado":"10/2004","acancelar":false},"empresa":{"cnpj":"19791813000175","razaoSocial":"LABORATÓRIOS OSÓRIO DE MORAES LTDA","numeroAutorizacao":"1005040","cnpjFormatado":"19.791.813/0001-75"},"processo":{"numero":"250000009449930","situacao":29,"numeroProcessoFormatado":"25000.000944/99-30"}},{"ordem":38,"produto":{"codigo":703500,"nome":"cloridrato de metoclopramida","numeroRegistro":"105040048","tipo":{"codigo":1,"descricao":null},"categoria":null,"situacaoRotulo":null,"dataVencimento":null,"mesAnoVencimento":"092015","dataVencimentoRegistro":"2015-09-01T00:00:00.000-0300","principioAtivo":null,"situacaoApresentacao":"Caduco/Cancelado","dataRegistro":"2010-09-13T00:00:00.000-0300","categoriaRegulatoria":{"codigo":5,"descricao":"Genérico"},"medicamentoReferencia":"Plasil (Sanofi-Aventis Farmaceutica Ltda)","categoriaProduto":null,"tipoAutorizacao":"REGISTRADO","numeroRegistroFormatado":"105040048","mesAnoVencimentoFormatado":"09/2015","acancelar":false},"empresa":{"cnpj":"19791813000175","razaoSocial":"LABORATÓRIOS OSÓRIO DE MORAES LTDA","numeroAutorizacao":"1005040","cnpjFormatado":"19.791.813/0001-75"},"processo":{"numero":"25351411287200906","situacao":29,"numeroProcessoFormatado":"25351.411287/2009-06"}},{"ordem":39,"produto":{"codigo":692067,"nome":"cloridrato de propranolol","numeroRegistro":"105040051","tipo":{"codigo":1,"descricao":null},"categoria":null,"situacaoRotulo":null,"dataVencimento":null,"mesAnoVencimento":"062027","dataVencimentoRegistro":"2027-06-01T00:00:00.000-0300","principioAtivo":"CLORIDRATO DE PROPRANOLOL","situacaoApresentacao":"Válido","dataRegistro":"2012-06-25T00:00:00.000-0300","categoriaRegulatoria":{"codigo":5,"descricao":"Genérico"},"medicamentoReferencia":"PROPRANOLOL","categoriaProduto":null,"tipoAutorizacao":"REGISTRADO","numeroRegistroFormatado":"105040051","mesAnoVencimentoFormatado":"06/2027","acancelar":false},"empresa":{"cnpj":"19791813000175","razaoSocial":"LABORATÓRIOS OSÓRIO DE MORAES LTDA","numeroAutorizacao":"1005040","cnpjFormatado":"19.791.813/0001-75"},"processo":{"numero":"25351308809200999","situacao":29,"numeroProcessoFormatado":"25351.308809/2009-99"}}],"totalElements":39,"totalPages":1,"last":true,"numberOfElements":39,"first":true,"sort":null,"size":1000,"number":0}