{"content":[{"ordem":1,"produto":{"codigo":1274279,"nome":"KALYDECO","numeroRegistro":"138230002","tipo":{"codigo":1,"descricao":null},"categoria":null,"situacaoRotulo":null,"dataVencimento":"2023-09-03T00:00:00.000-0300","mesAnoVencimento":"092038","dataVencimentoRegistro":"2038-09-01T00:00:00.000-0300","principioAtivo":"IVACAFTOR","situacaoApresentacao":"Válido","dataRegistro":"2018-09-03T00:00:00.000-0300","categoriaRegulatoria":{"codigo":6,"descricao":"Novo"},"medicamentoReferencia":null,"categoriaProduto":null,"tipoAutorizacao":"REGISTRADO","mesAnoVencimentoFormatado":"09/2038","numeroRegistroFormatado":"138230002","acancelar":false},"empresa":{"cnpj":"21798065000102","razaoSocial":"VERTEX FARMACEUTICA DO BRASIL LTDA.","numeroAutorizacao":null,"cnpjFormatado":"21.798.065/0001-02"},"processo":{"numero":"25351656612201759","situacao":29,"numeroProcessoFormatado":"25351.656612/2017-59"}},{"ordem":2,"produto":{"codigo":2978609,"nome":"KALYDECO","numeroRegistro":"138230006","tipo":{"codigo":1,"descricao":null},"categoria":null,"situacaoRotulo":null,"dataVencimento":"2033-07-31T00:00:00.000-0300","mesAnoVencimento":"072033","dataVencimentoRegistro":"2033-07-01T00:00:00.000-0300","principioAtivo":"IVACAFTOR","situacaoApresentacao":"Válido","dataRegistro":"2023-07-31T00:00:00.000-0300","categoriaRegulatoria":{"codigo":6,"descricao":"Novo"},"medicamentoReferencia":null,"categoriaProduto":null,"tipoAutorizacao":"REGISTRADO","mesAnoVencimentoFormatado":"07/2033","numeroRegistroFormatado":"138230006","acancelar":false},"empresa":{"cnpj":"21798065000102","razaoSocial":"VERTEX FARMACEUTICA DO BRASIL LTDA.","numeroAutorizacao":null,"cnpjFormatado":"21.798.065/0001-02"},"processo":{"numero":"25351050887202241","situacao":29,"numeroProcessoFormatado":"25351.050887/2022-41"}},{"ordem":3,"produto":{"codigo":1259844,"nome":"ORKAMBI","numeroRegistro":"138230001","tipo":{"codigo":1,"descricao":null},"categoria":null,"situacaoRotulo":null,"dataVencimento":"2023-07-23T00:00:00.000-0300","mesAnoVencimento":"072033","dataVencimentoRegistro":"2033-07-01T00:00:00.000-0300","principioAtivo":"IVACAFTOR, LUMACAFTOR","situacaoApresentacao":"Válido","dataRegistro":"2018-07-23T00:00:00.000-0300","categoriaRegulatoria":{"codigo":6,"descricao":"Novo"},"medicamentoReferencia":null,"categoriaProduto":null,"tipoAutorizacao":"REGISTRADO","mesAnoVencimentoFormatado":"07/2033","numeroRegistroFormatado":"138230001","acancelar":false},"empresa":{"cnpj":"21798065000102","razaoSocial":"VERTEX FARMACEUTICA DO BRASIL LTDA.","numeroAutorizacao":null,"cnpjFormatado":"21.798.065/0001-02"},"processo":{"numero":"25351621721201755","situacao":29,"numeroProcessoFormatado":"25351.621721/2017-55"}},{"ordem":4,"produto":{"codigo":1357252,"nome":"ORKAMBI","numeroRegistro":"138230004","tipo":{"codigo":1,"descricao":null},"categoria":null,"situacaoRotulo":null,"dataVencimento":"2031-10-17T00:00:00.000-0300","mesAnoVencimento":"102031","dataVencimentoRegistro":"2031-10-01T00:00:00.000-0300","principioAtivo":"LUMACAFTOR, IVACAFTOR","situacaoApresentacao":"Válido","dataRegistro":"2021-10-18T00:00:00.000-0300","categoriaRegulatoria":{"codigo":6,"descricao":"Novo"},"medicamentoReferencia":null,"categoriaProduto":null,"tipoAutorizacao":"REGISTRADO","mesAnoVencimentoFormatado":"10/2031","numeroRegistroFormatado":"138230004","acancelar":false},"empresa":{"cnpj":"21798065000102","razaoSocial":"VERTEX FARMACEUTICA DO BRASIL LTDA.","numeroAutorizacao":null,"cnpjFormatado":"21.798.065/0001-02"},"processo":{"numero":"25351565507201973","situacao":29,"numeroProcessoFormatado":"25351.565507/2019-73"}},{"ordem":5,"produto":{"codigo":1300901,"nome":"Symdeko","numeroRegistro":"138230003","tipo":{"codigo":1,"descricao":null},"categoria":null,"situacaoRotulo":null,"dataVencimento":"2028-01-24T00:00:00.000-0300","mesAnoVencimento":"012028","dataVencimentoRegistro":"2028-01-01T00:00:00.000-0300","principioAtivo":"IVACAFTOR, TEZACAFTOR","situacaoApresentacao":"Válido","dataRegistro":"2020-01-27T00:00:00.000-0300","categoriaRegulatoria":{"codigo":6,"descricao":"Novo"},"medicamentoReferencia":null,"categoriaProduto":null,"tipoAutorizacao":"REGISTRADO","mesAnoVencimentoFormatado":"01/2028","numeroRegistroFormatado":"138230003","acancelar":false},"empresa":{"cnpj":"21798065000102","razaoSocial":"VERTEX FARMACEUTICA DO BRASIL LTDA.","numeroAutorizacao":null,"cnpjFormatado":"21.798.065/0001-02"},"processo":{"numero":"25351022290201910","situacao":29,"numeroProcessoFormatado":"25351.022290/2019-10"}},{"ordem":6,"produto":{"codigo":2087366,"nome":"TRIKAFTA","numeroRegistro":"138230005","tipo":{"codigo":1,"descricao":null},"categoria":null,"situacaoRotulo":null,"dataVencimento":null,"mesAnoVencimento":"032032","dataVencimentoRegistro":"2032-03-01T00:00:00.000-0300","principioAtivo":"ELEXACAFTOR, TEZACAFTOR, IVACAFTOR","situacaoApresentacao":"Válido","dataRegistro":"2022-03-02T00:00:00.000-0300","categoriaRegulatoria":{"codigo":6,"descricao":"Novo"},"medicamentoReferencia":null,"categoriaProduto":null,"tipoAutorizacao":"REGISTRADO","mesAnoVencimentoFormatado":"03/2032","numeroRegistroFormatado":"138230005","acancelar":false},"empresa":{"cnpj":"21798065000102","razaoSocial":"VERTEX FARMACEUTICA DO BRASIL LTDA.","numeroAutorizacao":null,"cnpjFormatado":"21.798.065/0001-02"},"processo":{"numero":"25351254526202191","situacao":29,"numeroProcessoFormatado":"25351.254526/2021-91"}}],"totalPages":1,"totalElements":6,"last":true,"numberOfElements":6,"first":true,"sort":null,"size":1000,"number":0}