{"content":[{"ordem":1,"produto":{"codigo":1327051,"nome":"GALAFOLD","numeroRegistro":"178730001","tipo":{"codigo":1,"descricao":null},"categoria":null,"situacaoRotulo":null,"dataVencimento":null,"mesAnoVencimento":"122024","dataVencimentoRegistro":"2024-12-01T00:00:00.000-0300","principioAtivo":null,"situacaoApresentacao":"Caduco/Cancelado","dataRegistro":"2019-12-02T00:00:00.000-0300","categoriaRegulatoria":{"codigo":6,"descricao":"Novo"},"medicamentoReferencia":null,"categoriaProduto":null,"tipoAutorizacao":"REGISTRADO","mesAnoVencimentoFormatado":"12/2024","numeroRegistroFormatado":"178730001","acancelar":false},"empresa":{"cnpj":"24331585000190","razaoSocial":"MULTICARE PHARMACEUTICALS LTDA","numeroAutorizacao":null,"cnpjFormatado":"24.331.585/0001-90"},"processo":{"numero":"25351306618201940","situacao":29,"numeroProcessoFormatado":"25351.306618/2019-40"}}],"totalPages":1,"totalElements":1,"last":true,"numberOfElements":1,"first":true,"sort":null,"size":1000,"number":0}