{"content":[{"ordem":1,"produto":{"codigo":1290203,"nome":"TRANSLARNA","numeroRegistro":"157700001","tipo":{"codigo":1,"descricao":null},"categoria":null,"situacaoRotulo":null,"dataVencimento":"2024-04-13T00:00:00.000-0300","mesAnoVencimento":"042029","dataVencimentoRegistro":"2029-04-01T00:00:00.000-0300","principioAtivo":"ATALURENO","situacaoApresentacao":"Válido","dataRegistro":"2019-04-29T00:00:00.000-0300","categoriaRegulatoria":{"codigo":6,"descricao":"Novo"},"medicamentoReferencia":null,"categoriaProduto":null,"tipoAutorizacao":"REGISTRADO","numeroRegistroFormatado":"157700001","mesAnoVencimentoFormatado":"04/2029","acancelar":false},"empresa":{"cnpj":"25210463000109","razaoSocial":"PTC FARMACEUTICA DO BRASIL LTDA.","numeroAutorizacao":null,"cnpjFormatado":"25.210.463/0001-09"},"processo":{"numero":"25351717381201767","situacao":29,"numeroProcessoFormatado":"25351.717381/2017-67"}},{"ordem":2,"produto":{"codigo":1299078,"nome":"Tegsedi","numeroRegistro":"157700002","tipo":{"codigo":1,"descricao":null},"categoria":null,"situacaoRotulo":null,"dataVencimento":"2024-10-09T00:00:00.000-0300","mesAnoVencimento":"102024","dataVencimentoRegistro":"2024-10-01T00:00:00.000-0300","principioAtivo":"INOTERSENA NONADECASSÓDICA","situacaoApresentacao":"Válido","dataRegistro":"2019-10-29T00:00:00.000-0300","categoriaRegulatoria":{"codigo":6,"descricao":"Novo"},"medicamentoReferencia":null,"categoriaProduto":null,"tipoAutorizacao":"REGISTRADO","numeroRegistroFormatado":"157700002","mesAnoVencimentoFormatado":"10/2024","acancelar":false},"empresa":{"cnpj":"25210463000109","razaoSocial":"PTC FARMACEUTICA DO BRASIL LTDA.","numeroAutorizacao":null,"cnpjFormatado":"25.210.463/0001-09"},"processo":{"numero":"25351859893201881","situacao":29,"numeroProcessoFormatado":"25351.859893/2018-81"}},{"ordem":3,"produto":{"codigo":1420509,"nome":"WAYLIVRA","numeroRegistro":"157700003","tipo":{"codigo":1,"descricao":null},"categoria":null,"situacaoRotulo":null,"dataVencimento":null,"mesAnoVencimento":"082024","dataVencimentoRegistro":"2024-08-01T00:00:00.000-0300","principioAtivo":"VOLANESORSENA SÓDICA","situacaoApresentacao":"Válido","dataRegistro":"2021-08-23T00:00:00.000-0300","categoriaRegulatoria":{"codigo":6,"descricao":"Novo"},"medicamentoReferencia":null,"categoriaProduto":null,"tipoAutorizacao":"REGISTRADO","numeroRegistroFormatado":"157700003","mesAnoVencimentoFormatado":"08/2024","acancelar":false},"empresa":{"cnpj":"25210463000109","razaoSocial":"PTC FARMACEUTICA DO BRASIL LTDA.","numeroAutorizacao":null,"cnpjFormatado":"25.210.463/0001-09"},"processo":{"numero":"25351593000202043","situacao":29,"numeroProcessoFormatado":"25351.593000/2020-43"}}],"totalPages":1,"totalElements":3,"last":true,"numberOfElements":3,"first":true,"sort":null,"size":1000,"number":0}