{"content":[{"ordem":1,"produto":{"codigo":2379,"nome":"CLARUS","numeroRegistro":"112350008","tipo":{"codigo":1,"descricao":null},"categoria":null,"situacaoRotulo":null,"dataVencimento":null,"mesAnoVencimento":"122013","dataVencimentoRegistro":"2013-12-01T00:00:00.000-0300","principioAtivo":null,"situacaoApresentacao":"Caduco/Cancelado","dataRegistro":"1998-12-09T00:00:00.000-0300","categoriaRegulatoria":{"codigo":8,"descricao":"Similar"},"medicamentoReferencia":null,"categoriaProduto":null,"tipoAutorizacao":"REGISTRADO","acancelar":false,"numeroRegistroFormatado":"112350008","mesAnoVencimentoFormatado":"12/2013"},"empresa":{"cnpj":"28361368000102","razaoSocial":"JOSPER FARMACÊUTICA LTDA","numeroAutorizacao":"1012358","cnpjFormatado":"28.361.368/0001-02"},"processo":{"numero":"250000301999782","situacao":29,"numeroProcessoFormatado":"25000.030199/97-82"}},{"ordem":2,"produto":{"codigo":346718,"nome":"JOSFENOL","numeroRegistro":"112350019","tipo":{"codigo":1,"descricao":null},"categoria":null,"situacaoRotulo":null,"dataVencimento":null,"mesAnoVencimento":"122008","dataVencimentoRegistro":"2008-12-01T00:00:00.000-0300","principioAtivo":null,"situacaoApresentacao":"Caduco/Cancelado","dataRegistro":"2003-12-16T00:00:00.000-0300","categoriaRegulatoria":{"codigo":8,"descricao":"Similar"},"medicamentoReferencia":null,"categoriaProduto":null,"tipoAutorizacao":"REGISTRADO","acancelar":false,"numeroRegistroFormatado":"112350019","mesAnoVencimentoFormatado":"12/2008"},"empresa":{"cnpj":"28361368000102","razaoSocial":"JOSPER FARMACÊUTICA LTDA","numeroAutorizacao":"1012358","cnpjFormatado":"28.361.368/0001-02"},"processo":{"numero":"253510322340194","situacao":29,"numeroProcessoFormatado":"25351.032234/01-94"}},{"ordem":3,"produto":{"codigo":5657,"nome":"MEBENDAZOL + TIABENDAZOL","numeroRegistro":"112350009","tipo":{"codigo":1,"descricao":null},"categoria":null,"situacaoRotulo":null,"dataVencimento":null,"mesAnoVencimento":"012009","dataVencimentoRegistro":"2009-01-01T00:00:00.000-0300","principioAtivo":null,"situacaoApresentacao":"Caduco/Cancelado","dataRegistro":"1999-01-14T00:00:00.000-0300","categoriaRegulatoria":{"codigo":8,"descricao":"Similar"},"medicamentoReferencia":null,"categoriaProduto":null,"tipoAutorizacao":"REGISTRADO","acancelar":false,"numeroRegistroFormatado":"112350009","mesAnoVencimentoFormatado":"01/2009"},"empresa":{"cnpj":"28361368000102","razaoSocial":"JOSPER FARMACÊUTICA LTDA","numeroAutorizacao":"1012358","cnpjFormatado":"28.361.368/0001-02"},"processo":{"numero":"250000301989710","situacao":29,"numeroProcessoFormatado":"25000.030198/97-10"}},{"ordem":4,"produto":{"codigo":4821,"nome":"MILAX","numeroRegistro":"112350010","tipo":{"codigo":1,"descricao":null},"categoria":null,"situacaoRotulo":null,"dataVencimento":null,"mesAnoVencimento":"012009","dataVencimentoRegistro":"2009-01-01T00:00:00.000-0300","principioAtivo":null,"situacaoApresentacao":"Caduco/Cancelado","dataRegistro":"1999-01-14T00:00:00.000-0300","categoriaRegulatoria":{"codigo":8,"descricao":"Similar"},"medicamentoReferencia":null,"categoriaProduto":null,"tipoAutorizacao":"REGISTRADO","acancelar":false,"numeroRegistroFormatado":"112350010","mesAnoVencimentoFormatado":"01/2009"},"empresa":{"cnpj":"28361368000102","razaoSocial":"JOSPER FARMACÊUTICA LTDA","numeroAutorizacao":"1012358","cnpjFormatado":"28.361.368/0001-02"},"processo":{"numero":"250000301909716","situacao":29,"numeroProcessoFormatado":"25000.030190/97-16"}},{"ordem":5,"produto":{"codigo":68363,"nome":"NASO JOSP","numeroRegistro":"112350012","tipo":{"codigo":1,"descricao":null},"categoria":null,"situacaoRotulo":null,"dataVencimento":null,"mesAnoVencimento":"032007","dataVencimentoRegistro":"2007-03-01T00:00:00.000-0300","principioAtivo":null,"situacaoApresentacao":"Caduco/Cancelado","dataRegistro":"2002-03-21T00:00:00.000-0300","categoriaRegulatoria":{"codigo":8,"descricao":"Similar"},"medicamentoReferencia":null,"categoriaProduto":null,"tipoAutorizacao":"REGISTRADO","acancelar":false,"numeroRegistroFormatado":"112350012","mesAnoVencimentoFormatado":"03/2007"},"empresa":{"cnpj":"28361368000102","razaoSocial":"JOSPER FARMACÊUTICA LTDA","numeroAutorizacao":"1012358","cnpjFormatado":"28.361.368/0001-02"},"processo":{"numero":"253510322350157","situacao":29,"numeroProcessoFormatado":"25351.032235/01-57"}},{"ordem":6,"produto":{"codigo":352911,"nome":"PRATAZINE","numeroRegistro":"112350020","tipo":{"codigo":1,"descricao":null},"categoria":null,"situacaoRotulo":null,"dataVencimento":null,"mesAnoVencimento":"032009","dataVencimentoRegistro":"2009-03-01T00:00:00.000-0300","principioAtivo":null,"situacaoApresentacao":"Caduco/Cancelado","dataRegistro":"2004-03-31T00:00:00.000-0300","categoriaRegulatoria":{"codigo":8,"descricao":"Similar"},"medicamentoReferencia":null,"categoriaProduto":null,"tipoAutorizacao":"REGISTRADO","acancelar":false,"numeroRegistroFormatado":"112350020","mesAnoVencimentoFormatado":"03/2009"},"empresa":{"cnpj":"28361368000102","razaoSocial":"JOSPER FARMACÊUTICA LTDA","numeroAutorizacao":"1012358","cnpjFormatado":"28.361.368/0001-02"},"processo":{"numero":"253510380260190","situacao":29,"numeroProcessoFormatado":"25351.038026/01-90"}},{"ordem":7,"produto":{"codigo":125262,"nome":"PULMOSOLVAN","numeroRegistro":"112350013","tipo":{"codigo":1,"descricao":null},"categoria":null,"situacaoRotulo":null,"dataVencimento":null,"mesAnoVencimento":"032007","dataVencimentoRegistro":"2007-03-01T00:00:00.000-0300","principioAtivo":null,"situacaoApresentacao":"Caduco/Cancelado","dataRegistro":"2002-03-27T00:00:00.000-0300","categoriaRegulatoria":{"codigo":8,"descricao":"Similar"},"medicamentoReferencia":null,"categoriaProduto":null,"tipoAutorizacao":"REGISTRADO","acancelar":false,"numeroRegistroFormatado":"112350013","mesAnoVencimentoFormatado":"03/2007"},"empresa":{"cnpj":"28361368000102","razaoSocial":"JOSPER FARMACÊUTICA LTDA","numeroAutorizacao":"1012358","cnpjFormatado":"28.361.368/0001-02"},"processo":{"numero":"253510318870192","situacao":29,"numeroProcessoFormatado":"25351.031887/01-92"}},{"ordem":8,"produto":{"codigo":3658,"nome":"ZITALGIN","numeroRegistro":"112350011","tipo":{"codigo":1,"descricao":null},"categoria":null,"situacaoRotulo":null,"dataVencimento":null,"mesAnoVencimento":"022004","dataVencimentoRegistro":"2004-02-01T00:00:00.000-0300","principioAtivo":null,"situacaoApresentacao":"Caduco/Cancelado","dataRegistro":"1999-02-10T00:00:00.000-0300","categoriaRegulatoria":{"codigo":8,"descricao":"Similar"},"medicamentoReferencia":null,"categoriaProduto":null,"tipoAutorizacao":"REGISTRADO","acancelar":false,"numeroRegistroFormatado":"112350011","mesAnoVencimentoFormatado":"02/2004"},"empresa":{"cnpj":"28361368000102","razaoSocial":"JOSPER FARMACÊUTICA LTDA","numeroAutorizacao":"1012358","cnpjFormatado":"28.361.368/0001-02"},"processo":{"numero":"2500000940494","situacao":29,"numeroProcessoFormatado":"25000.009404/94"}}],"totalPages":1,"totalElements":8,"last":true,"numberOfElements":8,"first":true,"sort":null,"size":1000,"number":0}