{"content":[{"ordem":1,"produto":{"codigo":2279,"nome":"DILUENTE - SOLUÇÃO SALINA FENOLADA","numeroRegistro":"117290002","tipo":{"codigo":1,"descricao":null},"categoria":null,"situacaoRotulo":null,"dataVencimento":null,"mesAnoVencimento":"062010","dataVencimentoRegistro":"2010-06-01T00:00:00.000-0300","principioAtivo":null,"situacaoApresentacao":"Caduco/Cancelado","dataRegistro":"2000-06-28T00:00:00.000-0300","categoriaRegulatoria":{"codigo":8,"descricao":"Similar"},"medicamentoReferencia":null,"categoriaProduto":null,"tipoAutorizacao":"REGISTRADO","acancelar":false,"mesAnoVencimentoFormatado":"06/2010","numeroRegistroFormatado":"117290002"},"empresa":{"cnpj":"28614626000107","razaoSocial":"LABORATORIO DE EXTRATOS ALERGENICOS LTDA","numeroAutorizacao":"1017295","cnpjFormatado":"28.614.626/0001-07"},"processo":{"numero":"250000334639866","situacao":29,"numeroProcessoFormatado":"25000.033463/98-66"}},{"ordem":2,"produto":{"codigo":2203,"nome":"DILUENTE AP","numeroRegistro":"117290007","tipo":{"codigo":1,"descricao":null},"categoria":null,"situacaoRotulo":null,"dataVencimento":null,"mesAnoVencimento":"072011","dataVencimentoRegistro":"2011-07-01T00:00:00.000-0300","principioAtivo":null,"situacaoApresentacao":"Caduco/Cancelado","dataRegistro":"2001-07-06T00:00:00.000-0300","categoriaRegulatoria":{"codigo":8,"descricao":"Similar"},"medicamentoReferencia":null,"categoriaProduto":null,"tipoAutorizacao":"REGISTRADO","acancelar":false,"mesAnoVencimentoFormatado":"07/2011","numeroRegistroFormatado":"117290007"},"empresa":{"cnpj":"28614626000107","razaoSocial":"LABORATORIO DE EXTRATOS ALERGENICOS LTDA","numeroAutorizacao":"1017295","cnpjFormatado":"28.614.626/0001-07"},"processo":{"numero":"253510257690009","situacao":29,"numeroProcessoFormatado":"25351.025769/00-09"}},{"ordem":3,"produto":{"codigo":5385,"nome":"EXTRALERG","numeroRegistro":"117290008","tipo":{"codigo":1,"descricao":null},"categoria":null,"situacaoRotulo":null,"dataVencimento":null,"mesAnoVencimento":"102026","dataVencimentoRegistro":"2026-10-01T00:00:00.000-0300","principioAtivo":"LISADO BACTERIANO","situacaoApresentacao":"Válido","dataRegistro":"2001-10-15T00:00:00.000-0200","categoriaRegulatoria":{"codigo":8,"descricao":"Similar"},"medicamentoReferencia":null,"categoriaProduto":null,"tipoAutorizacao":"REGISTRADO","acancelar":false,"mesAnoVencimentoFormatado":"10/2026","numeroRegistroFormatado":"117290008"},"empresa":{"cnpj":"28614626000107","razaoSocial":"LABORATORIO DE EXTRATOS ALERGENICOS LTDA","numeroAutorizacao":"1017295","cnpjFormatado":"28.614.626/0001-07"},"processo":{"numero":"253510027450154","situacao":29,"numeroProcessoFormatado":"25351.002745/01-54"}},{"ordem":4,"produto":{"codigo":4023,"nome":"EXTRATO DE CÉLULAS TÍMICAS","numeroRegistro":"117290005","tipo":{"codigo":1,"descricao":null},"categoria":null,"situacaoRotulo":null,"dataVencimento":null,"mesAnoVencimento":"012026","dataVencimentoRegistro":"2026-01-01T00:00:00.000-0300","principioAtivo":"timostimulina","situacaoApresentacao":"Válido","dataRegistro":"2001-01-05T00:00:00.000-0300","categoriaRegulatoria":{"codigo":8,"descricao":"Similar"},"medicamentoReferencia":null,"categoriaProduto":null,"tipoAutorizacao":"REGISTRADO","acancelar":false,"mesAnoVencimentoFormatado":"01/2026","numeroRegistroFormatado":"117290005"},"empresa":{"cnpj":"28614626000107","razaoSocial":"LABORATORIO DE EXTRATOS ALERGENICOS LTDA","numeroAutorizacao":"1017295","cnpjFormatado":"28.614.626/0001-07"},"processo":{"numero":"250000179829237","situacao":29,"numeroProcessoFormatado":"25000.017982/92-37"}},{"ordem":5,"produto":{"codigo":493387,"nome":"EXTRATOS ALERGÊNICOS DE ÁCAROS CONCENTRADOS","numeroRegistro":"117290013","tipo":{"codigo":1,"descricao":null},"categoria":null,"situacaoRotulo":null,"dataVencimento":null,"mesAnoVencimento":"092028","dataVencimentoRegistro":"2028-09-01T00:00:00.000-0300","principioAtivo":"PROTEÍNAS","situacaoApresentacao":"Válido","dataRegistro":"2008-09-15T00:00:00.000-0300","categoriaRegulatoria":{"codigo":1,"descricao":"Biológico"},"medicamentoReferencia":null,"categoriaProduto":null,"tipoAutorizacao":"REGISTRADO","acancelar":false,"mesAnoVencimentoFormatado":"09/2028","numeroRegistroFormatado":"117290013"},"empresa":{"cnpj":"28614626000107","razaoSocial":"LABORATORIO DE EXTRATOS ALERGENICOS LTDA","numeroAutorizacao":"1017295","cnpjFormatado":"28.614.626/0001-07"},"processo":{"numero":"25351313632200685","situacao":29,"numeroProcessoFormatado":"25351.313632/2006-85"}},{"ordem":6,"produto":{"codigo":138933,"nome":"FUNGOLAN","numeroRegistro":"117290010","tipo":{"codigo":1,"descricao":null},"categoria":null,"situacaoRotulo":null,"dataVencimento":null,"mesAnoVencimento":"112007","dataVencimentoRegistro":"2007-11-01T00:00:00.000-0300","principioAtivo":null,"situacaoApresentacao":"Caduco/Cancelado","dataRegistro":"2002-11-08T00:00:00.000-0300","categoriaRegulatoria":{"codigo":1,"descricao":"Biológico"},"medicamentoReferencia":null,"categoriaProduto":null,"tipoAutorizacao":"REGISTRADO","acancelar":false,"mesAnoVencimentoFormatado":"11/2007","numeroRegistroFormatado":"117290010"},"empresa":{"cnpj":"28614626000107","razaoSocial":"LABORATORIO DE EXTRATOS ALERGENICOS LTDA","numeroAutorizacao":"1017295","cnpjFormatado":"28.614.626/0001-07"},"processo":{"numero":"253510185290077","situacao":20,"numeroProcessoFormatado":"25351.018529/00-77"}},{"ordem":7,"produto":{"codigo":4646,"nome":"GLUCAN","numeroRegistro":"117290004","tipo":{"codigo":1,"descricao":null},"categoria":null,"situacaoRotulo":null,"dataVencimento":null,"mesAnoVencimento":"112005","dataVencimentoRegistro":"2005-11-01T00:00:00.000-0300","principioAtivo":null,"situacaoApresentacao":"Caduco/Cancelado","dataRegistro":"2000-11-03T00:00:00.000-0300","categoriaRegulatoria":{"codigo":8,"descricao":"Similar"},"medicamentoReferencia":null,"categoriaProduto":null,"tipoAutorizacao":"REGISTRADO","acancelar":false,"mesAnoVencimentoFormatado":"11/2005","numeroRegistroFormatado":"117290004"},"empresa":{"cnpj":"28614626000107","razaoSocial":"LABORATORIO DE EXTRATOS ALERGENICOS LTDA","numeroAutorizacao":"1017295","cnpjFormatado":"28.614.626/0001-07"},"processo":{"numero":"250000179819274","situacao":29,"numeroProcessoFormatado":"25000.017981/92-74"}},{"ordem":8,"produto":{"codigo":7474,"nome":"IMUNOPROTEIN","numeroRegistro":"117290003","tipo":{"codigo":1,"descricao":null},"categoria":null,"situacaoRotulo":null,"dataVencimento":null,"mesAnoVencimento":"082010","dataVencimentoRegistro":"2010-08-01T00:00:00.000-0300","principioAtivo":null,"situacaoApresentacao":"Caduco/Cancelado","dataRegistro":"2000-08-21T00:00:00.000-0300","categoriaRegulatoria":{"codigo":8,"descricao":"Similar"},"medicamentoReferencia":null,"categoriaProduto":null,"tipoAutorizacao":"REGISTRADO","acancelar":false,"mesAnoVencimentoFormatado":"08/2010","numeroRegistroFormatado":"117290003"},"empresa":{"cnpj":"28614626000107","razaoSocial":"LABORATORIO DE EXTRATOS ALERGENICOS LTDA","numeroAutorizacao":"1017295","cnpjFormatado":"28.614.626/0001-07"},"processo":{"numero":"250000539819912","situacao":29,"numeroProcessoFormatado":"25000.053981/99-12"}},{"ordem":9,"produto":{"codigo":271978,"nome":"INSETIVAC","numeroRegistro":"117290012","tipo":{"codigo":1,"descricao":null},"categoria":null,"situacaoRotulo":null,"dataVencimento":null,"mesAnoVencimento":"072028","dataVencimentoRegistro":"2028-07-01T00:00:00.000-0300","principioAtivo":"EXTRATOS ALERGÊNICOS DE INSETOS SUGADORES","situacaoApresentacao":"Válido","dataRegistro":"2003-07-28T00:00:00.000-0300","categoriaRegulatoria":{"codigo":1,"descricao":"Biológico"},"medicamentoReferencia":null,"categoriaProduto":null,"tipoAutorizacao":"REGISTRADO","acancelar":false,"mesAnoVencimentoFormatado":"07/2028","numeroRegistroFormatado":"117290012"},"empresa":{"cnpj":"28614626000107","razaoSocial":"LABORATORIO DE EXTRATOS ALERGENICOS LTDA","numeroAutorizacao":"1017295","cnpjFormatado":"28.614.626/0001-07"},"processo":{"numero":"253510185280012","situacao":29,"numeroProcessoFormatado":"25351.018528/00-12"}},{"ordem":10,"produto":{"codigo":276553,"nome":"Imunotransferan","numeroRegistro":"117290011","tipo":{"codigo":1,"descricao":null},"categoria":null,"situacaoRotulo":null,"dataVencimento":null,"mesAnoVencimento":"052028","dataVencimentoRegistro":"2028-05-01T00:00:00.000-0300","principioAtivo":"POLIPEPTÍDEO DIALIZÁVEL DE EXTRATO DE LEUCÓCITO","situacaoApresentacao":"Válido","dataRegistro":"2003-06-04T00:00:00.000-0300","categoriaRegulatoria":{"codigo":1,"descricao":"Biológico"},"medicamentoReferencia":null,"categoriaProduto":null,"tipoAutorizacao":"REGISTRADO","acancelar":false,"mesAnoVencimentoFormatado":"05/2028","numeroRegistroFormatado":"117290011"},"empresa":{"cnpj":"28614626000107","razaoSocial":"LABORATORIO DE EXTRATOS ALERGENICOS LTDA","numeroAutorizacao":"1017295","cnpjFormatado":"28.614.626/0001-07"},"processo":{"numero":"253510147340054","situacao":29,"numeroProcessoFormatado":"25351.014734/00-54"}},{"ordem":11,"produto":{"codigo":1275522,"nome":"NICE","numeroRegistro":"117290014","tipo":{"codigo":1,"descricao":null},"categoria":null,"situacaoRotulo":null,"dataVencimento":null,"mesAnoVencimento":"022030","dataVencimentoRegistro":"2030-02-01T00:00:00.000-0300","principioAtivo":"CLORETO DE SÓDIO","situacaoApresentacao":"Válido","dataRegistro":"2020-02-10T00:00:00.000-0300","categoriaRegulatoria":{"codigo":3,"descricao":"Específico"},"medicamentoReferencia":null,"categoriaProduto":null,"tipoAutorizacao":"REGISTRADO","acancelar":false,"mesAnoVencimentoFormatado":"02/2030","numeroRegistroFormatado":"117290014"},"empresa":{"cnpj":"28614626000107","razaoSocial":"LABORATORIO DE EXTRATOS ALERGENICOS LTDA","numeroAutorizacao":"1017295","cnpjFormatado":"28.614.626/0001-07"},"processo":{"numero":"25351613837201800","situacao":29,"numeroProcessoFormatado":"25351.613837/2018-00"}},{"ordem":12,"produto":{"codigo":1807383,"nome":"ORAICE","numeroRegistro":"117290015","tipo":{"codigo":1,"descricao":null},"categoria":null,"situacaoRotulo":null,"dataVencimento":"2032-09-26T00:00:00.000-0300","mesAnoVencimento":"092032","dataVencimentoRegistro":"2032-09-01T00:00:00.000-0300","principioAtivo":"CLORETO DE SÓDIO","situacaoApresentacao":"Válido","dataRegistro":"2022-09-26T00:00:00.000-0300","categoriaRegulatoria":{"codigo":3,"descricao":"Específico"},"medicamentoReferencia":null,"categoriaProduto":null,"tipoAutorizacao":"REGISTRADO","acancelar":false,"mesAnoVencimentoFormatado":"09/2032","numeroRegistroFormatado":"117290015"},"empresa":{"cnpj":"28614626000107","razaoSocial":"LABORATORIO DE EXTRATOS ALERGENICOS LTDA","numeroAutorizacao":"1017295","cnpjFormatado":"28.614.626/0001-07"},"processo":{"numero":"25351713465202027","situacao":29,"numeroProcessoFormatado":"25351.713465/2020-27"}},{"ordem":13,"produto":{"codigo":3128,"nome":"PARVULAN","numeroRegistro":"117290006","tipo":{"codigo":1,"descricao":null},"categoria":null,"situacaoRotulo":null,"dataVencimento":null,"mesAnoVencimento":"062026","dataVencimentoRegistro":"2026-06-01T00:00:00.000-0300","principioAtivo":"CORYNEBACTERIUM PARVUM","situacaoApresentacao":"Válido","dataRegistro":"2001-06-22T00:00:00.000-0300","categoriaRegulatoria":{"codigo":1,"descricao":"Biológico"},"medicamentoReferencia":null,"categoriaProduto":null,"tipoAutorizacao":"REGISTRADO","acancelar":false,"mesAnoVencimentoFormatado":"06/2026","numeroRegistroFormatado":"117290006"},"empresa":{"cnpj":"28614626000107","razaoSocial":"LABORATORIO DE EXTRATOS ALERGENICOS LTDA","numeroAutorizacao":"1017295","cnpjFormatado":"28.614.626/0001-07"},"processo":{"numero":"253510257700080","situacao":29,"numeroProcessoFormatado":"25351.025770/00-80"}},{"ordem":14,"produto":{"codigo":137700,"nome":"PLUSVAC","numeroRegistro":"117290009","tipo":{"codigo":1,"descricao":null},"categoria":null,"situacaoRotulo":null,"dataVencimento":null,"mesAnoVencimento":"072027","dataVencimentoRegistro":"2027-07-01T00:00:00.000-0300","principioAtivo":"LÃ DE CARNEIRO, FUNGOS DE AR, FUNGOS DO AR, ÁCAROS, ANTIGENOS BACTERIANOS SOB A FORMA DE LISADOS, ANTÍGENOS BACTERIANAS SOB A FORMA DE LISADO","situacaoApresentacao":"Válido","dataRegistro":"2002-07-24T00:00:00.000-0300","categoriaRegulatoria":{"codigo":1,"descricao":"Biológico"},"medicamentoReferencia":null,"categoriaProduto":null,"tipoAutorizacao":"REGISTRADO","acancelar":false,"mesAnoVencimentoFormatado":"07/2027","numeroRegistroFormatado":"117290009"},"empresa":{"cnpj":"28614626000107","razaoSocial":"LABORATORIO DE EXTRATOS ALERGENICOS LTDA","numeroAutorizacao":"1017295","cnpjFormatado":"28.614.626/0001-07"},"processo":{"numero":"253510159460068","situacao":29,"numeroProcessoFormatado":"25351.015946/00-68"}}],"totalElements":14,"totalPages":1,"last":true,"numberOfElements":14,"size":1000,"number":0,"first":true,"sort":null}