{"content":[{"ordem":1,"produto":{"codigo":172061,"nome":"ACICLOVAN","numeroRegistro":"109220189","tipo":{"codigo":1,"descricao":null},"categoria":null,"situacaoRotulo":null,"dataVencimento":null,"mesAnoVencimento":"022008","dataVencimentoRegistro":"2008-02-01T00:00:00.000-0300","principioAtivo":null,"situacaoApresentacao":"Caduco/Cancelado","dataRegistro":"2003-02-26T00:00:00.000-0300","categoriaRegulatoria":{"codigo":8,"descricao":"Similar"},"medicamentoReferencia":null,"categoriaProduto":null,"tipoAutorizacao":"REGISTRADO","numeroRegistroFormatado":"109220189","mesAnoVencimentoFormatado":"02/2008","acancelar":false},"empresa":{"cnpj":"28643633000137","razaoSocial":"H B FARMA LABORATÓRIOS LTDA","numeroAutorizacao":"1009224","cnpjFormatado":"28.643.633/0001-37"},"processo":{"numero":"25351160812200224","situacao":29,"numeroProcessoFormatado":"25351.160812/2002-24"}},{"ordem":2,"produto":{"codigo":403505,"nome":"ACIDEX","numeroRegistro":"109220102","tipo":{"codigo":1,"descricao":null},"categoria":null,"situacaoRotulo":null,"dataVencimento":null,"mesAnoVencimento":"102008","dataVencimentoRegistro":"2008-10-01T00:00:00.000-0300","principioAtivo":null,"situacaoApresentacao":"Caduco/Cancelado","dataRegistro":"1988-10-24T00:00:00.000-0200","categoriaRegulatoria":{"codigo":8,"descricao":"Similar"},"medicamentoReferencia":null,"categoriaProduto":null,"tipoAutorizacao":"REGISTRADO","numeroRegistroFormatado":"109220102","mesAnoVencimentoFormatado":"10/2008","acancelar":false},"empresa":{"cnpj":"28643633000137","razaoSocial":"H B FARMA LABORATÓRIOS LTDA","numeroAutorizacao":"1009224","cnpjFormatado":"28.643.633/0001-37"},"processo":{"numero":"2500100641585","situacao":29,"numeroProcessoFormatado":"25001.006415/85"}},{"ordem":3,"produto":{"codigo":125816,"nome":"ACIDEX","numeroRegistro":"109220161","tipo":{"codigo":1,"descricao":null},"categoria":null,"situacaoRotulo":null,"dataVencimento":null,"mesAnoVencimento":"062007","dataVencimentoRegistro":"2007-06-01T00:00:00.000-0300","principioAtivo":null,"situacaoApresentacao":"Caduco/Cancelado","dataRegistro":"2002-06-17T00:00:00.000-0300","categoriaRegulatoria":{"codigo":8,"descricao":"Similar"},"medicamentoReferencia":null,"categoriaProduto":null,"tipoAutorizacao":"REGISTRADO","numeroRegistroFormatado":"109220161","mesAnoVencimentoFormatado":"06/2007","acancelar":false},"empresa":{"cnpj":"28643633000137","razaoSocial":"H B FARMA LABORATÓRIOS LTDA","numeroAutorizacao":"1009224","cnpjFormatado":"28.643.633/0001-37"},"processo":{"numero":"253510085320217","situacao":29,"numeroProcessoFormatado":"25351.008532/02-17"}},{"ordem":4,"produto":{"codigo":133542,"nome":"ADALEX","numeroRegistro":"109220168","tipo":{"codigo":1,"descricao":null},"categoria":null,"situacaoRotulo":null,"dataVencimento":null,"mesAnoVencimento":"102012","dataVencimentoRegistro":"2012-10-01T00:00:00.000-0300","principioAtivo":null,"situacaoApresentacao":"Caduco/Cancelado","dataRegistro":"2002-10-02T00:00:00.000-0300","categoriaRegulatoria":{"codigo":8,"descricao":"Similar"},"medicamentoReferencia":null,"categoriaProduto":null,"tipoAutorizacao":"REGISTRADO","numeroRegistroFormatado":"109220168","mesAnoVencimentoFormatado":"10/2012","acancelar":false},"empresa":{"cnpj":"28643633000137","razaoSocial":"H B FARMA LABORATÓRIOS LTDA","numeroAutorizacao":"1009224","cnpjFormatado":"28.643.633/0001-37"},"processo":{"numero":"25351160780200267","situacao":29,"numeroProcessoFormatado":"25351.160780/2002-67"}},{"ordem":5,"produto":{"codigo":3629,"nome":"ADEGRIP","numeroRegistro":"109220064","tipo":{"codigo":1,"descricao":null},"categoria":null,"situacaoRotulo":null,"dataVencimento":null,"mesAnoVencimento":"032007","dataVencimentoRegistro":"2007-03-01T00:00:00.000-0300","principioAtivo":null,"situacaoApresentacao":"Caduco/Cancelado","dataRegistro":"2001-01-24T00:00:00.000-0300","categoriaRegulatoria":{"codigo":8,"descricao":"Similar"},"medicamentoReferencia":null,"categoriaProduto":null,"tipoAutorizacao":"REGISTRADO","numeroRegistroFormatado":"109220064","mesAnoVencimentoFormatado":"03/2007","acancelar":false},"empresa":{"cnpj":"28643633000137","razaoSocial":"H B FARMA LABORATÓRIOS LTDA","numeroAutorizacao":"1009224","cnpjFormatado":"28.643.633/0001-37"},"processo":{"numero":"2599201827771","situacao":29,"numeroProcessoFormatado":"25992.018277/71"}},{"ordem":6,"produto":{"codigo":124832,"nome":"ALBENDAZOL","numeroRegistro":"109220112","tipo":{"codigo":1,"descricao":null},"categoria":null,"situacaoRotulo":null,"dataVencimento":null,"mesAnoVencimento":"022007","dataVencimentoRegistro":"2007-02-01T00:00:00.000-0300","principioAtivo":null,"situacaoApresentacao":"Caduco/Cancelado","dataRegistro":"2002-05-03T00:00:00.000-0300","categoriaRegulatoria":{"codigo":8,"descricao":"Similar"},"medicamentoReferencia":null,"categoriaProduto":null,"tipoAutorizacao":"REGISTRADO","numeroRegistroFormatado":"109220112","mesAnoVencimentoFormatado":"02/2007","acancelar":false},"empresa":{"cnpj":"28643633000137","razaoSocial":"H B FARMA LABORATÓRIOS LTDA","numeroAutorizacao":"1009224","cnpjFormatado":"28.643.633/0001-37"},"processo":{"numero":"2599200121957","situacao":29,"numeroProcessoFormatado":"25992.001219/57"}},{"ordem":7,"produto":{"codigo":536777,"nome":"ALCACHOFRA HERALD'S","numeroRegistro":"109220206","tipo":{"codigo":1,"descricao":null},"categoria":null,"situacaoRotulo":null,"dataVencimento":null,"mesAnoVencimento":"092013","dataVencimentoRegistro":"2013-09-01T00:00:00.000-0300","principioAtivo":null,"situacaoApresentacao":"Caduco/Cancelado","dataRegistro":"2008-04-14T00:00:00.000-0300","categoriaRegulatoria":{"codigo":4,"descricao":"Fitoterápico"},"medicamentoReferencia":null,"categoriaProduto":null,"tipoAutorizacao":"REGISTRADO","numeroRegistroFormatado":"109220206","mesAnoVencimentoFormatado":"09/2013","acancelar":false},"empresa":{"cnpj":"28643633000137","razaoSocial":"H B FARMA LABORATÓRIOS LTDA","numeroAutorizacao":"1009224","cnpjFormatado":"28.643.633/0001-37"},"processo":{"numero":"25351273428200703","situacao":31,"numeroProcessoFormatado":"25351.273428/2007-03"}},{"ordem":8,"produto":{"codigo":6680,"nome":"ALGI DORSEROL","numeroRegistro":"109220023","tipo":{"codigo":1,"descricao":null},"categoria":null,"situacaoRotulo":null,"dataVencimento":null,"mesAnoVencimento":"082004","dataVencimentoRegistro":"2004-08-01T00:00:00.000-0300","principioAtivo":null,"situacaoApresentacao":"Caduco/Cancelado","dataRegistro":"2001-04-02T00:00:00.000-0300","categoriaRegulatoria":{"codigo":8,"descricao":"Similar"},"medicamentoReferencia":null,"categoriaProduto":null,"tipoAutorizacao":"REGISTRADO","numeroRegistroFormatado":"109220023","mesAnoVencimentoFormatado":"08/2004","acancelar":false},"empresa":{"cnpj":"28643633000137","razaoSocial":"H B FARMA LABORATÓRIOS LTDA","numeroAutorizacao":"1009224","cnpjFormatado":"28.643.633/0001-37"},"processo":{"numero":"2599200924274","situacao":29,"numeroProcessoFormatado":"25992.009242/74"}},{"ordem":9,"produto":{"codigo":803,"nome":"AMOXICILINA TRIIDRATADA","numeroRegistro":"109220142","tipo":{"codigo":1,"descricao":null},"categoria":null,"situacaoRotulo":null,"dataVencimento":null,"mesAnoVencimento":"072002","dataVencimentoRegistro":"2002-07-01T00:00:00.000-0300","principioAtivo":null,"situacaoApresentacao":"Caduco/Cancelado","dataRegistro":"2001-04-18T00:00:00.000-0300","categoriaRegulatoria":{"codigo":8,"descricao":"Similar"},"medicamentoReferencia":null,"categoriaProduto":null,"tipoAutorizacao":"REGISTRADO","numeroRegistroFormatado":"109220142","mesAnoVencimentoFormatado":"07/2002","acancelar":false},"empresa":{"cnpj":"28643633000137","razaoSocial":"H B FARMA LABORATÓRIOS LTDA","numeroAutorizacao":"1009224","cnpjFormatado":"28.643.633/0001-37"},"processo":{"numero":"2599200769072","situacao":29,"numeroProcessoFormatado":"25992.007690/72"}},{"ordem":10,"produto":{"codigo":861,"nome":"AMPICLER","numeroRegistro":"109220003","tipo":{"codigo":1,"descricao":null},"categoria":null,"situacaoRotulo":null,"dataVencimento":null,"mesAnoVencimento":"092005","dataVencimentoRegistro":"2005-09-01T00:00:00.000-0300","principioAtivo":null,"situacaoApresentacao":"Caduco/Cancelado","dataRegistro":"2000-11-09T00:00:00.000-0300","categoriaRegulatoria":{"codigo":8,"descricao":"Similar"},"medicamentoReferencia":null,"categoriaProduto":null,"tipoAutorizacao":"REGISTRADO","numeroRegistroFormatado":"109220003","mesAnoVencimentoFormatado":"09/2005","acancelar":false},"empresa":{"cnpj":"28643633000137","razaoSocial":"H B FARMA LABORATÓRIOS LTDA","numeroAutorizacao":"1009224","cnpjFormatado":"28.643.633/0001-37"},"processo":{"numero":"2599200281375","situacao":29,"numeroProcessoFormatado":"25992.002813/75"}},{"ordem":11,"produto":{"codigo":280629,"nome":"BECEVIT","numeroRegistro":"109220054","tipo":{"codigo":1,"descricao":null},"categoria":null,"situacaoRotulo":null,"dataVencimento":null,"mesAnoVencimento":"052005","dataVencimentoRegistro":"2005-05-01T00:00:00.000-0300","principioAtivo":null,"situacaoApresentacao":"Caduco/Cancelado","dataRegistro":"1975-05-30T00:00:00.000-0300","categoriaRegulatoria":{"codigo":8,"descricao":"Similar"},"medicamentoReferencia":null,"categoriaProduto":null,"tipoAutorizacao":"REGISTRADO","numeroRegistroFormatado":"109220054","mesAnoVencimentoFormatado":"05/2005","acancelar":false},"empresa":{"cnpj":"28643633000137","razaoSocial":"H B FARMA LABORATÓRIOS LTDA","numeroAutorizacao":"1009224","cnpjFormatado":"28.643.633/0001-37"},"processo":{"numero":"2599201749574","situacao":29,"numeroProcessoFormatado":"25992.017495/74"}},{"ordem":12,"produto":{"codigo":361932,"nome":"BENETOSS","numeroRegistro":"109220007","tipo":{"codigo":1,"descricao":null},"categoria":null,"situacaoRotulo":null,"dataVencimento":null,"mesAnoVencimento":"052009","dataVencimentoRegistro":"2009-05-01T00:00:00.000-0300","principioAtivo":null,"situacaoApresentacao":"Caduco/Cancelado","dataRegistro":"2004-06-30T00:00:00.000-0300","categoriaRegulatoria":{"codigo":8,"descricao":"Similar"},"medicamentoReferencia":null,"categoriaProduto":null,"tipoAutorizacao":"REGISTRADO","numeroRegistroFormatado":"109220007","mesAnoVencimentoFormatado":"05/2009","acancelar":false},"empresa":{"cnpj":"28643633000137","razaoSocial":"H B FARMA LABORATÓRIOS LTDA","numeroAutorizacao":"1009224","cnpjFormatado":"28.643.633/0001-37"},"processo":{"numero":"2599201168771","situacao":29,"numeroProcessoFormatado":"25992.011687/71"}},{"ordem":13,"produto":{"codigo":449242,"nome":"BEVIT","numeroRegistro":"109220100","tipo":{"codigo":1,"descricao":null},"categoria":null,"situacaoRotulo":null,"dataVencimento":null,"mesAnoVencimento":"072001","dataVencimentoRegistro":"2001-07-01T00:00:00.000-0300","principioAtivo":null,"situacaoApresentacao":"Caduco/Cancelado","dataRegistro":"1971-07-05T00:00:00.000-0300","categoriaRegulatoria":{"codigo":3,"descricao":"Específico"},"medicamentoReferencia":null,"categoriaProduto":null,"tipoAutorizacao":"REGISTRADO","numeroRegistroFormatado":"109220100","mesAnoVencimentoFormatado":"07/2001","acancelar":false},"empresa":{"cnpj":"28643633000137","razaoSocial":"H B FARMA LABORATÓRIOS LTDA","numeroAutorizacao":"1009224","cnpjFormatado":"28.643.633/0001-37"},"processo":{"numero":"2599200717671","situacao":29,"numeroProcessoFormatado":"25992.007176/71"}},{"ordem":14,"produto":{"codigo":140898,"nome":"BRACIMICIN","numeroRegistro":"109220170","tipo":{"codigo":1,"descricao":null},"categoria":null,"situacaoRotulo":null,"dataVencimento":null,"mesAnoVencimento":"102007","dataVencimentoRegistro":"2007-10-01T00:00:00.000-0300","principioAtivo":null,"situacaoApresentacao":"Caduco/Cancelado","dataRegistro":"2002-10-04T00:00:00.000-0300","categoriaRegulatoria":{"codigo":8,"descricao":"Similar"},"medicamentoReferencia":null,"categoriaProduto":null,"tipoAutorizacao":"REGISTRADO","numeroRegistroFormatado":"109220170","mesAnoVencimentoFormatado":"10/2007","acancelar":false},"empresa":{"cnpj":"28643633000137","razaoSocial":"H B FARMA LABORATÓRIOS LTDA","numeroAutorizacao":"1009224","cnpjFormatado":"28.643.633/0001-37"},"processo":{"numero":"25351160917200283","situacao":29,"numeroProcessoFormatado":"25351.160917/2002-83"}},{"ordem":15,"produto":{"codigo":137850,"nome":"BRONQUIASMA","numeroRegistro":"109220008","tipo":{"codigo":1,"descricao":null},"categoria":null,"situacaoRotulo":null,"dataVencimento":null,"mesAnoVencimento":"112006","dataVencimentoRegistro":"2006-11-01T00:00:00.000-0300","principioAtivo":null,"situacaoApresentacao":"Caduco/Cancelado","dataRegistro":"2002-07-22T00:00:00.000-0300","categoriaRegulatoria":{"codigo":8,"descricao":"Similar"},"medicamentoReferencia":null,"categoriaProduto":null,"tipoAutorizacao":"REGISTRADO","numeroRegistroFormatado":"109220008","mesAnoVencimentoFormatado":"11/2006","acancelar":false},"empresa":{"cnpj":"28643633000137","razaoSocial":"H B FARMA LABORATÓRIOS LTDA","numeroAutorizacao":"1009224","cnpjFormatado":"28.643.633/0001-37"},"processo":{"numero":"2599201282571","situacao":29,"numeroProcessoFormatado":"25992.012825/71"}},{"ordem":16,"produto":{"codigo":419233,"nome":"BUCLITINA","numeroRegistro":"109220009","tipo":{"codigo":1,"descricao":null},"categoria":null,"situacaoRotulo":null,"dataVencimento":null,"mesAnoVencimento":"122009","dataVencimentoRegistro":"2009-12-01T00:00:00.000-0300","principioAtivo":null,"situacaoApresentacao":"Caduco/Cancelado","dataRegistro":"1989-12-31T00:00:00.000-0200","categoriaRegulatoria":{"codigo":8,"descricao":"Similar"},"medicamentoReferencia":null,"categoriaProduto":null,"tipoAutorizacao":"REGISTRADO","numeroRegistroFormatado":"109220009","mesAnoVencimentoFormatado":"12/2009","acancelar":false},"empresa":{"cnpj":"28643633000137","razaoSocial":"H B FARMA LABORATÓRIOS LTDA","numeroAutorizacao":"1009224","cnpjFormatado":"28.643.633/0001-37"},"processo":{"numero":"2599201664872","situacao":29,"numeroProcessoFormatado":"25992.016648/72"}},{"ordem":17,"produto":{"codigo":137979,"nome":"CALAMINA + CLORIDRATO DE DINEFIDRAMINA + CANFORA","numeroRegistro":"109220101","tipo":{"codigo":1,"descricao":null},"categoria":null,"situacaoRotulo":null,"dataVencimento":null,"mesAnoVencimento":"022002","dataVencimentoRegistro":"2002-02-01T00:00:00.000-0200","principioAtivo":null,"situacaoApresentacao":"Caduco/Cancelado","dataRegistro":"1987-02-04T00:00:00.000-0200","categoriaRegulatoria":{"codigo":6,"descricao":"Novo"},"medicamentoReferencia":null,"categoriaProduto":null,"tipoAutorizacao":"REGISTRADO","numeroRegistroFormatado":"109220101","mesAnoVencimentoFormatado":"02/2002","acancelar":false},"empresa":{"cnpj":"28643633000137","razaoSocial":"H B FARMA LABORATÓRIOS LTDA","numeroAutorizacao":"1009224","cnpjFormatado":"28.643.633/0001-37"},"processo":{"numero":"2500100749985","situacao":29,"numeroProcessoFormatado":"25001.007499/85"}},{"ordem":18,"produto":{"codigo":708097,"nome":"CALMOXIL","numeroRegistro":"109220208","tipo":{"codigo":1,"descricao":null},"categoria":null,"situacaoRotulo":null,"dataVencimento":null,"mesAnoVencimento":"112015","dataVencimentoRegistro":"2015-11-01T00:00:00.000-0300","principioAtivo":null,"situacaoApresentacao":"Caduco/Cancelado","dataRegistro":"2010-11-29T00:00:00.000-0300","categoriaRegulatoria":{"codigo":4,"descricao":"Fitoterápico"},"medicamentoReferencia":null,"categoriaProduto":null,"tipoAutorizacao":"REGISTRADO","numeroRegistroFormatado":"109220208","mesAnoVencimentoFormatado":"11/2015","acancelar":false},"empresa":{"cnpj":"28643633000137","razaoSocial":"H B FARMA LABORATÓRIOS LTDA","numeroAutorizacao":"1009224","cnpjFormatado":"28.643.633/0001-37"},"processo":{"numero":"25351745389200980","situacao":29,"numeroProcessoFormatado":"25351.745389/2009-80"}},{"ordem":19,"produto":{"codigo":165010,"nome":"CANSILATO DE SODIO + ASSOCIAÇÕES","numeroRegistro":"109220083","tipo":{"codigo":1,"descricao":null},"categoria":null,"situacaoRotulo":null,"dataVencimento":null,"mesAnoVencimento":"102007","dataVencimentoRegistro":"2007-10-01T00:00:00.000-0300","principioAtivo":null,"situacaoApresentacao":"Caduco/Cancelado","dataRegistro":"2002-10-02T00:00:00.000-0300","categoriaRegulatoria":{"codigo":8,"descricao":"Similar"},"medicamentoReferencia":null,"categoriaProduto":null,"tipoAutorizacao":"REGISTRADO","numeroRegistroFormatado":"109220083","mesAnoVencimentoFormatado":"10/2007","acancelar":false},"empresa":{"cnpj":"28643633000137","razaoSocial":"H B FARMA LABORATÓRIOS LTDA","numeroAutorizacao":"1009224","cnpjFormatado":"28.643.633/0001-37"},"processo":{"numero":"2599201375472","situacao":29,"numeroProcessoFormatado":"25992.013754/72"}},{"ordem":20,"produto":{"codigo":136387,"nome":"CAPTOLIN","numeroRegistro":"109220167","tipo":{"codigo":1,"descricao":null},"categoria":null,"situacaoRotulo":null,"dataVencimento":null,"mesAnoVencimento":"092007","dataVencimentoRegistro":"2007-09-01T00:00:00.000-0300","principioAtivo":null,"situacaoApresentacao":"Caduco/Cancelado","dataRegistro":"2002-09-02T00:00:00.000-0300","categoriaRegulatoria":{"codigo":8,"descricao":"Similar"},"medicamentoReferencia":null,"categoriaProduto":null,"tipoAutorizacao":"REGISTRADO","numeroRegistroFormatado":"109220167","mesAnoVencimentoFormatado":"09/2007","acancelar":false},"empresa":{"cnpj":"28643633000137","razaoSocial":"H B FARMA LABORATÓRIOS LTDA","numeroAutorizacao":"1009224","cnpjFormatado":"28.643.633/0001-37"},"processo":{"numero":"25351160764200274","situacao":29,"numeroProcessoFormatado":"25351.160764/2002-74"}},{"ordem":21,"produto":{"codigo":137587,"nome":"CIMETIDINA","numeroRegistro":"109220107","tipo":{"codigo":1,"descricao":null},"categoria":null,"situacaoRotulo":null,"dataVencimento":null,"mesAnoVencimento":"032007","dataVencimentoRegistro":"2007-03-01T00:00:00.000-0300","principioAtivo":null,"situacaoApresentacao":"Caduco/Cancelado","dataRegistro":"2002-07-04T00:00:00.000-0300","categoriaRegulatoria":{"codigo":8,"descricao":"Similar"},"medicamentoReferencia":null,"categoriaProduto":null,"tipoAutorizacao":"REGISTRADO","numeroRegistroFormatado":"109220107","mesAnoVencimentoFormatado":"03/2007","acancelar":false},"empresa":{"cnpj":"28643633000137","razaoSocial":"H B FARMA LABORATÓRIOS LTDA","numeroAutorizacao":"1009224","cnpjFormatado":"28.643.633/0001-37"},"processo":{"numero":"2599200158472","situacao":29,"numeroProcessoFormatado":"25992.001584/72"}},{"ordem":22,"produto":{"codigo":172065,"nome":"CIPROFLAN","numeroRegistro":"109220187","tipo":{"codigo":1,"descricao":null},"categoria":null,"situacaoRotulo":null,"dataVencimento":null,"mesAnoVencimento":"022008","dataVencimentoRegistro":"2008-02-01T00:00:00.000-0300","principioAtivo":null,"situacaoApresentacao":"Caduco/Cancelado","dataRegistro":"2003-02-26T00:00:00.000-0300","categoriaRegulatoria":{"codigo":8,"descricao":"Similar"},"medicamentoReferencia":null,"categoriaProduto":null,"tipoAutorizacao":"REGISTRADO","numeroRegistroFormatado":"109220187","mesAnoVencimentoFormatado":"02/2008","acancelar":false},"empresa":{"cnpj":"28643633000137","razaoSocial":"H B FARMA LABORATÓRIOS LTDA","numeroAutorizacao":"1009224","cnpjFormatado":"28.643.633/0001-37"},"processo":{"numero":"25351160776200207","situacao":29,"numeroProcessoFormatado":"25351.160776/2002-07"}},{"ordem":23,"produto":{"codigo":2774,"nome":"CLORIDRATO DE OXIMETAZOLINA","numeroRegistro":"109220124","tipo":{"codigo":1,"descricao":null},"categoria":null,"situacaoRotulo":null,"dataVencimento":null,"mesAnoVencimento":"082006","dataVencimentoRegistro":"2006-08-01T00:00:00.000-0300","principioAtivo":null,"situacaoApresentacao":"Caduco/Cancelado","dataRegistro":"2001-10-23T00:00:00.000-0200","categoriaRegulatoria":{"codigo":8,"descricao":"Similar"},"medicamentoReferencia":null,"categoriaProduto":null,"tipoAutorizacao":"REGISTRADO","numeroRegistroFormatado":"109220124","mesAnoVencimentoFormatado":"08/2006","acancelar":false},"empresa":{"cnpj":"28643633000137","razaoSocial":"H B FARMA LABORATÓRIOS LTDA","numeroAutorizacao":"1009224","cnpjFormatado":"28.643.633/0001-37"},"processo":{"numero":"2599200108671","situacao":29,"numeroProcessoFormatado":"25992.001086/71"}},{"ordem":24,"produto":{"codigo":2909,"nome":"COMBITREX","numeroRegistro":"109220013","tipo":{"codigo":1,"descricao":null},"categoria":null,"situacaoRotulo":null,"dataVencimento":null,"mesAnoVencimento":"072005","dataVencimentoRegistro":"2005-07-01T00:00:00.000-0300","principioAtivo":null,"situacaoApresentacao":"Caduco/Cancelado","dataRegistro":"2001-11-19T00:00:00.000-0200","categoriaRegulatoria":{"codigo":8,"descricao":"Similar"},"medicamentoReferencia":null,"categoriaProduto":null,"tipoAutorizacao":"REGISTRADO","numeroRegistroFormatado":"109220013","mesAnoVencimentoFormatado":"07/2005","acancelar":false},"empresa":{"cnpj":"28643633000137","razaoSocial":"H B FARMA LABORATÓRIOS LTDA","numeroAutorizacao":"1009224","cnpjFormatado":"28.643.633/0001-37"},"processo":{"numero":"2500100733075","situacao":29,"numeroProcessoFormatado":"25001.007330/75"}},{"ordem":25,"produto":{"codigo":465657,"nome":"DESFATIN","numeroRegistro":"109220017","tipo":{"codigo":1,"descricao":null},"categoria":null,"situacaoRotulo":null,"dataVencimento":null,"mesAnoVencimento":"012005","dataVencimentoRegistro":"2005-01-01T00:00:00.000-0300","principioAtivo":null,"situacaoApresentacao":"Caduco/Cancelado","dataRegistro":"1975-01-02T00:00:00.000-0300","categoriaRegulatoria":{"codigo":3,"descricao":"Específico"},"medicamentoReferencia":null,"categoriaProduto":null,"tipoAutorizacao":"REGISTRADO","numeroRegistroFormatado":"109220017","mesAnoVencimentoFormatado":"01/2005","acancelar":false},"empresa":{"cnpj":"28643633000137","razaoSocial":"H B FARMA LABORATÓRIOS LTDA","numeroAutorizacao":"1009224","cnpjFormatado":"28.643.633/0001-37"},"processo":{"numero":"2599201201573","situacao":29,"numeroProcessoFormatado":"25992.012015/73"}},{"ordem":26,"produto":{"codigo":364213,"nome":"DEXAMETAZONA ASSOCIADA","numeroRegistro":"109220103","tipo":{"codigo":1,"descricao":null},"categoria":null,"situacaoRotulo":null,"dataVencimento":null,"mesAnoVencimento":"052004","dataVencimentoRegistro":"2004-05-01T00:00:00.000-0300","principioAtivo":null,"situacaoApresentacao":"Caduco/Cancelado","dataRegistro":"1992-01-10T00:00:00.000-0300","categoriaRegulatoria":{"codigo":8,"descricao":"Similar"},"medicamentoReferencia":null,"categoriaProduto":null,"tipoAutorizacao":"REGISTRADO","numeroRegistroFormatado":"109220103","mesAnoVencimentoFormatado":"05/2004","acancelar":false},"empresa":{"cnpj":"28643633000137","razaoSocial":"H B FARMA LABORATÓRIOS LTDA","numeroAutorizacao":"1009224","cnpjFormatado":"28.643.633/0001-37"},"processo":{"numero":"2500102703484","situacao":29,"numeroProcessoFormatado":"25001.027034/84"}},{"ordem":27,"produto":{"codigo":142005,"nome":"DICLOSOD","numeroRegistro":"109220179","tipo":{"codigo":1,"descricao":null},"categoria":null,"situacaoRotulo":null,"dataVencimento":null,"mesAnoVencimento":"012013","dataVencimentoRegistro":"2013-01-01T00:00:00.000-0300","principioAtivo":null,"situacaoApresentacao":"Caduco/Cancelado","dataRegistro":"2003-01-10T00:00:00.000-0300","categoriaRegulatoria":{"codigo":8,"descricao":"Similar"},"medicamentoReferencia":null,"categoriaProduto":null,"tipoAutorizacao":"REGISTRADO","numeroRegistroFormatado":"109220179","mesAnoVencimentoFormatado":"01/2013","acancelar":false},"empresa":{"cnpj":"28643633000137","razaoSocial":"H B FARMA LABORATÓRIOS LTDA","numeroAutorizacao":"1009224","cnpjFormatado":"28.643.633/0001-37"},"processo":{"numero":"25351160760200296","situacao":29,"numeroProcessoFormatado":"25351.160760/2002-96"}},{"ordem":28,"produto":{"codigo":136429,"nome":"DIGIX","numeroRegistro":"109220165","tipo":{"codigo":1,"descricao":null},"categoria":null,"situacaoRotulo":null,"dataVencimento":null,"mesAnoVencimento":"092007","dataVencimentoRegistro":"2007-09-01T00:00:00.000-0300","principioAtivo":null,"situacaoApresentacao":"Caduco/Cancelado","dataRegistro":"2002-09-02T00:00:00.000-0300","categoriaRegulatoria":{"codigo":8,"descricao":"Similar"},"medicamentoReferencia":null,"categoriaProduto":null,"tipoAutorizacao":"REGISTRADO","numeroRegistroFormatado":"109220165","mesAnoVencimentoFormatado":"09/2007","acancelar":false},"empresa":{"cnpj":"28643633000137","razaoSocial":"H B FARMA LABORATÓRIOS LTDA","numeroAutorizacao":"1009224","cnpjFormatado":"28.643.633/0001-37"},"processo":{"numero":"25351160805200222","situacao":29,"numeroProcessoFormatado":"25351.160805/2002-22"}},{"ordem":29,"produto":{"codigo":3613,"nome":"DIPIRAN","numeroRegistro":"109220075","tipo":{"codigo":1,"descricao":null},"categoria":null,"situacaoRotulo":null,"dataVencimento":null,"mesAnoVencimento":"062004","dataVencimentoRegistro":"2004-06-01T00:00:00.000-0300","principioAtivo":null,"situacaoApresentacao":"Caduco/Cancelado","dataRegistro":"2001-02-02T00:00:00.000-0300","categoriaRegulatoria":{"codigo":8,"descricao":"Similar"},"medicamentoReferencia":null,"categoriaProduto":null,"tipoAutorizacao":"REGISTRADO","numeroRegistroFormatado":"109220075","mesAnoVencimentoFormatado":"06/2004","acancelar":false},"empresa":{"cnpj":"28643633000137","razaoSocial":"H B FARMA LABORATÓRIOS LTDA","numeroAutorizacao":"1009224","cnpjFormatado":"28.643.633/0001-37"},"processo":{"numero":"2599201813273","situacao":29,"numeroProcessoFormatado":"25992.018132/73"}},{"ordem":30,"produto":{"codigo":125541,"nome":"DIPIRONA + ASSOCIAÇÕES","numeroRegistro":"109220015","tipo":{"codigo":1,"descricao":null},"categoria":null,"situacaoRotulo":null,"dataVencimento":null,"mesAnoVencimento":"072005","dataVencimentoRegistro":"2005-07-01T00:00:00.000-0300","principioAtivo":null,"situacaoApresentacao":"Caduco/Cancelado","dataRegistro":"2002-03-20T00:00:00.000-0300","categoriaRegulatoria":{"codigo":8,"descricao":"Similar"},"medicamentoReferencia":null,"categoriaProduto":null,"tipoAutorizacao":"REGISTRADO","numeroRegistroFormatado":"109220015","mesAnoVencimentoFormatado":"07/2005","acancelar":false},"empresa":{"cnpj":"28643633000137","razaoSocial":"H B FARMA LABORATÓRIOS LTDA","numeroAutorizacao":"1009224","cnpjFormatado":"28.643.633/0001-37"},"processo":{"numero":"2599200764653","situacao":29,"numeroProcessoFormatado":"25992.007646/53"}},{"ordem":31,"produto":{"codigo":356415,"nome":"DORSEROL","numeroRegistro":"109220073","tipo":{"codigo":1,"descricao":null},"categoria":null,"situacaoRotulo":null,"dataVencimento":null,"mesAnoVencimento":"012006","dataVencimentoRegistro":"2006-01-01T00:00:00.000-0300","principioAtivo":null,"situacaoApresentacao":"Caduco/Cancelado","dataRegistro":"2002-05-02T00:00:00.000-0300","categoriaRegulatoria":{"codigo":8,"descricao":"Similar"},"medicamentoReferencia":null,"categoriaProduto":null,"tipoAutorizacao":"REGISTRADO","numeroRegistroFormatado":"109220073","mesAnoVencimentoFormatado":"01/2006","acancelar":false},"empresa":{"cnpj":"28643633000137","razaoSocial":"H B FARMA LABORATÓRIOS LTDA","numeroAutorizacao":"1009224","cnpjFormatado":"28.643.633/0001-37"},"processo":{"numero":"2599201314469","situacao":29,"numeroProcessoFormatado":"25992.013144/69"}},{"ordem":32,"produto":{"codigo":172946,"nome":"EFERVIT C","numeroRegistro":"109220183","tipo":{"codigo":1,"descricao":null},"categoria":null,"situacaoRotulo":null,"dataVencimento":null,"mesAnoVencimento":"022018","dataVencimentoRegistro":"2018-02-01T00:00:00.000-0300","principioAtivo":null,"situacaoApresentacao":"Caduco/Cancelado","dataRegistro":"2003-02-17T00:00:00.000-0300","categoriaRegulatoria":{"codigo":8,"descricao":"Similar"},"medicamentoReferencia":null,"categoriaProduto":null,"tipoAutorizacao":"REGISTRADO","numeroRegistroFormatado":"109220183","mesAnoVencimentoFormatado":"02/2018","acancelar":false},"empresa":{"cnpj":"28643633000137","razaoSocial":"H B FARMA LABORATÓRIOS LTDA","numeroAutorizacao":"1009224","cnpjFormatado":"28.643.633/0001-37"},"processo":{"numero":"253510000690219","situacao":29,"numeroProcessoFormatado":"25351.000069/02-19"}},{"ordem":33,"produto":{"codigo":281618,"nome":"ENJOY","numeroRegistro":"109220116","tipo":{"codigo":1,"descricao":null},"categoria":null,"situacaoRotulo":null,"dataVencimento":null,"mesAnoVencimento":null,"dataVencimentoRegistro":null,"principioAtivo":null,"situacaoApresentacao":"Caduco/Cancelado","dataRegistro":"1997-09-02T00:00:00.000-0300","categoriaRegulatoria":{"codigo":8,"descricao":"Similar"},"medicamentoReferencia":null,"categoriaProduto":null,"tipoAutorizacao":"REGISTRADO","numeroRegistroFormatado":"109220116","mesAnoVencimentoFormatado":"","acancelar":false},"empresa":{"cnpj":"28643633000137","razaoSocial":"H B FARMA LABORATÓRIOS LTDA","numeroAutorizacao":"1009224","cnpjFormatado":"28.643.633/0001-37"},"processo":{"numero":"2599200629976","situacao":29,"numeroProcessoFormatado":"25992.006299/76"}},{"ordem":34,"produto":{"codigo":169735,"nome":"ENTEROSEC","numeroRegistro":"109220175","tipo":{"codigo":1,"descricao":null},"categoria":null,"situacaoRotulo":null,"dataVencimento":null,"mesAnoVencimento":"122012","dataVencimentoRegistro":"2012-12-01T00:00:00.000-0300","principioAtivo":null,"situacaoApresentacao":"Caduco/Cancelado","dataRegistro":"2003-01-07T00:00:00.000-0300","categoriaRegulatoria":{"codigo":8,"descricao":"Similar"},"medicamentoReferencia":null,"categoriaProduto":null,"tipoAutorizacao":"REGISTRADO","numeroRegistroFormatado":"109220175","mesAnoVencimentoFormatado":"12/2012","acancelar":false},"empresa":{"cnpj":"28643633000137","razaoSocial":"H B FARMA LABORATÓRIOS LTDA","numeroAutorizacao":"1009224","cnpjFormatado":"28.643.633/0001-37"},"processo":{"numero":"253510085310254","situacao":29,"numeroProcessoFormatado":"25351.008531/02-54"}},{"ordem":35,"produto":{"codigo":249215,"nome":"ESTAFAN C","numeroRegistro":"109220195","tipo":{"codigo":1,"descricao":null},"categoria":null,"situacaoRotulo":null,"dataVencimento":null,"mesAnoVencimento":"042018","dataVencimentoRegistro":"2018-04-01T00:00:00.000-0300","principioAtivo":null,"situacaoApresentacao":"Caduco/Cancelado","dataRegistro":"2003-04-10T00:00:00.000-0300","categoriaRegulatoria":{"codigo":8,"descricao":"Similar"},"medicamentoReferencia":null,"categoriaProduto":null,"tipoAutorizacao":"REGISTRADO","numeroRegistroFormatado":"109220195","mesAnoVencimentoFormatado":"04/2018","acancelar":false},"empresa":{"cnpj":"28643633000137","razaoSocial":"H B FARMA LABORATÓRIOS LTDA","numeroAutorizacao":"1009224","cnpjFormatado":"28.643.633/0001-37"},"processo":{"numero":"25351222837200229","situacao":29,"numeroProcessoFormatado":"25351.222837/2002-29"}},{"ordem":36,"produto":{"codigo":3893,"nome":"ESTOLATO DE ERITROMICINA","numeroRegistro":"109220027","tipo":{"codigo":1,"descricao":null},"categoria":null,"situacaoRotulo":null,"dataVencimento":null,"mesAnoVencimento":"052006","dataVencimentoRegistro":"2006-05-01T00:00:00.000-0300","principioAtivo":null,"situacaoApresentacao":"Caduco/Cancelado","dataRegistro":"2001-06-27T00:00:00.000-0300","categoriaRegulatoria":{"codigo":8,"descricao":"Similar"},"medicamentoReferencia":null,"categoriaProduto":null,"tipoAutorizacao":"REGISTRADO","numeroRegistroFormatado":"109220027","mesAnoVencimentoFormatado":"05/2006","acancelar":false},"empresa":{"cnpj":"28643633000137","razaoSocial":"H B FARMA LABORATÓRIOS LTDA","numeroAutorizacao":"1009224","cnpjFormatado":"28.643.633/0001-37"},"processo":{"numero":"2599200560476","situacao":29,"numeroProcessoFormatado":"25992.005604/76"}},{"ordem":37,"produto":{"codigo":166174,"nome":"FALEXINA","numeroRegistro":"109220180","tipo":{"codigo":1,"descricao":null},"categoria":null,"situacaoRotulo":null,"dataVencimento":null,"mesAnoVencimento":"022008","dataVencimentoRegistro":"2008-02-01T00:00:00.000-0300","principioAtivo":null,"situacaoApresentacao":"Caduco/Cancelado","dataRegistro":"2003-02-26T00:00:00.000-0300","categoriaRegulatoria":{"codigo":8,"descricao":"Similar"},"medicamentoReferencia":null,"categoriaProduto":null,"tipoAutorizacao":"REGISTRADO","numeroRegistroFormatado":"109220180","mesAnoVencimentoFormatado":"02/2008","acancelar":false},"empresa":{"cnpj":"28643633000137","razaoSocial":"H B FARMA LABORATÓRIOS LTDA","numeroAutorizacao":"1009224","cnpjFormatado":"28.643.633/0001-37"},"processo":{"numero":"25351160762200285","situacao":29,"numeroProcessoFormatado":"25351.160762/2002-85"}},{"ordem":38,"produto":{"codigo":4155,"nome":"FENOXAZOLINA","numeroRegistro":"109220037","tipo":{"codigo":1,"descricao":null},"categoria":null,"situacaoRotulo":null,"dataVencimento":null,"mesAnoVencimento":"112005","dataVencimentoRegistro":"2005-11-01T00:00:00.000-0300","principioAtivo":null,"situacaoApresentacao":"Caduco/Cancelado","dataRegistro":"2002-01-21T00:00:00.000-0200","categoriaRegulatoria":{"codigo":8,"descricao":"Similar"},"medicamentoReferencia":null,"categoriaProduto":null,"tipoAutorizacao":"REGISTRADO","numeroRegistroFormatado":"109220037","mesAnoVencimentoFormatado":"11/2005","acancelar":false},"empresa":{"cnpj":"28643633000137","razaoSocial":"H B FARMA LABORATÓRIOS LTDA","numeroAutorizacao":"1009224","cnpjFormatado":"28.643.633/0001-37"},"processo":{"numero":"2599201064373","situacao":29,"numeroProcessoFormatado":"25992.010643/73"}},{"ordem":39,"produto":{"codigo":708120,"nome":"FINETOSS","numeroRegistro":"109220209","tipo":{"codigo":1,"descricao":null},"categoria":null,"situacaoRotulo":null,"dataVencimento":null,"mesAnoVencimento":"102016","dataVencimentoRegistro":"2016-10-01T00:00:00.000-0300","principioAtivo":null,"situacaoApresentacao":"Caduco/Cancelado","dataRegistro":"2011-10-24T00:00:00.000-0300","categoriaRegulatoria":{"codigo":4,"descricao":"Fitoterápico"},"medicamentoReferencia":null,"categoriaProduto":null,"tipoAutorizacao":"REGISTRADO","numeroRegistroFormatado":"109220209","mesAnoVencimentoFormatado":"10/2016","acancelar":false},"empresa":{"cnpj":"28643633000137","razaoSocial":"H B FARMA LABORATÓRIOS LTDA","numeroAutorizacao":"1009224","cnpjFormatado":"28.643.633/0001-37"},"processo":{"numero":"25351745404200911","situacao":29,"numeroProcessoFormatado":"25351.745404/2009-11"}},{"ordem":40,"produto":{"codigo":564289,"nome":"FINETOSS","numeroRegistro":"109220211","tipo":{"codigo":1,"descricao":null},"categoria":null,"situacaoRotulo":null,"dataVencimento":null,"mesAnoVencimento":"052019","dataVencimentoRegistro":"2019-05-01T00:00:00.000-0300","principioAtivo":null,"situacaoApresentacao":"Caduco/Cancelado","dataRegistro":"2014-06-16T00:00:00.000-0300","categoriaRegulatoria":{"codigo":4,"descricao":"Fitoterápico"},"medicamentoReferencia":null,"categoriaProduto":null,"tipoAutorizacao":"REGISTRADO","numeroRegistroFormatado":"109220211","mesAnoVencimentoFormatado":"05/2019","acancelar":false},"empresa":{"cnpj":"28643633000137","razaoSocial":"H B FARMA LABORATÓRIOS LTDA","numeroAutorizacao":"1009224","cnpjFormatado":"28.643.633/0001-37"},"processo":{"numero":"2599201861373","situacao":31,"numeroProcessoFormatado":"25992.018613/73"}},{"ordem":41,"produto":{"codigo":408847,"nome":"FLAMADENE","numeroRegistro":"109220104","tipo":{"codigo":1,"descricao":null},"categoria":null,"situacaoRotulo":null,"dataVencimento":null,"mesAnoVencimento":"022004","dataVencimentoRegistro":"2004-02-01T00:00:00.000-0300","principioAtivo":null,"situacaoApresentacao":"Caduco/Cancelado","dataRegistro":"1999-12-18T00:00:00.000-0200","categoriaRegulatoria":{"codigo":8,"descricao":"Similar"},"medicamentoReferencia":null,"categoriaProduto":null,"tipoAutorizacao":"REGISTRADO","numeroRegistroFormatado":"109220104","mesAnoVencimentoFormatado":"02/2004","acancelar":false},"empresa":{"cnpj":"28643633000137","razaoSocial":"H B FARMA LABORATÓRIOS LTDA","numeroAutorizacao":"1009224","cnpjFormatado":"28.643.633/0001-37"},"processo":{"numero":"2500100261682","situacao":29,"numeroProcessoFormatado":"25001.002616/82"}},{"ordem":42,"produto":{"codigo":448168,"nome":"FLORAZIN","numeroRegistro":"109220207","tipo":{"codigo":1,"descricao":null},"categoria":null,"situacaoRotulo":null,"dataVencimento":null,"mesAnoVencimento":"112014","dataVencimentoRegistro":"2014-11-01T00:00:00.000-0300","principioAtivo":null,"situacaoApresentacao":"Caduco/Cancelado","dataRegistro":"2009-11-09T00:00:00.000-0300","categoriaRegulatoria":{"codigo":1,"descricao":"Biológico"},"medicamentoReferencia":null,"categoriaProduto":null,"tipoAutorizacao":"REGISTRADO","numeroRegistroFormatado":"109220207","mesAnoVencimentoFormatado":"11/2014","acancelar":false},"empresa":{"cnpj":"28643633000137","razaoSocial":"H B FARMA LABORATÓRIOS LTDA","numeroAutorizacao":"1009224","cnpjFormatado":"28.643.633/0001-37"},"processo":{"numero":"25351469098200580","situacao":29,"numeroProcessoFormatado":"25351.469098/2005-80"}},{"ordem":43,"produto":{"codigo":4334,"nome":"FOSFATO BICÁLCICO + ASSOCIAÇÕES","numeroRegistro":"109220097","tipo":{"codigo":1,"descricao":null},"categoria":null,"situacaoRotulo":null,"dataVencimento":null,"mesAnoVencimento":"092005","dataVencimentoRegistro":"2005-09-01T00:00:00.000-0300","principioAtivo":null,"situacaoApresentacao":"Caduco/Cancelado","dataRegistro":"2000-11-08T00:00:00.000-0300","categoriaRegulatoria":{"codigo":8,"descricao":"Similar"},"medicamentoReferencia":null,"categoriaProduto":null,"tipoAutorizacao":"REGISTRADO","numeroRegistroFormatado":"109220097","mesAnoVencimentoFormatado":"09/2005","acancelar":false},"empresa":{"cnpj":"28643633000137","razaoSocial":"H B FARMA LABORATÓRIOS LTDA","numeroAutorizacao":"1009224","cnpjFormatado":"28.643.633/0001-37"},"processo":{"numero":"2599200834375","situacao":29,"numeroProcessoFormatado":"25992.008343/75"}},{"ordem":44,"produto":{"codigo":165117,"nome":"GLIBENCLAMIDA","numeroRegistro":"109220169","tipo":{"codigo":1,"descricao":null},"categoria":null,"situacaoRotulo":null,"dataVencimento":null,"mesAnoVencimento":"092007","dataVencimentoRegistro":"2007-09-01T00:00:00.000-0300","principioAtivo":null,"situacaoApresentacao":"Caduco/Cancelado","dataRegistro":"2002-10-03T00:00:00.000-0300","categoriaRegulatoria":{"codigo":8,"descricao":"Similar"},"medicamentoReferencia":null,"categoriaProduto":null,"tipoAutorizacao":"REGISTRADO","numeroRegistroFormatado":"109220169","mesAnoVencimentoFormatado":"09/2007","acancelar":false},"empresa":{"cnpj":"28643633000137","razaoSocial":"H B FARMA LABORATÓRIOS LTDA","numeroAutorizacao":"1009224","cnpjFormatado":"28.643.633/0001-37"},"processo":{"numero":"253510083880282","situacao":29,"numeroProcessoFormatado":"25351.008388/02-82"}},{"ordem":45,"produto":{"codigo":331144,"nome":"HEPATOCLER","numeroRegistro":"109220031","tipo":{"codigo":1,"descricao":null},"categoria":null,"situacaoRotulo":null,"dataVencimento":null,"mesAnoVencimento":"102006","dataVencimentoRegistro":"2006-10-01T00:00:00.000-0300","principioAtivo":null,"situacaoApresentacao":"Caduco/Cancelado","dataRegistro":"1986-10-30T00:00:00.000-0200","categoriaRegulatoria":{"codigo":3,"descricao":"Específico"},"medicamentoReferencia":null,"categoriaProduto":null,"tipoAutorizacao":"REGISTRADO","numeroRegistroFormatado":"109220031","mesAnoVencimentoFormatado":"10/2006","acancelar":false},"empresa":{"cnpj":"28643633000137","razaoSocial":"H B FARMA LABORATÓRIOS LTDA","numeroAutorizacao":"1009224","cnpjFormatado":"28.643.633/0001-37"},"processo":{"numero":"2599200106154","situacao":29,"numeroProcessoFormatado":"25992.001061/54"}},{"ordem":46,"produto":{"codigo":414749,"nome":"HEPATOPLEX","numeroRegistro":"109220028","tipo":{"codigo":1,"descricao":null},"categoria":null,"situacaoRotulo":null,"dataVencimento":null,"mesAnoVencimento":"062004","dataVencimentoRegistro":"2004-06-01T00:00:00.000-0300","principioAtivo":null,"situacaoApresentacao":"Caduco/Cancelado","dataRegistro":"1981-07-02T00:00:00.000-0300","categoriaRegulatoria":{"codigo":8,"descricao":"Similar"},"medicamentoReferencia":null,"categoriaProduto":null,"tipoAutorizacao":"REGISTRADO","numeroRegistroFormatado":"109220028","mesAnoVencimentoFormatado":"06/2004","acancelar":false},"empresa":{"cnpj":"28643633000137","razaoSocial":"H B FARMA LABORATÓRIOS LTDA","numeroAutorizacao":"1009224","cnpjFormatado":"28.643.633/0001-37"},"processo":{"numero":"2599200512374","situacao":29,"numeroProcessoFormatado":"25992.005123/74"}},{"ordem":47,"produto":{"codigo":468934,"nome":"HISTAMIN","numeroRegistro":"109220034","tipo":{"codigo":1,"descricao":null},"categoria":null,"situacaoRotulo":null,"dataVencimento":null,"mesAnoVencimento":"052000","dataVencimentoRegistro":"2000-05-01T00:00:00.000-0300","principioAtivo":null,"situacaoApresentacao":"Caduco/Cancelado","dataRegistro":"1980-05-06T00:00:00.000-0300","categoriaRegulatoria":{"codigo":8,"descricao":"Similar"},"medicamentoReferencia":null,"categoriaProduto":null,"tipoAutorizacao":"REGISTRADO","numeroRegistroFormatado":"109220034","mesAnoVencimentoFormatado":"05/2000","acancelar":false},"empresa":{"cnpj":"28643633000137","razaoSocial":"H B FARMA LABORATÓRIOS LTDA","numeroAutorizacao":"1009224","cnpjFormatado":"28.643.633/0001-37"},"processo":{"numero":"2599100352280","situacao":29,"numeroProcessoFormatado":"25991.003522/80"}},{"ordem":48,"produto":{"codigo":416383,"nome":"LIMAO BRAVO COMPOSTO","numeroRegistro":"109220201","tipo":{"codigo":1,"descricao":null},"categoria":null,"situacaoRotulo":null,"dataVencimento":null,"mesAnoVencimento":"062005","dataVencimentoRegistro":"2005-06-01T00:00:00.000-0300","principioAtivo":null,"situacaoApresentacao":"Caduco/Cancelado","dataRegistro":"1985-06-02T00:00:00.000-0300","categoriaRegulatoria":{"codigo":8,"descricao":"Similar"},"medicamentoReferencia":null,"categoriaProduto":null,"tipoAutorizacao":"REGISTRADO","numeroRegistroFormatado":"109220201","mesAnoVencimentoFormatado":"06/2005","acancelar":false},"empresa":{"cnpj":"28643633000137","razaoSocial":"H B FARMA LABORATÓRIOS LTDA","numeroAutorizacao":"1009224","cnpjFormatado":"28.643.633/0001-37"},"processo":{"numero":"2500100987385","situacao":29,"numeroProcessoFormatado":"25001.009873/85"}},{"ordem":49,"produto":{"codigo":405271,"nome":"LINDANO+HEXACLOROFENO","numeroRegistro":"109220047","tipo":{"codigo":1,"descricao":null},"categoria":null,"situacaoRotulo":null,"dataVencimento":null,"mesAnoVencimento":"042000","dataVencimentoRegistro":"2000-04-01T00:00:00.000-0300","principioAtivo":null,"situacaoApresentacao":"Caduco/Cancelado","dataRegistro":"1995-03-21T00:00:00.000-0300","categoriaRegulatoria":{"codigo":8,"descricao":"Similar"},"medicamentoReferencia":null,"categoriaProduto":null,"tipoAutorizacao":"REGISTRADO","numeroRegistroFormatado":"109220047","mesAnoVencimentoFormatado":"04/2000","acancelar":false},"empresa":{"cnpj":"28643633000137","razaoSocial":"H B FARMA LABORATÓRIOS LTDA","numeroAutorizacao":"1009224","cnpjFormatado":"28.643.633/0001-37"},"processo":{"numero":"2599100310580","situacao":29,"numeroProcessoFormatado":"25991.003105/80"}},{"ordem":50,"produto":{"codigo":169773,"nome":"LOVASTATINA","numeroRegistro":"109220176","tipo":{"codigo":1,"descricao":null},"categoria":null,"situacaoRotulo":null,"dataVencimento":null,"mesAnoVencimento":"122007","dataVencimentoRegistro":"2007-12-01T00:00:00.000-0300","principioAtivo":null,"situacaoApresentacao":"Caduco/Cancelado","dataRegistro":"2003-01-07T00:00:00.000-0300","categoriaRegulatoria":{"codigo":8,"descricao":"Similar"},"medicamentoReferencia":null,"categoriaProduto":null,"tipoAutorizacao":"REGISTRADO","numeroRegistroFormatado":"109220176","mesAnoVencimentoFormatado":"12/2007","acancelar":false},"empresa":{"cnpj":"28643633000137","razaoSocial":"H B FARMA LABORATÓRIOS LTDA","numeroAutorizacao":"1009224","cnpjFormatado":"28.643.633/0001-37"},"processo":{"numero":"253510085290211","situacao":29,"numeroProcessoFormatado":"25351.008529/02-11"}},{"ordem":51,"produto":{"codigo":165149,"nome":"MEBENDAZOL","numeroRegistro":"109220010","tipo":{"codigo":1,"descricao":null},"categoria":null,"situacaoRotulo":null,"dataVencimento":null,"mesAnoVencimento":"052007","dataVencimentoRegistro":"2007-05-01T00:00:00.000-0300","principioAtivo":null,"situacaoApresentacao":"Caduco/Cancelado","dataRegistro":"2002-10-03T00:00:00.000-0300","categoriaRegulatoria":{"codigo":8,"descricao":"Similar"},"medicamentoReferencia":null,"categoriaProduto":null,"tipoAutorizacao":"REGISTRADO","numeroRegistroFormatado":"109220010","mesAnoVencimentoFormatado":"05/2007","acancelar":false},"empresa":{"cnpj":"28643633000137","razaoSocial":"H B FARMA LABORATÓRIOS LTDA","numeroAutorizacao":"1009224","cnpjFormatado":"28.643.633/0001-37"},"processo":{"numero":"2599202450476","situacao":29,"numeroProcessoFormatado":"25992.024504/76"}},{"ordem":52,"produto":{"codigo":337025,"nome":"MEPRASEC","numeroRegistro":"109220198","tipo":{"codigo":1,"descricao":null},"categoria":null,"situacaoRotulo":null,"dataVencimento":null,"mesAnoVencimento":"112008","dataVencimentoRegistro":"2008-11-01T00:00:00.000-0300","principioAtivo":null,"situacaoApresentacao":"Caduco/Cancelado","dataRegistro":"2003-11-14T00:00:00.000-0300","categoriaRegulatoria":{"codigo":8,"descricao":"Similar"},"medicamentoReferencia":null,"categoriaProduto":null,"tipoAutorizacao":"REGISTRADO","numeroRegistroFormatado":"109220198","mesAnoVencimentoFormatado":"11/2008","acancelar":false},"empresa":{"cnpj":"28643633000137","razaoSocial":"H B FARMA LABORATÓRIOS LTDA","numeroAutorizacao":"1009224","cnpjFormatado":"28.643.633/0001-37"},"processo":{"numero":"250000110579851","situacao":29,"numeroProcessoFormatado":"25000.011057/98-51"}},{"ordem":53,"produto":{"codigo":5818,"nome":"METILDOPA","numeroRegistro":"109220130","tipo":{"codigo":1,"descricao":null},"categoria":null,"situacaoRotulo":null,"dataVencimento":null,"mesAnoVencimento":"112002","dataVencimentoRegistro":"2002-11-01T00:00:00.000-0300","principioAtivo":null,"situacaoApresentacao":"Caduco/Cancelado","dataRegistro":"2000-10-25T00:00:00.000-0300","categoriaRegulatoria":{"codigo":8,"descricao":"Similar"},"medicamentoReferencia":null,"categoriaProduto":null,"tipoAutorizacao":"REGISTRADO","numeroRegistroFormatado":"109220130","mesAnoVencimentoFormatado":"11/2002","acancelar":false},"empresa":{"cnpj":"28643633000137","razaoSocial":"H B FARMA LABORATÓRIOS LTDA","numeroAutorizacao":"1009224","cnpjFormatado":"28.643.633/0001-37"},"processo":{"numero":"2599201632672","situacao":29,"numeroProcessoFormatado":"25992.016326/72"}},{"ordem":54,"produto":{"codigo":126060,"nome":"METIONINA + ASSOCIAÇÕES","numeroRegistro":"109220039","tipo":{"codigo":1,"descricao":null},"categoria":null,"situacaoRotulo":null,"dataVencimento":null,"mesAnoVencimento":"062006","dataVencimentoRegistro":"2006-06-01T00:00:00.000-0300","principioAtivo":null,"situacaoApresentacao":"Caduco/Cancelado","dataRegistro":"2002-04-22T00:00:00.000-0300","categoriaRegulatoria":{"codigo":8,"descricao":"Similar"},"medicamentoReferencia":null,"categoriaProduto":null,"tipoAutorizacao":"REGISTRADO","numeroRegistroFormatado":"109220039","mesAnoVencimentoFormatado":"06/2006","acancelar":false},"empresa":{"cnpj":"28643633000137","razaoSocial":"H B FARMA LABORATÓRIOS LTDA","numeroAutorizacao":"1009224","cnpjFormatado":"28.643.633/0001-37"},"processo":{"numero":"2599200289951","situacao":29,"numeroProcessoFormatado":"25992.002899/51"}},{"ordem":55,"produto":{"codigo":166549,"nome":"MICTRIN","numeroRegistro":"109220177","tipo":{"codigo":1,"descricao":null},"categoria":null,"situacaoRotulo":null,"dataVencimento":null,"mesAnoVencimento":"122007","dataVencimentoRegistro":"2007-12-01T00:00:00.000-0300","principioAtivo":null,"situacaoApresentacao":"Caduco/Cancelado","dataRegistro":"2003-01-07T00:00:00.000-0300","categoriaRegulatoria":{"codigo":8,"descricao":"Similar"},"medicamentoReferencia":null,"categoriaProduto":null,"tipoAutorizacao":"REGISTRADO","numeroRegistroFormatado":"109220177","mesAnoVencimentoFormatado":"12/2007","acancelar":false},"empresa":{"cnpj":"28643633000137","razaoSocial":"H B FARMA LABORATÓRIOS LTDA","numeroAutorizacao":"1009224","cnpjFormatado":"28.643.633/0001-37"},"processo":{"numero":"25351160768200252","situacao":29,"numeroProcessoFormatado":"25351.160768/2002-52"}},{"ordem":56,"produto":{"codigo":379234,"nome":"NASOPAN","numeroRegistro":"109220038","tipo":{"codigo":1,"descricao":null},"categoria":null,"situacaoRotulo":null,"dataVencimento":null,"mesAnoVencimento":"112005","dataVencimentoRegistro":"2005-11-01T00:00:00.000-0300","principioAtivo":null,"situacaoApresentacao":"Caduco/Cancelado","dataRegistro":"1960-11-16T00:00:00.000-0300","categoriaRegulatoria":{"codigo":8,"descricao":"Similar"},"medicamentoReferencia":null,"categoriaProduto":null,"tipoAutorizacao":"REGISTRADO","numeroRegistroFormatado":"109220038","mesAnoVencimentoFormatado":"11/2005","acancelar":false},"empresa":{"cnpj":"28643633000137","razaoSocial":"H B FARMA LABORATÓRIOS LTDA","numeroAutorizacao":"1009224","cnpjFormatado":"28.643.633/0001-37"},"processo":{"numero":"2599201178560","situacao":29,"numeroProcessoFormatado":"25992.011785/60"}},{"ordem":57,"produto":{"codigo":375233,"nome":"OFTAZUL","numeroRegistro":"109220202","tipo":{"codigo":1,"descricao":null},"categoria":null,"situacaoRotulo":null,"dataVencimento":null,"mesAnoVencimento":"122010","dataVencimentoRegistro":"2010-12-01T00:00:00.000-0300","principioAtivo":null,"situacaoApresentacao":"Caduco/Cancelado","dataRegistro":"1972-06-12T00:00:00.000-0300","categoriaRegulatoria":{"codigo":8,"descricao":"Similar"},"medicamentoReferencia":null,"categoriaProduto":null,"tipoAutorizacao":"REGISTRADO","numeroRegistroFormatado":"109220202","mesAnoVencimentoFormatado":"12/2010","acancelar":false},"empresa":{"cnpj":"28643633000137","razaoSocial":"H B FARMA LABORATÓRIOS LTDA","numeroAutorizacao":"1009224","cnpjFormatado":"28.643.633/0001-37"},"processo":{"numero":"2599200129672","situacao":29,"numeroProcessoFormatado":"25992.001296/72"}},{"ordem":58,"produto":{"codigo":173033,"nome":"PALMITATO DE RETINOL + COLECALCIFEROL + OXIDO DE ZINCO","numeroRegistro":"109220182","tipo":{"codigo":1,"descricao":null},"categoria":null,"situacaoRotulo":null,"dataVencimento":null,"mesAnoVencimento":"022008","dataVencimentoRegistro":"2008-02-01T00:00:00.000-0300","principioAtivo":null,"situacaoApresentacao":"Caduco/Cancelado","dataRegistro":"2003-02-12T00:00:00.000-0300","categoriaRegulatoria":{"codigo":8,"descricao":"Similar"},"medicamentoReferencia":null,"categoriaProduto":null,"tipoAutorizacao":"REGISTRADO","numeroRegistroFormatado":"109220182","mesAnoVencimentoFormatado":"02/2008","acancelar":false},"empresa":{"cnpj":"28643633000137","razaoSocial":"H B FARMA LABORATÓRIOS LTDA","numeroAutorizacao":"1009224","cnpjFormatado":"28.643.633/0001-37"},"processo":{"numero":"250000309189747","situacao":29,"numeroProcessoFormatado":"25000.030918/97-47"}},{"ordem":59,"produto":{"codigo":6573,"nome":"PANCREATINA + DIMETICONA + ASSOC","numeroRegistro":"109220111","tipo":{"codigo":1,"descricao":null},"categoria":null,"situacaoRotulo":null,"dataVencimento":null,"mesAnoVencimento":"072002 ","dataVencimentoRegistro":"2002-07-01T00:00:00.000-0300","principioAtivo":null,"situacaoApresentacao":"Caduco/Cancelado","dataRegistro":"2001-04-04T00:00:00.000-0300","categoriaRegulatoria":{"codigo":8,"descricao":"Similar"},"medicamentoReferencia":null,"categoriaProduto":null,"tipoAutorizacao":"REGISTRADO","numeroRegistroFormatado":"109220111","mesAnoVencimentoFormatado":"07/2002","acancelar":false},"empresa":{"cnpj":"28643633000137","razaoSocial":"H B FARMA LABORATÓRIOS LTDA","numeroAutorizacao":"1009224","cnpjFormatado":"28.643.633/0001-37"},"processo":{"numero":"2599200693667","situacao":29,"numeroProcessoFormatado":"25992.006936/67"}},{"ordem":60,"produto":{"codigo":137616,"nome":"PARATOSSE","numeroRegistro":"109220057","tipo":{"codigo":1,"descricao":null},"categoria":null,"situacaoRotulo":null,"dataVencimento":null,"mesAnoVencimento":"082007","dataVencimentoRegistro":"2007-08-01T00:00:00.000-0300","principioAtivo":null,"situacaoApresentacao":"Caduco/Cancelado","dataRegistro":"2002-08-15T00:00:00.000-0300","categoriaRegulatoria":{"codigo":8,"descricao":"Similar"},"medicamentoReferencia":null,"categoriaProduto":null,"tipoAutorizacao":"REGISTRADO","numeroRegistroFormatado":"109220057","mesAnoVencimentoFormatado":"08/2007","acancelar":false},"empresa":{"cnpj":"28643633000137","razaoSocial":"H B FARMA LABORATÓRIOS LTDA","numeroAutorizacao":"1009224","cnpjFormatado":"28.643.633/0001-37"},"processo":{"numero":"259920131598010","situacao":29,"numeroProcessoFormatado":"25992.013159/80-10"}},{"ordem":61,"produto":{"codigo":136404,"nome":"PRONOL","numeroRegistro":"109220166","tipo":{"codigo":1,"descricao":null},"categoria":null,"situacaoRotulo":null,"dataVencimento":null,"mesAnoVencimento":"092007","dataVencimentoRegistro":"2007-09-01T00:00:00.000-0300","principioAtivo":null,"situacaoApresentacao":"Caduco/Cancelado","dataRegistro":"2002-09-02T00:00:00.000-0300","categoriaRegulatoria":{"codigo":8,"descricao":"Similar"},"medicamentoReferencia":null,"categoriaProduto":null,"tipoAutorizacao":"REGISTRADO","numeroRegistroFormatado":"109220166","mesAnoVencimentoFormatado":"09/2007","acancelar":false},"empresa":{"cnpj":"28643633000137","razaoSocial":"H B FARMA LABORATÓRIOS LTDA","numeroAutorizacao":"1009224","cnpjFormatado":"28.643.633/0001-37"},"processo":{"numero":"25351160772200211","situacao":29,"numeroProcessoFormatado":"25351.160772/2002-11"}},{"ordem":62,"produto":{"codigo":172109,"nome":"PYLOPRAZOL","numeroRegistro":"109220188","tipo":{"codigo":1,"descricao":null},"categoria":null,"situacaoRotulo":null,"dataVencimento":null,"mesAnoVencimento":"022008","dataVencimentoRegistro":"2008-02-01T00:00:00.000-0300","principioAtivo":null,"situacaoApresentacao":"Caduco/Cancelado","dataRegistro":"2003-02-26T00:00:00.000-0300","categoriaRegulatoria":{"codigo":8,"descricao":"Similar"},"medicamentoReferencia":null,"categoriaProduto":null,"tipoAutorizacao":"REGISTRADO","numeroRegistroFormatado":"109220188","mesAnoVencimentoFormatado":"02/2008","acancelar":false},"empresa":{"cnpj":"28643633000137","razaoSocial":"H B FARMA LABORATÓRIOS LTDA","numeroAutorizacao":"1009224","cnpjFormatado":"28.643.633/0001-37"},"processo":{"numero":"25351160820200271","situacao":29,"numeroProcessoFormatado":"25351.160820/2002-71"}},{"ordem":63,"produto":{"codigo":134338,"nome":"QUADERMIN","numeroRegistro":"109220164","tipo":{"codigo":1,"descricao":null},"categoria":null,"situacaoRotulo":null,"dataVencimento":null,"mesAnoVencimento":"082007","dataVencimentoRegistro":"2007-08-01T00:00:00.000-0300","principioAtivo":null,"situacaoApresentacao":"Caduco/Cancelado","dataRegistro":"2002-08-26T00:00:00.000-0300","categoriaRegulatoria":{"codigo":8,"descricao":"Similar"},"medicamentoReferencia":null,"categoriaProduto":null,"tipoAutorizacao":"REGISTRADO","numeroRegistroFormatado":"109220164","mesAnoVencimentoFormatado":"08/2007","acancelar":false},"empresa":{"cnpj":"28643633000137","razaoSocial":"H B FARMA LABORATÓRIOS LTDA","numeroAutorizacao":"1009224","cnpjFormatado":"28.643.633/0001-37"},"processo":{"numero":"25351160783200209","situacao":29,"numeroProcessoFormatado":"25351.160783/2002-09"}},{"ordem":64,"produto":{"codigo":357852,"nome":"REUMADIL","numeroRegistro":"109220110","tipo":{"codigo":1,"descricao":null},"categoria":null,"situacaoRotulo":null,"dataVencimento":null,"mesAnoVencimento":"092007","dataVencimentoRegistro":"2007-09-01T00:00:00.000-0300","principioAtivo":null,"situacaoApresentacao":"Caduco/Cancelado","dataRegistro":"2003-04-01T00:00:00.000-0300","categoriaRegulatoria":{"codigo":8,"descricao":"Similar"},"medicamentoReferencia":null,"categoriaProduto":null,"tipoAutorizacao":"REGISTRADO","numeroRegistroFormatado":"109220110","mesAnoVencimentoFormatado":"09/2007","acancelar":false},"empresa":{"cnpj":"28643633000137","razaoSocial":"H B FARMA LABORATÓRIOS LTDA","numeroAutorizacao":"1009224","cnpjFormatado":"28.643.633/0001-37"},"processo":{"numero":"2599200434572","situacao":29,"numeroProcessoFormatado":"25992.004345/72"}},{"ordem":65,"produto":{"codigo":165200,"nome":"SALICILATO DE BISMUTO BÁSICO","numeroRegistro":"109220172","tipo":{"codigo":1,"descricao":null},"categoria":null,"situacaoRotulo":null,"dataVencimento":null,"mesAnoVencimento":"112007","dataVencimentoRegistro":"2007-11-01T00:00:00.000-0300","principioAtivo":null,"situacaoApresentacao":"Caduco/Cancelado","dataRegistro":"2002-12-02T00:00:00.000-0300","categoriaRegulatoria":{"codigo":8,"descricao":"Similar"},"medicamentoReferencia":null,"categoriaProduto":null,"tipoAutorizacao":"REGISTRADO","numeroRegistroFormatado":"109220172","mesAnoVencimentoFormatado":"11/2007","acancelar":false},"empresa":{"cnpj":"28643633000137","razaoSocial":"H B FARMA LABORATÓRIOS LTDA","numeroAutorizacao":"1009224","cnpjFormatado":"28.643.633/0001-37"},"processo":{"numero":"253510083920250","situacao":29,"numeroProcessoFormatado":"25351.008392/02-50"}},{"ordem":66,"produto":{"codigo":174140,"nome":"SALICILATO DE METILA + ASSOCIAÇÕES","numeroRegistro":"109220193","tipo":{"codigo":1,"descricao":null},"categoria":null,"situacaoRotulo":null,"dataVencimento":null,"mesAnoVencimento":"022008","dataVencimentoRegistro":"2008-02-01T00:00:00.000-0300","principioAtivo":null,"situacaoApresentacao":"Caduco/Cancelado","dataRegistro":"2003-03-10T00:00:00.000-0300","categoriaRegulatoria":{"codigo":8,"descricao":"Similar"},"medicamentoReferencia":null,"categoriaProduto":null,"tipoAutorizacao":"REGISTRADO","numeroRegistroFormatado":"109220193","mesAnoVencimentoFormatado":"02/2008","acancelar":false},"empresa":{"cnpj":"28643633000137","razaoSocial":"H B FARMA LABORATÓRIOS LTDA","numeroAutorizacao":"1009224","cnpjFormatado":"28.643.633/0001-37"},"processo":{"numero":"253510083890245","situacao":29,"numeroProcessoFormatado":"25351.008389/02-45"}},{"ordem":67,"produto":{"codigo":7736,"nome":"SULFATO DE POLIMIXINA B + SULFATO DE NEOMICINA + ACETONIDO FLUOCINOLONA","numeroRegistro":"109220042","tipo":{"codigo":1,"descricao":null},"categoria":null,"situacaoRotulo":null,"dataVencimento":null,"mesAnoVencimento":"122006","dataVencimentoRegistro":"2006-12-01T00:00:00.000-0300","principioAtivo":null,"situacaoApresentacao":"Caduco/Cancelado","dataRegistro":"2002-02-15T00:00:00.000-0200","categoriaRegulatoria":{"codigo":8,"descricao":"Similar"},"medicamentoReferencia":null,"categoriaProduto":null,"tipoAutorizacao":"REGISTRADO","numeroRegistroFormatado":"109220042","mesAnoVencimentoFormatado":"12/2006","acancelar":false},"empresa":{"cnpj":"28643633000137","razaoSocial":"H B FARMA LABORATÓRIOS LTDA","numeroAutorizacao":"1009224","cnpjFormatado":"28.643.633/0001-37"},"processo":{"numero":"2599200493171","situacao":29,"numeroProcessoFormatado":"25992.004931/71"}},{"ordem":68,"produto":{"codigo":141117,"nome":"SULFATO DE SALBUTAMOL","numeroRegistro":"109220143","tipo":{"codigo":1,"descricao":null},"categoria":null,"situacaoRotulo":null,"dataVencimento":null,"mesAnoVencimento":"092007","dataVencimentoRegistro":"2007-09-01T00:00:00.000-0300","principioAtivo":null,"situacaoApresentacao":"Caduco/Cancelado","dataRegistro":"2002-09-02T00:00:00.000-0300","categoriaRegulatoria":{"codigo":8,"descricao":"Similar"},"medicamentoReferencia":null,"categoriaProduto":null,"tipoAutorizacao":"REGISTRADO","numeroRegistroFormatado":"109220143","mesAnoVencimentoFormatado":"09/2007","acancelar":false},"empresa":{"cnpj":"28643633000137","razaoSocial":"H B FARMA LABORATÓRIOS LTDA","numeroAutorizacao":"1009224","cnpjFormatado":"28.643.633/0001-37"},"processo":{"numero":"2599200707772","situacao":29,"numeroProcessoFormatado":"25992.007077/72"}},{"ordem":69,"produto":{"codigo":273777,"nome":"SULFATO FERROSO + ACIDO FOSFORICO + ASSOCIAÇÕES","numeroRegistro":"109220194","tipo":{"codigo":1,"descricao":null},"categoria":null,"situacaoRotulo":null,"dataVencimento":null,"mesAnoVencimento":"032008","dataVencimentoRegistro":"2008-03-01T00:00:00.000-0300","principioAtivo":null,"situacaoApresentacao":"Caduco/Cancelado","dataRegistro":"2003-03-24T00:00:00.000-0300","categoriaRegulatoria":{"codigo":8,"descricao":"Similar"},"medicamentoReferencia":null,"categoriaProduto":null,"tipoAutorizacao":"REGISTRADO","numeroRegistroFormatado":"109220194","mesAnoVencimentoFormatado":"03/2008","acancelar":false},"empresa":{"cnpj":"28643633000137","razaoSocial":"H B FARMA LABORATÓRIOS LTDA","numeroAutorizacao":"1009224","cnpjFormatado":"28.643.633/0001-37"},"processo":{"numero":"250000090579738","situacao":29,"numeroProcessoFormatado":"25000.009057/97-38"}},{"ordem":70,"produto":{"codigo":169808,"nome":"SULFATO POLIMIXINA + PREDNISOLONA + AMINOBENZOATO BUTILA","numeroRegistro":"109220178","tipo":{"codigo":1,"descricao":null},"categoria":null,"situacaoRotulo":null,"dataVencimento":null,"mesAnoVencimento":"082007","dataVencimentoRegistro":"2007-08-01T00:00:00.000-0300","principioAtivo":null,"situacaoApresentacao":"Caduco/Cancelado","dataRegistro":"2003-01-08T00:00:00.000-0300","categoriaRegulatoria":{"codigo":8,"descricao":"Similar"},"medicamentoReferencia":null,"categoriaProduto":null,"tipoAutorizacao":"REGISTRADO","numeroRegistroFormatado":"109220178","mesAnoVencimentoFormatado":"08/2007","acancelar":false},"empresa":{"cnpj":"28643633000137","razaoSocial":"H B FARMA LABORATÓRIOS LTDA","numeroAutorizacao":"1009224","cnpjFormatado":"28.643.633/0001-37"},"processo":{"numero":"2599201160772","situacao":29,"numeroProcessoFormatado":"25992.011607/72"}},{"ordem":71,"produto":{"codigo":174150,"nome":"TENOXICAN","numeroRegistro":"109220186","tipo":{"codigo":1,"descricao":null},"categoria":null,"situacaoRotulo":null,"dataVencimento":null,"mesAnoVencimento":"022008","dataVencimentoRegistro":"2008-02-01T00:00:00.000-0300","principioAtivo":null,"situacaoApresentacao":"Caduco/Cancelado","dataRegistro":"2003-02-24T00:00:00.000-0300","categoriaRegulatoria":{"codigo":8,"descricao":"Similar"},"medicamentoReferencia":null,"categoriaProduto":null,"tipoAutorizacao":"REGISTRADO","numeroRegistroFormatado":"109220186","mesAnoVencimentoFormatado":"02/2008","acancelar":false},"empresa":{"cnpj":"28643633000137","razaoSocial":"H B FARMA LABORATÓRIOS LTDA","numeroAutorizacao":"1009224","cnpjFormatado":"28.643.633/0001-37"},"processo":{"numero":"253510083900224","situacao":29,"numeroProcessoFormatado":"25351.008390/02-24"}},{"ordem":72,"produto":{"codigo":7966,"nome":"TIABENDAZOL","numeroRegistro":"109220122","tipo":{"codigo":1,"descricao":null},"categoria":null,"situacaoRotulo":null,"dataVencimento":null,"mesAnoVencimento":"082002","dataVencimentoRegistro":"2002-08-01T00:00:00.000-0300","principioAtivo":null,"situacaoApresentacao":"Caduco/Cancelado","dataRegistro":"2001-04-02T00:00:00.000-0300","categoriaRegulatoria":{"codigo":8,"descricao":"Similar"},"medicamentoReferencia":null,"categoriaProduto":null,"tipoAutorizacao":"REGISTRADO","numeroRegistroFormatado":"109220122","mesAnoVencimentoFormatado":"08/2002","acancelar":false},"empresa":{"cnpj":"28643633000137","razaoSocial":"H B FARMA LABORATÓRIOS LTDA","numeroAutorizacao":"1009224","cnpjFormatado":"28.643.633/0001-37"},"processo":{"numero":"2599200858972","situacao":29,"numeroProcessoFormatado":"25992.008589/72"}},{"ordem":73,"produto":{"codigo":7013,"nome":"TRIOTÔNICO","numeroRegistro":"109220085","tipo":{"codigo":1,"descricao":null},"categoria":null,"situacaoRotulo":null,"dataVencimento":null,"mesAnoVencimento":"102004","dataVencimentoRegistro":"2004-10-01T00:00:00.000-0300","principioAtivo":null,"situacaoApresentacao":"Caduco/Cancelado","dataRegistro":"2001-12-10T00:00:00.000-0200","categoriaRegulatoria":{"codigo":3,"descricao":"Específico"},"medicamentoReferencia":null,"categoriaProduto":null,"tipoAutorizacao":"REGISTRADO","numeroRegistroFormatado":"109220085","mesAnoVencimentoFormatado":"10/2004","acancelar":false},"empresa":{"cnpj":"28643633000137","razaoSocial":"H B FARMA LABORATÓRIOS LTDA","numeroAutorizacao":"1009224","cnpjFormatado":"28.643.633/0001-37"},"processo":{"numero":"2599201813473","situacao":29,"numeroProcessoFormatado":"25992.018134/73"}},{"ordem":74,"produto":{"codigo":6656,"nome":"TYLALGEN","numeroRegistro":"109220022","tipo":{"codigo":1,"descricao":null},"categoria":null,"situacaoRotulo":null,"dataVencimento":null,"mesAnoVencimento":"032006","dataVencimentoRegistro":"2006-03-01T00:00:00.000-0300","principioAtivo":null,"situacaoApresentacao":"Caduco/Cancelado","dataRegistro":"2001-06-27T00:00:00.000-0300","categoriaRegulatoria":{"codigo":8,"descricao":"Similar"},"medicamentoReferencia":null,"categoriaProduto":null,"tipoAutorizacao":"REGISTRADO","numeroRegistroFormatado":"109220022","mesAnoVencimentoFormatado":"03/2006","acancelar":false},"empresa":{"cnpj":"28643633000137","razaoSocial":"H B FARMA LABORATÓRIOS LTDA","numeroAutorizacao":"1009224","cnpjFormatado":"28.643.633/0001-37"},"processo":{"numero":"2599201803675","situacao":29,"numeroProcessoFormatado":"25992.018036/75"}},{"ordem":75,"produto":{"codigo":273719,"nome":"URASIX","numeroRegistro":"109220119","tipo":{"codigo":1,"descricao":null},"categoria":null,"situacaoRotulo":null,"dataVencimento":null,"mesAnoVencimento":"052006","dataVencimentoRegistro":"2006-05-01T00:00:00.000-0300","principioAtivo":null,"situacaoApresentacao":"Caduco/Cancelado","dataRegistro":"2001-09-27T00:00:00.000-0300","categoriaRegulatoria":{"codigo":8,"descricao":"Similar"},"medicamentoReferencia":null,"categoriaProduto":null,"tipoAutorizacao":"REGISTRADO","numeroRegistroFormatado":"109220119","mesAnoVencimentoFormatado":"05/2006","acancelar":false},"empresa":{"cnpj":"28643633000137","razaoSocial":"H B FARMA LABORATÓRIOS LTDA","numeroAutorizacao":"1009224","cnpjFormatado":"28.643.633/0001-37"},"processo":{"numero":"2599200939140","situacao":29,"numeroProcessoFormatado":"25992.009391/40"}},{"ordem":76,"produto":{"codigo":341871,"nome":"UROSALIN","numeroRegistro":"109220199","tipo":{"codigo":1,"descricao":null},"categoria":null,"situacaoRotulo":null,"dataVencimento":null,"mesAnoVencimento":"102006","dataVencimentoRegistro":"2006-10-01T00:00:00.000-0300","principioAtivo":null,"situacaoApresentacao":"Caduco/Cancelado","dataRegistro":"1981-10-08T00:00:00.000-0300","categoriaRegulatoria":{"codigo":8,"descricao":"Similar"},"medicamentoReferencia":null,"categoriaProduto":null,"tipoAutorizacao":"REGISTRADO","numeroRegistroFormatado":"109220199","mesAnoVencimentoFormatado":"10/2006","acancelar":false},"empresa":{"cnpj":"28643633000137","razaoSocial":"H B FARMA LABORATÓRIOS LTDA","numeroAutorizacao":"1009224","cnpjFormatado":"28.643.633/0001-37"},"processo":{"numero":"2599200029926","situacao":29,"numeroProcessoFormatado":"25992.000299/26"}},{"ordem":77,"produto":{"codigo":536363,"nome":"VARIZIN","numeroRegistro":"109220205","tipo":{"codigo":1,"descricao":null},"categoria":null,"situacaoRotulo":null,"dataVencimento":null,"mesAnoVencimento":"112012","dataVencimentoRegistro":"2012-11-01T00:00:00.000-0300","principioAtivo":null,"situacaoApresentacao":"Caduco/Cancelado","dataRegistro":"2007-11-12T00:00:00.000-0300","categoriaRegulatoria":{"codigo":4,"descricao":"Fitoterápico"},"medicamentoReferencia":null,"categoriaProduto":null,"tipoAutorizacao":"REGISTRADO","numeroRegistroFormatado":"109220205","mesAnoVencimentoFormatado":"11/2012","acancelar":false},"empresa":{"cnpj":"28643633000137","razaoSocial":"H B FARMA LABORATÓRIOS LTDA","numeroAutorizacao":"1009224","cnpjFormatado":"28.643.633/0001-37"},"processo":{"numero":"25351272531200728","situacao":29,"numeroProcessoFormatado":"25351.272531/2007-28"}},{"ordem":78,"produto":{"codigo":172958,"nome":"ZITRINA","numeroRegistro":"109220181","tipo":{"codigo":1,"descricao":null},"categoria":null,"situacaoRotulo":null,"dataVencimento":null,"mesAnoVencimento":"022008","dataVencimentoRegistro":"2008-02-01T00:00:00.000-0300","principioAtivo":null,"situacaoApresentacao":"Caduco/Cancelado","dataRegistro":"2003-02-12T00:00:00.000-0300","categoriaRegulatoria":{"codigo":8,"descricao":"Similar"},"medicamentoReferencia":null,"categoriaProduto":null,"tipoAutorizacao":"REGISTRADO","numeroRegistroFormatado":"109220181","mesAnoVencimentoFormatado":"02/2008","acancelar":false},"empresa":{"cnpj":"28643633000137","razaoSocial":"H B FARMA LABORATÓRIOS LTDA","numeroAutorizacao":"1009224","cnpjFormatado":"28.643.633/0001-37"},"processo":{"numero":"253510085280240","situacao":29,"numeroProcessoFormatado":"25351.008528/02-40"}}],"totalPages":1,"totalElements":78,"last":true,"numberOfElements":78,"first":true,"sort":null,"size":1000,"number":0}