{"content":[{"ordem":1,"produto":{"codigo":371186,"nome":"ACALMIL","numeroRegistro":"106240231","tipo":{"codigo":1,"descricao":null},"categoria":null,"situacaoRotulo":null,"dataVencimento":null,"mesAnoVencimento":"012015","dataVencimentoRegistro":"2015-01-01T00:00:00.000-0300","principioAtivo":null,"situacaoApresentacao":"Caduco/Cancelado","dataRegistro":"2005-01-07T00:00:00.000-0300","categoriaRegulatoria":{"codigo":4,"descricao":"Fitoterápico"},"medicamentoReferencia":null,"categoriaProduto":null,"tipoAutorizacao":"REGISTRADO","mesAnoVencimentoFormatado":"01/2015","numeroRegistroFormatado":"106240231","acancelar":false},"empresa":{"cnpj":"29333218000140","razaoSocial":"INDÚSTRIA FARMACÊUTICA MILIAN LTDA","numeroAutorizacao":null,"cnpjFormatado":"29.333.218/0001-40"},"processo":{"numero":"25351070459200372","situacao":29,"numeroProcessoFormatado":"25351.070459/2003-72"}},{"ordem":2,"produto":{"codigo":537843,"nome":"ALCACHOFRA MILIAN","numeroRegistro":"106240240","tipo":{"codigo":1,"descricao":null},"categoria":null,"situacaoRotulo":null,"dataVencimento":null,"mesAnoVencimento":"062013","dataVencimentoRegistro":"2013-06-01T00:00:00.000-0300","principioAtivo":null,"situacaoApresentacao":"Caduco/Cancelado","dataRegistro":"2008-06-02T00:00:00.000-0300","categoriaRegulatoria":{"codigo":4,"descricao":"Fitoterápico"},"medicamentoReferencia":null,"categoriaProduto":null,"tipoAutorizacao":"REGISTRADO","mesAnoVencimentoFormatado":"06/2013","numeroRegistroFormatado":"106240240","acancelar":false},"empresa":{"cnpj":"29333218000140","razaoSocial":"INDÚSTRIA FARMACÊUTICA MILIAN LTDA","numeroAutorizacao":null,"cnpjFormatado":"29.333.218/0001-40"},"processo":{"numero":"25351292129200760","situacao":29,"numeroProcessoFormatado":"25351.292129/2007-60"}},{"ordem":3,"produto":{"codigo":137528,"nome":"ALOPURIMILIUM","numeroRegistro":"106240099","tipo":{"codigo":1,"descricao":null},"categoria":null,"situacaoRotulo":null,"dataVencimento":null,"mesAnoVencimento":"082007","dataVencimentoRegistro":"2007-08-01T00:00:00.000-0300","principioAtivo":null,"situacaoApresentacao":"Caduco/Cancelado","dataRegistro":"2002-08-22T00:00:00.000-0300","categoriaRegulatoria":{"codigo":8,"descricao":"Similar"},"medicamentoReferencia":null,"categoriaProduto":null,"tipoAutorizacao":"REGISTRADO","mesAnoVencimentoFormatado":"08/2007","numeroRegistroFormatado":"106240099","acancelar":false},"empresa":{"cnpj":"29333218000140","razaoSocial":"INDÚSTRIA FARMACÊUTICA MILIAN LTDA","numeroAutorizacao":null,"cnpjFormatado":"29.333.218/0001-40"},"processo":{"numero":"253510363370179","situacao":29,"numeroProcessoFormatado":"25351.036337/01-79"}},{"ordem":4,"produto":{"codigo":70037,"nome":"CAPTOMAX","numeroRegistro":"106240088","tipo":{"codigo":1,"descricao":null},"categoria":null,"situacaoRotulo":null,"dataVencimento":null,"mesAnoVencimento":"082011","dataVencimentoRegistro":"2011-08-01T00:00:00.000-0300","principioAtivo":null,"situacaoApresentacao":"Caduco/Cancelado","dataRegistro":"2001-08-14T00:00:00.000-0300","categoriaRegulatoria":{"codigo":8,"descricao":"Similar"},"medicamentoReferencia":null,"categoriaProduto":null,"tipoAutorizacao":"REGISTRADO","mesAnoVencimentoFormatado":"08/2011","numeroRegistroFormatado":"106240088","acancelar":false},"empresa":{"cnpj":"29333218000140","razaoSocial":"INDÚSTRIA FARMACÊUTICA MILIAN LTDA","numeroAutorizacao":null,"cnpjFormatado":"29.333.218/0001-40"},"processo":{"numero":"253510055660141","situacao":29,"numeroProcessoFormatado":"25351.005566/01-41"}},{"ordem":5,"produto":{"codigo":546465,"nome":"CASTANHA DA ÍNDIA MILIAN","numeroRegistro":"106240239","tipo":{"codigo":1,"descricao":null},"categoria":null,"situacaoRotulo":null,"dataVencimento":null,"mesAnoVencimento":"032013","dataVencimentoRegistro":"2013-03-01T00:00:00.000-0300","principioAtivo":null,"situacaoApresentacao":"Caduco/Cancelado","dataRegistro":"2008-03-03T00:00:00.000-0300","categoriaRegulatoria":{"codigo":4,"descricao":"Fitoterápico"},"medicamentoReferencia":null,"categoriaProduto":null,"tipoAutorizacao":"REGISTRADO","mesAnoVencimentoFormatado":"03/2013","numeroRegistroFormatado":"106240239","acancelar":false},"empresa":{"cnpj":"29333218000140","razaoSocial":"INDÚSTRIA FARMACÊUTICA MILIAN LTDA","numeroAutorizacao":null,"cnpjFormatado":"29.333.218/0001-40"},"processo":{"numero":"25351460844200731","situacao":29,"numeroProcessoFormatado":"25351.460844/2007-31"}},{"ordem":6,"produto":{"codigo":169739,"nome":"COCICHIMIL","numeroRegistro":"106240102","tipo":{"codigo":1,"descricao":null},"categoria":null,"situacaoRotulo":null,"dataVencimento":null,"mesAnoVencimento":"122012","dataVencimentoRegistro":"2012-12-01T00:00:00.000-0300","principioAtivo":null,"situacaoApresentacao":"Caduco/Cancelado","dataRegistro":"2003-01-08T00:00:00.000-0300","categoriaRegulatoria":{"codigo":8,"descricao":"Similar"},"medicamentoReferencia":null,"categoriaProduto":null,"tipoAutorizacao":"REGISTRADO","mesAnoVencimentoFormatado":"12/2012","numeroRegistroFormatado":"106240102","acancelar":false},"empresa":{"cnpj":"29333218000140","razaoSocial":"INDÚSTRIA FARMACÊUTICA MILIAN LTDA","numeroAutorizacao":null,"cnpjFormatado":"29.333.218/0001-40"},"processo":{"numero":"253510363390102","situacao":29,"numeroProcessoFormatado":"25351.036339/01-02"}},{"ordem":7,"produto":{"codigo":165093,"nome":"DIPIRAL","numeroRegistro":"106240100","tipo":{"codigo":1,"descricao":null},"categoria":null,"situacaoRotulo":null,"dataVencimento":null,"mesAnoVencimento":"102012","dataVencimentoRegistro":"2012-10-01T00:00:00.000-0300","principioAtivo":null,"situacaoApresentacao":"Caduco/Cancelado","dataRegistro":"2002-10-28T00:00:00.000-0300","categoriaRegulatoria":{"codigo":8,"descricao":"Similar"},"medicamentoReferencia":null,"categoriaProduto":null,"tipoAutorizacao":"REGISTRADO","mesAnoVencimentoFormatado":"10/2012","numeroRegistroFormatado":"106240100","acancelar":false},"empresa":{"cnpj":"29333218000140","razaoSocial":"INDÚSTRIA FARMACÊUTICA MILIAN LTDA","numeroAutorizacao":null,"cnpjFormatado":"29.333.218/0001-40"},"processo":{"numero":"253510264250116","situacao":29,"numeroProcessoFormatado":"25351.026425/01-16"}},{"ordem":8,"produto":{"codigo":70459,"nome":"DIUREMIL","numeroRegistro":"106240087","tipo":{"codigo":1,"descricao":null},"categoria":null,"situacaoRotulo":null,"dataVencimento":null,"mesAnoVencimento":"042011","dataVencimentoRegistro":"2011-04-01T00:00:00.000-0300","principioAtivo":null,"situacaoApresentacao":"Caduco/Cancelado","dataRegistro":"2001-04-12T00:00:00.000-0300","categoriaRegulatoria":{"codigo":8,"descricao":"Similar"},"medicamentoReferencia":null,"categoriaProduto":null,"tipoAutorizacao":"REGISTRADO","mesAnoVencimentoFormatado":"04/2011","numeroRegistroFormatado":"106240087","acancelar":false},"empresa":{"cnpj":"29333218000140","razaoSocial":"INDÚSTRIA FARMACÊUTICA MILIAN LTDA","numeroAutorizacao":null,"cnpjFormatado":"29.333.218/0001-40"},"processo":{"numero":"250000029369559","situacao":29,"numeroProcessoFormatado":"25000.002936/95-59"}},{"ordem":9,"produto":{"codigo":358279,"nome":"DORALFEBRE","numeroRegistro":"106240225","tipo":{"codigo":1,"descricao":null},"categoria":null,"situacaoRotulo":null,"dataVencimento":null,"mesAnoVencimento":"032009","dataVencimentoRegistro":"2009-03-01T00:00:00.000-0300","principioAtivo":null,"situacaoApresentacao":"Caduco/Cancelado","dataRegistro":"2004-03-12T00:00:00.000-0300","categoriaRegulatoria":{"codigo":8,"descricao":"Similar"},"medicamentoReferencia":null,"categoriaProduto":null,"tipoAutorizacao":"REGISTRADO","mesAnoVencimentoFormatado":"03/2009","numeroRegistroFormatado":"106240225","acancelar":false},"empresa":{"cnpj":"29333218000140","razaoSocial":"INDÚSTRIA FARMACÊUTICA MILIAN LTDA","numeroAutorizacao":null,"cnpjFormatado":"29.333.218/0001-40"},"processo":{"numero":"253510407600182","situacao":20,"numeroProcessoFormatado":"25351.040760/01-82"}},{"ordem":10,"produto":{"codigo":70367,"nome":"ENALAP","numeroRegistro":"106240092","tipo":{"codigo":1,"descricao":null},"categoria":null,"situacaoRotulo":null,"dataVencimento":null,"mesAnoVencimento":"112011","dataVencimentoRegistro":"2011-11-01T00:00:00.000-0300","principioAtivo":null,"situacaoApresentacao":"Caduco/Cancelado","dataRegistro":"2001-11-19T00:00:00.000-0200","categoriaRegulatoria":{"codigo":8,"descricao":"Similar"},"medicamentoReferencia":null,"categoriaProduto":null,"tipoAutorizacao":"REGISTRADO","mesAnoVencimentoFormatado":"11/2011","numeroRegistroFormatado":"106240092","acancelar":false},"empresa":{"cnpj":"29333218000140","razaoSocial":"INDÚSTRIA FARMACÊUTICA MILIAN LTDA","numeroAutorizacao":null,"cnpjFormatado":"29.333.218/0001-40"},"processo":{"numero":"253510205930190","situacao":29,"numeroProcessoFormatado":"25351.020593/01-90"}},{"ordem":11,"produto":{"codigo":371556,"nome":"ESPIMIL","numeroRegistro":"106240233","tipo":{"codigo":1,"descricao":null},"categoria":null,"situacaoRotulo":null,"dataVencimento":null,"mesAnoVencimento":"012010","dataVencimentoRegistro":"2010-01-01T00:00:00.000-0300","principioAtivo":null,"situacaoApresentacao":"Caduco/Cancelado","dataRegistro":"2005-01-19T00:00:00.000-0300","categoriaRegulatoria":{"codigo":4,"descricao":"Fitoterápico"},"medicamentoReferencia":null,"categoriaProduto":null,"tipoAutorizacao":"REGISTRADO","mesAnoVencimentoFormatado":"01/2010","numeroRegistroFormatado":"106240233","acancelar":false},"empresa":{"cnpj":"29333218000140","razaoSocial":"INDÚSTRIA FARMACÊUTICA MILIAN LTDA","numeroAutorizacao":null,"cnpjFormatado":"29.333.218/0001-40"},"processo":{"numero":"25351046599200419","situacao":29,"numeroProcessoFormatado":"25351.046599/2004-19"}},{"ordem":12,"produto":{"codigo":70141,"nome":"GARGOMAX","numeroRegistro":"106240084","tipo":{"codigo":1,"descricao":null},"categoria":null,"situacaoRotulo":null,"dataVencimento":null,"mesAnoVencimento":"112015","dataVencimentoRegistro":"2015-11-01T00:00:00.000-0300","principioAtivo":null,"situacaoApresentacao":"Caduco/Cancelado","dataRegistro":"2000-11-08T00:00:00.000-0300","categoriaRegulatoria":{"codigo":8,"descricao":"Similar"},"medicamentoReferencia":null,"categoriaProduto":null,"tipoAutorizacao":"REGISTRADO","mesAnoVencimentoFormatado":"11/2015","numeroRegistroFormatado":"106240084","acancelar":false},"empresa":{"cnpj":"29333218000140","razaoSocial":"INDÚSTRIA FARMACÊUTICA MILIAN LTDA","numeroAutorizacao":null,"cnpjFormatado":"29.333.218/0001-40"},"processo":{"numero":"250000120989793","situacao":29,"numeroProcessoFormatado":"25000.012098/97-93"}},{"ordem":13,"produto":{"codigo":70411,"nome":"GINKOMILLIUM","numeroRegistro":"106240085","tipo":{"codigo":1,"descricao":null},"categoria":null,"situacaoRotulo":null,"dataVencimento":null,"mesAnoVencimento":"112005","dataVencimentoRegistro":"2005-11-01T00:00:00.000-0300","principioAtivo":null,"situacaoApresentacao":"Caduco/Cancelado","dataRegistro":"2000-11-09T00:00:00.000-0300","categoriaRegulatoria":{"codigo":8,"descricao":"Similar"},"medicamentoReferencia":null,"categoriaProduto":null,"tipoAutorizacao":"REGISTRADO","mesAnoVencimentoFormatado":"11/2005","numeroRegistroFormatado":"106240085","acancelar":false},"empresa":{"cnpj":"29333218000140","razaoSocial":"INDÚSTRIA FARMACÊUTICA MILIAN LTDA","numeroAutorizacao":null,"cnpjFormatado":"29.333.218/0001-40"},"processo":{"numero":"253510139740022","situacao":29,"numeroProcessoFormatado":"25351.013974/00-22"}},{"ordem":14,"produto":{"codigo":509398,"nome":"GINKOMILLIUM","numeroRegistro":"106240238","tipo":{"codigo":1,"descricao":null},"categoria":null,"situacaoRotulo":null,"dataVencimento":null,"mesAnoVencimento":"052012","dataVencimentoRegistro":"2012-05-01T00:00:00.000-0300","principioAtivo":null,"situacaoApresentacao":"Caduco/Cancelado","dataRegistro":"2007-05-21T00:00:00.000-0300","categoriaRegulatoria":{"codigo":4,"descricao":"Fitoterápico"},"medicamentoReferencia":null,"categoriaProduto":null,"tipoAutorizacao":"REGISTRADO","mesAnoVencimentoFormatado":"05/2012","numeroRegistroFormatado":"106240238","acancelar":false},"empresa":{"cnpj":"29333218000140","razaoSocial":"INDÚSTRIA FARMACÊUTICA MILIAN LTDA","numeroAutorizacao":null,"cnpjFormatado":"29.333.218/0001-40"},"processo":{"numero":"25351509287200683","situacao":31,"numeroProcessoFormatado":"25351.509287/2006-83"}},{"ordem":15,"produto":{"codigo":359129,"nome":"GLIMIL","numeroRegistro":"106240226","tipo":{"codigo":1,"descricao":null},"categoria":null,"situacaoRotulo":null,"dataVencimento":null,"mesAnoVencimento":"032014","dataVencimentoRegistro":"2014-03-01T00:00:00.000-0300","principioAtivo":null,"situacaoApresentacao":"Caduco/Cancelado","dataRegistro":"2004-03-17T00:00:00.000-0300","categoriaRegulatoria":{"codigo":8,"descricao":"Similar"},"medicamentoReferencia":null,"categoriaProduto":null,"tipoAutorizacao":"REGISTRADO","mesAnoVencimentoFormatado":"03/2014","numeroRegistroFormatado":"106240226","acancelar":false},"empresa":{"cnpj":"29333218000140","razaoSocial":"INDÚSTRIA FARMACÊUTICA MILIAN LTDA","numeroAutorizacao":null,"cnpjFormatado":"29.333.218/0001-40"},"processo":{"numero":"253510407570178","situacao":29,"numeroProcessoFormatado":"25351.040757/01-78"}},{"ordem":16,"produto":{"codigo":70514,"nome":"HIDRAZIM","numeroRegistro":"106240090","tipo":{"codigo":1,"descricao":null},"categoria":null,"situacaoRotulo":null,"dataVencimento":null,"mesAnoVencimento":"102011","dataVencimentoRegistro":"2011-10-01T00:00:00.000-0300","principioAtivo":null,"situacaoApresentacao":"Caduco/Cancelado","dataRegistro":"2001-10-15T00:00:00.000-0200","categoriaRegulatoria":{"codigo":8,"descricao":"Similar"},"medicamentoReferencia":null,"categoriaProduto":null,"tipoAutorizacao":"REGISTRADO","mesAnoVencimentoFormatado":"10/2011","numeroRegistroFormatado":"106240090","acancelar":false},"empresa":{"cnpj":"29333218000140","razaoSocial":"INDÚSTRIA FARMACÊUTICA MILIAN LTDA","numeroAutorizacao":null,"cnpjFormatado":"29.333.218/0001-40"},"processo":{"numero":"253510205920127","situacao":29,"numeroProcessoFormatado":"25351.020592/01-27"}},{"ordem":17,"produto":{"codigo":70149,"nome":"HIDROMAX","numeroRegistro":"106240083","tipo":{"codigo":1,"descricao":null},"categoria":null,"situacaoRotulo":null,"dataVencimento":null,"mesAnoVencimento":"092015","dataVencimentoRegistro":"2015-09-01T00:00:00.000-0300","principioAtivo":null,"situacaoApresentacao":"Caduco/Cancelado","dataRegistro":"2000-09-29T00:00:00.000-0300","categoriaRegulatoria":{"codigo":8,"descricao":"Similar"},"medicamentoReferencia":null,"categoriaProduto":null,"tipoAutorizacao":"REGISTRADO","mesAnoVencimentoFormatado":"09/2015","numeroRegistroFormatado":"106240083","acancelar":false},"empresa":{"cnpj":"29333218000140","razaoSocial":"INDÚSTRIA FARMACÊUTICA MILIAN LTDA","numeroAutorizacao":null,"cnpjFormatado":"29.333.218/0001-40"},"processo":{"numero":"253510059600062","situacao":29,"numeroProcessoFormatado":"25351.005960/00-62"}},{"ordem":18,"produto":{"codigo":165068,"nome":"HIGROMIL","numeroRegistro":"106240101","tipo":{"codigo":1,"descricao":null},"categoria":null,"situacaoRotulo":null,"dataVencimento":null,"mesAnoVencimento":"112012","dataVencimentoRegistro":"2012-11-01T00:00:00.000-0300","principioAtivo":null,"situacaoApresentacao":"Caduco/Cancelado","dataRegistro":"2002-11-06T00:00:00.000-0300","categoriaRegulatoria":{"codigo":8,"descricao":"Similar"},"medicamentoReferencia":null,"categoriaProduto":null,"tipoAutorizacao":"REGISTRADO","mesAnoVencimentoFormatado":"11/2012","numeroRegistroFormatado":"106240101","acancelar":false},"empresa":{"cnpj":"29333218000140","razaoSocial":"INDÚSTRIA FARMACÊUTICA MILIAN LTDA","numeroAutorizacao":null,"cnpjFormatado":"29.333.218/0001-40"},"processo":{"numero":"253510025760270","situacao":29,"numeroProcessoFormatado":"25351.002576/02-70"}},{"ordem":19,"produto":{"codigo":70544,"nome":"HIPERMIL","numeroRegistro":"106240089","tipo":{"codigo":1,"descricao":null},"categoria":null,"situacaoRotulo":null,"dataVencimento":null,"mesAnoVencimento":"102006","dataVencimentoRegistro":"2006-10-01T00:00:00.000-0300","principioAtivo":null,"situacaoApresentacao":"Caduco/Cancelado","dataRegistro":"2001-10-10T00:00:00.000-0300","categoriaRegulatoria":{"codigo":4,"descricao":"Fitoterápico"},"medicamentoReferencia":null,"categoriaProduto":null,"tipoAutorizacao":"REGISTRADO","mesAnoVencimentoFormatado":"10/2006","numeroRegistroFormatado":"106240089","acancelar":false},"empresa":{"cnpj":"29333218000140","razaoSocial":"INDÚSTRIA FARMACÊUTICA MILIAN LTDA","numeroAutorizacao":null,"cnpjFormatado":"29.333.218/0001-40"},"processo":{"numero":"253510225850051","situacao":29,"numeroProcessoFormatado":"25351.022585/00-51"}},{"ordem":20,"produto":{"codigo":395497,"nome":"HORFEMME","numeroRegistro":"106240234","tipo":{"codigo":1,"descricao":null},"categoria":null,"situacaoRotulo":null,"dataVencimento":null,"mesAnoVencimento":"032010","dataVencimentoRegistro":"2010-03-01T00:00:00.000-0300","principioAtivo":null,"situacaoApresentacao":"Caduco/Cancelado","dataRegistro":"2005-03-03T00:00:00.000-0300","categoriaRegulatoria":{"codigo":4,"descricao":"Fitoterápico"},"medicamentoReferencia":null,"categoriaProduto":null,"tipoAutorizacao":"REGISTRADO","mesAnoVencimentoFormatado":"03/2010","numeroRegistroFormatado":"106240234","acancelar":false},"empresa":{"cnpj":"29333218000140","razaoSocial":"INDÚSTRIA FARMACÊUTICA MILIAN LTDA","numeroAutorizacao":null,"cnpjFormatado":"29.333.218/0001-40"},"processo":{"numero":"25351051162200316","situacao":31,"numeroProcessoFormatado":"25351.051162/2003-16"}},{"ordem":21,"produto":{"codigo":126048,"nome":"METFORMINA","numeroRegistro":"106240095","tipo":{"codigo":1,"descricao":null},"categoria":null,"situacaoRotulo":null,"dataVencimento":null,"mesAnoVencimento":"032012","dataVencimentoRegistro":"2012-03-01T00:00:00.000-0300","principioAtivo":null,"situacaoApresentacao":"Caduco/Cancelado","dataRegistro":"2002-03-08T00:00:00.000-0300","categoriaRegulatoria":{"codigo":8,"descricao":"Similar"},"medicamentoReferencia":null,"categoriaProduto":null,"tipoAutorizacao":"REGISTRADO","mesAnoVencimentoFormatado":"03/2012","numeroRegistroFormatado":"106240095","acancelar":false},"empresa":{"cnpj":"29333218000140","razaoSocial":"INDÚSTRIA FARMACÊUTICA MILIAN LTDA","numeroAutorizacao":null,"cnpjFormatado":"29.333.218/0001-40"},"processo":{"numero":"253510340460155","situacao":29,"numeroProcessoFormatado":"25351.034046/01-55"}},{"ordem":22,"produto":{"codigo":348471,"nome":"NADIPIN","numeroRegistro":"106240224","tipo":{"codigo":1,"descricao":null},"categoria":null,"situacaoRotulo":null,"dataVencimento":null,"mesAnoVencimento":"032009","dataVencimentoRegistro":"2009-03-01T00:00:00.000-0300","principioAtivo":null,"situacaoApresentacao":"Caduco/Cancelado","dataRegistro":"2004-03-12T00:00:00.000-0300","categoriaRegulatoria":{"codigo":8,"descricao":"Similar"},"medicamentoReferencia":null,"categoriaProduto":null,"tipoAutorizacao":"REGISTRADO","mesAnoVencimentoFormatado":"03/2009","numeroRegistroFormatado":"106240224","acancelar":false},"empresa":{"cnpj":"29333218000140","razaoSocial":"INDÚSTRIA FARMACÊUTICA MILIAN LTDA","numeroAutorizacao":null,"cnpjFormatado":"29.333.218/0001-40"},"processo":{"numero":"253510407540180","situacao":29,"numeroProcessoFormatado":"25351.040754/01-80"}},{"ordem":23,"produto":{"codigo":125344,"nome":"NASOMIL","numeroRegistro":"106240097","tipo":{"codigo":1,"descricao":null},"categoria":null,"situacaoRotulo":null,"dataVencimento":null,"mesAnoVencimento":"032012","dataVencimentoRegistro":"2012-03-01T00:00:00.000-0300","principioAtivo":null,"situacaoApresentacao":"Caduco/Cancelado","dataRegistro":"2002-03-27T00:00:00.000-0300","categoriaRegulatoria":{"codigo":8,"descricao":"Similar"},"medicamentoReferencia":null,"categoriaProduto":null,"tipoAutorizacao":"REGISTRADO","mesAnoVencimentoFormatado":"03/2012","numeroRegistroFormatado":"106240097","acancelar":false},"empresa":{"cnpj":"29333218000140","razaoSocial":"INDÚSTRIA FARMACÊUTICA MILIAN LTDA","numeroAutorizacao":null,"cnpjFormatado":"29.333.218/0001-40"},"processo":{"numero":"253510282490158","situacao":29,"numeroProcessoFormatado":"25351.028249/01-58"}},{"ordem":24,"produto":{"codigo":126154,"nome":"NORFLOXACINO","numeroRegistro":"106240094","tipo":{"codigo":1,"descricao":null},"categoria":null,"situacaoRotulo":null,"dataVencimento":null,"mesAnoVencimento":"032007","dataVencimentoRegistro":"2007-03-01T00:00:00.000-0300","principioAtivo":null,"situacaoApresentacao":"Caduco/Cancelado","dataRegistro":"2002-03-08T00:00:00.000-0300","categoriaRegulatoria":{"codigo":8,"descricao":"Similar"},"medicamentoReferencia":null,"categoriaProduto":null,"tipoAutorizacao":"REGISTRADO","mesAnoVencimentoFormatado":"03/2007","numeroRegistroFormatado":"106240094","acancelar":false},"empresa":{"cnpj":"29333218000140","razaoSocial":"INDÚSTRIA FARMACÊUTICA MILIAN LTDA","numeroAutorizacao":null,"cnpjFormatado":"29.333.218/0001-40"},"processo":{"numero":"253510340450192","situacao":29,"numeroProcessoFormatado":"25351.034045/01-92"}},{"ordem":25,"produto":{"codigo":70938,"nome":"PRATACERIUM","numeroRegistro":"106240086","tipo":{"codigo":1,"descricao":null},"categoria":null,"situacaoRotulo":null,"dataVencimento":null,"mesAnoVencimento":"122005","dataVencimentoRegistro":"2005-12-01T00:00:00.000-0300","principioAtivo":null,"situacaoApresentacao":"Caduco/Cancelado","dataRegistro":"2000-12-13T00:00:00.000-0300","categoriaRegulatoria":{"codigo":8,"descricao":"Similar"},"medicamentoReferencia":null,"categoriaProduto":null,"tipoAutorizacao":"REGISTRADO","mesAnoVencimentoFormatado":"12/2005","numeroRegistroFormatado":"106240086","acancelar":false},"empresa":{"cnpj":"29333218000140","razaoSocial":"INDÚSTRIA FARMACÊUTICA MILIAN LTDA","numeroAutorizacao":null,"cnpjFormatado":"29.333.218/0001-40"},"processo":{"numero":"253510102270014","situacao":29,"numeroProcessoFormatado":"25351.010227/00-14"}},{"ordem":26,"produto":{"codigo":70231,"nome":"PRONOLOL","numeroRegistro":"106240093","tipo":{"codigo":1,"descricao":null},"categoria":null,"situacaoRotulo":null,"dataVencimento":null,"mesAnoVencimento":"112011","dataVencimentoRegistro":"2011-11-01T00:00:00.000-0300","principioAtivo":null,"situacaoApresentacao":"Caduco/Cancelado","dataRegistro":"2001-11-19T00:00:00.000-0200","categoriaRegulatoria":{"codigo":8,"descricao":"Similar"},"medicamentoReferencia":null,"categoriaProduto":null,"tipoAutorizacao":"REGISTRADO","mesAnoVencimentoFormatado":"11/2011","numeroRegistroFormatado":"106240093","acancelar":false},"empresa":{"cnpj":"29333218000140","razaoSocial":"INDÚSTRIA FARMACÊUTICA MILIAN LTDA","numeroAutorizacao":null,"cnpjFormatado":"29.333.218/0001-40"},"processo":{"numero":"253510205940152","situacao":29,"numeroProcessoFormatado":"25351.020594/01-52"}},{"ordem":27,"produto":{"codigo":70233,"nome":"RANITIMOR","numeroRegistro":"106240091","tipo":{"codigo":1,"descricao":null},"categoria":null,"situacaoRotulo":null,"dataVencimento":null,"mesAnoVencimento":"102011","dataVencimentoRegistro":"2011-10-01T00:00:00.000-0300","principioAtivo":null,"situacaoApresentacao":"Caduco/Cancelado","dataRegistro":"2001-10-26T00:00:00.000-0200","categoriaRegulatoria":{"codigo":8,"descricao":"Similar"},"medicamentoReferencia":null,"categoriaProduto":null,"tipoAutorizacao":"REGISTRADO","mesAnoVencimentoFormatado":"10/2011","numeroRegistroFormatado":"106240091","acancelar":false},"empresa":{"cnpj":"29333218000140","razaoSocial":"INDÚSTRIA FARMACÊUTICA MILIAN LTDA","numeroAutorizacao":null,"cnpjFormatado":"29.333.218/0001-40"},"processo":{"numero":"253510205910164","situacao":29,"numeroProcessoFormatado":"25351.020591/01-64"}},{"ordem":28,"produto":{"codigo":359530,"nome":"REUTRITE","numeroRegistro":"106240228","tipo":{"codigo":1,"descricao":null},"categoria":null,"situacaoRotulo":null,"dataVencimento":null,"mesAnoVencimento":"032014","dataVencimentoRegistro":"2014-03-01T00:00:00.000-0300","principioAtivo":null,"situacaoApresentacao":"Caduco/Cancelado","dataRegistro":"2004-03-23T00:00:00.000-0300","categoriaRegulatoria":{"codigo":8,"descricao":"Similar"},"medicamentoReferencia":null,"categoriaProduto":null,"tipoAutorizacao":"REGISTRADO","mesAnoVencimentoFormatado":"03/2014","numeroRegistroFormatado":"106240228","acancelar":false},"empresa":{"cnpj":"29333218000140","razaoSocial":"INDÚSTRIA FARMACÊUTICA MILIAN LTDA","numeroAutorizacao":null,"cnpjFormatado":"29.333.218/0001-40"},"processo":{"numero":"253510024560218","situacao":29,"numeroProcessoFormatado":"25351.002456/02-18"}},{"ordem":29,"produto":{"codigo":416490,"nome":"SILVIGOR","numeroRegistro":"106240236","tipo":{"codigo":1,"descricao":null},"categoria":null,"situacaoRotulo":null,"dataVencimento":null,"mesAnoVencimento":"082010","dataVencimentoRegistro":"2010-08-01T00:00:00.000-0300","principioAtivo":null,"situacaoApresentacao":"Caduco/Cancelado","dataRegistro":"2005-08-15T00:00:00.000-0300","categoriaRegulatoria":{"codigo":8,"descricao":"Similar"},"medicamentoReferencia":null,"categoriaProduto":null,"tipoAutorizacao":"REGISTRADO","mesAnoVencimentoFormatado":"08/2010","numeroRegistroFormatado":"106240236","acancelar":false},"empresa":{"cnpj":"29333218000140","razaoSocial":"INDÚSTRIA FARMACÊUTICA MILIAN LTDA","numeroAutorizacao":null,"cnpjFormatado":"29.333.218/0001-40"},"processo":{"numero":"253510407520154","situacao":29,"numeroProcessoFormatado":"25351.040752/01-54"}},{"ordem":30,"produto":{"codigo":126408,"nome":"SINVASTAMIL","numeroRegistro":"106240096","tipo":{"codigo":1,"descricao":null},"categoria":null,"situacaoRotulo":null,"dataVencimento":null,"mesAnoVencimento":"032012","dataVencimentoRegistro":"2012-03-01T00:00:00.000-0300","principioAtivo":null,"situacaoApresentacao":"Caduco/Cancelado","dataRegistro":"2002-03-08T00:00:00.000-0300","categoriaRegulatoria":{"codigo":8,"descricao":"Similar"},"medicamentoReferencia":null,"categoriaProduto":null,"tipoAutorizacao":"REGISTRADO","mesAnoVencimentoFormatado":"03/2012","numeroRegistroFormatado":"106240096","acancelar":false},"empresa":{"cnpj":"29333218000140","razaoSocial":"INDÚSTRIA FARMACÊUTICA MILIAN LTDA","numeroAutorizacao":null,"cnpjFormatado":"29.333.218/0001-40"},"processo":{"numero":"253510340420102","situacao":29,"numeroProcessoFormatado":"25351.034042/01-02"}},{"ordem":31,"produto":{"codigo":168127,"nome":"UNITOSSE","numeroRegistro":"106240116","tipo":{"codigo":1,"descricao":null},"categoria":null,"situacaoRotulo":null,"dataVencimento":null,"mesAnoVencimento":"032013","dataVencimentoRegistro":"2013-03-01T00:00:00.000-0300","principioAtivo":null,"situacaoApresentacao":"Caduco/Cancelado","dataRegistro":"2003-03-19T00:00:00.000-0300","categoriaRegulatoria":{"codigo":8,"descricao":"Similar"},"medicamentoReferencia":null,"categoriaProduto":null,"tipoAutorizacao":"REGISTRADO","mesAnoVencimentoFormatado":"03/2013","numeroRegistroFormatado":"106240116","acancelar":false},"empresa":{"cnpj":"29333218000140","razaoSocial":"INDÚSTRIA FARMACÊUTICA MILIAN LTDA","numeroAutorizacao":null,"cnpjFormatado":"29.333.218/0001-40"},"processo":{"numero":"25351200164200256","situacao":20,"numeroProcessoFormatado":"25351.200164/2002-56"}},{"ordem":32,"produto":{"codigo":412620,"nome":"VALERIMIL","numeroRegistro":"106240235","tipo":{"codigo":1,"descricao":null},"categoria":null,"situacaoRotulo":null,"dataVencimento":null,"mesAnoVencimento":"082015","dataVencimentoRegistro":"2015-08-01T00:00:00.000-0300","principioAtivo":null,"situacaoApresentacao":"Caduco/Cancelado","dataRegistro":"2005-08-01T00:00:00.000-0300","categoriaRegulatoria":{"codigo":4,"descricao":"Fitoterápico"},"medicamentoReferencia":null,"categoriaProduto":null,"tipoAutorizacao":"REGISTRADO","mesAnoVencimentoFormatado":"08/2015","numeroRegistroFormatado":"106240235","acancelar":false},"empresa":{"cnpj":"29333218000140","razaoSocial":"INDÚSTRIA FARMACÊUTICA MILIAN LTDA","numeroAutorizacao":null,"cnpjFormatado":"29.333.218/0001-40"},"processo":{"numero":"25351112829200518","situacao":29,"numeroProcessoFormatado":"25351.112829/2005-18"}},{"ordem":33,"produto":{"codigo":346638,"nome":"VASOSEX","numeroRegistro":"106240227","tipo":{"codigo":1,"descricao":null},"categoria":null,"situacaoRotulo":null,"dataVencimento":null,"mesAnoVencimento":"032009","dataVencimentoRegistro":"2009-03-01T00:00:00.000-0300","principioAtivo":null,"situacaoApresentacao":"Caduco/Cancelado","dataRegistro":"2004-03-23T00:00:00.000-0300","categoriaRegulatoria":{"codigo":8,"descricao":"Similar"},"medicamentoReferencia":null,"categoriaProduto":null,"tipoAutorizacao":"REGISTRADO","mesAnoVencimentoFormatado":"03/2009","numeroRegistroFormatado":"106240227","acancelar":false},"empresa":{"cnpj":"29333218000140","razaoSocial":"INDÚSTRIA FARMACÊUTICA MILIAN LTDA","numeroAutorizacao":null,"cnpjFormatado":"29.333.218/0001-40"},"processo":{"numero":"253510025750215","situacao":29,"numeroProcessoFormatado":"25351.002575/02-15"}},{"ordem":34,"produto":{"codigo":173277,"nome":"VITAVITAL","numeroRegistro":"106240232","tipo":{"codigo":1,"descricao":null},"categoria":null,"situacaoRotulo":null,"dataVencimento":null,"mesAnoVencimento":"022015","dataVencimentoRegistro":"2015-02-01T00:00:00.000-0300","principioAtivo":null,"situacaoApresentacao":"Caduco/Cancelado","dataRegistro":"2005-02-23T00:00:00.000-0300","categoriaRegulatoria":{"codigo":3,"descricao":"Específico"},"medicamentoReferencia":null,"categoriaProduto":null,"tipoAutorizacao":"REGISTRADO","mesAnoVencimentoFormatado":"02/2015","numeroRegistroFormatado":"106240232","acancelar":false},"empresa":{"cnpj":"29333218000140","razaoSocial":"INDÚSTRIA FARMACÊUTICA MILIAN LTDA","numeroAutorizacao":null,"cnpjFormatado":"29.333.218/0001-40"},"processo":{"numero":"25351216274200230","situacao":29,"numeroProcessoFormatado":"25351.216274/2002-30"}},{"ordem":35,"produto":{"codigo":137667,"nome":"VOLFENACO","numeroRegistro":"106240098","tipo":{"codigo":1,"descricao":null},"categoria":null,"situacaoRotulo":null,"dataVencimento":null,"mesAnoVencimento":"072012","dataVencimentoRegistro":"2012-07-01T00:00:00.000-0300","principioAtivo":null,"situacaoApresentacao":"Caduco/Cancelado","dataRegistro":"2002-07-08T00:00:00.000-0300","categoriaRegulatoria":{"codigo":8,"descricao":"Similar"},"medicamentoReferencia":null,"categoriaProduto":null,"tipoAutorizacao":"REGISTRADO","mesAnoVencimentoFormatado":"07/2012","numeroRegistroFormatado":"106240098","acancelar":false},"empresa":{"cnpj":"29333218000140","razaoSocial":"INDÚSTRIA FARMACÊUTICA MILIAN LTDA","numeroAutorizacao":null,"cnpjFormatado":"29.333.218/0001-40"},"processo":{"numero":"253510264240145","situacao":29,"numeroProcessoFormatado":"25351.026424/01-45"}}],"totalPages":1,"totalElements":35,"last":true,"numberOfElements":35,"first":true,"sort":null,"size":1000,"number":0}