{"content":[{"ordem":1,"produto":{"codigo":637,"nome":"ALOPURINOL","numeroRegistro":"104070074","tipo":{"codigo":1,"descricao":null},"categoria":null,"situacaoRotulo":null,"dataVencimento":null,"mesAnoVencimento":"032003","dataVencimentoRegistro":"2003-03-01T00:00:00.000-0300","principioAtivo":null,"situacaoApresentacao":"Caduco/Cancelado","dataRegistro":"1998-03-13T00:00:00.000-0300","categoriaRegulatoria":{"codigo":8,"descricao":"Similar"},"medicamentoReferencia":null,"categoriaProduto":null,"tipoAutorizacao":"REGISTRADO","acancelar":false,"mesAnoVencimentoFormatado":"03/2003","numeroRegistroFormatado":"104070074"},"empresa":{"cnpj":"30064034000100","razaoSocial":"INSTITUTO VITAL BRAZIL S/A","numeroAutorizacao":"1004076","cnpjFormatado":"30.064.034/0001-00"},"processo":{"numero":"250000294479715","situacao":29,"numeroProcessoFormatado":"25000.029447/97-15"}},{"ordem":2,"produto":{"codigo":905,"nome":"ARTESUNATO SODICO","numeroRegistro":"104070080","tipo":{"codigo":1,"descricao":null},"categoria":null,"situacaoRotulo":null,"dataVencimento":null,"mesAnoVencimento":"042003","dataVencimentoRegistro":"2003-04-01T00:00:00.000-0300","principioAtivo":null,"situacaoApresentacao":"Caduco/Cancelado","dataRegistro":"1998-04-29T00:00:00.000-0300","categoriaRegulatoria":{"codigo":8,"descricao":"Similar"},"medicamentoReferencia":null,"categoriaProduto":null,"tipoAutorizacao":"REGISTRADO","acancelar":false,"mesAnoVencimentoFormatado":"04/2003","numeroRegistroFormatado":"104070080"},"empresa":{"cnpj":"30064034000100","razaoSocial":"INSTITUTO VITAL BRAZIL S/A","numeroAutorizacao":"1004076","cnpjFormatado":"30.064.034/0001-00"},"processo":{"numero":"250000294489788","situacao":29,"numeroProcessoFormatado":"25000.029448/97-88"}},{"ordem":3,"produto":{"codigo":1082,"nome":"BENZOATO DE BENZILA","numeroRegistro":"104070065","tipo":{"codigo":1,"descricao":null},"categoria":null,"situacaoRotulo":null,"dataVencimento":null,"mesAnoVencimento":"012003","dataVencimentoRegistro":"2003-01-01T00:00:00.000-0300","principioAtivo":null,"situacaoApresentacao":"Caduco/Cancelado","dataRegistro":"1998-01-21T00:00:00.000-0300","categoriaRegulatoria":{"codigo":8,"descricao":"Similar"},"medicamentoReferencia":null,"categoriaProduto":null,"tipoAutorizacao":"REGISTRADO","acancelar":false,"mesAnoVencimentoFormatado":"01/2003","numeroRegistroFormatado":"104070065"},"empresa":{"cnpj":"30064034000100","razaoSocial":"INSTITUTO VITAL BRAZIL S/A","numeroAutorizacao":"1004076","cnpjFormatado":"30.064.034/0001-00"},"processo":{"numero":"250000001309454","situacao":29,"numeroProcessoFormatado":"25000.000130/94-54"}},{"ordem":4,"produto":{"codigo":1353,"nome":"CALCITRIOL","numeroRegistro":"104070086","tipo":{"codigo":1,"descricao":null},"categoria":null,"situacaoRotulo":null,"dataVencimento":null,"mesAnoVencimento":"082003","dataVencimentoRegistro":"2003-08-01T00:00:00.000-0300","principioAtivo":null,"situacaoApresentacao":"Caduco/Cancelado","dataRegistro":"1998-08-07T00:00:00.000-0300","categoriaRegulatoria":{"codigo":8,"descricao":"Similar"},"medicamentoReferencia":null,"categoriaProduto":null,"tipoAutorizacao":"REGISTRADO","acancelar":false,"mesAnoVencimentoFormatado":"08/2003","numeroRegistroFormatado":"104070086"},"empresa":{"cnpj":"30064034000100","razaoSocial":"INSTITUTO VITAL BRAZIL S/A","numeroAutorizacao":"1004076","cnpjFormatado":"30.064.034/0001-00"},"processo":{"numero":"250000011069839","situacao":29,"numeroProcessoFormatado":"25000.001106/98-39"}},{"ordem":5,"produto":{"codigo":125320,"nome":"CLORIDRATO DE LIDOCAINA","numeroRegistro":"104070010","tipo":{"codigo":1,"descricao":null},"categoria":null,"situacaoRotulo":null,"dataVencimento":null,"mesAnoVencimento":"032007","dataVencimentoRegistro":"2007-03-01T00:00:00.000-0300","principioAtivo":null,"situacaoApresentacao":"Caduco/Cancelado","dataRegistro":"2002-04-03T00:00:00.000-0300","categoriaRegulatoria":{"codigo":8,"descricao":"Similar"},"medicamentoReferencia":null,"categoriaProduto":null,"tipoAutorizacao":"REGISTRADO","acancelar":false,"mesAnoVencimentoFormatado":"03/2007","numeroRegistroFormatado":"104070010"},"empresa":{"cnpj":"30064034000100","razaoSocial":"INSTITUTO VITAL BRAZIL S/A","numeroAutorizacao":"1004076","cnpjFormatado":"30.064.034/0001-00"},"processo":{"numero":"250000084339216","situacao":29,"numeroProcessoFormatado":"25000.008433/92-16"}},{"ordem":6,"produto":{"codigo":2809,"nome":"CLORIDRATO DE PROMETAZINA","numeroRegistro":"104070072","tipo":{"codigo":1,"descricao":null},"categoria":null,"situacaoRotulo":null,"dataVencimento":null,"mesAnoVencimento":"062006","dataVencimentoRegistro":"2006-06-01T00:00:00.000-0300","principioAtivo":null,"situacaoApresentacao":"Caduco/Cancelado","dataRegistro":"1996-06-28T00:00:00.000-0300","categoriaRegulatoria":{"codigo":8,"descricao":"Similar"},"medicamentoReferencia":null,"categoriaProduto":null,"tipoAutorizacao":"REGISTRADO","acancelar":false,"mesAnoVencimentoFormatado":"06/2006","numeroRegistroFormatado":"104070072"},"empresa":{"cnpj":"30064034000100","razaoSocial":"INSTITUTO VITAL BRAZIL S/A","numeroAutorizacao":"1004076","cnpjFormatado":"30.064.034/0001-00"},"processo":{"numero":"2500001508991","situacao":29,"numeroProcessoFormatado":"25000.015089/91"}},{"ordem":7,"produto":{"codigo":141055,"nome":"CLORPROMAZINA","numeroRegistro":"104070001","tipo":{"codigo":1,"descricao":null},"categoria":null,"situacaoRotulo":null,"dataVencimento":null,"mesAnoVencimento":"092007","dataVencimentoRegistro":"2007-09-01T00:00:00.000-0300","principioAtivo":null,"situacaoApresentacao":"Caduco/Cancelado","dataRegistro":"2002-09-05T00:00:00.000-0300","categoriaRegulatoria":{"codigo":8,"descricao":"Similar"},"medicamentoReferencia":null,"categoriaProduto":null,"tipoAutorizacao":"REGISTRADO","acancelar":false,"mesAnoVencimentoFormatado":"09/2007","numeroRegistroFormatado":"104070001"},"empresa":{"cnpj":"30064034000100","razaoSocial":"INSTITUTO VITAL BRAZIL S/A","numeroAutorizacao":"1004076","cnpjFormatado":"30.064.034/0001-00"},"processo":{"numero":"250000106309241","situacao":29,"numeroProcessoFormatado":"25000.010630/92-41"}},{"ordem":8,"produto":{"codigo":137662,"nome":"DIAZEPAM (PORT. 344/98 LISTA B 1)","numeroRegistro":"104070007","tipo":{"codigo":1,"descricao":null},"categoria":null,"situacaoRotulo":null,"dataVencimento":null,"mesAnoVencimento":"032007","dataVencimentoRegistro":"2007-03-01T00:00:00.000-0300","principioAtivo":null,"situacaoApresentacao":"Caduco/Cancelado","dataRegistro":"2002-07-24T00:00:00.000-0300","categoriaRegulatoria":{"codigo":8,"descricao":"Similar"},"medicamentoReferencia":null,"categoriaProduto":null,"tipoAutorizacao":"REGISTRADO","acancelar":false,"mesAnoVencimentoFormatado":"03/2007","numeroRegistroFormatado":"104070007"},"empresa":{"cnpj":"30064034000100","razaoSocial":"INSTITUTO VITAL BRAZIL S/A","numeroAutorizacao":"1004076","cnpjFormatado":"30.064.034/0001-00"},"processo":{"numero":"250000106319212","situacao":29,"numeroProcessoFormatado":"25000.010631/92-12"}},{"ordem":9,"produto":{"codigo":3365,"nome":"DICLOFENACO POTASSICO","numeroRegistro":"104070089","tipo":{"codigo":1,"descricao":null},"categoria":null,"situacaoRotulo":null,"dataVencimento":null,"mesAnoVencimento":"032004","dataVencimentoRegistro":"2004-03-01T00:00:00.000-0300","principioAtivo":null,"situacaoApresentacao":"Caduco/Cancelado","dataRegistro":"1999-03-01T00:00:00.000-0300","categoriaRegulatoria":{"codigo":8,"descricao":"Similar"},"medicamentoReferencia":null,"categoriaProduto":null,"tipoAutorizacao":"REGISTRADO","acancelar":false,"mesAnoVencimentoFormatado":"03/2004","numeroRegistroFormatado":"104070089"},"empresa":{"cnpj":"30064034000100","razaoSocial":"INSTITUTO VITAL BRAZIL S/A","numeroAutorizacao":"1004076","cnpjFormatado":"30.064.034/0001-00"},"processo":{"numero":"250000125399838","situacao":29,"numeroProcessoFormatado":"25000.012539/98-38"}},{"ordem":10,"produto":{"codigo":3581,"nome":"DINITRATO DE ISOSSORBIDA","numeroRegistro":"104070079","tipo":{"codigo":1,"descricao":null},"categoria":null,"situacaoRotulo":null,"dataVencimento":null,"mesAnoVencimento":"032003","dataVencimentoRegistro":"2003-03-01T00:00:00.000-0300","principioAtivo":null,"situacaoApresentacao":"Caduco/Cancelado","dataRegistro":"1998-03-13T00:00:00.000-0300","categoriaRegulatoria":{"codigo":8,"descricao":"Similar"},"medicamentoReferencia":null,"categoriaProduto":null,"tipoAutorizacao":"REGISTRADO","acancelar":false,"mesAnoVencimentoFormatado":"03/2003","numeroRegistroFormatado":"104070079"},"empresa":{"cnpj":"30064034000100","razaoSocial":"INSTITUTO VITAL BRAZIL S/A","numeroAutorizacao":"1004076","cnpjFormatado":"30.064.034/0001-00"},"processo":{"numero":"250000294469752","situacao":29,"numeroProcessoFormatado":"25000.029446/97-52"}},{"ordem":11,"produto":{"codigo":165092,"nome":"DIPIRONA SODICA","numeroRegistro":"104070015","tipo":{"codigo":1,"descricao":null},"categoria":null,"situacaoRotulo":null,"dataVencimento":null,"mesAnoVencimento":"092010","dataVencimentoRegistro":"2010-09-01T00:00:00.000-0300","principioAtivo":null,"situacaoApresentacao":"Caduco/Cancelado","dataRegistro":"2002-10-02T00:00:00.000-0300","categoriaRegulatoria":{"codigo":8,"descricao":"Similar"},"medicamentoReferencia":null,"categoriaProduto":null,"tipoAutorizacao":"REGISTRADO","acancelar":false,"mesAnoVencimentoFormatado":"09/2010","numeroRegistroFormatado":"104070015"},"empresa":{"cnpj":"30064034000100","razaoSocial":"INSTITUTO VITAL BRAZIL S/A","numeroAutorizacao":"1004076","cnpjFormatado":"30.064.034/0001-00"},"processo":{"numero":"250000084299231","situacao":29,"numeroProcessoFormatado":"25000.008429/92-31"}},{"ordem":12,"produto":{"codigo":356983,"nome":"ERITROMICINA","numeroRegistro":"104070024","tipo":{"codigo":1,"descricao":null},"categoria":null,"situacaoRotulo":null,"dataVencimento":null,"mesAnoVencimento":"032008","dataVencimentoRegistro":"2008-03-01T00:00:00.000-0300","principioAtivo":null,"situacaoApresentacao":"Caduco/Cancelado","dataRegistro":"2002-07-31T00:00:00.000-0300","categoriaRegulatoria":{"codigo":8,"descricao":"Similar"},"medicamentoReferencia":null,"categoriaProduto":null,"tipoAutorizacao":"REGISTRADO","acancelar":false,"mesAnoVencimentoFormatado":"03/2008","numeroRegistroFormatado":"104070024"},"empresa":{"cnpj":"30064034000100","razaoSocial":"INSTITUTO VITAL BRAZIL S/A","numeroAutorizacao":"1004076","cnpjFormatado":"30.064.034/0001-00"},"processo":{"numero":"250000106349201","situacao":29,"numeroProcessoFormatado":"25000.010634/92-01"}},{"ordem":13,"produto":{"codigo":125785,"nome":"HALOPERIDOL (PORT. 344/98 LISTA C 1)","numeroRegistro":"104070006","tipo":{"codigo":1,"descricao":null},"categoria":null,"situacaoRotulo":null,"dataVencimento":null,"mesAnoVencimento":"042012","dataVencimentoRegistro":"2012-04-01T00:00:00.000-0300","principioAtivo":null,"situacaoApresentacao":"Caduco/Cancelado","dataRegistro":"2002-04-23T00:00:00.000-0300","categoriaRegulatoria":{"codigo":8,"descricao":"Similar"},"medicamentoReferencia":null,"categoriaProduto":null,"tipoAutorizacao":"REGISTRADO","acancelar":false,"mesAnoVencimentoFormatado":"04/2012","numeroRegistroFormatado":"104070006"},"empresa":{"cnpj":"30064034000100","razaoSocial":"INSTITUTO VITAL BRAZIL S/A","numeroAutorizacao":"1004076","cnpjFormatado":"30.064.034/0001-00"},"processo":{"numero":"250000084309210","situacao":29,"numeroProcessoFormatado":"25000.008430/92-10"}},{"ordem":14,"produto":{"codigo":809015,"nome":"HEMITARTARATO DE RIVASTIGMINA","numeroRegistro":"104070103","tipo":{"codigo":1,"descricao":null},"categoria":null,"situacaoRotulo":null,"dataVencimento":null,"mesAnoVencimento":"022027","dataVencimentoRegistro":"2027-02-01T00:00:00.000-0300","principioAtivo":"HEMITARTARATO DE RIVASTIGMINA","situacaoApresentacao":"Válido","dataRegistro":"2012-02-27T00:00:00.000-0300","categoriaRegulatoria":{"codigo":5,"descricao":"Genérico"},"medicamentoReferencia":"EXELON","categoriaProduto":null,"tipoAutorizacao":"REGISTRADO","acancelar":false,"mesAnoVencimentoFormatado":"02/2027","numeroRegistroFormatado":"104070103"},"empresa":{"cnpj":"30064034000100","razaoSocial":"INSTITUTO VITAL BRAZIL S/A","numeroAutorizacao":"1004076","cnpjFormatado":"30.064.034/0001-00"},"processo":{"numero":"25351059275201271","situacao":29,"numeroProcessoFormatado":"25351.059275/2012-71"}},{"ordem":15,"produto":{"codigo":5125,"nome":"ISONIAZIDA","numeroRegistro":"104070076","tipo":{"codigo":1,"descricao":null},"categoria":null,"situacaoRotulo":null,"dataVencimento":null,"mesAnoVencimento":"032003","dataVencimentoRegistro":"2003-03-01T00:00:00.000-0300","principioAtivo":null,"situacaoApresentacao":"Caduco/Cancelado","dataRegistro":"1998-03-13T00:00:00.000-0300","categoriaRegulatoria":{"codigo":8,"descricao":"Similar"},"medicamentoReferencia":null,"categoriaProduto":null,"tipoAutorizacao":"REGISTRADO","acancelar":false,"mesAnoVencimentoFormatado":"03/2003","numeroRegistroFormatado":"104070076"},"empresa":{"cnpj":"30064034000100","razaoSocial":"INSTITUTO VITAL BRAZIL S/A","numeroAutorizacao":"1004076","cnpjFormatado":"30.064.034/0001-00"},"processo":{"numero":"250000294509720","situacao":29,"numeroProcessoFormatado":"25000.029450/97-20"}},{"ordem":16,"produto":{"codigo":5135,"nome":"ISONIAZIDA + RIFAMPICINA","numeroRegistro":"104070077","tipo":{"codigo":1,"descricao":null},"categoria":null,"situacaoRotulo":null,"dataVencimento":null,"mesAnoVencimento":"032008","dataVencimentoRegistro":"2008-03-01T00:00:00.000-0300","principioAtivo":null,"situacaoApresentacao":"Caduco/Cancelado","dataRegistro":"1998-03-13T00:00:00.000-0300","categoriaRegulatoria":{"codigo":8,"descricao":"Similar"},"medicamentoReferencia":null,"categoriaProduto":null,"tipoAutorizacao":"REGISTRADO","acancelar":false,"mesAnoVencimentoFormatado":"03/2008","numeroRegistroFormatado":"104070077"},"empresa":{"cnpj":"30064034000100","razaoSocial":"INSTITUTO VITAL BRAZIL S/A","numeroAutorizacao":"1004076","cnpjFormatado":"30.064.034/0001-00"},"processo":{"numero":"250000120269782","situacao":29,"numeroProcessoFormatado":"25000.012026/97-82"}},{"ordem":17,"produto":{"codigo":174068,"nome":"IVB - AMINOFILINA","numeroRegistro":"104070092","tipo":{"codigo":1,"descricao":null},"categoria":null,"situacaoRotulo":null,"dataVencimento":null,"mesAnoVencimento":"022013","dataVencimentoRegistro":"2013-02-01T00:00:00.000-0300","principioAtivo":null,"situacaoApresentacao":"Caduco/Cancelado","dataRegistro":"2003-02-21T00:00:00.000-0300","categoriaRegulatoria":{"codigo":8,"descricao":"Similar"},"medicamentoReferencia":null,"categoriaProduto":null,"tipoAutorizacao":"REGISTRADO","acancelar":false,"mesAnoVencimentoFormatado":"02/2013","numeroRegistroFormatado":"104070092"},"empresa":{"cnpj":"30064034000100","razaoSocial":"INSTITUTO VITAL BRAZIL S/A","numeroAutorizacao":"1004076","cnpjFormatado":"30.064.034/0001-00"},"processo":{"numero":"253510089560182","situacao":29,"numeroProcessoFormatado":"25351.008956/01-82"}},{"ordem":18,"produto":{"codigo":3086,"nome":"IVB - COLCHICINA","numeroRegistro":"104070085","tipo":{"codigo":1,"descricao":null},"categoria":null,"situacaoRotulo":null,"dataVencimento":null,"mesAnoVencimento":"052003","dataVencimentoRegistro":"2003-05-01T00:00:00.000-0300","principioAtivo":null,"situacaoApresentacao":"Caduco/Cancelado","dataRegistro":"1998-05-29T00:00:00.000-0300","categoriaRegulatoria":{"codigo":8,"descricao":"Similar"},"medicamentoReferencia":null,"categoriaProduto":null,"tipoAutorizacao":"REGISTRADO","acancelar":false,"mesAnoVencimentoFormatado":"05/2003","numeroRegistroFormatado":"104070085"},"empresa":{"cnpj":"30064034000100","razaoSocial":"INSTITUTO VITAL BRAZIL S/A","numeroAutorizacao":"1004076","cnpjFormatado":"30.064.034/0001-00"},"processo":{"numero":"250000009869807","situacao":29,"numeroProcessoFormatado":"25000.000986/98-07"}},{"ordem":19,"produto":{"codigo":336284,"nome":"IVB - DIPIRIDAMOL","numeroRegistro":"104070022","tipo":{"codigo":1,"descricao":null},"categoria":null,"situacaoRotulo":null,"dataVencimento":null,"mesAnoVencimento":"072008","dataVencimentoRegistro":"2008-07-01T00:00:00.000-0300","principioAtivo":null,"situacaoApresentacao":"Caduco/Cancelado","dataRegistro":"1993-07-05T00:00:00.000-0300","categoriaRegulatoria":{"codigo":8,"descricao":"Similar"},"medicamentoReferencia":null,"categoriaProduto":null,"tipoAutorizacao":"REGISTRADO","acancelar":false,"mesAnoVencimentoFormatado":"07/2008","numeroRegistroFormatado":"104070022"},"empresa":{"cnpj":"30064034000100","razaoSocial":"INSTITUTO VITAL BRAZIL S/A","numeroAutorizacao":"1004076","cnpjFormatado":"30.064.034/0001-00"},"processo":{"numero":"250000106299262","situacao":29,"numeroProcessoFormatado":"25000.010629/92-62"}},{"ordem":20,"produto":{"codigo":336295,"nome":"IVB - FUROSEMIDA","numeroRegistro":"104070023","tipo":{"codigo":1,"descricao":null},"categoria":null,"situacaoRotulo":null,"dataVencimento":null,"mesAnoVencimento":"032008","dataVencimentoRegistro":"2008-03-01T00:00:00.000-0300","principioAtivo":null,"situacaoApresentacao":"Caduco/Cancelado","dataRegistro":"1993-07-05T00:00:00.000-0300","categoriaRegulatoria":{"codigo":8,"descricao":"Similar"},"medicamentoReferencia":null,"categoriaProduto":null,"tipoAutorizacao":"REGISTRADO","acancelar":false,"mesAnoVencimentoFormatado":"03/2008","numeroRegistroFormatado":"104070023"},"empresa":{"cnpj":"30064034000100","razaoSocial":"INSTITUTO VITAL BRAZIL S/A","numeroAutorizacao":"1004076","cnpjFormatado":"30.064.034/0001-00"},"processo":{"numero":"250000106209298","situacao":29,"numeroProcessoFormatado":"25000.010620/92-98"}},{"ordem":21,"produto":{"codigo":350237,"nome":"IVB - HIOSCINA","numeroRegistro":"104070019","tipo":{"codigo":1,"descricao":null},"categoria":null,"situacaoRotulo":null,"dataVencimento":null,"mesAnoVencimento":"072008","dataVencimentoRegistro":"2008-07-01T00:00:00.000-0300","principioAtivo":null,"situacaoApresentacao":"Caduco/Cancelado","dataRegistro":"1993-07-05T00:00:00.000-0300","categoriaRegulatoria":{"codigo":8,"descricao":"Similar"},"medicamentoReferencia":null,"categoriaProduto":null,"tipoAutorizacao":"REGISTRADO","acancelar":false,"mesAnoVencimentoFormatado":"07/2008","numeroRegistroFormatado":"104070019"},"empresa":{"cnpj":"30064034000100","razaoSocial":"INSTITUTO VITAL BRAZIL S/A","numeroAutorizacao":"1004076","cnpjFormatado":"30.064.034/0001-00"},"processo":{"numero":"250000084329245","situacao":29,"numeroProcessoFormatado":"25000.008432/92-45"}},{"ordem":22,"produto":{"codigo":1342387,"nome":"IVB - INSULINA HUMANA R","numeroRegistro":"104070111","tipo":{"codigo":1,"descricao":null},"categoria":null,"situacaoRotulo":null,"dataVencimento":null,"mesAnoVencimento":"082029","dataVencimentoRegistro":"2029-08-01T00:00:00.000-0300","principioAtivo":"INSULINA HUMANA","situacaoApresentacao":"Válido","dataRegistro":"2019-08-12T00:00:00.000-0300","categoriaRegulatoria":{"codigo":1,"descricao":"Biológico"},"medicamentoReferencia":null,"categoriaProduto":null,"tipoAutorizacao":"REGISTRADO","acancelar":false,"mesAnoVencimentoFormatado":"08/2029","numeroRegistroFormatado":"104070111"},"empresa":{"cnpj":"30064034000100","razaoSocial":"INSTITUTO VITAL BRAZIL S/A","numeroAutorizacao":"1004076","cnpjFormatado":"30.064.034/0001-00"},"processo":{"numero":"25351415294201930","situacao":29,"numeroProcessoFormatado":"25351.415294/2019-30"}},{"ordem":23,"produto":{"codigo":1290446,"nome":"IVB - INSULINA HUMANA R","numeroRegistro":"104070107","tipo":{"codigo":1,"descricao":null},"categoria":null,"situacaoRotulo":null,"dataVencimento":null,"mesAnoVencimento":"122023","dataVencimentoRegistro":"2023-12-01T00:00:00.000-0300","principioAtivo":null,"situacaoApresentacao":"Caduco/Cancelado","dataRegistro":"2018-12-17T00:00:00.000-0300","categoriaRegulatoria":{"codigo":1,"descricao":"Biológico"},"medicamentoReferencia":null,"categoriaProduto":null,"tipoAutorizacao":"REGISTRADO","acancelar":false,"mesAnoVencimentoFormatado":"12/2023","numeroRegistroFormatado":"104070107"},"empresa":{"cnpj":"30064034000100","razaoSocial":"INSTITUTO VITAL BRAZIL S/A","numeroAutorizacao":"1004076","cnpjFormatado":"30.064.034/0001-00"},"processo":{"numero":"25351663607201883","situacao":29,"numeroProcessoFormatado":"25351.663607/2018-83"}},{"ordem":24,"produto":{"codigo":1342398,"nome":"IVB - INSULINA ISOFANA NPH","numeroRegistro":"104070112","tipo":{"codigo":1,"descricao":null},"categoria":null,"situacaoRotulo":null,"dataVencimento":null,"mesAnoVencimento":"082029","dataVencimentoRegistro":"2029-08-01T00:00:00.000-0300","principioAtivo":"insulina isofana","situacaoApresentacao":"Válido","dataRegistro":"2019-08-12T00:00:00.000-0300","categoriaRegulatoria":{"codigo":1,"descricao":"Biológico"},"medicamentoReferencia":null,"categoriaProduto":null,"tipoAutorizacao":"REGISTRADO","acancelar":false,"mesAnoVencimentoFormatado":"08/2029","numeroRegistroFormatado":"104070112"},"empresa":{"cnpj":"30064034000100","razaoSocial":"INSTITUTO VITAL BRAZIL S/A","numeroAutorizacao":"1004076","cnpjFormatado":"30.064.034/0001-00"},"processo":{"numero":"25351415329201931","situacao":29,"numeroProcessoFormatado":"25351.415329/2019-31"}},{"ordem":25,"produto":{"codigo":1290417,"nome":"IVB - INSULINA ISOFANA NPH","numeroRegistro":"104070106","tipo":{"codigo":1,"descricao":null},"categoria":null,"situacaoRotulo":null,"dataVencimento":null,"mesAnoVencimento":"122023","dataVencimentoRegistro":"2023-12-01T00:00:00.000-0300","principioAtivo":null,"situacaoApresentacao":"Caduco/Cancelado","dataRegistro":"2018-12-17T00:00:00.000-0300","categoriaRegulatoria":{"codigo":1,"descricao":"Biológico"},"medicamentoReferencia":null,"categoriaProduto":null,"tipoAutorizacao":"REGISTRADO","acancelar":false,"mesAnoVencimentoFormatado":"12/2023","numeroRegistroFormatado":"104070106"},"empresa":{"cnpj":"30064034000100","razaoSocial":"INSTITUTO VITAL BRAZIL S/A","numeroAutorizacao":"1004076","cnpjFormatado":"30.064.034/0001-00"},"processo":{"numero":"25351663597201886","situacao":29,"numeroProcessoFormatado":"25351.663597/2018-86"}},{"ordem":26,"produto":{"codigo":5231,"nome":"IVB - LAMIVUDINA","numeroRegistro":"104070081","tipo":{"codigo":1,"descricao":null},"categoria":null,"situacaoRotulo":null,"dataVencimento":null,"mesAnoVencimento":"042003","dataVencimentoRegistro":"2003-04-01T00:00:00.000-0300","principioAtivo":null,"situacaoApresentacao":"Caduco/Cancelado","dataRegistro":"1998-04-29T00:00:00.000-0300","categoriaRegulatoria":{"codigo":8,"descricao":"Similar"},"medicamentoReferencia":null,"categoriaProduto":null,"tipoAutorizacao":"REGISTRADO","acancelar":false,"mesAnoVencimentoFormatado":"04/2003","numeroRegistroFormatado":"104070081"},"empresa":{"cnpj":"30064034000100","razaoSocial":"INSTITUTO VITAL BRAZIL S/A","numeroAutorizacao":"1004076","cnpjFormatado":"30.064.034/0001-00"},"processo":{"numero":"250000022439845","situacao":29,"numeroProcessoFormatado":"25000.002243/98-45"}},{"ordem":27,"produto":{"codigo":5901,"nome":"IVB - METRONIDAZOL","numeroRegistro":"104070013","tipo":{"codigo":1,"descricao":null},"categoria":null,"situacaoRotulo":null,"dataVencimento":null,"mesAnoVencimento":"102012","dataVencimentoRegistro":"2012-10-01T00:00:00.000-0300","principioAtivo":null,"situacaoApresentacao":"Caduco/Cancelado","dataRegistro":"1998-06-24T00:00:00.000-0300","categoriaRegulatoria":{"codigo":8,"descricao":"Similar"},"medicamentoReferencia":null,"categoriaProduto":null,"tipoAutorizacao":"REGISTRADO","acancelar":false,"mesAnoVencimentoFormatado":"10/2012","numeroRegistroFormatado":"104070013"},"empresa":{"cnpj":"30064034000100","razaoSocial":"INSTITUTO VITAL BRAZIL S/A","numeroAutorizacao":"1004076","cnpjFormatado":"30.064.034/0001-00"},"processo":{"numero":"250000084369204","situacao":29,"numeroProcessoFormatado":"25000.008436/92-04"}},{"ordem":28,"produto":{"codigo":125363,"nome":"IVB - PROPRANOLOL","numeroRegistro":"104070025","tipo":{"codigo":1,"descricao":null},"categoria":null,"situacaoRotulo":null,"dataVencimento":null,"mesAnoVencimento":"062008","dataVencimentoRegistro":"2008-06-01T00:00:00.000-0300","principioAtivo":null,"situacaoApresentacao":"Caduco/Cancelado","dataRegistro":"2002-04-03T00:00:00.000-0300","categoriaRegulatoria":{"codigo":8,"descricao":"Similar"},"medicamentoReferencia":null,"categoriaProduto":null,"tipoAutorizacao":"REGISTRADO","acancelar":false,"mesAnoVencimentoFormatado":"06/2008","numeroRegistroFormatado":"104070025"},"empresa":{"cnpj":"30064034000100","razaoSocial":"INSTITUTO VITAL BRAZIL S/A","numeroAutorizacao":"1004076","cnpjFormatado":"30.064.034/0001-00"},"processo":{"numero":"2500000843792","situacao":29,"numeroProcessoFormatado":"25000.008437/92"}},{"ordem":29,"produto":{"codigo":560565,"nome":"IVB - SULFAMETOXAZOL + TRIMETOPRIMA","numeroRegistro":"104070101","tipo":{"codigo":1,"descricao":null},"categoria":null,"situacaoRotulo":null,"dataVencimento":null,"mesAnoVencimento":"072008","dataVencimentoRegistro":"2008-07-01T00:00:00.000-0300","principioAtivo":null,"situacaoApresentacao":"Caduco/Cancelado","dataRegistro":"1993-07-05T00:00:00.000-0300","categoriaRegulatoria":{"codigo":8,"descricao":"Similar"},"medicamentoReferencia":null,"categoriaProduto":null,"tipoAutorizacao":"REGISTRADO","acancelar":false,"mesAnoVencimentoFormatado":"07/2008","numeroRegistroFormatado":"104070101"},"empresa":{"cnpj":"30064034000100","razaoSocial":"INSTITUTO VITAL BRAZIL S/A","numeroAutorizacao":"1004076","cnpjFormatado":"30.064.034/0001-00"},"processo":{"numero":"250000084399294","situacao":29,"numeroProcessoFormatado":"25000.008439/92-94"}},{"ordem":30,"produto":{"codigo":361091,"nome":"IVB -ÁCIDO ACETIL SALICÍLICO","numeroRegistro":"104070095","tipo":{"codigo":1,"descricao":null},"categoria":null,"situacaoRotulo":null,"dataVencimento":null,"mesAnoVencimento":"072009","dataVencimentoRegistro":"2009-07-01T00:00:00.000-0300","principioAtivo":null,"situacaoApresentacao":"Caduco/Cancelado","dataRegistro":"1994-04-22T00:00:00.000-0300","categoriaRegulatoria":{"codigo":null,"descricao":null},"medicamentoReferencia":null,"categoriaProduto":null,"tipoAutorizacao":"REGISTRADO","acancelar":false,"mesAnoVencimentoFormatado":"07/2009","numeroRegistroFormatado":"104070095"},"empresa":{"cnpj":"30064034000100","razaoSocial":"INSTITUTO VITAL BRAZIL S/A","numeroAutorizacao":"1004076","cnpjFormatado":"30.064.034/0001-00"},"processo":{"numero":"250000106369228","situacao":29,"numeroProcessoFormatado":"25000.010636/92-28"}},{"ordem":31,"produto":{"codigo":124897,"nome":"IVB AMPICILINA","numeroRegistro":"104070011","tipo":{"codigo":1,"descricao":null},"categoria":null,"situacaoRotulo":null,"dataVencimento":null,"mesAnoVencimento":"102012","dataVencimentoRegistro":"2012-10-01T00:00:00.000-0300","principioAtivo":null,"situacaoApresentacao":"Caduco/Cancelado","dataRegistro":"2002-04-03T00:00:00.000-0300","categoriaRegulatoria":{"codigo":8,"descricao":"Similar"},"medicamentoReferencia":null,"categoriaProduto":null,"tipoAutorizacao":"REGISTRADO","acancelar":false,"mesAnoVencimentoFormatado":"10/2012","numeroRegistroFormatado":"104070011"},"empresa":{"cnpj":"30064034000100","razaoSocial":"INSTITUTO VITAL BRAZIL S/A","numeroAutorizacao":"1004076","cnpjFormatado":"30.064.034/0001-00"},"processo":{"numero":"250000084259280","situacao":29,"numeroProcessoFormatado":"25000.008425/92-80"}},{"ordem":32,"produto":{"codigo":364396,"nome":"IVB CIMETIDINA","numeroRegistro":"104070020","tipo":{"codigo":1,"descricao":null},"categoria":null,"situacaoRotulo":null,"dataVencimento":null,"mesAnoVencimento":"072008","dataVencimentoRegistro":"2008-07-01T00:00:00.000-0300","principioAtivo":null,"situacaoApresentacao":"Caduco/Cancelado","dataRegistro":"1993-07-05T00:00:00.000-0300","categoriaRegulatoria":{"codigo":8,"descricao":"Similar"},"medicamentoReferencia":null,"categoriaProduto":null,"tipoAutorizacao":"REGISTRADO","acancelar":false,"mesAnoVencimentoFormatado":"07/2008","numeroRegistroFormatado":"104070020"},"empresa":{"cnpj":"30064034000100","razaoSocial":"INSTITUTO VITAL BRAZIL S/A","numeroAutorizacao":"1004076","cnpjFormatado":"30.064.034/0001-00"},"processo":{"numero":"250000106359265","situacao":29,"numeroProcessoFormatado":"25000.010635/92-65"}},{"ordem":33,"produto":{"codigo":3481,"nome":"IVB DIDANOSINA","numeroRegistro":"104070075","tipo":{"codigo":1,"descricao":null},"categoria":null,"situacaoRotulo":null,"dataVencimento":null,"mesAnoVencimento":"032013","dataVencimentoRegistro":"2013-03-01T00:00:00.000-0300","principioAtivo":null,"situacaoApresentacao":"Caduco/Cancelado","dataRegistro":"1998-03-13T00:00:00.000-0300","categoriaRegulatoria":{"codigo":8,"descricao":"Similar"},"medicamentoReferencia":null,"categoriaProduto":null,"tipoAutorizacao":"REGISTRADO","acancelar":false,"mesAnoVencimentoFormatado":"03/2013","numeroRegistroFormatado":"104070075"},"empresa":{"cnpj":"30064034000100","razaoSocial":"INSTITUTO VITAL BRAZIL S/A","numeroAutorizacao":"1004076","cnpjFormatado":"30.064.034/0001-00"},"processo":{"numero":"250000294499741","situacao":29,"numeroProcessoFormatado":"25000.029449/97-41"}},{"ordem":34,"produto":{"codigo":3877,"nome":"IVB ESTAVUDINA","numeroRegistro":"104070082","tipo":{"codigo":1,"descricao":null},"categoria":null,"situacaoRotulo":null,"dataVencimento":null,"mesAnoVencimento":"052013","dataVencimentoRegistro":"2013-05-01T00:00:00.000-0300","principioAtivo":null,"situacaoApresentacao":"Caduco/Cancelado","dataRegistro":"1998-05-15T00:00:00.000-0300","categoriaRegulatoria":{"codigo":8,"descricao":"Similar"},"medicamentoReferencia":null,"categoriaProduto":null,"tipoAutorizacao":"REGISTRADO","acancelar":false,"mesAnoVencimentoFormatado":"05/2013","numeroRegistroFormatado":"104070082"},"empresa":{"cnpj":"30064034000100","razaoSocial":"INSTITUTO VITAL BRAZIL S/A","numeroAutorizacao":"1004076","cnpjFormatado":"30.064.034/0001-00"},"processo":{"numero":"250000037189866","situacao":29,"numeroProcessoFormatado":"25000.003718/98-66"}},{"ordem":35,"produto":{"codigo":419199,"nome":"IVB METOCLOPRAMIDA","numeroRegistro":"104070026","tipo":{"codigo":1,"descricao":null},"categoria":null,"situacaoRotulo":null,"dataVencimento":null,"mesAnoVencimento":"042004","dataVencimentoRegistro":"2004-04-01T00:00:00.000-0300","principioAtivo":null,"situacaoApresentacao":"Caduco/Cancelado","dataRegistro":"1994-04-22T00:00:00.000-0300","categoriaRegulatoria":{"codigo":8,"descricao":"Similar"},"medicamentoReferencia":null,"categoriaProduto":null,"tipoAutorizacao":"REGISTRADO","acancelar":false,"mesAnoVencimentoFormatado":"04/2004","numeroRegistroFormatado":"104070026"},"empresa":{"cnpj":"30064034000100","razaoSocial":"INSTITUTO VITAL BRAZIL S/A","numeroAutorizacao":"1004076","cnpjFormatado":"30.064.034/0001-00"},"processo":{"numero":"250000084359233","situacao":29,"numeroProcessoFormatado":"25000.008435/92-33"}},{"ordem":36,"produto":{"codigo":274152,"nome":"IVB ÁGUA DESTILADA","numeroRegistro":"104070093","tipo":{"codigo":1,"descricao":null},"categoria":null,"situacaoRotulo":null,"dataVencimento":null,"mesAnoVencimento":"052008","dataVencimentoRegistro":"2008-05-01T00:00:00.000-0300","principioAtivo":null,"situacaoApresentacao":"Caduco/Cancelado","dataRegistro":"2003-05-13T00:00:00.000-0300","categoriaRegulatoria":{"codigo":8,"descricao":"Similar"},"medicamentoReferencia":null,"categoriaProduto":null,"tipoAutorizacao":"REGISTRADO","acancelar":false,"mesAnoVencimentoFormatado":"05/2008","numeroRegistroFormatado":"104070093"},"empresa":{"cnpj":"30064034000100","razaoSocial":"INSTITUTO VITAL BRAZIL S/A","numeroAutorizacao":"1004076","cnpjFormatado":"30.064.034/0001-00"},"processo":{"numero":"250000300139712","situacao":29,"numeroProcessoFormatado":"25000.030013/97-12"}},{"ordem":37,"produto":{"codigo":350241,"nome":"IVB- SULFATO DE QUININA","numeroRegistro":"104070017","tipo":{"codigo":1,"descricao":null},"categoria":null,"situacaoRotulo":null,"dataVencimento":null,"mesAnoVencimento":"072013","dataVencimentoRegistro":"2013-07-01T00:00:00.000-0300","principioAtivo":null,"situacaoApresentacao":"Caduco/Cancelado","dataRegistro":"1993-07-05T00:00:00.000-0300","categoriaRegulatoria":{"codigo":8,"descricao":"Similar"},"medicamentoReferencia":null,"categoriaProduto":null,"tipoAutorizacao":"REGISTRADO","acancelar":false,"mesAnoVencimentoFormatado":"07/2013","numeroRegistroFormatado":"104070017"},"empresa":{"cnpj":"30064034000100","razaoSocial":"INSTITUTO VITAL BRAZIL S/A","numeroAutorizacao":"1004076","cnpjFormatado":"30.064.034/0001-00"},"processo":{"numero":"250000084389221","situacao":29,"numeroProcessoFormatado":"25000.008438/92-21"}},{"ordem":38,"produto":{"codigo":1384,"nome":"IVB-CAPTOPRIL","numeroRegistro":"104070083","tipo":{"codigo":1,"descricao":null},"categoria":null,"situacaoRotulo":null,"dataVencimento":null,"mesAnoVencimento":"052008","dataVencimentoRegistro":"2008-05-01T00:00:00.000-0300","principioAtivo":null,"situacaoApresentacao":"Caduco/Cancelado","dataRegistro":"1998-05-29T00:00:00.000-0300","categoriaRegulatoria":{"codigo":8,"descricao":"Similar"},"medicamentoReferencia":null,"categoriaProduto":null,"tipoAutorizacao":"REGISTRADO","acancelar":false,"mesAnoVencimentoFormatado":"05/2008","numeroRegistroFormatado":"104070083"},"empresa":{"cnpj":"30064034000100","razaoSocial":"INSTITUTO VITAL BRAZIL S/A","numeroAutorizacao":"1004076","cnpjFormatado":"30.064.034/0001-00"},"processo":{"numero":"250000024499811","situacao":29,"numeroProcessoFormatado":"25000.002449/98-11"}},{"ordem":39,"produto":{"codigo":364401,"nome":"IVB-HIDROCLOROTIAZIDA","numeroRegistro":"104070021","tipo":{"codigo":1,"descricao":null},"categoria":null,"situacaoRotulo":null,"dataVencimento":null,"mesAnoVencimento":"032013","dataVencimentoRegistro":"2013-03-01T00:00:00.000-0300","principioAtivo":null,"situacaoApresentacao":"Caduco/Cancelado","dataRegistro":"1993-07-05T00:00:00.000-0300","categoriaRegulatoria":{"codigo":8,"descricao":"Similar"},"medicamentoReferencia":null,"categoriaProduto":null,"tipoAutorizacao":"REGISTRADO","acancelar":false,"mesAnoVencimentoFormatado":"03/2013","numeroRegistroFormatado":"104070021"},"empresa":{"cnpj":"30064034000100","razaoSocial":"INSTITUTO VITAL BRAZIL S/A","numeroAutorizacao":"1004076","cnpjFormatado":"30.064.034/0001-00"},"processo":{"numero":"250000084319282","situacao":29,"numeroProcessoFormatado":"25000.008431/92-82"}},{"ordem":40,"produto":{"codigo":6427,"nome":"IVB-OMEPRAZOL","numeroRegistro":"104070073","tipo":{"codigo":1,"descricao":null},"categoria":null,"situacaoRotulo":null,"dataVencimento":null,"mesAnoVencimento":"032003","dataVencimentoRegistro":"2003-03-01T00:00:00.000-0300","principioAtivo":null,"situacaoApresentacao":"Caduco/Cancelado","dataRegistro":"1998-03-13T00:00:00.000-0300","categoriaRegulatoria":{"codigo":8,"descricao":"Similar"},"medicamentoReferencia":null,"categoriaProduto":null,"tipoAutorizacao":"REGISTRADO","acancelar":false,"mesAnoVencimentoFormatado":"03/2003","numeroRegistroFormatado":"104070073"},"empresa":{"cnpj":"30064034000100","razaoSocial":"INSTITUTO VITAL BRAZIL S/A","numeroAutorizacao":"1004076","cnpjFormatado":"30.064.034/0001-00"},"processo":{"numero":"250000355939761","situacao":29,"numeroProcessoFormatado":"25000.035593/97-61"}},{"ordem":41,"produto":{"codigo":5246,"nome":"LAMIVUDINA + ZIDOVUDINA (PORT 344/98 L C-4)","numeroRegistro":"104070088","tipo":{"codigo":1,"descricao":null},"categoria":null,"situacaoRotulo":null,"dataVencimento":null,"mesAnoVencimento":"122003","dataVencimentoRegistro":"2003-12-01T00:00:00.000-0300","principioAtivo":null,"situacaoApresentacao":"Caduco/Cancelado","dataRegistro":"1998-12-09T00:00:00.000-0300","categoriaRegulatoria":{"codigo":8,"descricao":"Similar"},"medicamentoReferencia":null,"categoriaProduto":null,"tipoAutorizacao":"REGISTRADO","acancelar":false,"mesAnoVencimentoFormatado":"12/2003","numeroRegistroFormatado":"104070088"},"empresa":{"cnpj":"30064034000100","razaoSocial":"INSTITUTO VITAL BRAZIL S/A","numeroAutorizacao":"1004076","cnpjFormatado":"30.064.034/0001-00"},"processo":{"numero":"250000339199805","situacao":29,"numeroProcessoFormatado":"25000.033919/98-05"}},{"ordem":42,"produto":{"codigo":807234,"nome":"MESILATO DE IMATINIBE","numeroRegistro":"104070104","tipo":{"codigo":1,"descricao":null},"categoria":null,"situacaoRotulo":null,"dataVencimento":null,"mesAnoVencimento":"122027","dataVencimentoRegistro":"2027-12-01T00:00:00.000-0300","principioAtivo":"MESILATO DE IMATINIBE","situacaoApresentacao":"Válido","dataRegistro":"2012-12-19T00:00:00.000-0300","categoriaRegulatoria":{"codigo":5,"descricao":"Genérico"},"medicamentoReferencia":"GLIVEC","categoriaProduto":null,"tipoAutorizacao":"REGISTRADO","acancelar":false,"mesAnoVencimentoFormatado":"12/2027","numeroRegistroFormatado":"104070104"},"empresa":{"cnpj":"30064034000100","razaoSocial":"INSTITUTO VITAL BRAZIL S/A","numeroAutorizacao":"1004076","cnpjFormatado":"30.064.034/0001-00"},"processo":{"numero":"25351033697201217","situacao":29,"numeroProcessoFormatado":"25351.033697/2012-17"}},{"ordem":43,"produto":{"codigo":6197,"nome":"NISTATINA","numeroRegistro":"104070087","tipo":{"codigo":1,"descricao":null},"categoria":null,"situacaoRotulo":null,"dataVencimento":null,"mesAnoVencimento":"112003","dataVencimentoRegistro":"2003-11-01T00:00:00.000-0300","principioAtivo":null,"situacaoApresentacao":"Caduco/Cancelado","dataRegistro":"1998-11-16T00:00:00.000-0300","categoriaRegulatoria":{"codigo":8,"descricao":"Similar"},"medicamentoReferencia":null,"categoriaProduto":null,"tipoAutorizacao":"REGISTRADO","acancelar":false,"mesAnoVencimentoFormatado":"11/2003","numeroRegistroFormatado":"104070087"},"empresa":{"cnpj":"30064034000100","razaoSocial":"INSTITUTO VITAL BRAZIL S/A","numeroAutorizacao":"1004076","cnpjFormatado":"30.064.034/0001-00"},"processo":{"numero":"250000294449727","situacao":29,"numeroProcessoFormatado":"25000.029444/97-27"}},{"ordem":44,"produto":{"codigo":6633,"nome":"PARACETAMOL","numeroRegistro":"104070078","tipo":{"codigo":1,"descricao":null},"categoria":null,"situacaoRotulo":null,"dataVencimento":null,"mesAnoVencimento":"032013","dataVencimentoRegistro":"2013-03-01T00:00:00.000-0300","principioAtivo":null,"situacaoApresentacao":"Caduco/Cancelado","dataRegistro":"1998-03-13T00:00:00.000-0300","categoriaRegulatoria":{"codigo":8,"descricao":"Similar"},"medicamentoReferencia":null,"categoriaProduto":null,"tipoAutorizacao":"REGISTRADO","acancelar":false,"mesAnoVencimentoFormatado":"03/2013","numeroRegistroFormatado":"104070078"},"empresa":{"cnpj":"30064034000100","razaoSocial":"INSTITUTO VITAL BRAZIL S/A","numeroAutorizacao":"1004076","cnpjFormatado":"30.064.034/0001-00"},"processo":{"numero":"250000355569735","situacao":29,"numeroProcessoFormatado":"25000.035556/97-35"}},{"ordem":45,"produto":{"codigo":7056,"nome":"PRAZIQUANTEL","numeroRegistro":"104070084","tipo":{"codigo":1,"descricao":null},"categoria":null,"situacaoRotulo":null,"dataVencimento":null,"mesAnoVencimento":"052003","dataVencimentoRegistro":"2003-05-01T00:00:00.000-0300","principioAtivo":null,"situacaoApresentacao":"Caduco/Cancelado","dataRegistro":"1998-05-29T00:00:00.000-0300","categoriaRegulatoria":{"codigo":8,"descricao":"Similar"},"medicamentoReferencia":null,"categoriaProduto":null,"tipoAutorizacao":"REGISTRADO","acancelar":false,"mesAnoVencimentoFormatado":"05/2003","numeroRegistroFormatado":"104070084"},"empresa":{"cnpj":"30064034000100","razaoSocial":"INSTITUTO VITAL BRAZIL S/A","numeroAutorizacao":"1004076","cnpjFormatado":"30.064.034/0001-00"},"processo":{"numero":"250000294459790","situacao":29,"numeroProcessoFormatado":"25000.029445/97-90"}},{"ordem":46,"produto":{"codigo":419210,"nome":"RIFAMPICINA IVB","numeroRegistro":"104070071","tipo":{"codigo":1,"descricao":null},"categoria":null,"situacaoRotulo":null,"dataVencimento":null,"mesAnoVencimento":"122004","dataVencimentoRegistro":"2004-12-01T00:00:00.000-0300","principioAtivo":null,"situacaoApresentacao":"Caduco/Cancelado","dataRegistro":"1994-12-12T00:00:00.000-0300","categoriaRegulatoria":{"codigo":8,"descricao":"Similar"},"medicamentoReferencia":null,"categoriaProduto":null,"tipoAutorizacao":"REGISTRADO","acancelar":false,"mesAnoVencimentoFormatado":"12/2004","numeroRegistroFormatado":"104070071"},"empresa":{"cnpj":"30064034000100","razaoSocial":"INSTITUTO VITAL BRAZIL S/A","numeroAutorizacao":"1004076","cnpjFormatado":"30.064.034/0001-00"},"processo":{"numero":"250000084409273","situacao":29,"numeroProcessoFormatado":"25000.008440/92-73"}},{"ordem":47,"produto":{"codigo":126437,"nome":"SORO ANTIBOTRÓPICO (PENTAVALENTE)","numeroRegistro":"104070004","tipo":{"codigo":1,"descricao":null},"categoria":null,"situacaoRotulo":null,"dataVencimento":null,"mesAnoVencimento":"092027","dataVencimentoRegistro":"2027-09-01T00:00:00.000-0300","principioAtivo":"imunoglobulina heteróloga contra veneno de Bothrops sp","situacaoApresentacao":"Válido","dataRegistro":"2002-06-17T00:00:00.000-0300","categoriaRegulatoria":{"codigo":6,"descricao":"Novo"},"medicamentoReferencia":null,"categoriaProduto":null,"tipoAutorizacao":"REGISTRADO","acancelar":false,"mesAnoVencimentoFormatado":"09/2027","numeroRegistroFormatado":"104070004"},"empresa":{"cnpj":"30064034000100","razaoSocial":"INSTITUTO VITAL BRAZIL S/A","numeroAutorizacao":"1004076","cnpjFormatado":"30.064.034/0001-00"},"processo":{"numero":"250000117749205","situacao":29,"numeroProcessoFormatado":"25000.011774/92-05"}},{"ordem":48,"produto":{"codigo":432325,"nome":"SORO ANTIBOTRÓPICO (PENTAVALENTE) E ANTICROTÁLICO","numeroRegistro":"104070099","tipo":{"codigo":1,"descricao":null},"categoria":null,"situacaoRotulo":null,"dataVencimento":null,"mesAnoVencimento":"062027","dataVencimentoRegistro":"2027-06-01T00:00:00.000-0300","principioAtivo":"imunoglobulina heteróloga contra veneno de Bothrops sp, imunoglobulina heteróloga contra veneno de Crotalus sp","situacaoApresentacao":"Válido","dataRegistro":"2007-06-18T00:00:00.000-0300","categoriaRegulatoria":{"codigo":1,"descricao":"Biológico"},"medicamentoReferencia":null,"categoriaProduto":null,"tipoAutorizacao":"REGISTRADO","acancelar":false,"mesAnoVencimentoFormatado":"06/2027","numeroRegistroFormatado":"104070099"},"empresa":{"cnpj":"30064034000100","razaoSocial":"INSTITUTO VITAL BRAZIL S/A","numeroAutorizacao":"1004076","cnpjFormatado":"30.064.034/0001-00"},"processo":{"numero":"25351306664200543","situacao":29,"numeroProcessoFormatado":"25351.306664/2005-43"}},{"ordem":49,"produto":{"codigo":429488,"nome":"SORO ANTIBOTRÓPICO (PENTAVALENTE) E ANTILAQUÉTICO","numeroRegistro":"104070098","tipo":{"codigo":1,"descricao":null},"categoria":null,"situacaoRotulo":null,"dataVencimento":null,"mesAnoVencimento":"062027","dataVencimentoRegistro":"2027-06-01T00:00:00.000-0300","principioAtivo":"Imunoglobulina Heteróloga contra o veneno de Lachesis muta, imunoglobulina heteróloga contra veneno de Bothrops sp","situacaoApresentacao":"Válido","dataRegistro":"2007-06-18T00:00:00.000-0300","categoriaRegulatoria":{"codigo":1,"descricao":"Biológico"},"medicamentoReferencia":null,"categoriaProduto":null,"tipoAutorizacao":"REGISTRADO","acancelar":false,"mesAnoVencimentoFormatado":"06/2027","numeroRegistroFormatado":"104070098"},"empresa":{"cnpj":"30064034000100","razaoSocial":"INSTITUTO VITAL BRAZIL S/A","numeroAutorizacao":"1004076","cnpjFormatado":"30.064.034/0001-00"},"processo":{"numero":"25351306627200535","situacao":29,"numeroProcessoFormatado":"25351.306627/2005-35"}},{"ordem":50,"produto":{"codigo":486909,"nome":"SORO ANTICROTÁLICO","numeroRegistro":"104070008","tipo":{"codigo":1,"descricao":null},"categoria":null,"situacaoRotulo":null,"dataVencimento":null,"mesAnoVencimento":"092027","dataVencimentoRegistro":"2027-09-01T00:00:00.000-0300","principioAtivo":"imunoglobulina heteróloga contra veneno de Crotalus sp","situacaoApresentacao":"Válido","dataRegistro":"1992-09-29T00:00:00.000-0300","categoriaRegulatoria":{"codigo":1,"descricao":"Biológico"},"medicamentoReferencia":null,"categoriaProduto":null,"tipoAutorizacao":"REGISTRADO","acancelar":false,"mesAnoVencimentoFormatado":"09/2027","numeroRegistroFormatado":"104070008"},"empresa":{"cnpj":"30064034000100","razaoSocial":"INSTITUTO VITAL BRAZIL S/A","numeroAutorizacao":"1004076","cnpjFormatado":"30.064.034/0001-00"},"processo":{"numero":"250000117789258","situacao":29,"numeroProcessoFormatado":"25000.011778/92-58"}},{"ordem":51,"produto":{"codigo":425719,"nome":"SORO ANTIESCORPIÔNICO","numeroRegistro":"104070097","tipo":{"codigo":1,"descricao":null},"categoria":null,"situacaoRotulo":null,"dataVencimento":null,"mesAnoVencimento":"062027","dataVencimentoRegistro":"2027-06-01T00:00:00.000-0300","principioAtivo":"imunoglobulina heteróloga contra veneno de Tityus serrulatus","situacaoApresentacao":"Válido","dataRegistro":"2007-06-18T00:00:00.000-0300","categoriaRegulatoria":{"codigo":1,"descricao":"Biológico"},"medicamentoReferencia":null,"categoriaProduto":null,"tipoAutorizacao":"REGISTRADO","acancelar":false,"mesAnoVencimentoFormatado":"06/2027","numeroRegistroFormatado":"104070097"},"empresa":{"cnpj":"30064034000100","razaoSocial":"INSTITUTO VITAL BRAZIL S/A","numeroAutorizacao":"1004076","cnpjFormatado":"30.064.034/0001-00"},"processo":{"numero":"25351306586200587","situacao":29,"numeroProcessoFormatado":"25351.306586/2005-87"}},{"ordem":52,"produto":{"codigo":432562,"nome":"SORO ANTILATRODÉCTICO (Latrodectus curacaviensis)","numeroRegistro":"104070096","tipo":{"codigo":1,"descricao":null},"categoria":null,"situacaoRotulo":null,"dataVencimento":null,"mesAnoVencimento":"062027","dataVencimentoRegistro":"2027-06-01T00:00:00.000-0300","principioAtivo":"SORO ANTILATRODÉCTICO (LATRODECTUS CURACAVIENSIS)","situacaoApresentacao":"Válido","dataRegistro":"2007-06-18T00:00:00.000-0300","categoriaRegulatoria":{"codigo":1,"descricao":"Biológico"},"medicamentoReferencia":null,"categoriaProduto":null,"tipoAutorizacao":"REGISTRADO","acancelar":false,"mesAnoVencimentoFormatado":"06/2027","numeroRegistroFormatado":"104070096"},"empresa":{"cnpj":"30064034000100","razaoSocial":"INSTITUTO VITAL BRAZIL S/A","numeroAutorizacao":"1004076","cnpjFormatado":"30.064.034/0001-00"},"processo":{"numero":"25351306536200508","situacao":29,"numeroProcessoFormatado":"25351.306536/2005-08"}},{"ordem":53,"produto":{"codigo":504234,"nome":"SORO ANTIRRÁBICO","numeroRegistro":"104070100","tipo":{"codigo":1,"descricao":null},"categoria":null,"situacaoRotulo":null,"dataVencimento":null,"mesAnoVencimento":"092027","dataVencimentoRegistro":"2027-09-01T00:00:00.000-0300","principioAtivo":"IMUNOGLOBULINA ANTIRRÁBICA","situacaoApresentacao":"Válido","dataRegistro":"1992-09-29T00:00:00.000-0300","categoriaRegulatoria":{"codigo":1,"descricao":"Biológico"},"medicamentoReferencia":null,"categoriaProduto":null,"tipoAutorizacao":"REGISTRADO","acancelar":false,"mesAnoVencimentoFormatado":"09/2027","numeroRegistroFormatado":"104070100"},"empresa":{"cnpj":"30064034000100","razaoSocial":"INSTITUTO VITAL BRAZIL S/A","numeroAutorizacao":"1004076","cnpjFormatado":"30.064.034/0001-00"},"processo":{"numero":"250000117809208","situacao":29,"numeroProcessoFormatado":"25000.011780/92-08"}},{"ordem":54,"produto":{"codigo":276237,"nome":"SORO ANTITETÂNICO","numeroRegistro":"104070040","tipo":{"codigo":1,"descricao":null},"categoria":null,"situacaoRotulo":null,"dataVencimento":null,"mesAnoVencimento":"052027","dataVencimentoRegistro":"2027-05-01T00:00:00.000-0300","principioAtivo":"imunoglobulina antitetânica","situacaoApresentacao":"Válido","dataRegistro":"2007-06-18T00:00:00.000-0300","categoriaRegulatoria":{"codigo":1,"descricao":"Biológico"},"medicamentoReferencia":null,"categoriaProduto":null,"tipoAutorizacao":"REGISTRADO","acancelar":false,"mesAnoVencimentoFormatado":"05/2027","numeroRegistroFormatado":"104070040"},"empresa":{"cnpj":"30064034000100","razaoSocial":"INSTITUTO VITAL BRAZIL S/A","numeroAutorizacao":"1004076","cnpjFormatado":"30.064.034/0001-00"},"processo":{"numero":"2599200420569","situacao":20,"numeroProcessoFormatado":"25992.004205/69"}},{"ordem":55,"produto":{"codigo":1340914,"nome":"capecitabina","numeroRegistro":"104070110","tipo":{"codigo":1,"descricao":null},"categoria":null,"situacaoRotulo":null,"dataVencimento":null,"mesAnoVencimento":"082029","dataVencimentoRegistro":"2029-08-01T00:00:00.000-0300","principioAtivo":"CAPECITABINA","situacaoApresentacao":"Válido","dataRegistro":"2019-08-05T00:00:00.000-0300","categoriaRegulatoria":{"codigo":5,"descricao":"Genérico"},"medicamentoReferencia":"Xeloda","categoriaProduto":null,"tipoAutorizacao":"REGISTRADO","acancelar":false,"mesAnoVencimentoFormatado":"08/2029","numeroRegistroFormatado":"104070110"},"empresa":{"cnpj":"30064034000100","razaoSocial":"INSTITUTO VITAL BRAZIL S/A","numeroAutorizacao":"1004076","cnpjFormatado":"30.064.034/0001-00"},"processo":{"numero":"25351347611201988","situacao":29,"numeroProcessoFormatado":"25351.347611/2019-88"}},{"ordem":56,"produto":{"codigo":3545006,"nome":"cloridrato de erlotinibe","numeroRegistro":"104070113","tipo":{"codigo":1,"descricao":null},"categoria":null,"situacaoRotulo":null,"dataVencimento":"2032-08-22T00:00:00.000-0300","mesAnoVencimento":"082032","dataVencimentoRegistro":"2032-08-01T00:00:00.000-0300","principioAtivo":"CLORIDRATO DE ERLOTINIBE","situacaoApresentacao":"Válido","dataRegistro":"2022-08-22T00:00:00.000-0300","categoriaRegulatoria":{"codigo":5,"descricao":"Genérico"},"medicamentoReferencia":"TARCEVA","categoriaProduto":null,"tipoAutorizacao":"REGISTRADO","acancelar":false,"mesAnoVencimentoFormatado":"08/2032","numeroRegistroFormatado":"104070113"},"empresa":{"cnpj":"30064034000100","razaoSocial":"INSTITUTO VITAL BRAZIL S/A","numeroAutorizacao":"1004076","cnpjFormatado":"30.064.034/0001-00"},"processo":{"numero":"25351285880202249","situacao":29,"numeroProcessoFormatado":"25351.285880/2022-49"}},{"ordem":57,"produto":{"codigo":3562381,"nome":"dasatinibe monoidratado","numeroRegistro":"104070114","tipo":{"codigo":1,"descricao":null},"categoria":null,"situacaoRotulo":null,"dataVencimento":"2032-09-05T00:00:00.000-0300","mesAnoVencimento":"102032","dataVencimentoRegistro":"2032-10-01T00:00:00.000-0300","principioAtivo":"dasatinibe monoidratado","situacaoApresentacao":"Válido","dataRegistro":"2022-10-17T00:00:00.000-0300","categoriaRegulatoria":{"codigo":5,"descricao":"Genérico"},"medicamentoReferencia":"SPRYCEL","categoriaProduto":null,"tipoAutorizacao":"REGISTRADO","acancelar":false,"mesAnoVencimentoFormatado":"10/2032","numeroRegistroFormatado":"104070114"},"empresa":{"cnpj":"30064034000100","razaoSocial":"INSTITUTO VITAL BRAZIL S/A","numeroAutorizacao":"1004076","cnpjFormatado":"30.064.034/0001-00"},"processo":{"numero":"25351308571202254","situacao":29,"numeroProcessoFormatado":"25351.308571/2022-54"}},{"ordem":58,"produto":{"codigo":1290797,"nome":"deferasirox","numeroRegistro":"104070108","tipo":{"codigo":1,"descricao":null},"categoria":null,"situacaoRotulo":null,"dataVencimento":null,"mesAnoVencimento":"122028","dataVencimentoRegistro":"2028-12-01T00:00:00.000-0300","principioAtivo":"deferasirox","situacaoApresentacao":"Válido","dataRegistro":"2018-12-17T00:00:00.000-0300","categoriaRegulatoria":{"codigo":5,"descricao":"Genérico"},"medicamentoReferencia":"EXJADE","categoriaProduto":null,"tipoAutorizacao":"REGISTRADO","acancelar":false,"mesAnoVencimentoFormatado":"12/2028","numeroRegistroFormatado":"104070108"},"empresa":{"cnpj":"30064034000100","razaoSocial":"INSTITUTO VITAL BRAZIL S/A","numeroAutorizacao":"1004076","cnpjFormatado":"30.064.034/0001-00"},"processo":{"numero":"25351679643201869","situacao":29,"numeroProcessoFormatado":"25351.679643/2018-69"}},{"ordem":59,"produto":{"codigo":1286800,"nome":"hidroxiuréia","numeroRegistro":"104070105","tipo":{"codigo":1,"descricao":null},"categoria":null,"situacaoRotulo":null,"dataVencimento":null,"mesAnoVencimento":"112028","dataVencimentoRegistro":"2028-11-01T00:00:00.000-0300","principioAtivo":"HIDROXIURÉIA","situacaoApresentacao":"Válido","dataRegistro":"2018-11-26T00:00:00.000-0300","categoriaRegulatoria":{"codigo":5,"descricao":"Genérico"},"medicamentoReferencia":"HYDREA","categoriaProduto":null,"tipoAutorizacao":"REGISTRADO","acancelar":false,"mesAnoVencimentoFormatado":"11/2028","numeroRegistroFormatado":"104070105"},"empresa":{"cnpj":"30064034000100","razaoSocial":"INSTITUTO VITAL BRAZIL S/A","numeroAutorizacao":"1004076","cnpjFormatado":"30.064.034/0001-00"},"processo":{"numero":"25351349629201833","situacao":29,"numeroProcessoFormatado":"25351.349629/2018-33"}},{"ordem":60,"produto":{"codigo":1290806,"nome":"rivaroxabana","numeroRegistro":"104070109","tipo":{"codigo":1,"descricao":null},"categoria":null,"situacaoRotulo":null,"dataVencimento":null,"mesAnoVencimento":"122028","dataVencimentoRegistro":"2028-12-01T00:00:00.000-0300","principioAtivo":"RIVAROXABANA","situacaoApresentacao":"Válido","dataRegistro":"2018-12-17T00:00:00.000-0300","categoriaRegulatoria":{"codigo":5,"descricao":"Genérico"},"medicamentoReferencia":"XARELTO","categoriaProduto":null,"tipoAutorizacao":"REGISTRADO","acancelar":false,"mesAnoVencimentoFormatado":"12/2028","numeroRegistroFormatado":"104070109"},"empresa":{"cnpj":"30064034000100","razaoSocial":"INSTITUTO VITAL BRAZIL S/A","numeroAutorizacao":"1004076","cnpjFormatado":"30.064.034/0001-00"},"processo":{"numero":"25351679774201846","situacao":29,"numeroProcessoFormatado":"25351.679774/2018-46"}}],"totalElements":60,"totalPages":1,"last":true,"numberOfElements":60,"size":1000,"number":0,"first":true,"sort":null}