{"content":[{"ordem":1,"produto":{"codigo":445,"nome":"ACIDO DIMERCAPTOSUCCINICO","numeroRegistro":"113980022","tipo":{"codigo":1,"descricao":null},"categoria":null,"situacaoRotulo":null,"dataVencimento":null,"mesAnoVencimento":"032005","dataVencimentoRegistro":"2005-03-01T00:00:00.000-0300","principioAtivo":null,"situacaoApresentacao":"Caduco/Cancelado","dataRegistro":"2000-03-21T00:00:00.000-0300","categoriaRegulatoria":{"codigo":6,"descricao":"Novo"},"medicamentoReferencia":null,"categoriaProduto":null,"tipoAutorizacao":"REGISTRADO","acancelar":false,"mesAnoVencimentoFormatado":"03/2005","numeroRegistroFormatado":"113980022"},"empresa":{"cnpj":"30153811000193","razaoSocial":"GUERBET IMAGEM DO BRASIL LTDA","numeroAutorizacao":"1013981","cnpjFormatado":"30.153.811/0001-93"},"processo":{"numero":"250000121829960","situacao":29,"numeroProcessoFormatado":"25000.012182/99-60"}},{"ordem":2,"produto":{"codigo":581,"nome":"ALBUMINA HUMANA","numeroRegistro":"113980013","tipo":{"codigo":1,"descricao":null},"categoria":null,"situacaoRotulo":null,"dataVencimento":null,"mesAnoVencimento":"032005","dataVencimentoRegistro":"2005-03-01T00:00:00.000-0300","principioAtivo":null,"situacaoApresentacao":"Caduco/Cancelado","dataRegistro":"2000-03-21T00:00:00.000-0300","categoriaRegulatoria":{"codigo":6,"descricao":"Novo"},"medicamentoReferencia":null,"categoriaProduto":null,"tipoAutorizacao":"REGISTRADO","acancelar":false,"mesAnoVencimentoFormatado":"03/2005","numeroRegistroFormatado":"113980013"},"empresa":{"cnpj":"30153811000193","razaoSocial":"GUERBET IMAGEM DO BRASIL LTDA","numeroAutorizacao":"1013981","cnpjFormatado":"30.153.811/0001-93"},"processo":{"numero":"250000076199745","situacao":29,"numeroProcessoFormatado":"25000.007619/97-45"}},{"ordem":3,"produto":{"codigo":580,"nome":"ALBUNEX","numeroRegistro":"113980011","tipo":{"codigo":1,"descricao":null},"categoria":null,"situacaoRotulo":null,"dataVencimento":null,"mesAnoVencimento":"032005","dataVencimentoRegistro":"2005-03-01T00:00:00.000-0300","principioAtivo":null,"situacaoApresentacao":"Caduco/Cancelado","dataRegistro":"2000-03-21T00:00:00.000-0300","categoriaRegulatoria":{"codigo":6,"descricao":"Novo"},"medicamentoReferencia":null,"categoriaProduto":null,"tipoAutorizacao":"REGISTRADO","acancelar":false,"mesAnoVencimentoFormatado":"03/2005","numeroRegistroFormatado":"113980011"},"empresa":{"cnpj":"30153811000193","razaoSocial":"GUERBET IMAGEM DO BRASIL LTDA","numeroAutorizacao":"1013981","cnpjFormatado":"30.153.811/0001-93"},"processo":{"numero":"250000197199525","situacao":29,"numeroProcessoFormatado":"25000.019719/95-25"}},{"ordem":4,"produto":{"codigo":1166,"nome":"BETIATIDE","numeroRegistro":"113980014","tipo":{"codigo":1,"descricao":null},"categoria":null,"situacaoRotulo":null,"dataVencimento":null,"mesAnoVencimento":"032005","dataVencimentoRegistro":"2005-03-01T00:00:00.000-0300","principioAtivo":null,"situacaoApresentacao":"Caduco/Cancelado","dataRegistro":"2000-03-21T00:00:00.000-0300","categoriaRegulatoria":{"codigo":6,"descricao":"Novo"},"medicamentoReferencia":null,"categoriaProduto":null,"tipoAutorizacao":"REGISTRADO","acancelar":false,"mesAnoVencimentoFormatado":"03/2005","numeroRegistroFormatado":"113980014"},"empresa":{"cnpj":"30153811000193","razaoSocial":"GUERBET IMAGEM DO BRASIL LTDA","numeroAutorizacao":"1013981","cnpjFormatado":"30.153.811/0001-93"},"processo":{"numero":"250000076379727","situacao":29,"numeroProcessoFormatado":"25000.007637/97-27"}},{"ordem":5,"produto":{"codigo":2283,"nome":"CLORETO ESTANOSO DIHIDRATADO","numeroRegistro":"113980015","tipo":{"codigo":1,"descricao":null},"categoria":null,"situacaoRotulo":null,"dataVencimento":null,"mesAnoVencimento":"072004","dataVencimentoRegistro":"2004-07-01T00:00:00.000-0300","principioAtivo":null,"situacaoApresentacao":"Caduco/Cancelado","dataRegistro":"1999-07-29T00:00:00.000-0300","categoriaRegulatoria":{"codigo":6,"descricao":"Novo"},"medicamentoReferencia":null,"categoriaProduto":null,"tipoAutorizacao":"REGISTRADO","acancelar":false,"mesAnoVencimentoFormatado":"07/2004","numeroRegistroFormatado":"113980015"},"empresa":{"cnpj":"30153811000193","razaoSocial":"GUERBET IMAGEM DO BRASIL LTDA","numeroAutorizacao":"1013981","cnpjFormatado":"30.153.811/0001-93"},"processo":{"numero":"250000076369764","situacao":29,"numeroProcessoFormatado":"25000.007636/97-64"}},{"ordem":6,"produto":{"codigo":2769,"nome":"CLORIDRATO DE OXICODONA (PORT 344/98 LISTA A1)","numeroRegistro":"113980026","tipo":{"codigo":1,"descricao":null},"categoria":null,"situacaoRotulo":null,"dataVencimento":null,"mesAnoVencimento":"092005","dataVencimentoRegistro":"2005-09-01T00:00:00.000-0300","principioAtivo":null,"situacaoApresentacao":"Caduco/Cancelado","dataRegistro":"2000-09-04T00:00:00.000-0300","categoriaRegulatoria":{"codigo":6,"descricao":"Novo"},"medicamentoReferencia":null,"categoriaProduto":null,"tipoAutorizacao":"REGISTRADO","acancelar":false,"mesAnoVencimentoFormatado":"09/2005","numeroRegistroFormatado":"113980026"},"empresa":{"cnpj":"30153811000193","razaoSocial":"GUERBET IMAGEM DO BRASIL LTDA","numeroAutorizacao":"1013981","cnpjFormatado":"30.153.811/0001-93"},"processo":{"numero":"250000516769960","situacao":29,"numeroProcessoFormatado":"25000.051676/99-60"}},{"ordem":7,"produto":{"codigo":5086,"nome":"CONRAY","numeroRegistro":"113980010","tipo":{"codigo":1,"descricao":null},"categoria":null,"situacaoRotulo":null,"dataVencimento":null,"mesAnoVencimento":"082018","dataVencimentoRegistro":"2018-08-01T00:00:00.000-0300","principioAtivo":null,"situacaoApresentacao":"Caduco/Cancelado","dataRegistro":"1998-08-24T00:00:00.000-0300","categoriaRegulatoria":{"codigo":6,"descricao":"Novo"},"medicamentoReferencia":null,"categoriaProduto":null,"tipoAutorizacao":"REGISTRADO","acancelar":false,"mesAnoVencimentoFormatado":"08/2018","numeroRegistroFormatado":"113980010"},"empresa":{"cnpj":"30153811000193","razaoSocial":"GUERBET IMAGEM DO BRASIL LTDA","numeroAutorizacao":"1013981","cnpjFormatado":"30.153.811/0001-93"},"processo":{"numero":"250000129259721","situacao":29,"numeroProcessoFormatado":"25000.012925/97-21"}},{"ordem":8,"produto":{"codigo":5093,"nome":"IOTALAMATO DE MEGLUMINA","numeroRegistro":"113980023","tipo":{"codigo":1,"descricao":null},"categoria":null,"situacaoRotulo":null,"dataVencimento":null,"mesAnoVencimento":"032005","dataVencimentoRegistro":"2005-03-01T00:00:00.000-0300","principioAtivo":null,"situacaoApresentacao":"Caduco/Cancelado","dataRegistro":"2000-03-21T00:00:00.000-0300","categoriaRegulatoria":{"codigo":6,"descricao":"Novo"},"medicamentoReferencia":null,"categoriaProduto":null,"tipoAutorizacao":"REGISTRADO","acancelar":false,"mesAnoVencimentoFormatado":"03/2005","numeroRegistroFormatado":"113980023"},"empresa":{"cnpj":"30153811000193","razaoSocial":"GUERBET IMAGEM DO BRASIL LTDA","numeroAutorizacao":"1013981","cnpjFormatado":"30.153.811/0001-93"},"processo":{"numero":"250000010639917","situacao":29,"numeroProcessoFormatado":"25000.001063/99-17"}},{"ordem":9,"produto":{"codigo":5094,"nome":"IOTALAMATO DE SODIO","numeroRegistro":"113980020","tipo":{"codigo":1,"descricao":null},"categoria":null,"situacaoRotulo":null,"dataVencimento":null,"mesAnoVencimento":"072004","dataVencimentoRegistro":"2004-07-01T00:00:00.000-0300","principioAtivo":null,"situacaoApresentacao":"Caduco/Cancelado","dataRegistro":"1999-07-29T00:00:00.000-0300","categoriaRegulatoria":{"codigo":6,"descricao":"Novo"},"medicamentoReferencia":null,"categoriaProduto":null,"tipoAutorizacao":"REGISTRADO","acancelar":false,"mesAnoVencimentoFormatado":"07/2004","numeroRegistroFormatado":"113980020"},"empresa":{"cnpj":"30153811000193","razaoSocial":"GUERBET IMAGEM DO BRASIL LTDA","numeroAutorizacao":"1013981","cnpjFormatado":"30.153.811/0001-93"},"processo":{"numero":"250000071389929","situacao":29,"numeroProcessoFormatado":"25000.007138/99-29"}},{"ordem":10,"produto":{"codigo":3304,"nome":"MD-76 R","numeroRegistro":"113980019","tipo":{"codigo":1,"descricao":null},"categoria":null,"situacaoRotulo":null,"dataVencimento":null,"mesAnoVencimento":"072004","dataVencimentoRegistro":"2004-07-01T00:00:00.000-0300","principioAtivo":null,"situacaoApresentacao":"Caduco/Cancelado","dataRegistro":"1999-07-29T00:00:00.000-0300","categoriaRegulatoria":{"codigo":8,"descricao":"Similar"},"medicamentoReferencia":null,"categoriaProduto":null,"tipoAutorizacao":"REGISTRADO","acancelar":false,"mesAnoVencimentoFormatado":"07/2004","numeroRegistroFormatado":"113980019"},"empresa":{"cnpj":"30153811000193","razaoSocial":"GUERBET IMAGEM DO BRASIL LTDA","numeroAutorizacao":"1013981","cnpjFormatado":"30.153.811/0001-93"},"processo":{"numero":"250000076339776","situacao":29,"numeroProcessoFormatado":"25000.007633/97-76"}},{"ordem":11,"produto":{"codigo":5953,"nome":"MICROESFERAS DE ALBUMINA HUMANA","numeroRegistro":"113980021","tipo":{"codigo":1,"descricao":null},"categoria":null,"situacaoRotulo":null,"dataVencimento":null,"mesAnoVencimento":"072004","dataVencimentoRegistro":"2004-07-01T00:00:00.000-0300","principioAtivo":null,"situacaoApresentacao":"Caduco/Cancelado","dataRegistro":"1999-07-29T00:00:00.000-0300","categoriaRegulatoria":{"codigo":6,"descricao":"Novo"},"medicamentoReferencia":null,"categoriaProduto":null,"tipoAutorizacao":"REGISTRADO","acancelar":false,"mesAnoVencimentoFormatado":"07/2004","numeroRegistroFormatado":"113980021"},"empresa":{"cnpj":"30153811000193","razaoSocial":"GUERBET IMAGEM DO BRASIL LTDA","numeroAutorizacao":"1013981","cnpjFormatado":"30.153.811/0001-93"},"processo":{"numero":"250000300119878","situacao":29,"numeroProcessoFormatado":"25000.030011/98-78"}},{"ordem":12,"produto":{"codigo":3785,"nome":"OCTREOSCAN","numeroRegistro":"113980029","tipo":{"codigo":1,"descricao":null},"categoria":null,"situacaoRotulo":null,"dataVencimento":null,"mesAnoVencimento":"102010","dataVencimentoRegistro":"2010-10-01T00:00:00.000-0300","principioAtivo":null,"situacaoApresentacao":"Caduco/Cancelado","dataRegistro":"2000-11-10T00:00:00.000-0300","categoriaRegulatoria":{"codigo":6,"descricao":"Novo"},"medicamentoReferencia":null,"categoriaProduto":null,"tipoAutorizacao":"REGISTRADO","acancelar":false,"mesAnoVencimentoFormatado":"10/2010","numeroRegistroFormatado":"113980029"},"empresa":{"cnpj":"30153811000193","razaoSocial":"GUERBET IMAGEM DO BRASIL LTDA","numeroAutorizacao":"1013981","cnpjFormatado":"30.153.811/0001-93"},"processo":{"numero":"250000197109551","situacao":29,"numeroProcessoFormatado":"25000.019710/95-51"}},{"ordem":13,"produto":{"codigo":6472,"nome":"OPTIMARK","numeroRegistro":"113980025","tipo":{"codigo":1,"descricao":null},"categoria":null,"situacaoRotulo":null,"dataVencimento":null,"mesAnoVencimento":"072025","dataVencimentoRegistro":"2025-07-01T00:00:00.000-0300","principioAtivo":null,"situacaoApresentacao":"Caduco/Cancelado","dataRegistro":"2000-07-25T00:00:00.000-0300","categoriaRegulatoria":{"codigo":6,"descricao":"Novo"},"medicamentoReferencia":null,"categoriaProduto":null,"tipoAutorizacao":"REGISTRADO","acancelar":false,"mesAnoVencimentoFormatado":"07/2025","numeroRegistroFormatado":"113980025"},"empresa":{"cnpj":"30153811000193","razaoSocial":"GUERBET IMAGEM DO BRASIL LTDA","numeroAutorizacao":"1013981","cnpjFormatado":"30.153.811/0001-93"},"processo":{"numero":"253510099520086","situacao":29,"numeroProcessoFormatado":"25351.009952/00-86"}},{"ordem":14,"produto":{"codigo":5095,"nome":"OPTIRAY","numeroRegistro":"113980030","tipo":{"codigo":1,"descricao":null},"categoria":null,"situacaoRotulo":null,"dataVencimento":"2025-12-27T00:00:00.000-0300","mesAnoVencimento":"122025","dataVencimentoRegistro":"2025-12-01T00:00:00.000-0300","principioAtivo":"IOVERSOL","situacaoApresentacao":"Válido","dataRegistro":"2000-12-28T00:00:00.000-0300","categoriaRegulatoria":{"codigo":6,"descricao":"Novo"},"medicamentoReferencia":null,"categoriaProduto":null,"tipoAutorizacao":"REGISTRADO","acancelar":false,"mesAnoVencimentoFormatado":"12/2025","numeroRegistroFormatado":"113980030"},"empresa":{"cnpj":"30153811000193","razaoSocial":"GUERBET IMAGEM DO BRASIL LTDA","numeroAutorizacao":"1013981","cnpjFormatado":"30.153.811/0001-93"},"processo":{"numero":"253510229380050","situacao":29,"numeroProcessoFormatado":"25351.022938/00-50"}},{"ordem":15,"produto":{"codigo":6521,"nome":"OXIDRONATO DE SÓDIO","numeroRegistro":"113980016","tipo":{"codigo":1,"descricao":null},"categoria":null,"situacaoRotulo":null,"dataVencimento":null,"mesAnoVencimento":"032005","dataVencimentoRegistro":"2005-03-01T00:00:00.000-0300","principioAtivo":null,"situacaoApresentacao":"Caduco/Cancelado","dataRegistro":"2000-03-21T00:00:00.000-0300","categoriaRegulatoria":{"codigo":6,"descricao":"Novo"},"medicamentoReferencia":null,"categoriaProduto":null,"tipoAutorizacao":"REGISTRADO","acancelar":false,"mesAnoVencimentoFormatado":"03/2005","numeroRegistroFormatado":"113980016"},"empresa":{"cnpj":"30153811000193","razaoSocial":"GUERBET IMAGEM DO BRASIL LTDA","numeroAutorizacao":"1013981","cnpjFormatado":"30.153.811/0001-93"},"processo":{"numero":"250000076359700","situacao":29,"numeroProcessoFormatado":"25000.007635/97-00"}},{"ordem":16,"produto":{"codigo":6768,"nome":"PENTETATO DE CALCIO TRISSODICO","numeroRegistro":"113980024","tipo":{"codigo":1,"descricao":null},"categoria":null,"situacaoRotulo":null,"dataVencimento":null,"mesAnoVencimento":"052005","dataVencimentoRegistro":"2005-05-01T00:00:00.000-0300","principioAtivo":null,"situacaoApresentacao":"Caduco/Cancelado","dataRegistro":"2000-05-31T00:00:00.000-0300","categoriaRegulatoria":{"codigo":6,"descricao":"Novo"},"medicamentoReferencia":null,"categoriaProduto":null,"tipoAutorizacao":"REGISTRADO","acancelar":false,"mesAnoVencimentoFormatado":"05/2005","numeroRegistroFormatado":"113980024"},"empresa":{"cnpj":"30153811000193","razaoSocial":"GUERBET IMAGEM DO BRASIL LTDA","numeroAutorizacao":"1013981","cnpjFormatado":"30.153.811/0001-93"},"processo":{"numero":"250000076289736","situacao":29,"numeroProcessoFormatado":"25000.007628/97-36"}},{"ordem":17,"produto":{"codigo":6906,"nome":"PIROFOSFATO DE SODIO","numeroRegistro":"113980017","tipo":{"codigo":1,"descricao":null},"categoria":null,"situacaoRotulo":null,"dataVencimento":null,"mesAnoVencimento":"032005","dataVencimentoRegistro":"2005-03-01T00:00:00.000-0300","principioAtivo":null,"situacaoApresentacao":"Caduco/Cancelado","dataRegistro":"2000-03-21T00:00:00.000-0300","categoriaRegulatoria":{"codigo":6,"descricao":"Novo"},"medicamentoReferencia":null,"categoriaProduto":null,"tipoAutorizacao":"REGISTRADO","acancelar":false,"mesAnoVencimentoFormatado":"03/2005","numeroRegistroFormatado":"113980017"},"empresa":{"cnpj":"30153811000193","razaoSocial":"GUERBET IMAGEM DO BRASIL LTDA","numeroAutorizacao":"1013981","cnpjFormatado":"30.153.811/0001-93"},"processo":{"numero":"250000076249785","situacao":29,"numeroProcessoFormatado":"25000.007624/97-85"}},{"ordem":18,"produto":{"codigo":7616,"nome":"SULFATO DE BARIO","numeroRegistro":"113980027","tipo":{"codigo":1,"descricao":null},"categoria":null,"situacaoRotulo":null,"dataVencimento":null,"mesAnoVencimento":"092005","dataVencimentoRegistro":"2005-09-01T00:00:00.000-0300","principioAtivo":null,"situacaoApresentacao":"Caduco/Cancelado","dataRegistro":"2000-10-06T00:00:00.000-0300","categoriaRegulatoria":{"codigo":8,"descricao":"Similar"},"medicamentoReferencia":null,"categoriaProduto":null,"tipoAutorizacao":"REGISTRADO","acancelar":false,"mesAnoVencimentoFormatado":"09/2005","numeroRegistroFormatado":"113980027"},"empresa":{"cnpj":"30153811000193","razaoSocial":"GUERBET IMAGEM DO BRASIL LTDA","numeroAutorizacao":"1013981","cnpjFormatado":"30.153.811/0001-93"},"processo":{"numero":"250000337399653","situacao":29,"numeroProcessoFormatado":"25000.033739/96-53"}},{"ordem":19,"produto":{"codigo":7871,"nome":"TECHMESCAN ENXOFRE COLOIDAL","numeroRegistro":"113980028","tipo":{"codigo":1,"descricao":null},"categoria":null,"situacaoRotulo":null,"dataVencimento":null,"mesAnoVencimento":"102005","dataVencimentoRegistro":"2005-10-01T00:00:00.000-0300","principioAtivo":null,"situacaoApresentacao":"Caduco/Cancelado","dataRegistro":"2000-10-06T00:00:00.000-0300","categoriaRegulatoria":{"codigo":6,"descricao":"Novo"},"medicamentoReferencia":null,"categoriaProduto":null,"tipoAutorizacao":"REGISTRADO","acancelar":false,"mesAnoVencimentoFormatado":"10/2005","numeroRegistroFormatado":"113980028"},"empresa":{"cnpj":"30153811000193","razaoSocial":"GUERBET IMAGEM DO BRASIL LTDA","numeroAutorizacao":"1013981","cnpjFormatado":"30.153.811/0001-93"},"processo":{"numero":"250000129279756","situacao":29,"numeroProcessoFormatado":"25000.012927/97-56"}},{"ordem":20,"produto":{"codigo":8112,"nome":"TRIFOSMINA + FUROMINA","numeroRegistro":"113980012","tipo":{"codigo":1,"descricao":null},"categoria":null,"situacaoRotulo":null,"dataVencimento":null,"mesAnoVencimento":"032005","dataVencimentoRegistro":"2005-03-01T00:00:00.000-0300","principioAtivo":null,"situacaoApresentacao":"Caduco/Cancelado","dataRegistro":"2000-05-31T00:00:00.000-0300","categoriaRegulatoria":{"codigo":6,"descricao":"Novo"},"medicamentoReferencia":null,"categoriaProduto":null,"tipoAutorizacao":"REGISTRADO","acancelar":false,"mesAnoVencimentoFormatado":"03/2005","numeroRegistroFormatado":"113980012"},"empresa":{"cnpj":"30153811000193","razaoSocial":"GUERBET IMAGEM DO BRASIL LTDA","numeroAutorizacao":"1013981","cnpjFormatado":"30.153.811/0001-93"},"processo":{"numero":"250000076399752","situacao":29,"numeroProcessoFormatado":"25000.007639/97-52"}},{"ordem":21,"produto":{"codigo":8452,"nome":"ÁCIDO MEDRÔNICO","numeroRegistro":"113980008","tipo":{"codigo":1,"descricao":null},"categoria":null,"situacaoRotulo":null,"dataVencimento":null,"mesAnoVencimento":"032005","dataVencimentoRegistro":"2005-03-01T00:00:00.000-0300","principioAtivo":null,"situacaoApresentacao":"Caduco/Cancelado","dataRegistro":"2000-03-21T00:00:00.000-0300","categoriaRegulatoria":{"codigo":6,"descricao":"Novo"},"medicamentoReferencia":null,"categoriaProduto":null,"tipoAutorizacao":"REGISTRADO","acancelar":false,"mesAnoVencimentoFormatado":"03/2005","numeroRegistroFormatado":"113980008"},"empresa":{"cnpj":"30153811000193","razaoSocial":"GUERBET IMAGEM DO BRASIL LTDA","numeroAutorizacao":"1013981","cnpjFormatado":"30.153.811/0001-93"},"processo":{"numero":"250000076299707","situacao":29,"numeroProcessoFormatado":"25000.007629/97-07"}}],"totalElements":21,"totalPages":1,"last":true,"numberOfElements":21,"size":1000,"number":0,"first":true,"sort":null}