{"content":[{"ordem":1,"produto":{"codigo":1186,"nome":"BICARBONATO DE SODIO","numeroRegistro":"110360025","tipo":{"codigo":1,"descricao":null},"categoria":null,"situacaoRotulo":null,"dataVencimento":null,"mesAnoVencimento":"062009","dataVencimentoRegistro":"2009-06-01T00:00:00.000-0300","principioAtivo":null,"situacaoApresentacao":"Caduco/Cancelado","dataRegistro":"2001-06-01T00:00:00.000-0300","categoriaRegulatoria":{"codigo":null,"descricao":null},"medicamentoReferencia":null,"categoriaProduto":null,"tipoAutorizacao":"REGISTRADO","acancelar":false,"mesAnoVencimentoFormatado":"06/2009","numeroRegistroFormatado":"110360025"},"empresa":{"cnpj":"30332829000152","razaoSocial":"HEMAFARMA COM E IND FARMACEUTICA LTDA","numeroAutorizacao":"1010360","cnpjFormatado":"30.332.829/0001-52"},"processo":{"numero":"250000219239958","situacao":29,"numeroProcessoFormatado":"25000.021923/99-58"}},{"ordem":2,"produto":{"codigo":805858,"nome":"CLORETO DE MAGNÉSIO HEMAFARMA","numeroRegistro":"110360031","tipo":{"codigo":1,"descricao":null},"categoria":null,"situacaoRotulo":null,"dataVencimento":null,"mesAnoVencimento":"022018","dataVencimentoRegistro":"2018-02-01T00:00:00.000-0300","principioAtivo":null,"situacaoApresentacao":"Caduco/Cancelado","dataRegistro":"2013-02-13T00:00:00.000-0300","categoriaRegulatoria":{"codigo":3,"descricao":"Específico"},"medicamentoReferencia":null,"categoriaProduto":null,"tipoAutorizacao":"REGISTRADO","acancelar":false,"mesAnoVencimentoFormatado":"02/2018","numeroRegistroFormatado":"110360031"},"empresa":{"cnpj":"30332829000152","razaoSocial":"HEMAFARMA COM E IND FARMACEUTICA LTDA","numeroAutorizacao":"1010360","cnpjFormatado":"30.332.829/0001-52"},"processo":{"numero":"25351647796201110","situacao":29,"numeroProcessoFormatado":"25351.647796/2011-10"}},{"ordem":3,"produto":{"codigo":1152509,"nome":"CYCLOFEMINA","numeroRegistro":"110360266","tipo":{"codigo":1,"descricao":null},"categoria":null,"situacaoRotulo":null,"dataVencimento":null,"mesAnoVencimento":"032027","dataVencimentoRegistro":"2027-03-01T00:00:00.000-0300","principioAtivo":"ACETATO DE MEDROXIPROGESTERONA, cipionato de estradiol","situacaoApresentacao":"Válido","dataRegistro":"2017-03-20T00:00:00.000-0300","categoriaRegulatoria":{"codigo":6,"descricao":"Novo"},"medicamentoReferencia":null,"categoriaProduto":null,"tipoAutorizacao":"REGISTRADO","acancelar":false,"mesAnoVencimentoFormatado":"03/2027","numeroRegistroFormatado":"110360266"},"empresa":{"cnpj":"30332829000152","razaoSocial":"HEMAFARMA COM E IND FARMACEUTICA LTDA","numeroAutorizacao":"1010360","cnpjFormatado":"30.332.829/0001-52"},"processo":{"numero":"25351599561201605","situacao":29,"numeroProcessoFormatado":"25351.599561/2016-05"}},{"ordem":4,"produto":{"codigo":3686617,"nome":"DIAVITALITY","numeroRegistro":"110360268","tipo":{"codigo":1,"descricao":null},"categoria":null,"situacaoRotulo":null,"dataVencimento":"2034-03-11T00:00:00.000-0300","mesAnoVencimento":"032034","dataVencimentoRegistro":"2034-03-01T00:00:00.000-0300","principioAtivo":"VILDAGLIPTINA","situacaoApresentacao":"Válido","dataRegistro":"2024-03-11T00:00:00.000-0300","categoriaRegulatoria":{"codigo":8,"descricao":"Similar"},"medicamentoReferencia":"GALVUS","categoriaProduto":null,"tipoAutorizacao":"REGISTRADO","acancelar":false,"mesAnoVencimentoFormatado":"03/2034","numeroRegistroFormatado":"110360268"},"empresa":{"cnpj":"30332829000152","razaoSocial":"HEMAFARMA COM E IND FARMACEUTICA LTDA","numeroAutorizacao":"1010360","cnpjFormatado":"30.332.829/0001-52"},"processo":{"numero":"25351951944202473","situacao":29,"numeroProcessoFormatado":"25351.951944/2024-73"}},{"ordem":5,"produto":{"codigo":4589,"nome":"GLICERINA","numeroRegistro":"110360018","tipo":{"codigo":1,"descricao":null},"categoria":null,"situacaoRotulo":null,"dataVencimento":null,"mesAnoVencimento":"062009","dataVencimentoRegistro":"2009-06-01T00:00:00.000-0300","principioAtivo":null,"situacaoApresentacao":"Caduco/Cancelado","dataRegistro":"2001-06-01T00:00:00.000-0300","categoriaRegulatoria":{"codigo":null,"descricao":null},"medicamentoReferencia":null,"categoriaProduto":null,"tipoAutorizacao":"REGISTRADO","acancelar":false,"mesAnoVencimentoFormatado":"06/2009","numeroRegistroFormatado":"110360018"},"empresa":{"cnpj":"30332829000152","razaoSocial":"HEMAFARMA COM E IND FARMACEUTICA LTDA","numeroAutorizacao":"1010360","cnpjFormatado":"30.332.829/0001-52"},"processo":{"numero":"250000218929926","situacao":29,"numeroProcessoFormatado":"25000.021892/99-26"}},{"ordem":6,"produto":{"codigo":3572514,"nome":"LYNDAVELUNO","numeroRegistro":"110360267","tipo":{"codigo":1,"descricao":null},"categoria":null,"situacaoRotulo":null,"dataVencimento":null,"mesAnoVencimento":null,"dataVencimentoRegistro":null,"principioAtivo":"ACETATO DE MEDROXIPROGESTERONA, cipionato de estradiol","situacaoApresentacao":"Válido","dataRegistro":"2022-12-05T00:00:00.000-0300","categoriaRegulatoria":{"codigo":8,"descricao":"Similar"},"medicamentoReferencia":"CYCLOFEMINA","categoriaProduto":null,"tipoAutorizacao":"REGISTRADO","acancelar":false,"mesAnoVencimentoFormatado":"","numeroRegistroFormatado":"110360267"},"empresa":{"cnpj":"30332829000152","razaoSocial":"HEMAFARMA COM E IND FARMACEUTICA LTDA","numeroAutorizacao":"1010360","cnpjFormatado":"30.332.829/0001-52"},"processo":{"numero":"25351572127202291","situacao":29,"numeroProcessoFormatado":"25351.572127/2022-91"}},{"ordem":7,"produto":{"codigo":126167,"nome":"OLEO DE AMENDOAS DOCES","numeroRegistro":"110360015","tipo":{"codigo":1,"descricao":null},"categoria":null,"situacaoRotulo":null,"dataVencimento":null,"mesAnoVencimento":"032010","dataVencimentoRegistro":"2010-03-01T00:00:00.000-0300","principioAtivo":null,"situacaoApresentacao":"Caduco/Cancelado","dataRegistro":"2002-04-11T00:00:00.000-0300","categoriaRegulatoria":{"codigo":null,"descricao":null},"medicamentoReferencia":null,"categoriaProduto":null,"tipoAutorizacao":"REGISTRADO","acancelar":false,"mesAnoVencimentoFormatado":"03/2010","numeroRegistroFormatado":"110360015"},"empresa":{"cnpj":"30332829000152","razaoSocial":"HEMAFARMA COM E IND FARMACEUTICA LTDA","numeroAutorizacao":"1010360","cnpjFormatado":"30.332.829/0001-52"},"processo":{"numero":"250000219029988","situacao":29,"numeroProcessoFormatado":"25000.021902/99-88"}},{"ordem":8,"produto":{"codigo":173030,"nome":"OLEO DE RICINO","numeroRegistro":"110360026","tipo":{"codigo":1,"descricao":null},"categoria":null,"situacaoRotulo":null,"dataVencimento":null,"mesAnoVencimento":"012006","dataVencimentoRegistro":"2006-01-01T00:00:00.000-0300","principioAtivo":null,"situacaoApresentacao":"Caduco/Cancelado","dataRegistro":"2003-01-30T00:00:00.000-0300","categoriaRegulatoria":{"codigo":null,"descricao":null},"medicamentoReferencia":null,"categoriaProduto":null,"tipoAutorizacao":"REGISTRADO","acancelar":false,"mesAnoVencimentoFormatado":"01/2006","numeroRegistroFormatado":"110360026"},"empresa":{"cnpj":"30332829000152","razaoSocial":"HEMAFARMA COM E IND FARMACEUTICA LTDA","numeroAutorizacao":"1010360","cnpjFormatado":"30.332.829/0001-52"},"processo":{"numero":"250000219019915","situacao":29,"numeroProcessoFormatado":"25000.021901/99-15"}},{"ordem":9,"produto":{"codigo":3683382,"nome":"OSELGUARD","numeroRegistro":"110360269","tipo":{"codigo":1,"descricao":null},"categoria":null,"situacaoRotulo":null,"dataVencimento":"2034-04-29T00:00:00.000-0300","mesAnoVencimento":"042034","dataVencimentoRegistro":"2034-04-01T00:00:00.000-0300","principioAtivo":"fosfato de oseltamivir","situacaoApresentacao":"Válido","dataRegistro":"2024-04-29T00:00:00.000-0300","categoriaRegulatoria":{"codigo":8,"descricao":"Similar"},"medicamentoReferencia":"Tamiflu","categoriaProduto":null,"tipoAutorizacao":"REGISTRADO","acancelar":false,"mesAnoVencimentoFormatado":"04/2034","numeroRegistroFormatado":"110360269"},"empresa":{"cnpj":"30332829000152","razaoSocial":"HEMAFARMA COM E IND FARMACEUTICA LTDA","numeroAutorizacao":"1010360","cnpjFormatado":"30.332.829/0001-52"},"processo":{"numero":"25351942073202405","situacao":29,"numeroProcessoFormatado":"25351.942073/2024-05"}},{"ordem":10,"produto":{"codigo":6745,"nome":"PEDRA HUME","numeroRegistro":"110360019","tipo":{"codigo":1,"descricao":null},"categoria":null,"situacaoRotulo":null,"dataVencimento":null,"mesAnoVencimento":"062009","dataVencimentoRegistro":"2009-06-01T00:00:00.000-0300","principioAtivo":null,"situacaoApresentacao":"Caduco/Cancelado","dataRegistro":"2001-06-01T00:00:00.000-0300","categoriaRegulatoria":{"codigo":null,"descricao":null},"medicamentoReferencia":null,"categoriaProduto":null,"tipoAutorizacao":"REGISTRADO","acancelar":false,"mesAnoVencimentoFormatado":"06/2009","numeroRegistroFormatado":"110360019"},"empresa":{"cnpj":"30332829000152","razaoSocial":"HEMAFARMA COM E IND FARMACEUTICA LTDA","numeroAutorizacao":"1010360","cnpjFormatado":"30.332.829/0001-52"},"processo":{"numero":"250000219139902","situacao":29,"numeroProcessoFormatado":"25000.021913/99-02"}},{"ordem":11,"produto":{"codigo":68389,"nome":"TINTURA DE IODO 2%","numeroRegistro":"110360022","tipo":{"codigo":1,"descricao":null},"categoria":null,"situacaoRotulo":null,"dataVencimento":null,"mesAnoVencimento":"032010","dataVencimentoRegistro":"2010-03-01T00:00:00.000-0300","principioAtivo":null,"situacaoApresentacao":"Caduco/Cancelado","dataRegistro":"2002-03-11T00:00:00.000-0300","categoriaRegulatoria":{"codigo":null,"descricao":null},"medicamentoReferencia":null,"categoriaProduto":null,"tipoAutorizacao":"REGISTRADO","acancelar":false,"mesAnoVencimentoFormatado":"03/2010","numeroRegistroFormatado":"110360022"},"empresa":{"cnpj":"30332829000152","razaoSocial":"HEMAFARMA COM E IND FARMACEUTICA LTDA","numeroAutorizacao":"1010360","cnpjFormatado":"30.332.829/0001-52"},"processo":{"numero":"250000219109914","situacao":29,"numeroProcessoFormatado":"25000.021910/99-14"}},{"ordem":12,"produto":{"codigo":126610,"nome":"VASELINA SOLIDA","numeroRegistro":"110360016","tipo":{"codigo":1,"descricao":null},"categoria":null,"situacaoRotulo":null,"dataVencimento":null,"mesAnoVencimento":"042010","dataVencimentoRegistro":"2010-04-01T00:00:00.000-0300","principioAtivo":null,"situacaoApresentacao":"Caduco/Cancelado","dataRegistro":"2002-04-18T00:00:00.000-0300","categoriaRegulatoria":{"codigo":null,"descricao":null},"medicamentoReferencia":null,"categoriaProduto":null,"tipoAutorizacao":"REGISTRADO","acancelar":false,"mesAnoVencimentoFormatado":"04/2010","numeroRegistroFormatado":"110360016"},"empresa":{"cnpj":"30332829000152","razaoSocial":"HEMAFARMA COM E IND FARMACEUTICA LTDA","numeroAutorizacao":"1010360","cnpjFormatado":"30.332.829/0001-52"},"processo":{"numero":"250000219049911","situacao":29,"numeroProcessoFormatado":"25000.021904/99-11"}}],"totalElements":12,"totalPages":1,"last":true,"numberOfElements":12,"size":1000,"number":0,"first":true,"sort":null}