{"content":[{"ordem":1,"produto":{"codigo":3576508,"nome":"ADVIL","numeroRegistro":"192900005","tipo":{"codigo":1,"descricao":null},"categoria":null,"situacaoRotulo":null,"dataVencimento":"2027-02-17T00:00:00.000-0300","mesAnoVencimento":"102027","dataVencimentoRegistro":"2027-10-01T00:00:00.000-0300","principioAtivo":"IBUPROFENO","situacaoApresentacao":"Válido","dataRegistro":"2022-12-26T00:00:00.000-0300","categoriaRegulatoria":{"codigo":8,"descricao":"Similar"},"medicamentoReferencia":null,"categoriaProduto":null,"tipoAutorizacao":"REGISTRADO","numeroRegistroFormatado":"192900005","mesAnoVencimentoFormatado":"10/2027","acancelar":false},"empresa":{"cnpj":"30872270000153","razaoSocial":"PF Consumer Healthcare Brazil Importadora e Distribuidora de Medicamentos Ltda","numeroAutorizacao":null,"cnpjFormatado":"30.872.270/0001-53"},"processo":{"numero":"25351400358202201","situacao":29,"numeroProcessoFormatado":"25351.400358/2022-01"}},{"ordem":2,"produto":{"codigo":3576107,"nome":"ADVIPRO","numeroRegistro":"192900004","tipo":{"codigo":1,"descricao":null},"categoria":null,"situacaoRotulo":null,"dataVencimento":null,"mesAnoVencimento":"052032","dataVencimentoRegistro":"2032-05-01T00:00:00.000-0300","principioAtivo":"DICLOFENACO DIETILAMÔNIO","situacaoApresentacao":"Válido","dataRegistro":"2022-12-26T00:00:00.000-0300","categoriaRegulatoria":{"codigo":8,"descricao":"Similar"},"medicamentoReferencia":"CATAFLAMPRO","categoriaProduto":null,"tipoAutorizacao":"REGISTRADO","numeroRegistroFormatado":"192900004","mesAnoVencimentoFormatado":"05/2032","acancelar":false},"empresa":{"cnpj":"30872270000153","razaoSocial":"PF Consumer Healthcare Brazil Importadora e Distribuidora de Medicamentos Ltda","numeroAutorizacao":null,"cnpjFormatado":"30.872.270/0001-53"},"processo":{"numero":"25351400206202209","situacao":29,"numeroProcessoFormatado":"25351.400206/2022-09"}},{"ordem":3,"produto":{"codigo":3577468,"nome":"Advil 12h","numeroRegistro":"192900007","tipo":{"codigo":1,"descricao":null},"categoria":null,"situacaoRotulo":null,"dataVencimento":null,"mesAnoVencimento":"042030","dataVencimentoRegistro":"2030-04-01T00:00:00.000-0300","principioAtivo":"IBUPROFENO","situacaoApresentacao":"Válido","dataRegistro":"2022-12-26T00:00:00.000-0300","categoriaRegulatoria":{"codigo":6,"descricao":"Novo"},"medicamentoReferencia":null,"categoriaProduto":null,"tipoAutorizacao":"REGISTRADO","numeroRegistroFormatado":"192900007","mesAnoVencimentoFormatado":"04/2030","acancelar":false},"empresa":{"cnpj":"30872270000153","razaoSocial":"PF Consumer Healthcare Brazil Importadora e Distribuidora de Medicamentos Ltda","numeroAutorizacao":null,"cnpjFormatado":"30.872.270/0001-53"},"processo":{"numero":"25351400604202217","situacao":29,"numeroProcessoFormatado":"25351.400604/2022-17"}},{"ordem":4,"produto":{"codigo":3577578,"nome":"CATAFLAMPRO","numeroRegistro":"192900008","tipo":{"codigo":1,"descricao":null},"categoria":null,"situacaoRotulo":null,"dataVencimento":null,"mesAnoVencimento":"052028","dataVencimentoRegistro":"2028-05-01T00:00:00.000-0300","principioAtivo":"DICLOFENACO DIETILAMÔNIO","situacaoApresentacao":"Válido","dataRegistro":"2022-12-26T00:00:00.000-0300","categoriaRegulatoria":{"codigo":6,"descricao":"Novo"},"medicamentoReferencia":null,"categoriaProduto":null,"tipoAutorizacao":"REGISTRADO","numeroRegistroFormatado":"192900008","mesAnoVencimentoFormatado":"05/2028","acancelar":false},"empresa":{"cnpj":"30872270000153","razaoSocial":"PF Consumer Healthcare Brazil Importadora e Distribuidora de Medicamentos Ltda","numeroAutorizacao":null,"cnpjFormatado":"30.872.270/0001-53"},"processo":{"numero":"25351400698202224","situacao":29,"numeroProcessoFormatado":"25351.400698/2022-24"}},{"ordem":5,"produto":{"codigo":3576084,"nome":"ENOPPROZ","numeroRegistro":"192900009","tipo":{"codigo":1,"descricao":null},"categoria":null,"situacaoRotulo":null,"dataVencimento":"2032-06-06T00:00:00.000-0300","mesAnoVencimento":"062032","dataVencimentoRegistro":"2032-06-01T00:00:00.000-0300","principioAtivo":"OMEPRAZOL","situacaoApresentacao":"Válido","dataRegistro":"2023-01-09T00:00:00.000-0300","categoriaRegulatoria":{"codigo":8,"descricao":"Similar"},"medicamentoReferencia":"PEPRAZOL","categoriaProduto":null,"tipoAutorizacao":"REGISTRADO","numeroRegistroFormatado":"192900009","mesAnoVencimentoFormatado":"06/2032","acancelar":false},"empresa":{"cnpj":"30872270000153","razaoSocial":"PF Consumer Healthcare Brazil Importadora e Distribuidora de Medicamentos Ltda","numeroAutorizacao":null,"cnpjFormatado":"30.872.270/0001-53"},"processo":{"numero":"25351400177202277","situacao":29,"numeroProcessoFormatado":"25351.400177/2022-77"}},{"ordem":6,"produto":{"codigo":3580655,"nome":"FLIXONASE","numeroRegistro":"192900012","tipo":{"codigo":1,"descricao":null},"categoria":null,"situacaoRotulo":null,"dataVencimento":null,"mesAnoVencimento":"082025","dataVencimentoRegistro":"2025-08-01T00:00:00.000-0300","principioAtivo":"PROPIONATO DE FLUTICASONA","situacaoApresentacao":"Válido","dataRegistro":"2023-01-09T00:00:00.000-0300","categoriaRegulatoria":{"codigo":6,"descricao":"Novo"},"medicamentoReferencia":null,"categoriaProduto":null,"tipoAutorizacao":"REGISTRADO","numeroRegistroFormatado":"192900012","mesAnoVencimentoFormatado":"08/2025","acancelar":false},"empresa":{"cnpj":"30872270000153","razaoSocial":"PF Consumer Healthcare Brazil Importadora e Distribuidora de Medicamentos Ltda","numeroAutorizacao":null,"cnpjFormatado":"30.872.270/0001-53"},"processo":{"numero":"25351411426202250","situacao":29,"numeroProcessoFormatado":"25351.411426/2022-50"}},{"ordem":7,"produto":{"codigo":1805437,"nome":"NICOTINELL","numeroRegistro":"192900001","tipo":{"codigo":1,"descricao":null},"categoria":null,"situacaoRotulo":null,"dataVencimento":null,"mesAnoVencimento":"042025","dataVencimentoRegistro":"2025-04-01T00:00:00.000-0300","principioAtivo":"NICOTINA","situacaoApresentacao":"Válido","dataRegistro":"2021-01-11T00:00:00.000-0300","categoriaRegulatoria":{"codigo":8,"descricao":"Similar"},"medicamentoReferencia":null,"categoriaProduto":null,"tipoAutorizacao":"REGISTRADO","numeroRegistroFormatado":"192900001","mesAnoVencimentoFormatado":"04/2025","acancelar":false},"empresa":{"cnpj":"30872270000153","razaoSocial":"PF Consumer Healthcare Brazil Importadora e Distribuidora de Medicamentos Ltda","numeroAutorizacao":null,"cnpjFormatado":"30.872.270/0001-53"},"processo":{"numero":"25351416136202031","situacao":29,"numeroProcessoFormatado":"25351.416136/2020-31"}},{"ordem":8,"produto":{"codigo":3594503,"nome":"OTRIVINA","numeroRegistro":"192900013","tipo":{"codigo":1,"descricao":null},"categoria":null,"situacaoRotulo":null,"dataVencimento":null,"mesAnoVencimento":"102029","dataVencimentoRegistro":"2029-10-01T00:00:00.000-0300","principioAtivo":"CLORIDRATO DE XILOMETAZOLINA","situacaoApresentacao":"Válido","dataRegistro":"2023-03-06T00:00:00.000-0300","categoriaRegulatoria":{"codigo":6,"descricao":"Novo"},"medicamentoReferencia":null,"categoriaProduto":null,"tipoAutorizacao":"REGISTRADO","numeroRegistroFormatado":"192900013","mesAnoVencimentoFormatado":"10/2029","acancelar":false},"empresa":{"cnpj":"30872270000153","razaoSocial":"PF Consumer Healthcare Brazil Importadora e Distribuidora de Medicamentos Ltda","numeroAutorizacao":null,"cnpjFormatado":"30.872.270/0001-53"},"processo":{"numero":"25351071746202343","situacao":29,"numeroProcessoFormatado":"25351.071746/2023-43"}},{"ordem":9,"produto":{"codigo":1878807,"nome":"SAL DE ANDREWS","numeroRegistro":"192900002","tipo":{"codigo":1,"descricao":null},"categoria":null,"situacaoRotulo":null,"dataVencimento":"2029-10-09T00:00:00.000-0300","mesAnoVencimento":"102029","dataVencimentoRegistro":"2029-10-01T00:00:00.000-0300","principioAtivo":"SULFATO DE MAGNÉSIO, ÁCIDO CÍTRICO ANIDRO, BICARBONATO DE SÓDIO","situacaoApresentacao":"Válido","dataRegistro":"2021-02-01T00:00:00.000-0300","categoriaRegulatoria":{"codigo":3,"descricao":"Específico"},"medicamentoReferencia":null,"categoriaProduto":null,"tipoAutorizacao":"REGISTRADO","numeroRegistroFormatado":"192900002","mesAnoVencimentoFormatado":"10/2029","acancelar":false},"empresa":{"cnpj":"30872270000153","razaoSocial":"PF Consumer Healthcare Brazil Importadora e Distribuidora de Medicamentos Ltda","numeroAutorizacao":null,"cnpjFormatado":"30.872.270/0001-53"},"processo":{"numero":"25351416137202085","situacao":29,"numeroProcessoFormatado":"25351.416137/2020-85"}},{"ordem":10,"produto":{"codigo":1919655,"nome":"SAL DE FRUTA ENO","numeroRegistro":"192900003","tipo":{"codigo":1,"descricao":null},"categoria":null,"situacaoRotulo":null,"dataVencimento":null,"mesAnoVencimento":"092027","dataVencimentoRegistro":"2027-09-01T00:00:00.000-0300","principioAtivo":"ACIDO CITRICO, BICARBONATO DE SÓDIO, CARBONATO DE SÓDIO, ÁCIDO CÍTRICO","situacaoApresentacao":"Válido","dataRegistro":"2021-02-17T00:00:00.000-0300","categoriaRegulatoria":{"codigo":3,"descricao":"Específico"},"medicamentoReferencia":null,"categoriaProduto":null,"tipoAutorizacao":"REGISTRADO","numeroRegistroFormatado":"192900003","mesAnoVencimentoFormatado":"09/2027","acancelar":false},"empresa":{"cnpj":"30872270000153","razaoSocial":"PF Consumer Healthcare Brazil Importadora e Distribuidora de Medicamentos Ltda","numeroAutorizacao":null,"cnpjFormatado":"30.872.270/0001-53"},"processo":{"numero":"25351415936202034","situacao":29,"numeroProcessoFormatado":"25351.415936/2020-34"}},{"ordem":11,"produto":{"codigo":3579532,"nome":"SONRIDOR","numeroRegistro":"192900010","tipo":{"codigo":1,"descricao":null},"categoria":null,"situacaoRotulo":null,"dataVencimento":null,"mesAnoVencimento":"052028","dataVencimentoRegistro":"2028-05-01T00:00:00.000-0300","principioAtivo":"PARACETAMOL","situacaoApresentacao":"Válido","dataRegistro":"2023-01-09T00:00:00.000-0300","categoriaRegulatoria":{"codigo":6,"descricao":"Novo"},"medicamentoReferencia":null,"categoriaProduto":null,"tipoAutorizacao":"REGISTRADO","numeroRegistroFormatado":"192900010","mesAnoVencimentoFormatado":"05/2028","acancelar":false},"empresa":{"cnpj":"30872270000153","razaoSocial":"PF Consumer Healthcare Brazil Importadora e Distribuidora de Medicamentos Ltda","numeroAutorizacao":null,"cnpjFormatado":"30.872.270/0001-53"},"processo":{"numero":"25351400997202269","situacao":29,"numeroProcessoFormatado":"25351.400997/2022-69"}},{"ordem":12,"produto":{"codigo":3576758,"nome":"SONRIDOR CAF","numeroRegistro":"192900006","tipo":{"codigo":1,"descricao":null},"categoria":null,"situacaoRotulo":null,"dataVencimento":null,"mesAnoVencimento":"052029","dataVencimentoRegistro":"2029-05-01T00:00:00.000-0300","principioAtivo":"PARACETAMOL, CAFEÍNA ANIDRA","situacaoApresentacao":"Válido","dataRegistro":"2022-12-26T00:00:00.000-0300","categoriaRegulatoria":{"codigo":6,"descricao":"Novo"},"medicamentoReferencia":null,"categoriaProduto":null,"tipoAutorizacao":"REGISTRADO","numeroRegistroFormatado":"192900006","mesAnoVencimentoFormatado":"05/2029","acancelar":false},"empresa":{"cnpj":"30872270000153","razaoSocial":"PF Consumer Healthcare Brazil Importadora e Distribuidora de Medicamentos Ltda","numeroAutorizacao":null,"cnpjFormatado":"30.872.270/0001-53"},"processo":{"numero":"25351400593202275","situacao":29,"numeroProcessoFormatado":"25351.400593/2022-75"}},{"ordem":13,"produto":{"codigo":3580639,"nome":"SONRISAL","numeroRegistro":"192900011","tipo":{"codigo":1,"descricao":null},"categoria":null,"situacaoRotulo":null,"dataVencimento":"2025-09-19T00:00:00.000-0300","mesAnoVencimento":"092025","dataVencimentoRegistro":"2025-09-01T00:00:00.000-0300","principioAtivo":"ACIDO ACETILSALICILICO, ÁCIDO ACETILSALICÍLICO, BICARBONATO DE SÓDIO, ÁCIDO CÍTRICO, CARBONATO DE SÓDIO","situacaoApresentacao":"Válido","dataRegistro":"2023-01-09T00:00:00.000-0300","categoriaRegulatoria":{"codigo":8,"descricao":"Similar"},"medicamentoReferencia":null,"categoriaProduto":null,"tipoAutorizacao":"REGISTRADO","numeroRegistroFormatado":"192900011","mesAnoVencimentoFormatado":"09/2025","acancelar":false},"empresa":{"cnpj":"30872270000153","razaoSocial":"PF Consumer Healthcare Brazil Importadora e Distribuidora de Medicamentos Ltda","numeroAutorizacao":null,"cnpjFormatado":"30.872.270/0001-53"},"processo":{"numero":"25351401105202247","situacao":29,"numeroProcessoFormatado":"25351.401105/2022-47"}}],"totalPages":1,"totalElements":13,"last":true,"numberOfElements":13,"size":1000,"number":0,"first":true,"sort":null}