{"content":[{"ordem":1,"produto":{"codigo":68340,"nome":"ACETATO DE POTASSIO","numeroRegistro":"100850027","tipo":{"codigo":1,"descricao":null},"categoria":null,"situacaoRotulo":null,"dataVencimento":null,"mesAnoVencimento":"112006","dataVencimentoRegistro":"2006-11-01T00:00:00.000-0300","principioAtivo":null,"situacaoApresentacao":"Caduco/Cancelado","dataRegistro":"2002-03-22T00:00:00.000-0300","categoriaRegulatoria":{"codigo":8,"descricao":"Similar"},"medicamentoReferencia":null,"categoriaProduto":null,"tipoAutorizacao":"REGISTRADO","numeroRegistroFormatado":"100850027","mesAnoVencimentoFormatado":"11/2006","acancelar":false},"empresa":{"cnpj":"31673254000102","razaoSocial":"LABORATÓRIOS B. BRAUN S/A","numeroAutorizacao":"1000853","cnpjFormatado":"31.673.254/0001-02"},"processo":{"numero":"2599200870276","situacao":29,"numeroProcessoFormatado":"25992.008702/76"}},{"ordem":2,"produto":{"codigo":68341,"nome":"ACETATO DE SODIO","numeroRegistro":"100850028","tipo":{"codigo":1,"descricao":null},"categoria":null,"situacaoRotulo":null,"dataVencimento":null,"mesAnoVencimento":"112006","dataVencimentoRegistro":"2006-11-01T00:00:00.000-0300","principioAtivo":null,"situacaoApresentacao":"Caduco/Cancelado","dataRegistro":"2002-03-22T00:00:00.000-0300","categoriaRegulatoria":{"codigo":8,"descricao":"Similar"},"medicamentoReferencia":null,"categoriaProduto":null,"tipoAutorizacao":"REGISTRADO","numeroRegistroFormatado":"100850028","mesAnoVencimentoFormatado":"11/2006","acancelar":false},"empresa":{"cnpj":"31673254000102","razaoSocial":"LABORATÓRIOS B. BRAUN S/A","numeroAutorizacao":"1000853","cnpjFormatado":"31.673.254/0001-02"},"processo":{"numero":"2599200870376","situacao":29,"numeroProcessoFormatado":"25992.008703/76"}},{"ordem":3,"produto":{"codigo":69864,"nome":"ACETATO DE ZINCO B.BRAUN","numeroRegistro":"100850029","tipo":{"codigo":1,"descricao":null},"categoria":null,"situacaoRotulo":null,"dataVencimento":null,"mesAnoVencimento":"112006","dataVencimentoRegistro":"2006-11-01T00:00:00.000-0300","principioAtivo":null,"situacaoApresentacao":"Caduco/Cancelado","dataRegistro":"2002-03-06T00:00:00.000-0300","categoriaRegulatoria":{"codigo":8,"descricao":"Similar"},"medicamentoReferencia":null,"categoriaProduto":null,"tipoAutorizacao":"REGISTRADO","numeroRegistroFormatado":"100850029","mesAnoVencimentoFormatado":"11/2006","acancelar":false},"empresa":{"cnpj":"31673254000102","razaoSocial":"LABORATÓRIOS B. BRAUN S/A","numeroAutorizacao":"1000853","cnpjFormatado":"31.673.254/0001-02"},"processo":{"numero":"2599200870476","situacao":29,"numeroProcessoFormatado":"25992.008704/76"}},{"ordem":4,"produto":{"codigo":1283576,"nome":"AMENIFLAC","numeroRegistro":"100850148","tipo":{"codigo":1,"descricao":null},"categoria":null,"situacaoRotulo":null,"dataVencimento":null,"mesAnoVencimento":"042030","dataVencimentoRegistro":"2030-04-01T00:00:00.000-0300","principioAtivo":"PARACETAMOL","situacaoApresentacao":"Válido","dataRegistro":"2020-04-13T00:00:00.000-0300","categoriaRegulatoria":{"codigo":6,"descricao":"Novo"},"medicamentoReferencia":null,"categoriaProduto":null,"tipoAutorizacao":"REGISTRADO","numeroRegistroFormatado":"100850148","mesAnoVencimentoFormatado":"04/2030","acancelar":false},"empresa":{"cnpj":"31673254000102","razaoSocial":"LABORATÓRIOS B. BRAUN S/A","numeroAutorizacao":"1000853","cnpjFormatado":"31.673.254/0001-02"},"processo":{"numero":"25351699994201896","situacao":29,"numeroProcessoFormatado":"25351.699994/2018-96"}},{"ordem":5,"produto":{"codigo":416073,"nome":"AMINOPLASMAL","numeroRegistro":"100850136","tipo":{"codigo":1,"descricao":null},"categoria":null,"situacaoRotulo":null,"dataVencimento":null,"mesAnoVencimento":"112002","dataVencimentoRegistro":"2002-11-01T00:00:00.000-0300","principioAtivo":null,"situacaoApresentacao":"Caduco/Cancelado","dataRegistro":"1977-09-09T00:00:00.000-0300","categoriaRegulatoria":{"codigo":3,"descricao":"Específico"},"medicamentoReferencia":null,"categoriaProduto":null,"tipoAutorizacao":"REGISTRADO","numeroRegistroFormatado":"100850136","mesAnoVencimentoFormatado":"11/2002","acancelar":false},"empresa":{"cnpj":"31673254000102","razaoSocial":"LABORATÓRIOS B. BRAUN S/A","numeroAutorizacao":"1000853","cnpjFormatado":"31.673.254/0001-02"},"processo":{"numero":"2599200969875","situacao":29,"numeroProcessoFormatado":"25992.009698/75"}},{"ordem":6,"produto":{"codigo":912,"nome":"AMINOPLASMAL L 10 A","numeroRegistro":"100850001","tipo":{"codigo":1,"descricao":null},"categoria":null,"situacaoRotulo":null,"dataVencimento":null,"mesAnoVencimento":"082018","dataVencimentoRegistro":"2018-08-01T00:00:00.000-0300","principioAtivo":null,"situacaoApresentacao":"Caduco/Cancelado","dataRegistro":"1978-08-24T00:00:00.000-0300","categoriaRegulatoria":{"codigo":3,"descricao":"Específico"},"medicamentoReferencia":null,"categoriaProduto":null,"tipoAutorizacao":"REGISTRADO","numeroRegistroFormatado":"100850001","mesAnoVencimentoFormatado":"08/2018","acancelar":false},"empresa":{"cnpj":"31673254000102","razaoSocial":"LABORATÓRIOS B. BRAUN S/A","numeroAutorizacao":"1000853","cnpjFormatado":"31.673.254/0001-02"},"processo":{"numero":"2599101089377","situacao":29,"numeroProcessoFormatado":"25991.010893/77"}},{"ordem":7,"produto":{"codigo":910409,"nome":"AMIXAL","numeroRegistro":"100850145","tipo":{"codigo":1,"descricao":null},"categoria":null,"situacaoRotulo":null,"dataVencimento":null,"mesAnoVencimento":"092029","dataVencimentoRegistro":"2029-09-01T00:00:00.000-0300","principioAtivo":"ISOLEUCINA, LEUCINA, ACETATO DE LISINA, LISINA, levometionina, FENILALANINA, TREONINA, TRIPTOFANo, VALINA, ARGININA, HISTIDINA, ALANINA, GLICINA, ÁCIDO ASPÁRTICO, ÁCIDO GLUTÂMICO, PROLINA, SERINA, TIROSINA, metionina (11 C)","situacaoApresentacao":"Válido","dataRegistro":"2014-09-01T00:00:00.000-0300","categoriaRegulatoria":{"codigo":3,"descricao":"Específico"},"medicamentoReferencia":null,"categoriaProduto":null,"tipoAutorizacao":"REGISTRADO","numeroRegistroFormatado":"100850145","mesAnoVencimentoFormatado":"09/2029","acancelar":false},"empresa":{"cnpj":"31673254000102","razaoSocial":"LABORATÓRIOS B. BRAUN S/A","numeroAutorizacao":"1000853","cnpjFormatado":"31.673.254/0001-02"},"processo":{"numero":"25351316879201389","situacao":29,"numeroProcessoFormatado":"25351.316879/2013-89"}},{"ordem":8,"produto":{"codigo":2282,"nome":"B.BRAUN SOLUÇÃO DE RINGER Nº3","numeroRegistro":"100850045","tipo":{"codigo":1,"descricao":null},"categoria":null,"situacaoRotulo":null,"dataVencimento":null,"mesAnoVencimento":"122029","dataVencimentoRegistro":"2029-12-01T00:00:00.000-0300","principioAtivo":"CLORETO DE SÓDIO, CLORETO DE POTÁSSIO, cloreto de cálcio diidratado","situacaoApresentacao":"Válido","dataRegistro":"1901-01-01T00:00:00.000-0219","categoriaRegulatoria":{"codigo":3,"descricao":"Específico"},"medicamentoReferencia":null,"categoriaProduto":null,"tipoAutorizacao":"REGISTRADO","numeroRegistroFormatado":"100850045","mesAnoVencimentoFormatado":"12/2029","acancelar":false},"empresa":{"cnpj":"31673254000102","razaoSocial":"LABORATÓRIOS B. BRAUN S/A","numeroAutorizacao":"1000853","cnpjFormatado":"31.673.254/0001-02"},"processo":{"numero":"2599201237464","situacao":29,"numeroProcessoFormatado":"25992.012374/64"}},{"ordem":9,"produto":{"codigo":2826252,"nome":"BARITEKAL HIPERBÁRICA","numeroRegistro":"100850244","tipo":{"codigo":1,"descricao":null},"categoria":null,"situacaoRotulo":null,"dataVencimento":"2033-10-16T00:00:00.000-0300","mesAnoVencimento":"102033","dataVencimentoRegistro":"2033-10-01T00:00:00.000-0300","principioAtivo":"CLORIDRATO DE PRILOCAÍNA","situacaoApresentacao":"Válido","dataRegistro":"2023-10-16T00:00:00.000-0300","categoriaRegulatoria":{"codigo":6,"descricao":"Novo"},"medicamentoReferencia":null,"categoriaProduto":null,"tipoAutorizacao":"REGISTRADO","numeroRegistroFormatado":"100850244","mesAnoVencimentoFormatado":"10/2033","acancelar":false},"empresa":{"cnpj":"31673254000102","razaoSocial":"LABORATÓRIOS B. BRAUN S/A","numeroAutorizacao":"1000853","cnpjFormatado":"31.673.254/0001-02"},"processo":{"numero":"25351150127202152","situacao":29,"numeroProcessoFormatado":"25351.150127/2021-52"}},{"ordem":10,"produto":{"codigo":2508495,"nome":"BDEXBRAUN","numeroRegistro":"100850243","tipo":{"codigo":1,"descricao":null},"categoria":null,"situacaoRotulo":null,"dataVencimento":"2032-07-03T00:00:00.000-0300","mesAnoVencimento":"072025","dataVencimentoRegistro":"2025-07-01T00:00:00.000-0300","principioAtivo":"CLORIDRATO DE DEXMEDETOMIDINA","situacaoApresentacao":"Válido","dataRegistro":"2022-07-29T00:00:00.000-0300","categoriaRegulatoria":{"codigo":8,"descricao":"Similar"},"medicamentoReferencia":"PRECEDEX","categoriaProduto":null,"tipoAutorizacao":"REGISTRADO","numeroRegistroFormatado":"100850243","mesAnoVencimentoFormatado":"07/2025","acancelar":false},"empresa":{"cnpj":"31673254000102","razaoSocial":"LABORATÓRIOS B. BRAUN S/A","numeroAutorizacao":"1000853","cnpjFormatado":"31.673.254/0001-02"},"processo":{"numero":"25351062205202162","situacao":29,"numeroProcessoFormatado":"25351.062205/2021-62"}},{"ordem":11,"produto":{"codigo":357994,"nome":"BICARBONATO DE SODIO","numeroRegistro":"100850129","tipo":{"codigo":1,"descricao":null},"categoria":null,"situacaoRotulo":null,"dataVencimento":null,"mesAnoVencimento":"032009","dataVencimentoRegistro":"2009-03-01T00:00:00.000-0300","principioAtivo":null,"situacaoApresentacao":"Caduco/Cancelado","dataRegistro":"2004-03-05T00:00:00.000-0300","categoriaRegulatoria":{"codigo":8,"descricao":"Similar"},"medicamentoReferencia":null,"categoriaProduto":null,"tipoAutorizacao":"REGISTRADO","numeroRegistroFormatado":"100850129","mesAnoVencimentoFormatado":"03/2009","acancelar":false},"empresa":{"cnpj":"31673254000102","razaoSocial":"LABORATÓRIOS B. BRAUN S/A","numeroAutorizacao":"1000853","cnpjFormatado":"31.673.254/0001-02"},"processo":{"numero":"253510081650298","situacao":20,"numeroProcessoFormatado":"25351.008165/02-98"}},{"ordem":12,"produto":{"codigo":2762494,"nome":"BLOQUERON","numeroRegistro":"100850245","tipo":{"codigo":1,"descricao":null},"categoria":null,"situacaoRotulo":null,"dataVencimento":"2033-12-26T00:00:00.000-0300","mesAnoVencimento":"122033","dataVencimentoRegistro":"2033-12-01T00:00:00.000-0300","principioAtivo":"BROMETO DE ROCURÔNIO","situacaoApresentacao":"Válido","dataRegistro":"2023-12-26T00:00:00.000-0300","categoriaRegulatoria":{"codigo":8,"descricao":"Similar"},"medicamentoReferencia":"ESMERON","categoriaProduto":null,"tipoAutorizacao":"REGISTRADO","numeroRegistroFormatado":"100850245","mesAnoVencimentoFormatado":"12/2033","acancelar":false},"empresa":{"cnpj":"31673254000102","razaoSocial":"LABORATÓRIOS B. BRAUN S/A","numeroAutorizacao":"1000853","cnpjFormatado":"31.673.254/0001-02"},"processo":{"numero":"25351711257202174","situacao":29,"numeroProcessoFormatado":"25351.711257/2021-74"}},{"ordem":13,"produto":{"codigo":165029,"nome":"CLORETO DE POTASSIO","numeroRegistro":"100850034","tipo":{"codigo":1,"descricao":null},"categoria":null,"situacaoRotulo":null,"dataVencimento":null,"mesAnoVencimento":"022005","dataVencimentoRegistro":"2005-02-01T00:00:00.000-0300","principioAtivo":null,"situacaoApresentacao":"Caduco/Cancelado","dataRegistro":"1985-02-14T00:00:00.000-0300","categoriaRegulatoria":{"codigo":8,"descricao":"Similar"},"medicamentoReferencia":null,"categoriaProduto":null,"tipoAutorizacao":"REGISTRADO","numeroRegistroFormatado":"100850034","mesAnoVencimentoFormatado":"02/2005","acancelar":false},"empresa":{"cnpj":"31673254000102","razaoSocial":"LABORATÓRIOS B. BRAUN S/A","numeroAutorizacao":"1000853","cnpjFormatado":"31.673.254/0001-02"},"processo":{"numero":"2599201236170","situacao":29,"numeroProcessoFormatado":"25992.012361/70"}},{"ordem":14,"produto":{"codigo":2220,"nome":"CLORETO DE SODIO + ASSOCIAÇÕES","numeroRegistro":"100850063","tipo":{"codigo":1,"descricao":null},"categoria":null,"situacaoRotulo":null,"dataVencimento":null,"mesAnoVencimento":"022006","dataVencimentoRegistro":"2006-02-01T00:00:00.000-0300","principioAtivo":null,"situacaoApresentacao":"Caduco/Cancelado","dataRegistro":"1975-08-13T00:00:00.000-0300","categoriaRegulatoria":{"codigo":3,"descricao":"Específico"},"medicamentoReferencia":null,"categoriaProduto":null,"tipoAutorizacao":"REGISTRADO","numeroRegistroFormatado":"100850063","mesAnoVencimentoFormatado":"02/2006","acancelar":false},"empresa":{"cnpj":"31673254000102","razaoSocial":"LABORATÓRIOS B. BRAUN S/A","numeroAutorizacao":"1000853","cnpjFormatado":"31.673.254/0001-02"},"processo":{"numero":"2599201633775","situacao":29,"numeroProcessoFormatado":"25992.016337/75"}},{"ordem":15,"produto":{"codigo":2221,"nome":"CLORETO DE SODIO + ASSOCIAÇÕES","numeroRegistro":"100850064","tipo":{"codigo":1,"descricao":null},"categoria":null,"situacaoRotulo":null,"dataVencimento":null,"mesAnoVencimento":"022006","dataVencimentoRegistro":"2006-02-01T00:00:00.000-0300","principioAtivo":null,"situacaoApresentacao":"Caduco/Cancelado","dataRegistro":"2001-07-23T00:00:00.000-0300","categoriaRegulatoria":{"codigo":8,"descricao":"Similar"},"medicamentoReferencia":null,"categoriaProduto":null,"tipoAutorizacao":"REGISTRADO","numeroRegistroFormatado":"100850064","mesAnoVencimentoFormatado":"02/2006","acancelar":false},"empresa":{"cnpj":"31673254000102","razaoSocial":"LABORATÓRIOS B. BRAUN S/A","numeroAutorizacao":"1000853","cnpjFormatado":"31.673.254/0001-02"},"processo":{"numero":"2599216637075","situacao":29,"numeroProcessoFormatado":"25992.166370/75"}},{"ordem":16,"produto":{"codigo":137607,"nome":"CLORETO DE SODIO + BICARBONATO DE SODIO","numeroRegistro":"100850125","tipo":{"codigo":1,"descricao":null},"categoria":null,"situacaoRotulo":null,"dataVencimento":null,"mesAnoVencimento":"082007","dataVencimentoRegistro":"2007-08-01T00:00:00.000-0300","principioAtivo":null,"situacaoApresentacao":"Caduco/Cancelado","dataRegistro":"2002-08-15T00:00:00.000-0300","categoriaRegulatoria":{"codigo":8,"descricao":"Similar"},"medicamentoReferencia":null,"categoriaProduto":null,"tipoAutorizacao":"REGISTRADO","numeroRegistroFormatado":"100850125","mesAnoVencimentoFormatado":"08/2007","acancelar":false},"empresa":{"cnpj":"31673254000102","razaoSocial":"LABORATÓRIOS B. BRAUN S/A","numeroAutorizacao":"1000853","cnpjFormatado":"31.673.254/0001-02"},"processo":{"numero":"250000200729755","situacao":29,"numeroProcessoFormatado":"25000.020072/97-55"}},{"ordem":17,"produto":{"codigo":2251,"nome":"CLORETO DE SODIO + CLORETO DE POTÁSSIO + ASSOCIAÇÕES","numeroRegistro":"100850119","tipo":{"codigo":1,"descricao":null},"categoria":null,"situacaoRotulo":null,"dataVencimento":null,"mesAnoVencimento":"052005","dataVencimentoRegistro":"2005-05-01T00:00:00.000-0300","principioAtivo":null,"situacaoApresentacao":"Caduco/Cancelado","dataRegistro":"2000-05-31T00:00:00.000-0300","categoriaRegulatoria":{"codigo":8,"descricao":"Similar"},"medicamentoReferencia":null,"categoriaProduto":null,"tipoAutorizacao":"REGISTRADO","numeroRegistroFormatado":"100850119","mesAnoVencimentoFormatado":"05/2005","acancelar":false},"empresa":{"cnpj":"31673254000102","razaoSocial":"LABORATÓRIOS B. BRAUN S/A","numeroAutorizacao":"1000853","cnpjFormatado":"31.673.254/0001-02"},"processo":{"numero":"250000195829734","situacao":29,"numeroProcessoFormatado":"25000.019582/97-34"}},{"ordem":18,"produto":{"codigo":601441,"nome":"DUOSOL COM POTÁSSIO","numeroRegistro":"100850143","tipo":{"codigo":1,"descricao":null},"categoria":null,"situacaoRotulo":null,"dataVencimento":null,"mesAnoVencimento":"022029","dataVencimentoRegistro":"2029-02-01T00:00:00.000-0300","principioAtivo":"CLORETO DE SÓDIO, CLORETO DE POTÁSSIO, cloreto de cálcio diidratado, CLORETO DE MAGNÉSIO HEXAIDRATADO, GLICOSE MONOHIDRATADA, BICARBONATO DE SÓDIO","situacaoApresentacao":"Válido","dataRegistro":"2009-02-02T00:00:00.000-0300","categoriaRegulatoria":{"codigo":3,"descricao":"Específico"},"medicamentoReferencia":null,"categoriaProduto":null,"tipoAutorizacao":"REGISTRADO","numeroRegistroFormatado":"100850143","mesAnoVencimentoFormatado":"02/2029","acancelar":false},"empresa":{"cnpj":"31673254000102","razaoSocial":"LABORATÓRIOS B. BRAUN S/A","numeroAutorizacao":"1000853","cnpjFormatado":"31.673.254/0001-02"},"processo":{"numero":"25351680114200836","situacao":29,"numeroProcessoFormatado":"25351.680114/2008-36"}},{"ordem":19,"produto":{"codigo":593271,"nome":"DUOSOL SEM POTÁSSIO","numeroRegistro":"100850142","tipo":{"codigo":1,"descricao":null},"categoria":null,"situacaoRotulo":null,"dataVencimento":null,"mesAnoVencimento":"022029","dataVencimentoRegistro":"2029-02-01T00:00:00.000-0300","principioAtivo":"CLORETO DE SÓDIO, cloreto de cálcio diidratado, CLORETO DE MAGNÉSIO HEXAIDRATADO, GLICOSE MONOIDRATADA, BICARBONATO DE SÓDIO","situacaoApresentacao":"Válido","dataRegistro":"2009-02-02T00:00:00.000-0300","categoriaRegulatoria":{"codigo":3,"descricao":"Específico"},"medicamentoReferencia":null,"categoriaProduto":null,"tipoAutorizacao":"REGISTRADO","numeroRegistroFormatado":"100850142","mesAnoVencimentoFormatado":"02/2029","acancelar":false},"empresa":{"cnpj":"31673254000102","razaoSocial":"LABORATÓRIOS B. BRAUN S/A","numeroAutorizacao":"1000853","cnpjFormatado":"31.673.254/0001-02"},"processo":{"numero":"25351518711200842","situacao":29,"numeroProcessoFormatado":"25351.518711/2008-42"}},{"ordem":20,"produto":{"codigo":4360,"nome":"FOSFATO DE POTASSIO","numeroRegistro":"100850037","tipo":{"codigo":1,"descricao":null},"categoria":null,"situacaoRotulo":null,"dataVencimento":null,"mesAnoVencimento":"112006","dataVencimentoRegistro":"2006-11-01T00:00:00.000-0300","principioAtivo":null,"situacaoApresentacao":"Caduco/Cancelado","dataRegistro":"1998-11-16T00:00:00.000-0300","categoriaRegulatoria":{"codigo":3,"descricao":"Específico"},"medicamentoReferencia":null,"categoriaProduto":null,"tipoAutorizacao":"REGISTRADO","numeroRegistroFormatado":"100850037","mesAnoVencimentoFormatado":"11/2006","acancelar":false},"empresa":{"cnpj":"31673254000102","razaoSocial":"LABORATÓRIOS B. BRAUN S/A","numeroAutorizacao":"1000853","cnpjFormatado":"31.673.254/0001-02"},"processo":{"numero":"2599200870676","situacao":29,"numeroProcessoFormatado":"25992.008706/76"}},{"ordem":21,"produto":{"codigo":4491,"nome":"GELAFUNDIN","numeroRegistro":"100850115","tipo":{"codigo":1,"descricao":null},"categoria":null,"situacaoRotulo":null,"dataVencimento":null,"mesAnoVencimento":"042029","dataVencimentoRegistro":"2029-04-01T00:00:00.000-0300","principioAtivo":"succinilgelatina","situacaoApresentacao":"Válido","dataRegistro":"1999-04-07T00:00:00.000-0300","categoriaRegulatoria":{"codigo":3,"descricao":"Específico"},"medicamentoReferencia":null,"categoriaProduto":null,"tipoAutorizacao":"REGISTRADO","numeroRegistroFormatado":"100850115","mesAnoVencimentoFormatado":"04/2029","acancelar":false},"empresa":{"cnpj":"31673254000102","razaoSocial":"LABORATÓRIOS B. BRAUN S/A","numeroAutorizacao":"1000853","cnpjFormatado":"31.673.254/0001-02"},"processo":{"numero":"250000387439870","situacao":29,"numeroProcessoFormatado":"25000.038743/98-70"}},{"ordem":22,"produto":{"codigo":125743,"nome":"GLICEROLINA","numeroRegistro":"100850039","tipo":{"codigo":1,"descricao":null},"categoria":null,"situacaoRotulo":null,"dataVencimento":null,"mesAnoVencimento":"102011","dataVencimentoRegistro":"2011-10-01T00:00:00.000-0300","principioAtivo":null,"situacaoApresentacao":"Caduco/Cancelado","dataRegistro":"2002-04-29T00:00:00.000-0300","categoriaRegulatoria":{"codigo":8,"descricao":"Similar"},"medicamentoReferencia":null,"categoriaProduto":null,"tipoAutorizacao":"REGISTRADO","numeroRegistroFormatado":"100850039","mesAnoVencimentoFormatado":"10/2011","acancelar":false},"empresa":{"cnpj":"31673254000102","razaoSocial":"LABORATÓRIOS B. BRAUN S/A","numeroAutorizacao":"1000853","cnpjFormatado":"31.673.254/0001-02"},"processo":{"numero":"2599201504865","situacao":29,"numeroProcessoFormatado":"25992.015048/65"}},{"ordem":23,"produto":{"codigo":444063,"nome":"GLICOSE A 5% + CLORETO DE SÓDIO A 0,9%","numeroRegistro":"100850006","tipo":{"codigo":1,"descricao":null},"categoria":null,"situacaoRotulo":null,"dataVencimento":null,"mesAnoVencimento":"102029","dataVencimentoRegistro":"2029-10-01T00:00:00.000-0300","principioAtivo":"GLICOSE, CLORETO DE SÓDIO","situacaoApresentacao":"Válido","dataRegistro":"1964-09-10T00:00:00.000-0300","categoriaRegulatoria":{"codigo":3,"descricao":"Específico"},"medicamentoReferencia":null,"categoriaProduto":null,"tipoAutorizacao":"REGISTRADO","numeroRegistroFormatado":"100850006","mesAnoVencimentoFormatado":"10/2029","acancelar":false},"empresa":{"cnpj":"31673254000102","razaoSocial":"LABORATÓRIOS B. BRAUN S/A","numeroAutorizacao":"1000853","cnpjFormatado":"31.673.254/0001-02"},"processo":{"numero":"2599200042564","situacao":29,"numeroProcessoFormatado":"25992.000425/64"}},{"ordem":24,"produto":{"codigo":4647,"nome":"GLUCONATO DE CALCIO","numeroRegistro":"100850041","tipo":{"codigo":1,"descricao":null},"categoria":null,"situacaoRotulo":null,"dataVencimento":null,"mesAnoVencimento":"112006","dataVencimentoRegistro":"2006-11-01T00:00:00.000-0300","principioAtivo":null,"situacaoApresentacao":"Caduco/Cancelado","dataRegistro":"2002-02-27T00:00:00.000-0300","categoriaRegulatoria":{"codigo":8,"descricao":"Similar"},"medicamentoReferencia":null,"categoriaProduto":null,"tipoAutorizacao":"REGISTRADO","numeroRegistroFormatado":"100850041","mesAnoVencimentoFormatado":"11/2006","acancelar":false},"empresa":{"cnpj":"31673254000102","razaoSocial":"LABORATÓRIOS B. BRAUN S/A","numeroAutorizacao":"1000853","cnpjFormatado":"31.673.254/0001-02"},"processo":{"numero":"2599200870776","situacao":29,"numeroProcessoFormatado":"25992.008707/76"}},{"ordem":25,"produto":{"codigo":276401,"nome":"HEMOHES","numeroRegistro":"100850128","tipo":{"codigo":1,"descricao":null},"categoria":null,"situacaoRotulo":null,"dataVencimento":null,"mesAnoVencimento":"082013","dataVencimentoRegistro":"2013-08-01T00:00:00.000-0300","principioAtivo":null,"situacaoApresentacao":"Caduco/Cancelado","dataRegistro":"2003-08-18T00:00:00.000-0300","categoriaRegulatoria":{"codigo":8,"descricao":"Similar"},"medicamentoReferencia":null,"categoriaProduto":null,"tipoAutorizacao":"REGISTRADO","numeroRegistroFormatado":"100850128","mesAnoVencimentoFormatado":"08/2013","acancelar":false},"empresa":{"cnpj":"31673254000102","razaoSocial":"LABORATÓRIOS B. BRAUN S/A","numeroAutorizacao":"1000853","cnpjFormatado":"31.673.254/0001-02"},"processo":{"numero":"250000009309844","situacao":29,"numeroProcessoFormatado":"25000.000930/98-44"}},{"ordem":26,"produto":{"codigo":279028,"nome":"HEPAMINO","numeroRegistro":"100850075","tipo":{"codigo":1,"descricao":null},"categoria":null,"situacaoRotulo":null,"dataVencimento":null,"mesAnoVencimento":"022005","dataVencimentoRegistro":"2005-02-01T00:00:00.000-0300","principioAtivo":null,"situacaoApresentacao":"Caduco/Cancelado","dataRegistro":"1995-03-08T00:00:00.000-0300","categoriaRegulatoria":{"codigo":8,"descricao":"Similar"},"medicamentoReferencia":null,"categoriaProduto":null,"tipoAutorizacao":"REGISTRADO","numeroRegistroFormatado":"100850075","mesAnoVencimentoFormatado":"02/2005","acancelar":false},"empresa":{"cnpj":"31673254000102","razaoSocial":"LABORATÓRIOS B. BRAUN S/A","numeroAutorizacao":"1000853","cnpjFormatado":"31.673.254/0001-02"},"processo":{"numero":"2599101521078","situacao":29,"numeroProcessoFormatado":"25991.015210/78"}},{"ordem":27,"produto":{"codigo":4713,"nome":"HEPARINA SODICA","numeroRegistro":"100850110","tipo":{"codigo":1,"descricao":null},"categoria":null,"situacaoRotulo":null,"dataVencimento":null,"mesAnoVencimento":"062003","dataVencimentoRegistro":"2003-06-01T00:00:00.000-0300","principioAtivo":null,"situacaoApresentacao":"Caduco/Cancelado","dataRegistro":"1998-06-24T00:00:00.000-0300","categoriaRegulatoria":{"codigo":8,"descricao":"Similar"},"medicamentoReferencia":null,"categoriaProduto":null,"tipoAutorizacao":"REGISTRADO","numeroRegistroFormatado":"100850110","mesAnoVencimentoFormatado":"06/2003","acancelar":false},"empresa":{"cnpj":"31673254000102","razaoSocial":"LABORATÓRIOS B. BRAUN S/A","numeroAutorizacao":"1000853","cnpjFormatado":"31.673.254/0001-02"},"processo":{"numero":"250000009319815","situacao":29,"numeroProcessoFormatado":"25000.000931/98-15"}},{"ordem":28,"produto":{"codigo":3294,"nome":"ISODEX","numeroRegistro":"100850094","tipo":{"codigo":1,"descricao":null},"categoria":null,"situacaoRotulo":null,"dataVencimento":null,"mesAnoVencimento":"122007","dataVencimentoRegistro":"2007-12-01T00:00:00.000-0300","principioAtivo":null,"situacaoApresentacao":"Caduco/Cancelado","dataRegistro":"2000-08-01T00:00:00.000-0300","categoriaRegulatoria":{"codigo":8,"descricao":"Similar"},"medicamentoReferencia":null,"categoriaProduto":null,"tipoAutorizacao":"REGISTRADO","numeroRegistroFormatado":"100850094","mesAnoVencimentoFormatado":"12/2007","acancelar":false},"empresa":{"cnpj":"31673254000102","razaoSocial":"LABORATÓRIOS B. BRAUN S/A","numeroAutorizacao":"1000853","cnpjFormatado":"31.673.254/0001-02"},"processo":{"numero":"2500100123986","situacao":29,"numeroProcessoFormatado":"25001.001239/86"}},{"ordem":29,"produto":{"codigo":506143,"nome":"LIPIDEM","numeroRegistro":"100850138","tipo":{"codigo":1,"descricao":null},"categoria":null,"situacaoRotulo":null,"dataVencimento":null,"mesAnoVencimento":"052027","dataVencimentoRegistro":"2027-05-01T00:00:00.000-0300","principioAtivo":"TRIGLICERÍDEOS DE CADEIA MÉDIA, ÓLEO DE SOJA, TRIGLICERÍDIOS C10-18","situacaoApresentacao":"Válido","dataRegistro":"2007-05-14T00:00:00.000-0300","categoriaRegulatoria":{"codigo":3,"descricao":"Específico"},"medicamentoReferencia":null,"categoriaProduto":null,"tipoAutorizacao":"REGISTRADO","numeroRegistroFormatado":"100850138","mesAnoVencimentoFormatado":"05/2027","acancelar":false},"empresa":{"cnpj":"31673254000102","razaoSocial":"LABORATÓRIOS B. BRAUN S/A","numeroAutorizacao":"1000853","cnpjFormatado":"31.673.254/0001-02"},"processo":{"numero":"25351508799200622","situacao":29,"numeroProcessoFormatado":"25351.508799/2006-22"}},{"ordem":30,"produto":{"codigo":6390,"nome":"LIPOFUNDIN","numeroRegistro":"100850013","tipo":{"codigo":1,"descricao":null},"categoria":null,"situacaoRotulo":null,"dataVencimento":null,"mesAnoVencimento":"032029","dataVencimentoRegistro":"2029-03-01T00:00:00.000-0300","principioAtivo":"ÓLEO DE SOJA, TRIGLICERÍDEOS DE CADEIA MÉDIA","situacaoApresentacao":"Válido","dataRegistro":"2000-02-24T00:00:00.000-0200","categoriaRegulatoria":{"codigo":3,"descricao":"Específico"},"medicamentoReferencia":null,"categoriaProduto":null,"tipoAutorizacao":"REGISTRADO","numeroRegistroFormatado":"100850013","mesAnoVencimentoFormatado":"03/2029","acancelar":false},"empresa":{"cnpj":"31673254000102","razaoSocial":"LABORATÓRIOS B. BRAUN S/A","numeroAutorizacao":"1000853","cnpjFormatado":"31.673.254/0001-02"},"processo":{"numero":"2599200939874","situacao":29,"numeroProcessoFormatado":"25992.009398/74"}},{"ordem":31,"produto":{"codigo":374618,"nome":"LIPOFUNDIN N","numeroRegistro":"100850131","tipo":{"codigo":1,"descricao":null},"categoria":null,"situacaoRotulo":null,"dataVencimento":null,"mesAnoVencimento":"032009","dataVencimentoRegistro":"2009-03-01T00:00:00.000-0300","principioAtivo":null,"situacaoApresentacao":"Caduco/Cancelado","dataRegistro":"1999-07-16T00:00:00.000-0300","categoriaRegulatoria":{"codigo":8,"descricao":"Similar"},"medicamentoReferencia":null,"categoriaProduto":null,"tipoAutorizacao":"REGISTRADO","numeroRegistroFormatado":"100850131","mesAnoVencimentoFormatado":"03/2009","acancelar":false},"empresa":{"cnpj":"31673254000102","razaoSocial":"LABORATÓRIOS B. BRAUN S/A","numeroAutorizacao":"1000853","cnpjFormatado":"31.673.254/0001-02"},"processo":{"numero":"250000070519781","situacao":29,"numeroProcessoFormatado":"25000.007051/97-81"}},{"ordem":32,"produto":{"codigo":336970,"nome":"LIPURO","numeroRegistro":"100850133","tipo":{"codigo":1,"descricao":null},"categoria":null,"situacaoRotulo":null,"dataVencimento":null,"mesAnoVencimento":"052025","dataVencimentoRegistro":"2025-05-01T00:00:00.000-0300","principioAtivo":"PROPOFOL","situacaoApresentacao":"Válido","dataRegistro":"2005-05-30T00:00:00.000-0300","categoriaRegulatoria":{"codigo":8,"descricao":"Similar"},"medicamentoReferencia":"DIPRIVAN","categoriaProduto":null,"tipoAutorizacao":"REGISTRADO","numeroRegistroFormatado":"100850133","mesAnoVencimentoFormatado":"05/2025","acancelar":false},"empresa":{"cnpj":"31673254000102","razaoSocial":"LABORATÓRIOS B. BRAUN S/A","numeroAutorizacao":"1000853","cnpjFormatado":"31.673.254/0001-02"},"processo":{"numero":"25351030370200373","situacao":29,"numeroProcessoFormatado":"25351.030370/2003-73"}},{"ordem":33,"produto":{"codigo":395904,"nome":"MACRODEXIN EM GLICOSE","numeroRegistro":"100850132","tipo":{"codigo":1,"descricao":null},"categoria":null,"situacaoRotulo":null,"dataVencimento":null,"mesAnoVencimento":"032000","dataVencimentoRegistro":"2000-03-01T00:00:00.000-0300","principioAtivo":null,"situacaoApresentacao":"Caduco/Cancelado","dataRegistro":"2005-03-07T00:00:00.000-0300","categoriaRegulatoria":{"codigo":null,"descricao":null},"medicamentoReferencia":null,"categoriaProduto":null,"tipoAutorizacao":"REGISTRADO","numeroRegistroFormatado":"100850132","mesAnoVencimentoFormatado":"03/2000","acancelar":false},"empresa":{"cnpj":"31673254000102","razaoSocial":"LABORATÓRIOS B. BRAUN S/A","numeroAutorizacao":"1000853","cnpjFormatado":"31.673.254/0001-02"},"processo":{"numero":"2599200572470","situacao":29,"numeroProcessoFormatado":"25992.005724/70"}},{"ordem":34,"produto":{"codigo":5585,"nome":"MANITOL","numeroRegistro":"100850108","tipo":{"codigo":1,"descricao":null},"categoria":null,"situacaoRotulo":null,"dataVencimento":null,"mesAnoVencimento":"122007","dataVencimentoRegistro":"2007-12-01T00:00:00.000-0300","principioAtivo":null,"situacaoApresentacao":"Caduco/Cancelado","dataRegistro":"1997-12-15T00:00:00.000-0300","categoriaRegulatoria":{"codigo":8,"descricao":"Similar"},"medicamentoReferencia":null,"categoriaProduto":null,"tipoAutorizacao":"REGISTRADO","numeroRegistroFormatado":"100850108","mesAnoVencimentoFormatado":"12/2007","acancelar":false},"empresa":{"cnpj":"31673254000102","razaoSocial":"LABORATÓRIOS B. BRAUN S/A","numeroAutorizacao":"1000853","cnpjFormatado":"31.673.254/0001-02"},"processo":{"numero":"250000232169780","situacao":29,"numeroProcessoFormatado":"25000.023216/97-80"}},{"ordem":35,"produto":{"codigo":5886,"nome":"METRONACK","numeroRegistro":"100850107","tipo":{"codigo":1,"descricao":null},"categoria":null,"situacaoRotulo":null,"dataVencimento":null,"mesAnoVencimento":"032029","dataVencimentoRegistro":"2029-03-01T00:00:00.000-0300","principioAtivo":"METRONIDAZOL","situacaoApresentacao":"Válido","dataRegistro":"1994-03-30T00:00:00.000-0300","categoriaRegulatoria":{"codigo":8,"descricao":"Similar"},"medicamentoReferencia":"FLAGYL","categoriaProduto":null,"tipoAutorizacao":"REGISTRADO","numeroRegistroFormatado":"100850107","mesAnoVencimentoFormatado":"03/2029","acancelar":false},"empresa":{"cnpj":"31673254000102","razaoSocial":"LABORATÓRIOS B. BRAUN S/A","numeroAutorizacao":"1000853","cnpjFormatado":"31.673.254/0001-02"},"processo":{"numero":"250000077049399","situacao":29,"numeroProcessoFormatado":"25000.007704/93-99"}},{"ordem":36,"produto":{"codigo":1080584,"nome":"METRONIDAZOL","numeroRegistro":"100850146","tipo":{"codigo":1,"descricao":null},"categoria":null,"situacaoRotulo":null,"dataVencimento":null,"mesAnoVencimento":"122020","dataVencimentoRegistro":"2020-12-01T00:00:00.000-0300","principioAtivo":null,"situacaoApresentacao":"Caduco/Cancelado","dataRegistro":"2015-12-14T00:00:00.000-0300","categoriaRegulatoria":{"codigo":5,"descricao":"Genérico"},"medicamentoReferencia":"FLAGYL","categoriaProduto":null,"tipoAutorizacao":"REGISTRADO","numeroRegistroFormatado":"100850146","mesAnoVencimentoFormatado":"12/2020","acancelar":false},"empresa":{"cnpj":"31673254000102","razaoSocial":"LABORATÓRIOS B. BRAUN S/A","numeroAutorizacao":"1000853","cnpjFormatado":"31.673.254/0001-02"},"processo":{"numero":"25351027153201131","situacao":29,"numeroProcessoFormatado":"25351.027153/2011-31"}},{"ordem":37,"produto":{"codigo":137813,"nome":"NUTRIFLEX LIPID","numeroRegistro":"100850124","tipo":{"codigo":1,"descricao":null},"categoria":null,"situacaoRotulo":null,"dataVencimento":null,"mesAnoVencimento":"072027","dataVencimentoRegistro":"2027-07-01T00:00:00.000-0300","principioAtivo":"ISOLEUCINA, LEUCINA, CLORIDRATO DE LISINA, levometionina, FENILALANINA, TREONINA, TRIPTOFANo, VALINA, ARGININA, CLORIDRATO DE HISTIDINA MONOIDRATADO, ALANINA, ÁCIDO AMINOACÉTICO, ÁCIDO ASPÁRTICO, ÁCIDO GLUTÂMICO, PROLINA, SERINA, ACETATO DE MAGNÉSIO TETRAIDRATADO, ACETATO DE SÓDIO TRIIDRATADO, ACETATO DE POTÁSSIO, FOSFATO DIIDROGENADO DE SÓDIO, HIDROXIDO DE SODIO, HIDRÓXIDO DE SÓDIO, GLICOSE MONOHIDRATADA, GLICOSE MONOIDRATADA, CLORETO DE SÓDIO, cloreto de cálcio diidratado, ACETATO DE ZINCO, TRIGLICERÍDEOS CADEIA MÉDIA, TRIGLICERÍDEOS DE CADEIA MÉDIA, ÓLEO DE SOJA","situacaoApresentacao":"Válido","dataRegistro":"2002-07-11T00:00:00.000-0300","categoriaRegulatoria":{"codigo":3,"descricao":"Específico"},"medicamentoReferencia":null,"categoriaProduto":null,"tipoAutorizacao":"REGISTRADO","numeroRegistroFormatado":"100850124","mesAnoVencimentoFormatado":"07/2027","acancelar":false},"empresa":{"cnpj":"31673254000102","razaoSocial":"LABORATÓRIOS B. BRAUN S/A","numeroAutorizacao":"1000853","cnpjFormatado":"31.673.254/0001-02"},"processo":{"numero":"253510022770118","situacao":29,"numeroProcessoFormatado":"25351.002277/01-18"}},{"ordem":38,"produto":{"codigo":6940,"nome":"NUTRIFLEX PLUS","numeroRegistro":"100850109","tipo":{"codigo":1,"descricao":null},"categoria":null,"situacaoRotulo":null,"dataVencimento":null,"mesAnoVencimento":"042028","dataVencimentoRegistro":"2028-04-01T00:00:00.000-0300","principioAtivo":"ISOLEUCINA, LEUCINA, CLORIDRATO DE LISINA, levometionina, FENILALANINA, TREONINA, TRIPTOFANo, LEVOVALINA, ARGININA MONOGLUTAMATO, CLORIDRATO DE HISTIDINA MONOIDRATADO, ALANINA, ÁCIDO ASPÁRTICO, ÁCIDO GLUTÂMICO, GLICINA, PROLINA, SERINA, ACETATO DE MAGNÉSIO TETRAIDRATADO, ACETATO DE SÓDIO TRIHIDRATADO, FOSFATO DIIDROGENADO DE SÓDIO, HIDRÓXIDO DE POTÁSSIO, HIDRÓXIDO DE SÓDIO, cloreto de cálcio diidratado, GLICOSE MONOHIDRATADA","situacaoApresentacao":"Válido","dataRegistro":"2000-06-23T00:00:00.000-0300","categoriaRegulatoria":{"codigo":3,"descricao":"Específico"},"medicamentoReferencia":null,"categoriaProduto":null,"tipoAutorizacao":"REGISTRADO","numeroRegistroFormatado":"100850109","mesAnoVencimentoFormatado":"04/2028","acancelar":false},"empresa":{"cnpj":"31673254000102","razaoSocial":"LABORATÓRIOS B. BRAUN S/A","numeroAutorizacao":"1000853","cnpjFormatado":"31.673.254/0001-02"},"processo":{"numero":"250000169759741","situacao":29,"numeroProcessoFormatado":"25000.016975/97-41"}},{"ordem":39,"produto":{"codigo":6937,"nome":"PEDIAMINO TAU","numeroRegistro":"100850122","tipo":{"codigo":1,"descricao":null},"categoria":null,"situacaoRotulo":null,"dataVencimento":null,"mesAnoVencimento":"062006","dataVencimentoRegistro":"2006-06-01T00:00:00.000-0300","principioAtivo":null,"situacaoApresentacao":"Caduco/Cancelado","dataRegistro":"2001-06-27T00:00:00.000-0300","categoriaRegulatoria":{"codigo":8,"descricao":"Similar"},"medicamentoReferencia":null,"categoriaProduto":null,"tipoAutorizacao":"REGISTRADO","numeroRegistroFormatado":"100850122","mesAnoVencimentoFormatado":"06/2006","acancelar":false},"empresa":{"cnpj":"31673254000102","razaoSocial":"LABORATÓRIOS B. BRAUN S/A","numeroAutorizacao":"1000853","cnpjFormatado":"31.673.254/0001-02"},"processo":{"numero":"253510022750192","situacao":29,"numeroProcessoFormatado":"25351.002275/01-92"}},{"ordem":40,"produto":{"codigo":526118,"nome":"PEDIAMINO TAU","numeroRegistro":"100850140","tipo":{"codigo":1,"descricao":null},"categoria":null,"situacaoRotulo":null,"dataVencimento":null,"mesAnoVencimento":"122017","dataVencimentoRegistro":"2017-12-01T00:00:00.000-0300","principioAtivo":null,"situacaoApresentacao":"Caduco/Cancelado","dataRegistro":"2007-12-17T00:00:00.000-0300","categoriaRegulatoria":{"codigo":3,"descricao":"Específico"},"medicamentoReferencia":null,"categoriaProduto":null,"tipoAutorizacao":"REGISTRADO","numeroRegistroFormatado":"100850140","mesAnoVencimentoFormatado":"12/2017","acancelar":false},"empresa":{"cnpj":"31673254000102","razaoSocial":"LABORATÓRIOS B. BRAUN S/A","numeroAutorizacao":"1000853","cnpjFormatado":"31.673.254/0001-02"},"processo":{"numero":"25351115573200762","situacao":31,"numeroProcessoFormatado":"25351.115573/2007-62"}},{"ordem":41,"produto":{"codigo":1092775,"nome":"PLASMAFUNDIN","numeroRegistro":"100850147","tipo":{"codigo":1,"descricao":null},"categoria":null,"situacaoRotulo":null,"dataVencimento":null,"mesAnoVencimento":"082026","dataVencimentoRegistro":"2026-08-01T00:00:00.000-0300","principioAtivo":"CLORETO DE SÓDIO, CLORETO DE POTÁSSIO, CLORETO DE MAGNÉSIO HEXAIDRATADO, ACETATO DE SÓDIO TRIHIDRATADO, GLICONATO DE SÓDIO","situacaoApresentacao":"Válido","dataRegistro":"2016-08-15T00:00:00.000-0300","categoriaRegulatoria":{"codigo":3,"descricao":"Específico"},"medicamentoReferencia":null,"categoriaProduto":null,"tipoAutorizacao":"REGISTRADO","numeroRegistroFormatado":"100850147","mesAnoVencimentoFormatado":"08/2026","acancelar":false},"empresa":{"cnpj":"31673254000102","razaoSocial":"LABORATÓRIOS B. BRAUN S/A","numeroAutorizacao":"1000853","cnpjFormatado":"31.673.254/0001-02"},"processo":{"numero":"25351509492201594","situacao":29,"numeroProcessoFormatado":"25351.509492/2015-94"}},{"ordem":42,"produto":{"codigo":174134,"nome":"POLIAMINOACIDOS","numeroRegistro":"100850127","tipo":{"codigo":1,"descricao":null},"categoria":null,"situacaoRotulo":null,"dataVencimento":null,"mesAnoVencimento":"022008","dataVencimentoRegistro":"2008-02-01T00:00:00.000-0300","principioAtivo":null,"situacaoApresentacao":"Caduco/Cancelado","dataRegistro":"2003-02-21T00:00:00.000-0300","categoriaRegulatoria":{"codigo":6,"descricao":"Novo"},"medicamentoReferencia":null,"categoriaProduto":null,"tipoAutorizacao":"REGISTRADO","numeroRegistroFormatado":"100850127","mesAnoVencimentoFormatado":"02/2008","acancelar":false},"empresa":{"cnpj":"31673254000102","razaoSocial":"LABORATÓRIOS B. BRAUN S/A","numeroAutorizacao":"1000853","cnpjFormatado":"31.673.254/0001-02"},"processo":{"numero":"250000312929713","situacao":29,"numeroProcessoFormatado":"25000.031292/97-13"}},{"ordem":43,"produto":{"codigo":6941,"nome":"POLIAMINOÁCIDOS + POLIMINERAIS + GLICOSE","numeroRegistro":"100850120","tipo":{"codigo":1,"descricao":null},"categoria":null,"situacaoRotulo":null,"dataVencimento":null,"mesAnoVencimento":"062005","dataVencimentoRegistro":"2005-06-01T00:00:00.000-0300","principioAtivo":null,"situacaoApresentacao":"Caduco/Cancelado","dataRegistro":"2000-06-28T00:00:00.000-0300","categoriaRegulatoria":{"codigo":8,"descricao":"Similar"},"medicamentoReferencia":null,"categoriaProduto":null,"tipoAutorizacao":"REGISTRADO","numeroRegistroFormatado":"100850120","mesAnoVencimentoFormatado":"06/2005","acancelar":false},"empresa":{"cnpj":"31673254000102","razaoSocial":"LABORATÓRIOS B. BRAUN S/A","numeroAutorizacao":"1000853","cnpjFormatado":"31.673.254/0001-02"},"processo":{"numero":"250000169779776","situacao":29,"numeroProcessoFormatado":"25000.016977/97-76"}},{"ordem":44,"produto":{"codigo":1389760,"nome":"PROINFLAC","numeroRegistro":"100850149","tipo":{"codigo":1,"descricao":null},"categoria":null,"situacaoRotulo":null,"dataVencimento":null,"mesAnoVencimento":"032031","dataVencimentoRegistro":"2031-03-01T00:00:00.000-0300","principioAtivo":"IBUPROFENO","situacaoApresentacao":"Válido","dataRegistro":"2021-03-29T00:00:00.000-0300","categoriaRegulatoria":{"codigo":6,"descricao":"Novo"},"medicamentoReferencia":null,"categoriaProduto":null,"tipoAutorizacao":"REGISTRADO","numeroRegistroFormatado":"100850149","mesAnoVencimentoFormatado":"03/2031","acancelar":false},"empresa":{"cnpj":"31673254000102","razaoSocial":"LABORATÓRIOS B. BRAUN S/A","numeroAutorizacao":"1000853","cnpjFormatado":"31.673.254/0001-02"},"processo":{"numero":"25351092127202040","situacao":29,"numeroProcessoFormatado":"25351.092127/2020-40"}},{"ordem":45,"produto":{"codigo":1552433,"nome":"PRONTOMID","numeroRegistro":"100850150","tipo":{"codigo":1,"descricao":null},"categoria":null,"situacaoRotulo":null,"dataVencimento":"2034-04-06T00:00:00.000-0300","mesAnoVencimento":"042029","dataVencimentoRegistro":"2029-04-01T00:00:00.000-0300","principioAtivo":"MIDAZOLAM","situacaoApresentacao":"Válido","dataRegistro":"2021-04-19T00:00:00.000-0300","categoriaRegulatoria":{"codigo":6,"descricao":"Novo"},"medicamentoReferencia":null,"categoriaProduto":null,"tipoAutorizacao":"REGISTRADO","numeroRegistroFormatado":"100850150","mesAnoVencimentoFormatado":"04/2029","acancelar":false},"empresa":{"cnpj":"31673254000102","razaoSocial":"LABORATÓRIOS B. BRAUN S/A","numeroAutorizacao":"1000853","cnpjFormatado":"31.673.254/0001-02"},"processo":{"numero":"25351010481202064","situacao":29,"numeroProcessoFormatado":"25351.010481/2020-64"}},{"ordem":46,"produto":{"codigo":537635,"nome":"RINGERFUNDIN","numeroRegistro":"100850139","tipo":{"codigo":1,"descricao":null},"categoria":null,"situacaoRotulo":null,"dataVencimento":null,"mesAnoVencimento":"032018","dataVencimentoRegistro":"2018-03-01T00:00:00.000-0300","principioAtivo":null,"situacaoApresentacao":"Caduco/Cancelado","dataRegistro":"2008-03-17T00:00:00.000-0300","categoriaRegulatoria":{"codigo":3,"descricao":"Específico"},"medicamentoReferencia":null,"categoriaProduto":null,"tipoAutorizacao":"REGISTRADO","numeroRegistroFormatado":"100850139","mesAnoVencimentoFormatado":"03/2018","acancelar":false},"empresa":{"cnpj":"31673254000102","razaoSocial":"LABORATÓRIOS B. BRAUN S/A","numeroAutorizacao":"1000853","cnpjFormatado":"31.673.254/0001-02"},"processo":{"numero":"25351265955200736","situacao":29,"numeroProcessoFormatado":"25351.265955/2007-36"}},{"ordem":47,"produto":{"codigo":809154,"nome":"SOL-CART B","numeroRegistro":"100850144","tipo":{"codigo":1,"descricao":null},"categoria":null,"situacaoRotulo":null,"dataVencimento":null,"mesAnoVencimento":"052027","dataVencimentoRegistro":"2027-05-01T00:00:00.000-0300","principioAtivo":"BICARBONATO DE SÓDIO","situacaoApresentacao":"Válido","dataRegistro":"2012-05-14T00:00:00.000-0300","categoriaRegulatoria":{"codigo":3,"descricao":"Específico"},"medicamentoReferencia":null,"categoriaProduto":null,"tipoAutorizacao":"REGISTRADO","numeroRegistroFormatado":"100850144","mesAnoVencimentoFormatado":"05/2027","acancelar":false},"empresa":{"cnpj":"31673254000102","razaoSocial":"LABORATÓRIOS B. BRAUN S/A","numeroAutorizacao":"1000853","cnpjFormatado":"31.673.254/0001-02"},"processo":{"numero":"25351733230201195","situacao":29,"numeroProcessoFormatado":"25351.733230/2011-95"}},{"ordem":48,"produto":{"codigo":355414,"nome":"SOL. CONC.P/ HEMODIÁLISE  HD 3,5","numeroRegistro":"100850069","tipo":{"codigo":1,"descricao":null},"categoria":null,"situacaoRotulo":null,"dataVencimento":null,"mesAnoVencimento":"122004","dataVencimentoRegistro":"2004-12-01T00:00:00.000-0300","principioAtivo":null,"situacaoApresentacao":"Caduco/Cancelado","dataRegistro":"2000-01-01T00:00:00.000-0200","categoriaRegulatoria":{"codigo":8,"descricao":"Similar"},"medicamentoReferencia":null,"categoriaProduto":null,"tipoAutorizacao":"REGISTRADO","numeroRegistroFormatado":"100850069","mesAnoVencimentoFormatado":"12/2004","acancelar":false},"empresa":{"cnpj":"31673254000102","razaoSocial":"LABORATÓRIOS B. BRAUN S/A","numeroAutorizacao":"1000853","cnpjFormatado":"31.673.254/0001-02"},"processo":{"numero":"2599100009481","situacao":29,"numeroProcessoFormatado":"25991.000094/81"}},{"ordem":49,"produto":{"codigo":7429,"nome":"SOLUCAO CONC PARA HEMODIALISE","numeroRegistro":"100850113","tipo":{"codigo":1,"descricao":null},"categoria":null,"situacaoRotulo":null,"dataVencimento":null,"mesAnoVencimento":"122003","dataVencimentoRegistro":"2003-12-01T00:00:00.000-0300","principioAtivo":null,"situacaoApresentacao":"Caduco/Cancelado","dataRegistro":"1998-12-23T00:00:00.000-0300","categoriaRegulatoria":{"codigo":8,"descricao":"Similar"},"medicamentoReferencia":null,"categoriaProduto":null,"tipoAutorizacao":"REGISTRADO","numeroRegistroFormatado":"100850113","mesAnoVencimentoFormatado":"12/2003","acancelar":false},"empresa":{"cnpj":"31673254000102","razaoSocial":"LABORATÓRIOS B. BRAUN S/A","numeroAutorizacao":"1000853","cnpjFormatado":"31.673.254/0001-02"},"processo":{"numero":"250000376209894","situacao":29,"numeroProcessoFormatado":"25000.037620/98-94"}},{"ordem":50,"produto":{"codigo":7432,"nome":"SOLUCAO CONCENTRADA PARA HEMODIALISE","numeroRegistro":"100850111","tipo":{"codigo":1,"descricao":null},"categoria":null,"situacaoRotulo":null,"dataVencimento":null,"mesAnoVencimento":"122003","dataVencimentoRegistro":"2003-12-01T00:00:00.000-0300","principioAtivo":null,"situacaoApresentacao":"Caduco/Cancelado","dataRegistro":"1998-12-23T00:00:00.000-0300","categoriaRegulatoria":{"codigo":8,"descricao":"Similar"},"medicamentoReferencia":null,"categoriaProduto":null,"tipoAutorizacao":"REGISTRADO","numeroRegistroFormatado":"100850111","mesAnoVencimentoFormatado":"12/2003","acancelar":false},"empresa":{"cnpj":"31673254000102","razaoSocial":"LABORATÓRIOS B. BRAUN S/A","numeroAutorizacao":"1000853","cnpjFormatado":"31.673.254/0001-02"},"processo":{"numero":"250000376219857","situacao":29,"numeroProcessoFormatado":"25000.037621/98-57"}},{"ordem":51,"produto":{"codigo":7435,"nome":"SOLUCAO CONCENTRADA PARA HEMODIALISE","numeroRegistro":"100850116","tipo":{"codigo":1,"descricao":null},"categoria":null,"situacaoRotulo":null,"dataVencimento":null,"mesAnoVencimento":"042004","dataVencimentoRegistro":"2004-04-01T00:00:00.000-0300","principioAtivo":null,"situacaoApresentacao":"Caduco/Cancelado","dataRegistro":"1999-04-09T00:00:00.000-0300","categoriaRegulatoria":{"codigo":8,"descricao":"Similar"},"medicamentoReferencia":null,"categoriaProduto":null,"tipoAutorizacao":"REGISTRADO","numeroRegistroFormatado":"100850116","mesAnoVencimentoFormatado":"04/2004","acancelar":false},"empresa":{"cnpj":"31673254000102","razaoSocial":"LABORATÓRIOS B. BRAUN S/A","numeroAutorizacao":"1000853","cnpjFormatado":"31.673.254/0001-02"},"processo":{"numero":"250000376229810","situacao":29,"numeroProcessoFormatado":"25000.037622/98-10"}},{"ordem":52,"produto":{"codigo":7434,"nome":"SOLUCAO CONCENTRADA PARA HEMODIALISE","numeroRegistro":"100850114","tipo":{"codigo":1,"descricao":null},"categoria":null,"situacaoRotulo":null,"dataVencimento":null,"mesAnoVencimento":"122003","dataVencimentoRegistro":"2003-12-01T00:00:00.000-0300","principioAtivo":null,"situacaoApresentacao":"Caduco/Cancelado","dataRegistro":"1998-12-23T00:00:00.000-0300","categoriaRegulatoria":{"codigo":8,"descricao":"Similar"},"medicamentoReferencia":null,"categoriaProduto":null,"tipoAutorizacao":"REGISTRADO","numeroRegistroFormatado":"100850114","mesAnoVencimentoFormatado":"12/2003","acancelar":false},"empresa":{"cnpj":"31673254000102","razaoSocial":"LABORATÓRIOS B. BRAUN S/A","numeroAutorizacao":"1000853","cnpjFormatado":"31.673.254/0001-02"},"processo":{"numero":"250000376239882","situacao":29,"numeroProcessoFormatado":"25000.037623/98-82"}},{"ordem":53,"produto":{"codigo":7433,"nome":"SOLUCAO CONCENTRADA PARA HEMODIALISE","numeroRegistro":"100850112","tipo":{"codigo":1,"descricao":null},"categoria":null,"situacaoRotulo":null,"dataVencimento":null,"mesAnoVencimento":"122003","dataVencimentoRegistro":"2003-12-01T00:00:00.000-0300","principioAtivo":null,"situacaoApresentacao":"Caduco/Cancelado","dataRegistro":"1998-12-23T00:00:00.000-0300","categoriaRegulatoria":{"codigo":8,"descricao":"Similar"},"medicamentoReferencia":null,"categoriaProduto":null,"tipoAutorizacao":"REGISTRADO","numeroRegistroFormatado":"100850112","mesAnoVencimentoFormatado":"12/2003","acancelar":false},"empresa":{"cnpj":"31673254000102","razaoSocial":"LABORATÓRIOS B. BRAUN S/A","numeroAutorizacao":"1000853","cnpjFormatado":"31.673.254/0001-02"},"processo":{"numero":"250000376259816","situacao":29,"numeroProcessoFormatado":"25000.037625/98-16"}},{"ordem":54,"produto":{"codigo":7442,"nome":"SOLUCÃO DE MANITOL 20%","numeroRegistro":"100850042","tipo":{"codigo":1,"descricao":null},"categoria":null,"situacaoRotulo":null,"dataVencimento":null,"mesAnoVencimento":"112028","dataVencimentoRegistro":"2028-11-01T00:00:00.000-0300","principioAtivo":"MANITOL","situacaoApresentacao":"Válido","dataRegistro":"1993-07-14T00:00:00.000-0300","categoriaRegulatoria":{"codigo":3,"descricao":"Específico"},"medicamentoReferencia":null,"categoriaProduto":null,"tipoAutorizacao":"REGISTRADO","numeroRegistroFormatado":"100850042","mesAnoVencimentoFormatado":"11/2028","acancelar":false},"empresa":{"cnpj":"31673254000102","razaoSocial":"LABORATÓRIOS B. BRAUN S/A","numeroAutorizacao":"1000853","cnpjFormatado":"31.673.254/0001-02"},"processo":{"numero":"2599200347572","situacao":29,"numeroProcessoFormatado":"25992.003475/72"}},{"ordem":55,"produto":{"codigo":125246,"nome":"SOLUÇÃO DE CLORETO DE SODIO B.BRAUN","numeroRegistro":"100850035","tipo":{"codigo":1,"descricao":null},"categoria":null,"situacaoRotulo":null,"dataVencimento":null,"mesAnoVencimento":"122029","dataVencimentoRegistro":"2029-12-01T00:00:00.000-0300","principioAtivo":"CLORETO DE SÓDIO","situacaoApresentacao":"Válido","dataRegistro":"1998-11-03T00:00:00.000-0300","categoriaRegulatoria":{"codigo":3,"descricao":"Específico"},"medicamentoReferencia":null,"categoriaProduto":null,"tipoAutorizacao":"REGISTRADO","numeroRegistroFormatado":"100850035","mesAnoVencimentoFormatado":"12/2029","acancelar":false},"empresa":{"cnpj":"31673254000102","razaoSocial":"LABORATÓRIOS B. BRAUN S/A","numeroAutorizacao":"1000853","cnpjFormatado":"31.673.254/0001-02"},"processo":{"numero":"2599201237564","situacao":29,"numeroProcessoFormatado":"25992.012375/64"}},{"ordem":56,"produto":{"codigo":361576,"nome":"SOLUÇÃO DE GLICINA A 1,5% B.BRAUN","numeroRegistro":"100850002","tipo":{"codigo":1,"descricao":null},"categoria":null,"situacaoRotulo":null,"dataVencimento":null,"mesAnoVencimento":"052009","dataVencimentoRegistro":"2009-05-01T00:00:00.000-0300","principioAtivo":null,"situacaoApresentacao":"Caduco/Cancelado","dataRegistro":"1994-04-22T00:00:00.000-0300","categoriaRegulatoria":{"codigo":3,"descricao":"Específico"},"medicamentoReferencia":null,"categoriaProduto":null,"tipoAutorizacao":"REGISTRADO","numeroRegistroFormatado":"100850002","mesAnoVencimentoFormatado":"05/2009","acancelar":false},"empresa":{"cnpj":"31673254000102","razaoSocial":"LABORATÓRIOS B. BRAUN S/A","numeroAutorizacao":"1000853","cnpjFormatado":"31.673.254/0001-02"},"processo":{"numero":"2500001031792","situacao":29,"numeroProcessoFormatado":"25000.010317/92"}},{"ordem":57,"produto":{"codigo":4615,"nome":"SOLUÇÃO DE GLICOSE B. BRAUN","numeroRegistro":"100850024","tipo":{"codigo":1,"descricao":null},"categoria":null,"situacaoRotulo":null,"dataVencimento":null,"mesAnoVencimento":"122029","dataVencimentoRegistro":"2029-12-01T00:00:00.000-0300","principioAtivo":"GLICOSE","situacaoApresentacao":"Válido","dataRegistro":"1998-11-03T00:00:00.000-0300","categoriaRegulatoria":{"codigo":3,"descricao":"Específico"},"medicamentoReferencia":null,"categoriaProduto":null,"tipoAutorizacao":"REGISTRADO","numeroRegistroFormatado":"100850024","mesAnoVencimentoFormatado":"12/2029","acancelar":false},"empresa":{"cnpj":"31673254000102","razaoSocial":"LABORATÓRIOS B. BRAUN S/A","numeroAutorizacao":"1000853","cnpjFormatado":"31.673.254/0001-02"},"processo":{"numero":"2599201237864","situacao":29,"numeroProcessoFormatado":"25992.012378/64"}},{"ordem":58,"produto":{"codigo":7443,"nome":"SOLUÇÃO DE RINGER COM LACTATO","numeroRegistro":"100850044","tipo":{"codigo":1,"descricao":null},"categoria":null,"situacaoRotulo":null,"dataVencimento":null,"mesAnoVencimento":"112028","dataVencimentoRegistro":"2028-11-01T00:00:00.000-0300","principioAtivo":"CLORETO DE SÓDIO, CLORETO DE POTÁSSIO, CLORETO DE CÁLCIO 2H2O, LACTATO DE SÓDIO","situacaoApresentacao":"Válido","dataRegistro":"1993-08-12T00:00:00.000-0300","categoriaRegulatoria":{"codigo":3,"descricao":"Específico"},"medicamentoReferencia":null,"categoriaProduto":null,"tipoAutorizacao":"REGISTRADO","numeroRegistroFormatado":"100850044","mesAnoVencimentoFormatado":"11/2028","acancelar":false},"empresa":{"cnpj":"31673254000102","razaoSocial":"LABORATÓRIOS B. BRAUN S/A","numeroAutorizacao":"1000853","cnpjFormatado":"31.673.254/0001-02"},"processo":{"numero":"2599200966264","situacao":29,"numeroProcessoFormatado":"25992.009662/64"}},{"ordem":59,"produto":{"codigo":359439,"nome":"SOLUÇÃO DE SORBITOL E MANITOL COMPOSTA","numeroRegistro":"100850077","tipo":{"codigo":1,"descricao":null},"categoria":null,"situacaoRotulo":null,"dataVencimento":null,"mesAnoVencimento":"032014","dataVencimentoRegistro":"2014-03-01T00:00:00.000-0300","principioAtivo":null,"situacaoApresentacao":"Caduco/Cancelado","dataRegistro":"1991-10-22T00:00:00.000-0300","categoriaRegulatoria":{"codigo":3,"descricao":"Específico"},"medicamentoReferencia":null,"categoriaProduto":null,"tipoAutorizacao":"REGISTRADO","numeroRegistroFormatado":"100850077","mesAnoVencimentoFormatado":"03/2014","acancelar":false},"empresa":{"cnpj":"31673254000102","razaoSocial":"LABORATÓRIOS B. BRAUN S/A","numeroAutorizacao":"1000853","cnpjFormatado":"31.673.254/0001-02"},"processo":{"numero":"2599201699567","situacao":29,"numeroProcessoFormatado":"25992.016995/67"}},{"ordem":60,"produto":{"codigo":7473,"nome":"SOLUÇÃO PARA HEMODIÁLISE CONTÍNUA","numeroRegistro":"100850121","tipo":{"codigo":1,"descricao":null},"categoria":null,"situacaoRotulo":null,"dataVencimento":null,"mesAnoVencimento":"072005","dataVencimentoRegistro":"2005-07-01T00:00:00.000-0300","principioAtivo":null,"situacaoApresentacao":"Caduco/Cancelado","dataRegistro":"2000-07-20T00:00:00.000-0300","categoriaRegulatoria":{"codigo":8,"descricao":"Similar"},"medicamentoReferencia":null,"categoriaProduto":null,"tipoAutorizacao":"REGISTRADO","numeroRegistroFormatado":"100850121","mesAnoVencimentoFormatado":"07/2005","acancelar":false},"empresa":{"cnpj":"31673254000102","razaoSocial":"LABORATÓRIOS B. BRAUN S/A","numeroAutorizacao":"1000853","cnpjFormatado":"31.673.254/0001-02"},"processo":{"numero":"250000195849760","situacao":29,"numeroProcessoFormatado":"25000.019584/97-60"}},{"ordem":61,"produto":{"codigo":125618,"nome":"STREPTOSILAB","numeroRegistro":"100850123","tipo":{"codigo":1,"descricao":null},"categoria":null,"situacaoRotulo":null,"dataVencimento":null,"mesAnoVencimento":"042007","dataVencimentoRegistro":"2007-04-01T00:00:00.000-0300","principioAtivo":null,"situacaoApresentacao":"Caduco/Cancelado","dataRegistro":"2002-04-11T00:00:00.000-0300","categoriaRegulatoria":{"codigo":8,"descricao":"Similar"},"medicamentoReferencia":null,"categoriaProduto":null,"tipoAutorizacao":"REGISTRADO","numeroRegistroFormatado":"100850123","mesAnoVencimentoFormatado":"04/2007","acancelar":false},"empresa":{"cnpj":"31673254000102","razaoSocial":"LABORATÓRIOS B. BRAUN S/A","numeroAutorizacao":"1000853","cnpjFormatado":"31.673.254/0001-02"},"processo":{"numero":"250000098029974","situacao":29,"numeroProcessoFormatado":"25000.009802/99-74"}},{"ordem":62,"produto":{"codigo":7682,"nome":"SULFATO DE MAGNESIO","numeroRegistro":"100850046","tipo":{"codigo":1,"descricao":null},"categoria":null,"situacaoRotulo":null,"dataVencimento":null,"mesAnoVencimento":"032007","dataVencimentoRegistro":"2007-03-01T00:00:00.000-0300","principioAtivo":null,"situacaoApresentacao":"Caduco/Cancelado","dataRegistro":"1901-01-01T00:00:00.000-0219","categoriaRegulatoria":{"codigo":8,"descricao":"Similar"},"medicamentoReferencia":null,"categoriaProduto":null,"tipoAutorizacao":"REGISTRADO","numeroRegistroFormatado":"100850046","mesAnoVencimentoFormatado":"03/2007","acancelar":false},"empresa":{"cnpj":"31673254000102","razaoSocial":"LABORATÓRIOS B. BRAUN S/A","numeroAutorizacao":"1000853","cnpjFormatado":"31.673.254/0001-02"},"processo":{"numero":"2599201716076","situacao":29,"numeroProcessoFormatado":"25992.017160/76"}},{"ordem":63,"produto":{"codigo":561296,"nome":"TETRASPAN","numeroRegistro":"100850141","tipo":{"codigo":1,"descricao":null},"categoria":null,"situacaoRotulo":null,"dataVencimento":null,"mesAnoVencimento":"042018","dataVencimentoRegistro":"2018-04-01T00:00:00.000-0300","principioAtivo":null,"situacaoApresentacao":"Caduco/Cancelado","dataRegistro":"2008-04-14T00:00:00.000-0300","categoriaRegulatoria":{"codigo":3,"descricao":"Específico"},"medicamentoReferencia":null,"categoriaProduto":null,"tipoAutorizacao":"REGISTRADO","numeroRegistroFormatado":"100850141","mesAnoVencimentoFormatado":"04/2018","acancelar":false},"empresa":{"cnpj":"31673254000102","razaoSocial":"LABORATÓRIOS B. BRAUN S/A","numeroAutorizacao":"1000853","cnpjFormatado":"31.673.254/0001-02"},"processo":{"numero":"25351473451200798","situacao":29,"numeroProcessoFormatado":"25351.473451/2007-98"}},{"ordem":64,"produto":{"codigo":492139,"nome":"VENOFUNDIN","numeroRegistro":"100850137","tipo":{"codigo":1,"descricao":null},"categoria":null,"situacaoRotulo":null,"dataVencimento":null,"mesAnoVencimento":"012017","dataVencimentoRegistro":"2017-01-01T00:00:00.000-0300","principioAtivo":null,"situacaoApresentacao":"Caduco/Cancelado","dataRegistro":"2007-01-15T00:00:00.000-0300","categoriaRegulatoria":{"codigo":3,"descricao":"Específico"},"medicamentoReferencia":null,"categoriaProduto":null,"tipoAutorizacao":"REGISTRADO","numeroRegistroFormatado":"100850137","mesAnoVencimentoFormatado":"01/2017","acancelar":false},"empresa":{"cnpj":"31673254000102","razaoSocial":"LABORATÓRIOS B. BRAUN S/A","numeroAutorizacao":"1000853","cnpjFormatado":"31.673.254/0001-02"},"processo":{"numero":"25351353338200614","situacao":31,"numeroProcessoFormatado":"25351.353338/2006-14"}},{"ordem":65,"produto":{"codigo":526,"nome":"ÁGUA PARA INJEÇÃO B. BRAUN","numeroRegistro":"100850117","tipo":{"codigo":1,"descricao":null},"categoria":null,"situacaoRotulo":null,"dataVencimento":null,"mesAnoVencimento":"042029","dataVencimentoRegistro":"2029-04-01T00:00:00.000-0300","principioAtivo":"ÁGUA PARA INJEÇÃO","situacaoApresentacao":"Válido","dataRegistro":"1999-04-09T00:00:00.000-0300","categoriaRegulatoria":{"codigo":3,"descricao":"Específico"},"medicamentoReferencia":null,"categoriaProduto":null,"tipoAutorizacao":"REGISTRADO","numeroRegistroFormatado":"100850117","mesAnoVencimentoFormatado":"04/2029","acancelar":false},"empresa":{"cnpj":"31673254000102","razaoSocial":"LABORATÓRIOS B. BRAUN S/A","numeroAutorizacao":"1000853","cnpjFormatado":"31.673.254/0001-02"},"processo":{"numero":"250000138269784","situacao":29,"numeroProcessoFormatado":"25000.013826/97-84"}}],"totalElements":65,"totalPages":1,"last":true,"numberOfElements":65,"first":true,"sort":null,"size":1000,"number":0}