{"content":[{"ordem":1,"produto":{"codigo":667,"nome":"AMIDOTRIZOATO DE MEGLUMINA","numeroRegistro":"130450005","tipo":{"codigo":1,"descricao":null},"categoria":null,"situacaoRotulo":null,"dataVencimento":null,"mesAnoVencimento":"112005","dataVencimentoRegistro":"2005-11-01T00:00:00.000-0300","principioAtivo":null,"situacaoApresentacao":"Caduco/Cancelado","dataRegistro":"2000-11-20T00:00:00.000-0300","categoriaRegulatoria":{"codigo":8,"descricao":"Similar"},"medicamentoReferencia":null,"categoriaProduto":null,"tipoAutorizacao":"REGISTRADO","acancelar":false,"mesAnoVencimentoFormatado":"11/2005","numeroRegistroFormatado":"130450005"},"empresa":{"cnpj":"32137424000199","razaoSocial":"ALKO DO BRASIL INDUSTRIA E COMERCIO LTDA","numeroAutorizacao":"1030454","cnpjFormatado":"32.137.424/0001-99"},"processo":{"numero":"253510148930068","situacao":29,"numeroProcessoFormatado":"25351.014893/00-68"}},{"ordem":2,"produto":{"codigo":669,"nome":"AMIDOTRIZOATO DE MEGLUMINA E AMIDOTRIZOATO DE MEGLUMINA E SÓDIO","numeroRegistro":"130450004","tipo":{"codigo":1,"descricao":null},"categoria":null,"situacaoRotulo":null,"dataVencimento":null,"mesAnoVencimento":"112005","dataVencimentoRegistro":"2005-11-01T00:00:00.000-0300","principioAtivo":null,"situacaoApresentacao":"Caduco/Cancelado","dataRegistro":"2000-11-10T00:00:00.000-0300","categoriaRegulatoria":{"codigo":8,"descricao":"Similar"},"medicamentoReferencia":null,"categoriaProduto":null,"tipoAutorizacao":"REGISTRADO","acancelar":false,"mesAnoVencimentoFormatado":"11/2005","numeroRegistroFormatado":"130450004"},"empresa":{"cnpj":"32137424000199","razaoSocial":"ALKO DO BRASIL INDUSTRIA E COMERCIO LTDA","numeroAutorizacao":"1030454","cnpjFormatado":"32.137.424/0001-99"},"processo":{"numero":"253510005790025","situacao":29,"numeroProcessoFormatado":"25351.000579/00-25"}},{"ordem":3,"produto":{"codigo":7633,"nome":"FLEXI-BAR","numeroRegistro":"130450002","tipo":{"codigo":1,"descricao":null},"categoria":null,"situacaoRotulo":null,"dataVencimento":null,"mesAnoVencimento":"072004","dataVencimentoRegistro":"2004-07-01T00:00:00.000-0300","principioAtivo":null,"situacaoApresentacao":"Caduco/Cancelado","dataRegistro":"1999-07-29T00:00:00.000-0300","categoriaRegulatoria":{"codigo":8,"descricao":"Similar"},"medicamentoReferencia":null,"categoriaProduto":null,"tipoAutorizacao":"REGISTRADO","acancelar":false,"mesAnoVencimentoFormatado":"07/2004","numeroRegistroFormatado":"130450002"},"empresa":{"cnpj":"32137424000199","razaoSocial":"ALKO DO BRASIL INDUSTRIA E COMERCIO LTDA","numeroAutorizacao":"1030454","cnpjFormatado":"32.137.424/0001-99"},"processo":{"numero":"250000065599780","situacao":29,"numeroProcessoFormatado":"25000.006559/97-80"}},{"ordem":4,"produto":{"codigo":5091,"nome":"IOPAMIDOL","numeroRegistro":"130450006","tipo":{"codigo":1,"descricao":null},"categoria":null,"situacaoRotulo":null,"dataVencimento":null,"mesAnoVencimento":"042006","dataVencimentoRegistro":"2006-04-01T00:00:00.000-0300","principioAtivo":null,"situacaoApresentacao":"Caduco/Cancelado","dataRegistro":"2001-04-04T00:00:00.000-0300","categoriaRegulatoria":{"codigo":8,"descricao":"Similar"},"medicamentoReferencia":null,"categoriaProduto":null,"tipoAutorizacao":"REGISTRADO","acancelar":false,"mesAnoVencimentoFormatado":"04/2006","numeroRegistroFormatado":"130450006"},"empresa":{"cnpj":"32137424000199","razaoSocial":"ALKO DO BRASIL INDUSTRIA E COMERCIO LTDA","numeroAutorizacao":"1030454","cnpjFormatado":"32.137.424/0001-99"},"processo":{"numero":"253510159350041","situacao":29,"numeroProcessoFormatado":"25351.015935/00-41"}},{"ordem":5,"produto":{"codigo":68419,"nome":"OPTI-BAR","numeroRegistro":"130450008","tipo":{"codigo":1,"descricao":null},"categoria":null,"situacaoRotulo":null,"dataVencimento":null,"mesAnoVencimento":"032027","dataVencimentoRegistro":"2027-03-01T00:00:00.000-0300","principioAtivo":"SULFATO DE BÁRIO","situacaoApresentacao":"Válido","dataRegistro":"2002-03-18T00:00:00.000-0300","categoriaRegulatoria":{"codigo":8,"descricao":"Similar"},"medicamentoReferencia":null,"categoriaProduto":null,"tipoAutorizacao":"REGISTRADO","acancelar":false,"mesAnoVencimentoFormatado":"03/2027","numeroRegistroFormatado":"130450008"},"empresa":{"cnpj":"32137424000199","razaoSocial":"ALKO DO BRASIL INDUSTRIA E COMERCIO LTDA","numeroAutorizacao":"1030454","cnpjFormatado":"32.137.424/0001-99"},"processo":{"numero":"253510171800019","situacao":29,"numeroProcessoFormatado":"25351.017180/00-19"}},{"ordem":6,"produto":{"codigo":7629,"nome":"OPTI-BE","numeroRegistro":"130450003","tipo":{"codigo":1,"descricao":null},"categoria":null,"situacaoRotulo":null,"dataVencimento":null,"mesAnoVencimento":"072004","dataVencimentoRegistro":"2004-07-01T00:00:00.000-0300","principioAtivo":null,"situacaoApresentacao":"Caduco/Cancelado","dataRegistro":"1999-07-29T00:00:00.000-0300","categoriaRegulatoria":{"codigo":8,"descricao":"Similar"},"medicamentoReferencia":null,"categoriaProduto":null,"tipoAutorizacao":"REGISTRADO","acancelar":false,"mesAnoVencimentoFormatado":"07/2004","numeroRegistroFormatado":"130450003"},"empresa":{"cnpj":"32137424000199","razaoSocial":"ALKO DO BRASIL INDUSTRIA E COMERCIO LTDA","numeroAutorizacao":"1030454","cnpjFormatado":"32.137.424/0001-99"},"processo":{"numero":"250000387249663","situacao":29,"numeroProcessoFormatado":"25000.038724/96-63"}},{"ordem":7,"produto":{"codigo":7628,"nome":"TOP CAT","numeroRegistro":"130450001","tipo":{"codigo":1,"descricao":null},"categoria":null,"situacaoRotulo":null,"dataVencimento":null,"mesAnoVencimento":"072009","dataVencimentoRegistro":"2009-07-01T00:00:00.000-0300","principioAtivo":null,"situacaoApresentacao":"Caduco/Cancelado","dataRegistro":"1999-07-29T00:00:00.000-0300","categoriaRegulatoria":{"codigo":8,"descricao":"Similar"},"medicamentoReferencia":null,"categoriaProduto":null,"tipoAutorizacao":"REGISTRADO","acancelar":false,"mesAnoVencimentoFormatado":"07/2009","numeroRegistroFormatado":"130450001"},"empresa":{"cnpj":"32137424000199","razaoSocial":"ALKO DO BRASIL INDUSTRIA E COMERCIO LTDA","numeroAutorizacao":"1030454","cnpjFormatado":"32.137.424/0001-99"},"processo":{"numero":"250000387239609","situacao":29,"numeroProcessoFormatado":"25000.038723/96-09"}},{"ordem":8,"produto":{"codigo":165114,"nome":"VIEWGAM","numeroRegistro":"130450007","tipo":{"codigo":1,"descricao":null},"categoria":null,"situacaoRotulo":null,"dataVencimento":null,"mesAnoVencimento":"062027","dataVencimentoRegistro":"2027-06-01T00:00:00.000-0300","principioAtivo":"GADOPENTETATO DE DIMEGLUMINA","situacaoApresentacao":"Válido","dataRegistro":"2001-06-29T00:00:00.000-0300","categoriaRegulatoria":{"codigo":8,"descricao":"Similar"},"medicamentoReferencia":null,"categoriaProduto":null,"tipoAutorizacao":"REGISTRADO","acancelar":false,"mesAnoVencimentoFormatado":"06/2027","numeroRegistroFormatado":"130450007"},"empresa":{"cnpj":"32137424000199","razaoSocial":"ALKO DO BRASIL INDUSTRIA E COMERCIO LTDA","numeroAutorizacao":"1030454","cnpjFormatado":"32.137.424/0001-99"},"processo":{"numero":"253510005720086","situacao":29,"numeroProcessoFormatado":"25351.000572/00-86"}}],"totalElements":8,"totalPages":1,"last":true,"numberOfElements":8,"size":1000,"number":0,"first":true,"sort":null}