{"content":[{"ordem":1,"produto":{"codigo":4874,"nome":"EUTROPIN","numeroRegistro":"105560001","tipo":{"codigo":1,"descricao":null},"categoria":null,"situacaoRotulo":null,"dataVencimento":null,"mesAnoVencimento":"062014","dataVencimentoRegistro":"2014-06-01T00:00:00.000-0300","principioAtivo":null,"situacaoApresentacao":"Caduco/Cancelado","dataRegistro":"1999-06-14T00:00:00.000-0300","categoriaRegulatoria":{"codigo":8,"descricao":"Similar"},"medicamentoReferencia":null,"categoriaProduto":null,"tipoAutorizacao":"REGISTRADO","acancelar":false,"mesAnoVencimentoFormatado":"06/2014","numeroRegistroFormatado":"105560001"},"empresa":{"cnpj":"32149544000106","razaoSocial":"DISMÉDICA DISTRIBUIDORA DE PRODUTOS HOSPITALARES E FARMACÊUTICOS LTDA","numeroAutorizacao":null,"cnpjFormatado":"32.149.544/0001-06"},"processo":{"numero":"250000126319871","situacao":29,"numeroProcessoFormatado":"25000.012631/98-71"}},{"ordem":2,"produto":{"codigo":126590,"nome":"VACINA CONTRA HEPATITE B  RECOMBINANTE","numeroRegistro":"103580001","tipo":{"codigo":1,"descricao":null},"categoria":null,"situacaoRotulo":null,"dataVencimento":null,"mesAnoVencimento":"052007","dataVencimentoRegistro":"2007-05-01T00:00:00.000-0300","principioAtivo":null,"situacaoApresentacao":"Caduco/Cancelado","dataRegistro":"2002-05-15T00:00:00.000-0300","categoriaRegulatoria":{"codigo":6,"descricao":"Novo"},"medicamentoReferencia":null,"categoriaProduto":null,"tipoAutorizacao":"REGISTRADO","acancelar":false,"mesAnoVencimentoFormatado":"05/2007","numeroRegistroFormatado":"103580001"},"empresa":{"cnpj":"32149544000106","razaoSocial":"DISMÉDICA DISTRIBUIDORA DE PRODUTOS HOSPITALARES E FARMACÊUTICOS LTDA","numeroAutorizacao":null,"cnpjFormatado":"32.149.544/0001-06"},"processo":{"numero":"250000125839820","situacao":29,"numeroProcessoFormatado":"25000.012583/98-20"}}],"totalElements":2,"totalPages":1,"last":true,"numberOfElements":2,"size":1000,"number":0,"first":true,"sort":null}