{"content":[{"ordem":1,"produto":{"codigo":366818,"nome":"ARTEMETER","numeroRegistro":"118360013","tipo":{"codigo":1,"descricao":null},"categoria":null,"situacaoRotulo":null,"dataVencimento":null,"mesAnoVencimento":"052004","dataVencimentoRegistro":"2004-05-01T00:00:00.000-0300","principioAtivo":null,"situacaoApresentacao":"Caduco/Cancelado","dataRegistro":"2001-08-24T00:00:00.000-0300","categoriaRegulatoria":{"codigo":8,"descricao":"Similar"},"medicamentoReferencia":null,"categoriaProduto":null,"tipoAutorizacao":"REGISTRADO","acancelar":false,"mesAnoVencimentoFormatado":"05/2004","numeroRegistroFormatado":"118360013"},"empresa":{"cnpj":"33019548000132","razaoSocial":"SILVESTRE LABS QUÍMICA E FARMACÊUTICA LTDA","numeroAutorizacao":"1032889","cnpjFormatado":"33.019.548/0001-32"},"processo":{"numero":"250000006719715","situacao":29,"numeroProcessoFormatado":"25000.000671/97-15"}},{"ordem":2,"produto":{"codigo":906,"nome":"ARTEZINE","numeroRegistro":"118360003","tipo":{"codigo":1,"descricao":null},"categoria":null,"situacaoRotulo":null,"dataVencimento":null,"mesAnoVencimento":"102009","dataVencimentoRegistro":"2009-10-01T00:00:00.000-0300","principioAtivo":null,"situacaoApresentacao":"Caduco/Cancelado","dataRegistro":"2001-10-15T00:00:00.000-0200","categoriaRegulatoria":{"codigo":8,"descricao":"Similar"},"medicamentoReferencia":null,"categoriaProduto":null,"tipoAutorizacao":"REGISTRADO","acancelar":false,"mesAnoVencimentoFormatado":"10/2009","numeroRegistroFormatado":"118360003"},"empresa":{"cnpj":"33019548000132","razaoSocial":"SILVESTRE LABS QUÍMICA E FARMACÊUTICA LTDA","numeroAutorizacao":"1032889","cnpjFormatado":"33.019.548/0001-32"},"processo":{"numero":"2500000066897","situacao":29,"numeroProcessoFormatado":"25000.000668/97"}},{"ordem":3,"produto":{"codigo":1947,"nome":"CIPROGLEN","numeroRegistro":"118360018","tipo":{"codigo":1,"descricao":null},"categoria":null,"situacaoRotulo":null,"dataVencimento":null,"mesAnoVencimento":"052006","dataVencimentoRegistro":"2006-05-01T00:00:00.000-0300","principioAtivo":null,"situacaoApresentacao":"Caduco/Cancelado","dataRegistro":"2001-06-07T00:00:00.000-0300","categoriaRegulatoria":{"codigo":8,"descricao":"Similar"},"medicamentoReferencia":null,"categoriaProduto":null,"tipoAutorizacao":"REGISTRADO","acancelar":false,"mesAnoVencimentoFormatado":"05/2006","numeroRegistroFormatado":"118360018"},"empresa":{"cnpj":"33019548000132","razaoSocial":"SILVESTRE LABS QUÍMICA E FARMACÊUTICA LTDA","numeroAutorizacao":"1032889","cnpjFormatado":"33.019.548/0001-32"},"processo":{"numero":"253510075580194","situacao":29,"numeroProcessoFormatado":"25351.007558/01-94"}},{"ordem":4,"produto":{"codigo":7542,"nome":"DERMACERIUM","numeroRegistro":"118360006","tipo":{"codigo":1,"descricao":null},"categoria":null,"situacaoRotulo":null,"dataVencimento":null,"mesAnoVencimento":"012029","dataVencimentoRegistro":"2029-01-01T00:00:00.000-0300","principioAtivo":null,"situacaoApresentacao":"Caduco/Cancelado","dataRegistro":"1999-01-21T00:00:00.000-0300","categoriaRegulatoria":{"codigo":6,"descricao":"Novo"},"medicamentoReferencia":null,"categoriaProduto":null,"tipoAutorizacao":"REGISTRADO","acancelar":false,"mesAnoVencimentoFormatado":"01/2029","numeroRegistroFormatado":"118360006"},"empresa":{"cnpj":"33019548000132","razaoSocial":"SILVESTRE LABS QUÍMICA E FARMACÊUTICA LTDA","numeroAutorizacao":"1032889","cnpjFormatado":"33.019.548/0001-32"},"processo":{"numero":"250000242029620","situacao":29,"numeroProcessoFormatado":"25000.024202/96-20"}},{"ordem":5,"produto":{"codigo":7540,"nome":"DERMAZINE","numeroRegistro":"118360001","tipo":{"codigo":1,"descricao":null},"categoria":null,"situacaoRotulo":null,"dataVencimento":null,"mesAnoVencimento":"082026","dataVencimentoRegistro":"2026-08-01T00:00:00.000-0300","principioAtivo":null,"situacaoApresentacao":"Caduco/Cancelado","dataRegistro":"2001-09-27T00:00:00.000-0300","categoriaRegulatoria":{"codigo":8,"descricao":"Similar"},"medicamentoReferencia":null,"categoriaProduto":null,"tipoAutorizacao":"REGISTRADO","acancelar":false,"mesAnoVencimentoFormatado":"08/2026","numeroRegistroFormatado":"118360001"},"empresa":{"cnpj":"33019548000132","razaoSocial":"SILVESTRE LABS QUÍMICA E FARMACÊUTICA LTDA","numeroAutorizacao":"1032889","cnpjFormatado":"33.019.548/0001-32"},"processo":{"numero":"250000114479118","situacao":29,"numeroProcessoFormatado":"25000.011447/91-18"}},{"ordem":6,"produto":{"codigo":5546,"nome":"ENACOR","numeroRegistro":"118360008","tipo":{"codigo":1,"descricao":null},"categoria":null,"situacaoRotulo":null,"dataVencimento":null,"mesAnoVencimento":"032004","dataVencimentoRegistro":"2004-03-01T00:00:00.000-0300","principioAtivo":null,"situacaoApresentacao":"Caduco/Cancelado","dataRegistro":"1999-03-12T00:00:00.000-0300","categoriaRegulatoria":{"codigo":8,"descricao":"Similar"},"medicamentoReferencia":null,"categoriaProduto":null,"tipoAutorizacao":"REGISTRADO","acancelar":false,"mesAnoVencimentoFormatado":"03/2004","numeroRegistroFormatado":"118360008"},"empresa":{"cnpj":"33019548000132","razaoSocial":"SILVESTRE LABS QUÍMICA E FARMACÊUTICA LTDA","numeroAutorizacao":"1032889","cnpjFormatado":"33.019.548/0001-32"},"processo":{"numero":"250000315039727","situacao":29,"numeroProcessoFormatado":"25000.031503/97-27"}},{"ordem":7,"produto":{"codigo":60,"nome":"ERITROKINE","numeroRegistro":"118360015","tipo":{"codigo":1,"descricao":null},"categoria":null,"situacaoRotulo":null,"dataVencimento":null,"mesAnoVencimento":"102010","dataVencimentoRegistro":"2010-10-01T00:00:00.000-0300","principioAtivo":null,"situacaoApresentacao":"Caduco/Cancelado","dataRegistro":"2000-10-27T00:00:00.000-0300","categoriaRegulatoria":{"codigo":8,"descricao":"Similar"},"medicamentoReferencia":null,"categoriaProduto":null,"tipoAutorizacao":"REGISTRADO","acancelar":false,"mesAnoVencimentoFormatado":"10/2010","numeroRegistroFormatado":"118360015"},"empresa":{"cnpj":"33019548000132","razaoSocial":"SILVESTRE LABS QUÍMICA E FARMACÊUTICA LTDA","numeroAutorizacao":"1032889","cnpjFormatado":"33.019.548/0001-32"},"processo":{"numero":"253510219920060","situacao":29,"numeroProcessoFormatado":"25351.021992/00-60"}},{"ordem":8,"produto":{"codigo":4992,"nome":"INTERFERON ALFA - 2","numeroRegistro":"118360017","tipo":{"codigo":1,"descricao":null},"categoria":null,"situacaoRotulo":null,"dataVencimento":null,"mesAnoVencimento":"102005","dataVencimentoRegistro":"2005-10-01T00:00:00.000-0300","principioAtivo":null,"situacaoApresentacao":"Caduco/Cancelado","dataRegistro":"2000-11-01T00:00:00.000-0300","categoriaRegulatoria":{"codigo":8,"descricao":"Similar"},"medicamentoReferencia":null,"categoriaProduto":null,"tipoAutorizacao":"REGISTRADO","acancelar":false,"mesAnoVencimentoFormatado":"10/2005","numeroRegistroFormatado":"118360017"},"empresa":{"cnpj":"33019548000132","razaoSocial":"SILVESTRE LABS QUÍMICA E FARMACÊUTICA LTDA","numeroAutorizacao":"1032889","cnpjFormatado":"33.019.548/0001-32"},"processo":{"numero":"253510231400071","situacao":29,"numeroProcessoFormatado":"25351.023140/00-71"}},{"ordem":9,"produto":{"codigo":5003,"nome":"INTERFERON HUMANO TIPO ALFA - 2B","numeroRegistro":"118360016","tipo":{"codigo":1,"descricao":null},"categoria":null,"situacaoRotulo":null,"dataVencimento":null,"mesAnoVencimento":"102005","dataVencimentoRegistro":"2005-10-01T00:00:00.000-0300","principioAtivo":null,"situacaoApresentacao":"Caduco/Cancelado","dataRegistro":"2000-11-01T00:00:00.000-0300","categoriaRegulatoria":{"codigo":8,"descricao":"Similar"},"medicamentoReferencia":null,"categoriaProduto":null,"tipoAutorizacao":"REGISTRADO","acancelar":false,"mesAnoVencimentoFormatado":"10/2005","numeroRegistroFormatado":"118360016"},"empresa":{"cnpj":"33019548000132","razaoSocial":"SILVESTRE LABS QUÍMICA E FARMACÊUTICA LTDA","numeroAutorizacao":"1032889","cnpjFormatado":"33.019.548/0001-32"},"processo":{"numero":"253510231410033","situacao":29,"numeroProcessoFormatado":"25351.023141/00-33"}},{"ordem":10,"produto":{"codigo":5668,"nome":"MEFLEXIL","numeroRegistro":"118360005","tipo":{"codigo":1,"descricao":null},"categoria":null,"situacaoRotulo":null,"dataVencimento":null,"mesAnoVencimento":"092003","dataVencimentoRegistro":"2003-09-01T00:00:00.000-0300","principioAtivo":null,"situacaoApresentacao":"Caduco/Cancelado","dataRegistro":"1998-09-21T00:00:00.000-0300","categoriaRegulatoria":{"codigo":8,"descricao":"Similar"},"medicamentoReferencia":null,"categoriaProduto":null,"tipoAutorizacao":"REGISTRADO","acancelar":false,"mesAnoVencimentoFormatado":"09/2003","numeroRegistroFormatado":"118360005"},"empresa":{"cnpj":"33019548000132","razaoSocial":"SILVESTRE LABS QUÍMICA E FARMACÊUTICA LTDA","numeroAutorizacao":"1032889","cnpjFormatado":"33.019.548/0001-32"},"processo":{"numero":"250000314959709","situacao":29,"numeroProcessoFormatado":"25000.031495/97-09"}},{"ordem":11,"produto":{"codigo":887,"nome":"MEGLUXIL","numeroRegistro":"118360011","tipo":{"codigo":1,"descricao":null},"categoria":null,"situacaoRotulo":null,"dataVencimento":null,"mesAnoVencimento":"052004","dataVencimentoRegistro":"2004-05-01T00:00:00.000-0300","principioAtivo":null,"situacaoApresentacao":"Caduco/Cancelado","dataRegistro":"1999-05-24T00:00:00.000-0300","categoriaRegulatoria":{"codigo":8,"descricao":"Similar"},"medicamentoReferencia":null,"categoriaProduto":null,"tipoAutorizacao":"REGISTRADO","acancelar":false,"mesAnoVencimentoFormatado":"05/2004","numeroRegistroFormatado":"118360011"},"empresa":{"cnpj":"33019548000132","razaoSocial":"SILVESTRE LABS QUÍMICA E FARMACÊUTICA LTDA","numeroAutorizacao":"1032889","cnpjFormatado":"33.019.548/0001-32"},"processo":{"numero":"250000315059752","situacao":29,"numeroProcessoFormatado":"25000.031505/97-52"}},{"ordem":12,"produto":{"codigo":6216,"nome":"NISTAZINE","numeroRegistro":"118360007","tipo":{"codigo":1,"descricao":null},"categoria":null,"situacaoRotulo":null,"dataVencimento":null,"mesAnoVencimento":"022004","dataVencimentoRegistro":"2004-02-01T00:00:00.000-0300","principioAtivo":null,"situacaoApresentacao":"Caduco/Cancelado","dataRegistro":"1999-02-23T00:00:00.000-0300","categoriaRegulatoria":{"codigo":8,"descricao":"Similar"},"medicamentoReferencia":null,"categoriaProduto":null,"tipoAutorizacao":"REGISTRADO","acancelar":false,"mesAnoVencimentoFormatado":"02/2004","numeroRegistroFormatado":"118360007"},"empresa":{"cnpj":"33019548000132","razaoSocial":"SILVESTRE LABS QUÍMICA E FARMACÊUTICA LTDA","numeroAutorizacao":"1032889","cnpjFormatado":"33.019.548/0001-32"},"processo":{"numero":"250000031089754","situacao":29,"numeroProcessoFormatado":"25000.003108/97-54"}},{"ordem":13,"produto":{"codigo":6497,"nome":"OXAMIXIL","numeroRegistro":"118360009","tipo":{"codigo":1,"descricao":null},"categoria":null,"situacaoRotulo":null,"dataVencimento":null,"mesAnoVencimento":"042004","dataVencimentoRegistro":"2004-04-01T00:00:00.000-0300","principioAtivo":null,"situacaoApresentacao":"Caduco/Cancelado","dataRegistro":"1999-04-13T00:00:00.000-0300","categoriaRegulatoria":{"codigo":8,"descricao":"Similar"},"medicamentoReferencia":null,"categoriaProduto":null,"tipoAutorizacao":"REGISTRADO","acancelar":false,"mesAnoVencimentoFormatado":"04/2004","numeroRegistroFormatado":"118360009"},"empresa":{"cnpj":"33019548000132","razaoSocial":"SILVESTRE LABS QUÍMICA E FARMACÊUTICA LTDA","numeroAutorizacao":"1032889","cnpjFormatado":"33.019.548/0001-32"},"processo":{"numero":"250000315029764","situacao":29,"numeroProcessoFormatado":"25000.031502/97-64"}},{"ordem":14,"produto":{"codigo":457,"nome":"SOMIXIL","numeroRegistro":"118360004","tipo":{"codigo":1,"descricao":null},"categoria":null,"situacaoRotulo":null,"dataVencimento":null,"mesAnoVencimento":"092003","dataVencimentoRegistro":"2003-09-01T00:00:00.000-0300","principioAtivo":null,"situacaoApresentacao":"Caduco/Cancelado","dataRegistro":"1998-09-21T00:00:00.000-0300","categoriaRegulatoria":{"codigo":8,"descricao":"Similar"},"medicamentoReferencia":null,"categoriaProduto":null,"tipoAutorizacao":"REGISTRADO","acancelar":false,"mesAnoVencimentoFormatado":"09/2003","numeroRegistroFormatado":"118360004"},"empresa":{"cnpj":"33019548000132","razaoSocial":"SILVESTRE LABS QUÍMICA E FARMACÊUTICA LTDA","numeroAutorizacao":"1032889","cnpjFormatado":"33.019.548/0001-32"},"processo":{"numero":"250000245659683","situacao":29,"numeroProcessoFormatado":"25000.024565/96-83"}},{"ordem":15,"produto":{"codigo":8160,"nome":"VACINA CONTRA HEPATITE B RECOMBINANTE","numeroRegistro":"118360012","tipo":{"codigo":1,"descricao":null},"categoria":null,"situacaoRotulo":null,"dataVencimento":null,"mesAnoVencimento":"082005","dataVencimentoRegistro":"2005-08-01T00:00:00.000-0300","principioAtivo":null,"situacaoApresentacao":"Caduco/Cancelado","dataRegistro":"2000-08-07T00:00:00.000-0300","categoriaRegulatoria":{"codigo":8,"descricao":"Similar"},"medicamentoReferencia":null,"categoriaProduto":null,"tipoAutorizacao":"REGISTRADO","acancelar":false,"mesAnoVencimentoFormatado":"08/2005","numeroRegistroFormatado":"118360012"},"empresa":{"cnpj":"33019548000132","razaoSocial":"SILVESTRE LABS QUÍMICA E FARMACÊUTICA LTDA","numeroAutorizacao":"1032889","cnpjFormatado":"33.019.548/0001-32"},"processo":{"numero":"250000314939775","situacao":29,"numeroProcessoFormatado":"25000.031493/97-75"}},{"ordem":16,"produto":{"codigo":7060,"nome":"ZIQUEMAX","numeroRegistro":"118360010","tipo":{"codigo":1,"descricao":null},"categoria":null,"situacaoRotulo":null,"dataVencimento":null,"mesAnoVencimento":"052004","dataVencimentoRegistro":"2004-05-01T00:00:00.000-0300","principioAtivo":null,"situacaoApresentacao":"Caduco/Cancelado","dataRegistro":"1999-05-10T00:00:00.000-0300","categoriaRegulatoria":{"codigo":8,"descricao":"Similar"},"medicamentoReferencia":null,"categoriaProduto":null,"tipoAutorizacao":"REGISTRADO","acancelar":false,"mesAnoVencimentoFormatado":"05/2004","numeroRegistroFormatado":"118360010"},"empresa":{"cnpj":"33019548000132","razaoSocial":"SILVESTRE LABS QUÍMICA E FARMACÊUTICA LTDA","numeroAutorizacao":"1032889","cnpjFormatado":"33.019.548/0001-32"},"processo":{"numero":"250000031079791","situacao":29,"numeroProcessoFormatado":"25000.003107/97-91"}}],"totalElements":16,"totalPages":1,"last":true,"numberOfElements":16,"first":true,"sort":null,"size":1000,"number":0}