{"content":[{"ordem":1,"produto":{"codigo":2492,"nome":"CLORIDRATO DE DILTIAZEM","numeroRegistro":"104640010","tipo":{"codigo":1,"descricao":null},"categoria":null,"situacaoRotulo":null,"dataVencimento":null,"mesAnoVencimento":"072004","dataVencimentoRegistro":"2004-07-01T00:00:00.000-0300","principioAtivo":null,"situacaoApresentacao":"Caduco/Cancelado","dataRegistro":"1999-08-25T00:00:00.000-0300","categoriaRegulatoria":{"codigo":8,"descricao":"Similar"},"medicamentoReferencia":null,"categoriaProduto":null,"tipoAutorizacao":"REGISTRADO","acancelar":false,"numeroRegistroFormatado":"104640010","mesAnoVencimentoFormatado":"07/2004"},"empresa":{"cnpj":"33043308000173","razaoSocial":"BARRENNE INDÚSTRIA FARMACÊUTICA LTDA","numeroAutorizacao":null,"cnpjFormatado":"33.043.308/0001-73"},"processo":{"numero":"250000010549918","situacao":29,"numeroProcessoFormatado":"25000.001054/99-18"}},{"ordem":2,"produto":{"codigo":564784,"nome":"IBUX","numeroRegistro":"104640014","tipo":{"codigo":1,"descricao":null},"categoria":null,"situacaoRotulo":null,"dataVencimento":null,"mesAnoVencimento":"042011","dataVencimentoRegistro":"2011-04-01T00:00:00.000-0300","principioAtivo":null,"situacaoApresentacao":"Caduco/Cancelado","dataRegistro":"2008-09-29T00:00:00.000-0300","categoriaRegulatoria":{"codigo":8,"descricao":"Similar"},"medicamentoReferencia":null,"categoriaProduto":null,"tipoAutorizacao":"REGISTRADO","acancelar":false,"numeroRegistroFormatado":"104640014","mesAnoVencimentoFormatado":"04/2011"},"empresa":{"cnpj":"33043308000173","razaoSocial":"BARRENNE INDÚSTRIA FARMACÊUTICA LTDA","numeroAutorizacao":null,"cnpjFormatado":"33.043.308/0001-73"},"processo":{"numero":"25351054043200811","situacao":29,"numeroProcessoFormatado":"25351.054043/2008-11"}},{"ordem":3,"produto":{"codigo":355150,"nome":"PARAPSYL","numeroRegistro":"104640013","tipo":{"codigo":1,"descricao":null},"categoria":null,"situacaoRotulo":null,"dataVencimento":null,"mesAnoVencimento":"052011","dataVencimentoRegistro":"2011-05-01T00:00:00.000-0300","principioAtivo":null,"situacaoApresentacao":"Caduco/Cancelado","dataRegistro":"2004-03-11T00:00:00.000-0300","categoriaRegulatoria":{"codigo":6,"descricao":"Novo"},"medicamentoReferencia":null,"categoriaProduto":null,"tipoAutorizacao":"REGISTRADO","acancelar":false,"numeroRegistroFormatado":"104640013","mesAnoVencimentoFormatado":"05/2011"},"empresa":{"cnpj":"33043308000173","razaoSocial":"BARRENNE INDÚSTRIA FARMACÊUTICA LTDA","numeroAutorizacao":null,"cnpjFormatado":"33.043.308/0001-73"},"processo":{"numero":"253510267110056","situacao":29,"numeroProcessoFormatado":"25351.026711/00-56"}},{"ordem":4,"produto":{"codigo":271059,"nome":"QUINICARDINE","numeroRegistro":"104640012","tipo":{"codigo":1,"descricao":null},"categoria":null,"situacaoRotulo":null,"dataVencimento":null,"mesAnoVencimento":"042009","dataVencimentoRegistro":"2009-04-01T00:00:00.000-0300","principioAtivo":null,"situacaoApresentacao":"Caduco/Cancelado","dataRegistro":"1978-09-15T00:00:00.000-0300","categoriaRegulatoria":{"codigo":8,"descricao":"Similar"},"medicamentoReferencia":null,"categoriaProduto":null,"tipoAutorizacao":"REGISTRADO","acancelar":false,"numeroRegistroFormatado":"104640012","mesAnoVencimentoFormatado":"04/2009"},"empresa":{"cnpj":"33043308000173","razaoSocial":"BARRENNE INDÚSTRIA FARMACÊUTICA LTDA","numeroAutorizacao":null,"cnpjFormatado":"33.043.308/0001-73"},"processo":{"numero":"2599200030230","situacao":29,"numeroProcessoFormatado":"25992.000302/30"}},{"ordem":5,"produto":{"codigo":330805,"nome":"TAMARINE","numeroRegistro":"104640009","tipo":{"codigo":1,"descricao":null},"categoria":null,"situacaoRotulo":null,"dataVencimento":null,"mesAnoVencimento":"082009","dataVencimentoRegistro":"2009-08-01T00:00:00.000-0300","principioAtivo":null,"situacaoApresentacao":"Caduco/Cancelado","dataRegistro":"1996-06-20T00:00:00.000-0300","categoriaRegulatoria":{"codigo":4,"descricao":"Fitoterápico"},"medicamentoReferencia":null,"categoriaProduto":null,"tipoAutorizacao":"REGISTRADO","acancelar":false,"numeroRegistroFormatado":"104640009","mesAnoVencimentoFormatado":"08/2009"},"empresa":{"cnpj":"33043308000173","razaoSocial":"BARRENNE INDÚSTRIA FARMACÊUTICA LTDA","numeroAutorizacao":null,"cnpjFormatado":"33.043.308/0001-73"},"processo":{"numero":"2500101435284","situacao":29,"numeroProcessoFormatado":"25001.014352/84"}},{"ordem":6,"produto":{"codigo":173052,"nome":"VALDORM","numeroRegistro":"104640011","tipo":{"codigo":1,"descricao":null},"categoria":null,"situacaoRotulo":null,"dataVencimento":null,"mesAnoVencimento":"062009","dataVencimentoRegistro":"2009-06-01T00:00:00.000-0300","principioAtivo":null,"situacaoApresentacao":"Caduco/Cancelado","dataRegistro":"2003-02-19T00:00:00.000-0300","categoriaRegulatoria":{"codigo":4,"descricao":"Fitoterápico"},"medicamentoReferencia":null,"categoriaProduto":null,"tipoAutorizacao":"REGISTRADO","acancelar":false,"numeroRegistroFormatado":"104640011","mesAnoVencimentoFormatado":"06/2009"},"empresa":{"cnpj":"33043308000173","razaoSocial":"BARRENNE INDÚSTRIA FARMACÊUTICA LTDA","numeroAutorizacao":null,"cnpjFormatado":"33.043.308/0001-73"},"processo":{"numero":"253510305330194","situacao":29,"numeroProcessoFormatado":"25351.030533/01-94"}}],"totalPages":1,"totalElements":6,"last":true,"numberOfElements":6,"first":true,"sort":null,"size":1000,"number":0}