{"content":[{"ordem":1,"produto":{"codigo":263,"nome":"ACETONIDO DE FLUOCINOLONA + NEOMICINA + POLIMIXINA B + LIDOCAÍNA","numeroRegistro":"101620221","tipo":{"codigo":1,"descricao":null},"categoria":null,"situacaoRotulo":null,"dataVencimento":null,"mesAnoVencimento":"102005","dataVencimentoRegistro":"2005-10-01T00:00:00.000-0300","principioAtivo":null,"situacaoApresentacao":"Caduco/Cancelado","dataRegistro":"2000-10-13T00:00:00.000-0200","categoriaRegulatoria":{"codigo":8,"descricao":"Similar"},"medicamentoReferencia":null,"categoriaProduto":null,"tipoAutorizacao":"REGISTRADO","acancelar":false,"numeroRegistroFormatado":"101620221","mesAnoVencimentoFormatado":"10/2005"},"empresa":{"cnpj":"33051491000159","razaoSocial":"LABORATÓRIOS PIERRE FABRE DO BRASIL LTDA","numeroAutorizacao":"1001629","cnpjFormatado":"33.051.491/0001-59"},"processo":{"numero":"253510103430015","situacao":29,"numeroProcessoFormatado":"25351.010343/00-15"}},{"ordem":2,"produto":{"codigo":484,"nome":"ACIDO SALICILICO + ACIDO LATICO","numeroRegistro":"101620199","tipo":{"codigo":1,"descricao":null},"categoria":null,"situacaoRotulo":null,"dataVencimento":null,"mesAnoVencimento":"072003","dataVencimentoRegistro":"2003-07-01T00:00:00.000-0300","principioAtivo":null,"situacaoApresentacao":"Caduco/Cancelado","dataRegistro":"1998-07-13T00:00:00.000-0300","categoriaRegulatoria":{"codigo":8,"descricao":"Similar"},"medicamentoReferencia":null,"categoriaProduto":null,"tipoAutorizacao":"REGISTRADO","acancelar":false,"numeroRegistroFormatado":"101620199","mesAnoVencimentoFormatado":"07/2003"},"empresa":{"cnpj":"33051491000159","razaoSocial":"LABORATÓRIOS PIERRE FABRE DO BRASIL LTDA","numeroAutorizacao":"1001629","cnpjFormatado":"33.051.491/0001-59"},"processo":{"numero":"250000255919718","situacao":29,"numeroProcessoFormatado":"25000.025591/97-18"}},{"ordem":3,"produto":{"codigo":70982,"nome":"AD-ELEMENT","numeroRegistro":"101620181","tipo":{"codigo":1,"descricao":null},"categoria":null,"situacaoRotulo":null,"dataVencimento":null,"mesAnoVencimento":"042019","dataVencimentoRegistro":"2019-04-01T00:00:00.000-0300","principioAtivo":null,"situacaoApresentacao":"Caduco/Cancelado","dataRegistro":"1994-04-22T00:00:00.000-0300","categoriaRegulatoria":{"codigo":8,"descricao":"Similar"},"medicamentoReferencia":null,"categoriaProduto":null,"tipoAutorizacao":"REGISTRADO","acancelar":false,"numeroRegistroFormatado":"101620181","mesAnoVencimentoFormatado":"04/2019"},"empresa":{"cnpj":"33051491000159","razaoSocial":"LABORATÓRIOS PIERRE FABRE DO BRASIL LTDA","numeroAutorizacao":"1001629","cnpjFormatado":"33.051.491/0001-59"},"processo":{"numero":"2500000424789","situacao":29,"numeroProcessoFormatado":"25000.004247/89"}},{"ordem":4,"produto":{"codigo":527,"nome":"AGUA PARA INJECAO","numeroRegistro":"101620203","tipo":{"codigo":1,"descricao":null},"categoria":null,"situacaoRotulo":null,"dataVencimento":null,"mesAnoVencimento":"052014","dataVencimentoRegistro":"2014-05-01T00:00:00.000-0300","principioAtivo":null,"situacaoApresentacao":"Caduco/Cancelado","dataRegistro":"1999-05-04T00:00:00.000-0300","categoriaRegulatoria":{"codigo":8,"descricao":"Similar"},"medicamentoReferencia":null,"categoriaProduto":null,"tipoAutorizacao":"REGISTRADO","acancelar":false,"numeroRegistroFormatado":"101620203","mesAnoVencimentoFormatado":"05/2014"},"empresa":{"cnpj":"33051491000159","razaoSocial":"LABORATÓRIOS PIERRE FABRE DO BRASIL LTDA","numeroAutorizacao":"1001629","cnpjFormatado":"33.051.491/0001-59"},"processo":{"numero":"250000093629540","situacao":29,"numeroProcessoFormatado":"25000.009362/95-40"}},{"ordem":5,"produto":{"codigo":1130,"nome":"BESILATO DE AMLODIPINA","numeroRegistro":"101620222","tipo":{"codigo":1,"descricao":null},"categoria":null,"situacaoRotulo":null,"dataVencimento":null,"mesAnoVencimento":"102005","dataVencimentoRegistro":"2005-10-01T00:00:00.000-0300","principioAtivo":null,"situacaoApresentacao":"Caduco/Cancelado","dataRegistro":"2000-10-13T00:00:00.000-0200","categoriaRegulatoria":{"codigo":8,"descricao":"Similar"},"medicamentoReferencia":null,"categoriaProduto":null,"tipoAutorizacao":"REGISTRADO","acancelar":false,"numeroRegistroFormatado":"101620222","mesAnoVencimentoFormatado":"10/2005"},"empresa":{"cnpj":"33051491000159","razaoSocial":"LABORATÓRIOS PIERRE FABRE DO BRASIL LTDA","numeroAutorizacao":"1001629","cnpjFormatado":"33.051.491/0001-59"},"processo":{"numero":"2500000099999","situacao":29,"numeroProcessoFormatado":"25000.000999/99"}},{"ordem":6,"produto":{"codigo":1334145,"nome":"BRAFTOVI","numeroRegistro":"101620356","tipo":{"codigo":1,"descricao":null},"categoria":null,"situacaoRotulo":null,"dataVencimento":null,"mesAnoVencimento":"012032","dataVencimentoRegistro":"2032-01-01T00:00:00.000-0300","principioAtivo":null,"situacaoApresentacao":"Caduco/Cancelado","dataRegistro":"2022-01-10T00:00:00.000-0300","categoriaRegulatoria":{"codigo":6,"descricao":"Novo"},"medicamentoReferencia":null,"categoriaProduto":null,"tipoAutorizacao":"REGISTRADO","acancelar":false,"numeroRegistroFormatado":"101620356","mesAnoVencimentoFormatado":"01/2032"},"empresa":{"cnpj":"33051491000159","razaoSocial":"LABORATÓRIOS PIERRE FABRE DO BRASIL LTDA","numeroAutorizacao":"1001629","cnpjFormatado":"33.051.491/0001-59"},"processo":{"numero":"25351285690201926","situacao":29,"numeroProcessoFormatado":"25351.285690/2019-26"}},{"ordem":7,"produto":{"codigo":683446,"nome":"Busilvex","numeroRegistro":"101620250","tipo":{"codigo":1,"descricao":null},"categoria":null,"situacaoRotulo":null,"dataVencimento":"2026-05-04T00:00:00.000-0300","mesAnoVencimento":"052026","dataVencimentoRegistro":"2026-05-01T00:00:00.000-0300","principioAtivo":null,"situacaoApresentacao":"Caduco/Cancelado","dataRegistro":"2011-05-23T00:00:00.000-0300","categoriaRegulatoria":{"codigo":6,"descricao":"Novo"},"medicamentoReferencia":null,"categoriaProduto":null,"tipoAutorizacao":"REGISTRADO","acancelar":false,"numeroRegistroFormatado":"101620250","mesAnoVencimentoFormatado":"05/2026"},"empresa":{"cnpj":"33051491000159","razaoSocial":"LABORATÓRIOS PIERRE FABRE DO BRASIL LTDA","numeroAutorizacao":"1001629","cnpjFormatado":"33.051.491/0001-59"},"processo":{"numero":"25351119094200975","situacao":29,"numeroProcessoFormatado":"25351.119094/2009-75"}},{"ordem":8,"produto":{"codigo":1374,"nome":"CAPTOPRIL","numeroRegistro":"101620206","tipo":{"codigo":1,"descricao":null},"categoria":null,"situacaoRotulo":null,"dataVencimento":null,"mesAnoVencimento":"072004","dataVencimentoRegistro":"2004-07-01T00:00:00.000-0300","principioAtivo":null,"situacaoApresentacao":"Caduco/Cancelado","dataRegistro":"1999-07-23T00:00:00.000-0300","categoriaRegulatoria":{"codigo":8,"descricao":"Similar"},"medicamentoReferencia":null,"categoriaProduto":null,"tipoAutorizacao":"REGISTRADO","acancelar":false,"numeroRegistroFormatado":"101620206","mesAnoVencimentoFormatado":"07/2004"},"empresa":{"cnpj":"33051491000159","razaoSocial":"LABORATÓRIOS PIERRE FABRE DO BRASIL LTDA","numeroAutorizacao":"1001629","cnpjFormatado":"33.051.491/0001-59"},"processo":{"numero":"250000009959971","situacao":29,"numeroProcessoFormatado":"25000.000995/99-71"}},{"ordem":9,"produto":{"codigo":468138,"nome":"CINALEN RETARD","numeroRegistro":"101620019","tipo":{"codigo":1,"descricao":null},"categoria":null,"situacaoRotulo":null,"dataVencimento":null,"mesAnoVencimento":"071984","dataVencimentoRegistro":"1984-07-01T00:00:00.000-0300","principioAtivo":null,"situacaoApresentacao":"Caduco/Cancelado","dataRegistro":"1989-03-30T00:00:00.000-0300","categoriaRegulatoria":{"codigo":8,"descricao":"Similar"},"medicamentoReferencia":null,"categoriaProduto":null,"tipoAutorizacao":"REGISTRADO","acancelar":false,"numeroRegistroFormatado":"101620019","mesAnoVencimentoFormatado":"07/1984"},"empresa":{"cnpj":"33051491000159","razaoSocial":"LABORATÓRIOS PIERRE FABRE DO BRASIL LTDA","numeroAutorizacao":"1001629","cnpjFormatado":"33.051.491/0001-59"},"processo":{"numero":"2599100595979","situacao":29,"numeroProcessoFormatado":"25991.005959/79"}},{"ordem":10,"produto":{"codigo":414055,"nome":"CLORETO DE POTÁSSIO","numeroRegistro":"101620239","tipo":{"codigo":1,"descricao":null},"categoria":null,"situacaoRotulo":null,"dataVencimento":null,"mesAnoVencimento":"102010","dataVencimentoRegistro":"2010-10-01T00:00:00.000-0300","principioAtivo":null,"situacaoApresentacao":"Caduco/Cancelado","dataRegistro":"1985-11-01T00:00:00.000-0300","categoriaRegulatoria":{"codigo":3,"descricao":"Específico"},"medicamentoReferencia":null,"categoriaProduto":null,"tipoAutorizacao":"REGISTRADO","acancelar":false,"numeroRegistroFormatado":"101620239","mesAnoVencimentoFormatado":"10/2010"},"empresa":{"cnpj":"33051491000159","razaoSocial":"LABORATÓRIOS PIERRE FABRE DO BRASIL LTDA","numeroAutorizacao":"1001629","cnpjFormatado":"33.051.491/0001-59"},"processo":{"numero":"2500102199884","situacao":29,"numeroProcessoFormatado":"25001.021998/84"}},{"ordem":11,"produto":{"codigo":2814,"nome":"CLORIDRATO DE PROPANOLOL","numeroRegistro":"101620210","tipo":{"codigo":1,"descricao":null},"categoria":null,"situacaoRotulo":null,"dataVencimento":null,"mesAnoVencimento":"072004","dataVencimentoRegistro":"2004-07-01T00:00:00.000-0300","principioAtivo":null,"situacaoApresentacao":"Caduco/Cancelado","dataRegistro":"1999-08-25T00:00:00.000-0300","categoriaRegulatoria":{"codigo":8,"descricao":"Similar"},"medicamentoReferencia":null,"categoriaProduto":null,"tipoAutorizacao":"REGISTRADO","acancelar":false,"numeroRegistroFormatado":"101620210","mesAnoVencimentoFormatado":"07/2004"},"empresa":{"cnpj":"33051491000159","razaoSocial":"LABORATÓRIOS PIERRE FABRE DO BRASIL LTDA","numeroAutorizacao":"1001629","cnpjFormatado":"33.051.491/0001-59"},"processo":{"numero":"250000092299953","situacao":29,"numeroProcessoFormatado":"25000.009229/99-53"}},{"ordem":12,"produto":{"codigo":2891,"nome":"CLORIDRATO DE TERBINAFINA","numeroRegistro":"101620212","tipo":{"codigo":1,"descricao":null},"categoria":null,"situacaoRotulo":null,"dataVencimento":null,"mesAnoVencimento":"082004","dataVencimentoRegistro":"2004-08-01T00:00:00.000-0300","principioAtivo":null,"situacaoApresentacao":"Caduco/Cancelado","dataRegistro":"1999-09-16T00:00:00.000-0300","categoriaRegulatoria":{"codigo":8,"descricao":"Similar"},"medicamentoReferencia":null,"categoriaProduto":null,"tipoAutorizacao":"REGISTRADO","acancelar":false,"numeroRegistroFormatado":"101620212","mesAnoVencimentoFormatado":"08/2004"},"empresa":{"cnpj":"33051491000159","razaoSocial":"LABORATÓRIOS PIERRE FABRE DO BRASIL LTDA","numeroAutorizacao":"1001629","cnpjFormatado":"33.051.491/0001-59"},"processo":{"numero":"250000010009999","situacao":29,"numeroProcessoFormatado":"25000.001000/99-99"}},{"ordem":13,"produto":{"codigo":125435,"nome":"CURCUMA LONGA L.","numeroRegistro":"101620227","tipo":{"codigo":1,"descricao":null},"categoria":null,"situacaoRotulo":null,"dataVencimento":null,"mesAnoVencimento":"042007","dataVencimentoRegistro":"2007-04-01T00:00:00.000-0300","principioAtivo":null,"situacaoApresentacao":"Caduco/Cancelado","dataRegistro":"2002-04-17T00:00:00.000-0300","categoriaRegulatoria":{"codigo":4,"descricao":"Fitoterápico"},"medicamentoReferencia":null,"categoriaProduto":null,"tipoAutorizacao":"REGISTRADO","acancelar":false,"numeroRegistroFormatado":"101620227","mesAnoVencimentoFormatado":"04/2007"},"empresa":{"cnpj":"33051491000159","razaoSocial":"LABORATÓRIOS PIERRE FABRE DO BRASIL LTDA","numeroAutorizacao":"1001629","cnpjFormatado":"33.051.491/0001-59"},"processo":{"numero":"253510365110174","situacao":29,"numeroProcessoFormatado":"25351.036511/01-74"}},{"ordem":14,"produto":{"codigo":382675,"nome":"Cloreto de Sódio","numeroRegistro":"101620095","tipo":{"codigo":1,"descricao":null},"categoria":null,"situacaoRotulo":null,"dataVencimento":null,"mesAnoVencimento":"092003","dataVencimentoRegistro":"2003-09-01T00:00:00.000-0300","principioAtivo":null,"situacaoApresentacao":"Caduco/Cancelado","dataRegistro":"1988-09-30T00:00:00.000-0300","categoriaRegulatoria":{"codigo":null,"descricao":null},"medicamentoReferencia":null,"categoriaProduto":null,"tipoAutorizacao":"REGISTRADO","acancelar":false,"numeroRegistroFormatado":"101620095","mesAnoVencimentoFormatado":"09/2003"},"empresa":{"cnpj":"33051491000159","razaoSocial":"LABORATÓRIOS PIERRE FABRE DO BRASIL LTDA","numeroAutorizacao":"1001629","cnpjFormatado":"33.051.491/0001-59"},"processo":{"numero":"2599200880766","situacao":29,"numeroProcessoFormatado":"25992.008807/66"}},{"ordem":15,"produto":{"codigo":125161,"nome":"DARBIN","numeroRegistro":"101620228","tipo":{"codigo":1,"descricao":null},"categoria":null,"situacaoRotulo":null,"dataVencimento":"2026-08-05T00:00:00.000-0300","mesAnoVencimento":"062017","dataVencimentoRegistro":"2017-06-01T00:00:00.000-0300","principioAtivo":null,"situacaoApresentacao":"Caduco/Cancelado","dataRegistro":"2002-06-19T00:00:00.000-0300","categoriaRegulatoria":{"codigo":8,"descricao":"Similar"},"medicamentoReferencia":null,"categoriaProduto":null,"tipoAutorizacao":"REGISTRADO","acancelar":false,"numeroRegistroFormatado":"101620228","mesAnoVencimentoFormatado":"06/2017"},"empresa":{"cnpj":"33051491000159","razaoSocial":"LABORATÓRIOS PIERRE FABRE DO BRASIL LTDA","numeroAutorizacao":"1001629","cnpjFormatado":"33.051.491/0001-59"},"processo":{"numero":"250000097959919","situacao":29,"numeroProcessoFormatado":"25000.009795/99-19"}},{"ordem":16,"produto":{"codigo":3513,"nome":"DARROWCOR","numeroRegistro":"101620135","tipo":{"codigo":1,"descricao":null},"categoria":null,"situacaoRotulo":null,"dataVencimento":null,"mesAnoVencimento":"042004","dataVencimentoRegistro":"2004-04-01T00:00:00.000-0300","principioAtivo":null,"situacaoApresentacao":"Caduco/Cancelado","dataRegistro":"1998-05-29T00:00:00.000-0300","categoriaRegulatoria":{"codigo":8,"descricao":"Similar"},"medicamentoReferencia":null,"categoriaProduto":null,"tipoAutorizacao":"REGISTRADO","acancelar":false,"numeroRegistroFormatado":"101620135","mesAnoVencimentoFormatado":"04/2004"},"empresa":{"cnpj":"33051491000159","razaoSocial":"LABORATÓRIOS PIERRE FABRE DO BRASIL LTDA","numeroAutorizacao":"1001629","cnpjFormatado":"33.051.491/0001-59"},"processo":{"numero":"2500101285482","situacao":29,"numeroProcessoFormatado":"25001.012854/82"}},{"ordem":17,"produto":{"codigo":7112,"nome":"DERMACARE","numeroRegistro":"101620207","tipo":{"codigo":1,"descricao":null},"categoria":null,"situacaoRotulo":null,"dataVencimento":null,"mesAnoVencimento":"092019","dataVencimentoRegistro":"2019-09-01T00:00:00.000-0300","principioAtivo":null,"situacaoApresentacao":"Caduco/Cancelado","dataRegistro":"1999-09-29T00:00:00.000-0300","categoriaRegulatoria":{"codigo":8,"descricao":"Similar"},"medicamentoReferencia":null,"categoriaProduto":null,"tipoAutorizacao":"REGISTRADO","acancelar":false,"numeroRegistroFormatado":"101620207","mesAnoVencimentoFormatado":"09/2019"},"empresa":{"cnpj":"33051491000159","razaoSocial":"LABORATÓRIOS PIERRE FABRE DO BRASIL LTDA","numeroAutorizacao":"1001629","cnpjFormatado":"33.051.491/0001-59"},"processo":{"numero":"250000092309932","situacao":29,"numeroProcessoFormatado":"25000.009230/99-32"}},{"ordem":18,"produto":{"codigo":3579,"nome":"DINITRATO DE ISOSSORBIDA","numeroRegistro":"101620209","tipo":{"codigo":1,"descricao":null},"categoria":null,"situacaoRotulo":null,"dataVencimento":null,"mesAnoVencimento":"072004","dataVencimentoRegistro":"2004-07-01T00:00:00.000-0300","principioAtivo":null,"situacaoApresentacao":"Caduco/Cancelado","dataRegistro":"1999-08-25T00:00:00.000-0300","categoriaRegulatoria":{"codigo":8,"descricao":"Similar"},"medicamentoReferencia":null,"categoriaProduto":null,"tipoAutorizacao":"REGISTRADO","acancelar":false,"numeroRegistroFormatado":"101620209","mesAnoVencimentoFormatado":"07/2004"},"empresa":{"cnpj":"33051491000159","razaoSocial":"LABORATÓRIOS PIERRE FABRE DO BRASIL LTDA","numeroAutorizacao":"1001629","cnpjFormatado":"33.051.491/0001-59"},"processo":{"numero":"250000092319903","situacao":29,"numeroProcessoFormatado":"25000.009231/99-03"}},{"ordem":19,"produto":{"codigo":3726,"nome":"DIPROPIONATO DE BETAMETASONA","numeroRegistro":"101620202","tipo":{"codigo":1,"descricao":null},"categoria":null,"situacaoRotulo":null,"dataVencimento":null,"mesAnoVencimento":"032004","dataVencimentoRegistro":"2004-03-01T00:00:00.000-0300","principioAtivo":null,"situacaoApresentacao":"Caduco/Cancelado","dataRegistro":"1999-03-16T00:00:00.000-0300","categoriaRegulatoria":{"codigo":8,"descricao":"Similar"},"medicamentoReferencia":null,"categoriaProduto":null,"tipoAutorizacao":"REGISTRADO","acancelar":false,"numeroRegistroFormatado":"101620202","mesAnoVencimentoFormatado":"03/2004"},"empresa":{"cnpj":"33051491000159","razaoSocial":"LABORATÓRIOS PIERRE FABRE DO BRASIL LTDA","numeroAutorizacao":"1001629","cnpjFormatado":"33.051.491/0001-59"},"processo":{"numero":"250000228969751","situacao":29,"numeroProcessoFormatado":"25000.022896/97-51"}},{"ordem":20,"produto":{"codigo":3730,"nome":"DIPROPIONATO DE BETAMETASONA + ASSOCIACOES","numeroRegistro":"101620205","tipo":{"codigo":1,"descricao":null},"categoria":null,"situacaoRotulo":null,"dataVencimento":null,"mesAnoVencimento":"072004","dataVencimentoRegistro":"2004-07-01T00:00:00.000-0300","principioAtivo":null,"situacaoApresentacao":"Caduco/Cancelado","dataRegistro":"1999-07-26T00:00:00.000-0300","categoriaRegulatoria":{"codigo":8,"descricao":"Similar"},"medicamentoReferencia":null,"categoriaProduto":null,"tipoAutorizacao":"REGISTRADO","acancelar":false,"numeroRegistroFormatado":"101620205","mesAnoVencimentoFormatado":"07/2004"},"empresa":{"cnpj":"33051491000159","razaoSocial":"LABORATÓRIOS PIERRE FABRE DO BRASIL LTDA","numeroAutorizacao":"1001629","cnpjFormatado":"33.051.491/0001-59"},"processo":{"numero":"250000092329968","situacao":29,"numeroProcessoFormatado":"25000.009232/99-68"}},{"ordem":21,"produto":{"codigo":505657,"nome":"ENDOLIPID","numeroRegistro":"101620174","tipo":{"codigo":1,"descricao":null},"categoria":null,"situacaoRotulo":null,"dataVencimento":null,"mesAnoVencimento":"082003","dataVencimentoRegistro":"2003-08-01T00:00:00.000-0300","principioAtivo":null,"situacaoApresentacao":"Caduco/Cancelado","dataRegistro":"1983-08-04T00:00:00.000-0300","categoriaRegulatoria":{"codigo":8,"descricao":"Similar"},"medicamentoReferencia":null,"categoriaProduto":null,"tipoAutorizacao":"REGISTRADO","acancelar":false,"numeroRegistroFormatado":"101620174","mesAnoVencimentoFormatado":"08/2003"},"empresa":{"cnpj":"33051491000159","razaoSocial":"LABORATÓRIOS PIERRE FABRE DO BRASIL LTDA","numeroAutorizacao":"1001629","cnpjFormatado":"33.051.491/0001-59"},"processo":{"numero":"2500100120382","situacao":29,"numeroProcessoFormatado":"25001.001203/82"}},{"ordem":22,"produto":{"codigo":4020,"nome":"EXTRATO CONCENTRADO DE ALERGENOS","numeroRegistro":"101620219","tipo":{"codigo":1,"descricao":null},"categoria":null,"situacaoRotulo":null,"dataVencimento":null,"mesAnoVencimento":"102001","dataVencimentoRegistro":"2001-10-01T00:00:00.000-0300","principioAtivo":null,"situacaoApresentacao":"Caduco/Cancelado","dataRegistro":"2000-06-23T00:00:00.000-0300","categoriaRegulatoria":{"codigo":8,"descricao":"Similar"},"medicamentoReferencia":null,"categoriaProduto":null,"tipoAutorizacao":"REGISTRADO","acancelar":false,"numeroRegistroFormatado":"101620219","mesAnoVencimentoFormatado":"10/2001"},"empresa":{"cnpj":"33051491000159","razaoSocial":"LABORATÓRIOS PIERRE FABRE DO BRASIL LTDA","numeroAutorizacao":"1001629","cnpjFormatado":"33.051.491/0001-59"},"processo":{"numero":"2599200584771","situacao":29,"numeroProcessoFormatado":"25992.005847/71"}},{"ordem":23,"produto":{"codigo":4039,"nome":"EXTRATO PURIFICADO DE ALOE VERA (ACEMANNAN)","numeroRegistro":"101620223","tipo":{"codigo":1,"descricao":null},"categoria":null,"situacaoRotulo":null,"dataVencimento":null,"mesAnoVencimento":"112005","dataVencimentoRegistro":"2005-11-01T00:00:00.000-0300","principioAtivo":null,"situacaoApresentacao":"Caduco/Cancelado","dataRegistro":"2000-11-08T00:00:00.000-0300","categoriaRegulatoria":{"codigo":6,"descricao":"Novo"},"medicamentoReferencia":null,"categoriaProduto":null,"tipoAutorizacao":"REGISTRADO","acancelar":false,"numeroRegistroFormatado":"101620223","mesAnoVencimentoFormatado":"11/2005"},"empresa":{"cnpj":"33051491000159","razaoSocial":"LABORATÓRIOS PIERRE FABRE DO BRASIL LTDA","numeroAutorizacao":"1001629","cnpjFormatado":"33.051.491/0001-59"},"processo":{"numero":"250000391409688","situacao":29,"numeroProcessoFormatado":"25000.039140/96-88"}},{"ordem":24,"produto":{"codigo":4264,"nome":"FLUNARIZINE","numeroRegistro":"101620046","tipo":{"codigo":1,"descricao":null},"categoria":null,"situacaoRotulo":null,"dataVencimento":null,"mesAnoVencimento":"012004","dataVencimentoRegistro":"2004-01-01T00:00:00.000-0300","principioAtivo":null,"situacaoApresentacao":"Caduco/Cancelado","dataRegistro":"2000-06-23T00:00:00.000-0300","categoriaRegulatoria":{"codigo":8,"descricao":"Similar"},"medicamentoReferencia":null,"categoriaProduto":null,"tipoAutorizacao":"REGISTRADO","acancelar":false,"numeroRegistroFormatado":"101620046","mesAnoVencimentoFormatado":"01/2004"},"empresa":{"cnpj":"33051491000159","razaoSocial":"LABORATÓRIOS PIERRE FABRE DO BRASIL LTDA","numeroAutorizacao":"1001629","cnpjFormatado":"33.051.491/0001-59"},"processo":{"numero":"2599100432180","situacao":29,"numeroProcessoFormatado":"25991.004321/80"}},{"ordem":25,"produto":{"codigo":70448,"nome":"FOSFATO DE POTÁSSIO 2 MEQ/ML DARROW","numeroRegistro":"101620096","tipo":{"codigo":1,"descricao":null},"categoria":null,"situacaoRotulo":null,"dataVencimento":null,"mesAnoVencimento":"112009","dataVencimentoRegistro":"2009-11-01T00:00:00.000-0300","principioAtivo":null,"situacaoApresentacao":"Caduco/Cancelado","dataRegistro":"1995-03-21T00:00:00.000-0300","categoriaRegulatoria":{"codigo":3,"descricao":"Específico"},"medicamentoReferencia":null,"categoriaProduto":null,"tipoAutorizacao":"REGISTRADO","acancelar":false,"numeroRegistroFormatado":"101620096","mesAnoVencimentoFormatado":"11/2009"},"empresa":{"cnpj":"33051491000159","razaoSocial":"LABORATÓRIOS PIERRE FABRE DO BRASIL LTDA","numeroAutorizacao":"1001629","cnpjFormatado":"33.051.491/0001-59"},"processo":{"numero":"2599101387078","situacao":29,"numeroProcessoFormatado":"25991.013870/78"}},{"ordem":26,"produto":{"codigo":165161,"nome":"GINECOSIDE","numeroRegistro":"101620047","tipo":{"codigo":1,"descricao":null},"categoria":null,"situacaoRotulo":null,"dataVencimento":null,"mesAnoVencimento":"112007","dataVencimentoRegistro":"2007-11-01T00:00:00.000-0300","principioAtivo":null,"situacaoApresentacao":"Caduco/Cancelado","dataRegistro":"2002-11-25T00:00:00.000-0300","categoriaRegulatoria":{"codigo":8,"descricao":"Similar"},"medicamentoReferencia":null,"categoriaProduto":null,"tipoAutorizacao":"REGISTRADO","acancelar":false,"numeroRegistroFormatado":"101620047","mesAnoVencimentoFormatado":"11/2007"},"empresa":{"cnpj":"33051491000159","razaoSocial":"LABORATÓRIOS PIERRE FABRE DO BRASIL LTDA","numeroAutorizacao":"1001629","cnpjFormatado":"33.051.491/0001-59"},"processo":{"numero":"2599101209678","situacao":29,"numeroProcessoFormatado":"25991.012096/78"}},{"ordem":27,"produto":{"codigo":4529,"nome":"GINKGO BILOBA","numeroRegistro":"101620226","tipo":{"codigo":1,"descricao":null},"categoria":null,"situacaoRotulo":null,"dataVencimento":null,"mesAnoVencimento":"082006","dataVencimentoRegistro":"2006-08-01T00:00:00.000-0300","principioAtivo":null,"situacaoApresentacao":"Caduco/Cancelado","dataRegistro":"2001-08-22T00:00:00.000-0300","categoriaRegulatoria":{"codigo":4,"descricao":"Fitoterápico"},"medicamentoReferencia":null,"categoriaProduto":null,"tipoAutorizacao":"REGISTRADO","acancelar":false,"numeroRegistroFormatado":"101620226","mesAnoVencimentoFormatado":"08/2006"},"empresa":{"cnpj":"33051491000159","razaoSocial":"LABORATÓRIOS PIERRE FABRE DO BRASIL LTDA","numeroAutorizacao":"1001629","cnpjFormatado":"33.051.491/0001-59"},"processo":{"numero":"250000009989969","situacao":29,"numeroProcessoFormatado":"25000.000998/99-69"}},{"ordem":28,"produto":{"codigo":414485,"nome":"GLICOSE 10% DARROW","numeroRegistro":"101620240","tipo":{"codigo":1,"descricao":null},"categoria":null,"situacaoRotulo":null,"dataVencimento":null,"mesAnoVencimento":"092003","dataVencimentoRegistro":"2003-09-01T00:00:00.000-0300","principioAtivo":null,"situacaoApresentacao":"Caduco/Cancelado","dataRegistro":"1979-07-19T00:00:00.000-0300","categoriaRegulatoria":{"codigo":3,"descricao":"Específico"},"medicamentoReferencia":null,"categoriaProduto":null,"tipoAutorizacao":"REGISTRADO","acancelar":false,"numeroRegistroFormatado":"101620240","mesAnoVencimentoFormatado":"09/2003"},"empresa":{"cnpj":"33051491000159","razaoSocial":"LABORATÓRIOS PIERRE FABRE DO BRASIL LTDA","numeroAutorizacao":"1001629","cnpjFormatado":"33.051.491/0001-59"},"processo":{"numero":"2599200846273","situacao":29,"numeroProcessoFormatado":"25992.008462/73"}},{"ordem":29,"produto":{"codigo":382621,"nome":"GLICOSE 5%","numeroRegistro":"101620097","tipo":{"codigo":1,"descricao":null},"categoria":null,"situacaoRotulo":null,"dataVencimento":null,"mesAnoVencimento":"092003","dataVencimentoRegistro":"2003-09-01T00:00:00.000-0300","principioAtivo":null,"situacaoApresentacao":"Caduco/Cancelado","dataRegistro":"1978-08-30T00:00:00.000-0300","categoriaRegulatoria":{"codigo":3,"descricao":"Específico"},"medicamentoReferencia":null,"categoriaProduto":null,"tipoAutorizacao":"REGISTRADO","acancelar":false,"numeroRegistroFormatado":"101620097","mesAnoVencimentoFormatado":"09/2003"},"empresa":{"cnpj":"33051491000159","razaoSocial":"LABORATÓRIOS PIERRE FABRE DO BRASIL LTDA","numeroAutorizacao":"1001629","cnpjFormatado":"33.051.491/0001-59"},"processo":{"numero":"2599200880266","situacao":29,"numeroProcessoFormatado":"25992.008802/66"}},{"ordem":30,"produto":{"codigo":343841,"nome":"GLICOSE DARROW","numeroRegistro":"101620238","tipo":{"codigo":1,"descricao":null},"categoria":null,"situacaoRotulo":null,"dataVencimento":null,"mesAnoVencimento":"092008","dataVencimentoRegistro":"2008-09-01T00:00:00.000-0300","principioAtivo":null,"situacaoApresentacao":"Caduco/Cancelado","dataRegistro":"1977-07-19T00:00:00.000-0300","categoriaRegulatoria":{"codigo":8,"descricao":"Similar"},"medicamentoReferencia":null,"categoriaProduto":null,"tipoAutorizacao":"REGISTRADO","acancelar":false,"numeroRegistroFormatado":"101620238","mesAnoVencimentoFormatado":"09/2008"},"empresa":{"cnpj":"33051491000159","razaoSocial":"LABORATÓRIOS PIERRE FABRE DO BRASIL LTDA","numeroAutorizacao":"1001629","cnpjFormatado":"33.051.491/0001-59"},"processo":{"numero":"259910078951977","situacao":29,"numeroProcessoFormatado":"25991.007895/19-77"}},{"ordem":31,"produto":{"codigo":343862,"nome":"GLICOSE DARROW","numeroRegistro":"101620233","tipo":{"codigo":1,"descricao":null},"categoria":null,"situacaoRotulo":null,"dataVencimento":null,"mesAnoVencimento":"032009","dataVencimentoRegistro":"2009-03-01T00:00:00.000-0300","principioAtivo":null,"situacaoApresentacao":"Caduco/Cancelado","dataRegistro":"1988-09-30T00:00:00.000-0300","categoriaRegulatoria":{"codigo":8,"descricao":"Similar"},"medicamentoReferencia":null,"categoriaProduto":null,"tipoAutorizacao":"REGISTRADO","acancelar":false,"numeroRegistroFormatado":"101620233","mesAnoVencimentoFormatado":"03/2009"},"empresa":{"cnpj":"33051491000159","razaoSocial":"LABORATÓRIOS PIERRE FABRE DO BRASIL LTDA","numeroAutorizacao":"1001629","cnpjFormatado":"33.051.491/0001-59"},"processo":{"numero":"259920088011966","situacao":29,"numeroProcessoFormatado":"25992.008801/19-66"}},{"ordem":32,"produto":{"codigo":4648,"nome":"GLUCONATO DE CALCIO","numeroRegistro":"101620168","tipo":{"codigo":1,"descricao":null},"categoria":null,"situacaoRotulo":null,"dataVencimento":null,"mesAnoVencimento":"102005","dataVencimentoRegistro":"2005-10-01T00:00:00.000-0300","principioAtivo":null,"situacaoApresentacao":"Caduco/Cancelado","dataRegistro":"2001-06-22T00:00:00.000-0300","categoriaRegulatoria":{"codigo":6,"descricao":"Novo"},"medicamentoReferencia":null,"categoriaProduto":null,"tipoAutorizacao":"REGISTRADO","acancelar":false,"numeroRegistroFormatado":"101620168","mesAnoVencimentoFormatado":"10/2005"},"empresa":{"cnpj":"33051491000159","razaoSocial":"LABORATÓRIOS PIERRE FABRE DO BRASIL LTDA","numeroAutorizacao":"1001629","cnpjFormatado":"33.051.491/0001-59"},"processo":{"numero":"2500102199584","situacao":29,"numeroProcessoFormatado":"25001.021995/84"}},{"ordem":33,"produto":{"codigo":4880,"nome":"HYPERICUM PERFORATUM","numeroRegistro":"101620224","tipo":{"codigo":1,"descricao":null},"categoria":null,"situacaoRotulo":null,"dataVencimento":null,"mesAnoVencimento":"122005","dataVencimentoRegistro":"2005-12-01T00:00:00.000-0300","principioAtivo":null,"situacaoApresentacao":"Caduco/Cancelado","dataRegistro":"2000-12-05T00:00:00.000-0300","categoriaRegulatoria":{"codigo":4,"descricao":"Fitoterápico"},"medicamentoReferencia":null,"categoriaProduto":null,"tipoAutorizacao":"REGISTRADO","acancelar":false,"numeroRegistroFormatado":"101620224","mesAnoVencimentoFormatado":"12/2005"},"empresa":{"cnpj":"33051491000159","razaoSocial":"LABORATÓRIOS PIERRE FABRE DO BRASIL LTDA","numeroAutorizacao":"1001629","cnpjFormatado":"33.051.491/0001-59"},"processo":{"numero":"253510161810038","situacao":29,"numeroProcessoFormatado":"25351.016181/00-38"}},{"ordem":34,"produto":{"codigo":1967,"nome":"INCEL","numeroRegistro":"101620217","tipo":{"codigo":1,"descricao":null},"categoria":null,"situacaoRotulo":null,"dataVencimento":null,"mesAnoVencimento":"022015","dataVencimentoRegistro":"2015-02-01T00:00:00.000-0300","principioAtivo":null,"situacaoApresentacao":"Caduco/Cancelado","dataRegistro":"2000-02-18T00:00:00.000-0200","categoriaRegulatoria":{"codigo":8,"descricao":"Similar"},"medicamentoReferencia":null,"categoriaProduto":null,"tipoAutorizacao":"REGISTRADO","acancelar":false,"numeroRegistroFormatado":"101620217","mesAnoVencimentoFormatado":"02/2015"},"empresa":{"cnpj":"33051491000159","razaoSocial":"LABORATÓRIOS PIERRE FABRE DO BRASIL LTDA","numeroAutorizacao":"1001629","cnpjFormatado":"33.051.491/0001-59"},"processo":{"numero":"250000098089951","situacao":29,"numeroProcessoFormatado":"25000.009808/99-51"}},{"ordem":35,"produto":{"codigo":378167,"nome":"IOSOAP","numeroRegistro":"101620178","tipo":{"codigo":1,"descricao":null},"categoria":null,"situacaoRotulo":null,"dataVencimento":null,"mesAnoVencimento":"012016","dataVencimentoRegistro":"2016-01-01T00:00:00.000-0300","principioAtivo":null,"situacaoApresentacao":"Caduco/Cancelado","dataRegistro":"1989-12-26T00:00:00.000-0200","categoriaRegulatoria":{"codigo":8,"descricao":"Similar"},"medicamentoReferencia":null,"categoriaProduto":null,"tipoAutorizacao":"REGISTRADO","acancelar":false,"numeroRegistroFormatado":"101620178","mesAnoVencimentoFormatado":"01/2016"},"empresa":{"cnpj":"33051491000159","razaoSocial":"LABORATÓRIOS PIERRE FABRE DO BRASIL LTDA","numeroAutorizacao":"1001629","cnpjFormatado":"33.051.491/0001-59"},"processo":{"numero":"2500100263984","situacao":29,"numeroProcessoFormatado":"25001.002639/84"}},{"ordem":36,"produto":{"codigo":5155,"nome":"ITRACONAZOL","numeroRegistro":"101620204","tipo":{"codigo":1,"descricao":null},"categoria":null,"situacaoRotulo":null,"dataVencimento":null,"mesAnoVencimento":"062004","dataVencimentoRegistro":"2004-06-01T00:00:00.000-0300","principioAtivo":null,"situacaoApresentacao":"Caduco/Cancelado","dataRegistro":"1999-06-14T00:00:00.000-0300","categoriaRegulatoria":{"codigo":8,"descricao":"Similar"},"medicamentoReferencia":null,"categoriaProduto":null,"tipoAutorizacao":"REGISTRADO","acancelar":false,"numeroRegistroFormatado":"101620204","mesAnoVencimentoFormatado":"06/2004"},"empresa":{"cnpj":"33051491000159","razaoSocial":"LABORATÓRIOS PIERRE FABRE DO BRASIL LTDA","numeroAutorizacao":"1001629","cnpjFormatado":"33.051.491/0001-59"},"processo":{"numero":"250000009979904","situacao":29,"numeroProcessoFormatado":"25000.000997/99-04"}},{"ordem":37,"produto":{"codigo":625990,"nome":"IXEL","numeroRegistro":"101620247","tipo":{"codigo":1,"descricao":null},"categoria":null,"situacaoRotulo":null,"dataVencimento":null,"mesAnoVencimento":"052014","dataVencimentoRegistro":"2014-05-01T00:00:00.000-0300","principioAtivo":null,"situacaoApresentacao":"Caduco/Cancelado","dataRegistro":"2009-06-01T00:00:00.000-0300","categoriaRegulatoria":{"codigo":6,"descricao":"Novo"},"medicamentoReferencia":null,"categoriaProduto":null,"tipoAutorizacao":"REGISTRADO","acancelar":false,"numeroRegistroFormatado":"101620247","mesAnoVencimentoFormatado":"05/2014"},"empresa":{"cnpj":"33051491000159","razaoSocial":"LABORATÓRIOS PIERRE FABRE DO BRASIL LTDA","numeroAutorizacao":"1001629","cnpjFormatado":"33.051.491/0001-59"},"processo":{"numero":"25351630352200710","situacao":29,"numeroProcessoFormatado":"25351.630352/2007-10"}},{"ordem":38,"produto":{"codigo":798003,"nome":"JAVLOR","numeroRegistro":"101620251","tipo":{"codigo":1,"descricao":null},"categoria":null,"situacaoRotulo":null,"dataVencimento":null,"mesAnoVencimento":"022027","dataVencimentoRegistro":"2027-02-01T00:00:00.000-0300","principioAtivo":"VINFLUNINA","situacaoApresentacao":"Válido","dataRegistro":"2012-02-13T00:00:00.000-0300","categoriaRegulatoria":{"codigo":6,"descricao":"Novo"},"medicamentoReferencia":null,"categoriaProduto":null,"tipoAutorizacao":"REGISTRADO","acancelar":false,"numeroRegistroFormatado":"101620251","mesAnoVencimentoFormatado":"02/2027"},"empresa":{"cnpj":"33051491000159","razaoSocial":"LABORATÓRIOS PIERRE FABRE DO BRASIL LTDA","numeroAutorizacao":"1001629","cnpjFormatado":"33.051.491/0001-59"},"processo":{"numero":"25351233835201012","situacao":29,"numeroProcessoFormatado":"25351.233835/2010-12"}},{"ordem":39,"produto":{"codigo":6875,"nome":"KAVAIN","numeroRegistro":"101620220","tipo":{"codigo":1,"descricao":null},"categoria":null,"situacaoRotulo":null,"dataVencimento":null,"mesAnoVencimento":"062005","dataVencimentoRegistro":"2005-06-01T00:00:00.000-0300","principioAtivo":null,"situacaoApresentacao":"Caduco/Cancelado","dataRegistro":"2000-07-03T00:00:00.000-0300","categoriaRegulatoria":{"codigo":4,"descricao":"Fitoterápico"},"medicamentoReferencia":null,"categoriaProduto":null,"tipoAutorizacao":"REGISTRADO","acancelar":false,"numeroRegistroFormatado":"101620220","mesAnoVencimentoFormatado":"06/2005"},"empresa":{"cnpj":"33051491000159","razaoSocial":"LABORATÓRIOS PIERRE FABRE DO BRASIL LTDA","numeroAutorizacao":"1001629","cnpjFormatado":"33.051.491/0001-59"},"processo":{"numero":"253510073080046","situacao":29,"numeroProcessoFormatado":"25351.007308/00-46"}},{"ordem":40,"produto":{"codigo":273730,"nome":"L-FENILANINA + ASSOCIAÇÕES","numeroRegistro":"101620074","tipo":{"codigo":1,"descricao":null},"categoria":null,"situacaoRotulo":null,"dataVencimento":null,"mesAnoVencimento":"022008","dataVencimentoRegistro":"2008-02-01T00:00:00.000-0300","principioAtivo":null,"situacaoApresentacao":"Caduco/Cancelado","dataRegistro":"2003-03-21T00:00:00.000-0300","categoriaRegulatoria":{"codigo":8,"descricao":"Similar"},"medicamentoReferencia":null,"categoriaProduto":null,"tipoAutorizacao":"REGISTRADO","acancelar":false,"numeroRegistroFormatado":"101620074","mesAnoVencimentoFormatado":"02/2008"},"empresa":{"cnpj":"33051491000159","razaoSocial":"LABORATÓRIOS PIERRE FABRE DO BRASIL LTDA","numeroAutorizacao":"1001629","cnpjFormatado":"33.051.491/0001-59"},"processo":{"numero":"2599200822876","situacao":29,"numeroProcessoFormatado":"25992.008228/76"}},{"ordem":41,"produto":{"codigo":5200,"nome":"L-ISOLEUCINA + ASSOCIADOS","numeroRegistro":"101620200","tipo":{"codigo":1,"descricao":null},"categoria":null,"situacaoRotulo":null,"dataVencimento":null,"mesAnoVencimento":"022004","dataVencimentoRegistro":"2004-02-01T00:00:00.000-0300","principioAtivo":null,"situacaoApresentacao":"Caduco/Cancelado","dataRegistro":"1999-02-23T00:00:00.000-0300","categoriaRegulatoria":{"codigo":8,"descricao":"Similar"},"medicamentoReferencia":null,"categoriaProduto":null,"tipoAutorizacao":"REGISTRADO","acancelar":false,"numeroRegistroFormatado":"101620200","mesAnoVencimentoFormatado":"02/2004"},"empresa":{"cnpj":"33051491000159","razaoSocial":"LABORATÓRIOS PIERRE FABRE DO BRASIL LTDA","numeroAutorizacao":"1001629","cnpjFormatado":"33.051.491/0001-59"},"processo":{"numero":"250000099639822","situacao":29,"numeroProcessoFormatado":"25000.009963/98-22"}},{"ordem":42,"produto":{"codigo":5719,"nome":"LEUCODIN","numeroRegistro":"101620218","tipo":{"codigo":1,"descricao":null},"categoria":null,"situacaoRotulo":null,"dataVencimento":null,"mesAnoVencimento":"032006","dataVencimentoRegistro":"2006-03-01T00:00:00.000-0300","principioAtivo":null,"situacaoApresentacao":"Caduco/Cancelado","dataRegistro":"2001-05-31T00:00:00.000-0300","categoriaRegulatoria":{"codigo":8,"descricao":"Similar"},"medicamentoReferencia":null,"categoriaProduto":null,"tipoAutorizacao":"REGISTRADO","acancelar":false,"numeroRegistroFormatado":"101620218","mesAnoVencimentoFormatado":"03/2006"},"empresa":{"cnpj":"33051491000159","razaoSocial":"LABORATÓRIOS PIERRE FABRE DO BRASIL LTDA","numeroAutorizacao":"1001629","cnpjFormatado":"33.051.491/0001-59"},"processo":{"numero":"2599201334875","situacao":29,"numeroProcessoFormatado":"25992.013348/75"}},{"ordem":43,"produto":{"codigo":126065,"nome":"LEXATO","numeroRegistro":"101620230","tipo":{"codigo":1,"descricao":null},"categoria":null,"situacaoRotulo":null,"dataVencimento":null,"mesAnoVencimento":"062017","dataVencimentoRegistro":"2017-06-01T00:00:00.000-0300","principioAtivo":null,"situacaoApresentacao":"Caduco/Cancelado","dataRegistro":"2002-06-19T00:00:00.000-0300","categoriaRegulatoria":{"codigo":8,"descricao":"Similar"},"medicamentoReferencia":null,"categoriaProduto":null,"tipoAutorizacao":"REGISTRADO","acancelar":false,"numeroRegistroFormatado":"101620230","mesAnoVencimentoFormatado":"06/2017"},"empresa":{"cnpj":"33051491000159","razaoSocial":"LABORATÓRIOS PIERRE FABRE DO BRASIL LTDA","numeroAutorizacao":"1001629","cnpjFormatado":"33.051.491/0001-59"},"processo":{"numero":"250000098099913","situacao":29,"numeroProcessoFormatado":"25000.009809/99-13"}},{"ordem":44,"produto":{"codigo":5467,"nome":"LOVASTATINA","numeroRegistro":"101620211","tipo":{"codigo":1,"descricao":null},"categoria":null,"situacaoRotulo":null,"dataVencimento":null,"mesAnoVencimento":"072004","dataVencimentoRegistro":"2004-07-01T00:00:00.000-0300","principioAtivo":null,"situacaoApresentacao":"Caduco/Cancelado","dataRegistro":"1999-08-25T00:00:00.000-0300","categoriaRegulatoria":{"codigo":8,"descricao":"Similar"},"medicamentoReferencia":null,"categoriaProduto":null,"tipoAutorizacao":"REGISTRADO","acancelar":false,"numeroRegistroFormatado":"101620211","mesAnoVencimentoFormatado":"07/2004"},"empresa":{"cnpj":"33051491000159","razaoSocial":"LABORATÓRIOS PIERRE FABRE DO BRASIL LTDA","numeroAutorizacao":"1001629","cnpjFormatado":"33.051.491/0001-59"},"processo":{"numero":"250000010029914","situacao":29,"numeroProcessoFormatado":"25000.001002/99-14"}},{"ordem":45,"produto":{"codigo":1334146,"nome":"MEKTOVI","numeroRegistro":"101620355","tipo":{"codigo":1,"descricao":null},"categoria":null,"situacaoRotulo":null,"dataVencimento":null,"mesAnoVencimento":"062031","dataVencimentoRegistro":"2031-06-01T00:00:00.000-0300","principioAtivo":null,"situacaoApresentacao":"Caduco/Cancelado","dataRegistro":"2021-06-28T00:00:00.000-0300","categoriaRegulatoria":{"codigo":6,"descricao":"Novo"},"medicamentoReferencia":null,"categoriaProduto":null,"tipoAutorizacao":"REGISTRADO","acancelar":false,"numeroRegistroFormatado":"101620355","mesAnoVencimentoFormatado":"06/2031"},"empresa":{"cnpj":"33051491000159","razaoSocial":"LABORATÓRIOS PIERRE FABRE DO BRASIL LTDA","numeroAutorizacao":"1001629","cnpjFormatado":"33.051.491/0001-59"},"processo":{"numero":"25351287599201945","situacao":29,"numeroProcessoFormatado":"25351.287599/2019-45"}},{"ordem":46,"produto":{"codigo":5798,"nome":"METILDOPA","numeroRegistro":"101620216","tipo":{"codigo":1,"descricao":null},"categoria":null,"situacaoRotulo":null,"dataVencimento":null,"mesAnoVencimento":"022005","dataVencimentoRegistro":"2005-02-01T00:00:00.000-0300","principioAtivo":null,"situacaoApresentacao":"Caduco/Cancelado","dataRegistro":"2000-02-18T00:00:00.000-0200","categoriaRegulatoria":{"codigo":8,"descricao":"Similar"},"medicamentoReferencia":null,"categoriaProduto":null,"tipoAutorizacao":"REGISTRADO","acancelar":false,"numeroRegistroFormatado":"101620216","mesAnoVencimentoFormatado":"02/2005"},"empresa":{"cnpj":"33051491000159","razaoSocial":"LABORATÓRIOS PIERRE FABRE DO BRASIL LTDA","numeroAutorizacao":"1001629","cnpjFormatado":"33.051.491/0001-59"},"processo":{"numero":"250000009919910","situacao":29,"numeroProcessoFormatado":"25000.000991/99-10"}},{"ordem":47,"produto":{"codigo":630863,"nome":"NAVELBINE","numeroRegistro":"101620248","tipo":{"codigo":1,"descricao":null},"categoria":null,"situacaoRotulo":null,"dataVencimento":"2029-07-03T00:00:00.000-0300","mesAnoVencimento":"072029","dataVencimentoRegistro":"2029-07-01T00:00:00.000-0300","principioAtivo":null,"situacaoApresentacao":"Caduco/Cancelado","dataRegistro":"2009-07-20T00:00:00.000-0300","categoriaRegulatoria":{"codigo":6,"descricao":"Novo"},"medicamentoReferencia":null,"categoriaProduto":null,"tipoAutorizacao":"REGISTRADO","acancelar":false,"numeroRegistroFormatado":"101620248","mesAnoVencimentoFormatado":"07/2029"},"empresa":{"cnpj":"33051491000159","razaoSocial":"LABORATÓRIOS PIERRE FABRE DO BRASIL LTDA","numeroAutorizacao":"1001629","cnpjFormatado":"33.051.491/0001-59"},"processo":{"numero":"25351054217200846","situacao":29,"numeroProcessoFormatado":"25351.054217/2008-46"}},{"ordem":48,"produto":{"codigo":636500,"nome":"Navelbine","numeroRegistro":"101620249","tipo":{"codigo":1,"descricao":null},"categoria":null,"situacaoRotulo":null,"dataVencimento":null,"mesAnoVencimento":"072029","dataVencimentoRegistro":"2029-07-01T00:00:00.000-0300","principioAtivo":"tartarato de vinorelbina","situacaoApresentacao":"Válido","dataRegistro":"2009-07-20T00:00:00.000-0300","categoriaRegulatoria":{"codigo":6,"descricao":"Novo"},"medicamentoReferencia":null,"categoriaProduto":null,"tipoAutorizacao":"REGISTRADO","acancelar":false,"numeroRegistroFormatado":"101620249","mesAnoVencimentoFormatado":"07/2029"},"empresa":{"cnpj":"33051491000159","razaoSocial":"LABORATÓRIOS PIERRE FABRE DO BRASIL LTDA","numeroAutorizacao":"1001629","cnpjFormatado":"33.051.491/0001-59"},"processo":{"numero":"25351234095200870","situacao":29,"numeroProcessoFormatado":"25351.234095/2008-70"}},{"ordem":49,"produto":{"codigo":126203,"nome":"ONXEL","numeroRegistro":"101620232","tipo":{"codigo":1,"descricao":null},"categoria":null,"situacaoRotulo":null,"dataVencimento":null,"mesAnoVencimento":"062017","dataVencimentoRegistro":"2017-06-01T00:00:00.000-0300","principioAtivo":null,"situacaoApresentacao":"Caduco/Cancelado","dataRegistro":"2002-06-20T00:00:00.000-0300","categoriaRegulatoria":{"codigo":8,"descricao":"Similar"},"medicamentoReferencia":null,"categoriaProduto":null,"tipoAutorizacao":"REGISTRADO","acancelar":false,"numeroRegistroFormatado":"101620232","mesAnoVencimentoFormatado":"06/2017"},"empresa":{"cnpj":"33051491000159","razaoSocial":"LABORATÓRIOS PIERRE FABRE DO BRASIL LTDA","numeroAutorizacao":"1001629","cnpjFormatado":"33.051.491/0001-59"},"processo":{"numero":"250000097919950","situacao":29,"numeroProcessoFormatado":"25000.009791/99-50"}},{"ordem":50,"produto":{"codigo":559836,"nome":"OSSOPAN","numeroRegistro":"101620245","tipo":{"codigo":1,"descricao":null},"categoria":null,"situacaoRotulo":null,"dataVencimento":null,"mesAnoVencimento":"082018","dataVencimentoRegistro":"2018-08-01T00:00:00.000-0300","principioAtivo":null,"situacaoApresentacao":"Caduco/Cancelado","dataRegistro":"2008-08-11T00:00:00.000-0300","categoriaRegulatoria":{"codigo":3,"descricao":"Específico"},"medicamentoReferencia":null,"categoriaProduto":null,"tipoAutorizacao":"REGISTRADO","acancelar":false,"numeroRegistroFormatado":"101620245","mesAnoVencimentoFormatado":"08/2018"},"empresa":{"cnpj":"33051491000159","razaoSocial":"LABORATÓRIOS PIERRE FABRE DO BRASIL LTDA","numeroAutorizacao":"1001629","cnpjFormatado":"33.051.491/0001-59"},"processo":{"numero":"25351620734200735","situacao":29,"numeroProcessoFormatado":"25351.620734/2007-35"}},{"ordem":51,"produto":{"codigo":356840,"nome":"PED ELEMENT","numeroRegistro":"101620182","tipo":{"codigo":1,"descricao":null},"categoria":null,"situacaoRotulo":null,"dataVencimento":null,"mesAnoVencimento":"042019","dataVencimentoRegistro":"2019-04-01T00:00:00.000-0300","principioAtivo":null,"situacaoApresentacao":"Caduco/Cancelado","dataRegistro":"1994-04-22T00:00:00.000-0300","categoriaRegulatoria":{"codigo":3,"descricao":"Específico"},"medicamentoReferencia":null,"categoriaProduto":null,"tipoAutorizacao":"REGISTRADO","acancelar":false,"numeroRegistroFormatado":"101620182","mesAnoVencimentoFormatado":"04/2019"},"empresa":{"cnpj":"33051491000159","razaoSocial":"LABORATÓRIOS PIERRE FABRE DO BRASIL LTDA","numeroAutorizacao":"1001629","cnpjFormatado":"33.051.491/0001-59"},"processo":{"numero":"2500000424689","situacao":29,"numeroProcessoFormatado":"25000.004246/89"}},{"ordem":52,"produto":{"codigo":125630,"nome":"POSIDON","numeroRegistro":"101620229","tipo":{"codigo":1,"descricao":null},"categoria":null,"situacaoRotulo":null,"dataVencimento":null,"mesAnoVencimento":"062017","dataVencimentoRegistro":"2017-06-01T00:00:00.000-0300","principioAtivo":null,"situacaoApresentacao":"Caduco/Cancelado","dataRegistro":"2002-06-19T00:00:00.000-0300","categoriaRegulatoria":{"codigo":8,"descricao":"Similar"},"medicamentoReferencia":null,"categoriaProduto":null,"tipoAutorizacao":"REGISTRADO","acancelar":false,"numeroRegistroFormatado":"101620229","mesAnoVencimentoFormatado":"06/2017"},"empresa":{"cnpj":"33051491000159","razaoSocial":"LABORATÓRIOS PIERRE FABRE DO BRASIL LTDA","numeroAutorizacao":"1001629","cnpjFormatado":"33.051.491/0001-59"},"processo":{"numero":"250000097929912","situacao":29,"numeroProcessoFormatado":"25000.009792/99-12"}},{"ordem":53,"produto":{"codigo":4191,"nome":"PRACAP","numeroRegistro":"101620215","tipo":{"codigo":1,"descricao":null},"categoria":null,"situacaoRotulo":null,"dataVencimento":null,"mesAnoVencimento":"022010","dataVencimentoRegistro":"2010-02-01T00:00:00.000-0300","principioAtivo":null,"situacaoApresentacao":"Caduco/Cancelado","dataRegistro":"2000-02-18T00:00:00.000-0200","categoriaRegulatoria":{"codigo":8,"descricao":"Similar"},"medicamentoReferencia":null,"categoriaProduto":null,"tipoAutorizacao":"REGISTRADO","acancelar":false,"numeroRegistroFormatado":"101620215","mesAnoVencimentoFormatado":"02/2010"},"empresa":{"cnpj":"33051491000159","razaoSocial":"LABORATÓRIOS PIERRE FABRE DO BRASIL LTDA","numeroAutorizacao":"1001629","cnpjFormatado":"33.051.491/0001-59"},"processo":{"numero":"250000010019951","situacao":29,"numeroProcessoFormatado":"25000.001001/99-51"}},{"ordem":54,"produto":{"codigo":1097860,"nome":"PROMANGIOL","numeroRegistro":"101620354","tipo":{"codigo":1,"descricao":null},"categoria":null,"situacaoRotulo":null,"dataVencimento":null,"mesAnoVencimento":"062026","dataVencimentoRegistro":"2026-06-01T00:00:00.000-0300","principioAtivo":null,"situacaoApresentacao":"Caduco/Cancelado","dataRegistro":"2016-06-13T00:00:00.000-0300","categoriaRegulatoria":{"codigo":6,"descricao":"Novo"},"medicamentoReferencia":null,"categoriaProduto":null,"tipoAutorizacao":"REGISTRADO","acancelar":false,"numeroRegistroFormatado":"101620354","mesAnoVencimentoFormatado":"06/2026"},"empresa":{"cnpj":"33051491000159","razaoSocial":"LABORATÓRIOS PIERRE FABRE DO BRASIL LTDA","numeroAutorizacao":"1001629","cnpjFormatado":"33.051.491/0001-59"},"processo":{"numero":"25351710697201431","situacao":29,"numeroProcessoFormatado":"25351.710697/2014-31"}},{"ordem":55,"produto":{"codigo":4852,"nome":"PRURIZIN","numeroRegistro":"101620197","tipo":{"codigo":1,"descricao":null},"categoria":null,"situacaoRotulo":null,"dataVencimento":null,"mesAnoVencimento":"012018","dataVencimentoRegistro":"2018-01-01T00:00:00.000-0300","principioAtivo":null,"situacaoApresentacao":"Caduco/Cancelado","dataRegistro":"1998-01-12T00:00:00.000-0300","categoriaRegulatoria":{"codigo":6,"descricao":"Novo"},"medicamentoReferencia":null,"categoriaProduto":null,"tipoAutorizacao":"REGISTRADO","acancelar":false,"numeroRegistroFormatado":"101620197","mesAnoVencimentoFormatado":"01/2018"},"empresa":{"cnpj":"33051491000159","razaoSocial":"LABORATÓRIOS PIERRE FABRE DO BRASIL LTDA","numeroAutorizacao":"1001629","cnpjFormatado":"33.051.491/0001-59"},"processo":{"numero":"250000046589791","situacao":29,"numeroProcessoFormatado":"25000.004658/97-91"}},{"ordem":56,"produto":{"codigo":1844,"nome":"SAICLO","numeroRegistro":"101620225","tipo":{"codigo":1,"descricao":null},"categoria":null,"situacaoRotulo":null,"dataVencimento":null,"mesAnoVencimento":"042006","dataVencimentoRegistro":"2006-04-01T00:00:00.000-0300","principioAtivo":null,"situacaoApresentacao":"Caduco/Cancelado","dataRegistro":"2001-04-11T00:00:00.000-0300","categoriaRegulatoria":{"codigo":8,"descricao":"Similar"},"medicamentoReferencia":null,"categoriaProduto":null,"tipoAutorizacao":"REGISTRADO","acancelar":false,"numeroRegistroFormatado":"101620225","mesAnoVencimentoFormatado":"04/2006"},"empresa":{"cnpj":"33051491000159","razaoSocial":"LABORATÓRIOS PIERRE FABRE DO BRASIL LTDA","numeroAutorizacao":"1001629","cnpjFormatado":"33.051.491/0001-59"},"processo":{"numero":"250000098509917","situacao":29,"numeroProcessoFormatado":"25000.009850/99-17"}},{"ordem":57,"produto":{"codigo":367149,"nome":"SOLUCAO DE RINGER COM LACTATO (HARTMANN'S)","numeroRegistro":"101620099","tipo":{"codigo":1,"descricao":null},"categoria":null,"situacaoRotulo":null,"dataVencimento":null,"mesAnoVencimento":"072004","dataVencimentoRegistro":"2004-07-01T00:00:00.000-0300","principioAtivo":null,"situacaoApresentacao":"Caduco/Cancelado","dataRegistro":"1999-07-01T00:00:00.000-0300","categoriaRegulatoria":{"codigo":8,"descricao":"Similar"},"medicamentoReferencia":null,"categoriaProduto":null,"tipoAutorizacao":"REGISTRADO","acancelar":false,"numeroRegistroFormatado":"101620099","mesAnoVencimentoFormatado":"07/2004"},"empresa":{"cnpj":"33051491000159","razaoSocial":"LABORATÓRIOS PIERRE FABRE DO BRASIL LTDA","numeroAutorizacao":"1001629","cnpjFormatado":"33.051.491/0001-59"},"processo":{"numero":"2599100285378","situacao":29,"numeroProcessoFormatado":"25991.002853/78"}},{"ordem":58,"produto":{"codigo":137710,"nome":"SOLUÇÃO DE GLICOSE DARROW","numeroRegistro":"101620167","tipo":{"codigo":1,"descricao":null},"categoria":null,"situacaoRotulo":null,"dataVencimento":null,"mesAnoVencimento":"102010","dataVencimentoRegistro":"2010-10-01T00:00:00.000-0300","principioAtivo":null,"situacaoApresentacao":"Caduco/Cancelado","dataRegistro":"2002-08-08T00:00:00.000-0300","categoriaRegulatoria":{"codigo":3,"descricao":"Específico"},"medicamentoReferencia":null,"categoriaProduto":null,"tipoAutorizacao":"REGISTRADO","acancelar":false,"numeroRegistroFormatado":"101620167","mesAnoVencimentoFormatado":"10/2010"},"empresa":{"cnpj":"33051491000159","razaoSocial":"LABORATÓRIOS PIERRE FABRE DO BRASIL LTDA","numeroAutorizacao":"1001629","cnpjFormatado":"33.051.491/0001-59"},"processo":{"numero":"2500102200084","situacao":29,"numeroProcessoFormatado":"25001.022000/84"}},{"ordem":59,"produto":{"codigo":428661,"nome":"SOLUÇÃO ELETROLÍTICA","numeroRegistro":"101620090","tipo":{"codigo":1,"descricao":null},"categoria":null,"situacaoRotulo":null,"dataVencimento":null,"mesAnoVencimento":"012005","dataVencimentoRegistro":"2005-01-01T00:00:00.000-0300","principioAtivo":null,"situacaoApresentacao":"Caduco/Cancelado","dataRegistro":"1985-01-30T00:00:00.000-0300","categoriaRegulatoria":{"codigo":3,"descricao":"Específico"},"medicamentoReferencia":null,"categoriaProduto":null,"tipoAutorizacao":"REGISTRADO","acancelar":false,"numeroRegistroFormatado":"101620090","mesAnoVencimentoFormatado":"01/2005"},"empresa":{"cnpj":"33051491000159","razaoSocial":"LABORATÓRIOS PIERRE FABRE DO BRASIL LTDA","numeroAutorizacao":"1001629","cnpjFormatado":"33.051.491/0001-59"},"processo":{"numero":"2599101028879","situacao":29,"numeroProcessoFormatado":"25991.010288/79"}},{"ordem":60,"produto":{"codigo":421845,"nome":"SOLUÇÃO ELETROLÍTICA C/ 55 MEQ LACTATO E 5% DE GLICOSE","numeroRegistro":"101620241","tipo":{"codigo":1,"descricao":null},"categoria":null,"situacaoRotulo":null,"dataVencimento":null,"mesAnoVencimento":"122004","dataVencimentoRegistro":"2004-12-01T00:00:00.000-0300","principioAtivo":null,"situacaoApresentacao":"Caduco/Cancelado","dataRegistro":"1990-01-30T00:00:00.000-0200","categoriaRegulatoria":{"codigo":3,"descricao":"Específico"},"medicamentoReferencia":null,"categoriaProduto":null,"tipoAutorizacao":"REGISTRADO","acancelar":false,"numeroRegistroFormatado":"101620241","mesAnoVencimentoFormatado":"12/2004"},"empresa":{"cnpj":"33051491000159","razaoSocial":"LABORATÓRIOS PIERRE FABRE DO BRASIL LTDA","numeroAutorizacao":"1001629","cnpjFormatado":"33.051.491/0001-59"},"processo":{"numero":"2599100832778","situacao":29,"numeroProcessoFormatado":"25991.008327/78"}},{"ordem":61,"produto":{"codigo":2191,"nome":"SOLUÇÃO INJETÁVEL DE CLORETO DE SÓDIO 0,9% DARROW","numeroRegistro":"101620166","tipo":{"codigo":1,"descricao":null},"categoria":null,"situacaoRotulo":null,"dataVencimento":null,"mesAnoVencimento":"102010","dataVencimentoRegistro":"2010-10-01T00:00:00.000-0300","principioAtivo":null,"situacaoApresentacao":"Caduco/Cancelado","dataRegistro":"2001-06-22T00:00:00.000-0300","categoriaRegulatoria":{"codigo":3,"descricao":"Específico"},"medicamentoReferencia":null,"categoriaProduto":null,"tipoAutorizacao":"REGISTRADO","acancelar":false,"numeroRegistroFormatado":"101620166","mesAnoVencimentoFormatado":"10/2010"},"empresa":{"cnpj":"33051491000159","razaoSocial":"LABORATÓRIOS PIERRE FABRE DO BRASIL LTDA","numeroAutorizacao":"1001629","cnpjFormatado":"33.051.491/0001-59"},"processo":{"numero":"2500102200184","situacao":29,"numeroProcessoFormatado":"25001.022001/84"}},{"ordem":62,"produto":{"codigo":474793,"nome":"SOLUÇÃO RINGER COM LACTATO DARROW","numeroRegistro":"101620243","tipo":{"codigo":1,"descricao":null},"categoria":null,"situacaoRotulo":null,"dataVencimento":null,"mesAnoVencimento":"122011","dataVencimentoRegistro":"2011-12-01T00:00:00.000-0300","principioAtivo":null,"situacaoApresentacao":"Caduco/Cancelado","dataRegistro":"2006-12-11T00:00:00.000-0300","categoriaRegulatoria":{"codigo":3,"descricao":"Específico"},"medicamentoReferencia":null,"categoriaProduto":null,"tipoAutorizacao":"REGISTRADO","acancelar":false,"numeroRegistroFormatado":"101620243","mesAnoVencimentoFormatado":"12/2011"},"empresa":{"cnpj":"33051491000159","razaoSocial":"LABORATÓRIOS PIERRE FABRE DO BRASIL LTDA","numeroAutorizacao":"1001629","cnpjFormatado":"33.051.491/0001-59"},"processo":{"numero":"25351299548200641","situacao":29,"numeroProcessoFormatado":"25351.299548/2006-41"}},{"ordem":63,"produto":{"codigo":470377,"nome":"SORAMIN","numeroRegistro":"101620113","tipo":{"codigo":1,"descricao":null},"categoria":null,"situacaoRotulo":null,"dataVencimento":null,"mesAnoVencimento":"122016","dataVencimentoRegistro":"2016-12-01T00:00:00.000-0300","principioAtivo":null,"situacaoApresentacao":"Caduco/Cancelado","dataRegistro":"1961-05-22T00:00:00.000-0300","categoriaRegulatoria":{"codigo":3,"descricao":"Específico"},"medicamentoReferencia":null,"categoriaProduto":null,"tipoAutorizacao":"REGISTRADO","acancelar":false,"numeroRegistroFormatado":"101620113","mesAnoVencimentoFormatado":"12/2016"},"empresa":{"cnpj":"33051491000159","razaoSocial":"LABORATÓRIOS PIERRE FABRE DO BRASIL LTDA","numeroAutorizacao":"1001629","cnpjFormatado":"33.051.491/0001-59"},"processo":{"numero":"2599201514960","situacao":29,"numeroProcessoFormatado":"25992.015149/60"}},{"ordem":64,"produto":{"codigo":491890,"nome":"SULFATO DE MAGNÉSIO DARROW","numeroRegistro":"101620244","tipo":{"codigo":1,"descricao":null},"categoria":null,"situacaoRotulo":null,"dataVencimento":null,"mesAnoVencimento":"032012","dataVencimentoRegistro":"2012-03-01T00:00:00.000-0300","principioAtivo":null,"situacaoApresentacao":"Caduco/Cancelado","dataRegistro":"2007-03-19T00:00:00.000-0300","categoriaRegulatoria":{"codigo":3,"descricao":"Específico"},"medicamentoReferencia":null,"categoriaProduto":null,"tipoAutorizacao":"REGISTRADO","acancelar":false,"numeroRegistroFormatado":"101620244","mesAnoVencimentoFormatado":"03/2012"},"empresa":{"cnpj":"33051491000159","razaoSocial":"LABORATÓRIOS PIERRE FABRE DO BRASIL LTDA","numeroAutorizacao":"1001629","cnpjFormatado":"33.051.491/0001-59"},"processo":{"numero":"25351319630200608","situacao":29,"numeroProcessoFormatado":"25351.319630/2006-08"}},{"ordem":65,"produto":{"codigo":415215,"nome":"Sulfato de Magnésio 1 Meq/ml","numeroRegistro":"101620102","tipo":{"codigo":1,"descricao":null},"categoria":null,"situacaoRotulo":null,"dataVencimento":null,"mesAnoVencimento":"102005","dataVencimentoRegistro":"2005-10-01T00:00:00.000-0300","principioAtivo":null,"situacaoApresentacao":"Caduco/Cancelado","dataRegistro":"1980-10-21T00:00:00.000-0300","categoriaRegulatoria":{"codigo":3,"descricao":"Específico"},"medicamentoReferencia":null,"categoriaProduto":null,"tipoAutorizacao":"REGISTRADO","acancelar":false,"numeroRegistroFormatado":"101620102","mesAnoVencimentoFormatado":"10/2005"},"empresa":{"cnpj":"33051491000159","razaoSocial":"LABORATÓRIOS PIERRE FABRE DO BRASIL LTDA","numeroAutorizacao":"1001629","cnpjFormatado":"33.051.491/0001-59"},"processo":{"numero":"2599101048080","situacao":29,"numeroProcessoFormatado":"25991.010480/80"}},{"ordem":66,"produto":{"codigo":2027,"nome":"TAXARIM","numeroRegistro":"101620208","tipo":{"codigo":1,"descricao":null},"categoria":null,"situacaoRotulo":null,"dataVencimento":null,"mesAnoVencimento":"072004","dataVencimentoRegistro":"2004-07-01T00:00:00.000-0300","principioAtivo":null,"situacaoApresentacao":"Caduco/Cancelado","dataRegistro":"2000-02-04T00:00:00.000-0200","categoriaRegulatoria":{"codigo":8,"descricao":"Similar"},"medicamentoReferencia":null,"categoriaProduto":null,"tipoAutorizacao":"REGISTRADO","acancelar":false,"numeroRegistroFormatado":"101620208","mesAnoVencimentoFormatado":"07/2004"},"empresa":{"cnpj":"33051491000159","razaoSocial":"LABORATÓRIOS PIERRE FABRE DO BRASIL LTDA","numeroAutorizacao":"1001629","cnpjFormatado":"33.051.491/0001-59"},"processo":{"numero":"250000097949948","situacao":29,"numeroProcessoFormatado":"25000.009794/99-48"}},{"ordem":67,"produto":{"codigo":8024,"nome":"TIOCONAZOL","numeroRegistro":"101620201","tipo":{"codigo":1,"descricao":null},"categoria":null,"situacaoRotulo":null,"dataVencimento":null,"mesAnoVencimento":"022004","dataVencimentoRegistro":"2004-02-01T00:00:00.000-0300","principioAtivo":null,"situacaoApresentacao":"Caduco/Cancelado","dataRegistro":"1999-02-23T00:00:00.000-0300","categoriaRegulatoria":{"codigo":8,"descricao":"Similar"},"medicamentoReferencia":null,"categoriaProduto":null,"tipoAutorizacao":"REGISTRADO","acancelar":false,"numeroRegistroFormatado":"101620201","mesAnoVencimentoFormatado":"02/2004"},"empresa":{"cnpj":"33051491000159","razaoSocial":"LABORATÓRIOS PIERRE FABRE DO BRASIL LTDA","numeroAutorizacao":"1001629","cnpjFormatado":"33.051.491/0001-59"},"processo":{"numero":"250000228979713","situacao":29,"numeroProcessoFormatado":"25000.022897/97-13"}},{"ordem":68,"produto":{"codigo":125052,"nome":"VANCEL","numeroRegistro":"101620231","tipo":{"codigo":1,"descricao":null},"categoria":null,"situacaoRotulo":null,"dataVencimento":null,"mesAnoVencimento":"062017","dataVencimentoRegistro":"2017-06-01T00:00:00.000-0300","principioAtivo":null,"situacaoApresentacao":"Caduco/Cancelado","dataRegistro":"2002-06-19T00:00:00.000-0300","categoriaRegulatoria":{"codigo":8,"descricao":"Similar"},"medicamentoReferencia":null,"categoriaProduto":null,"tipoAutorizacao":"REGISTRADO","acancelar":false,"numeroRegistroFormatado":"101620231","mesAnoVencimentoFormatado":"06/2017"},"empresa":{"cnpj":"33051491000159","razaoSocial":"LABORATÓRIOS PIERRE FABRE DO BRASIL LTDA","numeroAutorizacao":"1001629","cnpjFormatado":"33.051.491/0001-59"},"processo":{"numero":"250000098049908","situacao":29,"numeroProcessoFormatado":"25000.009804/99-08"}},{"ordem":69,"produto":{"codigo":283,"nome":"VERAC","numeroRegistro":"101620214","tipo":{"codigo":1,"descricao":null},"categoria":null,"situacaoRotulo":null,"dataVencimento":null,"mesAnoVencimento":"012005","dataVencimentoRegistro":"2005-01-01T00:00:00.000-0300","principioAtivo":null,"situacaoApresentacao":"Caduco/Cancelado","dataRegistro":"2000-01-13T00:00:00.000-0200","categoriaRegulatoria":{"codigo":8,"descricao":"Similar"},"medicamentoReferencia":null,"categoriaProduto":null,"tipoAutorizacao":"REGISTRADO","acancelar":false,"numeroRegistroFormatado":"101620214","mesAnoVencimentoFormatado":"01/2005"},"empresa":{"cnpj":"33051491000159","razaoSocial":"LABORATÓRIOS PIERRE FABRE DO BRASIL LTDA","numeroAutorizacao":"1001629","cnpjFormatado":"33.051.491/0001-59"},"processo":{"numero":"250000009949916","situacao":29,"numeroProcessoFormatado":"25000.000994/99-16"}},{"ordem":70,"produto":{"codigo":617979,"nome":"ZOTECAN","numeroRegistro":"101620246","tipo":{"codigo":1,"descricao":null},"categoria":null,"situacaoRotulo":null,"dataVencimento":null,"mesAnoVencimento":"042019","dataVencimentoRegistro":"2019-04-01T00:00:00.000-0300","principioAtivo":null,"situacaoApresentacao":"Caduco/Cancelado","dataRegistro":"2009-03-30T00:00:00.000-0300","categoriaRegulatoria":{"codigo":8,"descricao":"Similar"},"medicamentoReferencia":null,"categoriaProduto":null,"tipoAutorizacao":"REGISTRADO","acancelar":false,"numeroRegistroFormatado":"101620246","mesAnoVencimentoFormatado":"04/2019"},"empresa":{"cnpj":"33051491000159","razaoSocial":"LABORATÓRIOS PIERRE FABRE DO BRASIL LTDA","numeroAutorizacao":"1001629","cnpjFormatado":"33.051.491/0001-59"},"processo":{"numero":"25351062467200850","situacao":29,"numeroProcessoFormatado":"25351.062467/2008-50"}}],"totalElements":70,"totalPages":1,"last":true,"numberOfElements":70,"size":1000,"number":0,"first":true,"sort":null}