{"content":[{"ordem":1,"produto":{"codigo":1166654,"nome":"ACOG","numeroRegistro":"105250085","tipo":{"codigo":1,"descricao":null},"categoria":null,"situacaoRotulo":null,"dataVencimento":null,"mesAnoVencimento":"052030","dataVencimentoRegistro":"2030-05-01T00:00:00.000-0300","principioAtivo":"RIVAROXABANA","situacaoApresentacao":"Válido","dataRegistro":"2020-05-04T00:00:00.000-0300","categoriaRegulatoria":{"codigo":8,"descricao":"Similar"},"medicamentoReferencia":"XARELTO","categoriaProduto":null,"tipoAutorizacao":"REGISTRADO","acancelar":false,"mesAnoVencimentoFormatado":"05/2030","numeroRegistroFormatado":"105250085"},"empresa":{"cnpj":"33078528000132","razaoSocial":"TORRENT DO BRASIL LTDA","numeroAutorizacao":"1005253","cnpjFormatado":"33.078.528/0001-32"},"processo":{"numero":"25351230018201731","situacao":29,"numeroProcessoFormatado":"25351.230018/2017-31"}},{"ordem":2,"produto":{"codigo":249300,"nome":"ALCYTAM","numeroRegistro":"105250016","tipo":{"codigo":1,"descricao":null},"categoria":null,"situacaoRotulo":null,"dataVencimento":null,"mesAnoVencimento":"052028","dataVencimentoRegistro":"2028-05-01T00:00:00.000-0300","principioAtivo":"BROMIDRATO DE CITALOPRAM","situacaoApresentacao":"Válido","dataRegistro":"2003-05-16T00:00:00.000-0300","categoriaRegulatoria":{"codigo":8,"descricao":"Similar"},"medicamentoReferencia":"CIPRAMIL","categoriaProduto":null,"tipoAutorizacao":"REGISTRADO","acancelar":false,"mesAnoVencimentoFormatado":"05/2028","numeroRegistroFormatado":"105250016"},"empresa":{"cnpj":"33078528000132","razaoSocial":"TORRENT DO BRASIL LTDA","numeroAutorizacao":"1005253","cnpjFormatado":"33.078.528/0001-32"},"processo":{"numero":"25351202949200263","situacao":29,"numeroProcessoFormatado":"25351.202949/2002-63"}},{"ordem":3,"produto":{"codigo":124687,"nome":"ALTROX","numeroRegistro":"105250007","tipo":{"codigo":1,"descricao":null},"categoria":null,"situacaoRotulo":null,"dataVencimento":null,"mesAnoVencimento":"052012","dataVencimentoRegistro":"2012-05-01T00:00:00.000-0300","principioAtivo":null,"situacaoApresentacao":"Caduco/Cancelado","dataRegistro":"2002-05-03T00:00:00.000-0300","categoriaRegulatoria":{"codigo":8,"descricao":"Similar"},"medicamentoReferencia":null,"categoriaProduto":null,"tipoAutorizacao":"REGISTRADO","acancelar":false,"mesAnoVencimentoFormatado":"05/2012","numeroRegistroFormatado":"105250007"},"empresa":{"cnpj":"33078528000132","razaoSocial":"TORRENT DO BRASIL LTDA","numeroAutorizacao":"1005253","cnpjFormatado":"33.078.528/0001-32"},"processo":{"numero":"253510164750150","situacao":29,"numeroProcessoFormatado":"25351.016475/01-50"}},{"ordem":4,"produto":{"codigo":124965,"nome":"AMLOCOR","numeroRegistro":"105250008","tipo":{"codigo":1,"descricao":null},"categoria":null,"situacaoRotulo":null,"dataVencimento":null,"mesAnoVencimento":"052017","dataVencimentoRegistro":"2017-05-01T00:00:00.000-0300","principioAtivo":null,"situacaoApresentacao":"Caduco/Cancelado","dataRegistro":"2002-05-03T00:00:00.000-0300","categoriaRegulatoria":{"codigo":8,"descricao":"Similar"},"medicamentoReferencia":null,"categoriaProduto":null,"tipoAutorizacao":"REGISTRADO","acancelar":false,"mesAnoVencimentoFormatado":"05/2017","numeroRegistroFormatado":"105250008"},"empresa":{"cnpj":"33078528000132","razaoSocial":"TORRENT DO BRASIL LTDA","numeroAutorizacao":"1005253","cnpjFormatado":"33.078.528/0001-32"},"processo":{"numero":"253510164710107","situacao":29,"numeroProcessoFormatado":"25351.016471/01-07"}},{"ordem":5,"produto":{"codigo":249311,"nome":"AZUKON","numeroRegistro":"105250015","tipo":{"codigo":1,"descricao":null},"categoria":null,"situacaoRotulo":null,"dataVencimento":null,"mesAnoVencimento":"052008","dataVencimentoRegistro":"2008-05-01T00:00:00.000-0300","principioAtivo":null,"situacaoApresentacao":"Caduco/Cancelado","dataRegistro":"2003-05-13T00:00:00.000-0300","categoriaRegulatoria":{"codigo":8,"descricao":"Similar"},"medicamentoReferencia":null,"categoriaProduto":null,"tipoAutorizacao":"REGISTRADO","acancelar":false,"mesAnoVencimentoFormatado":"05/2008","numeroRegistroFormatado":"105250015"},"empresa":{"cnpj":"33078528000132","razaoSocial":"TORRENT DO BRASIL LTDA","numeroAutorizacao":"1005253","cnpjFormatado":"33.078.528/0001-32"},"processo":{"numero":"25351206794200234","situacao":29,"numeroProcessoFormatado":"25351.206794/2002-34"}},{"ordem":6,"produto":{"codigo":175250,"nome":"AZUKON MR","numeroRegistro":"105250019","tipo":{"codigo":1,"descricao":null},"categoria":null,"situacaoRotulo":null,"dataVencimento":null,"mesAnoVencimento":"012029","dataVencimentoRegistro":"2029-01-01T00:00:00.000-0300","principioAtivo":"GLICLAZIDA","situacaoApresentacao":"Válido","dataRegistro":"2004-01-27T00:00:00.000-0300","categoriaRegulatoria":{"codigo":8,"descricao":"Similar"},"medicamentoReferencia":"DIAMICRON MR","categoriaProduto":null,"tipoAutorizacao":"REGISTRADO","acancelar":false,"mesAnoVencimentoFormatado":"01/2029","numeroRegistroFormatado":"105250019"},"empresa":{"cnpj":"33078528000132","razaoSocial":"TORRENT DO BRASIL LTDA","numeroAutorizacao":"1005253","cnpjFormatado":"33.078.528/0001-32"},"processo":{"numero":"25351214796200205","situacao":29,"numeroProcessoFormatado":"25351.214796/2002-05"}},{"ordem":7,"produto":{"codigo":174976,"nome":"AZULIX","numeroRegistro":"105250020","tipo":{"codigo":1,"descricao":null},"categoria":null,"situacaoRotulo":null,"dataVencimento":null,"mesAnoVencimento":"012024","dataVencimentoRegistro":"2024-01-01T00:00:00.000-0300","principioAtivo":null,"situacaoApresentacao":"Caduco/Cancelado","dataRegistro":"2004-01-27T00:00:00.000-0300","categoriaRegulatoria":{"codigo":8,"descricao":"Similar"},"medicamentoReferencia":null,"categoriaProduto":null,"tipoAutorizacao":"REGISTRADO","acancelar":false,"mesAnoVencimentoFormatado":"01/2024","numeroRegistroFormatado":"105250020"},"empresa":{"cnpj":"33078528000132","razaoSocial":"TORRENT DO BRASIL LTDA","numeroAutorizacao":"1005253","cnpjFormatado":"33.078.528/0001-32"},"processo":{"numero":"25351214801200271","situacao":29,"numeroProcessoFormatado":"25351.214801/2002-71"}},{"ordem":8,"produto":{"codigo":879412,"nome":"AZULIX MF","numeroRegistro":"105250070","tipo":{"codigo":1,"descricao":null},"categoria":null,"situacaoRotulo":null,"dataVencimento":null,"mesAnoVencimento":"072026","dataVencimentoRegistro":"2026-07-01T00:00:00.000-0300","principioAtivo":null,"situacaoApresentacao":"Caduco/Cancelado","dataRegistro":"2016-07-11T00:00:00.000-0300","categoriaRegulatoria":{"codigo":8,"descricao":"Similar"},"medicamentoReferencia":null,"categoriaProduto":null,"tipoAutorizacao":"REGISTRADO","acancelar":false,"mesAnoVencimentoFormatado":"07/2026","numeroRegistroFormatado":"105250070"},"empresa":{"cnpj":"33078528000132","razaoSocial":"TORRENT DO BRASIL LTDA","numeroAutorizacao":"1005253","cnpjFormatado":"33.078.528/0001-32"},"processo":{"numero":"25351627747201238","situacao":29,"numeroProcessoFormatado":"25351.627747/2012-38"}},{"ordem":9,"produto":{"codigo":283387,"nome":"BETACARD","numeroRegistro":"105250024","tipo":{"codigo":1,"descricao":null},"categoria":null,"situacaoRotulo":null,"dataVencimento":null,"mesAnoVencimento":"082010","dataVencimentoRegistro":"2010-08-01T00:00:00.000-0300","principioAtivo":null,"situacaoApresentacao":"Caduco/Cancelado","dataRegistro":"2005-08-01T00:00:00.000-0300","categoriaRegulatoria":{"codigo":8,"descricao":"Similar"},"medicamentoReferencia":null,"categoriaProduto":null,"tipoAutorizacao":"REGISTRADO","acancelar":false,"mesAnoVencimentoFormatado":"08/2010","numeroRegistroFormatado":"105250024"},"empresa":{"cnpj":"33078528000132","razaoSocial":"TORRENT DO BRASIL LTDA","numeroAutorizacao":"1005253","cnpjFormatado":"33.078.528/0001-32"},"processo":{"numero":"25351023215200309","situacao":29,"numeroProcessoFormatado":"25351.023215/2003-09"}},{"ordem":10,"produto":{"codigo":400729,"nome":"BETACARD PLUS","numeroRegistro":"105250023","tipo":{"codigo":1,"descricao":null},"categoria":null,"situacaoRotulo":null,"dataVencimento":null,"mesAnoVencimento":"072015","dataVencimentoRegistro":"2015-07-01T00:00:00.000-0300","principioAtivo":null,"situacaoApresentacao":"Caduco/Cancelado","dataRegistro":"2005-03-23T00:00:00.000-0300","categoriaRegulatoria":{"codigo":8,"descricao":"Similar"},"medicamentoReferencia":null,"categoriaProduto":null,"tipoAutorizacao":"REGISTRADO","acancelar":false,"mesAnoVencimentoFormatado":"07/2015","numeroRegistroFormatado":"105250023"},"empresa":{"cnpj":"33078528000132","razaoSocial":"TORRENT DO BRASIL LTDA","numeroAutorizacao":"1005253","cnpjFormatado":"33.078.528/0001-32"},"processo":{"numero":"25351080989200418","situacao":31,"numeroProcessoFormatado":"25351.080989/2004-18"}},{"ordem":11,"produto":{"codigo":567856,"nome":"BRANTA","numeroRegistro":"105250032","tipo":{"codigo":1,"descricao":null},"categoria":null,"situacaoRotulo":null,"dataVencimento":"2026-06-07T00:00:00.000-0300","mesAnoVencimento":"102028","dataVencimentoRegistro":"2028-10-01T00:00:00.000-0300","principioAtivo":"losartana potássica, BESILATO DE ANLODIPINO","situacaoApresentacao":"Válido","dataRegistro":"2008-10-20T00:00:00.000-0300","categoriaRegulatoria":{"codigo":6,"descricao":"Novo"},"medicamentoReferencia":null,"categoriaProduto":null,"tipoAutorizacao":"REGISTRADO","acancelar":false,"mesAnoVencimentoFormatado":"10/2028","numeroRegistroFormatado":"105250032"},"empresa":{"cnpj":"33078528000132","razaoSocial":"TORRENT DO BRASIL LTDA","numeroAutorizacao":"1005253","cnpjFormatado":"33.078.528/0001-32"},"processo":{"numero":"25351029898200723","situacao":29,"numeroProcessoFormatado":"25351.029898/2007-23"}},{"ordem":12,"produto":{"codigo":663131,"nome":"BRATOR","numeroRegistro":"105250049","tipo":{"codigo":1,"descricao":null},"categoria":null,"situacaoRotulo":null,"dataVencimento":null,"mesAnoVencimento":"042016","dataVencimentoRegistro":"2016-04-01T00:00:00.000-0300","principioAtivo":null,"situacaoApresentacao":"Caduco/Cancelado","dataRegistro":"2011-04-25T00:00:00.000-0300","categoriaRegulatoria":{"codigo":8,"descricao":"Similar"},"medicamentoReferencia":"DIOVAN","categoriaProduto":null,"tipoAutorizacao":"REGISTRADO","acancelar":false,"mesAnoVencimentoFormatado":"04/2016","numeroRegistroFormatado":"105250049"},"empresa":{"cnpj":"33078528000132","razaoSocial":"TORRENT DO BRASIL LTDA","numeroAutorizacao":"1005253","cnpjFormatado":"33.078.528/0001-32"},"processo":{"numero":"25351391932200984","situacao":29,"numeroProcessoFormatado":"25351.391932/2009-84"}},{"ordem":13,"produto":{"codigo":679041,"nome":"BRATOR H","numeroRegistro":"105250050","tipo":{"codigo":1,"descricao":null},"categoria":null,"situacaoRotulo":null,"dataVencimento":null,"mesAnoVencimento":"062016","dataVencimentoRegistro":"2016-06-01T00:00:00.000-0300","principioAtivo":null,"situacaoApresentacao":"Caduco/Cancelado","dataRegistro":"2011-06-06T00:00:00.000-0300","categoriaRegulatoria":{"codigo":8,"descricao":"Similar"},"medicamentoReferencia":null,"categoriaProduto":null,"tipoAutorizacao":"REGISTRADO","acancelar":false,"mesAnoVencimentoFormatado":"06/2016","numeroRegistroFormatado":"105250050"},"empresa":{"cnpj":"33078528000132","razaoSocial":"TORRENT DO BRASIL LTDA","numeroAutorizacao":"1005253","cnpjFormatado":"33.078.528/0001-32"},"processo":{"numero":"25351513249200968","situacao":29,"numeroProcessoFormatado":"25351.513249/2009-68"}},{"ordem":14,"produto":{"codigo":137770,"nome":"CALCIGARD RETARD","numeroRegistro":"105250013","tipo":{"codigo":1,"descricao":null},"categoria":null,"situacaoRotulo":null,"dataVencimento":null,"mesAnoVencimento":"082007","dataVencimentoRegistro":"2007-08-01T00:00:00.000-0300","principioAtivo":null,"situacaoApresentacao":"Caduco/Cancelado","dataRegistro":"2002-08-15T00:00:00.000-0300","categoriaRegulatoria":{"codigo":8,"descricao":"Similar"},"medicamentoReferencia":null,"categoriaProduto":null,"tipoAutorizacao":"REGISTRADO","acancelar":false,"mesAnoVencimentoFormatado":"08/2007","numeroRegistroFormatado":"105250013"},"empresa":{"cnpj":"33078528000132","razaoSocial":"TORRENT DO BRASIL LTDA","numeroAutorizacao":"1005253","cnpjFormatado":"33.078.528/0001-32"},"processo":{"numero":"253510395240122","situacao":29,"numeroProcessoFormatado":"25351.039524/01-22"}},{"ordem":15,"produto":{"codigo":137597,"nome":"CLONOTRIL","numeroRegistro":"105250011","tipo":{"codigo":1,"descricao":null},"categoria":null,"situacaoRotulo":null,"dataVencimento":null,"mesAnoVencimento":"062012","dataVencimentoRegistro":"2012-06-01T00:00:00.000-0300","principioAtivo":null,"situacaoApresentacao":"Caduco/Cancelado","dataRegistro":"2002-07-01T00:00:00.000-0300","categoriaRegulatoria":{"codigo":8,"descricao":"Similar"},"medicamentoReferencia":null,"categoriaProduto":null,"tipoAutorizacao":"REGISTRADO","acancelar":false,"mesAnoVencimentoFormatado":"06/2012","numeroRegistroFormatado":"105250011"},"empresa":{"cnpj":"33078528000132","razaoSocial":"TORRENT DO BRASIL LTDA","numeroAutorizacao":"1005253","cnpjFormatado":"33.078.528/0001-32"},"processo":{"numero":"253510395250195","situacao":29,"numeroProcessoFormatado":"25351.039525/01-95"}},{"ordem":16,"produto":{"codigo":584633,"nome":"CLORIDRATO DE METFORMINA + GLIBENCLAMIDA","numeroRegistro":"105250034","tipo":{"codigo":1,"descricao":null},"categoria":null,"situacaoRotulo":null,"dataVencimento":null,"mesAnoVencimento":"042019","dataVencimentoRegistro":"2019-04-01T00:00:00.000-0300","principioAtivo":null,"situacaoApresentacao":"Caduco/Cancelado","dataRegistro":"2009-04-06T00:00:00.000-0300","categoriaRegulatoria":{"codigo":5,"descricao":"Genérico"},"medicamentoReferencia":"GLUCOVANCE","categoriaProduto":null,"tipoAutorizacao":"REGISTRADO","acancelar":false,"mesAnoVencimentoFormatado":"04/2019","numeroRegistroFormatado":"105250034"},"empresa":{"cnpj":"33078528000132","razaoSocial":"TORRENT DO BRASIL LTDA","numeroAutorizacao":"1005253","cnpjFormatado":"33.078.528/0001-32"},"processo":{"numero":"25351384603200860","situacao":29,"numeroProcessoFormatado":"25351.384603/2008-60"}},{"ordem":17,"produto":{"codigo":715478,"nome":"CLORIDRATO DE NEBIVOLOL","numeroRegistro":"105250054","tipo":{"codigo":1,"descricao":null},"categoria":null,"situacaoRotulo":null,"dataVencimento":null,"mesAnoVencimento":"052027","dataVencimentoRegistro":"2027-05-01T00:00:00.000-0300","principioAtivo":"cloridrato de nebivolol","situacaoApresentacao":"Válido","dataRegistro":"2012-05-14T00:00:00.000-0300","categoriaRegulatoria":{"codigo":5,"descricao":"Genérico"},"medicamentoReferencia":"NEBILET","categoriaProduto":null,"tipoAutorizacao":"REGISTRADO","acancelar":false,"mesAnoVencimentoFormatado":"05/2027","numeroRegistroFormatado":"105250054"},"empresa":{"cnpj":"33078528000132","razaoSocial":"TORRENT DO BRASIL LTDA","numeroAutorizacao":"1005253","cnpjFormatado":"33.078.528/0001-32"},"processo":{"numero":"25351551286201007","situacao":29,"numeroProcessoFormatado":"25351.551286/2010-07"}},{"ordem":18,"produto":{"codigo":845748,"nome":"CLORIDRATO DE TRAZODONA","numeroRegistro":"105250059","tipo":{"codigo":1,"descricao":null},"categoria":null,"situacaoRotulo":null,"dataVencimento":null,"mesAnoVencimento":"032025","dataVencimentoRegistro":"2025-03-01T00:00:00.000-0300","principioAtivo":"CLORIDRATO DE TRAZODONA","situacaoApresentacao":"Válido","dataRegistro":"2015-03-09T00:00:00.000-0300","categoriaRegulatoria":{"codigo":5,"descricao":"Genérico"},"medicamentoReferencia":"DONAREN","categoriaProduto":null,"tipoAutorizacao":"REGISTRADO","acancelar":false,"mesAnoVencimentoFormatado":"03/2025","numeroRegistroFormatado":"105250059"},"empresa":{"cnpj":"33078528000132","razaoSocial":"TORRENT DO BRASIL LTDA","numeroAutorizacao":"1005253","cnpjFormatado":"33.078.528/0001-32"},"processo":{"numero":"25351453013201210","situacao":29,"numeroProcessoFormatado":"25351.453013/2012-10"}},{"ordem":19,"produto":{"codigo":624127,"nome":"Carvedilol","numeroRegistro":"105250038","tipo":{"codigo":1,"descricao":null},"categoria":null,"situacaoRotulo":null,"dataVencimento":null,"mesAnoVencimento":"092029","dataVencimentoRegistro":"2029-09-01T00:00:00.000-0300","principioAtivo":"CARVEDILOL","situacaoApresentacao":"Válido","dataRegistro":"2009-09-08T00:00:00.000-0300","categoriaRegulatoria":{"codigo":5,"descricao":"Genérico"},"medicamentoReferencia":"Coreg","categoriaProduto":null,"tipoAutorizacao":"REGISTRADO","acancelar":false,"mesAnoVencimentoFormatado":"09/2029","numeroRegistroFormatado":"105250038"},"empresa":{"cnpj":"33078528000132","razaoSocial":"TORRENT DO BRASIL LTDA","numeroAutorizacao":"1005253","cnpjFormatado":"33.078.528/0001-32"},"processo":{"numero":"25351782561200817","situacao":29,"numeroProcessoFormatado":"25351.782561/2008-17"}},{"ordem":20,"produto":{"codigo":3542277,"nome":"Cloridrato de memantina","numeroRegistro":"105250104","tipo":{"codigo":1,"descricao":null},"categoria":null,"situacaoRotulo":null,"dataVencimento":"2032-08-08T00:00:00.000-0300","mesAnoVencimento":"082032","dataVencimentoRegistro":"2032-08-01T00:00:00.000-0300","principioAtivo":"CLORIDRATO DE MEMANTINA","situacaoApresentacao":"Válido","dataRegistro":"2022-08-08T00:00:00.000-0300","categoriaRegulatoria":{"codigo":5,"descricao":"Genérico"},"medicamentoReferencia":"Ebix","categoriaProduto":null,"tipoAutorizacao":"REGISTRADO","acancelar":false,"mesAnoVencimentoFormatado":"08/2032","numeroRegistroFormatado":"105250104"},"empresa":{"cnpj":"33078528000132","razaoSocial":"TORRENT DO BRASIL LTDA","numeroAutorizacao":"1005253","cnpjFormatado":"33.078.528/0001-32"},"processo":{"numero":"25351229581202224","situacao":29,"numeroProcessoFormatado":"25351.229581/2022-24"}},{"ordem":21,"produto":{"codigo":709863,"nome":"Cloridrato de pioglitazona","numeroRegistro":"105250051","tipo":{"codigo":1,"descricao":null},"categoria":null,"situacaoRotulo":null,"dataVencimento":null,"mesAnoVencimento":"062026","dataVencimentoRegistro":"2026-06-01T00:00:00.000-0300","principioAtivo":"CLORIDRATO DE PIOGLITAZONA","situacaoApresentacao":"Válido","dataRegistro":"2011-06-27T00:00:00.000-0300","categoriaRegulatoria":{"codigo":5,"descricao":"Genérico"},"medicamentoReferencia":"ACTOS","categoriaProduto":null,"tipoAutorizacao":"REGISTRADO","acancelar":false,"mesAnoVencimentoFormatado":"06/2026","numeroRegistroFormatado":"105250051"},"empresa":{"cnpj":"33078528000132","razaoSocial":"TORRENT DO BRASIL LTDA","numeroAutorizacao":"1005253","cnpjFormatado":"33.078.528/0001-32"},"processo":{"numero":"25351115363200915","situacao":29,"numeroProcessoFormatado":"25351.115363/2009-15"}},{"ordem":22,"produto":{"codigo":1304582,"nome":"DESDUO","numeroRegistro":"105250088","tipo":{"codigo":1,"descricao":null},"categoria":null,"situacaoRotulo":null,"dataVencimento":null,"mesAnoVencimento":"052031","dataVencimentoRegistro":"2031-05-01T00:00:00.000-0300","principioAtivo":"SUCCINATO DE DESVENLAFAXINA MONOIDRATADO","situacaoApresentacao":"Válido","dataRegistro":"2021-05-03T00:00:00.000-0300","categoriaRegulatoria":{"codigo":8,"descricao":"Similar"},"medicamentoReferencia":"PRISTIQ","categoriaProduto":null,"tipoAutorizacao":"REGISTRADO","acancelar":false,"mesAnoVencimentoFormatado":"05/2031","numeroRegistroFormatado":"105250088"},"empresa":{"cnpj":"33078528000132","razaoSocial":"TORRENT DO BRASIL LTDA","numeroAutorizacao":"1005253","cnpjFormatado":"33.078.528/0001-32"},"processo":{"numero":"25351073617201911","situacao":29,"numeroProcessoFormatado":"25351.073617/2019-11"}},{"ordem":23,"produto":{"codigo":137617,"nome":"DILTOR CD","numeroRegistro":"105250012","tipo":{"codigo":1,"descricao":null},"categoria":null,"situacaoRotulo":null,"dataVencimento":null,"mesAnoVencimento":"062007","dataVencimentoRegistro":"2007-06-01T00:00:00.000-0300","principioAtivo":null,"situacaoApresentacao":"Caduco/Cancelado","dataRegistro":"2002-07-01T00:00:00.000-0300","categoriaRegulatoria":{"codigo":8,"descricao":"Similar"},"medicamentoReferencia":null,"categoriaProduto":null,"tipoAutorizacao":"REGISTRADO","acancelar":false,"mesAnoVencimentoFormatado":"06/2007","numeroRegistroFormatado":"105250012"},"empresa":{"cnpj":"33078528000132","razaoSocial":"TORRENT DO BRASIL LTDA","numeroAutorizacao":"1005253","cnpjFormatado":"33.078.528/0001-32"},"processo":{"numero":"253510395270111","situacao":29,"numeroProcessoFormatado":"25351.039527/01-11"}},{"ordem":24,"produto":{"codigo":175257,"nome":"DUODOPA CR","numeroRegistro":"105250021","tipo":{"codigo":1,"descricao":null},"categoria":null,"situacaoRotulo":null,"dataVencimento":null,"mesAnoVencimento":"042009","dataVencimentoRegistro":"2009-04-01T00:00:00.000-0300","principioAtivo":null,"situacaoApresentacao":"Caduco/Cancelado","dataRegistro":"2004-04-27T00:00:00.000-0300","categoriaRegulatoria":{"codigo":8,"descricao":"Similar"},"medicamentoReferencia":null,"categoriaProduto":null,"tipoAutorizacao":"REGISTRADO","acancelar":false,"mesAnoVencimentoFormatado":"04/2009","numeroRegistroFormatado":"105250021"},"empresa":{"cnpj":"33078528000132","razaoSocial":"TORRENT DO BRASIL LTDA","numeroAutorizacao":"1005253","cnpjFormatado":"33.078.528/0001-32"},"processo":{"numero":"25351214799200231","situacao":29,"numeroProcessoFormatado":"25351.214799/2002-31"}},{"ordem":25,"produto":{"codigo":537679,"nome":"Distin","numeroRegistro":"105250029","tipo":{"codigo":1,"descricao":null},"categoria":null,"situacaoRotulo":null,"dataVencimento":null,"mesAnoVencimento":"092012","dataVencimentoRegistro":"2012-09-01T00:00:00.000-0300","principioAtivo":null,"situacaoApresentacao":"Caduco/Cancelado","dataRegistro":"2007-09-24T00:00:00.000-0300","categoriaRegulatoria":{"codigo":8,"descricao":"Similar"},"medicamentoReferencia":null,"categoriaProduto":null,"tipoAutorizacao":"REGISTRADO","acancelar":false,"mesAnoVencimentoFormatado":"09/2012","numeroRegistroFormatado":"105250029"},"empresa":{"cnpj":"33078528000132","razaoSocial":"TORRENT DO BRASIL LTDA","numeroAutorizacao":"1005253","cnpjFormatado":"33.078.528/0001-32"},"processo":{"numero":"25351063220200699","situacao":29,"numeroProcessoFormatado":"25351.063220/2006-99"}},{"ordem":26,"produto":{"codigo":175208,"nome":"ECATOR","numeroRegistro":"105250022","tipo":{"codigo":1,"descricao":null},"categoria":null,"situacaoRotulo":null,"dataVencimento":null,"mesAnoVencimento":"042019","dataVencimentoRegistro":"2019-04-01T00:00:00.000-0300","principioAtivo":null,"situacaoApresentacao":"Caduco/Cancelado","dataRegistro":"2004-04-27T00:00:00.000-0300","categoriaRegulatoria":{"codigo":8,"descricao":"Similar"},"medicamentoReferencia":null,"categoriaProduto":null,"tipoAutorizacao":"REGISTRADO","acancelar":false,"mesAnoVencimentoFormatado":"04/2019","numeroRegistroFormatado":"105250022"},"empresa":{"cnpj":"33078528000132","razaoSocial":"TORRENT DO BRASIL LTDA","numeroAutorizacao":"1005253","cnpjFormatado":"33.078.528/0001-32"},"processo":{"numero":"25351214798200296","situacao":29,"numeroProcessoFormatado":"25351.214798/2002-96"}},{"ordem":27,"produto":{"codigo":615399,"nome":"ECATOR ANLO","numeroRegistro":"105250052","tipo":{"codigo":1,"descricao":null},"categoria":null,"situacaoRotulo":null,"dataVencimento":null,"mesAnoVencimento":"072016","dataVencimentoRegistro":"2016-07-01T00:00:00.000-0300","principioAtivo":null,"situacaoApresentacao":"Caduco/Cancelado","dataRegistro":"2011-07-11T00:00:00.000-0300","categoriaRegulatoria":{"codigo":8,"descricao":"Similar"},"medicamentoReferencia":"NAPRIX A","categoriaProduto":null,"tipoAutorizacao":"REGISTRADO","acancelar":false,"mesAnoVencimentoFormatado":"07/2016","numeroRegistroFormatado":"105250052"},"empresa":{"cnpj":"33078528000132","razaoSocial":"TORRENT DO BRASIL LTDA","numeroAutorizacao":"1005253","cnpjFormatado":"33.078.528/0001-32"},"processo":{"numero":"25351493021200873","situacao":29,"numeroProcessoFormatado":"25351.493021/2008-73"}},{"ordem":28,"produto":{"codigo":404190,"nome":"ECATOR H","numeroRegistro":"105250028","tipo":{"codigo":1,"descricao":null},"categoria":null,"situacaoRotulo":null,"dataVencimento":null,"mesAnoVencimento":"112016","dataVencimentoRegistro":"2016-11-01T00:00:00.000-0300","principioAtivo":null,"situacaoApresentacao":"Caduco/Cancelado","dataRegistro":"2006-11-13T00:00:00.000-0300","categoriaRegulatoria":{"codigo":8,"descricao":"Similar"},"medicamentoReferencia":null,"categoriaProduto":null,"tipoAutorizacao":"REGISTRADO","acancelar":false,"mesAnoVencimentoFormatado":"11/2016","numeroRegistroFormatado":"105250028"},"empresa":{"cnpj":"33078528000132","razaoSocial":"TORRENT DO BRASIL LTDA","numeroAutorizacao":"1005253","cnpjFormatado":"33.078.528/0001-32"},"processo":{"numero":"25351247561200453","situacao":29,"numeroProcessoFormatado":"25351.247561/2004-53"}},{"ordem":29,"produto":{"codigo":614412,"nome":"EPÉZ","numeroRegistro":"105250040","tipo":{"codigo":1,"descricao":null},"categoria":null,"situacaoRotulo":null,"dataVencimento":null,"mesAnoVencimento":"122029","dataVencimentoRegistro":"2029-12-01T00:00:00.000-0300","principioAtivo":"CLORIDRATO DE DONEPEZILA","situacaoApresentacao":"Válido","dataRegistro":"2009-12-07T00:00:00.000-0300","categoriaRegulatoria":{"codigo":8,"descricao":"Similar"},"medicamentoReferencia":"ERANZ","categoriaProduto":null,"tipoAutorizacao":"REGISTRADO","acancelar":false,"mesAnoVencimentoFormatado":"12/2029","numeroRegistroFormatado":"105250040"},"empresa":{"cnpj":"33078528000132","razaoSocial":"TORRENT DO BRASIL LTDA","numeroAutorizacao":"1005253","cnpjFormatado":"33.078.528/0001-32"},"processo":{"numero":"25351706435200878","situacao":29,"numeroProcessoFormatado":"25351.706435/2008-78"}},{"ordem":30,"produto":{"codigo":635913,"nome":"ESPRAN","numeroRegistro":"105250044","tipo":{"codigo":1,"descricao":null},"categoria":null,"situacaoRotulo":null,"dataVencimento":null,"mesAnoVencimento":"062025","dataVencimentoRegistro":"2025-06-01T00:00:00.000-0300","principioAtivo":"OXALATO DE ESCITALOPRAM","situacaoApresentacao":"Válido","dataRegistro":"2010-06-07T00:00:00.000-0300","categoriaRegulatoria":{"codigo":8,"descricao":"Similar"},"medicamentoReferencia":"LEXAPRO","categoriaProduto":null,"tipoAutorizacao":"REGISTRADO","acancelar":false,"mesAnoVencimentoFormatado":"06/2025","numeroRegistroFormatado":"105250044"},"empresa":{"cnpj":"33078528000132","razaoSocial":"TORRENT DO BRASIL LTDA","numeroAutorizacao":"1005253","cnpjFormatado":"33.078.528/0001-32"},"processo":{"numero":"25351871279200813","situacao":29,"numeroProcessoFormatado":"25351.871279/2008-13"}},{"ordem":31,"produto":{"codigo":634304,"nome":"GABAPENTINA","numeroRegistro":"105250046","tipo":{"codigo":1,"descricao":null},"categoria":null,"situacaoRotulo":null,"dataVencimento":null,"mesAnoVencimento":"012021","dataVencimentoRegistro":"2021-01-01T00:00:00.000-0300","principioAtivo":null,"situacaoApresentacao":"Caduco/Cancelado","dataRegistro":"2011-01-17T00:00:00.000-0300","categoriaRegulatoria":{"codigo":5,"descricao":"Genérico"},"medicamentoReferencia":"NEURONTIN","categoriaProduto":null,"tipoAutorizacao":"REGISTRADO","acancelar":false,"mesAnoVencimentoFormatado":"01/2021","numeroRegistroFormatado":"105250046"},"empresa":{"cnpj":"33078528000132","razaoSocial":"TORRENT DO BRASIL LTDA","numeroAutorizacao":"1005253","cnpjFormatado":"33.078.528/0001-32"},"processo":{"numero":"25351855624200846","situacao":29,"numeroProcessoFormatado":"25351.855624/2008-46"}},{"ordem":32,"produto":{"codigo":634103,"nome":"GABATIN","numeroRegistro":"105250055","tipo":{"codigo":1,"descricao":null},"categoria":null,"situacaoRotulo":null,"dataVencimento":null,"mesAnoVencimento":"062017","dataVencimentoRegistro":"2017-06-01T00:00:00.000-0300","principioAtivo":null,"situacaoApresentacao":"Caduco/Cancelado","dataRegistro":"2012-06-18T00:00:00.000-0300","categoriaRegulatoria":{"codigo":8,"descricao":"Similar"},"medicamentoReferencia":"NEURONTIN","categoriaProduto":null,"tipoAutorizacao":"REGISTRADO","acancelar":false,"mesAnoVencimentoFormatado":"06/2017","numeroRegistroFormatado":"105250055"},"empresa":{"cnpj":"33078528000132","razaoSocial":"TORRENT DO BRASIL LTDA","numeroAutorizacao":"1005253","cnpjFormatado":"33.078.528/0001-32"},"processo":{"numero":"25351844904200849","situacao":29,"numeroProcessoFormatado":"25351.844904/2008-49"}},{"ordem":33,"produto":{"codigo":588864,"nome":"GLIBETA","numeroRegistro":"105250033","tipo":{"codigo":1,"descricao":null},"categoria":null,"situacaoRotulo":null,"dataVencimento":null,"mesAnoVencimento":"032019","dataVencimentoRegistro":"2019-03-01T00:00:00.000-0300","principioAtivo":null,"situacaoApresentacao":"Caduco/Cancelado","dataRegistro":"2009-03-23T00:00:00.000-0300","categoriaRegulatoria":{"codigo":8,"descricao":"Similar"},"medicamentoReferencia":null,"categoriaProduto":null,"tipoAutorizacao":"REGISTRADO","acancelar":false,"mesAnoVencimentoFormatado":"03/2019","numeroRegistroFormatado":"105250033"},"empresa":{"cnpj":"33078528000132","razaoSocial":"TORRENT DO BRASIL LTDA","numeroAutorizacao":"1005253","cnpjFormatado":"33.078.528/0001-32"},"processo":{"numero":"25351312333200895","situacao":29,"numeroProcessoFormatado":"25351.312333/2008-95"}},{"ordem":34,"produto":{"codigo":857404,"nome":"ICCOR","numeroRegistro":"105250082","tipo":{"codigo":1,"descricao":null},"categoria":null,"situacaoRotulo":null,"dataVencimento":null,"mesAnoVencimento":"032030","dataVencimentoRegistro":"2030-03-01T00:00:00.000-0300","principioAtivo":"hemiFUMARATO DE BISOPROLOL","situacaoApresentacao":"Válido","dataRegistro":"2020-03-23T00:00:00.000-0300","categoriaRegulatoria":{"codigo":8,"descricao":"Similar"},"medicamentoReferencia":"CONCOR","categoriaProduto":null,"tipoAutorizacao":"REGISTRADO","acancelar":false,"mesAnoVencimentoFormatado":"03/2030","numeroRegistroFormatado":"105250082"},"empresa":{"cnpj":"33078528000132","razaoSocial":"TORRENT DO BRASIL LTDA","numeroAutorizacao":"1005253","cnpjFormatado":"33.078.528/0001-32"},"processo":{"numero":"25351579272201287","situacao":29,"numeroProcessoFormatado":"25351.579272/2012-87"}},{"ordem":35,"produto":{"codigo":274689,"nome":"INDAPEN SR","numeroRegistro":"105250017","tipo":{"codigo":1,"descricao":null},"categoria":null,"situacaoRotulo":null,"dataVencimento":null,"mesAnoVencimento":"052028","dataVencimentoRegistro":"2028-05-01T00:00:00.000-0300","principioAtivo":"INDAPAMIDA","situacaoApresentacao":"Válido","dataRegistro":"2003-05-19T00:00:00.000-0300","categoriaRegulatoria":{"codigo":8,"descricao":"Similar"},"medicamentoReferencia":"NATRILIX SR","categoriaProduto":null,"tipoAutorizacao":"REGISTRADO","acancelar":false,"mesAnoVencimentoFormatado":"05/2028","numeroRegistroFormatado":"105250017"},"empresa":{"cnpj":"33078528000132","razaoSocial":"TORRENT DO BRASIL LTDA","numeroAutorizacao":"1005253","cnpjFormatado":"33.078.528/0001-32"},"processo":{"numero":"25351202950200298","situacao":29,"numeroProcessoFormatado":"25351.202950/2002-98"}},{"ordem":36,"produto":{"codigo":1281657,"nome":"IVAHART","numeroRegistro":"105250090","tipo":{"codigo":1,"descricao":null},"categoria":null,"situacaoRotulo":null,"dataVencimento":"2031-06-20T00:00:00.000-0300","mesAnoVencimento":"062031","dataVencimentoRegistro":"2031-06-01T00:00:00.000-0300","principioAtivo":"CLORIDRATO DE IVABRADINA","situacaoApresentacao":"Válido","dataRegistro":"2021-06-07T00:00:00.000-0300","categoriaRegulatoria":{"codigo":8,"descricao":"Similar"},"medicamentoReferencia":"PROCORALAN®","categoriaProduto":null,"tipoAutorizacao":"REGISTRADO","acancelar":false,"mesAnoVencimentoFormatado":"06/2031","numeroRegistroFormatado":"105250090"},"empresa":{"cnpj":"33078528000132","razaoSocial":"TORRENT DO BRASIL LTDA","numeroAutorizacao":"1005253","cnpjFormatado":"33.078.528/0001-32"},"processo":{"numero":"25351679486201891","situacao":29,"numeroProcessoFormatado":"25351.679486/2018-91"}},{"ordem":37,"produto":{"codigo":125057,"nome":"KARVIL","numeroRegistro":"105250010","tipo":{"codigo":1,"descricao":null},"categoria":null,"situacaoRotulo":null,"dataVencimento":null,"mesAnoVencimento":"062027","dataVencimentoRegistro":"2027-06-01T00:00:00.000-0300","principioAtivo":"CARVEDILOL","situacaoApresentacao":"Válido","dataRegistro":"2002-06-05T00:00:00.000-0300","categoriaRegulatoria":{"codigo":8,"descricao":"Similar"},"medicamentoReferencia":"COREG","categoriaProduto":null,"tipoAutorizacao":"REGISTRADO","acancelar":false,"mesAnoVencimentoFormatado":"06/2027","numeroRegistroFormatado":"105250010"},"empresa":{"cnpj":"33078528000132","razaoSocial":"TORRENT DO BRASIL LTDA","numeroAutorizacao":"1005253","cnpjFormatado":"33.078.528/0001-32"},"processo":{"numero":"253510212310134","situacao":29,"numeroProcessoFormatado":"25351.021231/01-34"}},{"ordem":38,"produto":{"codigo":5252,"nome":"LAMITOR","numeroRegistro":"105250002","tipo":{"codigo":1,"descricao":null},"categoria":null,"situacaoRotulo":null,"dataVencimento":null,"mesAnoVencimento":"042021","dataVencimentoRegistro":"2021-04-01T00:00:00.000-0300","principioAtivo":null,"situacaoApresentacao":"Caduco/Cancelado","dataRegistro":"2001-04-04T00:00:00.000-0300","categoriaRegulatoria":{"codigo":8,"descricao":"Similar"},"medicamentoReferencia":null,"categoriaProduto":null,"tipoAutorizacao":"REGISTRADO","acancelar":false,"mesAnoVencimentoFormatado":"04/2021","numeroRegistroFormatado":"105250002"},"empresa":{"cnpj":"33078528000132","razaoSocial":"TORRENT DO BRASIL LTDA","numeroAutorizacao":"1005253","cnpjFormatado":"33.078.528/0001-32"},"processo":{"numero":"253510007680189","situacao":29,"numeroProcessoFormatado":"25351.000768/01-89"}},{"ordem":39,"produto":{"codigo":1153927,"nome":"LAMITOR CD","numeroRegistro":"105250073","tipo":{"codigo":1,"descricao":null},"categoria":null,"situacaoRotulo":null,"dataVencimento":null,"mesAnoVencimento":"042027","dataVencimentoRegistro":"2027-04-01T00:00:00.000-0300","principioAtivo":"LAMOTRIGINA","situacaoApresentacao":"Válido","dataRegistro":"2017-04-24T00:00:00.000-0300","categoriaRegulatoria":{"codigo":8,"descricao":"Similar"},"medicamentoReferencia":"LAMICTAL","categoriaProduto":null,"tipoAutorizacao":"REGISTRADO","acancelar":false,"mesAnoVencimentoFormatado":"04/2027","numeroRegistroFormatado":"105250073"},"empresa":{"cnpj":"33078528000132","razaoSocial":"TORRENT DO BRASIL LTDA","numeroAutorizacao":"1005253","cnpjFormatado":"33.078.528/0001-32"},"processo":{"numero":"25351059868201632","situacao":29,"numeroProcessoFormatado":"25351.059868/2016-32"}},{"ordem":40,"produto":{"codigo":1103296,"nome":"LAMOTRIGINA","numeroRegistro":"105250072","tipo":{"codigo":1,"descricao":null},"categoria":null,"situacaoRotulo":null,"dataVencimento":null,"mesAnoVencimento":"032027","dataVencimentoRegistro":"2027-03-01T00:00:00.000-0300","principioAtivo":"LAMOTRIGINA","situacaoApresentacao":"Válido","dataRegistro":"2017-03-01T00:00:00.000-0300","categoriaRegulatoria":{"codigo":5,"descricao":"Genérico"},"medicamentoReferencia":"LAMICTAL","categoriaProduto":null,"tipoAutorizacao":"REGISTRADO","acancelar":false,"mesAnoVencimentoFormatado":"03/2027","numeroRegistroFormatado":"105250072"},"empresa":{"cnpj":"33078528000132","razaoSocial":"TORRENT DO BRASIL LTDA","numeroAutorizacao":"1005253","cnpjFormatado":"33.078.528/0001-32"},"processo":{"numero":"25351030615201675","situacao":29,"numeroProcessoFormatado":"25351.030615/2016-75"}},{"ordem":41,"produto":{"codigo":3607956,"nome":"LEPS ER","numeroRegistro":"105250109","tipo":{"codigo":1,"descricao":null},"categoria":null,"situacaoRotulo":null,"dataVencimento":null,"mesAnoVencimento":"052033","dataVencimentoRegistro":"2033-05-01T00:00:00.000-0300","principioAtivo":"DIVALPROATO DE SÓDIO","situacaoApresentacao":"Válido","dataRegistro":"2023-05-22T00:00:00.000-0300","categoriaRegulatoria":{"codigo":8,"descricao":"Similar"},"medicamentoReferencia":"DEPAKOTE","categoriaProduto":null,"tipoAutorizacao":"REGISTRADO","acancelar":false,"mesAnoVencimentoFormatado":"05/2033","numeroRegistroFormatado":"105250109"},"empresa":{"cnpj":"33078528000132","razaoSocial":"TORRENT DO BRASIL LTDA","numeroAutorizacao":"1005253","cnpjFormatado":"33.078.528/0001-32"},"processo":{"numero":"25351182764202350","situacao":29,"numeroProcessoFormatado":"25351.182764/2023-50"}},{"ordem":42,"produto":{"codigo":125950,"nome":"LISTRIL","numeroRegistro":"105250009","tipo":{"codigo":1,"descricao":null},"categoria":null,"situacaoRotulo":null,"dataVencimento":null,"mesAnoVencimento":"052012","dataVencimentoRegistro":"2012-05-01T00:00:00.000-0300","principioAtivo":null,"situacaoApresentacao":"Caduco/Cancelado","dataRegistro":"2002-05-03T00:00:00.000-0300","categoriaRegulatoria":{"codigo":8,"descricao":"Similar"},"medicamentoReferencia":null,"categoriaProduto":null,"tipoAutorizacao":"REGISTRADO","acancelar":false,"mesAnoVencimentoFormatado":"05/2012","numeroRegistroFormatado":"105250009"},"empresa":{"cnpj":"33078528000132","razaoSocial":"TORRENT DO BRASIL LTDA","numeroAutorizacao":"1005253","cnpjFormatado":"33.078.528/0001-32"},"processo":{"numero":"253510164720161","situacao":29,"numeroProcessoFormatado":"25351.016472/01-61"}},{"ordem":43,"produto":{"codigo":1034740,"nome":"LOREDON","numeroRegistro":"105250061","tipo":{"codigo":1,"descricao":null},"categoria":null,"situacaoRotulo":null,"dataVencimento":null,"mesAnoVencimento":"042025","dataVencimentoRegistro":"2025-04-01T00:00:00.000-0300","principioAtivo":"CLORIDRATO DE TRAZODONA","situacaoApresentacao":"Válido","dataRegistro":"2015-04-20T00:00:00.000-0300","categoriaRegulatoria":{"codigo":8,"descricao":"Similar"},"medicamentoReferencia":"DONAREN","categoriaProduto":null,"tipoAutorizacao":"REGISTRADO","acancelar":false,"mesAnoVencimentoFormatado":"04/2025","numeroRegistroFormatado":"105250061"},"empresa":{"cnpj":"33078528000132","razaoSocial":"TORRENT DO BRASIL LTDA","numeroAutorizacao":"1005253","cnpjFormatado":"33.078.528/0001-32"},"processo":{"numero":"25351452953201271","situacao":29,"numeroProcessoFormatado":"25351.452953/2012-71"}},{"ordem":44,"produto":{"codigo":1031722,"nome":"LOSARTANA POTASSICA + BESILATO DE ANLODIPINO","numeroRegistro":"105250060","tipo":{"codigo":1,"descricao":null},"categoria":null,"situacaoRotulo":null,"dataVencimento":null,"mesAnoVencimento":null,"dataVencimentoRegistro":null,"principioAtivo":null,"situacaoApresentacao":"Caduco/Cancelado","dataRegistro":"2015-04-06T00:00:00.000-0300","categoriaRegulatoria":{"codigo":5,"descricao":"Genérico"},"medicamentoReferencia":"BRANTA","categoriaProduto":null,"tipoAutorizacao":"REGISTRADO","acancelar":false,"mesAnoVencimentoFormatado":"","numeroRegistroFormatado":"105250060"},"empresa":{"cnpj":"33078528000132","razaoSocial":"TORRENT DO BRASIL LTDA","numeroAutorizacao":"1005253","cnpjFormatado":"33.078.528/0001-32"},"processo":{"numero":"25351550111201417","situacao":29,"numeroProcessoFormatado":"25351.550111/2014-17"}},{"ordem":45,"produto":{"codigo":607451,"nome":"LOSARTANA POTÁSSICA","numeroRegistro":"105250035","tipo":{"codigo":1,"descricao":null},"categoria":null,"situacaoRotulo":null,"dataVencimento":null,"mesAnoVencimento":"052019","dataVencimentoRegistro":"2019-05-01T00:00:00.000-0300","principioAtivo":null,"situacaoApresentacao":"Caduco/Cancelado","dataRegistro":"2009-05-25T00:00:00.000-0300","categoriaRegulatoria":{"codigo":5,"descricao":"Genérico"},"medicamentoReferencia":"COZZAR","categoriaProduto":null,"tipoAutorizacao":"REGISTRADO","acancelar":false,"mesAnoVencimentoFormatado":"05/2019","numeroRegistroFormatado":"105250035"},"empresa":{"cnpj":"33078528000132","razaoSocial":"TORRENT DO BRASIL LTDA","numeroAutorizacao":"1005253","cnpjFormatado":"33.078.528/0001-32"},"processo":{"numero":"25351689622200880","situacao":29,"numeroProcessoFormatado":"25351.689622/2008-80"}},{"ordem":46,"produto":{"codigo":1312514,"nome":"MEALZ","numeroRegistro":"105250086","tipo":{"codigo":1,"descricao":null},"categoria":null,"situacaoRotulo":null,"dataVencimento":null,"mesAnoVencimento":"042031","dataVencimentoRegistro":"2031-04-01T00:00:00.000-0300","principioAtivo":"CLORIDRATO DE MEMANTINA","situacaoApresentacao":"Válido","dataRegistro":"2021-04-07T00:00:00.000-0300","categoriaRegulatoria":{"codigo":8,"descricao":"Similar"},"medicamentoReferencia":"Ebix","categoriaProduto":null,"tipoAutorizacao":"REGISTRADO","acancelar":false,"mesAnoVencimentoFormatado":"04/2031","numeroRegistroFormatado":"105250086"},"empresa":{"cnpj":"33078528000132","razaoSocial":"TORRENT DO BRASIL LTDA","numeroAutorizacao":"1005253","cnpjFormatado":"33.078.528/0001-32"},"processo":{"numero":"25351159396201960","situacao":29,"numeroProcessoFormatado":"25351.159396/2019-60"}},{"ordem":47,"produto":{"codigo":489711,"nome":"MENELAT","numeroRegistro":"105250030","tipo":{"codigo":1,"descricao":null},"categoria":null,"situacaoRotulo":null,"dataVencimento":null,"mesAnoVencimento":"112027","dataVencimentoRegistro":"2027-11-01T00:00:00.000-0300","principioAtivo":"MIRTAZAPINA","situacaoApresentacao":"Válido","dataRegistro":"2007-11-12T00:00:00.000-0300","categoriaRegulatoria":{"codigo":8,"descricao":"Similar"},"medicamentoReferencia":"MIRTAZAPINA, M.S. 1.0047.0462, SANDOZ DO BRASIL","categoriaProduto":null,"tipoAutorizacao":"REGISTRADO","acancelar":false,"mesAnoVencimentoFormatado":"11/2027","numeroRegistroFormatado":"105250030"},"empresa":{"cnpj":"33078528000132","razaoSocial":"TORRENT DO BRASIL LTDA","numeroAutorizacao":"1005253","cnpjFormatado":"33.078.528/0001-32"},"processo":{"numero":"25351269643200611","situacao":29,"numeroProcessoFormatado":"25351.269643/2006-11"}},{"ordem":48,"produto":{"codigo":1382487,"nome":"MENELAT ODT","numeroRegistro":"105250081","tipo":{"codigo":1,"descricao":null},"categoria":null,"situacaoRotulo":null,"dataVencimento":null,"mesAnoVencimento":"012030","dataVencimentoRegistro":"2030-01-01T00:00:00.000-0300","principioAtivo":"MIRTAZAPINA","situacaoApresentacao":"Válido","dataRegistro":"2020-01-20T00:00:00.000-0300","categoriaRegulatoria":{"codigo":8,"descricao":"Similar"},"medicamentoReferencia":"REMERON SOLTAB","categoriaProduto":null,"tipoAutorizacao":"REGISTRADO","acancelar":false,"mesAnoVencimentoFormatado":"01/2030","numeroRegistroFormatado":"105250081"},"empresa":{"cnpj":"33078528000132","razaoSocial":"TORRENT DO BRASIL LTDA","numeroAutorizacao":"1005253","cnpjFormatado":"33.078.528/0001-32"},"processo":{"numero":"25351596713201925","situacao":29,"numeroProcessoFormatado":"25351.596713/2019-25"}},{"ordem":49,"produto":{"codigo":564037,"nome":"METTA SR","numeroRegistro":"105250031","tipo":{"codigo":1,"descricao":null},"categoria":null,"situacaoRotulo":null,"dataVencimento":null,"mesAnoVencimento":"102028","dataVencimentoRegistro":"2028-10-01T00:00:00.000-0300","principioAtivo":"CLORIDRATO DE METFORMINA","situacaoApresentacao":"Válido","dataRegistro":"2008-10-06T00:00:00.000-0300","categoriaRegulatoria":{"codigo":8,"descricao":"Similar"},"medicamentoReferencia":"GLIFAGE","categoriaProduto":null,"tipoAutorizacao":"REGISTRADO","acancelar":false,"mesAnoVencimentoFormatado":"10/2028","numeroRegistroFormatado":"105250031"},"empresa":{"cnpj":"33078528000132","razaoSocial":"TORRENT DO BRASIL LTDA","numeroAutorizacao":"1005253","cnpjFormatado":"33.078.528/0001-32"},"processo":{"numero":"25351050883200813","situacao":29,"numeroProcessoFormatado":"25351.050883/2008-13"}},{"ordem":50,"produto":{"codigo":3209232,"nome":"NEBLOCK","numeroRegistro":"105250113","tipo":{"codigo":1,"descricao":null},"categoria":null,"situacaoRotulo":null,"dataVencimento":"2034-04-01T00:00:00.000-0300","mesAnoVencimento":"042034","dataVencimentoRegistro":"2034-04-01T00:00:00.000-0300","principioAtivo":"cloridrato de nebivolol","situacaoApresentacao":"Válido","dataRegistro":"2024-04-01T00:00:00.000-0300","categoriaRegulatoria":{"codigo":6,"descricao":"Novo"},"medicamentoReferencia":null,"categoriaProduto":null,"tipoAutorizacao":"REGISTRADO","acancelar":false,"mesAnoVencimentoFormatado":"04/2034","numeroRegistroFormatado":"105250113"},"empresa":{"cnpj":"33078528000132","razaoSocial":"TORRENT DO BRASIL LTDA","numeroAutorizacao":"1005253","cnpjFormatado":"33.078.528/0001-32"},"processo":{"numero":"25351258483202202","situacao":29,"numeroProcessoFormatado":"25351.258483/2022-02"}},{"ordem":51,"produto":{"codigo":714635,"nome":"NEBLOCK","numeroRegistro":"105250056","tipo":{"codigo":1,"descricao":null},"categoria":null,"situacaoRotulo":null,"dataVencimento":null,"mesAnoVencimento":"062027","dataVencimentoRegistro":"2027-06-01T00:00:00.000-0300","principioAtivo":"cloridrato de nebivolol","situacaoApresentacao":"Válido","dataRegistro":"2012-06-18T00:00:00.000-0300","categoriaRegulatoria":{"codigo":8,"descricao":"Similar"},"medicamentoReferencia":"NEBILET","categoriaProduto":null,"tipoAutorizacao":"REGISTRADO","acancelar":false,"mesAnoVencimentoFormatado":"06/2027","numeroRegistroFormatado":"105250056"},"empresa":{"cnpj":"33078528000132","razaoSocial":"TORRENT DO BRASIL LTDA","numeroAutorizacao":"1005253","cnpjFormatado":"33.078.528/0001-32"},"processo":{"numero":"25351546425201096","situacao":29,"numeroProcessoFormatado":"25351.546425/2010-96"}},{"ordem":52,"produto":{"codigo":433070,"nome":"OLEPTAL","numeroRegistro":"105250027","tipo":{"codigo":1,"descricao":null},"categoria":null,"situacaoRotulo":null,"dataVencimento":"2026-07-15T00:00:00.000-0300","mesAnoVencimento":"102026","dataVencimentoRegistro":"2026-10-01T00:00:00.000-0300","principioAtivo":null,"situacaoApresentacao":"Caduco/Cancelado","dataRegistro":"2006-10-02T00:00:00.000-0300","categoriaRegulatoria":{"codigo":8,"descricao":"Similar"},"medicamentoReferencia":null,"categoriaProduto":null,"tipoAutorizacao":"REGISTRADO","acancelar":false,"mesAnoVencimentoFormatado":"10/2026","numeroRegistroFormatado":"105250027"},"empresa":{"cnpj":"33078528000132","razaoSocial":"TORRENT DO BRASIL LTDA","numeroAutorizacao":"1005253","cnpjFormatado":"33.078.528/0001-32"},"processo":{"numero":"25351178701200436","situacao":29,"numeroProcessoFormatado":"25351.178701/2004-36"}},{"ordem":53,"produto":{"codigo":3468981,"nome":"OLEPTAL","numeroRegistro":"105250102","tipo":{"codigo":1,"descricao":null},"categoria":null,"situacaoRotulo":null,"dataVencimento":"2032-07-04T00:00:00.000-0300","mesAnoVencimento":"072032","dataVencimentoRegistro":"2032-07-01T00:00:00.000-0300","principioAtivo":"OXCARBAZEPINA","situacaoApresentacao":"Válido","dataRegistro":"2022-07-04T00:00:00.000-0300","categoriaRegulatoria":{"codigo":8,"descricao":"Similar"},"medicamentoReferencia":"TRILEPTAL","categoriaProduto":null,"tipoAutorizacao":"REGISTRADO","acancelar":false,"mesAnoVencimentoFormatado":"07/2032","numeroRegistroFormatado":"105250102"},"empresa":{"cnpj":"33078528000132","razaoSocial":"TORRENT DO BRASIL LTDA","numeroAutorizacao":"1005253","cnpjFormatado":"33.078.528/0001-32"},"processo":{"numero":"25351089988202121","situacao":29,"numeroProcessoFormatado":"25351.089988/2021-21"}},{"ordem":54,"produto":{"codigo":707306,"nome":"OLMECOR","numeroRegistro":"105250058","tipo":{"codigo":1,"descricao":null},"categoria":null,"situacaoRotulo":null,"dataVencimento":null,"mesAnoVencimento":"102028","dataVencimentoRegistro":"2028-10-01T00:00:00.000-0300","principioAtivo":"OLMESARTANA MEDOXOMILA","situacaoApresentacao":"Válido","dataRegistro":"2013-10-21T00:00:00.000-0300","categoriaRegulatoria":{"codigo":8,"descricao":"Similar"},"medicamentoReferencia":"BENICAR","categoriaProduto":null,"tipoAutorizacao":"REGISTRADO","acancelar":false,"mesAnoVencimentoFormatado":"10/2028","numeroRegistroFormatado":"105250058"},"empresa":{"cnpj":"33078528000132","razaoSocial":"TORRENT DO BRASIL LTDA","numeroAutorizacao":"1005253","cnpjFormatado":"33.078.528/0001-32"},"processo":{"numero":"25351452142201027","situacao":29,"numeroProcessoFormatado":"25351.452142/2010-27"}},{"ordem":55,"produto":{"codigo":3214381,"nome":"OLMECOR HCT","numeroRegistro":"105250114","tipo":{"codigo":1,"descricao":null},"categoria":null,"situacaoRotulo":null,"dataVencimento":"2034-05-20T00:00:00.000-0300","mesAnoVencimento":"052034","dataVencimentoRegistro":"2034-05-01T00:00:00.000-0300","principioAtivo":"OLMESARTANA MEDOXOMILA, HIDROCLOROTIAZIDA","situacaoApresentacao":"Válido","dataRegistro":"2024-05-20T00:00:00.000-0300","categoriaRegulatoria":{"codigo":8,"descricao":"Similar"},"medicamentoReferencia":"BENICAR HCT","categoriaProduto":null,"tipoAutorizacao":"REGISTRADO","acancelar":false,"mesAnoVencimentoFormatado":"05/2034","numeroRegistroFormatado":"105250114"},"empresa":{"cnpj":"33078528000132","razaoSocial":"TORRENT DO BRASIL LTDA","numeroAutorizacao":"1005253","cnpjFormatado":"33.078.528/0001-32"},"processo":{"numero":"25351255787202218","situacao":29,"numeroProcessoFormatado":"25351.255787/2022-18"}},{"ordem":56,"produto":{"codigo":1403298,"nome":"OLMECOR TRIPLO","numeroRegistro":"105250103","tipo":{"codigo":1,"descricao":null},"categoria":null,"situacaoRotulo":null,"dataVencimento":"2032-07-18T00:00:00.000-0300","mesAnoVencimento":"072032","dataVencimentoRegistro":"2032-07-01T00:00:00.000-0300","principioAtivo":"OLMESARTANA MEDOXOMILA, BESILATO DE ANLODIPINO, HIDROCLOROTIAZIDA","situacaoApresentacao":"Válido","dataRegistro":"2022-07-18T00:00:00.000-0300","categoriaRegulatoria":{"codigo":6,"descricao":"Novo"},"medicamentoReferencia":null,"categoriaProduto":null,"tipoAutorizacao":"REGISTRADO","acancelar":false,"mesAnoVencimentoFormatado":"07/2032","numeroRegistroFormatado":"105250103"},"empresa":{"cnpj":"33078528000132","razaoSocial":"TORRENT DO BRASIL LTDA","numeroAutorizacao":"1005253","cnpjFormatado":"33.078.528/0001-32"},"processo":{"numero":"25351212751202070","situacao":29,"numeroProcessoFormatado":"25351.212751/2020-70"}},{"ordem":57,"produto":{"codigo":707498,"nome":"OLMESARTANA MEDOXOMILA","numeroRegistro":"105250057","tipo":{"codigo":1,"descricao":null},"categoria":null,"situacaoRotulo":null,"dataVencimento":null,"mesAnoVencimento":"082028","dataVencimentoRegistro":"2028-08-01T00:00:00.000-0300","principioAtivo":"OLMESARTANA MEDOXOMILA","situacaoApresentacao":"Válido","dataRegistro":"2013-08-12T00:00:00.000-0300","categoriaRegulatoria":{"codigo":5,"descricao":"Genérico"},"medicamentoReferencia":"BENICAR","categoriaProduto":null,"tipoAutorizacao":"REGISTRADO","acancelar":false,"mesAnoVencimentoFormatado":"08/2028","numeroRegistroFormatado":"105250057"},"empresa":{"cnpj":"33078528000132","razaoSocial":"TORRENT DO BRASIL LTDA","numeroAutorizacao":"1005253","cnpjFormatado":"33.078.528/0001-32"},"processo":{"numero":"25351460401201040","situacao":29,"numeroProcessoFormatado":"25351.460401/2010-40"}},{"ordem":58,"produto":{"codigo":654016,"nome":"OXALATO DE ESCITALOPRAM","numeroRegistro":"105250045","tipo":{"codigo":1,"descricao":null},"categoria":null,"situacaoRotulo":null,"dataVencimento":null,"mesAnoVencimento":"092025","dataVencimentoRegistro":"2025-09-01T00:00:00.000-0300","principioAtivo":"OXALATO DE ESCITALOPRAM","situacaoApresentacao":"Válido","dataRegistro":"2010-09-13T00:00:00.000-0300","categoriaRegulatoria":{"codigo":5,"descricao":"Genérico"},"medicamentoReferencia":"LEXAPRO","categoriaProduto":null,"tipoAutorizacao":"REGISTRADO","acancelar":false,"mesAnoVencimentoFormatado":"09/2025","numeroRegistroFormatado":"105250045"},"empresa":{"cnpj":"33078528000132","razaoSocial":"TORRENT DO BRASIL LTDA","numeroAutorizacao":"1005253","cnpjFormatado":"33.078.528/0001-32"},"processo":{"numero":"25351879145200845","situacao":29,"numeroProcessoFormatado":"25351.879145/2008-45"}},{"ordem":59,"produto":{"codigo":879961,"nome":"OXCARBAZEPINA","numeroRegistro":"105250079","tipo":{"codigo":1,"descricao":null},"categoria":null,"situacaoRotulo":null,"dataVencimento":null,"mesAnoVencimento":"062029","dataVencimentoRegistro":"2029-06-01T00:00:00.000-0300","principioAtivo":"OXCARBAZEPINA","situacaoApresentacao":"Válido","dataRegistro":"2019-06-17T00:00:00.000-0300","categoriaRegulatoria":{"codigo":5,"descricao":"Genérico"},"medicamentoReferencia":"TRILEPTAL","categoriaProduto":null,"tipoAutorizacao":"REGISTRADO","acancelar":false,"mesAnoVencimentoFormatado":"06/2029","numeroRegistroFormatado":"105250079"},"empresa":{"cnpj":"33078528000132","razaoSocial":"TORRENT DO BRASIL LTDA","numeroAutorizacao":"1005253","cnpjFormatado":"33.078.528/0001-32"},"processo":{"numero":"25351103446201351","situacao":29,"numeroProcessoFormatado":"25351.103446/2013-51"}},{"ordem":60,"produto":{"codigo":640958,"nome":"PERICOR","numeroRegistro":"105250036","tipo":{"codigo":1,"descricao":null},"categoria":null,"situacaoRotulo":null,"dataVencimento":null,"mesAnoVencimento":"082014","dataVencimentoRegistro":"2014-08-01T00:00:00.000-0300","principioAtivo":null,"situacaoApresentacao":"Caduco/Cancelado","dataRegistro":"2009-08-03T00:00:00.000-0300","categoriaRegulatoria":{"codigo":8,"descricao":"Similar"},"medicamentoReferencia":"COVERSYL","categoriaProduto":null,"tipoAutorizacao":"REGISTRADO","acancelar":false,"mesAnoVencimentoFormatado":"08/2014","numeroRegistroFormatado":"105250036"},"empresa":{"cnpj":"33078528000132","razaoSocial":"TORRENT DO BRASIL LTDA","numeroAutorizacao":"1005253","cnpjFormatado":"33.078.528/0001-32"},"processo":{"numero":"25351518812200813","situacao":29,"numeroProcessoFormatado":"25351.518812/2008-13"}},{"ordem":61,"produto":{"codigo":640952,"nome":"PERINDOPRIL","numeroRegistro":"105250037","tipo":{"codigo":1,"descricao":null},"categoria":null,"situacaoRotulo":null,"dataVencimento":null,"mesAnoVencimento":"082014","dataVencimentoRegistro":"2014-08-01T00:00:00.000-0300","principioAtivo":null,"situacaoApresentacao":"Caduco/Cancelado","dataRegistro":"2009-08-03T00:00:00.000-0300","categoriaRegulatoria":{"codigo":5,"descricao":"Genérico"},"medicamentoReferencia":null,"categoriaProduto":null,"tipoAutorizacao":"REGISTRADO","acancelar":false,"mesAnoVencimentoFormatado":"08/2014","numeroRegistroFormatado":"105250037"},"empresa":{"cnpj":"33078528000132","razaoSocial":"TORRENT DO BRASIL LTDA","numeroAutorizacao":"1005253","cnpjFormatado":"33.078.528/0001-32"},"processo":{"numero":"25351525512200891","situacao":29,"numeroProcessoFormatado":"25351.525512/2008-91"}},{"ordem":62,"produto":{"codigo":6792,"nome":"PERMANGANATO DE POTÁSSIO","numeroRegistro":"105250001","tipo":{"codigo":1,"descricao":null},"categoria":null,"situacaoRotulo":null,"dataVencimento":null,"mesAnoVencimento":"122005","dataVencimentoRegistro":"2005-12-01T00:00:00.000-0300","principioAtivo":null,"situacaoApresentacao":"Caduco/Cancelado","dataRegistro":"2000-12-01T00:00:00.000-0300","categoriaRegulatoria":{"codigo":8,"descricao":"Similar"},"medicamentoReferencia":null,"categoriaProduto":null,"tipoAutorizacao":"REGISTRADO","acancelar":false,"mesAnoVencimentoFormatado":"12/2005","numeroRegistroFormatado":"105250001"},"empresa":{"cnpj":"33078528000132","razaoSocial":"TORRENT DO BRASIL LTDA","numeroAutorizacao":"1005253","cnpjFormatado":"33.078.528/0001-32"},"processo":{"numero":"253510014140071","situacao":29,"numeroProcessoFormatado":"25351.001414/00-71"}},{"ordem":63,"produto":{"codigo":1003934,"nome":"PREGALPHA","numeroRegistro":"105250084","tipo":{"codigo":1,"descricao":null},"categoria":null,"situacaoRotulo":null,"dataVencimento":null,"mesAnoVencimento":"052030","dataVencimentoRegistro":"2030-05-01T00:00:00.000-0300","principioAtivo":"PREGABALINA","situacaoApresentacao":"Válido","dataRegistro":"2020-05-04T00:00:00.000-0300","categoriaRegulatoria":{"codigo":8,"descricao":"Similar"},"medicamentoReferencia":"LYRICA","categoriaProduto":null,"tipoAutorizacao":"REGISTRADO","acancelar":false,"mesAnoVencimentoFormatado":"05/2030","numeroRegistroFormatado":"105250084"},"empresa":{"cnpj":"33078528000132","razaoSocial":"TORRENT DO BRASIL LTDA","numeroAutorizacao":"1005253","cnpjFormatado":"33.078.528/0001-32"},"processo":{"numero":"25351301518201329","situacao":29,"numeroProcessoFormatado":"25351.301518/2013-29"}},{"ordem":64,"produto":{"codigo":630694,"nome":"RAMIPRIL + BESILATO DE ANLODIPINO","numeroRegistro":"105250048","tipo":{"codigo":1,"descricao":null},"categoria":null,"situacaoRotulo":null,"dataVencimento":null,"mesAnoVencimento":"042016","dataVencimentoRegistro":"2016-04-01T00:00:00.000-0300","principioAtivo":null,"situacaoApresentacao":"Caduco/Cancelado","dataRegistro":"2011-04-18T00:00:00.000-0300","categoriaRegulatoria":{"codigo":5,"descricao":"Genérico"},"medicamentoReferencia":"NAPRIX A","categoriaProduto":null,"tipoAutorizacao":"REGISTRADO","acancelar":false,"mesAnoVencimentoFormatado":"04/2016","numeroRegistroFormatado":"105250048"},"empresa":{"cnpj":"33078528000132","razaoSocial":"TORRENT DO BRASIL LTDA","numeroAutorizacao":"1005253","cnpjFormatado":"33.078.528/0001-32"},"processo":{"numero":"25351499314200864","situacao":29,"numeroProcessoFormatado":"25351.499314/2008-64"}},{"ordem":65,"produto":{"codigo":7255,"nome":"RESPIDON","numeroRegistro":"105250003","tipo":{"codigo":1,"descricao":null},"categoria":null,"situacaoRotulo":null,"dataVencimento":null,"mesAnoVencimento":"062021","dataVencimentoRegistro":"2021-06-01T00:00:00.000-0300","principioAtivo":null,"situacaoApresentacao":"Caduco/Cancelado","dataRegistro":"2001-06-27T00:00:00.000-0300","categoriaRegulatoria":{"codigo":8,"descricao":"Similar"},"medicamentoReferencia":null,"categoriaProduto":null,"tipoAutorizacao":"REGISTRADO","acancelar":false,"mesAnoVencimentoFormatado":"06/2021","numeroRegistroFormatado":"105250003"},"empresa":{"cnpj":"33078528000132","razaoSocial":"TORRENT DO BRASIL LTDA","numeroAutorizacao":"1005253","cnpjFormatado":"33.078.528/0001-32"},"processo":{"numero":"253510095170188","situacao":29,"numeroProcessoFormatado":"25351.009517/01-88"}},{"ordem":66,"produto":{"codigo":1219549,"nome":"RESPIDON","numeroRegistro":"105250075","tipo":{"codigo":1,"descricao":null},"categoria":null,"situacaoRotulo":null,"dataVencimento":null,"mesAnoVencimento":"012028","dataVencimentoRegistro":"2028-01-01T00:00:00.000-0300","principioAtivo":null,"situacaoApresentacao":"Caduco/Cancelado","dataRegistro":"2018-01-02T00:00:00.000-0300","categoriaRegulatoria":{"codigo":8,"descricao":"Similar"},"medicamentoReferencia":"risperdal","categoriaProduto":null,"tipoAutorizacao":"REGISTRADO","acancelar":false,"mesAnoVencimentoFormatado":"01/2028","numeroRegistroFormatado":"105250075"},"empresa":{"cnpj":"33078528000132","razaoSocial":"TORRENT DO BRASIL LTDA","numeroAutorizacao":"1005253","cnpjFormatado":"33.078.528/0001-32"},"processo":{"numero":"25351414671201751","situacao":29,"numeroProcessoFormatado":"25351.414671/2017-51"}},{"ordem":67,"produto":{"codigo":1677618,"nome":"RIDUZI","numeroRegistro":"105250107","tipo":{"codigo":1,"descricao":null},"categoria":null,"situacaoRotulo":null,"dataVencimento":null,"mesAnoVencimento":"022033","dataVencimentoRegistro":"2033-02-01T00:00:00.000-0300","principioAtivo":"FENOFIBRATO","situacaoApresentacao":"Válido","dataRegistro":"2023-02-22T00:00:00.000-0300","categoriaRegulatoria":{"codigo":8,"descricao":"Similar"},"medicamentoReferencia":"LIPIDIL","categoriaProduto":null,"tipoAutorizacao":"REGISTRADO","acancelar":false,"mesAnoVencimentoFormatado":"02/2033","numeroRegistroFormatado":"105250107"},"empresa":{"cnpj":"33078528000132","razaoSocial":"TORRENT DO BRASIL LTDA","numeroAutorizacao":"1005253","cnpjFormatado":"33.078.528/0001-32"},"processo":{"numero":"25351437245202091","situacao":29,"numeroProcessoFormatado":"25351.437245/2020-91"}},{"ordem":68,"produto":{"codigo":644446,"nome":"ROSUCOR","numeroRegistro":"105250043","tipo":{"codigo":1,"descricao":null},"categoria":null,"situacaoRotulo":null,"dataVencimento":"2025-05-18T00:00:00.000-0300","mesAnoVencimento":"052025","dataVencimentoRegistro":"2025-05-01T00:00:00.000-0300","principioAtivo":"ROSUVASTATINA CÁLCICA","situacaoApresentacao":"Válido","dataRegistro":"2010-05-03T00:00:00.000-0300","categoriaRegulatoria":{"codigo":8,"descricao":"Similar"},"medicamentoReferencia":"CRESTOR","categoriaProduto":null,"tipoAutorizacao":"REGISTRADO","acancelar":false,"mesAnoVencimentoFormatado":"05/2025","numeroRegistroFormatado":"105250043"},"empresa":{"cnpj":"33078528000132","razaoSocial":"TORRENT DO BRASIL LTDA","numeroAutorizacao":"1005253","cnpjFormatado":"33.078.528/0001-32"},"processo":{"numero":"25351087708200930","situacao":29,"numeroProcessoFormatado":"25351.087708/2009-30"}},{"ordem":69,"produto":{"codigo":627838,"nome":"ROSUVASTATINA CÁLCICA","numeroRegistro":"105250041","tipo":{"codigo":1,"descricao":null},"categoria":null,"situacaoRotulo":null,"dataVencimento":"2015-02-17T00:00:00.000-0300","mesAnoVencimento":"022030","dataVencimentoRegistro":"2030-02-01T00:00:00.000-0300","principioAtivo":"ROSUVASTATINA CÁLCICA","situacaoApresentacao":"Válido","dataRegistro":"2010-02-17T00:00:00.000-0300","categoriaRegulatoria":{"codigo":5,"descricao":"Genérico"},"medicamentoReferencia":"CRESTOR®","categoriaProduto":null,"tipoAutorizacao":"REGISTRADO","acancelar":false,"mesAnoVencimentoFormatado":"02/2030","numeroRegistroFormatado":"105250041"},"empresa":{"cnpj":"33078528000132","razaoSocial":"TORRENT DO BRASIL LTDA","numeroAutorizacao":"1005253","cnpjFormatado":"33.078.528/0001-32"},"processo":{"numero":"25351089256200922","situacao":29,"numeroProcessoFormatado":"25351.089256/2009-22"}},{"ordem":70,"produto":{"codigo":3611692,"nome":"Rosucor EZE","numeroRegistro":"105250108","tipo":{"codigo":1,"descricao":null},"categoria":null,"situacaoRotulo":null,"dataVencimento":"2023-05-22T00:00:00.000-0300","mesAnoVencimento":"022033","dataVencimentoRegistro":"2033-02-01T00:00:00.000-0300","principioAtivo":"EZETIMIBA, ROSUVASTATINA CÁLCICA","situacaoApresentacao":"Válido","dataRegistro":"2023-05-22T00:00:00.000-0300","categoriaRegulatoria":{"codigo":6,"descricao":"Novo"},"medicamentoReferencia":null,"categoriaProduto":null,"tipoAutorizacao":"REGISTRADO","acancelar":false,"mesAnoVencimentoFormatado":"02/2033","numeroRegistroFormatado":"105250108"},"empresa":{"cnpj":"33078528000132","razaoSocial":"TORRENT DO BRASIL LTDA","numeroAutorizacao":"1005253","cnpjFormatado":"33.078.528/0001-32"},"processo":{"numero":"25351194566202339","situacao":29,"numeroProcessoFormatado":"25351.194566/2023-39"}},{"ordem":71,"produto":{"codigo":1377246,"nome":"SEIZLA","numeroRegistro":"105250092","tipo":{"codigo":1,"descricao":null},"categoria":null,"situacaoRotulo":null,"dataVencimento":null,"mesAnoVencimento":"102031","dataVencimentoRegistro":"2031-10-01T00:00:00.000-0300","principioAtivo":"lacosamida","situacaoApresentacao":"Válido","dataRegistro":"2021-10-25T00:00:00.000-0300","categoriaRegulatoria":{"codigo":8,"descricao":"Similar"},"medicamentoReferencia":"VIMPAT","categoriaProduto":null,"tipoAutorizacao":"REGISTRADO","acancelar":false,"mesAnoVencimentoFormatado":"10/2031","numeroRegistroFormatado":"105250092"},"empresa":{"cnpj":"33078528000132","razaoSocial":"TORRENT DO BRASIL LTDA","numeroAutorizacao":"1005253","cnpjFormatado":"33.078.528/0001-32"},"processo":{"numero":"25351709554201935","situacao":29,"numeroProcessoFormatado":"25351.709554/2019-35"}},{"ordem":72,"produto":{"codigo":125376,"nome":"SERENATA","numeroRegistro":"105250006","tipo":{"codigo":1,"descricao":null},"categoria":null,"situacaoRotulo":null,"dataVencimento":null,"mesAnoVencimento":"052027","dataVencimentoRegistro":"2027-05-01T00:00:00.000-0300","principioAtivo":"CLORIDRATO DE SERTRALINA","situacaoApresentacao":"Válido","dataRegistro":"2002-05-03T00:00:00.000-0300","categoriaRegulatoria":{"codigo":8,"descricao":"Similar"},"medicamentoReferencia":"ZOLOFT","categoriaProduto":null,"tipoAutorizacao":"REGISTRADO","acancelar":false,"mesAnoVencimentoFormatado":"05/2027","numeroRegistroFormatado":"105250006"},"empresa":{"cnpj":"33078528000132","razaoSocial":"TORRENT DO BRASIL LTDA","numeroAutorizacao":"1005253","cnpjFormatado":"33.078.528/0001-32"},"processo":{"numero":"253510164700136","situacao":29,"numeroProcessoFormatado":"25351.016470/01-36"}},{"ordem":73,"produto":{"codigo":444619,"nome":"SLENFIG","numeroRegistro":"105250026","tipo":{"codigo":1,"descricao":null},"categoria":null,"situacaoRotulo":null,"dataVencimento":null,"mesAnoVencimento":"082027","dataVencimentoRegistro":"2027-08-01T00:00:00.000-0300","principioAtivo":"CLORIDRATO DE SIBUTRAMINA MONOIDRATADO","situacaoApresentacao":"Válido","dataRegistro":"2007-10-22T00:00:00.000-0300","categoriaRegulatoria":{"codigo":8,"descricao":"Similar"},"medicamentoReferencia":"REDUCTIL","categoriaProduto":null,"tipoAutorizacao":"REGISTRADO","acancelar":false,"mesAnoVencimentoFormatado":"08/2027","numeroRegistroFormatado":"105250026"},"empresa":{"cnpj":"33078528000132","razaoSocial":"TORRENT DO BRASIL LTDA","numeroAutorizacao":"1005253","cnpjFormatado":"33.078.528/0001-32"},"processo":{"numero":"25351028357200516","situacao":29,"numeroProcessoFormatado":"25351.028357/2005-16"}},{"ordem":74,"produto":{"codigo":3311890,"nome":"TELD HCT","numeroRegistro":"105250101","tipo":{"codigo":1,"descricao":null},"categoria":null,"situacaoRotulo":null,"dataVencimento":null,"mesAnoVencimento":"052032","dataVencimentoRegistro":"2032-05-01T00:00:00.000-0300","principioAtivo":"TELMISARTANA, HIDROCLOROTIAZIDA","situacaoApresentacao":"Válido","dataRegistro":"2022-05-16T00:00:00.000-0300","categoriaRegulatoria":{"codigo":8,"descricao":"Similar"},"medicamentoReferencia":"MICARDIS HCT","categoriaProduto":null,"tipoAutorizacao":"REGISTRADO","acancelar":false,"mesAnoVencimentoFormatado":"05/2032","numeroRegistroFormatado":"105250101"},"empresa":{"cnpj":"33078528000132","razaoSocial":"TORRENT DO BRASIL LTDA","numeroAutorizacao":"1005253","cnpjFormatado":"33.078.528/0001-32"},"processo":{"numero":"25351255786202265","situacao":29,"numeroProcessoFormatado":"25351.255786/2022-65"}},{"ordem":75,"produto":{"codigo":1299290,"nome":"TIAG","numeroRegistro":"105250087","tipo":{"codigo":1,"descricao":null},"categoria":null,"situacaoRotulo":null,"dataVencimento":null,"mesAnoVencimento":"042031","dataVencimentoRegistro":"2031-04-01T00:00:00.000-0300","principioAtivo":"ticagrelor","situacaoApresentacao":"Válido","dataRegistro":"2021-04-26T00:00:00.000-0300","categoriaRegulatoria":{"codigo":8,"descricao":"Similar"},"medicamentoReferencia":"BRILINTA","categoriaProduto":null,"tipoAutorizacao":"REGISTRADO","acancelar":false,"mesAnoVencimentoFormatado":"04/2031","numeroRegistroFormatado":"105250087"},"empresa":{"cnpj":"33078528000132","razaoSocial":"TORRENT DO BRASIL LTDA","numeroAutorizacao":"1005253","cnpjFormatado":"33.078.528/0001-32"},"processo":{"numero":"25351002066201901","situacao":29,"numeroProcessoFormatado":"25351.002066/2019-01"}},{"ordem":76,"produto":{"codigo":1265320,"nome":"TOARIP","numeroRegistro":"105250076","tipo":{"codigo":1,"descricao":null},"categoria":null,"situacaoRotulo":null,"dataVencimento":null,"mesAnoVencimento":"072028","dataVencimentoRegistro":"2028-07-01T00:00:00.000-0300","principioAtivo":"ARIPIPRAZOL","situacaoApresentacao":"Válido","dataRegistro":"2018-07-30T00:00:00.000-0300","categoriaRegulatoria":{"codigo":8,"descricao":"Similar"},"medicamentoReferencia":"ABILIFY","categoriaProduto":null,"tipoAutorizacao":"REGISTRADO","acancelar":false,"mesAnoVencimentoFormatado":"07/2028","numeroRegistroFormatado":"105250076"},"empresa":{"cnpj":"33078528000132","razaoSocial":"TORRENT DO BRASIL LTDA","numeroAutorizacao":"1005253","cnpjFormatado":"33.078.528/0001-32"},"processo":{"numero":"25351172674201893","situacao":29,"numeroProcessoFormatado":"25351.172674/2018-93"}},{"ordem":77,"produto":{"codigo":125968,"nome":"TORLOS H","numeroRegistro":"105250004","tipo":{"codigo":1,"descricao":null},"categoria":null,"situacaoRotulo":null,"dataVencimento":null,"mesAnoVencimento":"042027","dataVencimentoRegistro":"2027-04-01T00:00:00.000-0300","principioAtivo":"losartana potássica, HIDROCLOROTIAZIDA","situacaoApresentacao":"Válido","dataRegistro":"2002-04-11T00:00:00.000-0300","categoriaRegulatoria":{"codigo":8,"descricao":"Similar"},"medicamentoReferencia":"HYZAAR","categoriaProduto":null,"tipoAutorizacao":"REGISTRADO","acancelar":false,"mesAnoVencimentoFormatado":"04/2027","numeroRegistroFormatado":"105250004"},"empresa":{"cnpj":"33078528000132","razaoSocial":"TORRENT DO BRASIL LTDA","numeroAutorizacao":"1005253","cnpjFormatado":"33.078.528/0001-32"},"processo":{"numero":"253510229610152","situacao":29,"numeroProcessoFormatado":"25351.022961/01-52"}},{"ordem":78,"produto":{"codigo":125970,"nome":"TORLÓS","numeroRegistro":"105250005","tipo":{"codigo":1,"descricao":null},"categoria":null,"situacaoRotulo":null,"dataVencimento":null,"mesAnoVencimento":"042027","dataVencimentoRegistro":"2027-04-01T00:00:00.000-0300","principioAtivo":"losartana potássica","situacaoApresentacao":"Válido","dataRegistro":"2002-04-22T00:00:00.000-0300","categoriaRegulatoria":{"codigo":8,"descricao":"Similar"},"medicamentoReferencia":"CORUS (25mg); COZAAR (50mg E 100mg)","categoriaProduto":null,"tipoAutorizacao":"REGISTRADO","acancelar":false,"mesAnoVencimentoFormatado":"04/2027","numeroRegistroFormatado":"105250005"},"empresa":{"cnpj":"33078528000132","razaoSocial":"TORRENT DO BRASIL LTDA","numeroAutorizacao":"1005253","cnpjFormatado":"33.078.528/0001-32"},"processo":{"numero":"253510164740197","situacao":29,"numeroProcessoFormatado":"25351.016474/01-97"}},{"ordem":79,"produto":{"codigo":175168,"nome":"TORVAL CR","numeroRegistro":"105250018","tipo":{"codigo":1,"descricao":null},"categoria":null,"situacaoRotulo":null,"dataVencimento":null,"mesAnoVencimento":"102028","dataVencimentoRegistro":"2028-10-01T00:00:00.000-0300","principioAtivo":"VALPROATO DE sódIo, ÁCIDO VALPRÓICO","situacaoApresentacao":"Válido","dataRegistro":"2003-10-20T00:00:00.000-0300","categoriaRegulatoria":{"codigo":6,"descricao":"Novo"},"medicamentoReferencia":null,"categoriaProduto":null,"tipoAutorizacao":"REGISTRADO","acancelar":false,"mesAnoVencimentoFormatado":"10/2028","numeroRegistroFormatado":"105250018"},"empresa":{"cnpj":"33078528000132","razaoSocial":"TORRENT DO BRASIL LTDA","numeroAutorizacao":"1005253","cnpjFormatado":"33.078.528/0001-32"},"processo":{"numero":"25351003244200346","situacao":29,"numeroProcessoFormatado":"25351.003244/2003-46"}},{"ordem":80,"produto":{"codigo":656606,"nome":"VALSARTANA + HIDROCLOROTIAZIDA","numeroRegistro":"105250053","tipo":{"codigo":1,"descricao":null},"categoria":null,"situacaoRotulo":null,"dataVencimento":null,"mesAnoVencimento":"122026","dataVencimentoRegistro":"2026-12-01T00:00:00.000-0300","principioAtivo":"VALSARTANA, HIDROCLOROTIAZIDA","situacaoApresentacao":"Válido","dataRegistro":"2011-12-12T00:00:00.000-0300","categoriaRegulatoria":{"codigo":5,"descricao":"Genérico"},"medicamentoReferencia":"DIOVAN HCT","categoriaProduto":null,"tipoAutorizacao":"REGISTRADO","acancelar":false,"mesAnoVencimentoFormatado":"12/2026","numeroRegistroFormatado":"105250053"},"empresa":{"cnpj":"33078528000132","razaoSocial":"TORRENT DO BRASIL LTDA","numeroAutorizacao":"1005253","cnpjFormatado":"33.078.528/0001-32"},"processo":{"numero":"25351529986200910","situacao":29,"numeroProcessoFormatado":"25351.529986/2009-10"}},{"ordem":81,"produto":{"codigo":2609052,"nome":"VEEPI","numeroRegistro":"105250091","tipo":{"codigo":1,"descricao":null},"categoria":null,"situacaoRotulo":null,"dataVencimento":"2031-10-09T00:00:00.000-0300","mesAnoVencimento":"102031","dataVencimentoRegistro":"2031-10-01T00:00:00.000-0300","principioAtivo":"LEVETIRACETAM","situacaoApresentacao":"Válido","dataRegistro":"2021-10-04T00:00:00.000-0300","categoriaRegulatoria":{"codigo":8,"descricao":"Similar"},"medicamentoReferencia":"KEPPRA®","categoriaProduto":null,"tipoAutorizacao":"REGISTRADO","acancelar":false,"mesAnoVencimentoFormatado":"10/2031","numeroRegistroFormatado":"105250091"},"empresa":{"cnpj":"33078528000132","razaoSocial":"TORRENT DO BRASIL LTDA","numeroAutorizacao":"1005253","cnpjFormatado":"33.078.528/0001-32"},"processo":{"numero":"25351689752202190","situacao":29,"numeroProcessoFormatado":"25351.689752/2021-90"}},{"ordem":82,"produto":{"codigo":2067801,"nome":"VEEPI","numeroRegistro":"105250105","tipo":{"codigo":1,"descricao":null},"categoria":null,"situacaoRotulo":null,"dataVencimento":"2032-10-24T00:00:00.000-0300","mesAnoVencimento":"102032","dataVencimentoRegistro":"2032-10-01T00:00:00.000-0300","principioAtivo":"LEVETIRACETAM","situacaoApresentacao":"Válido","dataRegistro":"2022-10-24T00:00:00.000-0300","categoriaRegulatoria":{"codigo":8,"descricao":"Similar"},"medicamentoReferencia":"ETIRA","categoriaProduto":null,"tipoAutorizacao":"REGISTRADO","acancelar":false,"mesAnoVencimentoFormatado":"10/2032","numeroRegistroFormatado":"105250105"},"empresa":{"cnpj":"33078528000132","razaoSocial":"TORRENT DO BRASIL LTDA","numeroAutorizacao":"1005253","cnpjFormatado":"33.078.528/0001-32"},"processo":{"numero":"25351254784202178","situacao":29,"numeroProcessoFormatado":"25351.254784/2021-78"}},{"ordem":83,"produto":{"codigo":175448,"nome":"VENLIFT OD","numeroRegistro":"105250014","tipo":{"codigo":1,"descricao":null},"categoria":null,"situacaoRotulo":null,"dataVencimento":null,"mesAnoVencimento":"052028","dataVencimentoRegistro":"2028-05-01T00:00:00.000-0300","principioAtivo":"CLORIDRATO DE VENLAFAXINA","situacaoApresentacao":"Válido","dataRegistro":"2003-05-06T00:00:00.000-0300","categoriaRegulatoria":{"codigo":8,"descricao":"Similar"},"medicamentoReferencia":"EFEXOR XR®","categoriaProduto":null,"tipoAutorizacao":"REGISTRADO","acancelar":false,"mesAnoVencimentoFormatado":"05/2028","numeroRegistroFormatado":"105250014"},"empresa":{"cnpj":"33078528000132","razaoSocial":"TORRENT DO BRASIL LTDA","numeroAutorizacao":"1005253","cnpjFormatado":"33.078.528/0001-32"},"processo":{"numero":"25351214805200250","situacao":29,"numeroProcessoFormatado":"25351.214805/2002-50"}},{"ordem":84,"produto":{"codigo":3682482,"nome":"VILGLI","numeroRegistro":"105250111","tipo":{"codigo":1,"descricao":null},"categoria":null,"situacaoRotulo":null,"dataVencimento":"2034-02-14T00:00:00.000-0300","mesAnoVencimento":"022034","dataVencimentoRegistro":"2034-02-01T00:00:00.000-0300","principioAtivo":"VILDAGLIPTINA","situacaoApresentacao":"Válido","dataRegistro":"2024-02-14T00:00:00.000-0300","categoriaRegulatoria":{"codigo":8,"descricao":"Similar"},"medicamentoReferencia":"GALVUS","categoriaProduto":null,"tipoAutorizacao":"REGISTRADO","acancelar":false,"mesAnoVencimentoFormatado":"02/2034","numeroRegistroFormatado":"105250111"},"empresa":{"cnpj":"33078528000132","razaoSocial":"TORRENT DO BRASIL LTDA","numeroAutorizacao":"1005253","cnpjFormatado":"33.078.528/0001-32"},"processo":{"numero":"25351889878202413","situacao":29,"numeroProcessoFormatado":"25351.889878/2024-13"}},{"ordem":85,"produto":{"codigo":3309393,"nome":"ZOAF","numeroRegistro":"105250100","tipo":{"codigo":1,"descricao":null},"categoria":null,"situacaoRotulo":null,"dataVencimento":null,"mesAnoVencimento":"052032","dataVencimentoRegistro":"2032-05-01T00:00:00.000-0300","principioAtivo":"HEMITARTARATO DE ZOLPIDEM","situacaoApresentacao":"Válido","dataRegistro":"2022-05-16T00:00:00.000-0300","categoriaRegulatoria":{"codigo":8,"descricao":"Similar"},"medicamentoReferencia":"Stilnox","categoriaProduto":null,"tipoAutorizacao":"REGISTRADO","acancelar":false,"mesAnoVencimentoFormatado":"05/2032","numeroRegistroFormatado":"105250100"},"empresa":{"cnpj":"33078528000132","razaoSocial":"TORRENT DO BRASIL LTDA","numeroAutorizacao":"1005253","cnpjFormatado":"33.078.528/0001-32"},"processo":{"numero":"25351030495202185","situacao":29,"numeroProcessoFormatado":"25351.030495/2021-85"}},{"ordem":86,"produto":{"codigo":1067425,"nome":"bromidrato de citalopram","numeroRegistro":"105250066","tipo":{"codigo":1,"descricao":null},"categoria":null,"situacaoRotulo":null,"dataVencimento":null,"mesAnoVencimento":"092025","dataVencimentoRegistro":"2025-09-01T00:00:00.000-0300","principioAtivo":"BROMIDRATO DE CITALOPRAM","situacaoApresentacao":"Válido","dataRegistro":"2015-09-21T00:00:00.000-0300","categoriaRegulatoria":{"codigo":5,"descricao":"Genérico"},"medicamentoReferencia":"CIPRAMIL","categoriaProduto":null,"tipoAutorizacao":"REGISTRADO","acancelar":false,"mesAnoVencimentoFormatado":"09/2025","numeroRegistroFormatado":"105250066"},"empresa":{"cnpj":"33078528000132","razaoSocial":"TORRENT DO BRASIL LTDA","numeroAutorizacao":"1005253","cnpjFormatado":"33.078.528/0001-32"},"processo":{"numero":"25351389941201517","situacao":29,"numeroProcessoFormatado":"25351.389941/2015-17"}},{"ordem":87,"produto":{"codigo":614849,"nome":"cloridrato de donepezila","numeroRegistro":"105250042","tipo":{"codigo":1,"descricao":null},"categoria":null,"situacaoRotulo":null,"dataVencimento":null,"mesAnoVencimento":"042025","dataVencimentoRegistro":"2025-04-01T00:00:00.000-0300","principioAtivo":"CLORIDRATO DE DONEPEZILA","situacaoApresentacao":"Válido","dataRegistro":"2010-04-19T00:00:00.000-0300","categoriaRegulatoria":{"codigo":5,"descricao":"Genérico"},"medicamentoReferencia":"ERANZ","categoriaProduto":null,"tipoAutorizacao":"REGISTRADO","acancelar":false,"mesAnoVencimentoFormatado":"04/2025","numeroRegistroFormatado":"105250042"},"empresa":{"cnpj":"33078528000132","razaoSocial":"TORRENT DO BRASIL LTDA","numeroAutorizacao":"1005253","cnpjFormatado":"33.078.528/0001-32"},"processo":{"numero":"25351719827200805","situacao":29,"numeroProcessoFormatado":"25351.719827/2008-05"}},{"ordem":88,"produto":{"codigo":2963585,"nome":"cloridrato de ivabradina","numeroRegistro":"105250093","tipo":{"codigo":1,"descricao":null},"categoria":null,"situacaoRotulo":null,"dataVencimento":"2032-02-20T00:00:00.000-0300","mesAnoVencimento":"022032","dataVencimentoRegistro":"2032-02-01T00:00:00.000-0300","principioAtivo":"CLORIDRATO DE IVABRADINA","situacaoApresentacao":"Válido","dataRegistro":"2022-02-14T00:00:00.000-0300","categoriaRegulatoria":{"codigo":5,"descricao":"Genérico"},"medicamentoReferencia":"PROCORALAN®","categoriaProduto":null,"tipoAutorizacao":"REGISTRADO","acancelar":false,"mesAnoVencimentoFormatado":"02/2032","numeroRegistroFormatado":"105250093"},"empresa":{"cnpj":"33078528000132","razaoSocial":"TORRENT DO BRASIL LTDA","numeroAutorizacao":"1005253","cnpjFormatado":"33.078.528/0001-32"},"processo":{"numero":"25351866933202146","situacao":29,"numeroProcessoFormatado":"25351.866933/2021-46"}},{"ordem":89,"produto":{"codigo":2976407,"nome":"cloridrato de memantina","numeroRegistro":"105250095","tipo":{"codigo":1,"descricao":null},"categoria":null,"situacaoRotulo":null,"dataVencimento":null,"mesAnoVencimento":"022032","dataVencimentoRegistro":"2032-02-01T00:00:00.000-0300","principioAtivo":null,"situacaoApresentacao":"Caduco/Cancelado","dataRegistro":"2022-02-21T00:00:00.000-0300","categoriaRegulatoria":{"codigo":5,"descricao":"Genérico"},"medicamentoReferencia":"Ebix","categoriaProduto":null,"tipoAutorizacao":"REGISTRADO","acancelar":false,"mesAnoVencimentoFormatado":"02/2032","numeroRegistroFormatado":"105250095"},"empresa":{"cnpj":"33078528000132","razaoSocial":"TORRENT DO BRASIL LTDA","numeroAutorizacao":"1005253","cnpjFormatado":"33.078.528/0001-32"},"processo":{"numero":"25351864963202118","situacao":29,"numeroProcessoFormatado":"25351.864963/2021-18"}},{"ordem":90,"produto":{"codigo":1066082,"nome":"cloridrato de metformina","numeroRegistro":"105250065","tipo":{"codigo":1,"descricao":null},"categoria":null,"situacaoRotulo":null,"dataVencimento":null,"mesAnoVencimento":"092025","dataVencimentoRegistro":"2025-09-01T00:00:00.000-0300","principioAtivo":"CLORIDRATO DE METFORMINA","situacaoApresentacao":"Válido","dataRegistro":"2015-09-21T00:00:00.000-0300","categoriaRegulatoria":{"codigo":5,"descricao":"Genérico"},"medicamentoReferencia":"GLIFAGE","categoriaProduto":null,"tipoAutorizacao":"REGISTRADO","acancelar":false,"mesAnoVencimentoFormatado":"09/2025","numeroRegistroFormatado":"105250065"},"empresa":{"cnpj":"33078528000132","razaoSocial":"TORRENT DO BRASIL LTDA","numeroAutorizacao":"1005253","cnpjFormatado":"33.078.528/0001-32"},"processo":{"numero":"25351340364201565","situacao":29,"numeroProcessoFormatado":"25351.340364/2015-65"}},{"ordem":91,"produto":{"codigo":1061828,"nome":"cloridrato de sertralina","numeroRegistro":"105250062","tipo":{"codigo":1,"descricao":null},"categoria":null,"situacaoRotulo":null,"dataVencimento":null,"mesAnoVencimento":"082025","dataVencimentoRegistro":"2025-08-01T00:00:00.000-0300","principioAtivo":"CLORIDRATO DE SERTRALINA","situacaoApresentacao":"Válido","dataRegistro":"2015-08-17T00:00:00.000-0300","categoriaRegulatoria":{"codigo":5,"descricao":"Genérico"},"medicamentoReferencia":"ZOLOFT","categoriaProduto":null,"tipoAutorizacao":"REGISTRADO","acancelar":false,"mesAnoVencimentoFormatado":"08/2025","numeroRegistroFormatado":"105250062"},"empresa":{"cnpj":"33078528000132","razaoSocial":"TORRENT DO BRASIL LTDA","numeroAutorizacao":"1005253","cnpjFormatado":"33.078.528/0001-32"},"processo":{"numero":"25351086233201527","situacao":29,"numeroProcessoFormatado":"25351.086233/2015-27"}},{"ordem":92,"produto":{"codigo":1174609,"nome":"cloridrato de sibutramina monoidratado","numeroRegistro":"105250074","tipo":{"codigo":1,"descricao":null},"categoria":null,"situacaoRotulo":null,"dataVencimento":null,"mesAnoVencimento":"012028","dataVencimentoRegistro":"2028-01-01T00:00:00.000-0300","principioAtivo":"CLORIDRATO DE SIBUTRAMINA","situacaoApresentacao":"Válido","dataRegistro":"2018-01-02T00:00:00.000-0300","categoriaRegulatoria":{"codigo":5,"descricao":"Genérico"},"medicamentoReferencia":"REDUCTIL","categoriaProduto":null,"tipoAutorizacao":"REGISTRADO","acancelar":false,"mesAnoVencimentoFormatado":"01/2028","numeroRegistroFormatado":"105250074"},"empresa":{"cnpj":"33078528000132","razaoSocial":"TORRENT DO BRASIL LTDA","numeroAutorizacao":"1005253","cnpjFormatado":"33.078.528/0001-32"},"processo":{"numero":"25351303920201784","situacao":29,"numeroProcessoFormatado":"25351.303920/2017-84"}},{"ordem":93,"produto":{"codigo":1062136,"nome":"cloridrato de venlafaxina","numeroRegistro":"105250068","tipo":{"codigo":1,"descricao":null},"categoria":null,"situacaoRotulo":null,"dataVencimento":null,"mesAnoVencimento":"102025","dataVencimentoRegistro":"2025-10-01T00:00:00.000-0300","principioAtivo":"CLORIDRATO DE VENLAFAXINA","situacaoApresentacao":"Válido","dataRegistro":"2015-10-26T00:00:00.000-0300","categoriaRegulatoria":{"codigo":5,"descricao":"Genérico"},"medicamentoReferencia":"EFEXOR XR","categoriaProduto":null,"tipoAutorizacao":"REGISTRADO","acancelar":false,"mesAnoVencimentoFormatado":"10/2025","numeroRegistroFormatado":"105250068"},"empresa":{"cnpj":"33078528000132","razaoSocial":"TORRENT DO BRASIL LTDA","numeroAutorizacao":"1005253","cnpjFormatado":"33.078.528/0001-32"},"processo":{"numero":"25351114980201562","situacao":29,"numeroProcessoFormatado":"25351.114980/2015-62"}},{"ordem":94,"produto":{"codigo":3692883,"nome":"fenofibrato","numeroRegistro":"105250112","tipo":{"codigo":1,"descricao":null},"categoria":null,"situacaoRotulo":null,"dataVencimento":"2034-03-25T00:00:00.000-0300","mesAnoVencimento":"032034","dataVencimentoRegistro":"2034-03-01T00:00:00.000-0300","principioAtivo":"FENOFIBRATO","situacaoApresentacao":"Válido","dataRegistro":"2024-03-25T00:00:00.000-0300","categoriaRegulatoria":{"codigo":5,"descricao":"Genérico"},"medicamentoReferencia":"LIPIDIL","categoriaProduto":null,"tipoAutorizacao":"REGISTRADO","acancelar":false,"mesAnoVencimentoFormatado":"03/2034","numeroRegistroFormatado":"105250112"},"empresa":{"cnpj":"33078528000132","razaoSocial":"TORRENT DO BRASIL LTDA","numeroAutorizacao":"1005253","cnpjFormatado":"33.078.528/0001-32"},"processo":{"numero":"25351868730202356","situacao":29,"numeroProcessoFormatado":"25351.868730/2023-56"}},{"ordem":95,"produto":{"codigo":1073024,"nome":"gliclazida","numeroRegistro":"105250069","tipo":{"codigo":1,"descricao":null},"categoria":null,"situacaoRotulo":null,"dataVencimento":null,"mesAnoVencimento":"102025","dataVencimentoRegistro":"2025-10-01T00:00:00.000-0300","principioAtivo":"GLICLAZIDA","situacaoApresentacao":"Válido","dataRegistro":"2015-10-26T00:00:00.000-0300","categoriaRegulatoria":{"codigo":5,"descricao":"Genérico"},"medicamentoReferencia":"DIAMICRON MR","categoriaProduto":null,"tipoAutorizacao":"REGISTRADO","acancelar":false,"mesAnoVencimentoFormatado":"10/2025","numeroRegistroFormatado":"105250069"},"empresa":{"cnpj":"33078528000132","razaoSocial":"TORRENT DO BRASIL LTDA","numeroAutorizacao":"1005253","cnpjFormatado":"33.078.528/0001-32"},"processo":{"numero":"25351503101201573","situacao":29,"numeroProcessoFormatado":"25351.503101/2015-73"}},{"ordem":96,"produto":{"codigo":1144498,"nome":"glimepirida","numeroRegistro":"105250071","tipo":{"codigo":1,"descricao":null},"categoria":null,"situacaoRotulo":null,"dataVencimento":null,"mesAnoVencimento":"012022","dataVencimentoRegistro":"2022-01-01T00:00:00.000-0300","principioAtivo":null,"situacaoApresentacao":"Caduco/Cancelado","dataRegistro":"2017-01-23T00:00:00.000-0300","categoriaRegulatoria":{"codigo":5,"descricao":"Genérico"},"medicamentoReferencia":null,"categoriaProduto":null,"tipoAutorizacao":"REGISTRADO","acancelar":false,"mesAnoVencimentoFormatado":"01/2022","numeroRegistroFormatado":"105250071"},"empresa":{"cnpj":"33078528000132","razaoSocial":"TORRENT DO BRASIL LTDA","numeroAutorizacao":"1005253","cnpjFormatado":"33.078.528/0001-32"},"processo":{"numero":"25351531690201661","situacao":29,"numeroProcessoFormatado":"25351.531690/2016-61"}},{"ordem":97,"produto":{"codigo":857968,"nome":"hemifumarato de bisoprolol","numeroRegistro":"105250078","tipo":{"codigo":1,"descricao":null},"categoria":null,"situacaoRotulo":null,"dataVencimento":null,"mesAnoVencimento":"062029","dataVencimentoRegistro":"2029-06-01T00:00:00.000-0300","principioAtivo":"hemiFUMARATO DE BISOPROLOL","situacaoApresentacao":"Válido","dataRegistro":"2019-06-03T00:00:00.000-0300","categoriaRegulatoria":{"codigo":5,"descricao":"Genérico"},"medicamentoReferencia":"CONCOR","categoriaProduto":null,"tipoAutorizacao":"REGISTRADO","acancelar":false,"mesAnoVencimentoFormatado":"06/2029","numeroRegistroFormatado":"105250078"},"empresa":{"cnpj":"33078528000132","razaoSocial":"TORRENT DO BRASIL LTDA","numeroAutorizacao":"1005253","cnpjFormatado":"33.078.528/0001-32"},"processo":{"numero":"25351585898201223","situacao":29,"numeroProcessoFormatado":"25351.585898/2012-23"}},{"ordem":98,"produto":{"codigo":3297008,"nome":"hemitartarato de zolpidem","numeroRegistro":"105250098","tipo":{"codigo":1,"descricao":null},"categoria":null,"situacaoRotulo":null,"dataVencimento":null,"mesAnoVencimento":"052032","dataVencimentoRegistro":"2032-05-01T00:00:00.000-0300","principioAtivo":"HEMITARTARATO DE ZOLPIDEM","situacaoApresentacao":"Válido","dataRegistro":"2022-05-09T00:00:00.000-0300","categoriaRegulatoria":{"codigo":5,"descricao":"Genérico"},"medicamentoReferencia":"Stilnox","categoriaProduto":null,"tipoAutorizacao":"REGISTRADO","acancelar":false,"mesAnoVencimentoFormatado":"05/2032","numeroRegistroFormatado":"105250098"},"empresa":{"cnpj":"33078528000132","razaoSocial":"TORRENT DO BRASIL LTDA","numeroAutorizacao":"1005253","cnpjFormatado":"33.078.528/0001-32"},"processo":{"numero":"25351007370202151","situacao":29,"numeroProcessoFormatado":"25351.007370/2021-51"}},{"ordem":99,"produto":{"codigo":1067430,"nome":"indapamida","numeroRegistro":"105250067","tipo":{"codigo":1,"descricao":null},"categoria":null,"situacaoRotulo":null,"dataVencimento":null,"mesAnoVencimento":"102025","dataVencimentoRegistro":"2025-10-01T00:00:00.000-0300","principioAtivo":"INDAPAMIDA","situacaoApresentacao":"Válido","dataRegistro":"2015-10-05T00:00:00.000-0300","categoriaRegulatoria":{"codigo":5,"descricao":"Genérico"},"medicamentoReferencia":"NATRILIX SR","categoriaProduto":null,"tipoAutorizacao":"REGISTRADO","acancelar":false,"mesAnoVencimentoFormatado":"10/2025","numeroRegistroFormatado":"105250067"},"empresa":{"cnpj":"33078528000132","razaoSocial":"TORRENT DO BRASIL LTDA","numeroAutorizacao":"1005253","cnpjFormatado":"33.078.528/0001-32"},"processo":{"numero":"25351296837201580","situacao":29,"numeroProcessoFormatado":"25351.296837/2015-80"}},{"ordem":100,"produto":{"codigo":3281236,"nome":"lacosamida","numeroRegistro":"105250097","tipo":{"codigo":1,"descricao":null},"categoria":null,"situacaoRotulo":null,"dataVencimento":null,"mesAnoVencimento":"052032","dataVencimentoRegistro":"2032-05-01T00:00:00.000-0300","principioAtivo":"lacosamida","situacaoApresentacao":"Válido","dataRegistro":"2022-05-02T00:00:00.000-0300","categoriaRegulatoria":{"codigo":5,"descricao":"Genérico"},"medicamentoReferencia":"VIMPAT","categoriaProduto":null,"tipoAutorizacao":"REGISTRADO","acancelar":false,"mesAnoVencimentoFormatado":"05/2032","numeroRegistroFormatado":"105250097"},"empresa":{"cnpj":"33078528000132","razaoSocial":"TORRENT DO BRASIL LTDA","numeroAutorizacao":"1005253","cnpjFormatado":"33.078.528/0001-32"},"processo":{"numero":"25351736012202150","situacao":29,"numeroProcessoFormatado":"25351.736012/2021-50"}},{"ordem":101,"produto":{"codigo":642521,"nome":"lamotrigina","numeroRegistro":"105250039","tipo":{"codigo":1,"descricao":null},"categoria":null,"situacaoRotulo":null,"dataVencimento":null,"mesAnoVencimento":"102029","dataVencimentoRegistro":"2029-10-01T00:00:00.000-0300","principioAtivo":"LAMOTRIGINA","situacaoApresentacao":"Válido","dataRegistro":"2009-10-13T00:00:00.000-0300","categoriaRegulatoria":{"codigo":5,"descricao":"Genérico"},"medicamentoReferencia":"LAMICTAL","categoriaProduto":null,"tipoAutorizacao":"REGISTRADO","acancelar":false,"mesAnoVencimentoFormatado":"10/2029","numeroRegistroFormatado":"105250039"},"empresa":{"cnpj":"33078528000132","razaoSocial":"TORRENT DO BRASIL LTDA","numeroAutorizacao":"1005253","cnpjFormatado":"33.078.528/0001-32"},"processo":{"numero":"25351703245200807","situacao":29,"numeroProcessoFormatado":"25351.703245/2008-07"}},{"ordem":102,"produto":{"codigo":1314729,"nome":"levetiracetam","numeroRegistro":"105250089","tipo":{"codigo":1,"descricao":null},"categoria":null,"situacaoRotulo":null,"dataVencimento":"2031-05-09T00:00:00.000-0300","mesAnoVencimento":"052031","dataVencimentoRegistro":"2031-05-01T00:00:00.000-0300","principioAtivo":"LEVETIRACETAM","situacaoApresentacao":"Válido","dataRegistro":"2021-05-31T00:00:00.000-0300","categoriaRegulatoria":{"codigo":5,"descricao":"Genérico"},"medicamentoReferencia":"KEPPRA®","categoriaProduto":null,"tipoAutorizacao":"REGISTRADO","acancelar":false,"mesAnoVencimentoFormatado":"05/2031","numeroRegistroFormatado":"105250089"},"empresa":{"cnpj":"33078528000132","razaoSocial":"TORRENT DO BRASIL LTDA","numeroAutorizacao":"1005253","cnpjFormatado":"33.078.528/0001-32"},"processo":{"numero":"25351184455201938","situacao":29,"numeroProcessoFormatado":"25351.184455/2019-38"}},{"ordem":103,"produto":{"codigo":3587488,"nome":"levetiracetam","numeroRegistro":"105250106","tipo":{"codigo":1,"descricao":null},"categoria":null,"situacaoRotulo":null,"dataVencimento":"2032-10-24T00:00:00.000-0300","mesAnoVencimento":"012033","dataVencimentoRegistro":"2033-01-01T00:00:00.000-0300","principioAtivo":"LEVETIRACETAM","situacaoApresentacao":"Válido","dataRegistro":"2023-01-23T00:00:00.000-0300","categoriaRegulatoria":{"codigo":5,"descricao":"Genérico"},"medicamentoReferencia":"ETIRA","categoriaProduto":null,"tipoAutorizacao":"REGISTRADO","acancelar":false,"mesAnoVencimentoFormatado":"01/2033","numeroRegistroFormatado":"105250106"},"empresa":{"cnpj":"33078528000132","razaoSocial":"TORRENT DO BRASIL LTDA","numeroAutorizacao":"1005253","cnpjFormatado":"33.078.528/0001-32"},"processo":{"numero":"25351673200202241","situacao":29,"numeroProcessoFormatado":"25351.673200/2022-41"}},{"ordem":104,"produto":{"codigo":1062403,"nome":"losartana potássica","numeroRegistro":"105250063","tipo":{"codigo":1,"descricao":null},"categoria":null,"situacaoRotulo":null,"dataVencimento":null,"mesAnoVencimento":"082025","dataVencimentoRegistro":"2025-08-01T00:00:00.000-0300","principioAtivo":"losartana potássica","situacaoApresentacao":"Válido","dataRegistro":"2015-08-17T00:00:00.000-0300","categoriaRegulatoria":{"codigo":5,"descricao":"Genérico"},"medicamentoReferencia":"CORUS (25mg); COZAAR (50mg e 100mg)","categoriaProduto":null,"tipoAutorizacao":"REGISTRADO","acancelar":false,"mesAnoVencimentoFormatado":"08/2025","numeroRegistroFormatado":"105250063"},"empresa":{"cnpj":"33078528000132","razaoSocial":"TORRENT DO BRASIL LTDA","numeroAutorizacao":"1005253","cnpjFormatado":"33.078.528/0001-32"},"processo":{"numero":"25351435263201571","situacao":29,"numeroProcessoFormatado":"25351.435263/2015-71"}},{"ordem":105,"produto":{"codigo":1064180,"nome":"losartana potássica + hidroclorotiazida","numeroRegistro":"105250064","tipo":{"codigo":1,"descricao":null},"categoria":null,"situacaoRotulo":null,"dataVencimento":null,"mesAnoVencimento":null,"dataVencimentoRegistro":null,"principioAtivo":null,"situacaoApresentacao":"Caduco/Cancelado","dataRegistro":"2015-09-08T00:00:00.000-0300","categoriaRegulatoria":{"codigo":5,"descricao":"Genérico"},"medicamentoReferencia":"HYZAAR","categoriaProduto":null,"tipoAutorizacao":"REGISTRADO","acancelar":false,"mesAnoVencimentoFormatado":"","numeroRegistroFormatado":"105250064"},"empresa":{"cnpj":"33078528000132","razaoSocial":"TORRENT DO BRASIL LTDA","numeroAutorizacao":"1005253","cnpjFormatado":"33.078.528/0001-32"},"processo":{"numero":"25351770125201455","situacao":29,"numeroProcessoFormatado":"25351.770125/2014-55"}},{"ordem":106,"produto":{"codigo":1402619,"nome":"mirtazapina","numeroRegistro":"105250083","tipo":{"codigo":1,"descricao":null},"categoria":null,"situacaoRotulo":null,"dataVencimento":null,"mesAnoVencimento":"042030","dataVencimentoRegistro":"2030-04-01T00:00:00.000-0300","principioAtivo":"MIRTAZAPINA","situacaoApresentacao":"Válido","dataRegistro":"2020-04-06T00:00:00.000-0300","categoriaRegulatoria":{"codigo":5,"descricao":"Genérico"},"medicamentoReferencia":"MIRTAZAPINA, M.S. 1.0047.0462, SANDOZ DO BRASIL","categoriaProduto":null,"tipoAutorizacao":"REGISTRADO","acancelar":false,"mesAnoVencimentoFormatado":"04/2030","numeroRegistroFormatado":"105250083"},"empresa":{"cnpj":"33078528000132","razaoSocial":"TORRENT DO BRASIL LTDA","numeroAutorizacao":"1005253","cnpjFormatado":"33.078.528/0001-32"},"processo":{"numero":"25351097316202017","situacao":29,"numeroProcessoFormatado":"25351.097316/2020-17"}},{"ordem":107,"produto":{"codigo":687058,"nome":"pioglit","numeroRegistro":"105250047","tipo":{"codigo":1,"descricao":null},"categoria":null,"situacaoRotulo":null,"dataVencimento":null,"mesAnoVencimento":"032026","dataVencimentoRegistro":"2026-03-01T00:00:00.000-0300","principioAtivo":"CLORIDRATO DE PIOGLITAZONA","situacaoApresentacao":"Válido","dataRegistro":"2011-03-14T00:00:00.000-0300","categoriaRegulatoria":{"codigo":8,"descricao":"Similar"},"medicamentoReferencia":"actos","categoriaProduto":null,"tipoAutorizacao":"REGISTRADO","acancelar":false,"mesAnoVencimentoFormatado":"03/2026","numeroRegistroFormatado":"105250047"},"empresa":{"cnpj":"33078528000132","razaoSocial":"TORRENT DO BRASIL LTDA","numeroAutorizacao":"1005253","cnpjFormatado":"33.078.528/0001-32"},"processo":{"numero":"25351108737200940","situacao":29,"numeroProcessoFormatado":"25351.108737/2009-40"}},{"ordem":108,"produto":{"codigo":898483,"nome":"pregabalina","numeroRegistro":"105250077","tipo":{"codigo":1,"descricao":null},"categoria":null,"situacaoRotulo":null,"dataVencimento":null,"mesAnoVencimento":"052029","dataVencimentoRegistro":"2029-05-01T00:00:00.000-0300","principioAtivo":"PREGABALINA","situacaoApresentacao":"Válido","dataRegistro":"2019-05-20T00:00:00.000-0300","categoriaRegulatoria":{"codigo":5,"descricao":"Genérico"},"medicamentoReferencia":"LYRICA","categoriaProduto":null,"tipoAutorizacao":"REGISTRADO","acancelar":false,"mesAnoVencimentoFormatado":"05/2029","numeroRegistroFormatado":"105250077"},"empresa":{"cnpj":"33078528000132","razaoSocial":"TORRENT DO BRASIL LTDA","numeroAutorizacao":"1005253","cnpjFormatado":"33.078.528/0001-32"},"processo":{"numero":"25351324885201380","situacao":29,"numeroProcessoFormatado":"25351.324885/2013-80"}},{"ordem":109,"produto":{"codigo":2976400,"nome":"succinato de desvenlafaxina","numeroRegistro":"105250096","tipo":{"codigo":1,"descricao":null},"categoria":null,"situacaoRotulo":null,"dataVencimento":null,"mesAnoVencimento":"022032","dataVencimentoRegistro":"2032-02-01T00:00:00.000-0300","principioAtivo":"SUCCINATO DE DESVENLAFAXINA MONOIDRATADO","situacaoApresentacao":"Válido","dataRegistro":"2022-02-21T00:00:00.000-0300","categoriaRegulatoria":{"codigo":5,"descricao":"Genérico"},"medicamentoReferencia":"PRISTIQ","categoriaProduto":null,"tipoAutorizacao":"REGISTRADO","acancelar":false,"mesAnoVencimentoFormatado":"02/2032","numeroRegistroFormatado":"105250096"},"empresa":{"cnpj":"33078528000132","razaoSocial":"TORRENT DO BRASIL LTDA","numeroAutorizacao":"1005253","cnpjFormatado":"33.078.528/0001-32"},"processo":{"numero":"25351866934202191","situacao":29,"numeroProcessoFormatado":"25351.866934/2021-91"}},{"ordem":110,"produto":{"codigo":3297024,"nome":"telmisartana + hidroclorotiazida","numeroRegistro":"105250099","tipo":{"codigo":1,"descricao":null},"categoria":null,"situacaoRotulo":null,"dataVencimento":null,"mesAnoVencimento":"052032","dataVencimentoRegistro":"2032-05-01T00:00:00.000-0300","principioAtivo":"TELMISARTANA, HIDROCLOROTIAZIDA","situacaoApresentacao":"Válido","dataRegistro":"2022-05-09T00:00:00.000-0300","categoriaRegulatoria":{"codigo":5,"descricao":"Genérico"},"medicamentoReferencia":"MICARDIS HCT","categoriaProduto":null,"tipoAutorizacao":"REGISTRADO","acancelar":false,"mesAnoVencimentoFormatado":"05/2032","numeroRegistroFormatado":"105250099"},"empresa":{"cnpj":"33078528000132","razaoSocial":"TORRENT DO BRASIL LTDA","numeroAutorizacao":"1005253","cnpjFormatado":"33.078.528/0001-32"},"processo":{"numero":"25351255796202209","situacao":29,"numeroProcessoFormatado":"25351.255796/2022-09"}},{"ordem":111,"produto":{"codigo":2964793,"nome":"ticagrelor","numeroRegistro":"105250094","tipo":{"codigo":1,"descricao":null},"categoria":null,"situacaoRotulo":null,"dataVencimento":null,"mesAnoVencimento":"022032","dataVencimentoRegistro":"2032-02-01T00:00:00.000-0300","principioAtivo":"ticagrelor","situacaoApresentacao":"Válido","dataRegistro":"2022-02-14T00:00:00.000-0300","categoriaRegulatoria":{"codigo":5,"descricao":"Genérico"},"medicamentoReferencia":"BRILINTA","categoriaProduto":null,"tipoAutorizacao":"REGISTRADO","acancelar":false,"mesAnoVencimentoFormatado":"02/2032","numeroRegistroFormatado":"105250094"},"empresa":{"cnpj":"33078528000132","razaoSocial":"TORRENT DO BRASIL LTDA","numeroAutorizacao":"1005253","cnpjFormatado":"33.078.528/0001-32"},"processo":{"numero":"25351089987202187","situacao":29,"numeroProcessoFormatado":"25351.089987/2021-87"}}],"totalElements":111,"totalPages":1,"last":true,"numberOfElements":111,"size":1000,"number":0,"first":true,"sort":null}