{"content":[{"ordem":1,"produto":{"codigo":124732,"nome":"ACETATO DE ALFA DL TOCOFEROL","numeroRegistro":"108170063","tipo":{"codigo":1,"descricao":null},"categoria":null,"situacaoRotulo":null,"dataVencimento":null,"mesAnoVencimento":"062007","dataVencimentoRegistro":"2007-06-01T00:00:00.000-0300","principioAtivo":null,"situacaoApresentacao":"Caduco/Cancelado","dataRegistro":"2002-06-05T00:00:00.000-0300","categoriaRegulatoria":{"codigo":8,"descricao":"Similar"},"medicamentoReferencia":null,"categoriaProduto":null,"tipoAutorizacao":"REGISTRADO","numeroRegistroFormatado":"108170063","mesAnoVencimentoFormatado":"06/2007","acancelar":false},"empresa":{"cnpj":"33109356000117","razaoSocial":"CASA GRANADO LABORATÓRIOS, FARMÁCIAS E DROGARIAS S/A","numeroAutorizacao":"1008172","cnpjFormatado":"33.109.356/0001-17"},"processo":{"numero":"250000181679816","situacao":29,"numeroProcessoFormatado":"25000.018167/98-16"}},{"ordem":2,"produto":{"codigo":434380,"nome":"BALSODERMA","numeroRegistro":"108170007","tipo":{"codigo":1,"descricao":null},"categoria":null,"situacaoRotulo":null,"dataVencimento":null,"mesAnoVencimento":"102004","dataVencimentoRegistro":"2004-10-01T00:00:00.000-0300","principioAtivo":null,"situacaoApresentacao":"Caduco/Cancelado","dataRegistro":"1980-02-12T00:00:00.000-0300","categoriaRegulatoria":{"codigo":6,"descricao":"Novo"},"medicamentoReferencia":null,"categoriaProduto":null,"tipoAutorizacao":"REGISTRADO","numeroRegistroFormatado":"108170007","mesAnoVencimentoFormatado":"10/2004","acancelar":false},"empresa":{"cnpj":"33109356000117","razaoSocial":"CASA GRANADO LABORATÓRIOS, FARMÁCIAS E DROGARIAS S/A","numeroAutorizacao":"1008172","cnpjFormatado":"33.109.356/0001-17"},"processo":{"numero":"2599200184836","situacao":29,"numeroProcessoFormatado":"25992.001848/36"}},{"ordem":3,"produto":{"codigo":1111,"nome":"BENZOMEL PEDIATRICO","numeroRegistro":"108170058","tipo":{"codigo":1,"descricao":null},"categoria":null,"situacaoRotulo":null,"dataVencimento":null,"mesAnoVencimento":"012005","dataVencimentoRegistro":"2005-01-01T00:00:00.000-0300","principioAtivo":null,"situacaoApresentacao":"Caduco/Cancelado","dataRegistro":"2000-01-25T00:00:00.000-0200","categoriaRegulatoria":{"codigo":8,"descricao":"Similar"},"medicamentoReferencia":null,"categoriaProduto":null,"tipoAutorizacao":"REGISTRADO","numeroRegistroFormatado":"108170058","mesAnoVencimentoFormatado":"01/2005","acancelar":false},"empresa":{"cnpj":"33109356000117","razaoSocial":"CASA GRANADO LABORATÓRIOS, FARMÁCIAS E DROGARIAS S/A","numeroAutorizacao":"1008172","cnpjFormatado":"33.109.356/0001-17"},"processo":{"numero":"250000215719912","situacao":29,"numeroProcessoFormatado":"25000.021571/99-12"}},{"ordem":4,"produto":{"codigo":7983,"nome":"COMPLEXO B GRANADO","numeroRegistro":"108170060","tipo":{"codigo":1,"descricao":null},"categoria":null,"situacaoRotulo":null,"dataVencimento":null,"mesAnoVencimento":"092006","dataVencimentoRegistro":"2006-09-01T00:00:00.000-0300","principioAtivo":null,"situacaoApresentacao":"Caduco/Cancelado","dataRegistro":"2001-10-01T00:00:00.000-0300","categoriaRegulatoria":{"codigo":8,"descricao":"Similar"},"medicamentoReferencia":null,"categoriaProduto":null,"tipoAutorizacao":"REGISTRADO","numeroRegistroFormatado":"108170060","mesAnoVencimentoFormatado":"09/2006","acancelar":false},"empresa":{"cnpj":"33109356000117","razaoSocial":"CASA GRANADO LABORATÓRIOS, FARMÁCIAS E DROGARIAS S/A","numeroAutorizacao":"1008172","cnpjFormatado":"33.109.356/0001-17"},"processo":{"numero":"250000234409834","situacao":29,"numeroProcessoFormatado":"25000.023440/98-34"}},{"ordem":5,"produto":{"codigo":94,"nome":"GRANADO","numeroRegistro":"108170059","tipo":{"codigo":1,"descricao":null},"categoria":null,"situacaoRotulo":null,"dataVencimento":null,"mesAnoVencimento":"042006","dataVencimentoRegistro":"2006-04-01T00:00:00.000-0300","principioAtivo":null,"situacaoApresentacao":"Caduco/Cancelado","dataRegistro":"2001-04-05T00:00:00.000-0300","categoriaRegulatoria":{"codigo":8,"descricao":"Similar"},"medicamentoReferencia":null,"categoriaProduto":null,"tipoAutorizacao":"REGISTRADO","numeroRegistroFormatado":"108170059","mesAnoVencimentoFormatado":"04/2006","acancelar":false},"empresa":{"cnpj":"33109356000117","razaoSocial":"CASA GRANADO LABORATÓRIOS, FARMÁCIAS E DROGARIAS S/A","numeroAutorizacao":"1008172","cnpjFormatado":"33.109.356/0001-17"},"processo":{"numero":"253510085690065","situacao":29,"numeroProcessoFormatado":"25351.008569/00-65"}},{"ordem":6,"produto":{"codigo":5298,"nome":"LEVEDURA DE CERVEJA","numeroRegistro":"108170022","tipo":{"codigo":1,"descricao":null},"categoria":null,"situacaoRotulo":null,"dataVencimento":null,"mesAnoVencimento":"032004","dataVencimentoRegistro":"2004-03-01T00:00:00.000-0300","principioAtivo":null,"situacaoApresentacao":"Caduco/Cancelado","dataRegistro":"2001-02-02T00:00:00.000-0300","categoriaRegulatoria":{"codigo":8,"descricao":"Similar"},"medicamentoReferencia":null,"categoriaProduto":null,"tipoAutorizacao":"REGISTRADO","numeroRegistroFormatado":"108170022","mesAnoVencimentoFormatado":"03/2004","acancelar":false},"empresa":{"cnpj":"33109356000117","razaoSocial":"CASA GRANADO LABORATÓRIOS, FARMÁCIAS E DROGARIAS S/A","numeroAutorizacao":"1008172","cnpjFormatado":"33.109.356/0001-17"},"processo":{"numero":"2599201510765","situacao":29,"numeroProcessoFormatado":"25992.015107/65"}},{"ordem":7,"produto":{"codigo":376800,"nome":"POLVILHO ANTISSÉPTICO GRANADO","numeroRegistro":"108170030","tipo":{"codigo":1,"descricao":null},"categoria":null,"situacaoRotulo":null,"dataVencimento":null,"mesAnoVencimento":"102026","dataVencimentoRegistro":"2026-10-01T00:00:00.000-0300","principioAtivo":"ÁCIDO BÓRICO, ÁCIDO SALICÍLICO, ENXOFRE, ÓXIDO DE ZINCO","situacaoApresentacao":"Válido","dataRegistro":"1981-10-08T00:00:00.000-0300","categoriaRegulatoria":{"codigo":6,"descricao":"Novo"},"medicamentoReferencia":null,"categoriaProduto":null,"tipoAutorizacao":"REGISTRADO","numeroRegistroFormatado":"108170030","mesAnoVencimentoFormatado":"10/2026","acancelar":false},"empresa":{"cnpj":"33109356000117","razaoSocial":"CASA GRANADO LABORATÓRIOS, FARMÁCIAS E DROGARIAS S/A","numeroAutorizacao":"1008172","cnpjFormatado":"33.109.356/0001-17"},"processo":{"numero":"2500100198433","situacao":29,"numeroProcessoFormatado":"25001.001984/33"}},{"ordem":8,"produto":{"codigo":4602,"nome":"SUPOSITÓRIO DE GLICERINA GRANADO","numeroRegistro":"108170045","tipo":{"codigo":1,"descricao":null},"categoria":null,"situacaoRotulo":null,"dataVencimento":null,"mesAnoVencimento":"062005","dataVencimentoRegistro":"2005-06-01T00:00:00.000-0300","principioAtivo":null,"situacaoApresentacao":"Caduco/Cancelado","dataRegistro":"2000-11-09T00:00:00.000-0300","categoriaRegulatoria":{"codigo":3,"descricao":"Específico"},"medicamentoReferencia":null,"categoriaProduto":null,"tipoAutorizacao":"REGISTRADO","numeroRegistroFormatado":"108170045","mesAnoVencimentoFormatado":"06/2005","acancelar":false},"empresa":{"cnpj":"33109356000117","razaoSocial":"CASA GRANADO LABORATÓRIOS, FARMÁCIAS E DROGARIAS S/A","numeroAutorizacao":"1008172","cnpjFormatado":"33.109.356/0001-17"},"processo":{"numero":"2599200313039","situacao":29,"numeroProcessoFormatado":"25992.003130/39"}},{"ordem":9,"produto":{"codigo":126577,"nome":"TRICLOSANO","numeroRegistro":"108170062","tipo":{"codigo":1,"descricao":null},"categoria":null,"situacaoRotulo":null,"dataVencimento":null,"mesAnoVencimento":"102006","dataVencimentoRegistro":"2006-10-01T00:00:00.000-0300","principioAtivo":null,"situacaoApresentacao":"Caduco/Cancelado","dataRegistro":"2002-03-27T00:00:00.000-0300","categoriaRegulatoria":{"codigo":8,"descricao":"Similar"},"medicamentoReferencia":null,"categoriaProduto":null,"tipoAutorizacao":"REGISTRADO","numeroRegistroFormatado":"108170062","mesAnoVencimentoFormatado":"10/2006","acancelar":false},"empresa":{"cnpj":"33109356000117","razaoSocial":"CASA GRANADO LABORATÓRIOS, FARMÁCIAS E DROGARIAS S/A","numeroAutorizacao":"1008172","cnpjFormatado":"33.109.356/0001-17"},"processo":{"numero":"2599200797271","situacao":29,"numeroProcessoFormatado":"25992.007972/71"}},{"ordem":10,"produto":{"codigo":409,"nome":"VITAMINA C GRANADO","numeroRegistro":"108170061","tipo":{"codigo":1,"descricao":null},"categoria":null,"situacaoRotulo":null,"dataVencimento":null,"mesAnoVencimento":"092006","dataVencimentoRegistro":"2006-09-01T00:00:00.000-0300","principioAtivo":null,"situacaoApresentacao":"Caduco/Cancelado","dataRegistro":"2001-10-01T00:00:00.000-0300","categoriaRegulatoria":{"codigo":8,"descricao":"Similar"},"medicamentoReferencia":null,"categoriaProduto":null,"tipoAutorizacao":"REGISTRADO","numeroRegistroFormatado":"108170061","mesAnoVencimentoFormatado":"09/2006","acancelar":false},"empresa":{"cnpj":"33109356000117","razaoSocial":"CASA GRANADO LABORATÓRIOS, FARMÁCIAS E DROGARIAS S/A","numeroAutorizacao":"1008172","cnpjFormatado":"33.109.356/0001-17"},"processo":{"numero":"250000181629894","situacao":29,"numeroProcessoFormatado":"25000.018162/98-94"}},{"ordem":11,"produto":{"codigo":435553,"nome":"ÁGUA INGLESA GRANADO","numeroRegistro":"108170157","tipo":{"codigo":1,"descricao":null},"categoria":null,"situacaoRotulo":null,"dataVencimento":null,"mesAnoVencimento":"042004","dataVencimentoRegistro":"2004-04-01T00:00:00.000-0300","principioAtivo":null,"situacaoApresentacao":"Caduco/Cancelado","dataRegistro":"1979-01-12T00:00:00.000-0300","categoriaRegulatoria":{"codigo":4,"descricao":"Fitoterápico"},"medicamentoReferencia":null,"categoriaProduto":null,"tipoAutorizacao":"REGISTRADO","numeroRegistroFormatado":"108170157","mesAnoVencimentoFormatado":"04/2004","acancelar":false},"empresa":{"cnpj":"33109356000117","razaoSocial":"CASA GRANADO LABORATÓRIOS, FARMÁCIAS E DROGARIAS S/A","numeroAutorizacao":"1008172","cnpjFormatado":"33.109.356/0001-17"},"processo":{"numero":"2599101150577","situacao":29,"numeroProcessoFormatado":"25991.011505/77"}}],"totalPages":1,"totalElements":11,"last":true,"numberOfElements":11,"size":1000,"number":0,"first":true,"sort":null}