{"content":[{"ordem":1,"produto":{"codigo":174065,"nome":"ALBA 3","numeroRegistro":"106030062","tipo":{"codigo":1,"descricao":null},"categoria":null,"situacaoRotulo":null,"dataVencimento":null,"mesAnoVencimento":"052010","dataVencimentoRegistro":"2010-05-01T00:00:00.000-0300","principioAtivo":null,"situacaoApresentacao":"Caduco/Cancelado","dataRegistro":"2003-02-21T00:00:00.000-0300","categoriaRegulatoria":{"codigo":8,"descricao":"Similar"},"medicamentoReferencia":null,"categoriaProduto":null,"tipoAutorizacao":"REGISTRADO","acancelar":false,"numeroRegistroFormatado":"106030062","mesAnoVencimentoFormatado":"05/2010"},"empresa":{"cnpj":"33236001000199","razaoSocial":"INSTITUTO DE QUÍMICA E BIOLOGIA LTDA","numeroAutorizacao":"1006032","cnpjFormatado":"33.236.001/0001-99"},"processo":{"numero":"250000070589053","situacao":29,"numeroProcessoFormatado":"25000.007058/90-53"}},{"ordem":2,"produto":{"codigo":415066,"nome":"ESTAFILOIDE","numeroRegistro":"106030064","tipo":{"codigo":1,"descricao":null},"categoria":null,"situacaoRotulo":null,"dataVencimento":null,"mesAnoVencimento":"122004","dataVencimentoRegistro":"2004-12-01T00:00:00.000-0300","principioAtivo":null,"situacaoApresentacao":"Caduco/Cancelado","dataRegistro":"1978-05-10T00:00:00.000-0300","categoriaRegulatoria":{"codigo":6,"descricao":"Novo"},"medicamentoReferencia":null,"categoriaProduto":null,"tipoAutorizacao":"REGISTRADO","acancelar":false,"numeroRegistroFormatado":"106030064","mesAnoVencimentoFormatado":"12/2004"},"empresa":{"cnpj":"33236001000199","razaoSocial":"INSTITUTO DE QUÍMICA E BIOLOGIA LTDA","numeroAutorizacao":"1006032","cnpjFormatado":"33.236.001/0001-99"},"processo":{"numero":"2599200028838","situacao":29,"numeroProcessoFormatado":"25992.000288/38"}},{"ordem":3,"produto":{"codigo":373029,"nome":"FOL SANG B 12","numeroRegistro":"106030015","tipo":{"codigo":1,"descricao":null},"categoria":null,"situacaoRotulo":null,"dataVencimento":null,"mesAnoVencimento":"072004","dataVencimentoRegistro":"2004-07-01T00:00:00.000-0300","principioAtivo":null,"situacaoApresentacao":"Caduco/Cancelado","dataRegistro":"0990-10-05T00:00:00.000-0300","categoriaRegulatoria":{"codigo":3,"descricao":"Específico"},"medicamentoReferencia":null,"categoriaProduto":null,"tipoAutorizacao":"REGISTRADO","acancelar":false,"numeroRegistroFormatado":"106030015","mesAnoVencimentoFormatado":"07/2004"},"empresa":{"cnpj":"33236001000199","razaoSocial":"INSTITUTO DE QUÍMICA E BIOLOGIA LTDA","numeroAutorizacao":"1006032","cnpjFormatado":"33.236.001/0001-99"},"processo":{"numero":"2599101080077","situacao":29,"numeroProcessoFormatado":"25991.010800/77"}},{"ordem":4,"produto":{"codigo":421024,"nome":"METRONIDAZOL+NISTATINA+CLORETO DE BENZALCONIO+UREIA","numeroRegistro":"106030065","tipo":{"codigo":1,"descricao":null},"categoria":null,"situacaoRotulo":null,"dataVencimento":null,"mesAnoVencimento":"082008","dataVencimentoRegistro":"2008-08-01T00:00:00.000-0300","principioAtivo":null,"situacaoApresentacao":"Caduco/Cancelado","dataRegistro":"1983-02-16T00:00:00.000-0300","categoriaRegulatoria":{"codigo":8,"descricao":"Similar"},"medicamentoReferencia":null,"categoriaProduto":null,"tipoAutorizacao":"REGISTRADO","acancelar":false,"numeroRegistroFormatado":"106030065","mesAnoVencimentoFormatado":"08/2008"},"empresa":{"cnpj":"33236001000199","razaoSocial":"INSTITUTO DE QUÍMICA E BIOLOGIA LTDA","numeroAutorizacao":"1006032","cnpjFormatado":"33.236.001/0001-99"},"processo":{"numero":"2599201120872","situacao":29,"numeroProcessoFormatado":"25992.011208/72"}},{"ordem":5,"produto":{"codigo":2382,"nome":"PONDUSVITAM","numeroRegistro":"106030036","tipo":{"codigo":1,"descricao":null},"categoria":null,"situacaoRotulo":null,"dataVencimento":null,"mesAnoVencimento":"092005","dataVencimentoRegistro":"2005-09-01T00:00:00.000-0300","principioAtivo":null,"situacaoApresentacao":"Caduco/Cancelado","dataRegistro":"2000-11-08T00:00:00.000-0300","categoriaRegulatoria":{"codigo":8,"descricao":"Similar"},"medicamentoReferencia":null,"categoriaProduto":null,"tipoAutorizacao":"REGISTRADO","acancelar":false,"numeroRegistroFormatado":"106030036","mesAnoVencimentoFormatado":"09/2005"},"empresa":{"cnpj":"33236001000199","razaoSocial":"INSTITUTO DE QUÍMICA E BIOLOGIA LTDA","numeroAutorizacao":"1006032","cnpjFormatado":"33.236.001/0001-99"},"processo":{"numero":"2500101553069","situacao":29,"numeroProcessoFormatado":"25001.015530/69"}},{"ordem":6,"produto":{"codigo":371847,"nome":"RUBRARGIL","numeroRegistro":"106030063","tipo":{"codigo":1,"descricao":null},"categoria":null,"situacaoRotulo":null,"dataVencimento":null,"mesAnoVencimento":null,"dataVencimentoRegistro":null,"principioAtivo":null,"situacaoApresentacao":"Caduco/Cancelado","dataRegistro":"1988-08-04T00:00:00.000-0300","categoriaRegulatoria":{"codigo":3,"descricao":"Específico"},"medicamentoReferencia":null,"categoriaProduto":null,"tipoAutorizacao":"REGISTRADO","acancelar":false,"numeroRegistroFormatado":"106030063","mesAnoVencimentoFormatado":""},"empresa":{"cnpj":"33236001000199","razaoSocial":"INSTITUTO DE QUÍMICA E BIOLOGIA LTDA","numeroAutorizacao":"1006032","cnpjFormatado":"33.236.001/0001-99"},"processo":{"numero":"2599200258353","situacao":29,"numeroProcessoFormatado":"25992.002583/53"}},{"ordem":7,"produto":{"codigo":6648,"nome":"TYLEPHEN","numeroRegistro":"106030023","tipo":{"codigo":1,"descricao":null},"categoria":null,"situacaoRotulo":null,"dataVencimento":null,"mesAnoVencimento":"082005","dataVencimentoRegistro":"2005-08-01T00:00:00.000-0300","principioAtivo":null,"situacaoApresentacao":"Caduco/Cancelado","dataRegistro":"2001-06-04T00:00:00.000-0300","categoriaRegulatoria":{"codigo":8,"descricao":"Similar"},"medicamentoReferencia":null,"categoriaProduto":null,"tipoAutorizacao":"REGISTRADO","acancelar":false,"numeroRegistroFormatado":"106030023","mesAnoVencimentoFormatado":"08/2005"},"empresa":{"cnpj":"33236001000199","razaoSocial":"INSTITUTO DE QUÍMICA E BIOLOGIA LTDA","numeroAutorizacao":"1006032","cnpjFormatado":"33.236.001/0001-99"},"processo":{"numero":"2599200431575","situacao":29,"numeroProcessoFormatado":"25992.004315/75"}},{"ordem":8,"produto":{"codigo":434421,"nome":"VAG ORAL","numeroRegistro":"106030066","tipo":{"codigo":1,"descricao":null},"categoria":null,"situacaoRotulo":null,"dataVencimento":null,"mesAnoVencimento":"122010","dataVencimentoRegistro":"2010-12-01T00:00:00.000-0300","principioAtivo":null,"situacaoApresentacao":"Caduco/Cancelado","dataRegistro":"1981-09-28T00:00:00.000-0300","categoriaRegulatoria":{"codigo":8,"descricao":"Similar"},"medicamentoReferencia":null,"categoriaProduto":null,"tipoAutorizacao":"REGISTRADO","acancelar":false,"numeroRegistroFormatado":"106030066","mesAnoVencimentoFormatado":"12/2010"},"empresa":{"cnpj":"33236001000199","razaoSocial":"INSTITUTO DE QUÍMICA E BIOLOGIA LTDA","numeroAutorizacao":"1006032","cnpjFormatado":"33.236.001/0001-99"},"processo":{"numero":"2599200041073","situacao":29,"numeroProcessoFormatado":"25992.000410/73"}}],"totalPages":1,"totalElements":8,"last":true,"numberOfElements":8,"first":true,"sort":null,"size":1000,"number":0}