{"content":[{"ordem":1,"produto":{"codigo":109,"nome":" TENOXICAM","numeroRegistro":"101160130","tipo":{"codigo":1,"descricao":null},"categoria":null,"situacaoRotulo":null,"dataVencimento":null,"mesAnoVencimento":"032006","dataVencimentoRegistro":"2006-03-01T00:00:00.000-0300","principioAtivo":null,"situacaoApresentacao":"Caduco/Cancelado","dataRegistro":"1996-03-08T00:00:00.000-0300","categoriaRegulatoria":{"codigo":8,"descricao":"Similar"},"medicamentoReferencia":null,"categoriaProduto":null,"tipoAutorizacao":"REGISTRADO","numeroRegistroFormatado":"101160130","mesAnoVencimentoFormatado":"03/2006","acancelar":false},"empresa":{"cnpj":"33258450000138","razaoSocial":"KNOLL PRODS QUIMS FARMACEUTICOS LTDA.","numeroAutorizacao":null,"cnpjFormatado":"33.258.450/0001-38"},"processo":{"numero":"250000058409598","situacao":29,"numeroProcessoFormatado":"25000.005840/95-98"}},{"ordem":2,"produto":{"codigo":281,"nome":"ACICLOVIR","numeroRegistro":"101160144","tipo":{"codigo":1,"descricao":null},"categoria":null,"situacaoRotulo":null,"dataVencimento":null,"mesAnoVencimento":"082001","dataVencimentoRegistro":"2001-08-01T00:00:00.000-0300","principioAtivo":null,"situacaoApresentacao":"Caduco/Cancelado","dataRegistro":"1996-08-30T00:00:00.000-0300","categoriaRegulatoria":{"codigo":8,"descricao":"Similar"},"medicamentoReferencia":null,"categoriaProduto":null,"tipoAutorizacao":"REGISTRADO","numeroRegistroFormatado":"101160144","mesAnoVencimentoFormatado":"08/2001","acancelar":false},"empresa":{"cnpj":"33258450000138","razaoSocial":"KNOLL PRODS QUIMS FARMACEUTICOS LTDA.","numeroAutorizacao":null,"cnpjFormatado":"33.258.450/0001-38"},"processo":{"numero":"250000134689665","situacao":29,"numeroProcessoFormatado":"25000.013468/96-65"}},{"ordem":3,"produto":{"codigo":282,"nome":"ACICLOVIR","numeroRegistro":"101160171","tipo":{"codigo":1,"descricao":null},"categoria":null,"situacaoRotulo":null,"dataVencimento":null,"mesAnoVencimento":"032005","dataVencimentoRegistro":"2005-03-01T00:00:00.000-0300","principioAtivo":null,"situacaoApresentacao":"Caduco/Cancelado","dataRegistro":"2000-03-31T00:00:00.000-0300","categoriaRegulatoria":{"codigo":5,"descricao":"Genérico"},"medicamentoReferencia":"ZOVIRAX","categoriaProduto":null,"tipoAutorizacao":"REGISTRADO","numeroRegistroFormatado":"101160171","mesAnoVencimentoFormatado":"03/2005","acancelar":false},"empresa":{"cnpj":"33258450000138","razaoSocial":"KNOLL PRODS QUIMS FARMACEUTICOS LTDA.","numeroAutorizacao":null,"cnpjFormatado":"33.258.450/0001-38"},"processo":{"numero":"253510020440099","situacao":29,"numeroProcessoFormatado":"25351.002044/00-99"}},{"ordem":4,"produto":{"codigo":504,"nome":"ADEMETIONINA","numeroRegistro":"101160077","tipo":{"codigo":1,"descricao":null},"categoria":null,"situacaoRotulo":null,"dataVencimento":null,"mesAnoVencimento":"052002","dataVencimentoRegistro":"2002-05-01T00:00:00.000-0300","principioAtivo":null,"situacaoApresentacao":"Caduco/Cancelado","dataRegistro":"1999-03-12T00:00:00.000-0300","categoriaRegulatoria":{"codigo":8,"descricao":"Similar"},"medicamentoReferencia":null,"categoriaProduto":null,"tipoAutorizacao":"REGISTRADO","numeroRegistroFormatado":"101160077","mesAnoVencimentoFormatado":"05/2002","acancelar":false},"empresa":{"cnpj":"33258450000138","razaoSocial":"KNOLL PRODS QUIMS FARMACEUTICOS LTDA.","numeroAutorizacao":null,"cnpjFormatado":"33.258.450/0001-38"},"processo":{"numero":"2599203128576","situacao":29,"numeroProcessoFormatado":"25992.031285/76"}},{"ordem":5,"produto":{"codigo":404636,"nome":"AKINETON","numeroRegistro":"101160001","tipo":{"codigo":1,"descricao":null},"categoria":null,"situacaoRotulo":null,"dataVencimento":null,"mesAnoVencimento":"032012","dataVencimentoRegistro":"2012-03-01T00:00:00.000-0300","principioAtivo":null,"situacaoApresentacao":"Caduco/Cancelado","dataRegistro":"1980-01-11T00:00:00.000-0300","categoriaRegulatoria":{"codigo":6,"descricao":"Novo"},"medicamentoReferencia":null,"categoriaProduto":null,"tipoAutorizacao":"REGISTRADO","numeroRegistroFormatado":"101160001","mesAnoVencimentoFormatado":"03/2012","acancelar":false},"empresa":{"cnpj":"33258450000138","razaoSocial":"KNOLL PRODS QUIMS FARMACEUTICOS LTDA.","numeroAutorizacao":null,"cnpjFormatado":"33.258.450/0001-38"},"processo":{"numero":"2599200119856","situacao":29,"numeroProcessoFormatado":"25992.001198/56"}},{"ordem":6,"produto":{"codigo":542,"nome":"ALBENDAZOL","numeroRegistro":"105530258","tipo":{"codigo":1,"descricao":null},"categoria":null,"situacaoRotulo":null,"dataVencimento":null,"mesAnoVencimento":"032005","dataVencimentoRegistro":"2005-03-01T00:00:00.000-0300","principioAtivo":null,"situacaoApresentacao":"Caduco/Cancelado","dataRegistro":"2000-03-31T00:00:00.000-0300","categoriaRegulatoria":{"codigo":5,"descricao":"Genérico"},"medicamentoReferencia":"ZENTEL","categoriaProduto":null,"tipoAutorizacao":"REGISTRADO","numeroRegistroFormatado":"105530258","mesAnoVencimentoFormatado":"03/2005","acancelar":false},"empresa":{"cnpj":"33258450000138","razaoSocial":"KNOLL PRODS QUIMS FARMACEUTICOS LTDA.","numeroAutorizacao":null,"cnpjFormatado":"33.258.450/0001-38"},"processo":{"numero":"253510020400038","situacao":29,"numeroProcessoFormatado":"25351.002040/00-38"}},{"ordem":7,"produto":{"codigo":701,"nome":"AMIODARONA","numeroRegistro":"101160142","tipo":{"codigo":1,"descricao":null},"categoria":null,"situacaoRotulo":null,"dataVencimento":null,"mesAnoVencimento":"072001","dataVencimentoRegistro":"2001-07-01T00:00:00.000-0300","principioAtivo":null,"situacaoApresentacao":"Caduco/Cancelado","dataRegistro":"1996-07-11T00:00:00.000-0300","categoriaRegulatoria":{"codigo":8,"descricao":"Similar"},"medicamentoReferencia":null,"categoriaProduto":null,"tipoAutorizacao":"REGISTRADO","numeroRegistroFormatado":"101160142","mesAnoVencimentoFormatado":"07/2001","acancelar":false},"empresa":{"cnpj":"33258450000138","razaoSocial":"KNOLL PRODS QUIMS FARMACEUTICOS LTDA.","numeroAutorizacao":null,"cnpjFormatado":"33.258.450/0001-38"},"processo":{"numero":"250000134679601","situacao":29,"numeroProcessoFormatado":"25000.013467/96-01"}},{"ordem":8,"produto":{"codigo":375517,"nome":"AMPICILINA","numeroRegistro":"101160086","tipo":{"codigo":1,"descricao":null},"categoria":null,"situacaoRotulo":null,"dataVencimento":null,"mesAnoVencimento":"012016","dataVencimentoRegistro":"2016-01-01T00:00:00.000-0300","principioAtivo":null,"situacaoApresentacao":"Caduco/Cancelado","dataRegistro":"1994-12-20T00:00:00.000-0300","categoriaRegulatoria":{"codigo":8,"descricao":"Similar"},"medicamentoReferencia":null,"categoriaProduto":null,"tipoAutorizacao":"REGISTRADO","numeroRegistroFormatado":"101160086","mesAnoVencimentoFormatado":"01/2016","acancelar":false},"empresa":{"cnpj":"33258450000138","razaoSocial":"KNOLL PRODS QUIMS FARMACEUTICOS LTDA.","numeroAutorizacao":null,"cnpjFormatado":"33.258.450/0001-38"},"processo":{"numero":"250000080469433","situacao":29,"numeroProcessoFormatado":"25000.008046/94-33"}},{"ordem":9,"produto":{"codigo":940,"nome":"ATENOLOL + NIFEDIPINA","numeroRegistro":"101160146","tipo":{"codigo":1,"descricao":null},"categoria":null,"situacaoRotulo":null,"dataVencimento":null,"mesAnoVencimento":"112001","dataVencimentoRegistro":"2001-11-01T00:00:00.000-0200","principioAtivo":null,"situacaoApresentacao":"Caduco/Cancelado","dataRegistro":"1996-11-21T00:00:00.000-0300","categoriaRegulatoria":{"codigo":8,"descricao":"Similar"},"medicamentoReferencia":null,"categoriaProduto":null,"tipoAutorizacao":"REGISTRADO","numeroRegistroFormatado":"101160146","mesAnoVencimentoFormatado":"11/2001","acancelar":false},"empresa":{"cnpj":"33258450000138","razaoSocial":"KNOLL PRODS QUIMS FARMACEUTICOS LTDA.","numeroAutorizacao":null,"cnpjFormatado":"33.258.450/0001-38"},"processo":{"numero":"250000019359046","situacao":29,"numeroProcessoFormatado":"25000.001935/90-46"}},{"ordem":10,"produto":{"codigo":375567,"nome":"BASF AMBROXOL","numeroRegistro":"101160080","tipo":{"codigo":1,"descricao":null},"categoria":null,"situacaoRotulo":null,"dataVencimento":null,"mesAnoVencimento":"012016","dataVencimentoRegistro":"2016-01-01T00:00:00.000-0300","principioAtivo":null,"situacaoApresentacao":"Caduco/Cancelado","dataRegistro":"1994-09-15T00:00:00.000-0300","categoriaRegulatoria":{"codigo":8,"descricao":"Similar"},"medicamentoReferencia":null,"categoriaProduto":null,"tipoAutorizacao":"REGISTRADO","numeroRegistroFormatado":"101160080","mesAnoVencimentoFormatado":"01/2016","acancelar":false},"empresa":{"cnpj":"33258450000138","razaoSocial":"KNOLL PRODS QUIMS FARMACEUTICOS LTDA.","numeroAutorizacao":null,"cnpjFormatado":"33.258.450/0001-38"},"processo":{"numero":"250000080459471","situacao":29,"numeroProcessoFormatado":"25000.008045/94-71"}},{"ordem":11,"produto":{"codigo":375527,"nome":"BASF AMILORIDA + HIDROCLOROTIAZIDA","numeroRegistro":"101160123","tipo":{"codigo":1,"descricao":null},"categoria":null,"situacaoRotulo":null,"dataVencimento":null,"mesAnoVencimento":"012016","dataVencimentoRegistro":"2016-01-01T00:00:00.000-0300","principioAtivo":null,"situacaoApresentacao":"Caduco/Cancelado","dataRegistro":"1996-03-08T00:00:00.000-0300","categoriaRegulatoria":{"codigo":8,"descricao":"Similar"},"medicamentoReferencia":null,"categoriaProduto":null,"tipoAutorizacao":"REGISTRADO","numeroRegistroFormatado":"101160123","mesAnoVencimentoFormatado":"01/2016","acancelar":false},"empresa":{"cnpj":"33258450000138","razaoSocial":"KNOLL PRODS QUIMS FARMACEUTICOS LTDA.","numeroAutorizacao":null,"cnpjFormatado":"33.258.450/0001-38"},"processo":{"numero":"250000057539595","situacao":29,"numeroProcessoFormatado":"25000.005753/95-95"}},{"ordem":12,"produto":{"codigo":375481,"nome":"BASF CEFADROXIL","numeroRegistro":"101160081","tipo":{"codigo":1,"descricao":null},"categoria":null,"situacaoRotulo":null,"dataVencimento":null,"mesAnoVencimento":"012016","dataVencimentoRegistro":"2016-01-01T00:00:00.000-0300","principioAtivo":null,"situacaoApresentacao":"Caduco/Cancelado","dataRegistro":"1996-01-31T00:00:00.000-0300","categoriaRegulatoria":{"codigo":8,"descricao":"Similar"},"medicamentoReferencia":"CEFAMOX","categoriaProduto":null,"tipoAutorizacao":"REGISTRADO","numeroRegistroFormatado":"101160081","mesAnoVencimentoFormatado":"01/2016","acancelar":false},"empresa":{"cnpj":"33258450000138","razaoSocial":"KNOLL PRODS QUIMS FARMACEUTICOS LTDA.","numeroAutorizacao":null,"cnpjFormatado":"33.258.450/0001-38"},"processo":{"numero":"250000080539407","situacao":29,"numeroProcessoFormatado":"25000.008053/94-07"}},{"ordem":13,"produto":{"codigo":1044,"nome":"BENZILPENICILINA BENZATINA","numeroRegistro":"101160152","tipo":{"codigo":1,"descricao":null},"categoria":null,"situacaoRotulo":null,"dataVencimento":null,"mesAnoVencimento":"102002","dataVencimentoRegistro":"2002-10-01T00:00:00.000-0300","principioAtivo":null,"situacaoApresentacao":"Caduco/Cancelado","dataRegistro":"1997-10-06T00:00:00.000-0300","categoriaRegulatoria":{"codigo":8,"descricao":"Similar"},"medicamentoReferencia":null,"categoriaProduto":null,"tipoAutorizacao":"REGISTRADO","numeroRegistroFormatado":"101160152","mesAnoVencimentoFormatado":"10/2002","acancelar":false},"empresa":{"cnpj":"33258450000138","razaoSocial":"KNOLL PRODS QUIMS FARMACEUTICOS LTDA.","numeroAutorizacao":null,"cnpjFormatado":"33.258.450/0001-38"},"processo":{"numero":"250000392499605","situacao":29,"numeroProcessoFormatado":"25000.039249/96-05"}},{"ordem":14,"produto":{"codigo":1329,"nome":"CAFEINA + DIPIRONA + ISOMETEPTENO","numeroRegistro":"101160019","tipo":{"codigo":1,"descricao":null},"categoria":null,"situacaoRotulo":null,"dataVencimento":null,"mesAnoVencimento":"032002","dataVencimentoRegistro":"2002-03-01T00:00:00.000-0300","principioAtivo":null,"situacaoApresentacao":"Caduco/Cancelado","dataRegistro":"2001-03-19T00:00:00.000-0300","categoriaRegulatoria":{"codigo":8,"descricao":"Similar"},"medicamentoReferencia":null,"categoriaProduto":null,"tipoAutorizacao":"REGISTRADO","numeroRegistroFormatado":"101160019","mesAnoVencimentoFormatado":"03/2002","acancelar":false},"empresa":{"cnpj":"33258450000138","razaoSocial":"KNOLL PRODS QUIMS FARMACEUTICOS LTDA.","numeroAutorizacao":null,"cnpjFormatado":"33.258.450/0001-38"},"processo":{"numero":"2599200764751","situacao":29,"numeroProcessoFormatado":"25992.007647/51"}},{"ordem":15,"produto":{"codigo":1437,"nome":"CARBAMAZEPINA","numeroRegistro":"101160182","tipo":{"codigo":1,"descricao":null},"categoria":null,"situacaoRotulo":null,"dataVencimento":null,"mesAnoVencimento":"082011","dataVencimentoRegistro":"2011-08-01T00:00:00.000-0300","principioAtivo":null,"situacaoApresentacao":"Caduco/Cancelado","dataRegistro":"2001-08-22T00:00:00.000-0300","categoriaRegulatoria":{"codigo":5,"descricao":"Genérico"},"medicamentoReferencia":null,"categoriaProduto":null,"tipoAutorizacao":"REGISTRADO","numeroRegistroFormatado":"101160182","mesAnoVencimentoFormatado":"08/2011","acancelar":false},"empresa":{"cnpj":"33258450000138","razaoSocial":"KNOLL PRODS QUIMS FARMACEUTICOS LTDA.","numeroAutorizacao":null,"cnpjFormatado":"33.258.450/0001-38"},"processo":{"numero":"253510272840032","situacao":29,"numeroProcessoFormatado":"25351.027284/00-32"}},{"ordem":16,"produto":{"codigo":1534,"nome":"CEFACLOR","numeroRegistro":"101160143","tipo":{"codigo":1,"descricao":null},"categoria":null,"situacaoRotulo":null,"dataVencimento":null,"mesAnoVencimento":"072001","dataVencimentoRegistro":"2001-07-01T00:00:00.000-0300","principioAtivo":null,"situacaoApresentacao":"Caduco/Cancelado","dataRegistro":"1996-07-25T00:00:00.000-0300","categoriaRegulatoria":{"codigo":8,"descricao":"Similar"},"medicamentoReferencia":null,"categoriaProduto":null,"tipoAutorizacao":"REGISTRADO","numeroRegistroFormatado":"101160143","mesAnoVencimentoFormatado":"07/2001","acancelar":false},"empresa":{"cnpj":"33258450000138","razaoSocial":"KNOLL PRODS QUIMS FARMACEUTICOS LTDA.","numeroAutorizacao":null,"cnpjFormatado":"33.258.450/0001-38"},"processo":{"numero":"250000134699628","situacao":29,"numeroProcessoFormatado":"25000.013469/96-28"}},{"ordem":17,"produto":{"codigo":1754,"nome":"CETOCONAZOL","numeroRegistro":"101160085","tipo":{"codigo":1,"descricao":null},"categoria":null,"situacaoRotulo":null,"dataVencimento":null,"mesAnoVencimento":"062005","dataVencimentoRegistro":"2005-06-01T00:00:00.000-0300","principioAtivo":null,"situacaoApresentacao":"Caduco/Cancelado","dataRegistro":"1995-07-03T00:00:00.000-0300","categoriaRegulatoria":{"codigo":8,"descricao":"Similar"},"medicamentoReferencia":null,"categoriaProduto":null,"tipoAutorizacao":"REGISTRADO","numeroRegistroFormatado":"101160085","mesAnoVencimentoFormatado":"06/2005","acancelar":false},"empresa":{"cnpj":"33258450000138","razaoSocial":"KNOLL PRODS QUIMS FARMACEUTICOS LTDA.","numeroAutorizacao":null,"cnpjFormatado":"33.258.450/0001-38"},"processo":{"numero":"2500000805694","situacao":29,"numeroProcessoFormatado":"25000.008056/94"}},{"ordem":18,"produto":{"codigo":375422,"nome":"CETOPROFENO","numeroRegistro":"101160112","tipo":{"codigo":1,"descricao":null},"categoria":null,"situacaoRotulo":null,"dataVencimento":null,"mesAnoVencimento":"012016","dataVencimentoRegistro":"2016-01-01T00:00:00.000-0300","principioAtivo":null,"situacaoApresentacao":"Caduco/Cancelado","dataRegistro":"1996-03-28T00:00:00.000-0300","categoriaRegulatoria":{"codigo":8,"descricao":"Similar"},"medicamentoReferencia":null,"categoriaProduto":null,"tipoAutorizacao":"REGISTRADO","numeroRegistroFormatado":"101160112","mesAnoVencimentoFormatado":"01/2016","acancelar":false},"empresa":{"cnpj":"33258450000138","razaoSocial":"KNOLL PRODS QUIMS FARMACEUTICOS LTDA.","numeroAutorizacao":null,"cnpjFormatado":"33.258.450/0001-38"},"processo":{"numero":"250000128919549","situacao":29,"numeroProcessoFormatado":"25000.012891/95-49"}},{"ordem":19,"produto":{"codigo":1827,"nome":"CETOTIFENO","numeroRegistro":"101160150","tipo":{"codigo":1,"descricao":null},"categoria":null,"situacaoRotulo":null,"dataVencimento":null,"mesAnoVencimento":"092002","dataVencimentoRegistro":"2002-09-01T00:00:00.000-0300","principioAtivo":null,"situacaoApresentacao":"Caduco/Cancelado","dataRegistro":"1997-09-04T00:00:00.000-0300","categoriaRegulatoria":{"codigo":8,"descricao":"Similar"},"medicamentoReferencia":null,"categoriaProduto":null,"tipoAutorizacao":"REGISTRADO","numeroRegistroFormatado":"101160150","mesAnoVencimentoFormatado":"09/2002","acancelar":false},"empresa":{"cnpj":"33258450000138","razaoSocial":"KNOLL PRODS QUIMS FARMACEUTICOS LTDA.","numeroAutorizacao":null,"cnpjFormatado":"33.258.450/0001-38"},"processo":{"numero":"250000288569678","situacao":29,"numeroProcessoFormatado":"25000.028856/96-78"}},{"ordem":20,"produto":{"codigo":376180,"nome":"CIMETIDINA","numeroRegistro":"101160083","tipo":{"codigo":1,"descricao":null},"categoria":null,"situacaoRotulo":null,"dataVencimento":null,"mesAnoVencimento":"012016","dataVencimentoRegistro":"2016-01-01T00:00:00.000-0300","principioAtivo":null,"situacaoApresentacao":"Caduco/Cancelado","dataRegistro":"1994-10-24T00:00:00.000-0300","categoriaRegulatoria":{"codigo":8,"descricao":"Similar"},"medicamentoReferencia":null,"categoriaProduto":null,"tipoAutorizacao":"REGISTRADO","numeroRegistroFormatado":"101160083","mesAnoVencimentoFormatado":"01/2016","acancelar":false},"empresa":{"cnpj":"33258450000138","razaoSocial":"KNOLL PRODS QUIMS FARMACEUTICOS LTDA.","numeroAutorizacao":null,"cnpjFormatado":"33.258.450/0001-38"},"processo":{"numero":"250000080599485","situacao":29,"numeroProcessoFormatado":"25000.008059/94-85"}},{"ordem":21,"produto":{"codigo":375542,"nome":"CINARIZINA","numeroRegistro":"101160126","tipo":{"codigo":1,"descricao":null},"categoria":null,"situacaoRotulo":null,"dataVencimento":"2016-01-28T00:00:00.000-0300","mesAnoVencimento":"012016","dataVencimentoRegistro":"2016-01-01T00:00:00.000-0300","principioAtivo":null,"situacaoApresentacao":"Caduco/Cancelado","dataRegistro":"1996-01-31T00:00:00.000-0300","categoriaRegulatoria":{"codigo":8,"descricao":"Similar"},"medicamentoReferencia":null,"categoriaProduto":null,"tipoAutorizacao":"REGISTRADO","numeroRegistroFormatado":"101160126","mesAnoVencimentoFormatado":"01/2016","acancelar":false},"empresa":{"cnpj":"33258450000138","razaoSocial":"KNOLL PRODS QUIMS FARMACEUTICOS LTDA.","numeroAutorizacao":null,"cnpjFormatado":"33.258.450/0001-38"},"processo":{"numero":"250000057459567","situacao":29,"numeroProcessoFormatado":"25000.005745/95-67"}},{"ordem":22,"produto":{"codigo":2134,"nome":"CLORANFENICOL + COLAGENASE","numeroRegistro":"101160149","tipo":{"codigo":1,"descricao":null},"categoria":null,"situacaoRotulo":null,"dataVencimento":null,"mesAnoVencimento":"082002","dataVencimentoRegistro":"2002-08-01T00:00:00.000-0300","principioAtivo":null,"situacaoApresentacao":"Caduco/Cancelado","dataRegistro":"1997-08-22T00:00:00.000-0300","categoriaRegulatoria":{"codigo":8,"descricao":"Similar"},"medicamentoReferencia":null,"categoriaProduto":null,"tipoAutorizacao":"REGISTRADO","numeroRegistroFormatado":"101160149","mesAnoVencimentoFormatado":"08/2002","acancelar":false},"empresa":{"cnpj":"33258450000138","razaoSocial":"KNOLL PRODS QUIMS FARMACEUTICOS LTDA.","numeroAutorizacao":null,"cnpjFormatado":"33.258.450/0001-38"},"processo":{"numero":"2500000806194","situacao":29,"numeroProcessoFormatado":"25000.008061/94"}},{"ordem":23,"produto":{"codigo":125362,"nome":"CLORIDRATO DE PROPRANOLOL","numeroRegistro":"101160105","tipo":{"codigo":1,"descricao":null},"categoria":null,"situacaoRotulo":null,"dataVencimento":null,"mesAnoVencimento":"112005","dataVencimentoRegistro":"2005-11-01T00:00:00.000-0300","principioAtivo":null,"situacaoApresentacao":"Caduco/Cancelado","dataRegistro":"1995-11-21T00:00:00.000-0300","categoriaRegulatoria":{"codigo":8,"descricao":"Similar"},"medicamentoReferencia":null,"categoriaProduto":null,"tipoAutorizacao":"REGISTRADO","numeroRegistroFormatado":"101160105","mesAnoVencimentoFormatado":"11/2005","acancelar":false},"empresa":{"cnpj":"33258450000138","razaoSocial":"KNOLL PRODS QUIMS FARMACEUTICOS LTDA.","numeroAutorizacao":null,"cnpjFormatado":"33.258.450/0001-38"},"processo":{"numero":"250000129609560","situacao":29,"numeroProcessoFormatado":"25000.012960/95-60"}},{"ordem":24,"produto":{"codigo":375771,"nome":"CLORTALIDONA","numeroRegistro":"101160115","tipo":{"codigo":1,"descricao":null},"categoria":null,"situacaoRotulo":null,"dataVencimento":null,"mesAnoVencimento":"122000","dataVencimentoRegistro":"2000-12-01T00:00:00.000-0300","principioAtivo":null,"situacaoApresentacao":"Caduco/Cancelado","dataRegistro":"1995-12-13T00:00:00.000-0300","categoriaRegulatoria":{"codigo":8,"descricao":"Similar"},"medicamentoReferencia":null,"categoriaProduto":null,"tipoAutorizacao":"REGISTRADO","numeroRegistroFormatado":"101160115","mesAnoVencimentoFormatado":"12/2000","acancelar":false},"empresa":{"cnpj":"33258450000138","razaoSocial":"KNOLL PRODS QUIMS FARMACEUTICOS LTDA.","numeroAutorizacao":null,"cnpjFormatado":"33.258.450/0001-38"},"processo":{"numero":"250000129629595","situacao":29,"numeroProcessoFormatado":"25000.012962/95-95"}},{"ordem":25,"produto":{"codigo":4896,"nome":"DALSY","numeroRegistro":"101160161","tipo":{"codigo":1,"descricao":null},"categoria":null,"situacaoRotulo":null,"dataVencimento":null,"mesAnoVencimento":"052008","dataVencimentoRegistro":"2008-05-01T00:00:00.000-0300","principioAtivo":null,"situacaoApresentacao":"Caduco/Cancelado","dataRegistro":"1998-05-15T00:00:00.000-0300","categoriaRegulatoria":{"codigo":8,"descricao":"Similar"},"medicamentoReferencia":null,"categoriaProduto":null,"tipoAutorizacao":"REGISTRADO","numeroRegistroFormatado":"101160161","mesAnoVencimentoFormatado":"05/2008","acancelar":false},"empresa":{"cnpj":"33258450000138","razaoSocial":"KNOLL PRODS QUIMS FARMACEUTICOS LTDA.","numeroAutorizacao":null,"cnpjFormatado":"33.258.450/0001-38"},"processo":{"numero":"250000030619873","situacao":29,"numeroProcessoFormatado":"25000.003061/98-73"}},{"ordem":26,"produto":{"codigo":125497,"nome":"DICLOFENACO SODICO","numeroRegistro":"101160188","tipo":{"codigo":1,"descricao":null},"categoria":null,"situacaoRotulo":null,"dataVencimento":null,"mesAnoVencimento":"032007","dataVencimentoRegistro":"2007-03-01T00:00:00.000-0300","principioAtivo":null,"situacaoApresentacao":"Caduco/Cancelado","dataRegistro":"2002-03-13T00:00:00.000-0300","categoriaRegulatoria":{"codigo":5,"descricao":"Genérico"},"medicamentoReferencia":null,"categoriaProduto":null,"tipoAutorizacao":"REGISTRADO","numeroRegistroFormatado":"101160188","mesAnoVencimentoFormatado":"03/2007","acancelar":false},"empresa":{"cnpj":"33258450000138","razaoSocial":"KNOLL PRODS QUIMS FARMACEUTICOS LTDA.","numeroAutorizacao":null,"cnpjFormatado":"33.258.450/0001-38"},"processo":{"numero":"253510049290168","situacao":29,"numeroProcessoFormatado":"25351.004929/01-68"}},{"ordem":27,"produto":{"codigo":3437,"nome":"DICLOFENACO SÓDICO","numeroRegistro":"101160093","tipo":{"codigo":1,"descricao":null},"categoria":null,"situacaoRotulo":null,"dataVencimento":null,"mesAnoVencimento":"082005","dataVencimentoRegistro":"2005-08-01T00:00:00.000-0300","principioAtivo":null,"situacaoApresentacao":"Caduco/Cancelado","dataRegistro":"2000-10-25T00:00:00.000-0300","categoriaRegulatoria":{"codigo":8,"descricao":"Similar"},"medicamentoReferencia":null,"categoriaProduto":null,"tipoAutorizacao":"REGISTRADO","numeroRegistroFormatado":"101160093","mesAnoVencimentoFormatado":"08/2005","acancelar":false},"empresa":{"cnpj":"33258450000138","razaoSocial":"KNOLL PRODS QUIMS FARMACEUTICOS LTDA.","numeroAutorizacao":null,"cnpjFormatado":"33.258.450/0001-38"},"processo":{"numero":"250000080629490","situacao":29,"numeroProcessoFormatado":"25000.008062/94-90"}},{"ordem":28,"produto":{"codigo":2601,"nome":"DILAUDID","numeroRegistro":"101160125","tipo":{"codigo":1,"descricao":null},"categoria":null,"situacaoRotulo":null,"dataVencimento":null,"mesAnoVencimento":"122005","dataVencimentoRegistro":"2005-12-01T00:00:00.000-0300","principioAtivo":null,"situacaoApresentacao":"Caduco/Cancelado","dataRegistro":"1995-12-26T00:00:00.000-0300","categoriaRegulatoria":{"codigo":6,"descricao":"Novo"},"medicamentoReferencia":null,"categoriaProduto":null,"tipoAutorizacao":"REGISTRADO","numeroRegistroFormatado":"101160125","mesAnoVencimentoFormatado":"12/2005","acancelar":false},"empresa":{"cnpj":"33258450000138","razaoSocial":"KNOLL PRODS QUIMS FARMACEUTICOS LTDA.","numeroAutorizacao":null,"cnpjFormatado":"33.258.450/0001-38"},"processo":{"numero":"250000132099445","situacao":29,"numeroProcessoFormatado":"25000.013209/94-45"}},{"ordem":29,"produto":{"codigo":3599,"nome":"DIPIRONA","numeroRegistro":"101160174","tipo":{"codigo":1,"descricao":null},"categoria":null,"situacaoRotulo":null,"dataVencimento":null,"mesAnoVencimento":"052005","dataVencimentoRegistro":"2005-05-01T00:00:00.000-0300","principioAtivo":null,"situacaoApresentacao":"Caduco/Cancelado","dataRegistro":"2000-05-19T00:00:00.000-0300","categoriaRegulatoria":{"codigo":5,"descricao":"Genérico"},"medicamentoReferencia":"NOVALGINA","categoriaProduto":null,"tipoAutorizacao":"REGISTRADO","numeroRegistroFormatado":"101160174","mesAnoVencimentoFormatado":"05/2005","acancelar":false},"empresa":{"cnpj":"33258450000138","razaoSocial":"KNOLL PRODS QUIMS FARMACEUTICOS LTDA.","numeroAutorizacao":null,"cnpjFormatado":"33.258.450/0001-38"},"processo":{"numero":"253510055630072","situacao":29,"numeroProcessoFormatado":"25351.005563/00-72"}},{"ordem":30,"produto":{"codigo":3763,"nome":"DOXICICLINA","numeroRegistro":"101160158","tipo":{"codigo":1,"descricao":null},"categoria":null,"situacaoRotulo":null,"dataVencimento":null,"mesAnoVencimento":"032003","dataVencimentoRegistro":"2003-03-01T00:00:00.000-0300","principioAtivo":null,"situacaoApresentacao":"Caduco/Cancelado","dataRegistro":"1998-03-13T00:00:00.000-0300","categoriaRegulatoria":{"codigo":8,"descricao":"Similar"},"medicamentoReferencia":null,"categoriaProduto":null,"tipoAutorizacao":"REGISTRADO","numeroRegistroFormatado":"101160158","mesAnoVencimentoFormatado":"03/2003","acancelar":false},"empresa":{"cnpj":"33258450000138","razaoSocial":"KNOLL PRODS QUIMS FARMACEUTICOS LTDA.","numeroAutorizacao":null,"cnpjFormatado":"33.258.450/0001-38"},"processo":{"numero":"250000039699713","situacao":29,"numeroProcessoFormatado":"25000.003969/97-13"}},{"ordem":31,"produto":{"codigo":3834,"nome":"ERITROMICINA","numeroRegistro":"101160164","tipo":{"codigo":1,"descricao":null},"categoria":null,"situacaoRotulo":null,"dataVencimento":null,"mesAnoVencimento":"122003","dataVencimentoRegistro":"2003-12-01T00:00:00.000-0300","principioAtivo":null,"situacaoApresentacao":"Caduco/Cancelado","dataRegistro":"1998-12-23T00:00:00.000-0300","categoriaRegulatoria":{"codigo":8,"descricao":"Similar"},"medicamentoReferencia":null,"categoriaProduto":null,"tipoAutorizacao":"REGISTRADO","numeroRegistroFormatado":"101160164","mesAnoVencimentoFormatado":"12/2003","acancelar":false},"empresa":{"cnpj":"33258450000138","razaoSocial":"KNOLL PRODS QUIMS FARMACEUTICOS LTDA.","numeroAutorizacao":null,"cnpjFormatado":"33.258.450/0001-38"},"processo":{"numero":"250000030609819","situacao":29,"numeroProcessoFormatado":"25000.003060/98-19"}},{"ordem":32,"produto":{"codigo":4285,"nome":"FLUOXETINA","numeroRegistro":"101160145","tipo":{"codigo":1,"descricao":null},"categoria":null,"situacaoRotulo":null,"dataVencimento":null,"mesAnoVencimento":"092001","dataVencimentoRegistro":"2001-09-01T00:00:00.000-0300","principioAtivo":null,"situacaoApresentacao":"Caduco/Cancelado","dataRegistro":"1996-09-16T00:00:00.000-0300","categoriaRegulatoria":{"codigo":8,"descricao":"Similar"},"medicamentoReferencia":null,"categoriaProduto":null,"tipoAutorizacao":"REGISTRADO","numeroRegistroFormatado":"101160145","mesAnoVencimentoFormatado":"09/2001","acancelar":false},"empresa":{"cnpj":"33258450000138","razaoSocial":"KNOLL PRODS QUIMS FARMACEUTICOS LTDA.","numeroAutorizacao":null,"cnpjFormatado":"33.258.450/0001-38"},"processo":{"numero":"250000288559613","situacao":29,"numeroProcessoFormatado":"25000.028855/96-13"}},{"ordem":33,"produto":{"codigo":352720,"nome":"GOPTEN","numeroRegistro":"101160092","tipo":{"codigo":1,"descricao":null},"categoria":null,"situacaoRotulo":null,"dataVencimento":null,"mesAnoVencimento":"062010","dataVencimentoRegistro":"2010-06-01T00:00:00.000-0300","principioAtivo":null,"situacaoApresentacao":"Caduco/Cancelado","dataRegistro":"1995-06-12T00:00:00.000-0300","categoriaRegulatoria":{"codigo":8,"descricao":"Similar"},"medicamentoReferencia":null,"categoriaProduto":null,"tipoAutorizacao":"REGISTRADO","numeroRegistroFormatado":"101160092","mesAnoVencimentoFormatado":"06/2010","acancelar":false},"empresa":{"cnpj":"33258450000138","razaoSocial":"KNOLL PRODS QUIMS FARMACEUTICOS LTDA.","numeroAutorizacao":null,"cnpjFormatado":"33.258.450/0001-38"},"processo":{"numero":"250000151959241","situacao":29,"numeroProcessoFormatado":"25000.015195/92-41"}},{"ordem":34,"produto":{"codigo":4891,"nome":"HYPERICUM PERFORATUM LI 160","numeroRegistro":"101160166","tipo":{"codigo":1,"descricao":null},"categoria":null,"situacaoRotulo":null,"dataVencimento":null,"mesAnoVencimento":"112004","dataVencimentoRegistro":"2004-11-01T00:00:00.000-0300","principioAtivo":null,"situacaoApresentacao":"Caduco/Cancelado","dataRegistro":"1999-11-22T00:00:00.000-0200","categoriaRegulatoria":{"codigo":8,"descricao":"Similar"},"medicamentoReferencia":null,"categoriaProduto":null,"tipoAutorizacao":"REGISTRADO","numeroRegistroFormatado":"101160166","mesAnoVencimentoFormatado":"11/2004","acancelar":false},"empresa":{"cnpj":"33258450000138","razaoSocial":"KNOLL PRODS QUIMS FARMACEUTICOS LTDA.","numeroAutorizacao":null,"cnpjFormatado":"33.258.450/0001-38"},"processo":{"numero":"250000307229814","situacao":29,"numeroProcessoFormatado":"25000.030722/98-14"}},{"ordem":35,"produto":{"codigo":3082,"nome":"IRUXOL MONO","numeroRegistro":"101160157","tipo":{"codigo":1,"descricao":null},"categoria":null,"situacaoRotulo":null,"dataVencimento":null,"mesAnoVencimento":"032003","dataVencimentoRegistro":"2003-03-01T00:00:00.000-0300","principioAtivo":null,"situacaoApresentacao":"Caduco/Cancelado","dataRegistro":"1998-03-03T00:00:00.000-0300","categoriaRegulatoria":{"codigo":8,"descricao":"Similar"},"medicamentoReferencia":null,"categoriaProduto":null,"tipoAutorizacao":"REGISTRADO","numeroRegistroFormatado":"101160157","mesAnoVencimentoFormatado":"03/2003","acancelar":false},"empresa":{"cnpj":"33258450000138","razaoSocial":"KNOLL PRODS QUIMS FARMACEUTICOS LTDA.","numeroAutorizacao":null,"cnpjFormatado":"33.258.450/0001-38"},"processo":{"numero":"250000160809346","situacao":29,"numeroProcessoFormatado":"25000.016080/93-46"}},{"ordem":36,"produto":{"codigo":5368,"nome":"LINCOMICINA","numeroRegistro":"101160155","tipo":{"codigo":1,"descricao":null},"categoria":null,"situacaoRotulo":null,"dataVencimento":null,"mesAnoVencimento":"112002","dataVencimentoRegistro":"2002-11-01T00:00:00.000-0300","principioAtivo":null,"situacaoApresentacao":"Caduco/Cancelado","dataRegistro":"1997-11-20T00:00:00.000-0300","categoriaRegulatoria":{"codigo":8,"descricao":"Similar"},"medicamentoReferencia":null,"categoriaProduto":null,"tipoAutorizacao":"REGISTRADO","numeroRegistroFormatado":"101160155","mesAnoVencimentoFormatado":"11/2002","acancelar":false},"empresa":{"cnpj":"33258450000138","razaoSocial":"KNOLL PRODS QUIMS FARMACEUTICOS LTDA.","numeroAutorizacao":null,"cnpjFormatado":"33.258.450/0001-38"},"processo":{"numero":"250000392769670","situacao":29,"numeroProcessoFormatado":"25000.039276/96-70"}},{"ordem":37,"produto":{"codigo":5390,"nome":"LISINOPRIL","numeroRegistro":"101160162","tipo":{"codigo":1,"descricao":null},"categoria":null,"situacaoRotulo":null,"dataVencimento":null,"mesAnoVencimento":"082003","dataVencimentoRegistro":"2003-08-01T00:00:00.000-0300","principioAtivo":null,"situacaoApresentacao":"Caduco/Cancelado","dataRegistro":"1998-08-24T00:00:00.000-0300","categoriaRegulatoria":{"codigo":8,"descricao":"Similar"},"medicamentoReferencia":null,"categoriaProduto":null,"tipoAutorizacao":"REGISTRADO","numeroRegistroFormatado":"101160162","mesAnoVencimentoFormatado":"08/2003","acancelar":false},"empresa":{"cnpj":"33258450000138","razaoSocial":"KNOLL PRODS QUIMS FARMACEUTICOS LTDA.","numeroAutorizacao":null,"cnpjFormatado":"33.258.450/0001-38"},"processo":{"numero":"250000103059856","situacao":29,"numeroProcessoFormatado":"25000.010305/98-56"}},{"ordem":38,"produto":{"codigo":5466,"nome":"LOVASTATINA","numeroRegistro":"101160163","tipo":{"codigo":1,"descricao":null},"categoria":null,"situacaoRotulo":null,"dataVencimento":null,"mesAnoVencimento":"082003","dataVencimentoRegistro":"2003-08-01T00:00:00.000-0300","principioAtivo":null,"situacaoApresentacao":"Caduco/Cancelado","dataRegistro":"1998-08-24T00:00:00.000-0300","categoriaRegulatoria":{"codigo":8,"descricao":"Similar"},"medicamentoReferencia":null,"categoriaProduto":null,"tipoAutorizacao":"REGISTRADO","numeroRegistroFormatado":"101160163","mesAnoVencimentoFormatado":"08/2003","acancelar":false},"empresa":{"cnpj":"33258450000138","razaoSocial":"KNOLL PRODS QUIMS FARMACEUTICOS LTDA.","numeroAutorizacao":null,"cnpjFormatado":"33.258.450/0001-38"},"processo":{"numero":"250000103049893","situacao":29,"numeroProcessoFormatado":"25000.010304/98-93"}},{"ordem":39,"produto":{"codigo":125374,"nome":"NIAR","numeroRegistro":"101160078","tipo":{"codigo":1,"descricao":null},"categoria":null,"situacaoRotulo":null,"dataVencimento":null,"mesAnoVencimento":"092007","dataVencimentoRegistro":"2007-09-01T00:00:00.000-0300","principioAtivo":null,"situacaoApresentacao":"Caduco/Cancelado","dataRegistro":"1994-01-03T00:00:00.000-0300","categoriaRegulatoria":{"codigo":8,"descricao":"Similar"},"medicamentoReferencia":null,"categoriaProduto":null,"tipoAutorizacao":"REGISTRADO","numeroRegistroFormatado":"101160078","mesAnoVencimentoFormatado":"09/2007","acancelar":false},"empresa":{"cnpj":"33258450000138","razaoSocial":"KNOLL PRODS QUIMS FARMACEUTICOS LTDA.","numeroAutorizacao":null,"cnpjFormatado":"33.258.450/0001-38"},"processo":{"numero":"250000111939274","situacao":29,"numeroProcessoFormatado":"25000.011193/92-74"}},{"ordem":40,"produto":{"codigo":6473,"nome":"ORFENADRINA + DIPIRONA + CAFEINA","numeroRegistro":"101160154","tipo":{"codigo":1,"descricao":null},"categoria":null,"situacaoRotulo":null,"dataVencimento":null,"mesAnoVencimento":"112002","dataVencimentoRegistro":"2002-11-01T00:00:00.000-0300","principioAtivo":null,"situacaoApresentacao":"Caduco/Cancelado","dataRegistro":"1997-11-20T00:00:00.000-0300","categoriaRegulatoria":{"codigo":8,"descricao":"Similar"},"medicamentoReferencia":null,"categoriaProduto":null,"tipoAutorizacao":"REGISTRADO","numeroRegistroFormatado":"101160154","mesAnoVencimentoFormatado":"11/2002","acancelar":false},"empresa":{"cnpj":"33258450000138","razaoSocial":"KNOLL PRODS QUIMS FARMACEUTICOS LTDA.","numeroAutorizacao":null,"cnpjFormatado":"33.258.450/0001-38"},"processo":{"numero":"250000392749644","situacao":29,"numeroProcessoFormatado":"25000.039274/96-44"}},{"ordem":41,"produto":{"codigo":6772,"nome":"PENTOXIFILINA","numeroRegistro":"101160151","tipo":{"codigo":1,"descricao":null},"categoria":null,"situacaoRotulo":null,"dataVencimento":null,"mesAnoVencimento":"092002","dataVencimentoRegistro":"2002-09-01T00:00:00.000-0300","principioAtivo":null,"situacaoApresentacao":"Caduco/Cancelado","dataRegistro":"1997-09-04T00:00:00.000-0300","categoriaRegulatoria":{"codigo":8,"descricao":"Similar"},"medicamentoReferencia":null,"categoriaProduto":null,"tipoAutorizacao":"REGISTRADO","numeroRegistroFormatado":"101160151","mesAnoVencimentoFormatado":"09/2002","acancelar":false},"empresa":{"cnpj":"33258450000138","razaoSocial":"KNOLL PRODS QUIMS FARMACEUTICOS LTDA.","numeroAutorizacao":null,"cnpjFormatado":"33.258.450/0001-38"},"processo":{"numero":"250000392799668","situacao":29,"numeroProcessoFormatado":"25000.039279/96-68"}},{"ordem":42,"produto":{"codigo":6913,"nome":"PIROXICAM","numeroRegistro":"101160141","tipo":{"codigo":1,"descricao":null},"categoria":null,"situacaoRotulo":null,"dataVencimento":null,"mesAnoVencimento":"062001","dataVencimentoRegistro":"2001-06-01T00:00:00.000-0300","principioAtivo":null,"situacaoApresentacao":"Caduco/Cancelado","dataRegistro":"1996-06-07T00:00:00.000-0300","categoriaRegulatoria":{"codigo":8,"descricao":"Similar"},"medicamentoReferencia":null,"categoriaProduto":null,"tipoAutorizacao":"REGISTRADO","numeroRegistroFormatado":"101160141","mesAnoVencimentoFormatado":"06/2001","acancelar":false},"empresa":{"cnpj":"33258450000138","razaoSocial":"KNOLL PRODS QUIMS FARMACEUTICOS LTDA.","numeroAutorizacao":null,"cnpjFormatado":"33.258.450/0001-38"},"processo":{"numero":"250000058369511","situacao":29,"numeroProcessoFormatado":"25000.005836/95-11"}},{"ordem":43,"produto":{"codigo":348562,"nome":"RITMONORM","numeroRegistro":"101160028","tipo":{"codigo":1,"descricao":null},"categoria":null,"situacaoRotulo":null,"dataVencimento":null,"mesAnoVencimento":"032009","dataVencimentoRegistro":"2009-03-01T00:00:00.000-0300","principioAtivo":null,"situacaoApresentacao":"Caduco/Cancelado","dataRegistro":"1996-09-03T00:00:00.000-0300","categoriaRegulatoria":{"codigo":6,"descricao":"Novo"},"medicamentoReferencia":null,"categoriaProduto":null,"tipoAutorizacao":"REGISTRADO","numeroRegistroFormatado":"101160028","mesAnoVencimentoFormatado":"03/2009","acancelar":false},"empresa":{"cnpj":"33258450000138","razaoSocial":"KNOLL PRODS QUIMS FARMACEUTICOS LTDA.","numeroAutorizacao":null,"cnpjFormatado":"33.258.450/0001-38"},"processo":{"numero":"2599203555676","situacao":29,"numeroProcessoFormatado":"25992.035556/76"}},{"ordem":44,"produto":{"codigo":337006,"nome":"TANAKAN","numeroRegistro":"101160064","tipo":{"codigo":1,"descricao":null},"categoria":null,"situacaoRotulo":null,"dataVencimento":null,"mesAnoVencimento":"022008","dataVencimentoRegistro":"2008-02-01T00:00:00.000-0300","principioAtivo":null,"situacaoApresentacao":"Caduco/Cancelado","dataRegistro":"1985-03-14T00:00:00.000-0300","categoriaRegulatoria":{"codigo":4,"descricao":"Fitoterápico"},"medicamentoReferencia":null,"categoriaProduto":null,"tipoAutorizacao":"REGISTRADO","numeroRegistroFormatado":"101160064","mesAnoVencimentoFormatado":"02/2008","acancelar":false},"empresa":{"cnpj":"33258450000138","razaoSocial":"KNOLL PRODS QUIMS FARMACEUTICOS LTDA.","numeroAutorizacao":null,"cnpjFormatado":"33.258.450/0001-38"},"processo":{"numero":"2500100019285","situacao":29,"numeroProcessoFormatado":"25001.000192/85"}},{"ordem":45,"produto":{"codigo":4214,"nome":"TARGUS LAT","numeroRegistro":"101160160","tipo":{"codigo":1,"descricao":null},"categoria":null,"situacaoRotulo":null,"dataVencimento":null,"mesAnoVencimento":"052008","dataVencimentoRegistro":"2008-05-01T00:00:00.000-0300","principioAtivo":null,"situacaoApresentacao":"Caduco/Cancelado","dataRegistro":"1998-05-19T00:00:00.000-0300","categoriaRegulatoria":{"codigo":8,"descricao":"Similar"},"medicamentoReferencia":null,"categoriaProduto":null,"tipoAutorizacao":"REGISTRADO","numeroRegistroFormatado":"101160160","mesAnoVencimentoFormatado":"05/2008","acancelar":false},"empresa":{"cnpj":"33258450000138","razaoSocial":"KNOLL PRODS QUIMS FARMACEUTICOS LTDA.","numeroAutorizacao":null,"cnpjFormatado":"33.258.450/0001-38"},"processo":{"numero":"250000392659653","situacao":29,"numeroProcessoFormatado":"25000.039265/96-53"}},{"ordem":46,"produto":{"codigo":345726,"nome":"TEOLONG","numeroRegistro":"101160065","tipo":{"codigo":1,"descricao":null},"categoria":null,"situacaoRotulo":null,"dataVencimento":null,"mesAnoVencimento":"102005","dataVencimentoRegistro":"2005-10-01T00:00:00.000-0300","principioAtivo":null,"situacaoApresentacao":"Caduco/Cancelado","dataRegistro":"1990-08-13T00:00:00.000-0300","categoriaRegulatoria":{"codigo":8,"descricao":"Similar"},"medicamentoReferencia":null,"categoriaProduto":null,"tipoAutorizacao":"REGISTRADO","numeroRegistroFormatado":"101160065","mesAnoVencimentoFormatado":"10/2005","acancelar":false},"empresa":{"cnpj":"33258450000138","razaoSocial":"KNOLL PRODS QUIMS FARMACEUTICOS LTDA.","numeroAutorizacao":null,"cnpjFormatado":"33.258.450/0001-38"},"processo":{"numero":"2500102377484","situacao":29,"numeroProcessoFormatado":"25001.023774/84"}},{"ordem":47,"produto":{"codigo":7990,"nome":"TIBOLONA","numeroRegistro":"101160153","tipo":{"codigo":1,"descricao":null},"categoria":null,"situacaoRotulo":null,"dataVencimento":null,"mesAnoVencimento":"102002","dataVencimentoRegistro":"2002-10-01T00:00:00.000-0300","principioAtivo":null,"situacaoApresentacao":"Caduco/Cancelado","dataRegistro":"1997-10-22T00:00:00.000-0300","categoriaRegulatoria":{"codigo":8,"descricao":"Similar"},"medicamentoReferencia":null,"categoriaProduto":null,"tipoAutorizacao":"REGISTRADO","numeroRegistroFormatado":"101160153","mesAnoVencimentoFormatado":"10/2002","acancelar":false},"empresa":{"cnpj":"33258450000138","razaoSocial":"KNOLL PRODS QUIMS FARMACEUTICOS LTDA.","numeroAutorizacao":null,"cnpjFormatado":"33.258.450/0001-38"},"processo":{"numero":"250000392589698","situacao":29,"numeroProcessoFormatado":"25000.039258/96-98"}},{"ordem":48,"produto":{"codigo":8088,"nome":"TRANDOLAPRIL + VERAPAMIL CLORIDRATO","numeroRegistro":"105530269","tipo":{"codigo":1,"descricao":null},"categoria":null,"situacaoRotulo":null,"dataVencimento":null,"mesAnoVencimento":"022003","dataVencimentoRegistro":"2003-02-01T00:00:00.000-0300","principioAtivo":null,"situacaoApresentacao":"Caduco/Cancelado","dataRegistro":"1998-02-05T00:00:00.000-0300","categoriaRegulatoria":{"codigo":6,"descricao":"Novo"},"medicamentoReferencia":null,"categoriaProduto":null,"tipoAutorizacao":"REGISTRADO","numeroRegistroFormatado":"105530269","mesAnoVencimentoFormatado":"02/2003","acancelar":false},"empresa":{"cnpj":"33258450000138","razaoSocial":"KNOLL PRODS QUIMS FARMACEUTICOS LTDA.","numeroAutorizacao":null,"cnpjFormatado":"33.258.450/0001-38"},"processo":{"numero":"250000020259441","situacao":29,"numeroProcessoFormatado":"25000.002025/94-41"}},{"ordem":49,"produto":{"codigo":372406,"nome":"VENOCUR TRIPLEX","numeroRegistro":"101160040","tipo":{"codigo":1,"descricao":null},"categoria":null,"situacaoRotulo":null,"dataVencimento":null,"mesAnoVencimento":"092012","dataVencimentoRegistro":"2012-09-01T00:00:00.000-0300","principioAtivo":null,"situacaoApresentacao":"Caduco/Cancelado","dataRegistro":"2002-08-08T00:00:00.000-0300","categoriaRegulatoria":{"codigo":6,"descricao":"Novo"},"medicamentoReferencia":null,"categoriaProduto":null,"tipoAutorizacao":"REGISTRADO","numeroRegistroFormatado":"101160040","mesAnoVencimentoFormatado":"09/2012","acancelar":false},"empresa":{"cnpj":"33258450000138","razaoSocial":"KNOLL PRODS QUIMS FARMACEUTICOS LTDA.","numeroAutorizacao":null,"cnpjFormatado":"33.258.450/0001-38"},"processo":{"numero":"2599200534463","situacao":29,"numeroProcessoFormatado":"25992.005344/63"}},{"ordem":50,"produto":{"codigo":8419,"nome":"ZOTEPINA (PORT 344/98 LISTA C1)","numeroRegistro":"105530264","tipo":{"codigo":1,"descricao":null},"categoria":null,"situacaoRotulo":null,"dataVencimento":null,"mesAnoVencimento":"052004","dataVencimentoRegistro":"2004-05-01T00:00:00.000-0300","principioAtivo":null,"situacaoApresentacao":"Caduco/Cancelado","dataRegistro":"1999-06-04T00:00:00.000-0300","categoriaRegulatoria":{"codigo":6,"descricao":"Novo"},"medicamentoReferencia":null,"categoriaProduto":null,"tipoAutorizacao":"REGISTRADO","numeroRegistroFormatado":"105530264","mesAnoVencimentoFormatado":"05/2004","acancelar":false},"empresa":{"cnpj":"33258450000138","razaoSocial":"KNOLL PRODS QUIMS FARMACEUTICOS LTDA.","numeroAutorizacao":null,"cnpjFormatado":"33.258.450/0001-38"},"processo":{"numero":"2500003873898","situacao":29,"numeroProcessoFormatado":"25000.038738/98"}}],"totalElements":50,"totalPages":1,"last":true,"numberOfElements":50,"first":true,"sort":null,"size":1000,"number":0}