{"content":[{"ordem":1,"produto":{"codigo":357,"nome":"ACIDO ACETILSALICILICO","numeroRegistro":"105760091","tipo":{"codigo":1,"descricao":null},"categoria":null,"situacaoRotulo":null,"dataVencimento":null,"mesAnoVencimento":"052004","dataVencimentoRegistro":"2004-05-01T00:00:00.000-0300","principioAtivo":null,"situacaoApresentacao":"Caduco/Cancelado","dataRegistro":"1999-05-10T00:00:00.000-0300","categoriaRegulatoria":{"codigo":8,"descricao":"Similar"},"medicamentoReferencia":null,"categoriaProduto":null,"tipoAutorizacao":"REGISTRADO","mesAnoVencimentoFormatado":"05/2004","numeroRegistroFormatado":"105760091","acancelar":false},"empresa":{"cnpj":"33379884000196","razaoSocial":"LABORATORIO SIMOES LTDA.","numeroAutorizacao":"1005761","cnpjFormatado":"33.379.884/0001-96"},"processo":{"numero":"250000070729912","situacao":29,"numeroProcessoFormatado":"25000.007072/99-12"}},{"ordem":2,"produto":{"codigo":403596,"nome":"ALCACHOFRA COMPOSTA","numeroRegistro":"105760010","tipo":{"codigo":1,"descricao":null},"categoria":null,"situacaoRotulo":null,"dataVencimento":null,"mesAnoVencimento":"112008","dataVencimentoRegistro":"2008-11-01T00:00:00.000-0300","principioAtivo":null,"situacaoApresentacao":"Caduco/Cancelado","dataRegistro":"1979-07-09T00:00:00.000-0300","categoriaRegulatoria":{"codigo":4,"descricao":"Fitoterápico"},"medicamentoReferencia":null,"categoriaProduto":null,"tipoAutorizacao":"REGISTRADO","mesAnoVencimentoFormatado":"11/2008","numeroRegistroFormatado":"105760010","acancelar":false},"empresa":{"cnpj":"33379884000196","razaoSocial":"LABORATORIO SIMOES LTDA.","numeroAutorizacao":"1005761","cnpjFormatado":"33.379.884/0001-96"},"processo":{"numero":"2599101577678","situacao":29,"numeroProcessoFormatado":"25991.015776/78"}},{"ordem":3,"produto":{"codigo":764096,"nome":"ALCACHOFRA SIMÕES","numeroRegistro":"105760124","tipo":{"codigo":1,"descricao":null},"categoria":null,"situacaoRotulo":null,"dataVencimento":null,"mesAnoVencimento":"062016","dataVencimentoRegistro":"2016-06-01T00:00:00.000-0300","principioAtivo":null,"situacaoApresentacao":"Caduco/Cancelado","dataRegistro":"2011-06-27T00:00:00.000-0300","categoriaRegulatoria":{"codigo":4,"descricao":"Fitoterápico"},"medicamentoReferencia":null,"categoriaProduto":null,"tipoAutorizacao":"REGISTRADO","mesAnoVencimentoFormatado":"06/2016","numeroRegistroFormatado":"105760124","acancelar":false},"empresa":{"cnpj":"33379884000196","razaoSocial":"LABORATORIO SIMOES LTDA.","numeroAutorizacao":"1005761","cnpjFormatado":"33.379.884/0001-96"},"processo":{"numero":"25351091742201016","situacao":29,"numeroProcessoFormatado":"25351.091742/2010-16"}},{"ordem":4,"produto":{"codigo":172954,"nome":"ALCOLSTOP","numeroRegistro":"105760002","tipo":{"codigo":1,"descricao":null},"categoria":null,"situacaoRotulo":null,"dataVencimento":null,"mesAnoVencimento":"102009","dataVencimentoRegistro":"2009-10-01T00:00:00.000-0300","principioAtivo":null,"situacaoApresentacao":"Caduco/Cancelado","dataRegistro":"2003-01-27T00:00:00.000-0300","categoriaRegulatoria":{"codigo":2,"descricao":"Dinamizado"},"medicamentoReferencia":null,"categoriaProduto":null,"tipoAutorizacao":"REGISTRADO","mesAnoVencimentoFormatado":"10/2009","numeroRegistroFormatado":"105760002","acancelar":false},"empresa":{"cnpj":"33379884000196","razaoSocial":"LABORATORIO SIMOES LTDA.","numeroAutorizacao":"1005761","cnpjFormatado":"33.379.884/0001-96"},"processo":{"numero":"2599100985079","situacao":29,"numeroProcessoFormatado":"25991.009850/79"}},{"ordem":5,"produto":{"codigo":124914,"nome":"ARNICA","numeroRegistro":"105760095","tipo":{"codigo":1,"descricao":null},"categoria":null,"situacaoRotulo":null,"dataVencimento":"2026-01-28T00:00:00.000-0300","mesAnoVencimento":"052012","dataVencimentoRegistro":"2012-05-01T00:00:00.000-0300","principioAtivo":null,"situacaoApresentacao":"Caduco/Cancelado","dataRegistro":"2002-06-05T00:00:00.000-0300","categoriaRegulatoria":{"codigo":4,"descricao":"Fitoterápico"},"medicamentoReferencia":null,"categoriaProduto":null,"tipoAutorizacao":"REGISTRADO","mesAnoVencimentoFormatado":"05/2012","numeroRegistroFormatado":"105760095","acancelar":false},"empresa":{"cnpj":"33379884000196","razaoSocial":"LABORATORIO SIMOES LTDA.","numeroAutorizacao":"1005761","cnpjFormatado":"33.379.884/0001-96"},"processo":{"numero":"250000085909377","situacao":29,"numeroProcessoFormatado":"25000.008590/93-77"}},{"ordem":6,"produto":{"codigo":389974,"nome":"CALÊNDULA CONCRETA","numeroRegistro":"105760004","tipo":{"codigo":1,"descricao":null},"categoria":null,"situacaoRotulo":null,"dataVencimento":"2026-05-27T00:00:00.000-0300","mesAnoVencimento":"092019","dataVencimentoRegistro":"2019-09-01T00:00:00.000-0300","principioAtivo":null,"situacaoApresentacao":"Caduco/Cancelado","dataRegistro":"1979-09-18T00:00:00.000-0300","categoriaRegulatoria":{"codigo":8,"descricao":"Similar"},"medicamentoReferencia":null,"categoriaProduto":null,"tipoAutorizacao":"REGISTRADO","mesAnoVencimentoFormatado":"09/2019","numeroRegistroFormatado":"105760004","acancelar":false},"empresa":{"cnpj":"33379884000196","razaoSocial":"LABORATORIO SIMOES LTDA.","numeroAutorizacao":"1005761","cnpjFormatado":"33.379.884/0001-96"},"processo":{"numero":"2599202831770","situacao":29,"numeroProcessoFormatado":"25992.028317/70"}},{"ordem":7,"produto":{"codigo":819990,"nome":"CEPHALIX","numeroRegistro":"105760126","tipo":{"codigo":1,"descricao":null},"categoria":null,"situacaoRotulo":null,"dataVencimento":null,"mesAnoVencimento":"102017","dataVencimentoRegistro":"2017-10-01T00:00:00.000-0300","principioAtivo":null,"situacaoApresentacao":"Caduco/Cancelado","dataRegistro":"2012-10-01T00:00:00.000-0300","categoriaRegulatoria":{"codigo":4,"descricao":"Fitoterápico"},"medicamentoReferencia":null,"categoriaProduto":null,"tipoAutorizacao":"REGISTRADO","mesAnoVencimentoFormatado":"10/2017","numeroRegistroFormatado":"105760126","acancelar":false},"empresa":{"cnpj":"33379884000196","razaoSocial":"LABORATORIO SIMOES LTDA.","numeroAutorizacao":"1005761","cnpjFormatado":"33.379.884/0001-96"},"processo":{"numero":"25351130651201104","situacao":29,"numeroProcessoFormatado":"25351.130651/2011-04"}},{"ordem":8,"produto":{"codigo":165020,"nome":"CEREUS BRASILIENIS","numeroRegistro":"105760008","tipo":{"codigo":1,"descricao":null},"categoria":null,"situacaoRotulo":null,"dataVencimento":null,"mesAnoVencimento":"102004","dataVencimentoRegistro":"2004-10-01T00:00:00.000-0300","principioAtivo":null,"situacaoApresentacao":"Caduco/Cancelado","dataRegistro":"2002-10-21T00:00:00.000-0300","categoriaRegulatoria":{"codigo":4,"descricao":"Fitoterápico"},"medicamentoReferencia":null,"categoriaProduto":null,"tipoAutorizacao":"REGISTRADO","mesAnoVencimentoFormatado":"10/2004","numeroRegistroFormatado":"105760008","acancelar":false},"empresa":{"cnpj":"33379884000196","razaoSocial":"LABORATORIO SIMOES LTDA.","numeroAutorizacao":"1005761","cnpjFormatado":"33.379.884/0001-96"},"processo":{"numero":"2599100933879","situacao":29,"numeroProcessoFormatado":"25991.009338/79"}},{"ordem":9,"produto":{"codigo":415942,"nome":"COLÍRIO CINERARIA MARITIMA SIMOES","numeroRegistro":"105760009","tipo":{"codigo":1,"descricao":null},"categoria":null,"situacaoRotulo":null,"dataVencimento":null,"mesAnoVencimento":"022008","dataVencimentoRegistro":"2008-02-01T00:00:00.000-0300","principioAtivo":null,"situacaoApresentacao":"Caduco/Cancelado","dataRegistro":"1982-06-15T00:00:00.000-0300","categoriaRegulatoria":{"codigo":4,"descricao":"Fitoterápico"},"medicamentoReferencia":null,"categoriaProduto":null,"tipoAutorizacao":"REGISTRADO","mesAnoVencimentoFormatado":"02/2008","numeroRegistroFormatado":"105760009","acancelar":false},"empresa":{"cnpj":"33379884000196","razaoSocial":"LABORATORIO SIMOES LTDA.","numeroAutorizacao":"1005761","cnpjFormatado":"33.379.884/0001-96"},"processo":{"numero":"2599200785972","situacao":29,"numeroProcessoFormatado":"25992.007859/72"}},{"ordem":10,"produto":{"codigo":375732,"nome":"DERMOL","numeroRegistro":"105760013","tipo":{"codigo":1,"descricao":null},"categoria":null,"situacaoRotulo":null,"dataVencimento":null,"mesAnoVencimento":"022005","dataVencimentoRegistro":"2005-02-01T00:00:00.000-0300","principioAtivo":null,"situacaoApresentacao":"Caduco/Cancelado","dataRegistro":"1980-02-20T00:00:00.000-0300","categoriaRegulatoria":{"codigo":8,"descricao":"Similar"},"medicamentoReferencia":null,"categoriaProduto":null,"tipoAutorizacao":"REGISTRADO","mesAnoVencimentoFormatado":"02/2005","numeroRegistroFormatado":"105760013","acancelar":false},"empresa":{"cnpj":"33379884000196","razaoSocial":"LABORATORIO SIMOES LTDA.","numeroAutorizacao":"1005761","cnpjFormatado":"33.379.884/0001-96"},"processo":{"numero":"2599101366078","situacao":29,"numeroProcessoFormatado":"25991.013660/78"}},{"ordem":11,"produto":{"codigo":3697,"nome":"DIPIRONA SÓDICA","numeroRegistro":"105760090","tipo":{"codigo":1,"descricao":null},"categoria":null,"situacaoRotulo":null,"dataVencimento":null,"mesAnoVencimento":"052004","dataVencimentoRegistro":"2004-05-01T00:00:00.000-0300","principioAtivo":null,"situacaoApresentacao":"Caduco/Cancelado","dataRegistro":"1999-05-04T00:00:00.000-0300","categoriaRegulatoria":{"codigo":8,"descricao":"Similar"},"medicamentoReferencia":null,"categoriaProduto":null,"tipoAutorizacao":"REGISTRADO","mesAnoVencimentoFormatado":"05/2004","numeroRegistroFormatado":"105760090","acancelar":false},"empresa":{"cnpj":"33379884000196","razaoSocial":"LABORATORIO SIMOES LTDA.","numeroAutorizacao":"1005761","cnpjFormatado":"33.379.884/0001-96"},"processo":{"numero":"250000385639898","situacao":29,"numeroProcessoFormatado":"25000.038563/98-98"}},{"ordem":12,"produto":{"codigo":165132,"nome":"ELIXIR 914","numeroRegistro":"105760101","tipo":{"codigo":1,"descricao":null},"categoria":null,"situacaoRotulo":null,"dataVencimento":null,"mesAnoVencimento":"122009","dataVencimentoRegistro":"2009-12-01T00:00:00.000-0300","principioAtivo":null,"situacaoApresentacao":"Caduco/Cancelado","dataRegistro":"2002-11-13T00:00:00.000-0300","categoriaRegulatoria":{"codigo":8,"descricao":"Similar"},"medicamentoReferencia":null,"categoriaProduto":null,"tipoAutorizacao":"REGISTRADO","mesAnoVencimentoFormatado":"12/2009","numeroRegistroFormatado":"105760101","acancelar":false},"empresa":{"cnpj":"33379884000196","razaoSocial":"LABORATORIO SIMOES LTDA.","numeroAutorizacao":"1005761","cnpjFormatado":"33.379.884/0001-96"},"processo":{"numero":"2599100603979","situacao":29,"numeroProcessoFormatado":"25991.006039/79"}},{"ordem":13,"produto":{"codigo":137983,"nome":"EXTRATO SECO DE CASTANHA DA INDIA+EXTRATO SECO DE HAMAMELIS","numeroRegistro":"105760063","tipo":{"codigo":1,"descricao":null},"categoria":null,"situacaoRotulo":null,"dataVencimento":null,"mesAnoVencimento":"032002","dataVencimentoRegistro":"2002-03-01T00:00:00.000-0300","principioAtivo":null,"situacaoApresentacao":"Caduco/Cancelado","dataRegistro":"1987-03-17T00:00:00.000-0300","categoriaRegulatoria":{"codigo":4,"descricao":"Fitoterápico"},"medicamentoReferencia":null,"categoriaProduto":null,"tipoAutorizacao":"REGISTRADO","mesAnoVencimentoFormatado":"03/2002","numeroRegistroFormatado":"105760063","acancelar":false},"empresa":{"cnpj":"33379884000196","razaoSocial":"LABORATORIO SIMOES LTDA.","numeroAutorizacao":"1005761","cnpjFormatado":"33.379.884/0001-96"},"processo":{"numero":"2599100544281","situacao":29,"numeroProcessoFormatado":"25991.005442/81"}},{"ordem":14,"produto":{"codigo":165103,"nome":"EXTRATO SECO DE LIMÃO BRAVO+ACIDO ASCORBICO+CLORETO DE CETILPIRIDINIO","numeroRegistro":"105760035","tipo":{"codigo":1,"descricao":null},"categoria":null,"situacaoRotulo":null,"dataVencimento":null,"mesAnoVencimento":"092003","dataVencimentoRegistro":"2003-09-01T00:00:00.000-0300","principioAtivo":null,"situacaoApresentacao":"Caduco/Cancelado","dataRegistro":"1988-09-30T00:00:00.000-0300","categoriaRegulatoria":{"codigo":8,"descricao":"Similar"},"medicamentoReferencia":null,"categoriaProduto":null,"tipoAutorizacao":"REGISTRADO","mesAnoVencimentoFormatado":"09/2003","numeroRegistroFormatado":"105760035","acancelar":false},"empresa":{"cnpj":"33379884000196","razaoSocial":"LABORATORIO SIMOES LTDA.","numeroAutorizacao":"1005761","cnpjFormatado":"33.379.884/0001-96"},"processo":{"numero":"2599100673779","situacao":29,"numeroProcessoFormatado":"25991.006737/79"}},{"ordem":15,"produto":{"codigo":165104,"nome":"FENAZONA + ASSOCIAÇÕES","numeroRegistro":"105760103","tipo":{"codigo":1,"descricao":null},"categoria":null,"situacaoRotulo":null,"dataVencimento":null,"mesAnoVencimento":"102004","dataVencimentoRegistro":"2004-10-01T00:00:00.000-0300","principioAtivo":null,"situacaoApresentacao":"Caduco/Cancelado","dataRegistro":"2002-11-13T00:00:00.000-0300","categoriaRegulatoria":{"codigo":8,"descricao":"Similar"},"medicamentoReferencia":null,"categoriaProduto":null,"tipoAutorizacao":"REGISTRADO","mesAnoVencimentoFormatado":"10/2004","numeroRegistroFormatado":"105760103","acancelar":false},"empresa":{"cnpj":"33379884000196","razaoSocial":"LABORATORIO SIMOES LTDA.","numeroAutorizacao":"1005761","cnpjFormatado":"33.379.884/0001-96"},"processo":{"numero":"2599100849579","situacao":29,"numeroProcessoFormatado":"25991.008495/79"}},{"ordem":16,"produto":{"codigo":164999,"nome":"FIMATOSAN","numeroRegistro":"105760104","tipo":{"codigo":1,"descricao":null},"categoria":null,"situacaoRotulo":null,"dataVencimento":null,"mesAnoVencimento":"122009","dataVencimentoRegistro":"2009-12-01T00:00:00.000-0300","principioAtivo":null,"situacaoApresentacao":"Caduco/Cancelado","dataRegistro":"2002-11-13T00:00:00.000-0300","categoriaRegulatoria":{"codigo":4,"descricao":"Fitoterápico"},"medicamentoReferencia":null,"categoriaProduto":null,"tipoAutorizacao":"REGISTRADO","mesAnoVencimentoFormatado":"12/2009","numeroRegistroFormatado":"105760104","acancelar":false},"empresa":{"cnpj":"33379884000196","razaoSocial":"LABORATORIO SIMOES LTDA.","numeroAutorizacao":"1005761","cnpjFormatado":"33.379.884/0001-96"},"processo":{"numero":"2599101002779","situacao":29,"numeroProcessoFormatado":"25991.010027/79"}},{"ordem":17,"produto":{"codigo":775676,"nome":"FIMATOSAN MGS","numeroRegistro":"105760125","tipo":{"codigo":1,"descricao":null},"categoria":null,"situacaoRotulo":null,"dataVencimento":null,"mesAnoVencimento":"042017","dataVencimentoRegistro":"2017-04-01T00:00:00.000-0300","principioAtivo":null,"situacaoApresentacao":"Caduco/Cancelado","dataRegistro":"2012-04-09T00:00:00.000-0300","categoriaRegulatoria":{"codigo":4,"descricao":"Fitoterápico"},"medicamentoReferencia":null,"categoriaProduto":null,"tipoAutorizacao":"REGISTRADO","mesAnoVencimentoFormatado":"04/2017","numeroRegistroFormatado":"105760125","acancelar":false},"empresa":{"cnpj":"33379884000196","razaoSocial":"LABORATORIO SIMOES LTDA.","numeroAutorizacao":"1005761","cnpjFormatado":"33.379.884/0001-96"},"processo":{"numero":"25351777519201028","situacao":29,"numeroProcessoFormatado":"25351.777519/2010-28"}},{"ordem":18,"produto":{"codigo":4839,"nome":"GASTREX","numeroRegistro":"105760093","tipo":{"codigo":1,"descricao":null},"categoria":null,"situacaoRotulo":null,"dataVencimento":null,"mesAnoVencimento":"102003","dataVencimentoRegistro":"2003-10-01T00:00:00.000-0300","principioAtivo":null,"situacaoApresentacao":"Caduco/Cancelado","dataRegistro":"1973-10-11T00:00:00.000-0300","categoriaRegulatoria":{"codigo":8,"descricao":"Similar"},"medicamentoReferencia":null,"categoriaProduto":null,"tipoAutorizacao":"REGISTRADO","mesAnoVencimentoFormatado":"10/2003","numeroRegistroFormatado":"105760093","acancelar":false},"empresa":{"cnpj":"33379884000196","razaoSocial":"LABORATORIO SIMOES LTDA.","numeroAutorizacao":"1005761","cnpjFormatado":"33.379.884/0001-96"},"processo":{"numero":"2599201161473","situacao":29,"numeroProcessoFormatado":"25992.011614/73"}},{"ordem":19,"produto":{"codigo":390696,"nome":"GOTAS DIGESTIVAS","numeroRegistro":"105760023","tipo":{"codigo":1,"descricao":null},"categoria":null,"situacaoRotulo":null,"dataVencimento":"2026-01-28T00:00:00.000-0300","mesAnoVencimento":"082018","dataVencimentoRegistro":"2018-08-01T00:00:00.000-0300","principioAtivo":null,"situacaoApresentacao":"Caduco/Cancelado","dataRegistro":"1973-08-31T00:00:00.000-0300","categoriaRegulatoria":{"codigo":4,"descricao":"Fitoterápico"},"medicamentoReferencia":null,"categoriaProduto":null,"tipoAutorizacao":"REGISTRADO","mesAnoVencimentoFormatado":"08/2018","numeroRegistroFormatado":"105760023","acancelar":false},"empresa":{"cnpj":"33379884000196","razaoSocial":"LABORATORIO SIMOES LTDA.","numeroAutorizacao":"1005761","cnpjFormatado":"33.379.884/0001-96"},"processo":{"numero":"2599201935072","situacao":29,"numeroProcessoFormatado":"25992.019350/72"}},{"ordem":20,"produto":{"codigo":418496,"nome":"GRIPALLIUM","numeroRegistro":"105760114","tipo":{"codigo":1,"descricao":null},"categoria":null,"situacaoRotulo":null,"dataVencimento":null,"mesAnoVencimento":"101994","dataVencimentoRegistro":"1994-10-01T00:00:00.000-0300","principioAtivo":null,"situacaoApresentacao":"Caduco/Cancelado","dataRegistro":"1994-05-20T00:00:00.000-0300","categoriaRegulatoria":{"codigo":8,"descricao":"Similar"},"medicamentoReferencia":null,"categoriaProduto":null,"tipoAutorizacao":"REGISTRADO","mesAnoVencimentoFormatado":"10/1994","numeroRegistroFormatado":"105760114","acancelar":false},"empresa":{"cnpj":"33379884000196","razaoSocial":"LABORATORIO SIMOES LTDA.","numeroAutorizacao":"1005761","cnpjFormatado":"33.379.884/0001-96"},"processo":{"numero":"2599100052679","situacao":29,"numeroProcessoFormatado":"25991.000526/79"}},{"ordem":21,"produto":{"codigo":422875,"nome":"HYGENTERIUM","numeroRegistro":"105760116","tipo":{"codigo":1,"descricao":null},"categoria":null,"situacaoRotulo":null,"dataVencimento":null,"mesAnoVencimento":"111998","dataVencimentoRegistro":"1998-11-01T00:00:00.000-0300","principioAtivo":null,"situacaoApresentacao":"Caduco/Cancelado","dataRegistro":"1979-06-29T00:00:00.000-0300","categoriaRegulatoria":{"codigo":2,"descricao":"Dinamizado"},"medicamentoReferencia":null,"categoriaProduto":null,"tipoAutorizacao":"REGISTRADO","mesAnoVencimentoFormatado":"11/1998","numeroRegistroFormatado":"105760116","acancelar":false},"empresa":{"cnpj":"33379884000196","razaoSocial":"LABORATORIO SIMOES LTDA.","numeroAutorizacao":"1005761","cnpjFormatado":"33.379.884/0001-96"},"processo":{"numero":"25351332732200520","situacao":29,"numeroProcessoFormatado":"25351.332732/2005-20"}},{"ordem":22,"produto":{"codigo":467943,"nome":"LENIDOR","numeroRegistro":"105760121","tipo":{"codigo":1,"descricao":null},"categoria":null,"situacaoRotulo":null,"dataVencimento":null,"mesAnoVencimento":"091997","dataVencimentoRegistro":"1997-09-01T00:00:00.000-0300","principioAtivo":null,"situacaoApresentacao":"Caduco/Cancelado","dataRegistro":"1979-02-07T00:00:00.000-0300","categoriaRegulatoria":{"codigo":8,"descricao":"Similar"},"medicamentoReferencia":null,"categoriaProduto":null,"tipoAutorizacao":"REGISTRADO","mesAnoVencimentoFormatado":"09/1997","numeroRegistroFormatado":"105760121","acancelar":false},"empresa":{"cnpj":"33379884000196","razaoSocial":"LABORATORIO SIMOES LTDA.","numeroAutorizacao":"1005761","cnpjFormatado":"33.379.884/0001-96"},"processo":{"numero":"2599200318572","situacao":29,"numeroProcessoFormatado":"25992.003185/72"}},{"ordem":23,"produto":{"codigo":545031,"nome":"OUVIDOSAN","numeroRegistro":"105760033","tipo":{"codigo":1,"descricao":null},"categoria":null,"situacaoRotulo":null,"dataVencimento":null,"mesAnoVencimento":"121981","dataVencimentoRegistro":"1981-12-01T00:00:00.000-0300","principioAtivo":null,"situacaoApresentacao":"Caduco/Cancelado","dataRegistro":"1971-12-10T00:00:00.000-0300","categoriaRegulatoria":{"codigo":8,"descricao":"Similar"},"medicamentoReferencia":null,"categoriaProduto":null,"tipoAutorizacao":"REGISTRADO","mesAnoVencimentoFormatado":"12/1981","numeroRegistroFormatado":"105760033","acancelar":false},"empresa":{"cnpj":"33379884000196","razaoSocial":"LABORATORIO SIMOES LTDA.","numeroAutorizacao":"1005761","cnpjFormatado":"33.379.884/0001-96"},"processo":{"numero":"2599200548271","situacao":29,"numeroProcessoFormatado":"25992.005482/71"}},{"ordem":24,"produto":{"codigo":6646,"nome":"PARACETAMOL","numeroRegistro":"105760092","tipo":{"codigo":1,"descricao":null},"categoria":null,"situacaoRotulo":null,"dataVencimento":null,"mesAnoVencimento":"052004","dataVencimentoRegistro":"2004-05-01T00:00:00.000-0300","principioAtivo":null,"situacaoApresentacao":"Caduco/Cancelado","dataRegistro":"1999-05-10T00:00:00.000-0300","categoriaRegulatoria":{"codigo":8,"descricao":"Similar"},"medicamentoReferencia":null,"categoriaProduto":null,"tipoAutorizacao":"REGISTRADO","mesAnoVencimentoFormatado":"05/2004","numeroRegistroFormatado":"105760092","acancelar":false},"empresa":{"cnpj":"33379884000196","razaoSocial":"LABORATORIO SIMOES LTDA.","numeroAutorizacao":"1005761","cnpjFormatado":"33.379.884/0001-96"},"processo":{"numero":"250000070719950","situacao":29,"numeroProcessoFormatado":"25000.007071/99-50"}},{"ordem":25,"produto":{"codigo":165184,"nome":"PILOGÊNIO","numeroRegistro":"105760102","tipo":{"codigo":1,"descricao":null},"categoria":null,"situacaoRotulo":null,"dataVencimento":null,"mesAnoVencimento":"082003","dataVencimentoRegistro":"2003-08-01T00:00:00.000-0300","principioAtivo":null,"situacaoApresentacao":"Caduco/Cancelado","dataRegistro":"2002-11-13T00:00:00.000-0300","categoriaRegulatoria":{"codigo":4,"descricao":"Fitoterápico"},"medicamentoReferencia":null,"categoriaProduto":null,"tipoAutorizacao":"REGISTRADO","mesAnoVencimentoFormatado":"08/2003","numeroRegistroFormatado":"105760102","acancelar":false},"empresa":{"cnpj":"33379884000196","razaoSocial":"LABORATORIO SIMOES LTDA.","numeroAutorizacao":"1005761","cnpjFormatado":"33.379.884/0001-96"},"processo":{"numero":"2599200862639","situacao":29,"numeroProcessoFormatado":"25992.008626/39"}},{"ordem":26,"produto":{"codigo":515944,"nome":"PIOLHOL PLUS","numeroRegistro":"105760122","tipo":{"codigo":1,"descricao":null},"categoria":null,"situacaoRotulo":null,"dataVencimento":null,"mesAnoVencimento":"052012","dataVencimentoRegistro":"2012-05-01T00:00:00.000-0300","principioAtivo":null,"situacaoApresentacao":"Caduco/Cancelado","dataRegistro":"1983-11-30T00:00:00.000-0300","categoriaRegulatoria":{"codigo":8,"descricao":"Similar"},"medicamentoReferencia":null,"categoriaProduto":null,"tipoAutorizacao":"REGISTRADO","mesAnoVencimentoFormatado":"05/2012","numeroRegistroFormatado":"105760122","acancelar":false},"empresa":{"cnpj":"33379884000196","razaoSocial":"LABORATORIO SIMOES LTDA.","numeroAutorizacao":"1005761","cnpjFormatado":"33.379.884/0001-96"},"processo":{"numero":"2500100301381","situacao":29,"numeroProcessoFormatado":"25001.003013/81"}},{"ordem":27,"produto":{"codigo":6969,"nome":"POLIVITAMINAS","numeroRegistro":"105760094","tipo":{"codigo":1,"descricao":null},"categoria":null,"situacaoRotulo":null,"dataVencimento":null,"mesAnoVencimento":"122006","dataVencimentoRegistro":"2006-12-01T00:00:00.000-0300","principioAtivo":null,"situacaoApresentacao":"Caduco/Cancelado","dataRegistro":"2001-12-21T00:00:00.000-0200","categoriaRegulatoria":{"codigo":8,"descricao":"Similar"},"medicamentoReferencia":null,"categoriaProduto":null,"tipoAutorizacao":"REGISTRADO","mesAnoVencimentoFormatado":"12/2006","numeroRegistroFormatado":"105760094","acancelar":false},"empresa":{"cnpj":"33379884000196","razaoSocial":"LABORATORIO SIMOES LTDA.","numeroAutorizacao":"1005761","cnpjFormatado":"33.379.884/0001-96"},"processo":{"numero":"253510009950141","situacao":29,"numeroProcessoFormatado":"25351.000995/01-41"}},{"ordem":28,"produto":{"codigo":274514,"nome":"PRISOVENTRIL","numeroRegistro":"105760107","tipo":{"codigo":1,"descricao":null},"categoria":null,"situacaoRotulo":null,"dataVencimento":null,"mesAnoVencimento":"062008","dataVencimentoRegistro":"2008-06-01T00:00:00.000-0300","principioAtivo":null,"situacaoApresentacao":"Caduco/Cancelado","dataRegistro":"2003-06-16T00:00:00.000-0300","categoriaRegulatoria":{"codigo":4,"descricao":"Fitoterápico"},"medicamentoReferencia":null,"categoriaProduto":null,"tipoAutorizacao":"REGISTRADO","mesAnoVencimentoFormatado":"06/2008","numeroRegistroFormatado":"105760107","acancelar":false},"empresa":{"cnpj":"33379884000196","razaoSocial":"LABORATORIO SIMOES LTDA.","numeroAutorizacao":"1005761","cnpjFormatado":"33.379.884/0001-96"},"processo":{"numero":"25351012849200328","situacao":29,"numeroProcessoFormatado":"25351.012849/2003-28"}},{"ordem":29,"produto":{"codigo":272658,"nome":"PRISOVENTRIL","numeroRegistro":"105760110","tipo":{"codigo":1,"descricao":null},"categoria":null,"situacaoRotulo":null,"dataVencimento":null,"mesAnoVencimento":"052003","dataVencimentoRegistro":"2003-05-01T00:00:00.000-0300","principioAtivo":null,"situacaoApresentacao":"Caduco/Cancelado","dataRegistro":"1979-11-20T00:00:00.000-0300","categoriaRegulatoria":{"codigo":8,"descricao":"Similar"},"medicamentoReferencia":null,"categoriaProduto":null,"tipoAutorizacao":"REGISTRADO","mesAnoVencimentoFormatado":"05/2003","numeroRegistroFormatado":"105760110","acancelar":false},"empresa":{"cnpj":"33379884000196","razaoSocial":"LABORATORIO SIMOES LTDA.","numeroAutorizacao":"1005761","cnpjFormatado":"33.379.884/0001-96"},"processo":{"numero":"2599101130878","situacao":29,"numeroProcessoFormatado":"25991.011308/78"}},{"ordem":30,"produto":{"codigo":420914,"nome":"SANATOL","numeroRegistro":"105760118","tipo":{"codigo":1,"descricao":null},"categoria":null,"situacaoRotulo":null,"dataVencimento":null,"mesAnoVencimento":"051998","dataVencimentoRegistro":"1998-05-01T00:00:00.000-0300","principioAtivo":null,"situacaoApresentacao":"Caduco/Cancelado","dataRegistro":"1979-06-29T00:00:00.000-0300","categoriaRegulatoria":{"codigo":2,"descricao":"Dinamizado"},"medicamentoReferencia":null,"categoriaProduto":null,"tipoAutorizacao":"REGISTRADO","mesAnoVencimentoFormatado":"05/1998","numeroRegistroFormatado":"105760118","acancelar":false},"empresa":{"cnpj":"33379884000196","razaoSocial":"LABORATORIO SIMOES LTDA.","numeroAutorizacao":"1005761","cnpjFormatado":"33.379.884/0001-96"},"processo":{"numero":"25351300224200582","situacao":29,"numeroProcessoFormatado":"25351.300224/2005-82"}},{"ordem":31,"produto":{"codigo":419516,"nome":"SEXUOL","numeroRegistro":"105760113","tipo":{"codigo":1,"descricao":null},"categoria":null,"situacaoRotulo":null,"dataVencimento":null,"mesAnoVencimento":"042003","dataVencimentoRegistro":"2003-04-01T00:00:00.000-0300","principioAtivo":null,"situacaoApresentacao":"Caduco/Cancelado","dataRegistro":"1978-10-11T00:00:00.000-0300","categoriaRegulatoria":{"codigo":2,"descricao":"Dinamizado"},"medicamentoReferencia":null,"categoriaProduto":null,"tipoAutorizacao":"REGISTRADO","mesAnoVencimentoFormatado":"04/2003","numeroRegistroFormatado":"105760113","acancelar":false},"empresa":{"cnpj":"33379884000196","razaoSocial":"LABORATORIO SIMOES LTDA.","numeroAutorizacao":"1005761","cnpjFormatado":"33.379.884/0001-96"},"processo":{"numero":"2599200047619","situacao":29,"numeroProcessoFormatado":"25992.000476/19"}},{"ordem":32,"produto":{"codigo":274660,"nome":"SULFAQ F","numeroRegistro":"105760109","tipo":{"codigo":1,"descricao":null},"categoria":null,"situacaoRotulo":null,"dataVencimento":null,"mesAnoVencimento":"112008","dataVencimentoRegistro":"2008-11-01T00:00:00.000-0300","principioAtivo":null,"situacaoApresentacao":"Caduco/Cancelado","dataRegistro":"2003-11-10T00:00:00.000-0300","categoriaRegulatoria":{"codigo":8,"descricao":"Similar"},"medicamentoReferencia":null,"categoriaProduto":null,"tipoAutorizacao":"REGISTRADO","mesAnoVencimentoFormatado":"11/2008","numeroRegistroFormatado":"105760109","acancelar":false},"empresa":{"cnpj":"33379884000196","razaoSocial":"LABORATORIO SIMOES LTDA.","numeroAutorizacao":"1005761","cnpjFormatado":"33.379.884/0001-96"},"processo":{"numero":"25351215940200212","situacao":20,"numeroProcessoFormatado":"25351.215940/2002-12"}},{"ordem":33,"produto":{"codigo":390707,"nome":"SYZYGIUM JAMBOLANUM SIMÕES","numeroRegistro":"105760052","tipo":{"codigo":1,"descricao":null},"categoria":null,"situacaoRotulo":null,"dataVencimento":null,"mesAnoVencimento":"032005","dataVencimentoRegistro":"2005-03-01T00:00:00.000-0300","principioAtivo":null,"situacaoApresentacao":"Caduco/Cancelado","dataRegistro":"1977-09-05T00:00:00.000-0300","categoriaRegulatoria":{"codigo":4,"descricao":"Fitoterápico"},"medicamentoReferencia":null,"categoriaProduto":null,"tipoAutorizacao":"REGISTRADO","mesAnoVencimentoFormatado":"03/2005","numeroRegistroFormatado":"105760052","acancelar":false},"empresa":{"cnpj":"33379884000196","razaoSocial":"LABORATORIO SIMOES LTDA.","numeroAutorizacao":"1005761","cnpjFormatado":"33.379.884/0001-96"},"processo":{"numero":"2599100397877","situacao":29,"numeroProcessoFormatado":"25991.003978/77"}},{"ordem":34,"produto":{"codigo":745342,"nome":"TALCO ALÍVIO","numeroRegistro":"057600510","tipo":{"codigo":1,"descricao":null},"categoria":null,"situacaoRotulo":null,"dataVencimento":null,"mesAnoVencimento":"092025","dataVencimentoRegistro":"2025-09-01T00:00:00.000-0300","principioAtivo":"ÓXIDO DE ZINCO, SALICILATO DE FENILA, ÁCIDO BÓRICO, ENXOFRE, MENTOL, CÂNFORA","situacaoApresentacao":"Válido","dataRegistro":"1950-09-27T00:00:00.000-0300","categoriaRegulatoria":{"codigo":8,"descricao":"Similar"},"medicamentoReferencia":null,"categoriaProduto":null,"tipoAutorizacao":"REGISTRADO","mesAnoVencimentoFormatado":"09/2025","numeroRegistroFormatado":"057600510","acancelar":false},"empresa":{"cnpj":"33379884000196","razaoSocial":"LABORATORIO SIMOES LTDA.","numeroAutorizacao":"1005761","cnpjFormatado":"33.379.884/0001-96"},"processo":{"numero":"2500100933580","situacao":29,"numeroProcessoFormatado":"25001.009335/80"}},{"ordem":35,"produto":{"codigo":428748,"nome":"UTEROVAROL","numeroRegistro":"105760055","tipo":{"codigo":1,"descricao":null},"categoria":null,"situacaoRotulo":null,"dataVencimento":null,"mesAnoVencimento":"102003","dataVencimentoRegistro":"2003-10-01T00:00:00.000-0300","principioAtivo":null,"situacaoApresentacao":"Caduco/Cancelado","dataRegistro":"1936-12-15T00:00:00.000-0300","categoriaRegulatoria":{"codigo":2,"descricao":"Dinamizado"},"medicamentoReferencia":null,"categoriaProduto":null,"tipoAutorizacao":"REGISTRADO","mesAnoVencimentoFormatado":"10/2003","numeroRegistroFormatado":"105760055","acancelar":false},"empresa":{"cnpj":"33379884000196","razaoSocial":"LABORATORIO SIMOES LTDA.","numeroAutorizacao":"1005761","cnpjFormatado":"33.379.884/0001-96"},"processo":{"numero":"25351333420200533","situacao":29,"numeroProcessoFormatado":"25351.333420/2005-33"}},{"ordem":36,"produto":{"codigo":406010,"nome":"VARIZOL","numeroRegistro":"105760056","tipo":{"codigo":1,"descricao":null},"categoria":null,"situacaoRotulo":null,"dataVencimento":null,"mesAnoVencimento":"032009","dataVencimentoRegistro":"2009-03-01T00:00:00.000-0300","principioAtivo":null,"situacaoApresentacao":"Caduco/Cancelado","dataRegistro":"1989-10-20T00:00:00.000-0200","categoriaRegulatoria":{"codigo":8,"descricao":"Similar"},"medicamentoReferencia":null,"categoriaProduto":null,"tipoAutorizacao":"REGISTRADO","mesAnoVencimentoFormatado":"03/2009","numeroRegistroFormatado":"105760056","acancelar":false},"empresa":{"cnpj":"33379884000196","razaoSocial":"LABORATORIO SIMOES LTDA.","numeroAutorizacao":"1005761","cnpjFormatado":"33.379.884/0001-96"},"processo":{"numero":"2599200209629","situacao":29,"numeroProcessoFormatado":"25992.002096/29"}},{"ordem":37,"produto":{"codigo":421764,"nome":"ZAPHTOLINUM","numeroRegistro":"105760117","tipo":{"codigo":1,"descricao":null},"categoria":null,"situacaoRotulo":null,"dataVencimento":null,"mesAnoVencimento":"092008","dataVencimentoRegistro":"2008-09-01T00:00:00.000-0300","principioAtivo":null,"situacaoApresentacao":"Caduco/Cancelado","dataRegistro":"1979-03-13T00:00:00.000-0300","categoriaRegulatoria":{"codigo":2,"descricao":"Dinamizado"},"medicamentoReferencia":null,"categoriaProduto":null,"tipoAutorizacao":"REGISTRADO","mesAnoVencimentoFormatado":"09/2008","numeroRegistroFormatado":"105760117","acancelar":false},"empresa":{"cnpj":"33379884000196","razaoSocial":"LABORATORIO SIMOES LTDA.","numeroAutorizacao":"1005761","cnpjFormatado":"33.379.884/0001-96"},"processo":{"numero":"2599100603077","situacao":29,"numeroProcessoFormatado":"25991.006030/77"}},{"ordem":38,"produto":{"codigo":275302,"nome":"ZOLES","numeroRegistro":"105760111","tipo":{"codigo":1,"descricao":null},"categoria":null,"situacaoRotulo":null,"dataVencimento":null,"mesAnoVencimento":"012009","dataVencimentoRegistro":"2009-01-01T00:00:00.000-0300","principioAtivo":null,"situacaoApresentacao":"Caduco/Cancelado","dataRegistro":"2004-01-16T00:00:00.000-0300","categoriaRegulatoria":{"codigo":8,"descricao":"Similar"},"medicamentoReferencia":null,"categoriaProduto":null,"tipoAutorizacao":"REGISTRADO","mesAnoVencimentoFormatado":"01/2009","numeroRegistroFormatado":"105760111","acancelar":false},"empresa":{"cnpj":"33379884000196","razaoSocial":"LABORATORIO SIMOES LTDA.","numeroAutorizacao":"1005761","cnpjFormatado":"33.379.884/0001-96"},"processo":{"numero":"25351004169200331","situacao":29,"numeroProcessoFormatado":"25351.004169/2003-31"}},{"ordem":39,"produto":{"codigo":273940,"nome":"ÓLEO DE ALHO SIMÕES","numeroRegistro":"105760073","tipo":{"codigo":1,"descricao":null},"categoria":null,"situacaoRotulo":null,"dataVencimento":null,"mesAnoVencimento":"062005","dataVencimentoRegistro":"2005-06-01T00:00:00.000-0300","principioAtivo":null,"situacaoApresentacao":"Caduco/Cancelado","dataRegistro":"1983-12-29T00:00:00.000-0300","categoriaRegulatoria":{"codigo":4,"descricao":"Fitoterápico"},"medicamentoReferencia":null,"categoriaProduto":null,"tipoAutorizacao":"REGISTRADO","mesAnoVencimentoFormatado":"06/2005","numeroRegistroFormatado":"105760073","acancelar":false},"empresa":{"cnpj":"33379884000196","razaoSocial":"LABORATORIO SIMOES LTDA.","numeroAutorizacao":"1005761","cnpjFormatado":"33.379.884/0001-96"},"processo":{"numero":"2500101287583","situacao":29,"numeroProcessoFormatado":"25001.012875/83"}}],"totalPages":1,"totalElements":39,"last":true,"numberOfElements":39,"first":true,"sort":null,"size":1000,"number":0}