{"content":[{"ordem":1,"produto":{"codigo":533672,"nome":"AMINOVAC","numeroRegistro":"100140004","tipo":{"codigo":1,"descricao":null},"categoria":null,"situacaoRotulo":null,"dataVencimento":null,"mesAnoVencimento":"072006","dataVencimentoRegistro":"2006-07-01T00:00:00.000-0300","principioAtivo":null,"situacaoApresentacao":"Caduco/Cancelado","dataRegistro":"1971-07-14T00:00:00.000-0300","categoriaRegulatoria":{"codigo":1,"descricao":"Biológico"},"medicamentoReferencia":null,"categoriaProduto":null,"tipoAutorizacao":"REGISTRADO","acancelar":false,"mesAnoVencimentoFormatado":"07/2006","numeroRegistroFormatado":"100140004"},"empresa":{"cnpj":"33517558000106","razaoSocial":"QUIMICA FARMACEUTICA NIKKHO DO BRASIL LTDA","numeroAutorizacao":"1000148","cnpjFormatado":"33.517.558/0001-06"},"processo":{"numero":"2599201151870","situacao":29,"numeroProcessoFormatado":"25992.011518/70"}},{"ordem":2,"produto":{"codigo":700,"nome":"AMIODARONA","numeroRegistro":"100140066","tipo":{"codigo":1,"descricao":null},"categoria":null,"situacaoRotulo":null,"dataVencimento":null,"mesAnoVencimento":"082001","dataVencimentoRegistro":"2001-08-01T00:00:00.000-0300","principioAtivo":null,"situacaoApresentacao":"Caduco/Cancelado","dataRegistro":"1996-08-23T00:00:00.000-0300","categoriaRegulatoria":{"codigo":8,"descricao":"Similar"},"medicamentoReferencia":null,"categoriaProduto":null,"tipoAutorizacao":"REGISTRADO","acancelar":false,"mesAnoVencimentoFormatado":"08/2001","numeroRegistroFormatado":"100140066"},"empresa":{"cnpj":"33517558000106","razaoSocial":"QUIMICA FARMACEUTICA NIKKHO DO BRASIL LTDA","numeroAutorizacao":"1000148","cnpjFormatado":"33.517.558/0001-06"},"processo":{"numero":"250000113549473","situacao":29,"numeroProcessoFormatado":"25000.011354/94-73"}},{"ordem":3,"produto":{"codigo":892,"nome":"ANTÍGENOS MISTOS E LISOZIMA","numeroRegistro":"100140061","tipo":{"codigo":1,"descricao":null},"categoria":null,"situacaoRotulo":null,"dataVencimento":null,"mesAnoVencimento":"092005","dataVencimentoRegistro":"2005-09-01T00:00:00.000-0300","principioAtivo":null,"situacaoApresentacao":"Caduco/Cancelado","dataRegistro":"2000-11-14T00:00:00.000-0300","categoriaRegulatoria":{"codigo":8,"descricao":"Similar"},"medicamentoReferencia":null,"categoriaProduto":null,"tipoAutorizacao":"REGISTRADO","acancelar":false,"mesAnoVencimentoFormatado":"09/2005","numeroRegistroFormatado":"100140061"},"empresa":{"cnpj":"33517558000106","razaoSocial":"QUIMICA FARMACEUTICA NIKKHO DO BRASIL LTDA","numeroAutorizacao":"1000148","cnpjFormatado":"33.517.558/0001-06"},"processo":{"numero":"2599200079575","situacao":29,"numeroProcessoFormatado":"25992.000795/75"}},{"ordem":4,"produto":{"codigo":1037,"nome":"BENZIDAMINA","numeroRegistro":"100140065","tipo":{"codigo":1,"descricao":null},"categoria":null,"situacaoRotulo":null,"dataVencimento":null,"mesAnoVencimento":"082001","dataVencimentoRegistro":"2001-08-01T00:00:00.000-0300","principioAtivo":null,"situacaoApresentacao":"Caduco/Cancelado","dataRegistro":"1996-08-23T00:00:00.000-0300","categoriaRegulatoria":{"codigo":8,"descricao":"Similar"},"medicamentoReferencia":null,"categoriaProduto":null,"tipoAutorizacao":"REGISTRADO","acancelar":false,"mesAnoVencimentoFormatado":"08/2001","numeroRegistroFormatado":"100140065"},"empresa":{"cnpj":"33517558000106","razaoSocial":"QUIMICA FARMACEUTICA NIKKHO DO BRASIL LTDA","numeroAutorizacao":"1000148","cnpjFormatado":"33.517.558/0001-06"},"processo":{"numero":"250000181389486","situacao":29,"numeroProcessoFormatado":"25000.018138/94-86"}},{"ordem":5,"produto":{"codigo":1868,"nome":"CIMETIDINA","numeroRegistro":"100140079","tipo":{"codigo":1,"descricao":null},"categoria":null,"situacaoRotulo":null,"dataVencimento":null,"mesAnoVencimento":"082004","dataVencimentoRegistro":"2004-08-01T00:00:00.000-0300","principioAtivo":null,"situacaoApresentacao":"Caduco/Cancelado","dataRegistro":"1999-08-20T00:00:00.000-0300","categoriaRegulatoria":{"codigo":8,"descricao":"Similar"},"medicamentoReferencia":null,"categoriaProduto":null,"tipoAutorizacao":"REGISTRADO","acancelar":false,"mesAnoVencimentoFormatado":"08/2004","numeroRegistroFormatado":"100140079"},"empresa":{"cnpj":"33517558000106","razaoSocial":"QUIMICA FARMACEUTICA NIKKHO DO BRASIL LTDA","numeroAutorizacao":"1000148","cnpjFormatado":"33.517.558/0001-06"},"processo":{"numero":"250000164989390","situacao":29,"numeroProcessoFormatado":"25000.016498/93-90"}},{"ordem":6,"produto":{"codigo":1932,"nome":"CIORPROPAMIDA","numeroRegistro":"100140078","tipo":{"codigo":1,"descricao":null},"categoria":null,"situacaoRotulo":null,"dataVencimento":null,"mesAnoVencimento":"082004","dataVencimentoRegistro":"2004-08-01T00:00:00.000-0300","principioAtivo":null,"situacaoApresentacao":"Caduco/Cancelado","dataRegistro":"1999-08-09T00:00:00.000-0300","categoriaRegulatoria":{"codigo":8,"descricao":"Similar"},"medicamentoReferencia":null,"categoriaProduto":null,"tipoAutorizacao":"REGISTRADO","acancelar":false,"mesAnoVencimentoFormatado":"08/2004","numeroRegistroFormatado":"100140078"},"empresa":{"cnpj":"33517558000106","razaoSocial":"QUIMICA FARMACEUTICA NIKKHO DO BRASIL LTDA","numeroAutorizacao":"1000148","cnpjFormatado":"33.517.558/0001-06"},"processo":{"numero":"250000093949374","situacao":29,"numeroProcessoFormatado":"25000.009394/93-74"}},{"ordem":7,"produto":{"codigo":2076,"nome":"CLAVULANATO DE POTASSIO + AMOXICILINA","numeroRegistro":"100140075","tipo":{"codigo":1,"descricao":null},"categoria":null,"situacaoRotulo":null,"dataVencimento":null,"mesAnoVencimento":"052003","dataVencimentoRegistro":"2003-05-01T00:00:00.000-0300","principioAtivo":null,"situacaoApresentacao":"Caduco/Cancelado","dataRegistro":"1998-05-29T00:00:00.000-0300","categoriaRegulatoria":{"codigo":8,"descricao":"Similar"},"medicamentoReferencia":null,"categoriaProduto":null,"tipoAutorizacao":"REGISTRADO","acancelar":false,"mesAnoVencimentoFormatado":"05/2003","numeroRegistroFormatado":"100140075"},"empresa":{"cnpj":"33517558000106","razaoSocial":"QUIMICA FARMACEUTICA NIKKHO DO BRASIL LTDA","numeroAutorizacao":"1000148","cnpjFormatado":"33.517.558/0001-06"},"processo":{"numero":"250000338259774","situacao":29,"numeroProcessoFormatado":"25000.033825/97-74"}},{"ordem":8,"produto":{"codigo":2707,"nome":"CLORIDRATO DE METOCLOPRAMIDA","numeroRegistro":"100140077","tipo":{"codigo":1,"descricao":null},"categoria":null,"situacaoRotulo":null,"dataVencimento":null,"mesAnoVencimento":"072004","dataVencimentoRegistro":"2004-07-01T00:00:00.000-0300","principioAtivo":null,"situacaoApresentacao":"Caduco/Cancelado","dataRegistro":"1999-07-06T00:00:00.000-0300","categoriaRegulatoria":{"codigo":8,"descricao":"Similar"},"medicamentoReferencia":null,"categoriaProduto":null,"tipoAutorizacao":"REGISTRADO","acancelar":false,"mesAnoVencimentoFormatado":"07/2004","numeroRegistroFormatado":"100140077"},"empresa":{"cnpj":"33517558000106","razaoSocial":"QUIMICA FARMACEUTICA NIKKHO DO BRASIL LTDA","numeroAutorizacao":"1000148","cnpjFormatado":"33.517.558/0001-06"},"processo":{"numero":"250000139699316","situacao":29,"numeroProcessoFormatado":"25000.013969/93-16"}},{"ordem":9,"produto":{"codigo":3137,"nome":"CULTIVO B. ABORTUS E BRUCELLA SUIS + ASSOCIAÇÕES","numeroRegistro":"100140008","tipo":{"codigo":1,"descricao":null},"categoria":null,"situacaoRotulo":null,"dataVencimento":null,"mesAnoVencimento":"022005","dataVencimentoRegistro":"2005-02-01T00:00:00.000-0300","principioAtivo":null,"situacaoApresentacao":"Caduco/Cancelado","dataRegistro":"2000-09-15T00:00:00.000-0300","categoriaRegulatoria":{"codigo":8,"descricao":"Similar"},"medicamentoReferencia":null,"categoriaProduto":null,"tipoAutorizacao":"REGISTRADO","acancelar":false,"mesAnoVencimentoFormatado":"02/2005","numeroRegistroFormatado":"100140008"},"empresa":{"cnpj":"33517558000106","razaoSocial":"QUIMICA FARMACEUTICA NIKKHO DO BRASIL LTDA","numeroAutorizacao":"1000148","cnpjFormatado":"33.517.558/0001-06"},"processo":{"numero":"2599101375579","situacao":29,"numeroProcessoFormatado":"25991.013755/79"}},{"ordem":10,"produto":{"codigo":3507,"nome":"DIGOCARD","numeroRegistro":"100140073","tipo":{"codigo":1,"descricao":null},"categoria":null,"situacaoRotulo":null,"dataVencimento":null,"mesAnoVencimento":"012003","dataVencimentoRegistro":"2003-01-01T00:00:00.000-0300","principioAtivo":null,"situacaoApresentacao":"Caduco/Cancelado","dataRegistro":"1998-01-26T00:00:00.000-0300","categoriaRegulatoria":{"codigo":8,"descricao":"Similar"},"medicamentoReferencia":null,"categoriaProduto":null,"tipoAutorizacao":"REGISTRADO","acancelar":false,"mesAnoVencimentoFormatado":"01/2003","numeroRegistroFormatado":"100140073"},"empresa":{"cnpj":"33517558000106","razaoSocial":"QUIMICA FARMACEUTICA NIKKHO DO BRASIL LTDA","numeroAutorizacao":"1000148","cnpjFormatado":"33.517.558/0001-06"},"processo":{"numero":"250000199119421","situacao":29,"numeroProcessoFormatado":"25000.019911/94-21"}},{"ordem":11,"produto":{"codigo":1062,"nome":"DRENOVAC","numeroRegistro":"100140016","tipo":{"codigo":1,"descricao":null},"categoria":null,"situacaoRotulo":null,"dataVencimento":null,"mesAnoVencimento":"062004","dataVencimentoRegistro":"2004-06-01T00:00:00.000-0300","principioAtivo":null,"situacaoApresentacao":"Caduco/Cancelado","dataRegistro":"2000-09-15T00:00:00.000-0300","categoriaRegulatoria":{"codigo":8,"descricao":"Similar"},"medicamentoReferencia":null,"categoriaProduto":null,"tipoAutorizacao":"REGISTRADO","acancelar":false,"mesAnoVencimentoFormatado":"06/2004","numeroRegistroFormatado":"100140016"},"empresa":{"cnpj":"33517558000106","razaoSocial":"QUIMICA FARMACEUTICA NIKKHO DO BRASIL LTDA","numeroAutorizacao":"1000148","cnpjFormatado":"33.517.558/0001-06"},"processo":{"numero":"2599100456177","situacao":29,"numeroProcessoFormatado":"25991.004561/77"}},{"ordem":12,"produto":{"codigo":446,"nome":"EACA BALSÂMICO","numeroRegistro":"100140018","tipo":{"codigo":1,"descricao":null},"categoria":null,"situacaoRotulo":null,"dataVencimento":null,"mesAnoVencimento":"052011","dataVencimentoRegistro":"2011-05-01T00:00:00.000-0300","principioAtivo":null,"situacaoApresentacao":"Caduco/Cancelado","dataRegistro":"2001-07-06T00:00:00.000-0300","categoriaRegulatoria":{"codigo":6,"descricao":"Novo"},"medicamentoReferencia":null,"categoriaProduto":null,"tipoAutorizacao":"REGISTRADO","acancelar":false,"mesAnoVencimentoFormatado":"05/2011","numeroRegistroFormatado":"100140018"},"empresa":{"cnpj":"33517558000106","razaoSocial":"QUIMICA FARMACEUTICA NIKKHO DO BRASIL LTDA","numeroAutorizacao":"1000148","cnpjFormatado":"33.517.558/0001-06"},"processo":{"numero":"2599201634275","situacao":29,"numeroProcessoFormatado":"25992.016342/75"}},{"ordem":13,"produto":{"codigo":1072,"nome":"EXPECTOVAC","numeroRegistro":"100140021","tipo":{"codigo":1,"descricao":null},"categoria":null,"situacaoRotulo":null,"dataVencimento":null,"mesAnoVencimento":"102003","dataVencimentoRegistro":"2003-10-01T00:00:00.000-0300","principioAtivo":null,"situacaoApresentacao":"Caduco/Cancelado","dataRegistro":"2000-09-15T00:00:00.000-0300","categoriaRegulatoria":{"codigo":8,"descricao":"Similar"},"medicamentoReferencia":null,"categoriaProduto":null,"tipoAutorizacao":"REGISTRADO","acancelar":false,"mesAnoVencimentoFormatado":"10/2003","numeroRegistroFormatado":"100140021"},"empresa":{"cnpj":"33517558000106","razaoSocial":"QUIMICA FARMACEUTICA NIKKHO DO BRASIL LTDA","numeroAutorizacao":"1000148","cnpjFormatado":"33.517.558/0001-06"},"processo":{"numero":"2599100242178","situacao":29,"numeroProcessoFormatado":"25991.002421/78"}},{"ordem":14,"produto":{"codigo":4391,"nome":"FRAÇÃO G ANTIANÊMICA + ASSOCIAÇÕES","numeroRegistro":"100140056","tipo":{"codigo":1,"descricao":null},"categoria":null,"situacaoRotulo":null,"dataVencimento":null,"mesAnoVencimento":"102001","dataVencimentoRegistro":"2001-10-01T00:00:00.000-0300","principioAtivo":null,"situacaoApresentacao":"Caduco/Cancelado","dataRegistro":"2000-12-08T00:00:00.000-0300","categoriaRegulatoria":{"codigo":3,"descricao":"Específico"},"medicamentoReferencia":null,"categoriaProduto":null,"tipoAutorizacao":"REGISTRADO","acancelar":false,"mesAnoVencimentoFormatado":"10/2001","numeroRegistroFormatado":"100140056"},"empresa":{"cnpj":"33517558000106","razaoSocial":"QUIMICA FARMACEUTICA NIKKHO DO BRASIL LTDA","numeroAutorizacao":"1000148","cnpjFormatado":"33.517.558/0001-06"},"processo":{"numero":"2599201483756","situacao":29,"numeroProcessoFormatado":"25992.014837/56"}},{"ordem":15,"produto":{"codigo":8449,"nome":"GABA","numeroRegistro":"100140009","tipo":{"codigo":1,"descricao":null},"categoria":null,"situacaoRotulo":null,"dataVencimento":null,"mesAnoVencimento":"102004","dataVencimentoRegistro":"2004-10-01T00:00:00.000-0300","principioAtivo":null,"situacaoApresentacao":"Caduco/Cancelado","dataRegistro":"2000-09-15T00:00:00.000-0300","categoriaRegulatoria":{"codigo":8,"descricao":"Similar"},"medicamentoReferencia":null,"categoriaProduto":null,"tipoAutorizacao":"REGISTRADO","acancelar":false,"mesAnoVencimentoFormatado":"10/2004","numeroRegistroFormatado":"100140009"},"empresa":{"cnpj":"33517558000106","razaoSocial":"QUIMICA FARMACEUTICA NIKKHO DO BRASIL LTDA","numeroAutorizacao":"1000148","cnpjFormatado":"33.517.558/0001-06"},"processo":{"numero":"2599201987869","situacao":29,"numeroProcessoFormatado":"25992.019878/69"}},{"ordem":16,"produto":{"codigo":8450,"nome":"GABALLON","numeroRegistro":"100140024","tipo":{"codigo":1,"descricao":null},"categoria":null,"situacaoRotulo":null,"dataVencimento":null,"mesAnoVencimento":"052013","dataVencimentoRegistro":"2013-05-01T00:00:00.000-0300","principioAtivo":null,"situacaoApresentacao":"Caduco/Cancelado","dataRegistro":"2000-03-02T00:00:00.000-0300","categoriaRegulatoria":{"codigo":6,"descricao":"Novo"},"medicamentoReferencia":null,"categoriaProduto":null,"tipoAutorizacao":"REGISTRADO","acancelar":false,"mesAnoVencimentoFormatado":"05/2013","numeroRegistroFormatado":"100140024"},"empresa":{"cnpj":"33517558000106","razaoSocial":"QUIMICA FARMACEUTICA NIKKHO DO BRASIL LTDA","numeroAutorizacao":"1000148","cnpjFormatado":"33.517.558/0001-06"},"processo":{"numero":"2599200256763","situacao":29,"numeroProcessoFormatado":"25992.002567/63"}},{"ordem":17,"produto":{"codigo":8448,"nome":"GAMMAR","numeroRegistro":"100140028","tipo":{"codigo":1,"descricao":null},"categoria":null,"situacaoRotulo":null,"dataVencimento":null,"mesAnoVencimento":"122014","dataVencimentoRegistro":"2014-12-01T00:00:00.000-0300","principioAtivo":null,"situacaoApresentacao":"Caduco/Cancelado","dataRegistro":"2000-09-15T00:00:00.000-0300","categoriaRegulatoria":{"codigo":6,"descricao":"Novo"},"medicamentoReferencia":null,"categoriaProduto":null,"tipoAutorizacao":"REGISTRADO","acancelar":false,"mesAnoVencimentoFormatado":"12/2014","numeroRegistroFormatado":"100140028"},"empresa":{"cnpj":"33517558000106","razaoSocial":"QUIMICA FARMACEUTICA NIKKHO DO BRASIL LTDA","numeroAutorizacao":"1000148","cnpjFormatado":"33.517.558/0001-06"},"processo":{"numero":"2599201081760","situacao":29,"numeroProcessoFormatado":"25992.010817/60"}},{"ordem":18,"produto":{"codigo":1151,"nome":"GERONSAN","numeroRegistro":"100140081","tipo":{"codigo":1,"descricao":null},"categoria":null,"situacaoRotulo":null,"dataVencimento":null,"mesAnoVencimento":"012005","dataVencimentoRegistro":"2005-01-01T00:00:00.000-0300","principioAtivo":null,"situacaoApresentacao":"Caduco/Cancelado","dataRegistro":"2000-01-13T00:00:00.000-0200","categoriaRegulatoria":{"codigo":8,"descricao":"Similar"},"medicamentoReferencia":null,"categoriaProduto":null,"tipoAutorizacao":"REGISTRADO","acancelar":false,"mesAnoVencimentoFormatado":"01/2005","numeroRegistroFormatado":"100140081"},"empresa":{"cnpj":"33517558000106","razaoSocial":"QUIMICA FARMACEUTICA NIKKHO DO BRASIL LTDA","numeroAutorizacao":"1000148","cnpjFormatado":"33.517.558/0001-06"},"processo":{"numero":"250000012239631","situacao":29,"numeroProcessoFormatado":"25000.001223/96-31"}},{"ordem":19,"produto":{"codigo":4024,"nome":"GINKOBA","numeroRegistro":"100140071","tipo":{"codigo":1,"descricao":null},"categoria":null,"situacaoRotulo":null,"dataVencimento":null,"mesAnoVencimento":"052007","dataVencimentoRegistro":"2007-05-01T00:00:00.000-0300","principioAtivo":null,"situacaoApresentacao":"Caduco/Cancelado","dataRegistro":"2000-06-19T00:00:00.000-0300","categoriaRegulatoria":{"codigo":4,"descricao":"Fitoterápico"},"medicamentoReferencia":null,"categoriaProduto":null,"tipoAutorizacao":"REGISTRADO","acancelar":false,"mesAnoVencimentoFormatado":"05/2007","numeroRegistroFormatado":"100140071"},"empresa":{"cnpj":"33517558000106","razaoSocial":"QUIMICA FARMACEUTICA NIKKHO DO BRASIL LTDA","numeroAutorizacao":"1000148","cnpjFormatado":"33.517.558/0001-06"},"processo":{"numero":"250000128279388","situacao":29,"numeroProcessoFormatado":"25000.012827/93-88"}},{"ordem":20,"produto":{"codigo":604661,"nome":"GINKOBA","numeroRegistro":"100149942","tipo":{"codigo":1,"descricao":null},"categoria":null,"situacaoRotulo":null,"dataVencimento":null,"mesAnoVencimento":"122014","dataVencimentoRegistro":"2014-12-01T00:00:00.000-0300","principioAtivo":null,"situacaoApresentacao":"Caduco/Cancelado","dataRegistro":"2009-06-29T00:00:00.000-0300","categoriaRegulatoria":{"codigo":4,"descricao":"Fitoterápico"},"medicamentoReferencia":null,"categoriaProduto":null,"tipoAutorizacao":"REGISTRADO","acancelar":false,"mesAnoVencimentoFormatado":"12/2014","numeroRegistroFormatado":"100149942"},"empresa":{"cnpj":"33517558000106","razaoSocial":"QUIMICA FARMACEUTICA NIKKHO DO BRASIL LTDA","numeroAutorizacao":"1000148","cnpjFormatado":"33.517.558/0001-06"},"processo":{"numero":"25351614159200812","situacao":31,"numeroProcessoFormatado":"25351.614159/2008-12"}},{"ordem":21,"produto":{"codigo":282253,"nome":"GINOMETRIM","numeroRegistro":"100140029","tipo":{"codigo":1,"descricao":null},"categoria":null,"situacaoRotulo":null,"dataVencimento":null,"mesAnoVencimento":"062003","dataVencimentoRegistro":"2003-06-01T00:00:00.000-0300","principioAtivo":null,"situacaoApresentacao":"Caduco/Cancelado","dataRegistro":"1901-01-01T00:00:00.000-0219","categoriaRegulatoria":{"codigo":8,"descricao":"Similar"},"medicamentoReferencia":null,"categoriaProduto":null,"tipoAutorizacao":"REGISTRADO","acancelar":false,"mesAnoVencimentoFormatado":"06/2003","numeroRegistroFormatado":"100140029"},"empresa":{"cnpj":"33517558000106","razaoSocial":"QUIMICA FARMACEUTICA NIKKHO DO BRASIL LTDA","numeroAutorizacao":"1000148","cnpjFormatado":"33.517.558/0001-06"},"processo":{"numero":"2599100267578","situacao":29,"numeroProcessoFormatado":"25991.002675/78"}},{"ordem":22,"produto":{"codigo":1070,"nome":"GINUROVAC","numeroRegistro":"100140030","tipo":{"codigo":1,"descricao":null},"categoria":null,"situacaoRotulo":null,"dataVencimento":null,"mesAnoVencimento":"072008","dataVencimentoRegistro":"2008-07-01T00:00:00.000-0300","principioAtivo":null,"situacaoApresentacao":"Caduco/Cancelado","dataRegistro":"2000-09-15T00:00:00.000-0300","categoriaRegulatoria":{"codigo":8,"descricao":"Similar"},"medicamentoReferencia":null,"categoriaProduto":null,"tipoAutorizacao":"REGISTRADO","acancelar":false,"mesAnoVencimentoFormatado":"07/2008","numeroRegistroFormatado":"100140030"},"empresa":{"cnpj":"33517558000106","razaoSocial":"QUIMICA FARMACEUTICA NIKKHO DO BRASIL LTDA","numeroAutorizacao":"1000148","cnpjFormatado":"33.517.558/0001-06"},"processo":{"numero":"2599100456277","situacao":29,"numeroProcessoFormatado":"25991.004562/77"}},{"ordem":23,"produto":{"codigo":4926,"nome":"HERPESINE","numeroRegistro":"100140033","tipo":{"codigo":1,"descricao":null},"categoria":null,"situacaoRotulo":null,"dataVencimento":null,"mesAnoVencimento":"112013","dataVencimentoRegistro":"2013-11-01T00:00:00.000-0300","principioAtivo":null,"situacaoApresentacao":"Caduco/Cancelado","dataRegistro":"2001-08-24T00:00:00.000-0300","categoriaRegulatoria":{"codigo":6,"descricao":"Novo"},"medicamentoReferencia":null,"categoriaProduto":null,"tipoAutorizacao":"REGISTRADO","acancelar":false,"mesAnoVencimentoFormatado":"11/2013","numeroRegistroFormatado":"100140033"},"empresa":{"cnpj":"33517558000106","razaoSocial":"QUIMICA FARMACEUTICA NIKKHO DO BRASIL LTDA","numeroAutorizacao":"1000148","cnpjFormatado":"33.517.558/0001-06"},"processo":{"numero":"2599200462276","situacao":29,"numeroProcessoFormatado":"25992.004622/76"}},{"ordem":24,"produto":{"codigo":361656,"nome":"IPSILON","numeroRegistro":"100140035","tipo":{"codigo":1,"descricao":null},"categoria":null,"situacaoRotulo":null,"dataVencimento":null,"mesAnoVencimento":"082013","dataVencimentoRegistro":"2013-08-01T00:00:00.000-0300","principioAtivo":null,"situacaoApresentacao":"Caduco/Cancelado","dataRegistro":"2000-09-15T00:00:00.000-0300","categoriaRegulatoria":{"codigo":6,"descricao":"Novo"},"medicamentoReferencia":null,"categoriaProduto":null,"tipoAutorizacao":"REGISTRADO","acancelar":false,"mesAnoVencimentoFormatado":"08/2013","numeroRegistroFormatado":"100140035"},"empresa":{"cnpj":"33517558000106","razaoSocial":"QUIMICA FARMACEUTICA NIKKHO DO BRASIL LTDA","numeroAutorizacao":"1000148","cnpjFormatado":"33.517.558/0001-06"},"processo":{"numero":"2599200042264","situacao":29,"numeroProcessoFormatado":"25992.000422/64"}},{"ordem":25,"produto":{"codigo":5509,"nome":"MALEATO DE ENALAPRIL","numeroRegistro":"100140072","tipo":{"codigo":1,"descricao":null},"categoria":null,"situacaoRotulo":null,"dataVencimento":null,"mesAnoVencimento":"012003","dataVencimentoRegistro":"2003-01-01T00:00:00.000-0300","principioAtivo":null,"situacaoApresentacao":"Caduco/Cancelado","dataRegistro":"1998-01-16T00:00:00.000-0300","categoriaRegulatoria":{"codigo":8,"descricao":"Similar"},"medicamentoReferencia":null,"categoriaProduto":null,"tipoAutorizacao":"REGISTRADO","acancelar":false,"mesAnoVencimentoFormatado":"01/2003","numeroRegistroFormatado":"100140072"},"empresa":{"cnpj":"33517558000106","razaoSocial":"QUIMICA FARMACEUTICA NIKKHO DO BRASIL LTDA","numeroAutorizacao":"1000148","cnpjFormatado":"33.517.558/0001-06"},"processo":{"numero":"250000075869445","situacao":29,"numeroProcessoFormatado":"25000.007586/94-45"}},{"ordem":26,"produto":{"codigo":5715,"nome":"MEPIRIZOLE","numeroRegistro":"100140042","tipo":{"codigo":1,"descricao":null},"categoria":null,"situacaoRotulo":null,"dataVencimento":null,"mesAnoVencimento":"122006","dataVencimentoRegistro":"2006-12-01T00:00:00.000-0300","principioAtivo":null,"situacaoApresentacao":"Caduco/Cancelado","dataRegistro":"2002-01-21T00:00:00.000-0200","categoriaRegulatoria":{"codigo":8,"descricao":"Similar"},"medicamentoReferencia":null,"categoriaProduto":null,"tipoAutorizacao":"REGISTRADO","acancelar":false,"mesAnoVencimentoFormatado":"12/2006","numeroRegistroFormatado":"100140042"},"empresa":{"cnpj":"33517558000106","razaoSocial":"QUIMICA FARMACEUTICA NIKKHO DO BRASIL LTDA","numeroAutorizacao":"1000148","cnpjFormatado":"33.517.558/0001-06"},"processo":{"numero":"2599201837876","situacao":29,"numeroProcessoFormatado":"25992.018378/76"}},{"ordem":27,"produto":{"codigo":554736,"nome":"NALLE","numeroRegistro":"100149941","tipo":{"codigo":1,"descricao":null},"categoria":null,"situacaoRotulo":null,"dataVencimento":null,"mesAnoVencimento":"102013","dataVencimentoRegistro":"2013-10-01T00:00:00.000-0300","principioAtivo":null,"situacaoApresentacao":"Caduco/Cancelado","dataRegistro":"2008-10-06T00:00:00.000-0300","categoriaRegulatoria":{"codigo":4,"descricao":"Fitoterápico"},"medicamentoReferencia":null,"categoriaProduto":null,"tipoAutorizacao":"REGISTRADO","acancelar":false,"mesAnoVencimentoFormatado":"10/2013","numeroRegistroFormatado":"100149941"},"empresa":{"cnpj":"33517558000106","razaoSocial":"QUIMICA FARMACEUTICA NIKKHO DO BRASIL LTDA","numeroAutorizacao":"1000148","cnpjFormatado":"33.517.558/0001-06"},"processo":{"numero":"25351057994200842","situacao":29,"numeroProcessoFormatado":"25351.057994/2008-42"}},{"ordem":28,"produto":{"codigo":6102,"nome":"NIFEDIPINA","numeroRegistro":"100140074","tipo":{"codigo":1,"descricao":null},"categoria":null,"situacaoRotulo":null,"dataVencimento":null,"mesAnoVencimento":"042003","dataVencimentoRegistro":"2003-04-01T00:00:00.000-0300","principioAtivo":null,"situacaoApresentacao":"Caduco/Cancelado","dataRegistro":"1998-04-08T00:00:00.000-0300","categoriaRegulatoria":{"codigo":8,"descricao":"Similar"},"medicamentoReferencia":null,"categoriaProduto":null,"tipoAutorizacao":"REGISTRADO","acancelar":false,"mesAnoVencimentoFormatado":"04/2003","numeroRegistroFormatado":"100140074"},"empresa":{"cnpj":"33517558000106","razaoSocial":"QUIMICA FARMACEUTICA NIKKHO DO BRASIL LTDA","numeroAutorizacao":"1000148","cnpjFormatado":"33.517.558/0001-06"},"processo":{"numero":"250000180219439","situacao":29,"numeroProcessoFormatado":"25000.018021/94-39"}},{"ordem":29,"produto":{"codigo":602632,"nome":"NIKKHO-VAC","numeroRegistro":"100140048","tipo":{"codigo":1,"descricao":null},"categoria":null,"situacaoRotulo":null,"dataVencimento":null,"mesAnoVencimento":"052005","dataVencimentoRegistro":"2005-05-01T00:00:00.000-0300","principioAtivo":null,"situacaoApresentacao":"Caduco/Cancelado","dataRegistro":"1980-05-29T00:00:00.000-0300","categoriaRegulatoria":{"codigo":6,"descricao":"Novo"},"medicamentoReferencia":null,"categoriaProduto":null,"tipoAutorizacao":"REGISTRADO","acancelar":false,"mesAnoVencimentoFormatado":"05/2005","numeroRegistroFormatado":"100140048"},"empresa":{"cnpj":"33517558000106","razaoSocial":"QUIMICA FARMACEUTICA NIKKHO DO BRASIL LTDA","numeroAutorizacao":"1000148","cnpjFormatado":"33.517.558/0001-06"},"processo":{"numero":"2599200725070","situacao":29,"numeroProcessoFormatado":"25992.007250/70"}},{"ordem":30,"produto":{"codigo":1071,"nome":"ODONTOVAC","numeroRegistro":"100140050","tipo":{"codigo":1,"descricao":null},"categoria":null,"situacaoRotulo":null,"dataVencimento":null,"mesAnoVencimento":"092004","dataVencimentoRegistro":"2004-09-01T00:00:00.000-0300","principioAtivo":null,"situacaoApresentacao":"Caduco/Cancelado","dataRegistro":"2000-09-15T00:00:00.000-0300","categoriaRegulatoria":{"codigo":8,"descricao":"Similar"},"medicamentoReferencia":null,"categoriaProduto":null,"tipoAutorizacao":"REGISTRADO","acancelar":false,"mesAnoVencimentoFormatado":"09/2004","numeroRegistroFormatado":"100140050"},"empresa":{"cnpj":"33517558000106","razaoSocial":"QUIMICA FARMACEUTICA NIKKHO DO BRASIL LTDA","numeroAutorizacao":"1000148","cnpjFormatado":"33.517.558/0001-06"},"processo":{"numero":"2599100117577","situacao":29,"numeroProcessoFormatado":"25991.001175/77"}},{"ordem":31,"produto":{"codigo":710436,"nome":"PARACETAMOL","numeroRegistro":"100149943","tipo":{"codigo":1,"descricao":null},"categoria":null,"situacaoRotulo":null,"dataVencimento":null,"mesAnoVencimento":"022016","dataVencimentoRegistro":"2016-02-01T00:00:00.000-0300","principioAtivo":null,"situacaoApresentacao":"Caduco/Cancelado","dataRegistro":"2011-02-22T00:00:00.000-0300","categoriaRegulatoria":{"codigo":5,"descricao":"Genérico"},"medicamentoReferencia":"TYLENOL","categoriaProduto":null,"tipoAutorizacao":"REGISTRADO","acancelar":false,"mesAnoVencimentoFormatado":"02/2016","numeroRegistroFormatado":"100149943"},"empresa":{"cnpj":"33517558000106","razaoSocial":"QUIMICA FARMACEUTICA NIKKHO DO BRASIL LTDA","numeroAutorizacao":"1000148","cnpjFormatado":"33.517.558/0001-06"},"processo":{"numero":"25351501651200917","situacao":29,"numeroProcessoFormatado":"25351.501651/2009-17"}},{"ordem":32,"produto":{"codigo":7101,"nome":"PROPANOLOL","numeroRegistro":"100140068","tipo":{"codigo":1,"descricao":null},"categoria":null,"situacaoRotulo":null,"dataVencimento":null,"mesAnoVencimento":"082001","dataVencimentoRegistro":"2001-08-01T00:00:00.000-0300","principioAtivo":null,"situacaoApresentacao":"Caduco/Cancelado","dataRegistro":"1996-08-23T00:00:00.000-0300","categoriaRegulatoria":{"codigo":8,"descricao":"Similar"},"medicamentoReferencia":null,"categoriaProduto":null,"tipoAutorizacao":"REGISTRADO","acancelar":false,"mesAnoVencimentoFormatado":"08/2001","numeroRegistroFormatado":"100140068"},"empresa":{"cnpj":"33517558000106","razaoSocial":"QUIMICA FARMACEUTICA NIKKHO DO BRASIL LTDA","numeroAutorizacao":"1000148","cnpjFormatado":"33.517.558/0001-06"},"processo":{"numero":"2500001491294","situacao":29,"numeroProcessoFormatado":"25000.014912/94"}},{"ordem":33,"produto":{"codigo":4036,"nome":"PROSTALON","numeroRegistro":"100140082","tipo":{"codigo":1,"descricao":null},"categoria":null,"situacaoRotulo":null,"dataVencimento":null,"mesAnoVencimento":"092010","dataVencimentoRegistro":"2010-09-01T00:00:00.000-0300","principioAtivo":null,"situacaoApresentacao":"Caduco/Cancelado","dataRegistro":"2000-09-20T00:00:00.000-0300","categoriaRegulatoria":{"codigo":8,"descricao":"Similar"},"medicamentoReferencia":null,"categoriaProduto":null,"tipoAutorizacao":"REGISTRADO","acancelar":false,"mesAnoVencimentoFormatado":"09/2010","numeroRegistroFormatado":"100140082"},"empresa":{"cnpj":"33517558000106","razaoSocial":"QUIMICA FARMACEUTICA NIKKHO DO BRASIL LTDA","numeroAutorizacao":"1000148","cnpjFormatado":"33.517.558/0001-06"},"processo":{"numero":"250000144889951","situacao":29,"numeroProcessoFormatado":"25000.014488/99-51"}},{"ordem":34,"produto":{"codigo":8364,"nome":"RADIFREE","numeroRegistro":"100140083","tipo":{"codigo":1,"descricao":null},"categoria":null,"situacaoRotulo":null,"dataVencimento":null,"mesAnoVencimento":"112011","dataVencimentoRegistro":"2011-11-01T00:00:00.000-0300","principioAtivo":null,"situacaoApresentacao":"Caduco/Cancelado","dataRegistro":"2002-02-08T00:00:00.000-0200","categoriaRegulatoria":{"codigo":4,"descricao":"Fitoterápico"},"medicamentoReferencia":null,"categoriaProduto":null,"tipoAutorizacao":"REGISTRADO","acancelar":false,"mesAnoVencimentoFormatado":"11/2011","numeroRegistroFormatado":"100140083"},"empresa":{"cnpj":"33517558000106","razaoSocial":"QUIMICA FARMACEUTICA NIKKHO DO BRASIL LTDA","numeroAutorizacao":"1000148","cnpjFormatado":"33.517.558/0001-06"},"processo":{"numero":"253510076760111","situacao":29,"numeroProcessoFormatado":"25351.007676/01-11"}},{"ordem":35,"produto":{"codigo":7182,"nome":"RANITIDINA","numeroRegistro":"100140069","tipo":{"codigo":1,"descricao":null},"categoria":null,"situacaoRotulo":null,"dataVencimento":null,"mesAnoVencimento":"092001","dataVencimentoRegistro":"2001-09-01T00:00:00.000-0300","principioAtivo":null,"situacaoApresentacao":"Caduco/Cancelado","dataRegistro":"1996-09-23T00:00:00.000-0300","categoriaRegulatoria":{"codigo":8,"descricao":"Similar"},"medicamentoReferencia":null,"categoriaProduto":null,"tipoAutorizacao":"REGISTRADO","acancelar":false,"mesAnoVencimentoFormatado":"09/2001","numeroRegistroFormatado":"100140069"},"empresa":{"cnpj":"33517558000106","razaoSocial":"QUIMICA FARMACEUTICA NIKKHO DO BRASIL LTDA","numeroAutorizacao":"1000148","cnpjFormatado":"33.517.558/0001-06"},"processo":{"numero":"250000075859482","situacao":29,"numeroProcessoFormatado":"25000.007585/94-82"}},{"ordem":36,"produto":{"codigo":911,"nome":"REFORGAN","numeroRegistro":"100140076","tipo":{"codigo":1,"descricao":null},"categoria":null,"situacaoRotulo":null,"dataVencimento":null,"mesAnoVencimento":"062014","dataVencimentoRegistro":"2014-06-01T00:00:00.000-0300","principioAtivo":null,"situacaoApresentacao":"Caduco/Cancelado","dataRegistro":"1999-06-29T00:00:00.000-0300","categoriaRegulatoria":{"codigo":8,"descricao":"Similar"},"medicamentoReferencia":null,"categoriaProduto":null,"tipoAutorizacao":"REGISTRADO","acancelar":false,"mesAnoVencimentoFormatado":"06/2014","numeroRegistroFormatado":"100140076"},"empresa":{"cnpj":"33517558000106","razaoSocial":"QUIMICA FARMACEUTICA NIKKHO DO BRASIL LTDA","numeroAutorizacao":"1000148","cnpjFormatado":"33.517.558/0001-06"},"processo":{"numero":"250000164779824","situacao":29,"numeroProcessoFormatado":"25000.016477/98-24"}},{"ordem":37,"produto":{"codigo":7310,"nome":"SALBUTAMOL","numeroRegistro":"100140067","tipo":{"codigo":1,"descricao":null},"categoria":null,"situacaoRotulo":null,"dataVencimento":null,"mesAnoVencimento":"082001","dataVencimentoRegistro":"2001-08-01T00:00:00.000-0300","principioAtivo":null,"situacaoApresentacao":"Caduco/Cancelado","dataRegistro":"1996-08-23T00:00:00.000-0300","categoriaRegulatoria":{"codigo":8,"descricao":"Similar"},"medicamentoReferencia":null,"categoriaProduto":null,"tipoAutorizacao":"REGISTRADO","acancelar":false,"mesAnoVencimentoFormatado":"08/2001","numeroRegistroFormatado":"100140067"},"empresa":{"cnpj":"33517558000106","razaoSocial":"QUIMICA FARMACEUTICA NIKKHO DO BRASIL LTDA","numeroAutorizacao":"1000148","cnpjFormatado":"33.517.558/0001-06"},"processo":{"numero":"250000075889471","situacao":29,"numeroProcessoFormatado":"25000.007588/94-71"}},{"ordem":38,"produto":{"codigo":5844,"nome":"SILIMALON","numeroRegistro":"100140054","tipo":{"codigo":1,"descricao":null},"categoria":null,"situacaoRotulo":null,"dataVencimento":null,"mesAnoVencimento":"082012","dataVencimentoRegistro":"2012-08-01T00:00:00.000-0300","principioAtivo":null,"situacaoApresentacao":"Caduco/Cancelado","dataRegistro":"2000-09-15T00:00:00.000-0300","categoriaRegulatoria":{"codigo":6,"descricao":"Novo"},"medicamentoReferencia":null,"categoriaProduto":null,"tipoAutorizacao":"REGISTRADO","acancelar":false,"mesAnoVencimentoFormatado":"08/2012","numeroRegistroFormatado":"100140054"},"empresa":{"cnpj":"33517558000106","razaoSocial":"QUIMICA FARMACEUTICA NIKKHO DO BRASIL LTDA","numeroAutorizacao":"1000148","cnpjFormatado":"33.517.558/0001-06"},"processo":{"numero":"2599200851976","situacao":29,"numeroProcessoFormatado":"25992.008519/76"}},{"ordem":39,"produto":{"codigo":492,"nome":"TRANSAMIN","numeroRegistro":"100140055","tipo":{"codigo":1,"descricao":null},"categoria":null,"situacaoRotulo":null,"dataVencimento":null,"mesAnoVencimento":"012017","dataVencimentoRegistro":"2017-01-01T00:00:00.000-0300","principioAtivo":null,"situacaoApresentacao":"Caduco/Cancelado","dataRegistro":"2002-02-27T00:00:00.000-0300","categoriaRegulatoria":{"codigo":6,"descricao":"Novo"},"medicamentoReferencia":null,"categoriaProduto":null,"tipoAutorizacao":"REGISTRADO","acancelar":false,"mesAnoVencimentoFormatado":"01/2017","numeroRegistroFormatado":"100140055"},"empresa":{"cnpj":"33517558000106","razaoSocial":"QUIMICA FARMACEUTICA NIKKHO DO BRASIL LTDA","numeroAutorizacao":"1000148","cnpjFormatado":"33.517.558/0001-06"},"processo":{"numero":"2599201317367","situacao":29,"numeroProcessoFormatado":"25992.013173/67"}},{"ordem":40,"produto":{"codigo":4071,"nome":"VALERIANE","numeroRegistro":"100140070","tipo":{"codigo":1,"descricao":null},"categoria":null,"situacaoRotulo":null,"dataVencimento":null,"mesAnoVencimento":"052012","dataVencimentoRegistro":"2012-05-01T00:00:00.000-0300","principioAtivo":null,"situacaoApresentacao":"Caduco/Cancelado","dataRegistro":"1997-05-08T00:00:00.000-0300","categoriaRegulatoria":{"codigo":8,"descricao":"Similar"},"medicamentoReferencia":null,"categoriaProduto":null,"tipoAutorizacao":"REGISTRADO","acancelar":false,"mesAnoVencimentoFormatado":"05/2012","numeroRegistroFormatado":"100140070"},"empresa":{"cnpj":"33517558000106","razaoSocial":"QUIMICA FARMACEUTICA NIKKHO DO BRASIL LTDA","numeroAutorizacao":"1000148","cnpjFormatado":"33.517.558/0001-06"},"processo":{"numero":"250000075849410","situacao":29,"numeroProcessoFormatado":"25000.007584/94-10"}},{"ordem":41,"produto":{"codigo":8451,"nome":"ÁCIDO GAMA AMINOBUTÍRICO + RESERPINA","numeroRegistro":"100140034","tipo":{"codigo":1,"descricao":null},"categoria":null,"situacaoRotulo":null,"dataVencimento":null,"mesAnoVencimento":"102004","dataVencimentoRegistro":"2004-10-01T00:00:00.000-0300","principioAtivo":null,"situacaoApresentacao":"Caduco/Cancelado","dataRegistro":"2000-03-21T00:00:00.000-0300","categoriaRegulatoria":{"codigo":8,"descricao":"Similar"},"medicamentoReferencia":null,"categoriaProduto":null,"tipoAutorizacao":"REGISTRADO","acancelar":false,"mesAnoVencimentoFormatado":"10/2004","numeroRegistroFormatado":"100140034"},"empresa":{"cnpj":"33517558000106","razaoSocial":"QUIMICA FARMACEUTICA NIKKHO DO BRASIL LTDA","numeroAutorizacao":"1000148","cnpjFormatado":"33.517.558/0001-06"},"processo":{"numero":"2599101023979","situacao":29,"numeroProcessoFormatado":"25991.010239/79"}}],"totalElements":41,"totalPages":1,"last":true,"numberOfElements":41,"size":1000,"number":0,"first":true,"sort":null}