{"content":[{"ordem":1,"produto":{"codigo":126461,"nome":"BACTERAN","numeroRegistro":"120600012","tipo":{"codigo":1,"descricao":null},"categoria":null,"situacaoRotulo":null,"dataVencimento":null,"mesAnoVencimento":"042007","dataVencimentoRegistro":"2007-04-01T00:00:00.000-0300","principioAtivo":null,"situacaoApresentacao":"Caduco/Cancelado","dataRegistro":"2002-04-11T00:00:00.000-0300","categoriaRegulatoria":{"codigo":8,"descricao":"Similar"},"medicamentoReferencia":null,"categoriaProduto":null,"tipoAutorizacao":"REGISTRADO","numeroRegistroFormatado":"120600012","mesAnoVencimentoFormatado":"04/2007","acancelar":false},"empresa":{"cnpj":"35356799000138","razaoSocial":"LAPON INDUSTRIA FARMACEUTICA LTDA - EPP","numeroAutorizacao":"1020609","cnpjFormatado":"35.356.799/0001-38"},"processo":{"numero":"250000035289740","situacao":29,"numeroProcessoFormatado":"25000.003528/97-40"}},{"ordem":2,"produto":{"codigo":3543573,"nome":"CAPSPLAN","numeroRegistro":"120600032","tipo":{"codigo":1,"descricao":null},"categoria":null,"situacaoRotulo":null,"dataVencimento":"2032-08-15T00:00:00.000-0300","mesAnoVencimento":"082032","dataVencimentoRegistro":"2032-08-01T00:00:00.000-0300","principioAtivo":"SENNA ALEXANDRINA MILL.","situacaoApresentacao":"Válido","dataRegistro":"2022-08-15T00:00:00.000-0300","categoriaRegulatoria":{"codigo":4,"descricao":"Fitoterápico"},"medicamentoReferencia":null,"categoriaProduto":null,"tipoAutorizacao":"REGISTRADO","numeroRegistroFormatado":"120600032","mesAnoVencimentoFormatado":"08/2032","acancelar":false},"empresa":{"cnpj":"35356799000138","razaoSocial":"LAPON INDUSTRIA FARMACEUTICA LTDA - EPP","numeroAutorizacao":"1020609","cnpjFormatado":"35.356.799/0001-38"},"processo":{"numero":"25351001417202254","situacao":29,"numeroProcessoFormatado":"25351.001417/2022-54"}},{"ordem":3,"produto":{"codigo":636842,"nome":"CAPSPLAN","numeroRegistro":"120600027","tipo":{"codigo":1,"descricao":null},"categoria":null,"situacaoRotulo":null,"dataVencimento":null,"mesAnoVencimento":"122019","dataVencimentoRegistro":"2019-12-01T00:00:00.000-0300","principioAtivo":null,"situacaoApresentacao":"Caduco/Cancelado","dataRegistro":"2009-11-30T00:00:00.000-0300","categoriaRegulatoria":{"codigo":4,"descricao":"Fitoterápico"},"medicamentoReferencia":null,"categoriaProduto":null,"tipoAutorizacao":"REGISTRADO","numeroRegistroFormatado":"120600027","mesAnoVencimentoFormatado":"12/2019","acancelar":false},"empresa":{"cnpj":"35356799000138","razaoSocial":"LAPON INDUSTRIA FARMACEUTICA LTDA - EPP","numeroAutorizacao":"1020609","cnpjFormatado":"35.356.799/0001-38"},"processo":{"numero":"25351108809200923","situacao":29,"numeroProcessoFormatado":"25351.108809/2009-23"}},{"ordem":4,"produto":{"codigo":8439,"nome":"CEPON","numeroRegistro":"120600006","tipo":{"codigo":1,"descricao":null},"categoria":null,"situacaoRotulo":null,"dataVencimento":null,"mesAnoVencimento":"072015","dataVencimentoRegistro":"2015-07-01T00:00:00.000-0300","principioAtivo":null,"situacaoApresentacao":"Caduco/Cancelado","dataRegistro":"2000-07-19T00:00:00.000-0300","categoriaRegulatoria":{"codigo":8,"descricao":"Similar"},"medicamentoReferencia":null,"categoriaProduto":null,"tipoAutorizacao":"REGISTRADO","numeroRegistroFormatado":"120600006","mesAnoVencimentoFormatado":"07/2015","acancelar":false},"empresa":{"cnpj":"35356799000138","razaoSocial":"LAPON INDUSTRIA FARMACEUTICA LTDA - EPP","numeroAutorizacao":"1020609","cnpjFormatado":"35.356.799/0001-38"},"processo":{"numero":"250000159249936","situacao":29,"numeroProcessoFormatado":"25000.015924/99-36"}},{"ordem":5,"produto":{"codigo":1933,"nome":"CIPROEPTADINA + COMPLEXO B E VIT C","numeroRegistro":"120600003","tipo":{"codigo":1,"descricao":null},"categoria":null,"situacaoRotulo":null,"dataVencimento":null,"mesAnoVencimento":"082004","dataVencimentoRegistro":"2004-08-01T00:00:00.000-0300","principioAtivo":null,"situacaoApresentacao":"Caduco/Cancelado","dataRegistro":"1999-08-09T00:00:00.000-0300","categoriaRegulatoria":{"codigo":8,"descricao":"Similar"},"medicamentoReferencia":null,"categoriaProduto":null,"tipoAutorizacao":"REGISTRADO","numeroRegistroFormatado":"120600003","mesAnoVencimentoFormatado":"08/2004","acancelar":false},"empresa":{"cnpj":"35356799000138","razaoSocial":"LAPON INDUSTRIA FARMACEUTICA LTDA - EPP","numeroAutorizacao":"1020609","cnpjFormatado":"35.356.799/0001-38"},"processo":{"numero":"250000139339956","situacao":29,"numeroProcessoFormatado":"25000.013933/99-56"}},{"ordem":6,"produto":{"codigo":7980,"nome":"COMBECÊ","numeroRegistro":"120600005","tipo":{"codigo":1,"descricao":null},"categoria":null,"situacaoRotulo":null,"dataVencimento":null,"mesAnoVencimento":"052015","dataVencimentoRegistro":"2015-05-01T00:00:00.000-0300","principioAtivo":null,"situacaoApresentacao":"Caduco/Cancelado","dataRegistro":"2000-05-31T00:00:00.000-0300","categoriaRegulatoria":{"codigo":8,"descricao":"Similar"},"medicamentoReferencia":null,"categoriaProduto":null,"tipoAutorizacao":"REGISTRADO","numeroRegistroFormatado":"120600005","mesAnoVencimentoFormatado":"05/2015","acancelar":false},"empresa":{"cnpj":"35356799000138","razaoSocial":"LAPON INDUSTRIA FARMACEUTICA LTDA - EPP","numeroAutorizacao":"1020609","cnpjFormatado":"35.356.799/0001-38"},"processo":{"numero":"250000159259907","situacao":29,"numeroProcessoFormatado":"25000.015925/99-07"}},{"ordem":7,"produto":{"codigo":409690,"nome":"Colegórico","numeroRegistro":"120600025","tipo":{"codigo":1,"descricao":null},"categoria":null,"situacaoRotulo":null,"dataVencimento":null,"mesAnoVencimento":"092025","dataVencimentoRegistro":"2025-09-01T00:00:00.000-0300","principioAtivo":"ATROPA BELLADONNA L.","situacaoApresentacao":"Válido","dataRegistro":"2005-09-26T00:00:00.000-0300","categoriaRegulatoria":{"codigo":4,"descricao":"Fitoterápico"},"medicamentoReferencia":null,"categoriaProduto":null,"tipoAutorizacao":"REGISTRADO","numeroRegistroFormatado":"120600025","mesAnoVencimentoFormatado":"09/2025","acancelar":false},"empresa":{"cnpj":"35356799000138","razaoSocial":"LAPON INDUSTRIA FARMACEUTICA LTDA - EPP","numeroAutorizacao":"1020609","cnpjFormatado":"35.356.799/0001-38"},"processo":{"numero":"25351013124200519","situacao":29,"numeroProcessoFormatado":"25351.013124/2005-19"}},{"ordem":8,"produto":{"codigo":3662,"nome":"DIPLAPON","numeroRegistro":"120600004","tipo":{"codigo":1,"descricao":null},"categoria":null,"situacaoRotulo":null,"dataVencimento":null,"mesAnoVencimento":"082004","dataVencimentoRegistro":"2004-08-01T00:00:00.000-0300","principioAtivo":null,"situacaoApresentacao":"Caduco/Cancelado","dataRegistro":"1999-08-09T00:00:00.000-0300","categoriaRegulatoria":{"codigo":8,"descricao":"Similar"},"medicamentoReferencia":null,"categoriaProduto":null,"tipoAutorizacao":"REGISTRADO","numeroRegistroFormatado":"120600004","mesAnoVencimentoFormatado":"08/2004","acancelar":false},"empresa":{"cnpj":"35356799000138","razaoSocial":"LAPON INDUSTRIA FARMACEUTICA LTDA - EPP","numeroAutorizacao":"1020609","cnpjFormatado":"35.356.799/0001-38"},"processo":{"numero":"250000139319921","situacao":29,"numeroProcessoFormatado":"25000.013931/99-21"}},{"ordem":9,"produto":{"codigo":126224,"nome":"DORAMOL","numeroRegistro":"120600011","tipo":{"codigo":1,"descricao":null},"categoria":null,"situacaoRotulo":null,"dataVencimento":null,"mesAnoVencimento":"042007","dataVencimentoRegistro":"2007-04-01T00:00:00.000-0300","principioAtivo":null,"situacaoApresentacao":"Caduco/Cancelado","dataRegistro":"2002-04-11T00:00:00.000-0300","categoriaRegulatoria":{"codigo":8,"descricao":"Similar"},"medicamentoReferencia":null,"categoriaProduto":null,"tipoAutorizacao":"REGISTRADO","numeroRegistroFormatado":"120600011","mesAnoVencimentoFormatado":"04/2007","acancelar":false},"empresa":{"cnpj":"35356799000138","razaoSocial":"LAPON INDUSTRIA FARMACEUTICA LTDA - EPP","numeroAutorizacao":"1020609","cnpjFormatado":"35.356.799/0001-38"},"processo":{"numero":"250000386479886","situacao":29,"numeroProcessoFormatado":"25000.038647/98-86"}},{"ordem":10,"produto":{"codigo":4820,"nome":"GASTRIZAN","numeroRegistro":"120600002","tipo":{"codigo":1,"descricao":null},"categoria":null,"situacaoRotulo":null,"dataVencimento":null,"mesAnoVencimento":"122008","dataVencimentoRegistro":"2008-12-01T00:00:00.000-0300","principioAtivo":null,"situacaoApresentacao":"Caduco/Cancelado","dataRegistro":"1998-12-18T00:00:00.000-0300","categoriaRegulatoria":{"codigo":8,"descricao":"Similar"},"medicamentoReferencia":null,"categoriaProduto":null,"tipoAutorizacao":"REGISTRADO","numeroRegistroFormatado":"120600002","mesAnoVencimentoFormatado":"12/2008","acancelar":false},"empresa":{"cnpj":"35356799000138","razaoSocial":"LAPON INDUSTRIA FARMACEUTICA LTDA - EPP","numeroAutorizacao":"1020609","cnpjFormatado":"35.356.799/0001-38"},"processo":{"numero":"250000035259751","situacao":29,"numeroProcessoFormatado":"25000.003525/97-51"}},{"ordem":11,"produto":{"codigo":1362,"nome":"GELAPON","numeroRegistro":"120600008","tipo":{"codigo":1,"descricao":null},"categoria":null,"situacaoRotulo":null,"dataVencimento":null,"mesAnoVencimento":"072005","dataVencimentoRegistro":"2005-07-01T00:00:00.000-0300","principioAtivo":null,"situacaoApresentacao":"Caduco/Cancelado","dataRegistro":"2000-07-21T00:00:00.000-0300","categoriaRegulatoria":{"codigo":8,"descricao":"Similar"},"medicamentoReferencia":null,"categoriaProduto":null,"tipoAutorizacao":"REGISTRADO","numeroRegistroFormatado":"120600008","mesAnoVencimentoFormatado":"07/2005","acancelar":false},"empresa":{"cnpj":"35356799000138","razaoSocial":"LAPON INDUSTRIA FARMACEUTICA LTDA - EPP","numeroAutorizacao":"1020609","cnpjFormatado":"35.356.799/0001-38"},"processo":{"numero":"250000035299711","situacao":29,"numeroProcessoFormatado":"25000.003529/97-11"}},{"ordem":12,"produto":{"codigo":68391,"nome":"IODOPOVIDONA (EQUIVALENTE A 01% DE IODO ATIVO)","numeroRegistro":"120600010","tipo":{"codigo":1,"descricao":null},"categoria":null,"situacaoRotulo":null,"dataVencimento":null,"mesAnoVencimento":"032007","dataVencimentoRegistro":"2007-03-01T00:00:00.000-0300","principioAtivo":null,"situacaoApresentacao":"Caduco/Cancelado","dataRegistro":"2002-03-18T00:00:00.000-0300","categoriaRegulatoria":{"codigo":8,"descricao":"Similar"},"medicamentoReferencia":null,"categoriaProduto":null,"tipoAutorizacao":"REGISTRADO","numeroRegistroFormatado":"120600010","mesAnoVencimentoFormatado":"03/2007","acancelar":false},"empresa":{"cnpj":"35356799000138","razaoSocial":"LAPON INDUSTRIA FARMACEUTICA LTDA - EPP","numeroAutorizacao":"1020609","cnpjFormatado":"35.356.799/0001-38"},"processo":{"numero":"250000035309791","situacao":29,"numeroProcessoFormatado":"25000.003530/97-91"}},{"ordem":13,"produto":{"codigo":461272,"nome":"IPECATÓS","numeroRegistro":"120600009","tipo":{"codigo":1,"descricao":null},"categoria":null,"situacaoRotulo":null,"dataVencimento":null,"mesAnoVencimento":"022017","dataVencimentoRegistro":"2017-02-01T00:00:00.000-0300","principioAtivo":null,"situacaoApresentacao":"Caduco/Cancelado","dataRegistro":"2002-02-22T00:00:00.000-0300","categoriaRegulatoria":{"codigo":4,"descricao":"Fitoterápico"},"medicamentoReferencia":null,"categoriaProduto":null,"tipoAutorizacao":"REGISTRADO","numeroRegistroFormatado":"120600009","mesAnoVencimentoFormatado":"02/2017","acancelar":false},"empresa":{"cnpj":"35356799000138","razaoSocial":"LAPON INDUSTRIA FARMACEUTICA LTDA - EPP","numeroAutorizacao":"1020609","cnpjFormatado":"35.356.799/0001-38"},"processo":{"numero":"253510010300049","situacao":29,"numeroProcessoFormatado":"25351.001030/00-49"}},{"ordem":14,"produto":{"codigo":633105,"nome":"PERIAVITA","numeroRegistro":"120600028","tipo":{"codigo":1,"descricao":null},"categoria":null,"situacaoRotulo":null,"dataVencimento":null,"mesAnoVencimento":"112015","dataVencimentoRegistro":"2015-11-01T00:00:00.000-0300","principioAtivo":null,"situacaoApresentacao":"Caduco/Cancelado","dataRegistro":"2010-11-16T00:00:00.000-0300","categoriaRegulatoria":{"codigo":3,"descricao":"Específico"},"medicamentoReferencia":null,"categoriaProduto":null,"tipoAutorizacao":"REGISTRADO","numeroRegistroFormatado":"120600028","mesAnoVencimentoFormatado":"11/2015","acancelar":false},"empresa":{"cnpj":"35356799000138","razaoSocial":"LAPON INDUSTRIA FARMACEUTICA LTDA - EPP","numeroAutorizacao":"1020609","cnpjFormatado":"35.356.799/0001-38"},"processo":{"numero":"25351176250200959","situacao":29,"numeroProcessoFormatado":"25351.176250/2009-59"}},{"ordem":15,"produto":{"codigo":908713,"nome":"RHEUMARTROSE","numeroRegistro":"120600029","tipo":{"codigo":1,"descricao":null},"categoria":null,"situacaoRotulo":null,"dataVencimento":null,"mesAnoVencimento":"082018","dataVencimentoRegistro":"2018-08-01T00:00:00.000-0300","principioAtivo":null,"situacaoApresentacao":"Caduco/Cancelado","dataRegistro":"2013-08-26T00:00:00.000-0300","categoriaRegulatoria":{"codigo":2,"descricao":"Dinamizado"},"medicamentoReferencia":null,"categoriaProduto":null,"tipoAutorizacao":"REGISTRADO","numeroRegistroFormatado":"120600029","mesAnoVencimentoFormatado":"08/2018","acancelar":false},"empresa":{"cnpj":"35356799000138","razaoSocial":"LAPON INDUSTRIA FARMACEUTICA LTDA - EPP","numeroAutorizacao":"1020609","cnpjFormatado":"35.356.799/0001-38"},"processo":{"numero":"25351165981200914","situacao":29,"numeroProcessoFormatado":"25351.165981/2009-14"}},{"ordem":16,"produto":{"codigo":7334,"nome":"SALBUTAMOL","numeroRegistro":"120600001","tipo":{"codigo":1,"descricao":null},"categoria":null,"situacaoRotulo":null,"dataVencimento":null,"mesAnoVencimento":"072003","dataVencimentoRegistro":"2003-07-01T00:00:00.000-0300","principioAtivo":null,"situacaoApresentacao":"Caduco/Cancelado","dataRegistro":"1998-07-13T00:00:00.000-0300","categoriaRegulatoria":{"codigo":8,"descricao":"Similar"},"medicamentoReferencia":null,"categoriaProduto":null,"tipoAutorizacao":"REGISTRADO","numeroRegistroFormatado":"120600001","mesAnoVencimentoFormatado":"07/2003","acancelar":false},"empresa":{"cnpj":"35356799000138","razaoSocial":"LAPON INDUSTRIA FARMACEUTICA LTDA - EPP","numeroAutorizacao":"1020609","cnpjFormatado":"35.356.799/0001-38"},"processo":{"numero":"250000035189796","situacao":29,"numeroProcessoFormatado":"25000.003518/97-96"}},{"ordem":17,"produto":{"codigo":5056,"nome":"TINTURA DE IODO FRACA","numeroRegistro":"120600024","tipo":{"codigo":1,"descricao":null},"categoria":null,"situacaoRotulo":null,"dataVencimento":null,"mesAnoVencimento":"082009","dataVencimentoRegistro":"2009-08-01T00:00:00.000-0300","principioAtivo":null,"situacaoApresentacao":"Caduco/Cancelado","dataRegistro":"2001-08-17T00:00:00.000-0300","categoriaRegulatoria":{"codigo":null,"descricao":null},"medicamentoReferencia":null,"categoriaProduto":null,"tipoAutorizacao":"REGISTRADO","numeroRegistroFormatado":"120600024","mesAnoVencimentoFormatado":"08/2009","acancelar":false},"empresa":{"cnpj":"35356799000138","razaoSocial":"LAPON INDUSTRIA FARMACEUTICA LTDA - EPP","numeroAutorizacao":"1020609","cnpjFormatado":"35.356.799/0001-38"},"processo":{"numero":"2501900011397","situacao":29,"numeroProcessoFormatado":"25019.000113/97"}},{"ordem":18,"produto":{"codigo":3543582,"nome":"VALERIL","numeroRegistro":"120600031","tipo":{"codigo":1,"descricao":null},"categoria":null,"situacaoRotulo":null,"dataVencimento":"2032-08-15T00:00:00.000-0300","mesAnoVencimento":"082032","dataVencimentoRegistro":"2032-08-01T00:00:00.000-0300","principioAtivo":"VALERIANA OFFICINALIS L.","situacaoApresentacao":"Válido","dataRegistro":"2022-08-15T00:00:00.000-0300","categoriaRegulatoria":{"codigo":4,"descricao":"Fitoterápico"},"medicamentoReferencia":null,"categoriaProduto":null,"tipoAutorizacao":"REGISTRADO","numeroRegistroFormatado":"120600031","mesAnoVencimentoFormatado":"08/2032","acancelar":false},"empresa":{"cnpj":"35356799000138","razaoSocial":"LAPON INDUSTRIA FARMACEUTICA LTDA - EPP","numeroAutorizacao":"1020609","cnpjFormatado":"35.356.799/0001-38"},"processo":{"numero":"25351000792202287","situacao":29,"numeroProcessoFormatado":"25351.000792/2022-87"}},{"ordem":19,"produto":{"codigo":3543234,"nome":"VARIZAN CASTANHA DA ÍNDIA","numeroRegistro":"120600030","tipo":{"codigo":1,"descricao":null},"categoria":null,"situacaoRotulo":null,"dataVencimento":"2032-08-15T00:00:00.000-0300","mesAnoVencimento":"082032","dataVencimentoRegistro":"2032-08-01T00:00:00.000-0300","principioAtivo":"AESCULUS HIPPOCASTANUM L.","situacaoApresentacao":"Válido","dataRegistro":"2022-08-15T00:00:00.000-0300","categoriaRegulatoria":{"codigo":4,"descricao":"Fitoterápico"},"medicamentoReferencia":null,"categoriaProduto":null,"tipoAutorizacao":"REGISTRADO","numeroRegistroFormatado":"120600030","mesAnoVencimentoFormatado":"08/2032","acancelar":false},"empresa":{"cnpj":"35356799000138","razaoSocial":"LAPON INDUSTRIA FARMACEUTICA LTDA - EPP","numeroAutorizacao":"1020609","cnpjFormatado":"35.356.799/0001-38"},"processo":{"numero":"25351000693202203","situacao":29,"numeroProcessoFormatado":"25351.000693/2022-03"}},{"ordem":20,"produto":{"codigo":2009,"nome":"VINHO FERRUGINOSO","numeroRegistro":"120600023","tipo":{"codigo":1,"descricao":null},"categoria":null,"situacaoRotulo":null,"dataVencimento":null,"mesAnoVencimento":"012010","dataVencimentoRegistro":"2010-01-01T00:00:00.000-0300","principioAtivo":null,"situacaoApresentacao":"Caduco/Cancelado","dataRegistro":"2002-01-31T00:00:00.000-0200","categoriaRegulatoria":{"codigo":null,"descricao":null},"medicamentoReferencia":null,"categoriaProduto":null,"tipoAutorizacao":"REGISTRADO","numeroRegistroFormatado":"120600023","mesAnoVencimentoFormatado":"01/2010","acancelar":false},"empresa":{"cnpj":"35356799000138","razaoSocial":"LAPON INDUSTRIA FARMACEUTICA LTDA - EPP","numeroAutorizacao":"1020609","cnpjFormatado":"35.356.799/0001-38"},"processo":{"numero":"250000300209869","situacao":29,"numeroProcessoFormatado":"25000.030020/98-69"}},{"ordem":21,"produto":{"codigo":8454,"nome":"ÁCIDO SALICÍLICO + ASSOCIAÇÕES","numeroRegistro":"120600007","tipo":{"codigo":1,"descricao":null},"categoria":null,"situacaoRotulo":null,"dataVencimento":null,"mesAnoVencimento":"072005","dataVencimentoRegistro":"2005-07-01T00:00:00.000-0300","principioAtivo":null,"situacaoApresentacao":"Caduco/Cancelado","dataRegistro":"2000-07-19T00:00:00.000-0300","categoriaRegulatoria":{"codigo":8,"descricao":"Similar"},"medicamentoReferencia":null,"categoriaProduto":null,"tipoAutorizacao":"REGISTRADO","numeroRegistroFormatado":"120600007","mesAnoVencimentoFormatado":"07/2005","acancelar":false},"empresa":{"cnpj":"35356799000138","razaoSocial":"LAPON INDUSTRIA FARMACEUTICA LTDA - EPP","numeroAutorizacao":"1020609","cnpjFormatado":"35.356.799/0001-38"},"processo":{"numero":"250000159269961","situacao":29,"numeroProcessoFormatado":"25000.015926/99-61"}},{"ordem":22,"produto":{"codigo":7155,"nome":"ÓLEO DE AMENDOAS AMARGAS","numeroRegistro":"120600026","tipo":{"codigo":1,"descricao":null},"categoria":null,"situacaoRotulo":null,"dataVencimento":null,"mesAnoVencimento":"072009","dataVencimentoRegistro":"2009-07-01T00:00:00.000-0300","principioAtivo":null,"situacaoApresentacao":"Caduco/Cancelado","dataRegistro":"2001-08-08T00:00:00.000-0300","categoriaRegulatoria":{"codigo":null,"descricao":null},"medicamentoReferencia":null,"categoriaProduto":null,"tipoAutorizacao":"REGISTRADO","numeroRegistroFormatado":"120600026","mesAnoVencimentoFormatado":"07/2009","acancelar":false},"empresa":{"cnpj":"35356799000138","razaoSocial":"LAPON INDUSTRIA FARMACEUTICA LTDA - EPP","numeroAutorizacao":"1020609","cnpjFormatado":"35.356.799/0001-38"},"processo":{"numero":"2501900009697","situacao":29,"numeroProcessoFormatado":"25019.000096/97"}}],"totalElements":22,"totalPages":1,"last":true,"numberOfElements":22,"first":true,"sort":null,"size":1000,"number":0}