{"content":[{"ordem":1,"produto":{"codigo":2509243,"nome":"ALOND","numeroRegistro":"115350009","tipo":{"codigo":1,"descricao":null},"categoria":null,"situacaoRotulo":null,"dataVencimento":null,"mesAnoVencimento":"032028","dataVencimentoRegistro":"2028-03-01T00:00:00.000-0300","principioAtivo":"PREGABALINA","situacaoApresentacao":"Válido","dataRegistro":"2021-09-20T00:00:00.000-0300","categoriaRegulatoria":{"codigo":8,"descricao":"Similar"},"medicamentoReferencia":"LYRICA","categoriaProduto":null,"tipoAutorizacao":"REGISTRADO","acancelar":false,"numeroRegistroFormatado":"115350009","mesAnoVencimentoFormatado":"03/2028"},"empresa":{"cnpj":"36674526000102","razaoSocial":"UPJOHN BRASIL IMPORTADORA E DISTRIBUIDORA DE MEDICAMENTOS LTDA.","numeroAutorizacao":null,"cnpjFormatado":"36.674.526/0001-02"},"processo":{"numero":"25351574199202191","situacao":29,"numeroProcessoFormatado":"25351.574199/2021-91"}},{"ordem":2,"produto":{"codigo":2497058,"nome":"CARDURAN","numeroRegistro":"115350006","tipo":{"codigo":1,"descricao":null},"categoria":null,"situacaoRotulo":null,"dataVencimento":null,"mesAnoVencimento":"112029","dataVencimentoRegistro":"2029-11-01T00:00:00.000-0300","principioAtivo":"MESILATO DE DOXAZOSINA","situacaoApresentacao":"Válido","dataRegistro":"2021-09-13T00:00:00.000-0300","categoriaRegulatoria":{"codigo":6,"descricao":"Novo"},"medicamentoReferencia":null,"categoriaProduto":null,"tipoAutorizacao":"REGISTRADO","acancelar":false,"numeroRegistroFormatado":"115350006","mesAnoVencimentoFormatado":"11/2029"},"empresa":{"cnpj":"36674526000102","razaoSocial":"UPJOHN BRASIL IMPORTADORA E DISTRIBUIDORA DE MEDICAMENTOS LTDA.","numeroAutorizacao":null,"cnpjFormatado":"36.674.526/0001-02"},"processo":{"numero":"25351574164202152","situacao":29,"numeroProcessoFormatado":"25351.574164/2021-52"}},{"ordem":3,"produto":{"codigo":2528922,"nome":"DETRUSITOL","numeroRegistro":"115350008","tipo":{"codigo":1,"descricao":null},"categoria":null,"situacaoRotulo":null,"dataVencimento":null,"mesAnoVencimento":"062028","dataVencimentoRegistro":"2028-06-01T00:00:00.000-0300","principioAtivo":"TARTARATO DE TOLTERODINA","situacaoApresentacao":"Válido","dataRegistro":"2021-09-20T00:00:00.000-0300","categoriaRegulatoria":{"codigo":6,"descricao":"Novo"},"medicamentoReferencia":null,"categoriaProduto":null,"tipoAutorizacao":"REGISTRADO","acancelar":false,"numeroRegistroFormatado":"115350008","mesAnoVencimentoFormatado":"06/2028"},"empresa":{"cnpj":"36674526000102","razaoSocial":"UPJOHN BRASIL IMPORTADORA E DISTRIBUIDORA DE MEDICAMENTOS LTDA.","numeroAutorizacao":null,"cnpjFormatado":"36.674.526/0001-02"},"processo":{"numero":"25351574156202114","situacao":29,"numeroProcessoFormatado":"25351.574156/2021-14"}},{"ordem":4,"produto":{"codigo":2494571,"nome":"GEODON","numeroRegistro":"115350005","tipo":{"codigo":1,"descricao":null},"categoria":null,"situacaoRotulo":null,"dataVencimento":"2024-07-15T00:00:00.000-0300","mesAnoVencimento":"022028","dataVencimentoRegistro":"2028-02-01T00:00:00.000-0300","principioAtivo":"CLORIDRATO DE ZIPRASIDONA MONOIDRATADO","situacaoApresentacao":"Válido","dataRegistro":"2021-09-13T00:00:00.000-0300","categoriaRegulatoria":{"codigo":6,"descricao":"Novo"},"medicamentoReferencia":null,"categoriaProduto":null,"tipoAutorizacao":"REGISTRADO","acancelar":false,"numeroRegistroFormatado":"115350005","mesAnoVencimentoFormatado":"02/2028"},"empresa":{"cnpj":"36674526000102","razaoSocial":"UPJOHN BRASIL IMPORTADORA E DISTRIBUIDORA DE MEDICAMENTOS LTDA.","numeroAutorizacao":null,"cnpjFormatado":"36.674.526/0001-02"},"processo":{"numero":"25351574126202108","situacao":29,"numeroProcessoFormatado":"25351.574126/2021-08"}},{"ordem":5,"produto":{"codigo":1340566,"nome":"INSPRA","numeroRegistro":"115350010","tipo":{"codigo":1,"descricao":null},"categoria":null,"situacaoRotulo":null,"dataVencimento":null,"mesAnoVencimento":"032032","dataVencimentoRegistro":"2032-03-01T00:00:00.000-0300","principioAtivo":"eplerenona","situacaoApresentacao":"Válido","dataRegistro":"2022-03-21T00:00:00.000-0300","categoriaRegulatoria":{"codigo":6,"descricao":"Novo"},"medicamentoReferencia":null,"categoriaProduto":null,"tipoAutorizacao":"REGISTRADO","acancelar":false,"numeroRegistroFormatado":"115350010","mesAnoVencimentoFormatado":"03/2032"},"empresa":{"cnpj":"36674526000102","razaoSocial":"UPJOHN BRASIL IMPORTADORA E DISTRIBUIDORA DE MEDICAMENTOS LTDA.","numeroAutorizacao":null,"cnpjFormatado":"36.674.526/0001-02"},"processo":{"numero":"25351423081201981","situacao":29,"numeroProcessoFormatado":"25351.423081/2019-81"}},{"ordem":6,"produto":{"codigo":2412832,"nome":"LYRICA","numeroRegistro":"115350004","tipo":{"codigo":1,"descricao":null},"categoria":null,"situacaoRotulo":null,"dataVencimento":null,"mesAnoVencimento":"122029","dataVencimentoRegistro":"2029-12-01T00:00:00.000-0300","principioAtivo":"PREGABALINA","situacaoApresentacao":"Válido","dataRegistro":"2021-09-13T00:00:00.000-0300","categoriaRegulatoria":{"codigo":6,"descricao":"Novo"},"medicamentoReferencia":null,"categoriaProduto":null,"tipoAutorizacao":"REGISTRADO","acancelar":false,"numeroRegistroFormatado":"115350004","mesAnoVencimentoFormatado":"12/2029"},"empresa":{"cnpj":"36674526000102","razaoSocial":"UPJOHN BRASIL IMPORTADORA E DISTRIBUIDORA DE MEDICAMENTOS LTDA.","numeroAutorizacao":null,"cnpjFormatado":"36.674.526/0001-02"},"processo":{"numero":"25351574117202117","situacao":29,"numeroProcessoFormatado":"25351.574117/2021-17"}},{"ordem":7,"produto":{"codigo":2518211,"nome":"NEURONTIN","numeroRegistro":"115350007","tipo":{"codigo":1,"descricao":null},"categoria":null,"situacaoRotulo":null,"dataVencimento":null,"mesAnoVencimento":"112029","dataVencimentoRegistro":"2029-11-01T00:00:00.000-0300","principioAtivo":"GABAPENTINA","situacaoApresentacao":"Válido","dataRegistro":"2021-09-20T00:00:00.000-0300","categoriaRegulatoria":{"codigo":6,"descricao":"Novo"},"medicamentoReferencia":null,"categoriaProduto":null,"tipoAutorizacao":"REGISTRADO","acancelar":false,"numeroRegistroFormatado":"115350007","mesAnoVencimentoFormatado":"11/2029"},"empresa":{"cnpj":"36674526000102","razaoSocial":"UPJOHN BRASIL IMPORTADORA E DISTRIBUIDORA DE MEDICAMENTOS LTDA.","numeroAutorizacao":null,"cnpjFormatado":"36.674.526/0001-02"},"processo":{"numero":"25351574110202197","situacao":29,"numeroProcessoFormatado":"25351.574110/2021-97"}},{"ordem":8,"produto":{"codigo":2410411,"nome":"SERMION","numeroRegistro":"115350003","tipo":{"codigo":1,"descricao":null},"categoria":null,"situacaoRotulo":null,"dataVencimento":null,"mesAnoVencimento":"032025","dataVencimentoRegistro":"2025-03-01T00:00:00.000-0300","principioAtivo":"NICERGOLINA","situacaoApresentacao":"Válido","dataRegistro":"2021-09-13T00:00:00.000-0300","categoriaRegulatoria":{"codigo":6,"descricao":"Novo"},"medicamentoReferencia":null,"categoriaProduto":null,"tipoAutorizacao":"REGISTRADO","acancelar":false,"numeroRegistroFormatado":"115350003","mesAnoVencimentoFormatado":"03/2025"},"empresa":{"cnpj":"36674526000102","razaoSocial":"UPJOHN BRASIL IMPORTADORA E DISTRIBUIDORA DE MEDICAMENTOS LTDA.","numeroAutorizacao":null,"cnpjFormatado":"36.674.526/0001-02"},"processo":{"numero":"25351574072202172","situacao":29,"numeroProcessoFormatado":"25351.574072/2021-72"}},{"ordem":9,"produto":{"codigo":2410171,"nome":"XALACOM","numeroRegistro":"115350002","tipo":{"codigo":1,"descricao":null},"categoria":null,"situacaoRotulo":null,"dataVencimento":null,"mesAnoVencimento":"022027","dataVencimentoRegistro":"2027-02-01T00:00:00.000-0300","principioAtivo":"LATANOPROSTA, MALEATO DE TIMOLOL","situacaoApresentacao":"Válido","dataRegistro":"2021-09-13T00:00:00.000-0300","categoriaRegulatoria":{"codigo":6,"descricao":"Novo"},"medicamentoReferencia":null,"categoriaProduto":null,"tipoAutorizacao":"REGISTRADO","acancelar":false,"numeroRegistroFormatado":"115350002","mesAnoVencimentoFormatado":"02/2027"},"empresa":{"cnpj":"36674526000102","razaoSocial":"UPJOHN BRASIL IMPORTADORA E DISTRIBUIDORA DE MEDICAMENTOS LTDA.","numeroAutorizacao":null,"cnpjFormatado":"36.674.526/0001-02"},"processo":{"numero":"25351574062202137","situacao":29,"numeroProcessoFormatado":"25351.574062/2021-37"}},{"ordem":10,"produto":{"codigo":2404749,"nome":"XALATAN","numeroRegistro":"115350001","tipo":{"codigo":1,"descricao":null},"categoria":null,"situacaoRotulo":null,"dataVencimento":null,"mesAnoVencimento":"032027","dataVencimentoRegistro":"2027-03-01T00:00:00.000-0300","principioAtivo":"LATANOPROSTA","situacaoApresentacao":"Válido","dataRegistro":"2021-09-13T00:00:00.000-0300","categoriaRegulatoria":{"codigo":6,"descricao":"Novo"},"medicamentoReferencia":null,"categoriaProduto":null,"tipoAutorizacao":"REGISTRADO","acancelar":false,"numeroRegistroFormatado":"115350001","mesAnoVencimentoFormatado":"03/2027"},"empresa":{"cnpj":"36674526000102","razaoSocial":"UPJOHN BRASIL IMPORTADORA E DISTRIBUIDORA DE MEDICAMENTOS LTDA.","numeroAutorizacao":null,"cnpjFormatado":"36.674.526/0001-02"},"processo":{"numero":"25351574037202153","situacao":29,"numeroProcessoFormatado":"25351.574037/2021-53"}},{"ordem":11,"produto":{"codigo":1299746,"nome":"ZEFORUS","numeroRegistro":"115350011","tipo":{"codigo":1,"descricao":null},"categoria":null,"situacaoRotulo":null,"dataVencimento":null,"mesAnoVencimento":"042032","dataVencimentoRegistro":"2032-04-01T00:00:00.000-0300","principioAtivo":"BROMIDRATO DE ELETRIPTANA","situacaoApresentacao":"Válido","dataRegistro":"2022-04-04T00:00:00.000-0300","categoriaRegulatoria":{"codigo":6,"descricao":"Novo"},"medicamentoReferencia":null,"categoriaProduto":null,"tipoAutorizacao":"REGISTRADO","acancelar":false,"numeroRegistroFormatado":"115350011","mesAnoVencimentoFormatado":"04/2032"},"empresa":{"cnpj":"36674526000102","razaoSocial":"UPJOHN BRASIL IMPORTADORA E DISTRIBUIDORA DE MEDICAMENTOS LTDA.","numeroAutorizacao":null,"cnpjFormatado":"36.674.526/0001-02"},"processo":{"numero":"25351010419201939","situacao":29,"numeroProcessoFormatado":"25351.010419/2019-39"}}],"totalElements":11,"totalPages":1,"last":true,"numberOfElements":11,"size":1000,"number":0,"first":true,"sort":null}