{"content":[{"ordem":1,"produto":{"codigo":124818,"nome":"AGUA BORICADA 3%","numeroRegistro":"133828018","tipo":{"codigo":1,"descricao":null},"categoria":null,"situacaoRotulo":null,"dataVencimento":null,"mesAnoVencimento":"042010","dataVencimentoRegistro":"2010-04-01T00:00:00.000-0300","principioAtivo":null,"situacaoApresentacao":"Caduco/Cancelado","dataRegistro":"2002-04-11T00:00:00.000-0300","categoriaRegulatoria":{"codigo":null,"descricao":null},"medicamentoReferencia":null,"categoriaProduto":null,"tipoAutorizacao":"REGISTRADO","numeroRegistroFormatado":"133828018","mesAnoVencimentoFormatado":"04/2010","acancelar":false},"empresa":{"cnpj":"39032974000192","razaoSocial":"VIC PHARMA INDUSTRIA E COMERCIO LTDA","numeroAutorizacao":"1033828","cnpjFormatado":"39.032.974/0001-92"},"processo":{"numero":"250000234749856","situacao":29,"numeroProcessoFormatado":"25000.023474/98-56"}},{"ordem":2,"produto":{"codigo":654,"nome":"ALUMEN","numeroRegistro":"133828013","tipo":{"codigo":1,"descricao":null},"categoria":null,"situacaoRotulo":null,"dataVencimento":null,"mesAnoVencimento":"072009","dataVencimentoRegistro":"2009-07-01T00:00:00.000-0300","principioAtivo":null,"situacaoApresentacao":"Caduco/Cancelado","dataRegistro":"2001-08-08T00:00:00.000-0300","categoriaRegulatoria":{"codigo":null,"descricao":null},"medicamentoReferencia":null,"categoriaProduto":null,"tipoAutorizacao":"REGISTRADO","numeroRegistroFormatado":"133828013","mesAnoVencimentoFormatado":"07/2009","acancelar":false},"empresa":{"cnpj":"39032974000192","razaoSocial":"VIC PHARMA INDUSTRIA E COMERCIO LTDA","numeroAutorizacao":"1033828","cnpjFormatado":"39.032.974/0001-92"},"processo":{"numero":"250000248579851","situacao":29,"numeroProcessoFormatado":"25000.024857/98-51"}},{"ordem":3,"produto":{"codigo":124874,"nome":"AMONIA","numeroRegistro":"133828022","tipo":{"codigo":1,"descricao":null},"categoria":null,"situacaoRotulo":null,"dataVencimento":null,"mesAnoVencimento":"042005","dataVencimentoRegistro":"2005-04-01T00:00:00.000-0300","principioAtivo":null,"situacaoApresentacao":"Caduco/Cancelado","dataRegistro":"2002-04-11T00:00:00.000-0300","categoriaRegulatoria":{"codigo":null,"descricao":null},"medicamentoReferencia":null,"categoriaProduto":null,"tipoAutorizacao":"REGISTRADO","numeroRegistroFormatado":"133828022","mesAnoVencimentoFormatado":"04/2005","acancelar":false},"empresa":{"cnpj":"39032974000192","razaoSocial":"VIC PHARMA INDUSTRIA E COMERCIO LTDA","numeroAutorizacao":"1033828","cnpjFormatado":"39.032.974/0001-92"},"processo":{"numero":"250000234759819","situacao":29,"numeroProcessoFormatado":"25000.023475/98-19"}},{"ordem":4,"produto":{"codigo":145421,"nome":"AZICERIO","numeroRegistro":"133820002","tipo":{"codigo":1,"descricao":null},"categoria":null,"situacaoRotulo":null,"dataVencimento":null,"mesAnoVencimento":"012018","dataVencimentoRegistro":"2018-01-01T00:00:00.000-0300","principioAtivo":null,"situacaoApresentacao":"Caduco/Cancelado","dataRegistro":"2003-01-23T00:00:00.000-0300","categoriaRegulatoria":{"codigo":8,"descricao":"Similar"},"medicamentoReferencia":null,"categoriaProduto":null,"tipoAutorizacao":"REGISTRADO","numeroRegistroFormatado":"133820002","mesAnoVencimentoFormatado":"01/2018","acancelar":false},"empresa":{"cnpj":"39032974000192","razaoSocial":"VIC PHARMA INDUSTRIA E COMERCIO LTDA","numeroAutorizacao":"1033828","cnpjFormatado":"39.032.974/0001-92"},"processo":{"numero":"25351188472200204","situacao":29,"numeroProcessoFormatado":"25351.188472/2002-04"}},{"ordem":5,"produto":{"codigo":145406,"nome":"AZIPRATA","numeroRegistro":"133820001","tipo":{"codigo":1,"descricao":null},"categoria":null,"situacaoRotulo":null,"dataVencimento":null,"mesAnoVencimento":"012018","dataVencimentoRegistro":"2018-01-01T00:00:00.000-0300","principioAtivo":null,"situacaoApresentacao":"Caduco/Cancelado","dataRegistro":"2003-01-23T00:00:00.000-0300","categoriaRegulatoria":{"codigo":8,"descricao":"Similar"},"medicamentoReferencia":null,"categoriaProduto":null,"tipoAutorizacao":"REGISTRADO","numeroRegistroFormatado":"133820001","mesAnoVencimentoFormatado":"01/2018","acancelar":false},"empresa":{"cnpj":"39032974000192","razaoSocial":"VIC PHARMA INDUSTRIA E COMERCIO LTDA","numeroAutorizacao":"1033828","cnpjFormatado":"39.032.974/0001-92"},"processo":{"numero":"25351188469200282","situacao":20,"numeroProcessoFormatado":"25351.188469/2002-82"}},{"ordem":6,"produto":{"codigo":371373,"nome":"CHLOROHEX","numeroRegistro":"133828011","tipo":{"codigo":1,"descricao":null},"categoria":null,"situacaoRotulo":null,"dataVencimento":null,"mesAnoVencimento":"112009","dataVencimentoRegistro":"2009-11-01T00:00:00.000-0300","principioAtivo":null,"situacaoApresentacao":"Caduco/Cancelado","dataRegistro":"2004-11-22T00:00:00.000-0300","categoriaRegulatoria":{"codigo":8,"descricao":"Similar"},"medicamentoReferencia":null,"categoriaProduto":null,"tipoAutorizacao":"REGISTRADO","numeroRegistroFormatado":"133828011","mesAnoVencimentoFormatado":"11/2009","acancelar":false},"empresa":{"cnpj":"39032974000192","razaoSocial":"VIC PHARMA INDUSTRIA E COMERCIO LTDA","numeroAutorizacao":"1033828","cnpjFormatado":"39.032.974/0001-92"},"processo":{"numero":"25351016453200431","situacao":20,"numeroProcessoFormatado":"25351.016453/2004-31"}},{"ordem":7,"produto":{"codigo":455046,"nome":"DIGLUREX","numeroRegistro":"133828028","tipo":{"codigo":1,"descricao":null},"categoria":null,"situacaoRotulo":null,"dataVencimento":null,"mesAnoVencimento":"042011","dataVencimentoRegistro":"2011-04-01T00:00:00.000-0300","principioAtivo":null,"situacaoApresentacao":"Caduco/Cancelado","dataRegistro":"2006-04-17T00:00:00.000-0300","categoriaRegulatoria":{"codigo":8,"descricao":"Similar"},"medicamentoReferencia":null,"categoriaProduto":null,"tipoAutorizacao":"REGISTRADO","numeroRegistroFormatado":"133828028","mesAnoVencimentoFormatado":"04/2011","acancelar":false},"empresa":{"cnpj":"39032974000192","razaoSocial":"VIC PHARMA INDUSTRIA E COMERCIO LTDA","numeroAutorizacao":"1033828","cnpjFormatado":"39.032.974/0001-92"},"processo":{"numero":"25351050156200686","situacao":29,"numeroProcessoFormatado":"25351.050156/2006-86"}},{"ordem":8,"produto":{"codigo":401518,"nome":"POVIDINE","numeroRegistro":"133828012","tipo":{"codigo":1,"descricao":null},"categoria":null,"situacaoRotulo":null,"dataVencimento":null,"mesAnoVencimento":"032010","dataVencimentoRegistro":"2010-03-01T00:00:00.000-0300","principioAtivo":null,"situacaoApresentacao":"Caduco/Cancelado","dataRegistro":"2005-03-04T00:00:00.000-0300","categoriaRegulatoria":{"codigo":8,"descricao":"Similar"},"medicamentoReferencia":null,"categoriaProduto":null,"tipoAutorizacao":"REGISTRADO","numeroRegistroFormatado":"133828012","mesAnoVencimentoFormatado":"03/2010","acancelar":false},"empresa":{"cnpj":"39032974000192","razaoSocial":"VIC PHARMA INDUSTRIA E COMERCIO LTDA","numeroAutorizacao":"1033828","cnpjFormatado":"39.032.974/0001-92"},"processo":{"numero":"25351031953200583","situacao":29,"numeroProcessoFormatado":"25351.031953/2005-83"}},{"ordem":9,"produto":{"codigo":283991,"nome":"Sene icar","numeroRegistro":"133828010","tipo":{"codigo":1,"descricao":null},"categoria":null,"situacaoRotulo":null,"dataVencimento":null,"mesAnoVencimento":"072008","dataVencimentoRegistro":"2008-07-01T00:00:00.000-0300","principioAtivo":null,"situacaoApresentacao":"Caduco/Cancelado","dataRegistro":"2003-07-28T00:00:00.000-0300","categoriaRegulatoria":{"codigo":4,"descricao":"Fitoterápico"},"medicamentoReferencia":null,"categoriaProduto":null,"tipoAutorizacao":"REGISTRADO","numeroRegistroFormatado":"133828010","mesAnoVencimentoFormatado":"07/2008","acancelar":false},"empresa":{"cnpj":"39032974000192","razaoSocial":"VIC PHARMA INDUSTRIA E COMERCIO LTDA","numeroAutorizacao":"1033828","cnpjFormatado":"39.032.974/0001-92"},"processo":{"numero":"250000248549862","situacao":29,"numeroProcessoFormatado":"25000.024854/98-62"}}],"totalPages":1,"totalElements":9,"last":true,"numberOfElements":9,"first":true,"sort":null,"size":1000,"number":0}