{"content":[{"ordem":1,"produto":{"codigo":330,"nome":"ACIDO ACELTILSALICILICO","numeroRegistro":"127020018","tipo":{"codigo":1,"descricao":null},"categoria":null,"situacaoRotulo":null,"dataVencimento":null,"mesAnoVencimento":"012005","dataVencimentoRegistro":"2005-01-01T00:00:00.000-0300","principioAtivo":null,"situacaoApresentacao":"Caduco/Cancelado","dataRegistro":"2000-01-31T00:00:00.000-0200","categoriaRegulatoria":{"codigo":8,"descricao":"Similar"},"medicamentoReferencia":null,"categoriaProduto":null,"tipoAutorizacao":"REGISTRADO","numeroRegistroFormatado":"127020018","mesAnoVencimentoFormatado":"01/2005","acancelar":false},"empresa":{"cnpj":"40809626000168","razaoSocial":"BIOWELL AMERICA LTDA","numeroAutorizacao":"1027027","cnpjFormatado":"40.809.626/0001-68"},"processo":{"numero":"250000060239971","situacao":29,"numeroProcessoFormatado":"25000.006023/99-71"}},{"ordem":2,"produto":{"codigo":423,"nome":"ACIDO ASCORBICO + ASSOCIAÇÕES","numeroRegistro":"127020029","tipo":{"codigo":1,"descricao":null},"categoria":null,"situacaoRotulo":null,"dataVencimento":null,"mesAnoVencimento":"052005","dataVencimentoRegistro":"2005-05-01T00:00:00.000-0300","principioAtivo":null,"situacaoApresentacao":"Caduco/Cancelado","dataRegistro":"2000-05-25T00:00:00.000-0300","categoriaRegulatoria":{"codigo":8,"descricao":"Similar"},"medicamentoReferencia":null,"categoriaProduto":null,"tipoAutorizacao":"REGISTRADO","numeroRegistroFormatado":"127020029","mesAnoVencimentoFormatado":"05/2005","acancelar":false},"empresa":{"cnpj":"40809626000168","razaoSocial":"BIOWELL AMERICA LTDA","numeroAutorizacao":"1027027","cnpjFormatado":"40.809.626/0001-68"},"processo":{"numero":"250000163989931","situacao":29,"numeroProcessoFormatado":"25000.016398/99-31"}},{"ordem":3,"produto":{"codigo":426,"nome":"ACIDO ASCORBICO+COMPLEXO B","numeroRegistro":"127020023","tipo":{"codigo":1,"descricao":null},"categoria":null,"situacaoRotulo":null,"dataVencimento":null,"mesAnoVencimento":"022005","dataVencimentoRegistro":"2005-02-01T00:00:00.000-0300","principioAtivo":null,"situacaoApresentacao":"Caduco/Cancelado","dataRegistro":"2000-01-31T00:00:00.000-0200","categoriaRegulatoria":{"codigo":8,"descricao":"Similar"},"medicamentoReferencia":null,"categoriaProduto":null,"tipoAutorizacao":"REGISTRADO","numeroRegistroFormatado":"127020023","mesAnoVencimentoFormatado":"02/2005","acancelar":false},"empresa":{"cnpj":"40809626000168","razaoSocial":"BIOWELL AMERICA LTDA","numeroAutorizacao":"1027027","cnpjFormatado":"40.809.626/0001-68"},"processo":{"numero":"250000130769958","situacao":29,"numeroProcessoFormatado":"25000.013076/99-58"}},{"ordem":4,"produto":{"codigo":6993,"nome":"ALL 26","numeroRegistro":"127020028","tipo":{"codigo":1,"descricao":null},"categoria":null,"situacaoRotulo":null,"dataVencimento":null,"mesAnoVencimento":"022010","dataVencimentoRegistro":"2010-02-01T00:00:00.000-0300","principioAtivo":null,"situacaoApresentacao":"Caduco/Cancelado","dataRegistro":"2000-02-29T00:00:00.000-0300","categoriaRegulatoria":{"codigo":8,"descricao":"Similar"},"medicamentoReferencia":null,"categoriaProduto":null,"tipoAutorizacao":"REGISTRADO","numeroRegistroFormatado":"127020028","mesAnoVencimentoFormatado":"02/2010","acancelar":false},"empresa":{"cnpj":"40809626000168","razaoSocial":"BIOWELL AMERICA LTDA","numeroAutorizacao":"1027027","cnpjFormatado":"40.809.626/0001-68"},"processo":{"numero":"250000220109931","situacao":29,"numeroProcessoFormatado":"25000.022010/99-31"}},{"ordem":5,"produto":{"codigo":6979,"nome":"ALL 26 GERIATRIC","numeroRegistro":"127020012","tipo":{"codigo":1,"descricao":null},"categoria":null,"situacaoRotulo":null,"dataVencimento":null,"mesAnoVencimento":"022015","dataVencimentoRegistro":"2015-02-01T00:00:00.000-0300","principioAtivo":null,"situacaoApresentacao":"Caduco/Cancelado","dataRegistro":"2000-01-31T00:00:00.000-0200","categoriaRegulatoria":{"codigo":8,"descricao":"Similar"},"medicamentoReferencia":null,"categoriaProduto":null,"tipoAutorizacao":"REGISTRADO","numeroRegistroFormatado":"127020012","mesAnoVencimentoFormatado":"02/2015","acancelar":false},"empresa":{"cnpj":"40809626000168","razaoSocial":"BIOWELL AMERICA LTDA","numeroAutorizacao":"1027027","cnpjFormatado":"40.809.626/0001-68"},"processo":{"numero":"250000220099951","situacao":29,"numeroProcessoFormatado":"25000.022009/99-51"}},{"ordem":6,"produto":{"codigo":7022,"nome":"ANTIOXIDANT VITAMIN & MINERAL SUPLEMENT","numeroRegistro":"127020009","tipo":{"codigo":1,"descricao":null},"categoria":null,"situacaoRotulo":null,"dataVencimento":null,"mesAnoVencimento":"022010","dataVencimentoRegistro":"2010-02-01T00:00:00.000-0300","principioAtivo":null,"situacaoApresentacao":"Caduco/Cancelado","dataRegistro":"2000-01-28T00:00:00.000-0200","categoriaRegulatoria":{"codigo":8,"descricao":"Similar"},"medicamentoReferencia":null,"categoriaProduto":null,"tipoAutorizacao":"REGISTRADO","numeroRegistroFormatado":"127020009","mesAnoVencimentoFormatado":"02/2010","acancelar":false},"empresa":{"cnpj":"40809626000168","razaoSocial":"BIOWELL AMERICA LTDA","numeroAutorizacao":"1027027","cnpjFormatado":"40.809.626/0001-68"},"processo":{"numero":"250000199339979","situacao":29,"numeroProcessoFormatado":"25000.019933/99-79"}},{"ordem":7,"produto":{"codigo":1154,"nome":"BETACAROTENO","numeroRegistro":"127020033","tipo":{"codigo":1,"descricao":null},"categoria":null,"situacaoRotulo":null,"dataVencimento":null,"mesAnoVencimento":"122005","dataVencimentoRegistro":"2005-12-01T00:00:00.000-0300","principioAtivo":null,"situacaoApresentacao":"Caduco/Cancelado","dataRegistro":"2000-12-28T00:00:00.000-0300","categoriaRegulatoria":{"codigo":8,"descricao":"Similar"},"medicamentoReferencia":null,"categoriaProduto":null,"tipoAutorizacao":"REGISTRADO","numeroRegistroFormatado":"127020033","mesAnoVencimentoFormatado":"12/2005","acancelar":false},"empresa":{"cnpj":"40809626000168","razaoSocial":"BIOWELL AMERICA LTDA","numeroAutorizacao":"1027027","cnpjFormatado":"40.809.626/0001-68"},"processo":{"numero":"250000130799946","situacao":29,"numeroProcessoFormatado":"25000.013079/99-46"}},{"ordem":8,"produto":{"codigo":416,"nome":"CHEWABLE ACEROLA C","numeroRegistro":"127020006","tipo":{"codigo":1,"descricao":null},"categoria":null,"situacaoRotulo":null,"dataVencimento":null,"mesAnoVencimento":"092004","dataVencimentoRegistro":"2004-09-01T00:00:00.000-0300","principioAtivo":null,"situacaoApresentacao":"Caduco/Cancelado","dataRegistro":"1999-09-22T00:00:00.000-0300","categoriaRegulatoria":{"codigo":8,"descricao":"Similar"},"medicamentoReferencia":null,"categoriaProduto":null,"tipoAutorizacao":"REGISTRADO","numeroRegistroFormatado":"127020006","mesAnoVencimentoFormatado":"09/2004","acancelar":false},"empresa":{"cnpj":"40809626000168","razaoSocial":"BIOWELL AMERICA LTDA","numeroAutorizacao":"1027027","cnpjFormatado":"40.809.626/0001-68"},"processo":{"numero":"250000130789983","situacao":29,"numeroProcessoFormatado":"25000.013078/99-83"}},{"ordem":9,"produto":{"codigo":3151,"nome":"CÁLCIO + VIT D","numeroRegistro":"127020005","tipo":{"codigo":1,"descricao":null},"categoria":null,"situacaoRotulo":null,"dataVencimento":null,"mesAnoVencimento":"082004","dataVencimentoRegistro":"2004-08-01T00:00:00.000-0300","principioAtivo":null,"situacaoApresentacao":"Caduco/Cancelado","dataRegistro":"1999-08-18T00:00:00.000-0300","categoriaRegulatoria":{"codigo":8,"descricao":"Similar"},"medicamentoReferencia":null,"categoriaProduto":null,"tipoAutorizacao":"REGISTRADO","numeroRegistroFormatado":"127020005","mesAnoVencimentoFormatado":"08/2004","acancelar":false},"empresa":{"cnpj":"40809626000168","razaoSocial":"BIOWELL AMERICA LTDA","numeroAutorizacao":"1027027","cnpjFormatado":"40.809.626/0001-68"},"processo":{"numero":"250000130759995","situacao":29,"numeroProcessoFormatado":"25000.013075/99-95"}},{"ordem":10,"produto":{"codigo":425,"nome":"EYE VITE","numeroRegistro":"127020019","tipo":{"codigo":1,"descricao":null},"categoria":null,"situacaoRotulo":null,"dataVencimento":null,"mesAnoVencimento":"022005","dataVencimentoRegistro":"2005-02-01T00:00:00.000-0300","principioAtivo":null,"situacaoApresentacao":"Caduco/Cancelado","dataRegistro":"2000-01-31T00:00:00.000-0200","categoriaRegulatoria":{"codigo":8,"descricao":"Similar"},"medicamentoReferencia":null,"categoriaProduto":null,"tipoAutorizacao":"REGISTRADO","numeroRegistroFormatado":"127020019","mesAnoVencimentoFormatado":"02/2005","acancelar":false},"empresa":{"cnpj":"40809626000168","razaoSocial":"BIOWELL AMERICA LTDA","numeroAutorizacao":"1027027","cnpjFormatado":"40.809.626/0001-68"},"processo":{"numero":"250000219269946","situacao":29,"numeroProcessoFormatado":"25000.021926/99-46"}},{"ordem":11,"produto":{"codigo":1834,"nome":"FDC - VIT B12","numeroRegistro":"127020021","tipo":{"codigo":1,"descricao":null},"categoria":null,"situacaoRotulo":null,"dataVencimento":null,"mesAnoVencimento":"022025","dataVencimentoRegistro":"2025-02-01T00:00:00.000-0300","principioAtivo":null,"situacaoApresentacao":"Caduco/Cancelado","dataRegistro":"2000-01-31T00:00:00.000-0200","categoriaRegulatoria":{"codigo":3,"descricao":"Específico"},"medicamentoReferencia":null,"categoriaProduto":null,"tipoAutorizacao":"REGISTRADO","numeroRegistroFormatado":"127020021","mesAnoVencimentoFormatado":"02/2025","acancelar":false},"empresa":{"cnpj":"40809626000168","razaoSocial":"BIOWELL AMERICA LTDA","numeroAutorizacao":"1027027","cnpjFormatado":"40.809.626/0001-68"},"processo":{"numero":"250000130749922","situacao":29,"numeroProcessoFormatado":"25000.013074/99-22"}},{"ordem":12,"produto":{"codigo":8305,"nome":"FDC -ESTRESS 500 +","numeroRegistro":"127020007","tipo":{"codigo":1,"descricao":null},"categoria":null,"situacaoRotulo":null,"dataVencimento":null,"mesAnoVencimento":"022010","dataVencimentoRegistro":"2010-02-01T00:00:00.000-0300","principioAtivo":null,"situacaoApresentacao":"Caduco/Cancelado","dataRegistro":"2000-01-28T00:00:00.000-0200","categoriaRegulatoria":{"codigo":8,"descricao":"Similar"},"medicamentoReferencia":null,"categoriaProduto":null,"tipoAutorizacao":"REGISTRADO","numeroRegistroFormatado":"127020007","mesAnoVencimentoFormatado":"02/2010","acancelar":false},"empresa":{"cnpj":"40809626000168","razaoSocial":"BIOWELL AMERICA LTDA","numeroAutorizacao":"1027027","cnpjFormatado":"40.809.626/0001-68"},"processo":{"numero":"250000219319986","situacao":29,"numeroProcessoFormatado":"25000.021931/99-86"}},{"ordem":13,"produto":{"codigo":580702,"nome":"FDC BETACAROTENO 15 MG","numeroRegistro":"127020037","tipo":{"codigo":1,"descricao":null},"categoria":null,"situacaoRotulo":null,"dataVencimento":null,"mesAnoVencimento":"082018","dataVencimentoRegistro":"2018-08-01T00:00:00.000-0300","principioAtivo":null,"situacaoApresentacao":"Caduco/Cancelado","dataRegistro":"2008-08-11T00:00:00.000-0300","categoriaRegulatoria":{"codigo":3,"descricao":"Específico"},"medicamentoReferencia":null,"categoriaProduto":null,"tipoAutorizacao":"REGISTRADO","numeroRegistroFormatado":"127020037","mesAnoVencimentoFormatado":"08/2018","acancelar":false},"empresa":{"cnpj":"40809626000168","razaoSocial":"BIOWELL AMERICA LTDA","numeroAutorizacao":"1027027","cnpjFormatado":"40.809.626/0001-68"},"processo":{"numero":"25351016153200885","situacao":29,"numeroProcessoFormatado":"25351.016153/2008-85"}},{"ordem":14,"produto":{"codigo":417,"nome":"FDC VITAMIN C FILM COATED","numeroRegistro":"127020024","tipo":{"codigo":1,"descricao":null},"categoria":null,"situacaoRotulo":null,"dataVencimento":null,"mesAnoVencimento":"022020","dataVencimentoRegistro":"2020-02-01T00:00:00.000-0300","principioAtivo":null,"situacaoApresentacao":"Caduco/Cancelado","dataRegistro":"2000-01-31T00:00:00.000-0200","categoriaRegulatoria":{"codigo":3,"descricao":"Específico"},"medicamentoReferencia":null,"categoriaProduto":null,"tipoAutorizacao":"REGISTRADO","numeroRegistroFormatado":"127020024","mesAnoVencimentoFormatado":"02/2020","acancelar":false},"empresa":{"cnpj":"40809626000168","razaoSocial":"BIOWELL AMERICA LTDA","numeroAutorizacao":"1027027","cnpjFormatado":"40.809.626/0001-68"},"processo":{"numero":"250000070709997","situacao":29,"numeroProcessoFormatado":"25000.007070/99-97"}},{"ordem":15,"produto":{"codigo":240,"nome":"FDC VITAMIN E 400 UI","numeroRegistro":"127020030","tipo":{"codigo":1,"descricao":null},"categoria":null,"situacaoRotulo":null,"dataVencimento":null,"mesAnoVencimento":"062010","dataVencimentoRegistro":"2010-06-01T00:00:00.000-0300","principioAtivo":null,"situacaoApresentacao":"Caduco/Cancelado","dataRegistro":"2000-06-15T00:00:00.000-0300","categoriaRegulatoria":{"codigo":8,"descricao":"Similar"},"medicamentoReferencia":null,"categoriaProduto":null,"tipoAutorizacao":"REGISTRADO","numeroRegistroFormatado":"127020030","mesAnoVencimentoFormatado":"06/2010","acancelar":false},"empresa":{"cnpj":"40809626000168","razaoSocial":"BIOWELL AMERICA LTDA","numeroAutorizacao":"1027027","cnpjFormatado":"40.809.626/0001-68"},"processo":{"numero":"250000163999901","situacao":29,"numeroProcessoFormatado":"25000.016399/99-01"}},{"ordem":16,"produto":{"codigo":428,"nome":"FDC-VIT COM ROSE HIPS","numeroRegistro":"127020022","tipo":{"codigo":1,"descricao":null},"categoria":null,"situacaoRotulo":null,"dataVencimento":null,"mesAnoVencimento":"022005","dataVencimentoRegistro":"2005-02-01T00:00:00.000-0300","principioAtivo":null,"situacaoApresentacao":"Caduco/Cancelado","dataRegistro":"2000-01-31T00:00:00.000-0200","categoriaRegulatoria":{"codigo":8,"descricao":"Similar"},"medicamentoReferencia":null,"categoriaProduto":null,"tipoAutorizacao":"REGISTRADO","numeroRegistroFormatado":"127020022","mesAnoVencimentoFormatado":"02/2005","acancelar":false},"empresa":{"cnpj":"40809626000168","razaoSocial":"BIOWELL AMERICA LTDA","numeroAutorizacao":"1027027","cnpjFormatado":"40.809.626/0001-68"},"processo":{"numero":"250000070699916","situacao":29,"numeroProcessoFormatado":"25000.007069/99-16"}},{"ordem":17,"produto":{"codigo":8341,"nome":"FDC-VITAMINA E-D -ALPHA","numeroRegistro":"127020025","tipo":{"codigo":1,"descricao":null},"categoria":null,"situacaoRotulo":null,"dataVencimento":null,"mesAnoVencimento":"022015","dataVencimentoRegistro":"2015-02-01T00:00:00.000-0300","principioAtivo":null,"situacaoApresentacao":"Caduco/Cancelado","dataRegistro":"2000-01-31T00:00:00.000-0200","categoriaRegulatoria":{"codigo":8,"descricao":"Similar"},"medicamentoReferencia":null,"categoriaProduto":null,"tipoAutorizacao":"REGISTRADO","numeroRegistroFormatado":"127020025","mesAnoVencimentoFormatado":"02/2015","acancelar":false},"empresa":{"cnpj":"40809626000168","razaoSocial":"BIOWELL AMERICA LTDA","numeroAutorizacao":"1027027","cnpjFormatado":"40.809.626/0001-68"},"processo":{"numero":"250000071009956","situacao":29,"numeroProcessoFormatado":"25000.007100/99-56"}},{"ordem":18,"produto":{"codigo":458,"nome":"FOLICO 400 FDC","numeroRegistro":"127020034","tipo":{"codigo":1,"descricao":null},"categoria":null,"situacaoRotulo":null,"dataVencimento":null,"mesAnoVencimento":"122006","dataVencimentoRegistro":"2006-12-01T00:00:00.000-0300","principioAtivo":null,"situacaoApresentacao":"Caduco/Cancelado","dataRegistro":"2001-12-21T00:00:00.000-0200","categoriaRegulatoria":{"codigo":6,"descricao":"Novo"},"medicamentoReferencia":null,"categoriaProduto":null,"tipoAutorizacao":"REGISTRADO","numeroRegistroFormatado":"127020034","mesAnoVencimentoFormatado":"12/2006","acancelar":false},"empresa":{"cnpj":"40809626000168","razaoSocial":"BIOWELL AMERICA LTDA","numeroAutorizacao":"1027027","cnpjFormatado":"40.809.626/0001-68"},"processo":{"numero":"250000503899932","situacao":29,"numeroProcessoFormatado":"25000.050389/99-32"}},{"ordem":19,"produto":{"codigo":7024,"nome":"GERIMIX COM BETACAROTENO","numeroRegistro":"127020008","tipo":{"codigo":1,"descricao":null},"categoria":null,"situacaoRotulo":null,"dataVencimento":null,"mesAnoVencimento":"022005","dataVencimentoRegistro":"2005-02-01T00:00:00.000-0300","principioAtivo":null,"situacaoApresentacao":"Caduco/Cancelado","dataRegistro":"2000-01-28T00:00:00.000-0200","categoriaRegulatoria":{"codigo":8,"descricao":"Similar"},"medicamentoReferencia":null,"categoriaProduto":null,"tipoAutorizacao":"REGISTRADO","numeroRegistroFormatado":"127020008","mesAnoVencimentoFormatado":"02/2005","acancelar":false},"empresa":{"cnpj":"40809626000168","razaoSocial":"BIOWELL AMERICA LTDA","numeroAutorizacao":"1027027","cnpjFormatado":"40.809.626/0001-68"},"processo":{"numero":"250000219309913","situacao":29,"numeroProcessoFormatado":"25000.021930/99-13"}},{"ordem":20,"produto":{"codigo":4655,"nome":"GLUCONATO DE MAGNESIO","numeroRegistro":"127020004","tipo":{"codigo":1,"descricao":null},"categoria":null,"situacaoRotulo":null,"dataVencimento":null,"mesAnoVencimento":"082004","dataVencimentoRegistro":"2004-08-01T00:00:00.000-0300","principioAtivo":null,"situacaoApresentacao":"Caduco/Cancelado","dataRegistro":"1999-08-18T00:00:00.000-0300","categoriaRegulatoria":{"codigo":8,"descricao":"Similar"},"medicamentoReferencia":null,"categoriaProduto":null,"tipoAutorizacao":"REGISTRADO","numeroRegistroFormatado":"127020004","mesAnoVencimentoFormatado":"08/2004","acancelar":false},"empresa":{"cnpj":"40809626000168","razaoSocial":"BIOWELL AMERICA LTDA","numeroAutorizacao":"1027027","cnpjFormatado":"40.809.626/0001-68"},"processo":{"numero":"250000130779911","situacao":29,"numeroProcessoFormatado":"25000.013077/99-11"}},{"ordem":21,"produto":{"codigo":8333,"nome":"NATURAL SUPER C 500 MG PLUS ACEROLA","numeroRegistro":"127020016","tipo":{"codigo":1,"descricao":null},"categoria":null,"situacaoRotulo":null,"dataVencimento":null,"mesAnoVencimento":"022005","dataVencimentoRegistro":"2005-02-01T00:00:00.000-0300","principioAtivo":null,"situacaoApresentacao":"Caduco/Cancelado","dataRegistro":"2000-01-31T00:00:00.000-0200","categoriaRegulatoria":{"codigo":8,"descricao":"Similar"},"medicamentoReferencia":null,"categoriaProduto":null,"tipoAutorizacao":"REGISTRADO","numeroRegistroFormatado":"127020016","mesAnoVencimentoFormatado":"02/2005","acancelar":false},"empresa":{"cnpj":"40809626000168","razaoSocial":"BIOWELL AMERICA LTDA","numeroAutorizacao":"1027027","cnpjFormatado":"40.809.626/0001-68"},"processo":{"numero":"250000219259983","situacao":29,"numeroProcessoFormatado":"25000.021925/99-83"}},{"ordem":22,"produto":{"codigo":7031,"nome":"POLIVITAMINICOS SEM MINERAIS","numeroRegistro":"127020032","tipo":{"codigo":1,"descricao":null},"categoria":null,"situacaoRotulo":null,"dataVencimento":null,"mesAnoVencimento":"102005","dataVencimentoRegistro":"2005-10-01T00:00:00.000-0300","principioAtivo":null,"situacaoApresentacao":"Caduco/Cancelado","dataRegistro":"2000-11-01T00:00:00.000-0300","categoriaRegulatoria":{"codigo":8,"descricao":"Similar"},"medicamentoReferencia":null,"categoriaProduto":null,"tipoAutorizacao":"REGISTRADO","numeroRegistroFormatado":"127020032","mesAnoVencimentoFormatado":"10/2005","acancelar":false},"empresa":{"cnpj":"40809626000168","razaoSocial":"BIOWELL AMERICA LTDA","numeroAutorizacao":"1027027","cnpjFormatado":"40.809.626/0001-68"},"processo":{"numero":"253510041230034","situacao":29,"numeroProcessoFormatado":"25351.004123/00-34"}},{"ordem":23,"produto":{"codigo":427,"nome":"STRESS FÓRMULA 500 PLUS + FERRO","numeroRegistro":"127020027","tipo":{"codigo":1,"descricao":null},"categoria":null,"situacaoRotulo":null,"dataVencimento":null,"mesAnoVencimento":"022005","dataVencimentoRegistro":"2005-02-01T00:00:00.000-0300","principioAtivo":null,"situacaoApresentacao":"Caduco/Cancelado","dataRegistro":"2000-02-29T00:00:00.000-0300","categoriaRegulatoria":{"codigo":8,"descricao":"Similar"},"medicamentoReferencia":null,"categoriaProduto":null,"tipoAutorizacao":"REGISTRADO","numeroRegistroFormatado":"127020027","mesAnoVencimentoFormatado":"02/2005","acancelar":false},"empresa":{"cnpj":"40809626000168","razaoSocial":"BIOWELL AMERICA LTDA","numeroAutorizacao":"1027027","cnpjFormatado":"40.809.626/0001-68"},"processo":{"numero":"250000189819986","situacao":29,"numeroProcessoFormatado":"25000.018981/99-86"}},{"ordem":24,"produto":{"codigo":1344,"nome":"SUPER CAL MAG","numeroRegistro":"127020010","tipo":{"codigo":1,"descricao":null},"categoria":null,"situacaoRotulo":null,"dataVencimento":null,"mesAnoVencimento":"022015","dataVencimentoRegistro":"2015-02-01T00:00:00.000-0300","principioAtivo":null,"situacaoApresentacao":"Caduco/Cancelado","dataRegistro":"2000-01-31T00:00:00.000-0200","categoriaRegulatoria":{"codigo":8,"descricao":"Similar"},"medicamentoReferencia":null,"categoriaProduto":null,"tipoAutorizacao":"REGISTRADO","numeroRegistroFormatado":"127020010","mesAnoVencimentoFormatado":"02/2015","acancelar":false},"empresa":{"cnpj":"40809626000168","razaoSocial":"BIOWELL AMERICA LTDA","numeroAutorizacao":"1027027","cnpjFormatado":"40.809.626/0001-68"},"processo":{"numero":"250000219289971","situacao":29,"numeroProcessoFormatado":"25000.021928/99-71"}},{"ordem":25,"produto":{"codigo":376,"nome":"TRI - BUFERED ASPIRIN","numeroRegistro":"127020013","tipo":{"codigo":1,"descricao":null},"categoria":null,"situacaoRotulo":null,"dataVencimento":null,"mesAnoVencimento":"012005","dataVencimentoRegistro":"2005-01-01T00:00:00.000-0300","principioAtivo":null,"situacaoApresentacao":"Caduco/Cancelado","dataRegistro":"2000-01-31T00:00:00.000-0200","categoriaRegulatoria":{"codigo":8,"descricao":"Similar"},"medicamentoReferencia":null,"categoriaProduto":null,"tipoAutorizacao":"REGISTRADO","numeroRegistroFormatado":"127020013","mesAnoVencimentoFormatado":"01/2005","acancelar":false},"empresa":{"cnpj":"40809626000168","razaoSocial":"BIOWELL AMERICA LTDA","numeroAutorizacao":"1027027","cnpjFormatado":"40.809.626/0001-68"},"processo":{"numero":"250000044489918","situacao":29,"numeroProcessoFormatado":"25000.004448/99-18"}},{"ordem":26,"produto":{"codigo":8311,"nome":"VITAMIN A FISH LIVER OIL","numeroRegistro":"127020011","tipo":{"codigo":1,"descricao":null},"categoria":null,"situacaoRotulo":null,"dataVencimento":null,"mesAnoVencimento":"022010","dataVencimentoRegistro":"2010-02-01T00:00:00.000-0300","principioAtivo":null,"situacaoApresentacao":"Caduco/Cancelado","dataRegistro":"2000-01-31T00:00:00.000-0200","categoriaRegulatoria":{"codigo":8,"descricao":"Similar"},"medicamentoReferencia":null,"categoriaProduto":null,"tipoAutorizacao":"REGISTRADO","numeroRegistroFormatado":"127020011","mesAnoVencimentoFormatado":"02/2010","acancelar":false},"empresa":{"cnpj":"40809626000168","razaoSocial":"BIOWELL AMERICA LTDA","numeroAutorizacao":"1027027","cnpjFormatado":"40.809.626/0001-68"},"processo":{"numero":"250000093849914","situacao":29,"numeroProcessoFormatado":"25000.009384/99-14"}},{"ordem":27,"produto":{"codigo":2794,"nome":"VITAMIN B-6 100 MG","numeroRegistro":"127020017","tipo":{"codigo":1,"descricao":null},"categoria":null,"situacaoRotulo":null,"dataVencimento":null,"mesAnoVencimento":"022015","dataVencimentoRegistro":"2015-02-01T00:00:00.000-0300","principioAtivo":null,"situacaoApresentacao":"Caduco/Cancelado","dataRegistro":"2000-01-31T00:00:00.000-0200","categoriaRegulatoria":{"codigo":8,"descricao":"Similar"},"medicamentoReferencia":null,"categoriaProduto":null,"tipoAutorizacao":"REGISTRADO","numeroRegistroFormatado":"127020017","mesAnoVencimentoFormatado":"02/2015","acancelar":false},"empresa":{"cnpj":"40809626000168","razaoSocial":"BIOWELL AMERICA LTDA","numeroAutorizacao":"1027027","cnpjFormatado":"40.809.626/0001-68"},"processo":{"numero":"250000163979978","situacao":29,"numeroProcessoFormatado":"25000.016397/99-78"}},{"ordem":28,"produto":{"codigo":1223,"nome":"VITAMIN FOR HAIR","numeroRegistro":"127020020","tipo":{"codigo":1,"descricao":null},"categoria":null,"situacaoRotulo":null,"dataVencimento":null,"mesAnoVencimento":"022010","dataVencimentoRegistro":"2010-02-01T00:00:00.000-0300","principioAtivo":null,"situacaoApresentacao":"Caduco/Cancelado","dataRegistro":"2000-01-31T00:00:00.000-0200","categoriaRegulatoria":{"codigo":8,"descricao":"Similar"},"medicamentoReferencia":null,"categoriaProduto":null,"tipoAutorizacao":"REGISTRADO","numeroRegistroFormatado":"127020020","mesAnoVencimentoFormatado":"02/2010","acancelar":false},"empresa":{"cnpj":"40809626000168","razaoSocial":"BIOWELL AMERICA LTDA","numeroAutorizacao":"1027027","cnpjFormatado":"40.809.626/0001-68"},"processo":{"numero":"250000219329949","situacao":29,"numeroProcessoFormatado":"25000.021932/99-49"}},{"ordem":29,"produto":{"codigo":8331,"nome":"VITAMINA C + ROSE HIPS","numeroRegistro":"127020026","tipo":{"codigo":1,"descricao":null},"categoria":null,"situacaoRotulo":null,"dataVencimento":null,"mesAnoVencimento":"022005","dataVencimentoRegistro":"2005-02-01T00:00:00.000-0300","principioAtivo":null,"situacaoApresentacao":"Caduco/Cancelado","dataRegistro":"2000-02-18T00:00:00.000-0200","categoriaRegulatoria":{"codigo":8,"descricao":"Similar"},"medicamentoReferencia":null,"categoriaProduto":null,"tipoAutorizacao":"REGISTRADO","numeroRegistroFormatado":"127020026","mesAnoVencimentoFormatado":"02/2005","acancelar":false},"empresa":{"cnpj":"40809626000168","razaoSocial":"BIOWELL AMERICA LTDA","numeroAutorizacao":"1027027","cnpjFormatado":"40.809.626/0001-68"},"processo":{"numero":"250000130809925","situacao":29,"numeroProcessoFormatado":"25000.013080/99-25"}},{"ordem":30,"produto":{"codigo":8338,"nome":"VITAMINA E + SELENIO","numeroRegistro":"127020014","tipo":{"codigo":1,"descricao":null},"categoria":null,"situacaoRotulo":null,"dataVencimento":null,"mesAnoVencimento":"022015","dataVencimentoRegistro":"2015-02-01T00:00:00.000-0300","principioAtivo":null,"situacaoApresentacao":"Caduco/Cancelado","dataRegistro":"2000-01-31T00:00:00.000-0200","categoriaRegulatoria":{"codigo":8,"descricao":"Similar"},"medicamentoReferencia":null,"categoriaProduto":null,"tipoAutorizacao":"REGISTRADO","numeroRegistroFormatado":"127020014","mesAnoVencimentoFormatado":"02/2015","acancelar":false},"empresa":{"cnpj":"40809626000168","razaoSocial":"BIOWELL AMERICA LTDA","numeroAutorizacao":"1027027","cnpjFormatado":"40.809.626/0001-68"},"processo":{"numero":"250000220149991","situacao":29,"numeroProcessoFormatado":"25000.022014/99-91"}},{"ordem":31,"produto":{"codigo":8340,"nome":"VITAMINA E 400U.I. COM SELÊNIO","numeroRegistro":"127020015","tipo":{"codigo":1,"descricao":null},"categoria":null,"situacaoRotulo":null,"dataVencimento":null,"mesAnoVencimento":"022005","dataVencimentoRegistro":"2005-02-01T00:00:00.000-0300","principioAtivo":null,"situacaoApresentacao":"Caduco/Cancelado","dataRegistro":"2000-01-31T00:00:00.000-0200","categoriaRegulatoria":{"codigo":8,"descricao":"Similar"},"medicamentoReferencia":null,"categoriaProduto":null,"tipoAutorizacao":"REGISTRADO","numeroRegistroFormatado":"127020015","mesAnoVencimentoFormatado":"02/2005","acancelar":false},"empresa":{"cnpj":"40809626000168","razaoSocial":"BIOWELL AMERICA LTDA","numeroAutorizacao":"1027027","cnpjFormatado":"40.809.626/0001-68"},"processo":{"numero":"250000219299934","situacao":29,"numeroProcessoFormatado":"25000.021929/99-34"}},{"ordem":32,"produto":{"codigo":8345,"nome":"VITAMINAS + MINERAIS ASSOCIADOS","numeroRegistro":"127020031","tipo":{"codigo":1,"descricao":null},"categoria":null,"situacaoRotulo":null,"dataVencimento":null,"mesAnoVencimento":"102005","dataVencimentoRegistro":"2005-10-01T00:00:00.000-0300","principioAtivo":null,"situacaoApresentacao":"Caduco/Cancelado","dataRegistro":"2000-11-01T00:00:00.000-0300","categoriaRegulatoria":{"codigo":8,"descricao":"Similar"},"medicamentoReferencia":null,"categoriaProduto":null,"tipoAutorizacao":"REGISTRADO","numeroRegistroFormatado":"127020031","mesAnoVencimentoFormatado":"10/2005","acancelar":false},"empresa":{"cnpj":"40809626000168","razaoSocial":"BIOWELL AMERICA LTDA","numeroAutorizacao":"1027027","cnpjFormatado":"40.809.626/0001-68"},"processo":{"numero":"253510035790031","situacao":29,"numeroProcessoFormatado":"25351.003579/00-31"}}],"totalPages":1,"totalElements":32,"last":true,"numberOfElements":32,"first":true,"sort":null,"size":1000,"number":0}