{"content":[{"ordem":1,"produto":{"codigo":7309,"nome":"BLEU PATENTE V","numeroRegistro":"149800004","tipo":{"codigo":1,"descricao":null},"categoria":null,"situacaoRotulo":null,"dataVencimento":null,"mesAnoVencimento":"062026","dataVencimentoRegistro":"2026-06-01T00:00:00.000-0300","principioAtivo":"SAL SÓDICO","situacaoApresentacao":"Válido","dataRegistro":"2001-06-29T00:00:00.000-0300","categoriaRegulatoria":{"codigo":8,"descricao":"Similar"},"medicamentoReferencia":null,"categoriaProduto":null,"tipoAutorizacao":"REGISTRADO","mesAnoVencimentoFormatado":"06/2026","numeroRegistroFormatado":"149800004","acancelar":false},"empresa":{"cnpj":"42180406000143","razaoSocial":"GUERBET PRODUTOS RADIOLÓGICOS LTDA","numeroAutorizacao":"1006140","cnpjFormatado":"42.180.406/0001-43"},"processo":{"numero":"2599201412168","situacao":29,"numeroProcessoFormatado":"25992.014121/68"}},{"ordem":2,"produto":{"codigo":419158,"nome":"DOTAREM","numeroRegistro":"149800016","tipo":{"codigo":1,"descricao":null},"categoria":null,"situacaoRotulo":null,"dataVencimento":null,"mesAnoVencimento":"082026","dataVencimentoRegistro":"2026-08-01T00:00:00.000-0300","principioAtivo":"ÁCIDO GADOTÉRICO","situacaoApresentacao":"Válido","dataRegistro":"2001-08-08T00:00:00.000-0300","categoriaRegulatoria":{"codigo":8,"descricao":"Similar"},"medicamentoReferencia":null,"categoriaProduto":null,"tipoAutorizacao":"REGISTRADO","mesAnoVencimentoFormatado":"08/2026","numeroRegistroFormatado":"149800016","acancelar":false},"empresa":{"cnpj":"42180406000143","razaoSocial":"GUERBET PRODUTOS RADIOLÓGICOS LTDA","numeroAutorizacao":"1006140","cnpjFormatado":"42.180.406/0001-43"},"processo":{"numero":"253510236810081","situacao":29,"numeroProcessoFormatado":"25351.023681/00-81"}},{"ordem":3,"produto":{"codigo":6044,"nome":"ENDOREM","numeroRegistro":"106140022","tipo":{"codigo":1,"descricao":null},"categoria":null,"situacaoRotulo":null,"dataVencimento":null,"mesAnoVencimento":"092005","dataVencimentoRegistro":"2005-09-01T00:00:00.000-0300","principioAtivo":null,"situacaoApresentacao":"Caduco/Cancelado","dataRegistro":"2000-10-06T00:00:00.000-0300","categoriaRegulatoria":{"codigo":8,"descricao":"Similar"},"medicamentoReferencia":null,"categoriaProduto":null,"tipoAutorizacao":"REGISTRADO","mesAnoVencimentoFormatado":"09/2005","numeroRegistroFormatado":"106140022","acancelar":false},"empresa":{"cnpj":"42180406000143","razaoSocial":"GUERBET PRODUTOS RADIOLÓGICOS LTDA","numeroAutorizacao":"1006140","cnpjFormatado":"42.180.406/0001-43"},"processo":{"numero":"250000319989631","situacao":29,"numeroProcessoFormatado":"25000.031998/96-31"}},{"ordem":4,"produto":{"codigo":5011,"nome":"HENETIX","numeroRegistro":"149800003","tipo":{"codigo":1,"descricao":null},"categoria":null,"situacaoRotulo":null,"dataVencimento":null,"mesAnoVencimento":"062026","dataVencimentoRegistro":"2026-06-01T00:00:00.000-0300","principioAtivo":"IOBITRIDOL","situacaoApresentacao":"Válido","dataRegistro":"2001-06-29T00:00:00.000-0300","categoriaRegulatoria":{"codigo":8,"descricao":"Similar"},"medicamentoReferencia":null,"categoriaProduto":null,"tipoAutorizacao":"REGISTRADO","mesAnoVencimentoFormatado":"06/2026","numeroRegistroFormatado":"149800003","acancelar":false},"empresa":{"cnpj":"42180406000143","razaoSocial":"GUERBET PRODUTOS RADIOLÓGICOS LTDA","numeroAutorizacao":"1006140","cnpjFormatado":"42.180.406/0001-43"},"processo":{"numero":"253510236830014","situacao":29,"numeroProcessoFormatado":"25351.023683/00-14"}},{"ordem":5,"produto":{"codigo":5096,"nome":"HEXABRIX 320","numeroRegistro":"149800013","tipo":{"codigo":1,"descricao":null},"categoria":null,"situacaoRotulo":null,"dataVencimento":null,"mesAnoVencimento":"082026","dataVencimentoRegistro":"2026-08-01T00:00:00.000-0300","principioAtivo":null,"situacaoApresentacao":"Caduco/Cancelado","dataRegistro":"2001-08-08T00:00:00.000-0300","categoriaRegulatoria":{"codigo":8,"descricao":"Similar"},"medicamentoReferencia":null,"categoriaProduto":null,"tipoAutorizacao":"REGISTRADO","mesAnoVencimentoFormatado":"08/2026","numeroRegistroFormatado":"149800013","acancelar":false},"empresa":{"cnpj":"42180406000143","razaoSocial":"GUERBET PRODUTOS RADIOLÓGICOS LTDA","numeroAutorizacao":"1006140","cnpjFormatado":"42.180.406/0001-43"},"processo":{"numero":"253510045580188","situacao":29,"numeroProcessoFormatado":"25351.004558/01-88"}},{"ordem":6,"produto":{"codigo":5098,"nome":"IOXIT.  DE MEGLUMINA + ( AC.  IOXIT. + MEGLUMINA ) + IOXIT.DE SODIO","numeroRegistro":"149800007","tipo":{"codigo":1,"descricao":null},"categoria":null,"situacaoRotulo":null,"dataVencimento":null,"mesAnoVencimento":"072006","dataVencimentoRegistro":"2006-07-01T00:00:00.000-0300","principioAtivo":null,"situacaoApresentacao":"Caduco/Cancelado","dataRegistro":"2001-07-06T00:00:00.000-0300","categoriaRegulatoria":{"codigo":8,"descricao":"Similar"},"medicamentoReferencia":null,"categoriaProduto":null,"tipoAutorizacao":"REGISTRADO","mesAnoVencimentoFormatado":"07/2006","numeroRegistroFormatado":"149800007","acancelar":false},"empresa":{"cnpj":"42180406000143","razaoSocial":"GUERBET PRODUTOS RADIOLÓGICOS LTDA","numeroAutorizacao":"1006140","cnpjFormatado":"42.180.406/0001-43"},"processo":{"numero":"253510033200181","situacao":29,"numeroProcessoFormatado":"25351.003320/01-81"}},{"ordem":7,"produto":{"codigo":3886,"nome":"LIPIODOL UF","numeroRegistro":"149800012","tipo":{"codigo":1,"descricao":null},"categoria":null,"situacaoRotulo":null,"dataVencimento":"2026-07-16T00:00:00.000-0300","mesAnoVencimento":"072026","dataVencimentoRegistro":"2026-07-01T00:00:00.000-0300","principioAtivo":"ÉSTERES ETÍLICOS DOS ÁCIDOS GRAXOS DO ÓLEO DE PAPOULA IODADOS","situacaoApresentacao":"Válido","dataRegistro":"2001-07-20T00:00:00.000-0300","categoriaRegulatoria":{"codigo":8,"descricao":"Similar"},"medicamentoReferencia":null,"categoriaProduto":null,"tipoAutorizacao":"REGISTRADO","mesAnoVencimentoFormatado":"07/2026","numeroRegistroFormatado":"149800012","acancelar":false},"empresa":{"cnpj":"42180406000143","razaoSocial":"GUERBET PRODUTOS RADIOLÓGICOS LTDA","numeroAutorizacao":"1006140","cnpjFormatado":"42.180.406/0001-43"},"processo":{"numero":"253510236820043","situacao":29,"numeroProcessoFormatado":"25351.023682/00-43"}},{"ordem":8,"produto":{"codigo":6507,"nome":"LUMIREM","numeroRegistro":"149800015","tipo":{"codigo":1,"descricao":null},"categoria":null,"situacaoRotulo":null,"dataVencimento":null,"mesAnoVencimento":"082016","dataVencimentoRegistro":"2016-08-01T00:00:00.000-0300","principioAtivo":null,"situacaoApresentacao":"Caduco/Cancelado","dataRegistro":"2001-08-08T00:00:00.000-0300","categoriaRegulatoria":{"codigo":8,"descricao":"Similar"},"medicamentoReferencia":null,"categoriaProduto":null,"tipoAutorizacao":"REGISTRADO","mesAnoVencimentoFormatado":"08/2016","numeroRegistroFormatado":"149800015","acancelar":false},"empresa":{"cnpj":"42180406000143","razaoSocial":"GUERBET PRODUTOS RADIOLÓGICOS LTDA","numeroAutorizacao":"1006140","cnpjFormatado":"42.180.406/0001-43"},"processo":{"numero":"253510236800018","situacao":29,"numeroProcessoFormatado":"25351.023680/00-18"}},{"ordem":9,"produto":{"codigo":419039,"nome":"MICROPAQUE","numeroRegistro":"149800010","tipo":{"codigo":1,"descricao":null},"categoria":null,"situacaoRotulo":null,"dataVencimento":null,"mesAnoVencimento":"072016","dataVencimentoRegistro":"2016-07-01T00:00:00.000-0300","principioAtivo":null,"situacaoApresentacao":"Caduco/Cancelado","dataRegistro":"2001-04-18T00:00:00.000-0300","categoriaRegulatoria":{"codigo":8,"descricao":"Similar"},"medicamentoReferencia":null,"categoriaProduto":null,"tipoAutorizacao":"REGISTRADO","mesAnoVencimentoFormatado":"07/2016","numeroRegistroFormatado":"149800010","acancelar":false},"empresa":{"cnpj":"42180406000143","razaoSocial":"GUERBET PRODUTOS RADIOLÓGICOS LTDA","numeroAutorizacao":"1006140","cnpjFormatado":"42.180.406/0001-43"},"processo":{"numero":"253510250780070","situacao":29,"numeroProcessoFormatado":"25351.025078/00-70"}},{"ordem":10,"produto":{"codigo":7631,"nome":"MICROPAQUE COLON","numeroRegistro":"149800005","tipo":{"codigo":1,"descricao":null},"categoria":null,"situacaoRotulo":null,"dataVencimento":null,"mesAnoVencimento":"072006","dataVencimentoRegistro":"2006-07-01T00:00:00.000-0300","principioAtivo":null,"situacaoApresentacao":"Caduco/Cancelado","dataRegistro":"2001-07-06T00:00:00.000-0300","categoriaRegulatoria":{"codigo":6,"descricao":"Novo"},"medicamentoReferencia":null,"categoriaProduto":null,"tipoAutorizacao":"REGISTRADO","mesAnoVencimentoFormatado":"07/2006","numeroRegistroFormatado":"149800005","acancelar":false},"empresa":{"cnpj":"42180406000143","razaoSocial":"GUERBET PRODUTOS RADIOLÓGICOS LTDA","numeroAutorizacao":"1006140","cnpjFormatado":"42.180.406/0001-43"},"processo":{"numero":"253510293920086","situacao":29,"numeroProcessoFormatado":"25351.029392/00-86"}},{"ordem":11,"produto":{"codigo":465642,"nome":"MICROPAQUE HD ORAL","numeroRegistro":"149800011","tipo":{"codigo":1,"descricao":null},"categoria":null,"situacaoRotulo":null,"dataVencimento":null,"mesAnoVencimento":"042006","dataVencimentoRegistro":"2006-04-01T00:00:00.000-0300","principioAtivo":null,"situacaoApresentacao":"Caduco/Cancelado","dataRegistro":"2001-04-05T00:00:00.000-0300","categoriaRegulatoria":{"codigo":8,"descricao":"Similar"},"medicamentoReferencia":null,"categoriaProduto":null,"tipoAutorizacao":"REGISTRADO","mesAnoVencimentoFormatado":"04/2006","numeroRegistroFormatado":"149800011","acancelar":false},"empresa":{"cnpj":"42180406000143","razaoSocial":"GUERBET PRODUTOS RADIOLÓGICOS LTDA","numeroAutorizacao":"1006140","cnpjFormatado":"42.180.406/0001-43"},"processo":{"numero":"253510255500083","situacao":29,"numeroProcessoFormatado":"25351.025550/00-83"}},{"ordem":12,"produto":{"codigo":7632,"nome":"MICROPAQUE SCANNER","numeroRegistro":"149800006","tipo":{"codigo":1,"descricao":null},"categoria":null,"situacaoRotulo":null,"dataVencimento":null,"mesAnoVencimento":"072016","dataVencimentoRegistro":"2016-07-01T00:00:00.000-0300","principioAtivo":null,"situacaoApresentacao":"Caduco/Cancelado","dataRegistro":"2001-07-06T00:00:00.000-0300","categoriaRegulatoria":{"codigo":8,"descricao":"Similar"},"medicamentoReferencia":null,"categoriaProduto":null,"tipoAutorizacao":"REGISTRADO","mesAnoVencimentoFormatado":"07/2016","numeroRegistroFormatado":"149800006","acancelar":false},"empresa":{"cnpj":"42180406000143","razaoSocial":"GUERBET PRODUTOS RADIOLÓGICOS LTDA","numeroAutorizacao":"1006140","cnpjFormatado":"42.180.406/0001-43"},"processo":{"numero":"253510041370120","situacao":29,"numeroProcessoFormatado":"25351.004137/01-20"}},{"ordem":13,"produto":{"codigo":7630,"nome":"SULFATO DE BARIO","numeroRegistro":"149800002","tipo":{"codigo":1,"descricao":null},"categoria":null,"situacaoRotulo":null,"dataVencimento":null,"mesAnoVencimento":"062006","dataVencimentoRegistro":"2006-06-01T00:00:00.000-0300","principioAtivo":null,"situacaoApresentacao":"Caduco/Cancelado","dataRegistro":"2001-06-29T00:00:00.000-0300","categoriaRegulatoria":{"codigo":6,"descricao":"Novo"},"medicamentoReferencia":null,"categoriaProduto":null,"tipoAutorizacao":"REGISTRADO","mesAnoVencimentoFormatado":"06/2006","numeroRegistroFormatado":"149800002","acancelar":false},"empresa":{"cnpj":"42180406000143","razaoSocial":"GUERBET PRODUTOS RADIOLÓGICOS LTDA","numeroAutorizacao":"1006140","cnpjFormatado":"42.180.406/0001-43"},"processo":{"numero":"253510309180006","situacao":29,"numeroProcessoFormatado":"25351.030918/00-06"}},{"ordem":14,"produto":{"codigo":308129,"nome":"TELEBRIX 30 MEGLUMINA","numeroRegistro":"149800014","tipo":{"codigo":1,"descricao":null},"categoria":null,"situacaoRotulo":null,"dataVencimento":null,"mesAnoVencimento":"082026","dataVencimentoRegistro":"2026-08-01T00:00:00.000-0300","principioAtivo":null,"situacaoApresentacao":"Caduco/Cancelado","dataRegistro":"2001-08-08T00:00:00.000-0300","categoriaRegulatoria":{"codigo":8,"descricao":"Similar"},"medicamentoReferencia":null,"categoriaProduto":null,"tipoAutorizacao":"REGISTRADO","mesAnoVencimentoFormatado":"08/2026","numeroRegistroFormatado":"149800014","acancelar":false},"empresa":{"cnpj":"42180406000143","razaoSocial":"GUERBET PRODUTOS RADIOLÓGICOS LTDA","numeroAutorizacao":"1006140","cnpjFormatado":"42.180.406/0001-43"},"processo":{"numero":"2599200785974","situacao":29,"numeroProcessoFormatado":"25992.007859/74"}},{"ordem":15,"produto":{"codigo":5101,"nome":"TELEBRIX 35","numeroRegistro":"149800001","tipo":{"codigo":1,"descricao":null},"categoria":null,"situacaoRotulo":null,"dataVencimento":null,"mesAnoVencimento":"062026","dataVencimentoRegistro":"2026-06-01T00:00:00.000-0300","principioAtivo":null,"situacaoApresentacao":"Caduco/Cancelado","dataRegistro":"2007-07-23T00:00:00.000-0300","categoriaRegulatoria":{"codigo":8,"descricao":"Similar"},"medicamentoReferencia":null,"categoriaProduto":null,"tipoAutorizacao":"REGISTRADO","mesAnoVencimentoFormatado":"06/2026","numeroRegistroFormatado":"149800001","acancelar":false},"empresa":{"cnpj":"42180406000143","razaoSocial":"GUERBET PRODUTOS RADIOLÓGICOS LTDA","numeroAutorizacao":"1006140","cnpjFormatado":"42.180.406/0001-43"},"processo":{"numero":"253510045570115","situacao":29,"numeroProcessoFormatado":"25351.004557/01-15"}},{"ordem":16,"produto":{"codigo":5099,"nome":"TELEBRIX CORONAR","numeroRegistro":"149800009","tipo":{"codigo":1,"descricao":null},"categoria":null,"situacaoRotulo":null,"dataVencimento":null,"mesAnoVencimento":"072026","dataVencimentoRegistro":"2026-07-01T00:00:00.000-0300","principioAtivo":null,"situacaoApresentacao":"Caduco/Cancelado","dataRegistro":"2001-07-06T00:00:00.000-0300","categoriaRegulatoria":{"codigo":8,"descricao":"Similar"},"medicamentoReferencia":null,"categoriaProduto":null,"tipoAutorizacao":"REGISTRADO","mesAnoVencimentoFormatado":"07/2026","numeroRegistroFormatado":"149800009","acancelar":false},"empresa":{"cnpj":"42180406000143","razaoSocial":"GUERBET PRODUTOS RADIOLÓGICOS LTDA","numeroAutorizacao":"1006140","cnpjFormatado":"42.180.406/0001-43"},"processo":{"numero":"253510045590141","situacao":29,"numeroProcessoFormatado":"25351.004559/01-41"}},{"ordem":17,"produto":{"codigo":5100,"nome":"TELEBRIX HYSTERO","numeroRegistro":"149800008","tipo":{"codigo":1,"descricao":null},"categoria":null,"situacaoRotulo":null,"dataVencimento":null,"mesAnoVencimento":"072026","dataVencimentoRegistro":"2026-07-01T00:00:00.000-0300","principioAtivo":null,"situacaoApresentacao":"Caduco/Cancelado","dataRegistro":"2001-07-06T00:00:00.000-0300","categoriaRegulatoria":{"codigo":8,"descricao":"Similar"},"medicamentoReferencia":null,"categoriaProduto":null,"tipoAutorizacao":"REGISTRADO","mesAnoVencimentoFormatado":"07/2026","numeroRegistroFormatado":"149800008","acancelar":false},"empresa":{"cnpj":"42180406000143","razaoSocial":"GUERBET PRODUTOS RADIOLÓGICOS LTDA","numeroAutorizacao":"1006140","cnpjFormatado":"42.180.406/0001-43"},"processo":{"numero":"253510033190100","situacao":29,"numeroProcessoFormatado":"25351.003319/01-00"}}],"totalPages":1,"totalElements":17,"last":true,"numberOfElements":17,"first":true,"sort":null,"size":1000,"number":0}