{"content":[{"ordem":1,"produto":{"codigo":1349621,"nome":"ACERTALIX","numeroRegistro":"112780077","tipo":{"codigo":1,"descricao":null},"categoria":null,"situacaoRotulo":null,"dataVencimento":null,"mesAnoVencimento":"092029","dataVencimentoRegistro":"2029-09-01T00:00:00.000-0300","principioAtivo":"perindopril arginina, INDAPAMIDA","situacaoApresentacao":"Válido","dataRegistro":"2019-09-02T00:00:00.000-0300","categoriaRegulatoria":{"codigo":6,"descricao":"Novo"},"medicamentoReferencia":null,"categoriaProduto":null,"tipoAutorizacao":"REGISTRADO","numeroRegistroFormatado":"112780077","mesAnoVencimentoFormatado":"09/2029","acancelar":false},"empresa":{"cnpj":"42374207000176","razaoSocial":"LABORATÓRIOS SERVIER DO BRASIL LTDA","numeroAutorizacao":"1012787","cnpjFormatado":"42.374.207/0001-76"},"processo":{"numero":"25351666271201475","situacao":29,"numeroProcessoFormatado":"25351.666271/2014-75"}},{"ordem":2,"produto":{"codigo":1075986,"nome":"ACERTANLO","numeroRegistro":"112780075","tipo":{"codigo":1,"descricao":null},"categoria":null,"situacaoRotulo":null,"dataVencimento":null,"mesAnoVencimento":"012027","dataVencimentoRegistro":"2027-01-01T00:00:00.000-0300","principioAtivo":"perindopril arginina, BESILATO DE ANLODIPINO","situacaoApresentacao":"Válido","dataRegistro":"2017-01-30T00:00:00.000-0300","categoriaRegulatoria":{"codigo":6,"descricao":"Novo"},"medicamentoReferencia":null,"categoriaProduto":null,"tipoAutorizacao":"REGISTRADO","numeroRegistroFormatado":"112780075","mesAnoVencimentoFormatado":"01/2027","acancelar":false},"empresa":{"cnpj":"42374207000176","razaoSocial":"LABORATÓRIOS SERVIER DO BRASIL LTDA","numeroAutorizacao":"1012787","cnpjFormatado":"42.374.207/0001-76"},"processo":{"numero":"25351118802201460","situacao":29,"numeroProcessoFormatado":"25351.118802/2014-60"}},{"ordem":3,"produto":{"codigo":626856,"nome":"ACERTIL","numeroRegistro":"112780074","tipo":{"codigo":1,"descricao":null},"categoria":null,"situacaoRotulo":null,"dataVencimento":null,"mesAnoVencimento":"012029","dataVencimentoRegistro":"2029-01-01T00:00:00.000-0300","principioAtivo":"perindopril arginina","situacaoApresentacao":"Válido","dataRegistro":"2014-01-13T00:00:00.000-0300","categoriaRegulatoria":{"codigo":6,"descricao":"Novo"},"medicamentoReferencia":null,"categoriaProduto":null,"tipoAutorizacao":"REGISTRADO","numeroRegistroFormatado":"112780074","mesAnoVencimentoFormatado":"01/2029","acancelar":false},"empresa":{"cnpj":"42374207000176","razaoSocial":"LABORATÓRIOS SERVIER DO BRASIL LTDA","numeroAutorizacao":"1012787","cnpjFormatado":"42.374.207/0001-76"},"processo":{"numero":"25351047692200967","situacao":29,"numeroProcessoFormatado":"25351.047692/2009-67"}},{"ordem":4,"produto":{"codigo":3918,"nome":"AERODIOL","numeroRegistro":"112780058","tipo":{"codigo":1,"descricao":null},"categoria":null,"situacaoRotulo":null,"dataVencimento":null,"mesAnoVencimento":"102010","dataVencimentoRegistro":"2010-10-01T00:00:00.000-0300","principioAtivo":null,"situacaoApresentacao":"Caduco/Cancelado","dataRegistro":"2000-10-27T00:00:00.000-0300","categoriaRegulatoria":{"codigo":6,"descricao":"Novo"},"medicamentoReferencia":null,"categoriaProduto":null,"tipoAutorizacao":"REGISTRADO","numeroRegistroFormatado":"112780058","mesAnoVencimentoFormatado":"10/2010","acancelar":false},"empresa":{"cnpj":"42374207000176","razaoSocial":"LABORATÓRIOS SERVIER DO BRASIL LTDA","numeroAutorizacao":"1012787","cnpjFormatado":"42.374.207/0001-76"},"processo":{"numero":"250000511289994","situacao":29,"numeroProcessoFormatado":"25000.051128/99-94"}},{"ordem":5,"produto":{"codigo":1404553,"nome":"AGOXOM","numeroRegistro":"112780082","tipo":{"codigo":1,"descricao":null},"categoria":null,"situacaoRotulo":null,"dataVencimento":null,"mesAnoVencimento":"042030","dataVencimentoRegistro":"2030-04-01T00:00:00.000-0300","principioAtivo":"AGOMELATINA","situacaoApresentacao":"Válido","dataRegistro":"2020-04-20T00:00:00.000-0300","categoriaRegulatoria":{"codigo":8,"descricao":"Similar"},"medicamentoReferencia":"VALDOXAN","categoriaProduto":null,"tipoAutorizacao":"REGISTRADO","numeroRegistroFormatado":"112780082","mesAnoVencimentoFormatado":"04/2030","acancelar":false},"empresa":{"cnpj":"42374207000176","razaoSocial":"LABORATÓRIOS SERVIER DO BRASIL LTDA","numeroAutorizacao":"1012787","cnpjFormatado":"42.374.207/0001-76"},"processo":{"numero":"25351505467201919","situacao":29,"numeroProcessoFormatado":"25351.505467/2019-19"}},{"ordem":6,"produto":{"codigo":422752,"nome":"ARCALION","numeroRegistro":"112780006","tipo":{"codigo":1,"descricao":null},"categoria":null,"situacaoRotulo":null,"dataVencimento":null,"mesAnoVencimento":"122026","dataVencimentoRegistro":"2026-12-01T00:00:00.000-0300","principioAtivo":"SULBUTIAMINA","situacaoApresentacao":"Válido","dataRegistro":"1986-12-13T00:00:00.000-0200","categoriaRegulatoria":{"codigo":6,"descricao":"Novo"},"medicamentoReferencia":null,"categoriaProduto":null,"tipoAutorizacao":"REGISTRADO","numeroRegistroFormatado":"112780006","mesAnoVencimentoFormatado":"12/2026","acancelar":false},"empresa":{"cnpj":"42374207000176","razaoSocial":"LABORATÓRIOS SERVIER DO BRASIL LTDA","numeroAutorizacao":"1012787","cnpjFormatado":"42.374.207/0001-76"},"processo":{"numero":"2599201662174","situacao":29,"numeroProcessoFormatado":"25992.016621/74"}},{"ordem":7,"produto":{"codigo":285183,"nome":"COVERSYL","numeroRegistro":"112780051","tipo":{"codigo":1,"descricao":null},"categoria":null,"situacaoRotulo":null,"dataVencimento":null,"mesAnoVencimento":"012027","dataVencimentoRegistro":"2027-01-01T00:00:00.000-0300","principioAtivo":"PERINDOPRIL","situacaoApresentacao":"Válido","dataRegistro":"1997-01-13T00:00:00.000-0300","categoriaRegulatoria":{"codigo":6,"descricao":"Novo"},"medicamentoReferencia":null,"categoriaProduto":null,"tipoAutorizacao":"REGISTRADO","numeroRegistroFormatado":"112780051","mesAnoVencimentoFormatado":"01/2027","acancelar":false},"empresa":{"cnpj":"42374207000176","razaoSocial":"LABORATÓRIOS SERVIER DO BRASIL LTDA","numeroAutorizacao":"1012787","cnpjFormatado":"42.374.207/0001-76"},"processo":{"numero":"250000156678933","situacao":29,"numeroProcessoFormatado":"25000.015667/89-33"}},{"ordem":8,"produto":{"codigo":6788,"nome":"COVERSYL PLUS","numeroRegistro":"112780056","tipo":{"codigo":1,"descricao":null},"categoria":null,"situacaoRotulo":null,"dataVencimento":null,"mesAnoVencimento":"052029","dataVencimentoRegistro":"2029-05-01T00:00:00.000-0300","principioAtivo":"PERINDOPRIL, INDAPAMIDA","situacaoApresentacao":"Válido","dataRegistro":"1999-05-17T00:00:00.000-0300","categoriaRegulatoria":{"codigo":6,"descricao":"Novo"},"medicamentoReferencia":null,"categoriaProduto":null,"tipoAutorizacao":"REGISTRADO","numeroRegistroFormatado":"112780056","mesAnoVencimentoFormatado":"05/2029","acancelar":false},"empresa":{"cnpj":"42374207000176","razaoSocial":"LABORATÓRIOS SERVIER DO BRASIL LTDA","numeroAutorizacao":"1012787","cnpjFormatado":"42.374.207/0001-76"},"processo":{"numero":"250000009459901","situacao":29,"numeroProcessoFormatado":"25000.000945/99-01"}},{"ordem":9,"produto":{"codigo":331201,"nome":"DAFLON","numeroRegistro":"112780003","tipo":{"codigo":1,"descricao":null},"categoria":null,"situacaoRotulo":null,"dataVencimento":"2029-05-31T00:00:00.000-0300","mesAnoVencimento":"052029","dataVencimentoRegistro":"2029-05-01T00:00:00.000-0300","principioAtivo":"DIOSMINA, FLAVONÓIDES EXPRESSOS EM HESPERIDINA, HESPERIDINA","situacaoApresentacao":"Válido","dataRegistro":"1989-05-31T00:00:00.000-0300","categoriaRegulatoria":{"codigo":3,"descricao":"Específico"},"medicamentoReferencia":null,"categoriaProduto":null,"tipoAutorizacao":"REGISTRADO","numeroRegistroFormatado":"112780003","mesAnoVencimentoFormatado":"05/2029","acancelar":false},"empresa":{"cnpj":"42374207000176","razaoSocial":"LABORATÓRIOS SERVIER DO BRASIL LTDA","numeroAutorizacao":"1012787","cnpjFormatado":"42.374.207/0001-76"},"processo":{"numero":"250000101308832","situacao":29,"numeroProcessoFormatado":"25000.010130/88-32"}},{"ordem":10,"produto":{"codigo":4610,"nome":"DIAMICRON","numeroRegistro":"112780004","tipo":{"codigo":1,"descricao":null},"categoria":null,"situacaoRotulo":null,"dataVencimento":"2029-07-20T00:00:00.000-0300","mesAnoVencimento":"072029","dataVencimentoRegistro":"2029-07-01T00:00:00.000-0300","principioAtivo":"GLICLAZIDA","situacaoApresentacao":"Válido","dataRegistro":"1974-07-10T00:00:00.000-0300","categoriaRegulatoria":{"codigo":6,"descricao":"Novo"},"medicamentoReferencia":null,"categoriaProduto":null,"tipoAutorizacao":"REGISTRADO","numeroRegistroFormatado":"112780004","mesAnoVencimentoFormatado":"07/2029","acancelar":false},"empresa":{"cnpj":"42374207000176","razaoSocial":"LABORATÓRIOS SERVIER DO BRASIL LTDA","numeroAutorizacao":"1012787","cnpjFormatado":"42.374.207/0001-76"},"processo":{"numero":"2599201174973","situacao":29,"numeroProcessoFormatado":"25992.011749/73"}},{"ordem":11,"produto":{"codigo":3576746,"nome":"DIATARCOM MR","numeroRegistro":"112780088","tipo":{"codigo":1,"descricao":null},"categoria":null,"situacaoRotulo":null,"dataVencimento":"2032-12-20T00:00:00.000-0300","mesAnoVencimento":"122032","dataVencimentoRegistro":"2032-12-01T00:00:00.000-0300","principioAtivo":"GLICLAZIDA","situacaoApresentacao":"Válido","dataRegistro":"2022-12-19T00:00:00.000-0300","categoriaRegulatoria":{"codigo":8,"descricao":"Similar"},"medicamentoReferencia":"DIAMICRON","categoriaProduto":null,"tipoAutorizacao":"REGISTRADO","numeroRegistroFormatado":"112780088","mesAnoVencimentoFormatado":"12/2032","acancelar":false},"empresa":{"cnpj":"42374207000176","razaoSocial":"LABORATÓRIOS SERVIER DO BRASIL LTDA","numeroAutorizacao":"1012787","cnpjFormatado":"42.374.207/0001-76"},"processo":{"numero":"25351591453202205","situacao":29,"numeroProcessoFormatado":"25351.591453/2022-05"}},{"ordem":12,"produto":{"codigo":1657561,"nome":"DIATARCOM MR","numeroRegistro":"112780086","tipo":{"codigo":1,"descricao":null},"categoria":null,"situacaoRotulo":null,"dataVencimento":null,"mesAnoVencimento":"112030","dataVencimentoRegistro":"2030-11-01T00:00:00.000-0300","principioAtivo":null,"situacaoApresentacao":"Caduco/Cancelado","dataRegistro":"2020-11-16T00:00:00.000-0300","categoriaRegulatoria":{"codigo":6,"descricao":"Novo"},"medicamentoReferencia":null,"categoriaProduto":null,"tipoAutorizacao":"REGISTRADO","numeroRegistroFormatado":"112780086","mesAnoVencimentoFormatado":"11/2030","acancelar":false},"empresa":{"cnpj":"42374207000176","razaoSocial":"LABORATÓRIOS SERVIER DO BRASIL LTDA","numeroAutorizacao":"1012787","cnpjFormatado":"42.374.207/0001-76"},"processo":{"numero":"25351421033202092","situacao":29,"numeroProcessoFormatado":"25351.421033/2020-92"}},{"ordem":13,"produto":{"codigo":7253,"nome":"HYPERIUM","numeroRegistro":"112780054","tipo":{"codigo":1,"descricao":null},"categoria":null,"situacaoRotulo":null,"dataVencimento":"2028-04-02T00:00:00.000-0300","mesAnoVencimento":"042028","dataVencimentoRegistro":"2028-04-01T00:00:00.000-0300","principioAtivo":null,"situacaoApresentacao":"Caduco/Cancelado","dataRegistro":"1998-04-08T00:00:00.000-0300","categoriaRegulatoria":{"codigo":6,"descricao":"Novo"},"medicamentoReferencia":null,"categoriaProduto":null,"tipoAutorizacao":"REGISTRADO","numeroRegistroFormatado":"112780054","mesAnoVencimentoFormatado":"04/2028","acancelar":false},"empresa":{"cnpj":"42374207000176","razaoSocial":"LABORATÓRIOS SERVIER DO BRASIL LTDA","numeroAutorizacao":"1012787","cnpjFormatado":"42.374.207/0001-76"},"processo":{"numero":"250000209169795","situacao":29,"numeroProcessoFormatado":"25000.020916/97-95"}},{"ordem":14,"produto":{"codigo":505658,"nome":"LOCABIOTAL","numeroRegistro":"112780049","tipo":{"codigo":1,"descricao":null},"categoria":null,"situacaoRotulo":null,"dataVencimento":null,"mesAnoVencimento":"022018","dataVencimentoRegistro":"2018-02-01T00:00:00.000-0300","principioAtivo":null,"situacaoApresentacao":"Caduco/Cancelado","dataRegistro":"1963-02-20T00:00:00.000-0300","categoriaRegulatoria":{"codigo":6,"descricao":"Novo"},"medicamentoReferencia":null,"categoriaProduto":null,"tipoAutorizacao":"REGISTRADO","numeroRegistroFormatado":"112780049","mesAnoVencimentoFormatado":"02/2018","acancelar":false},"empresa":{"cnpj":"42374207000176","razaoSocial":"LABORATÓRIOS SERVIER DO BRASIL LTDA","numeroAutorizacao":"1012787","cnpjFormatado":"42.374.207/0001-76"},"processo":{"numero":"2599201297062","situacao":29,"numeroProcessoFormatado":"25992.012970/62"}},{"ordem":15,"produto":{"codigo":1301195,"nome":"Lonsurf®","numeroRegistro":"112780083","tipo":{"codigo":1,"descricao":null},"categoria":null,"situacaoRotulo":null,"dataVencimento":"2030-05-14T00:00:00.000-0300","mesAnoVencimento":"052030","dataVencimentoRegistro":"2030-05-01T00:00:00.000-0300","principioAtivo":"TRIFLURIDINA, CLORIDRATO DE TIPIRACILA","situacaoApresentacao":"Válido","dataRegistro":"2020-05-18T00:00:00.000-0300","categoriaRegulatoria":{"codigo":6,"descricao":"Novo"},"medicamentoReferencia":null,"categoriaProduto":null,"tipoAutorizacao":"REGISTRADO","numeroRegistroFormatado":"112780083","mesAnoVencimentoFormatado":"05/2030","acancelar":false},"empresa":{"cnpj":"42374207000176","razaoSocial":"LABORATÓRIOS SERVIER DO BRASIL LTDA","numeroAutorizacao":"1012787","cnpjFormatado":"42.374.207/0001-76"},"processo":{"numero":"25351387411201887","situacao":29,"numeroProcessoFormatado":"25351.387411/2018-87"}},{"ordem":16,"produto":{"codigo":4386,"nome":"MUPHORAN","numeroRegistro":"112780053","tipo":{"codigo":1,"descricao":null},"categoria":null,"situacaoRotulo":null,"dataVencimento":"2028-01-02T00:00:00.000-0300","mesAnoVencimento":"012028","dataVencimentoRegistro":"2028-01-01T00:00:00.000-0300","principioAtivo":null,"situacaoApresentacao":"Caduco/Cancelado","dataRegistro":"1998-01-12T00:00:00.000-0300","categoriaRegulatoria":{"codigo":6,"descricao":"Novo"},"medicamentoReferencia":null,"categoriaProduto":null,"tipoAutorizacao":"REGISTRADO","numeroRegistroFormatado":"112780053","mesAnoVencimentoFormatado":"01/2028","acancelar":false},"empresa":{"cnpj":"42374207000176","razaoSocial":"LABORATÓRIOS SERVIER DO BRASIL LTDA","numeroAutorizacao":"1012787","cnpjFormatado":"42.374.207/0001-76"},"processo":{"numero":"250000025279237","situacao":29,"numeroProcessoFormatado":"25000.002527/92-37"}},{"ordem":17,"produto":{"codigo":381307,"nome":"NATRILIX","numeroRegistro":"112780048","tipo":{"codigo":1,"descricao":null},"categoria":null,"situacaoRotulo":null,"dataVencimento":null,"mesAnoVencimento":"012025","dataVencimentoRegistro":"2025-01-01T00:00:00.000-0300","principioAtivo":"INDAPAMIDA","situacaoApresentacao":"Válido","dataRegistro":"1999-12-22T00:00:00.000-0200","categoriaRegulatoria":{"codigo":6,"descricao":"Novo"},"medicamentoReferencia":null,"categoriaProduto":null,"tipoAutorizacao":"REGISTRADO","numeroRegistroFormatado":"112780048","mesAnoVencimentoFormatado":"01/2025","acancelar":false},"empresa":{"cnpj":"42374207000176","razaoSocial":"LABORATÓRIOS SERVIER DO BRASIL LTDA","numeroAutorizacao":"1012787","cnpjFormatado":"42.374.207/0001-76"},"processo":{"numero":"2599201662274","situacao":29,"numeroProcessoFormatado":"25992.016622/74"}},{"ordem":18,"produto":{"codigo":1296262,"nome":"ONCASPAR","numeroRegistro":"112780076","tipo":{"codigo":1,"descricao":null},"categoria":null,"situacaoRotulo":null,"dataVencimento":"2027-06-28T00:00:00.000-0300","mesAnoVencimento":"062027","dataVencimentoRegistro":"2027-06-01T00:00:00.000-0300","principioAtivo":"PEGASPARGASE","situacaoApresentacao":"Válido","dataRegistro":"2018-12-24T00:00:00.000-0300","categoriaRegulatoria":{"codigo":1,"descricao":"Biológico"},"medicamentoReferencia":"NÃO","categoriaProduto":null,"tipoAutorizacao":"REGISTRADO","numeroRegistroFormatado":"112780076","mesAnoVencimentoFormatado":"06/2027","acancelar":false},"empresa":{"cnpj":"42374207000176","razaoSocial":"LABORATÓRIOS SERVIER DO BRASIL LTDA","numeroAutorizacao":"1012787","cnpjFormatado":"42.374.207/0001-76"},"processo":{"numero":"25351771428201819","situacao":29,"numeroProcessoFormatado":"25351.771428/2018-19"}},{"ordem":19,"produto":{"codigo":444700,"nome":"PROCORALAN","numeroRegistro":"112780071","tipo":{"codigo":1,"descricao":null},"categoria":null,"situacaoRotulo":null,"dataVencimento":null,"mesAnoVencimento":"012027","dataVencimentoRegistro":"2027-01-01T00:00:00.000-0300","principioAtivo":"CLORIDRATO DE IVABRADINA","situacaoApresentacao":"Válido","dataRegistro":"2007-01-29T00:00:00.000-0300","categoriaRegulatoria":{"codigo":6,"descricao":"Novo"},"medicamentoReferencia":null,"categoriaProduto":null,"tipoAutorizacao":"REGISTRADO","numeroRegistroFormatado":"112780071","mesAnoVencimentoFormatado":"01/2027","acancelar":false},"empresa":{"cnpj":"42374207000176","razaoSocial":"LABORATÓRIOS SERVIER DO BRASIL LTDA","numeroAutorizacao":"1012787","cnpjFormatado":"42.374.207/0001-76"},"processo":{"numero":"25351466110200502","situacao":29,"numeroProcessoFormatado":"25351.466110/2005-02"}},{"ordem":20,"produto":{"codigo":403790,"nome":"PROTOS","numeroRegistro":"112780070","tipo":{"codigo":1,"descricao":null},"categoria":null,"situacaoRotulo":null,"dataVencimento":null,"mesAnoVencimento":"122020","dataVencimentoRegistro":"2020-12-01T00:00:00.000-0300","principioAtivo":null,"situacaoApresentacao":"Caduco/Cancelado","dataRegistro":"2005-12-26T00:00:00.000-0300","categoriaRegulatoria":{"codigo":6,"descricao":"Novo"},"medicamentoReferencia":null,"categoriaProduto":null,"tipoAutorizacao":"REGISTRADO","numeroRegistroFormatado":"112780070","mesAnoVencimentoFormatado":"12/2020","acancelar":false},"empresa":{"cnpj":"42374207000176","razaoSocial":"LABORATÓRIOS SERVIER DO BRASIL LTDA","numeroAutorizacao":"1012787","cnpjFormatado":"42.374.207/0001-76"},"processo":{"numero":"25351040974200590","situacao":29,"numeroProcessoFormatado":"25351.040974/2005-90"}},{"ordem":21,"produto":{"codigo":7985,"nome":"STABLON","numeroRegistro":"112780052","tipo":{"codigo":1,"descricao":null},"categoria":null,"situacaoRotulo":null,"dataVencimento":"2027-03-02T00:00:00.000-0300","mesAnoVencimento":"032027","dataVencimentoRegistro":"2027-03-01T00:00:00.000-0300","principioAtivo":null,"situacaoApresentacao":"Caduco/Cancelado","dataRegistro":"1997-03-11T00:00:00.000-0300","categoriaRegulatoria":{"codigo":6,"descricao":"Novo"},"medicamentoReferencia":null,"categoriaProduto":null,"tipoAutorizacao":"REGISTRADO","numeroRegistroFormatado":"112780052","mesAnoVencimentoFormatado":"03/2027","acancelar":false},"empresa":{"cnpj":"42374207000176","razaoSocial":"LABORATÓRIOS SERVIER DO BRASIL LTDA","numeroAutorizacao":"1012787","cnpjFormatado":"42.374.207/0001-76"},"processo":{"numero":"250000135669684","situacao":29,"numeroProcessoFormatado":"25000.013566/96-84"}},{"ordem":22,"produto":{"codigo":331386,"nome":"SURVECTOR","numeroRegistro":"112780005","tipo":{"codigo":1,"descricao":null},"categoria":null,"situacaoRotulo":null,"dataVencimento":null,"mesAnoVencimento":"052008","dataVencimentoRegistro":"2008-05-01T00:00:00.000-0300","principioAtivo":null,"situacaoApresentacao":"Caduco/Cancelado","dataRegistro":"1999-08-27T00:00:00.000-0300","categoriaRegulatoria":{"codigo":6,"descricao":"Novo"},"medicamentoReferencia":null,"categoriaProduto":null,"tipoAutorizacao":"REGISTRADO","numeroRegistroFormatado":"112780005","mesAnoVencimentoFormatado":"05/2008","acancelar":false},"empresa":{"cnpj":"42374207000176","razaoSocial":"LABORATÓRIOS SERVIER DO BRASIL LTDA","numeroAutorizacao":"1012787","cnpjFormatado":"42.374.207/0001-76"},"processo":{"numero":"2500101661484","situacao":29,"numeroProcessoFormatado":"25001.016614/84"}},{"ordem":23,"produto":{"codigo":7925,"nome":"TERTATOLOL","numeroRegistro":"112780057","tipo":{"codigo":1,"descricao":null},"categoria":null,"situacaoRotulo":null,"dataVencimento":null,"mesAnoVencimento":"072004","dataVencimentoRegistro":"2004-07-01T00:00:00.000-0300","principioAtivo":null,"situacaoApresentacao":"Caduco/Cancelado","dataRegistro":"1999-07-20T00:00:00.000-0300","categoriaRegulatoria":{"codigo":6,"descricao":"Novo"},"medicamentoReferencia":null,"categoriaProduto":null,"tipoAutorizacao":"REGISTRADO","numeroRegistroFormatado":"112780057","mesAnoVencimentoFormatado":"07/2004","acancelar":false},"empresa":{"cnpj":"42374207000176","razaoSocial":"LABORATÓRIOS SERVIER DO BRASIL LTDA","numeroAutorizacao":"1012787","cnpjFormatado":"42.374.207/0001-76"},"processo":{"numero":"250000127978851","situacao":29,"numeroProcessoFormatado":"25000.012797/88-51"}},{"ordem":24,"produto":{"codigo":3579168,"nome":"TIBSOVO","numeroRegistro":"112780089","tipo":{"codigo":1,"descricao":null},"categoria":null,"situacaoRotulo":null,"dataVencimento":"2034-04-16T00:00:00.000-0300","mesAnoVencimento":"042034","dataVencimentoRegistro":"2034-04-01T00:00:00.000-0300","principioAtivo":"IVOSIDENIBE","situacaoApresentacao":"Válido","dataRegistro":"2024-04-16T00:00:00.000-0300","categoriaRegulatoria":{"codigo":6,"descricao":"Novo"},"medicamentoReferencia":null,"categoriaProduto":null,"tipoAutorizacao":"REGISTRADO","numeroRegistroFormatado":"112780089","mesAnoVencimentoFormatado":"04/2034","acancelar":false},"empresa":{"cnpj":"42374207000176","razaoSocial":"LABORATÓRIOS SERVIER DO BRASIL LTDA","numeroAutorizacao":"1012787","cnpjFormatado":"42.374.207/0001-76"},"processo":{"numero":"25351466903202214","situacao":29,"numeroProcessoFormatado":"25351.466903/2022-14"}},{"ordem":25,"produto":{"codigo":1399007,"nome":"TIRISQUIN/TIRISQUIN MR","numeroRegistro":"112780081","tipo":{"codigo":1,"descricao":null},"categoria":null,"situacaoRotulo":null,"dataVencimento":null,"mesAnoVencimento":"032030","dataVencimentoRegistro":"2030-03-01T00:00:00.000-0300","principioAtivo":null,"situacaoApresentacao":"Caduco/Cancelado","dataRegistro":"2020-03-23T00:00:00.000-0300","categoriaRegulatoria":{"codigo":6,"descricao":"Novo"},"medicamentoReferencia":null,"categoriaProduto":null,"tipoAutorizacao":"REGISTRADO","numeroRegistroFormatado":"112780081","mesAnoVencimentoFormatado":"03/2030","acancelar":false},"empresa":{"cnpj":"42374207000176","razaoSocial":"LABORATÓRIOS SERVIER DO BRASIL LTDA","numeroAutorizacao":"1012787","cnpjFormatado":"42.374.207/0001-76"},"processo":{"numero":"25351481430201980","situacao":29,"numeroProcessoFormatado":"25351.481430/2019-80"}},{"ordem":26,"produto":{"codigo":1299296,"nome":"TRIPLIXAM","numeroRegistro":"112780084","tipo":{"codigo":1,"descricao":null},"categoria":null,"situacaoRotulo":null,"dataVencimento":null,"mesAnoVencimento":"072030","dataVencimentoRegistro":"2030-07-01T00:00:00.000-0300","principioAtivo":"perindopril arginina, INDAPAMIDA, BESILATO DE ANLODIPINO","situacaoApresentacao":"Válido","dataRegistro":"2020-07-27T00:00:00.000-0300","categoriaRegulatoria":{"codigo":6,"descricao":"Novo"},"medicamentoReferencia":null,"categoriaProduto":null,"tipoAutorizacao":"REGISTRADO","numeroRegistroFormatado":"112780084","mesAnoVencimentoFormatado":"07/2030","acancelar":false},"empresa":{"cnpj":"42374207000176","razaoSocial":"LABORATÓRIOS SERVIER DO BRASIL LTDA","numeroAutorizacao":"1012787","cnpjFormatado":"42.374.207/0001-76"},"processo":{"numero":"25351593668201601","situacao":29,"numeroProcessoFormatado":"25351.593668/2016-01"}},{"ordem":27,"produto":{"codigo":397904,"nome":"TRIVASTAL","numeroRegistro":"112780050","tipo":{"codigo":1,"descricao":null},"categoria":null,"situacaoRotulo":null,"dataVencimento":null,"mesAnoVencimento":"092015","dataVencimentoRegistro":"2015-09-01T00:00:00.000-0300","principioAtivo":null,"situacaoApresentacao":"Caduco/Cancelado","dataRegistro":"1999-12-22T00:00:00.000-0200","categoriaRegulatoria":{"codigo":6,"descricao":"Novo"},"medicamentoReferencia":null,"categoriaProduto":null,"tipoAutorizacao":"REGISTRADO","numeroRegistroFormatado":"112780050","mesAnoVencimentoFormatado":"09/2015","acancelar":false},"empresa":{"cnpj":"42374207000176","razaoSocial":"LABORATÓRIOS SERVIER DO BRASIL LTDA","numeroAutorizacao":"1012787","cnpjFormatado":"42.374.207/0001-76"},"processo":{"numero":"2599201256970","situacao":29,"numeroProcessoFormatado":"25992.012569/70"}},{"ordem":28,"produto":{"codigo":490946,"nome":"VALDOXAN","numeroRegistro":"112780073","tipo":{"codigo":1,"descricao":null},"categoria":null,"situacaoRotulo":null,"dataVencimento":"2029-03-29T00:00:00.000-0300","mesAnoVencimento":"032029","dataVencimentoRegistro":"2029-03-01T00:00:00.000-0300","principioAtivo":"AGOMELATINA","situacaoApresentacao":"Válido","dataRegistro":"2009-03-02T00:00:00.000-0300","categoriaRegulatoria":{"codigo":6,"descricao":"Novo"},"medicamentoReferencia":null,"categoriaProduto":null,"tipoAutorizacao":"REGISTRADO","numeroRegistroFormatado":"112780073","mesAnoVencimentoFormatado":"03/2029","acancelar":false},"empresa":{"cnpj":"42374207000176","razaoSocial":"LABORATÓRIOS SERVIER DO BRASIL LTDA","numeroAutorizacao":"1012787","cnpjFormatado":"42.374.207/0001-76"},"processo":{"numero":"25351209856200693","situacao":29,"numeroProcessoFormatado":"25351.209856/2006-93"}},{"ordem":29,"produto":{"codigo":55,"nome":"VASTAREL","numeroRegistro":"112780055","tipo":{"codigo":1,"descricao":null},"categoria":null,"situacaoRotulo":null,"dataVencimento":null,"mesAnoVencimento":"022029","dataVencimentoRegistro":"2029-02-01T00:00:00.000-0300","principioAtivo":"DICLORIDRATO DE TRIMETAZIDINA","situacaoApresentacao":"Válido","dataRegistro":"1999-02-02T00:00:00.000-0300","categoriaRegulatoria":{"codigo":6,"descricao":"Novo"},"medicamentoReferencia":null,"categoriaProduto":null,"tipoAutorizacao":"REGISTRADO","numeroRegistroFormatado":"112780055","mesAnoVencimentoFormatado":"02/2029","acancelar":false},"empresa":{"cnpj":"42374207000176","razaoSocial":"LABORATÓRIOS SERVIER DO BRASIL LTDA","numeroAutorizacao":"1012787","cnpjFormatado":"42.374.207/0001-76"},"processo":{"numero":"250000133309818","situacao":29,"numeroProcessoFormatado":"25000.013330/98-18"}},{"ordem":30,"produto":{"codigo":407314,"nome":"VECTARION","numeroRegistro":"112780001","tipo":{"codigo":1,"descricao":null},"categoria":null,"situacaoRotulo":null,"dataVencimento":null,"mesAnoVencimento":"072018","dataVencimentoRegistro":"2018-07-01T00:00:00.000-0300","principioAtivo":null,"situacaoApresentacao":"Caduco/Cancelado","dataRegistro":"1988-07-25T00:00:00.000-0300","categoriaRegulatoria":{"codigo":6,"descricao":"Novo"},"medicamentoReferencia":null,"categoriaProduto":null,"tipoAutorizacao":"REGISTRADO","numeroRegistroFormatado":"112780001","mesAnoVencimentoFormatado":"07/2018","acancelar":false},"empresa":{"cnpj":"42374207000176","razaoSocial":"LABORATÓRIOS SERVIER DO BRASIL LTDA","numeroAutorizacao":"1012787","cnpjFormatado":"42.374.207/0001-76"},"processo":{"numero":"2500101310683","situacao":29,"numeroProcessoFormatado":"25001.013106/83"}},{"ordem":31,"produto":{"codigo":3706140,"nome":"VILLEXOM","numeroRegistro":"112780090","tipo":{"codigo":1,"descricao":null},"categoria":null,"situacaoRotulo":null,"dataVencimento":"2034-06-03T00:00:00.000-0300","mesAnoVencimento":"062034","dataVencimentoRegistro":"2034-06-01T00:00:00.000-0300","principioAtivo":"AGOMELATINA","situacaoApresentacao":"Válido","dataRegistro":"2024-06-03T00:00:00.000-0300","categoriaRegulatoria":{"codigo":8,"descricao":"Similar"},"medicamentoReferencia":"VALDOXAN","categoriaProduto":null,"tipoAutorizacao":"REGISTRADO","numeroRegistroFormatado":"112780090","mesAnoVencimentoFormatado":"06/2034","acancelar":false},"empresa":{"cnpj":"42374207000176","razaoSocial":"LABORATÓRIOS SERVIER DO BRASIL LTDA","numeroAutorizacao":"1012787","cnpjFormatado":"42.374.207/0001-76"},"processo":{"numero":"25351111958202451","situacao":29,"numeroProcessoFormatado":"25351.111958/2024-51"}},{"ordem":32,"produto":{"codigo":1227649,"nome":"Vastarel caps LP","numeroRegistro":"112780079","tipo":{"codigo":1,"descricao":null},"categoria":null,"situacaoRotulo":null,"dataVencimento":"2030-02-16T00:00:00.000-0300","mesAnoVencimento":"022030","dataVencimentoRegistro":"2030-02-01T00:00:00.000-0300","principioAtivo":"DICLORIDRATO DE TRIMETAZIDINA","situacaoApresentacao":"Válido","dataRegistro":"2020-02-17T00:00:00.000-0300","categoriaRegulatoria":{"codigo":6,"descricao":"Novo"},"medicamentoReferencia":null,"categoriaProduto":null,"tipoAutorizacao":"REGISTRADO","numeroRegistroFormatado":"112780079","mesAnoVencimentoFormatado":"02/2030","acancelar":false},"empresa":{"cnpj":"42374207000176","razaoSocial":"LABORATÓRIOS SERVIER DO BRASIL LTDA","numeroAutorizacao":"1012787","cnpjFormatado":"42.374.207/0001-76"},"processo":{"numero":"25351000058201831","situacao":29,"numeroProcessoFormatado":"25351.000058/2018-31"}},{"ordem":33,"produto":{"codigo":1354753,"nome":"agomelatina","numeroRegistro":"112780078","tipo":{"codigo":1,"descricao":null},"categoria":null,"situacaoRotulo":null,"dataVencimento":null,"mesAnoVencimento":"092029","dataVencimentoRegistro":"2029-09-01T00:00:00.000-0300","principioAtivo":"AGOMELATINA","situacaoApresentacao":"Válido","dataRegistro":"2019-09-30T00:00:00.000-0300","categoriaRegulatoria":{"codigo":5,"descricao":"Genérico"},"medicamentoReferencia":"VALDOXAN","categoriaProduto":null,"tipoAutorizacao":"REGISTRADO","numeroRegistroFormatado":"112780078","mesAnoVencimentoFormatado":"09/2029","acancelar":false},"empresa":{"cnpj":"42374207000176","razaoSocial":"LABORATÓRIOS SERVIER DO BRASIL LTDA","numeroAutorizacao":"1012787","cnpjFormatado":"42.374.207/0001-76"},"processo":{"numero":"25351078242201978","situacao":29,"numeroProcessoFormatado":"25351.078242/2019-78"}},{"ordem":34,"produto":{"codigo":1395925,"nome":"dicloridrato de trimetazidina","numeroRegistro":"112780080","tipo":{"codigo":1,"descricao":null},"categoria":null,"situacaoRotulo":null,"dataVencimento":null,"mesAnoVencimento":"032030","dataVencimentoRegistro":"2030-03-01T00:00:00.000-0300","principioAtivo":null,"situacaoApresentacao":"Caduco/Cancelado","dataRegistro":"2020-03-16T00:00:00.000-0300","categoriaRegulatoria":{"codigo":5,"descricao":"Genérico"},"medicamentoReferencia":"VASTAREL","categoriaProduto":null,"tipoAutorizacao":"REGISTRADO","numeroRegistroFormatado":"112780080","mesAnoVencimentoFormatado":"03/2030","acancelar":false},"empresa":{"cnpj":"42374207000176","razaoSocial":"LABORATÓRIOS SERVIER DO BRASIL LTDA","numeroAutorizacao":"1012787","cnpjFormatado":"42.374.207/0001-76"},"processo":{"numero":"25351483437201936","situacao":29,"numeroProcessoFormatado":"25351.483437/2019-36"}},{"ordem":35,"produto":{"codigo":3575363,"nome":"gliclazida","numeroRegistro":"112780087","tipo":{"codigo":1,"descricao":null},"categoria":null,"situacaoRotulo":null,"dataVencimento":"2032-12-20T00:00:00.000-0300","mesAnoVencimento":"122032","dataVencimentoRegistro":"2032-12-01T00:00:00.000-0300","principioAtivo":"GLICLAZIDA","situacaoApresentacao":"Válido","dataRegistro":"2022-12-12T00:00:00.000-0300","categoriaRegulatoria":{"codigo":5,"descricao":"Genérico"},"medicamentoReferencia":"DIAMICRON","categoriaProduto":null,"tipoAutorizacao":"REGISTRADO","numeroRegistroFormatado":"112780087","mesAnoVencimentoFormatado":"12/2032","acancelar":false},"empresa":{"cnpj":"42374207000176","razaoSocial":"LABORATÓRIOS SERVIER DO BRASIL LTDA","numeroAutorizacao":"1012787","cnpjFormatado":"42.374.207/0001-76"},"processo":{"numero":"25351591450202263","situacao":29,"numeroProcessoFormatado":"25351.591450/2022-63"}},{"ordem":36,"produto":{"codigo":1452713,"nome":"gliclazida","numeroRegistro":"112780085","tipo":{"codigo":1,"descricao":null},"categoria":null,"situacaoRotulo":null,"dataVencimento":null,"mesAnoVencimento":"092030","dataVencimentoRegistro":"2030-09-01T00:00:00.000-0300","principioAtivo":null,"situacaoApresentacao":"Caduco/Cancelado","dataRegistro":"2020-09-08T00:00:00.000-0300","categoriaRegulatoria":{"codigo":5,"descricao":"Genérico"},"medicamentoReferencia":"DIAMICRON","categoriaProduto":null,"tipoAutorizacao":"REGISTRADO","numeroRegistroFormatado":"112780085","mesAnoVencimentoFormatado":"09/2030","acancelar":false},"empresa":{"cnpj":"42374207000176","razaoSocial":"LABORATÓRIOS SERVIER DO BRASIL LTDA","numeroAutorizacao":"1012787","cnpjFormatado":"42.374.207/0001-76"},"processo":{"numero":"25351421032202048","situacao":29,"numeroProcessoFormatado":"25351.421032/2020-48"}}],"totalPages":1,"totalElements":36,"last":true,"numberOfElements":36,"first":true,"sort":null,"size":1000,"number":0}