{"content":[{"ordem":1,"produto":{"codigo":853357,"nome":"ALDIJET","numeroRegistro":"103720228","tipo":{"codigo":1,"descricao":null},"categoria":null,"situacaoRotulo":null,"dataVencimento":null,"mesAnoVencimento":"122018","dataVencimentoRegistro":"2018-12-01T00:00:00.000-0300","principioAtivo":null,"situacaoApresentacao":"Caduco/Cancelado","dataRegistro":"2013-12-23T00:00:00.000-0300","categoriaRegulatoria":{"codigo":8,"descricao":"Similar"},"medicamentoReferencia":"PERLUTAN","categoriaProduto":null,"tipoAutorizacao":"REGISTRADO","acancelar":false,"mesAnoVencimentoFormatado":"12/2018","numeroRegistroFormatado":"103720228"},"empresa":{"cnpj":"43312503000105","razaoSocial":"SUPERA FARMA LABORATÓRIOS S.A","numeroAutorizacao":"1003724","cnpjFormatado":"43.312.503/0001-05"},"processo":{"numero":"25351533462201211","situacao":29,"numeroProcessoFormatado":"25351.533462/2012-11"}},{"ordem":2,"produto":{"codigo":1081286,"nome":"ALDIJET","numeroRegistro":"103720265","tipo":{"codigo":1,"descricao":null},"categoria":null,"situacaoRotulo":null,"dataVencimento":null,"mesAnoVencimento":"122025","dataVencimentoRegistro":"2025-12-01T00:00:00.000-0300","principioAtivo":"ALGESTONA ACETOFENIDA, ENANTATO DE ESTRADIOL","situacaoApresentacao":"Válido","dataRegistro":"2015-12-14T00:00:00.000-0300","categoriaRegulatoria":{"codigo":8,"descricao":"Similar"},"medicamentoReferencia":"PERLUTAN","categoriaProduto":null,"tipoAutorizacao":"REGISTRADO","acancelar":false,"mesAnoVencimentoFormatado":"12/2025","numeroRegistroFormatado":"103720265"},"empresa":{"cnpj":"43312503000105","razaoSocial":"SUPERA FARMA LABORATÓRIOS S.A","numeroAutorizacao":"1003724","cnpjFormatado":"43.312.503/0001-05"},"processo":{"numero":"25351726423201416","situacao":29,"numeroProcessoFormatado":"25351.726423/2014-16"}},{"ordem":3,"produto":{"codigo":1060664,"nome":"ALEVO","numeroRegistro":"103720251","tipo":{"codigo":1,"descricao":null},"categoria":null,"situacaoRotulo":null,"dataVencimento":null,"mesAnoVencimento":"082025","dataVencimentoRegistro":"2025-08-01T00:00:00.000-0300","principioAtivo":"LEVOFLOXACINO HEMIIDRATADO","situacaoApresentacao":"Válido","dataRegistro":"2015-08-17T00:00:00.000-0300","categoriaRegulatoria":{"codigo":8,"descricao":"Similar"},"medicamentoReferencia":"Levaquin","categoriaProduto":null,"tipoAutorizacao":"REGISTRADO","acancelar":false,"mesAnoVencimentoFormatado":"08/2025","numeroRegistroFormatado":"103720251"},"empresa":{"cnpj":"43312503000105","razaoSocial":"SUPERA FARMA LABORATÓRIOS S.A","numeroAutorizacao":"1003724","cnpjFormatado":"43.312.503/0001-05"},"processo":{"numero":"25351180241201266","situacao":29,"numeroProcessoFormatado":"25351.180241/2012-66"}},{"ordem":4,"produto":{"codigo":1097172,"nome":"ALEVO","numeroRegistro":"103720270","tipo":{"codigo":1,"descricao":null},"categoria":null,"situacaoRotulo":null,"dataVencimento":null,"mesAnoVencimento":"042026","dataVencimentoRegistro":"2026-04-01T00:00:00.000-0300","principioAtivo":"LEVOFLOXACINO HEMIIDRATADO","situacaoApresentacao":"Válido","dataRegistro":"2016-04-11T00:00:00.000-0300","categoriaRegulatoria":{"codigo":8,"descricao":"Similar"},"medicamentoReferencia":"TAMIRAM","categoriaProduto":null,"tipoAutorizacao":"REGISTRADO","acancelar":false,"mesAnoVencimentoFormatado":"04/2026","numeroRegistroFormatado":"103720270"},"empresa":{"cnpj":"43312503000105","razaoSocial":"SUPERA FARMA LABORATÓRIOS S.A","numeroAutorizacao":"1003724","cnpjFormatado":"43.312.503/0001-05"},"processo":{"numero":"25351919615201628","situacao":29,"numeroProcessoFormatado":"25351.919615/2016-28"}},{"ordem":5,"produto":{"codigo":1148776,"nome":"ALPES","numeroRegistro":"103720276","tipo":{"codigo":1,"descricao":null},"categoria":null,"situacaoRotulo":null,"dataVencimento":null,"mesAnoVencimento":"022027","dataVencimentoRegistro":"2027-02-01T00:00:00.000-0300","principioAtivo":"CLORIDRATO DE BUPROPIONA","situacaoApresentacao":"Válido","dataRegistro":"2017-02-20T00:00:00.000-0300","categoriaRegulatoria":{"codigo":8,"descricao":"Similar"},"medicamentoReferencia":"WELLBUTRIN SR","categoriaProduto":null,"tipoAutorizacao":"REGISTRADO","acancelar":false,"mesAnoVencimentoFormatado":"02/2027","numeroRegistroFormatado":"103720276"},"empresa":{"cnpj":"43312503000105","razaoSocial":"SUPERA FARMA LABORATÓRIOS S.A","numeroAutorizacao":"1003724","cnpjFormatado":"43.312.503/0001-05"},"processo":{"numero":"25351594676201678","situacao":29,"numeroProcessoFormatado":"25351.594676/2016-78"}},{"ordem":6,"produto":{"codigo":2292746,"nome":"ALPES XL","numeroRegistro":"103720305","tipo":{"codigo":1,"descricao":null},"categoria":null,"situacaoRotulo":null,"dataVencimento":null,"mesAnoVencimento":"082031","dataVencimentoRegistro":"2031-08-01T00:00:00.000-0300","principioAtivo":"CLORIDRATO DE BUPROPIONA","situacaoApresentacao":"Válido","dataRegistro":"2021-08-16T00:00:00.000-0300","categoriaRegulatoria":{"codigo":8,"descricao":"Similar"},"medicamentoReferencia":"WELLBUTRIN XL","categoriaProduto":null,"tipoAutorizacao":"REGISTRADO","acancelar":false,"mesAnoVencimentoFormatado":"08/2031","numeroRegistroFormatado":"103720305"},"empresa":{"cnpj":"43312503000105","razaoSocial":"SUPERA FARMA LABORATÓRIOS S.A","numeroAutorizacao":"1003724","cnpjFormatado":"43.312.503/0001-05"},"processo":{"numero":"25351536038202019","situacao":29,"numeroProcessoFormatado":"25351.536038/2020-19"}},{"ordem":7,"produto":{"codigo":1183588,"nome":"ANDES","numeroRegistro":"103720279","tipo":{"codigo":1,"descricao":null},"categoria":null,"situacaoRotulo":null,"dataVencimento":null,"mesAnoVencimento":"082027","dataVencimentoRegistro":"2027-08-01T00:00:00.000-0300","principioAtivo":"SUCCINATO DE DESVENLAFAXINA MONOIDRATADO","situacaoApresentacao":"Válido","dataRegistro":"2017-08-14T00:00:00.000-0300","categoriaRegulatoria":{"codigo":8,"descricao":"Similar"},"medicamentoReferencia":"PRISTIQ","categoriaProduto":null,"tipoAutorizacao":"REGISTRADO","acancelar":false,"mesAnoVencimentoFormatado":"08/2027","numeroRegistroFormatado":"103720279"},"empresa":{"cnpj":"43312503000105","razaoSocial":"SUPERA FARMA LABORATÓRIOS S.A","numeroAutorizacao":"1003724","cnpjFormatado":"43.312.503/0001-05"},"processo":{"numero":"25351363320201775","situacao":29,"numeroProcessoFormatado":"25351.363320/2017-75"}},{"ordem":8,"produto":{"codigo":1074234,"nome":"ASEA","numeroRegistro":"103720290","tipo":{"codigo":1,"descricao":null},"categoria":null,"situacaoRotulo":null,"dataVencimento":null,"mesAnoVencimento":"042030","dataVencimentoRegistro":"2030-04-01T00:00:00.000-0300","principioAtivo":"OLMESARTANA MEDOXOMILA","situacaoApresentacao":"Válido","dataRegistro":"2020-04-13T00:00:00.000-0300","categoriaRegulatoria":{"codigo":8,"descricao":"Similar"},"medicamentoReferencia":"BENICAR","categoriaProduto":null,"tipoAutorizacao":"REGISTRADO","acancelar":false,"mesAnoVencimentoFormatado":"04/2030","numeroRegistroFormatado":"103720290"},"empresa":{"cnpj":"43312503000105","razaoSocial":"SUPERA FARMA LABORATÓRIOS S.A","numeroAutorizacao":"1003724","cnpjFormatado":"43.312.503/0001-05"},"processo":{"numero":"25351595941201554","situacao":29,"numeroProcessoFormatado":"25351.595941/2015-54"}},{"ordem":9,"produto":{"codigo":861084,"nome":"ASEA HCT","numeroRegistro":"103720229","tipo":{"codigo":1,"descricao":null},"categoria":null,"situacaoRotulo":null,"dataVencimento":null,"mesAnoVencimento":"122018","dataVencimentoRegistro":"2018-12-01T00:00:00.000-0300","principioAtivo":null,"situacaoApresentacao":"Caduco/Cancelado","dataRegistro":"2013-12-23T00:00:00.000-0300","categoriaRegulatoria":{"codigo":8,"descricao":"Similar"},"medicamentoReferencia":"BENICAR HCT","categoriaProduto":null,"tipoAutorizacao":"REGISTRADO","acancelar":false,"mesAnoVencimentoFormatado":"12/2018","numeroRegistroFormatado":"103720229"},"empresa":{"cnpj":"43312503000105","razaoSocial":"SUPERA FARMA LABORATÓRIOS S.A","numeroAutorizacao":"1003724","cnpjFormatado":"43.312.503/0001-05"},"processo":{"numero":"25351617757201260","situacao":29,"numeroProcessoFormatado":"25351.617757/2012-60"}},{"ordem":10,"produto":{"codigo":1079499,"nome":"ASEA HCT","numeroRegistro":"103720269","tipo":{"codigo":1,"descricao":null},"categoria":null,"situacaoRotulo":null,"dataVencimento":null,"mesAnoVencimento":"012026","dataVencimentoRegistro":"2026-01-01T00:00:00.000-0300","principioAtivo":"OLMESARTANA MEDOXOMILA, HIDROCLOROTIAZIDA","situacaoApresentacao":"Válido","dataRegistro":"2016-01-18T00:00:00.000-0300","categoriaRegulatoria":{"codigo":8,"descricao":"Similar"},"medicamentoReferencia":"BENICAR HCT","categoriaProduto":null,"tipoAutorizacao":"REGISTRADO","acancelar":false,"mesAnoVencimentoFormatado":"01/2026","numeroRegistroFormatado":"103720269"},"empresa":{"cnpj":"43312503000105","razaoSocial":"SUPERA FARMA LABORATÓRIOS S.A","numeroAutorizacao":"1003724","cnpjFormatado":"43.312.503/0001-05"},"processo":{"numero":"25351726447201467","situacao":29,"numeroProcessoFormatado":"25351.726447/2014-67"}},{"ordem":11,"produto":{"codigo":806893,"nome":"ATEROMA","numeroRegistro":"103720230","tipo":{"codigo":1,"descricao":null},"categoria":null,"situacaoRotulo":null,"dataVencimento":null,"mesAnoVencimento":"022019","dataVencimentoRegistro":"2019-02-01T00:00:00.000-0300","principioAtivo":null,"situacaoApresentacao":"Caduco/Cancelado","dataRegistro":"2014-02-17T00:00:00.000-0300","categoriaRegulatoria":{"codigo":8,"descricao":"Similar"},"medicamentoReferencia":"CITALOR","categoriaProduto":null,"tipoAutorizacao":"REGISTRADO","acancelar":false,"mesAnoVencimentoFormatado":"02/2019","numeroRegistroFormatado":"103720230"},"empresa":{"cnpj":"43312503000105","razaoSocial":"SUPERA FARMA LABORATÓRIOS S.A","numeroAutorizacao":"1003724","cnpjFormatado":"43.312.503/0001-05"},"processo":{"numero":"25351020047201289","situacao":29,"numeroProcessoFormatado":"25351.020047/2012-89"}},{"ordem":12,"produto":{"codigo":1076096,"nome":"ATEROMA","numeroRegistro":"103720263","tipo":{"codigo":1,"descricao":null},"categoria":null,"situacaoRotulo":null,"dataVencimento":null,"mesAnoVencimento":"112025","dataVencimentoRegistro":"2025-11-01T00:00:00.000-0300","principioAtivo":"ATORVASTATINA CÁLCICA","situacaoApresentacao":"Válido","dataRegistro":"2015-11-23T00:00:00.000-0300","categoriaRegulatoria":{"codigo":8,"descricao":"Similar"},"medicamentoReferencia":"Citalor","categoriaProduto":null,"tipoAutorizacao":"REGISTRADO","acancelar":false,"mesAnoVencimentoFormatado":"11/2025","numeroRegistroFormatado":"103720263"},"empresa":{"cnpj":"43312503000105","razaoSocial":"SUPERA FARMA LABORATÓRIOS S.A","numeroAutorizacao":"1003724","cnpjFormatado":"43.312.503/0001-05"},"processo":{"numero":"25351728800201443","situacao":29,"numeroProcessoFormatado":"25351.728800/2014-43"}},{"ordem":13,"produto":{"codigo":1352698,"nome":"ATESTO","numeroRegistro":"103720288","tipo":{"codigo":1,"descricao":null},"categoria":null,"situacaoRotulo":null,"dataVencimento":null,"mesAnoVencimento":"092029","dataVencimentoRegistro":"2029-09-01T00:00:00.000-0300","principioAtivo":"UNDECILATO DE TESTOSTERONA","situacaoApresentacao":"Válido","dataRegistro":"2019-09-23T00:00:00.000-0300","categoriaRegulatoria":{"codigo":8,"descricao":"Similar"},"medicamentoReferencia":"Nebido","categoriaProduto":null,"tipoAutorizacao":"REGISTRADO","acancelar":false,"mesAnoVencimentoFormatado":"09/2029","numeroRegistroFormatado":"103720288"},"empresa":{"cnpj":"43312503000105","razaoSocial":"SUPERA FARMA LABORATÓRIOS S.A","numeroAutorizacao":"1003724","cnpjFormatado":"43.312.503/0001-05"},"processo":{"numero":"25351361423201962","situacao":29,"numeroProcessoFormatado":"25351.361423/2019-62"}},{"ordem":14,"produto":{"codigo":1036493,"nome":"ATIP","numeroRegistro":"103720246","tipo":{"codigo":1,"descricao":null},"categoria":null,"situacaoRotulo":null,"dataVencimento":null,"mesAnoVencimento":"052025","dataVencimentoRegistro":"2025-05-01T00:00:00.000-0300","principioAtivo":"hemifumarato de quetiapina","situacaoApresentacao":"Válido","dataRegistro":"2015-05-04T00:00:00.000-0300","categoriaRegulatoria":{"codigo":8,"descricao":"Similar"},"medicamentoReferencia":"SEROQUEL","categoriaProduto":null,"tipoAutorizacao":"REGISTRADO","acancelar":false,"mesAnoVencimentoFormatado":"05/2025","numeroRegistroFormatado":"103720246"},"empresa":{"cnpj":"43312503000105","razaoSocial":"SUPERA FARMA LABORATÓRIOS S.A","numeroAutorizacao":"1003724","cnpjFormatado":"43.312.503/0001-05"},"processo":{"numero":"25351733233201172","situacao":29,"numeroProcessoFormatado":"25351.733233/2011-72"}},{"ordem":15,"produto":{"codigo":1036012,"nome":"ATIP XR","numeroRegistro":"103720247","tipo":{"codigo":1,"descricao":null},"categoria":null,"situacaoRotulo":null,"dataVencimento":null,"mesAnoVencimento":"052025","dataVencimentoRegistro":"2025-05-01T00:00:00.000-0300","principioAtivo":"hemifumarato de quetiapina","situacaoApresentacao":"Válido","dataRegistro":"2015-05-04T00:00:00.000-0300","categoriaRegulatoria":{"codigo":8,"descricao":"Similar"},"medicamentoReferencia":"SEROQUEL XRO","categoriaProduto":null,"tipoAutorizacao":"REGISTRADO","acancelar":false,"mesAnoVencimentoFormatado":"05/2025","numeroRegistroFormatado":"103720247"},"empresa":{"cnpj":"43312503000105","razaoSocial":"SUPERA FARMA LABORATÓRIOS S.A","numeroAutorizacao":"1003724","cnpjFormatado":"43.312.503/0001-05"},"processo":{"numero":"25351470120201311","situacao":29,"numeroProcessoFormatado":"25351.470120/2013-11"}},{"ordem":16,"produto":{"codigo":841733,"nome":"AVAL","numeroRegistro":"103720223","tipo":{"codigo":1,"descricao":null},"categoria":null,"situacaoRotulo":null,"dataVencimento":null,"mesAnoVencimento":"112018","dataVencimentoRegistro":"2018-11-01T00:00:00.000-0300","principioAtivo":null,"situacaoApresentacao":"Caduco/Cancelado","dataRegistro":"2013-11-04T00:00:00.000-0300","categoriaRegulatoria":{"codigo":8,"descricao":"Similar"},"medicamentoReferencia":"DIOVAN","categoriaProduto":null,"tipoAutorizacao":"REGISTRADO","acancelar":false,"mesAnoVencimentoFormatado":"11/2018","numeroRegistroFormatado":"103720223"},"empresa":{"cnpj":"43312503000105","razaoSocial":"SUPERA FARMA LABORATÓRIOS S.A","numeroAutorizacao":"1003724","cnpjFormatado":"43.312.503/0001-05"},"processo":{"numero":"25351419687201240","situacao":29,"numeroProcessoFormatado":"25351.419687/2012-40"}},{"ordem":17,"produto":{"codigo":1072012,"nome":"AVAL","numeroRegistro":"103720259","tipo":{"codigo":1,"descricao":null},"categoria":null,"situacaoRotulo":null,"dataVencimento":null,"mesAnoVencimento":"102025","dataVencimentoRegistro":"2025-10-01T00:00:00.000-0300","principioAtivo":"VALSARTANA","situacaoApresentacao":"Válido","dataRegistro":"2015-10-26T00:00:00.000-0300","categoriaRegulatoria":{"codigo":8,"descricao":"Similar"},"medicamentoReferencia":"DIOVAN","categoriaProduto":null,"tipoAutorizacao":"REGISTRADO","acancelar":false,"mesAnoVencimentoFormatado":"10/2025","numeroRegistroFormatado":"103720259"},"empresa":{"cnpj":"43312503000105","razaoSocial":"SUPERA FARMA LABORATÓRIOS S.A","numeroAutorizacao":"1003724","cnpjFormatado":"43.312.503/0001-05"},"processo":{"numero":"25351726442201434","situacao":29,"numeroProcessoFormatado":"25351.726442/2014-34"}},{"ordem":18,"produto":{"codigo":1020181,"nome":"AVAL HCT","numeroRegistro":"103720238","tipo":{"codigo":1,"descricao":null},"categoria":null,"situacaoRotulo":null,"dataVencimento":null,"mesAnoVencimento":"022020","dataVencimentoRegistro":"2020-02-01T00:00:00.000-0300","principioAtivo":null,"situacaoApresentacao":"Caduco/Cancelado","dataRegistro":"2015-02-18T00:00:00.000-0300","categoriaRegulatoria":{"codigo":8,"descricao":"Similar"},"medicamentoReferencia":"DIOVAN HCT","categoriaProduto":null,"tipoAutorizacao":"REGISTRADO","acancelar":false,"mesAnoVencimentoFormatado":"02/2020","numeroRegistroFormatado":"103720238"},"empresa":{"cnpj":"43312503000105","razaoSocial":"SUPERA FARMA LABORATÓRIOS S.A","numeroAutorizacao":"1003724","cnpjFormatado":"43.312.503/0001-05"},"processo":{"numero":"25351543628201217","situacao":29,"numeroProcessoFormatado":"25351.543628/2012-17"}},{"ordem":19,"produto":{"codigo":3337652,"nome":"AZOD","numeroRegistro":"103720309","tipo":{"codigo":1,"descricao":null},"categoria":null,"situacaoRotulo":null,"dataVencimento":null,"mesAnoVencimento":"112032","dataVencimentoRegistro":"2032-11-01T00:00:00.000-0300","principioAtivo":"CLORIDRATO DE TRAZODONA","situacaoApresentacao":"Válido","dataRegistro":"2022-11-16T00:00:00.000-0300","categoriaRegulatoria":{"codigo":8,"descricao":"Similar"},"medicamentoReferencia":"DONAREN","categoriaProduto":null,"tipoAutorizacao":"REGISTRADO","acancelar":false,"mesAnoVencimentoFormatado":"11/2032","numeroRegistroFormatado":"103720309"},"empresa":{"cnpj":"43312503000105","razaoSocial":"SUPERA FARMA LABORATÓRIOS S.A","numeroAutorizacao":"1003724","cnpjFormatado":"43.312.503/0001-05"},"processo":{"numero":"25351848725202165","situacao":29,"numeroProcessoFormatado":"25351.848725/2021-65"}},{"ordem":20,"produto":{"codigo":1115,"nome":"BENZOCAINA + ASSOCIAÇÕES","numeroRegistro":"103720018","tipo":{"codigo":1,"descricao":null},"categoria":null,"situacaoRotulo":null,"dataVencimento":null,"mesAnoVencimento":"022005","dataVencimentoRegistro":"2005-02-01T00:00:00.000-0300","principioAtivo":null,"situacaoApresentacao":"Caduco/Cancelado","dataRegistro":"2000-02-09T00:00:00.000-0200","categoriaRegulatoria":{"codigo":8,"descricao":"Similar"},"medicamentoReferencia":null,"categoriaProduto":null,"tipoAutorizacao":"REGISTRADO","acancelar":false,"mesAnoVencimentoFormatado":"02/2005","numeroRegistroFormatado":"103720018"},"empresa":{"cnpj":"43312503000105","razaoSocial":"SUPERA FARMA LABORATÓRIOS S.A","numeroAutorizacao":"1003724","cnpjFormatado":"43.312.503/0001-05"},"processo":{"numero":"250000215829939","situacao":29,"numeroProcessoFormatado":"25000.021582/99-39"}},{"ordem":21,"produto":{"codigo":1513435,"nome":"BIQUIZ","numeroRegistro":"103720301","tipo":{"codigo":1,"descricao":null},"categoria":null,"situacaoRotulo":null,"dataVencimento":null,"mesAnoVencimento":"102030","dataVencimentoRegistro":"2030-10-01T00:00:00.000-0300","principioAtivo":"ARIPIPRAZOL","situacaoApresentacao":"Válido","dataRegistro":"2020-10-05T00:00:00.000-0300","categoriaRegulatoria":{"codigo":8,"descricao":"Similar"},"medicamentoReferencia":"ARISTAB","categoriaProduto":null,"tipoAutorizacao":"REGISTRADO","acancelar":false,"mesAnoVencimentoFormatado":"10/2030","numeroRegistroFormatado":"103720301"},"empresa":{"cnpj":"43312503000105","razaoSocial":"SUPERA FARMA LABORATÓRIOS S.A","numeroAutorizacao":"1003724","cnpjFormatado":"43.312.503/0001-05"},"processo":{"numero":"25351398641201952","situacao":29,"numeroProcessoFormatado":"25351.398641/2019-52"}},{"ordem":22,"produto":{"codigo":1057850,"nome":"CARLIT","numeroRegistro":"103720250","tipo":{"codigo":1,"descricao":null},"categoria":null,"situacaoRotulo":null,"dataVencimento":"2025-07-04T00:00:00.000-0300","mesAnoVencimento":"072025","dataVencimentoRegistro":"2025-07-01T00:00:00.000-0300","principioAtivo":"CARBONATO DE LÍTIO","situacaoApresentacao":"Válido","dataRegistro":"2015-07-27T00:00:00.000-0300","categoriaRegulatoria":{"codigo":8,"descricao":"Similar"},"medicamentoReferencia":"CARBOLITIUM","categoriaProduto":null,"tipoAutorizacao":"REGISTRADO","acancelar":false,"mesAnoVencimentoFormatado":"07/2025","numeroRegistroFormatado":"103720250"},"empresa":{"cnpj":"43312503000105","razaoSocial":"SUPERA FARMA LABORATÓRIOS S.A","numeroAutorizacao":"1003724","cnpjFormatado":"43.312.503/0001-05"},"processo":{"numero":"25351581090201481","situacao":29,"numeroProcessoFormatado":"25351.581090/2014-81"}},{"ordem":23,"produto":{"codigo":1083261,"nome":"CEL","numeroRegistro":"103720268","tipo":{"codigo":1,"descricao":null},"categoria":null,"situacaoRotulo":null,"dataVencimento":null,"mesAnoVencimento":"122025","dataVencimentoRegistro":"2025-12-01T00:00:00.000-0300","principioAtivo":"CEFALEXINA MONOIDRATADA","situacaoApresentacao":"Válido","dataRegistro":"2015-12-28T00:00:00.000-0300","categoriaRegulatoria":{"codigo":8,"descricao":"Similar"},"medicamentoReferencia":"KEFLEX","categoriaProduto":null,"tipoAutorizacao":"REGISTRADO","acancelar":false,"mesAnoVencimentoFormatado":"12/2025","numeroRegistroFormatado":"103720268"},"empresa":{"cnpj":"43312503000105","razaoSocial":"SUPERA FARMA LABORATÓRIOS S.A","numeroAutorizacao":"1003724","cnpjFormatado":"43.312.503/0001-05"},"processo":{"numero":"25351788963201485","situacao":29,"numeroProcessoFormatado":"25351.788963/2014-85"}},{"ordem":24,"produto":{"codigo":1228546,"nome":"CIBEX","numeroRegistro":"103720281","tipo":{"codigo":1,"descricao":null},"categoria":null,"situacaoRotulo":null,"dataVencimento":null,"mesAnoVencimento":"022028","dataVencimentoRegistro":"2028-02-01T00:00:00.000-0300","principioAtivo":"CELECOXIBE","situacaoApresentacao":"Válido","dataRegistro":"2018-02-26T00:00:00.000-0300","categoriaRegulatoria":{"codigo":8,"descricao":"Similar"},"medicamentoReferencia":"CELEBRA","categoriaProduto":null,"tipoAutorizacao":"REGISTRADO","acancelar":false,"mesAnoVencimentoFormatado":"02/2028","numeroRegistroFormatado":"103720281"},"empresa":{"cnpj":"43312503000105","razaoSocial":"SUPERA FARMA LABORATÓRIOS S.A","numeroAutorizacao":"1003724","cnpjFormatado":"43.312.503/0001-05"},"processo":{"numero":"25351211062201742","situacao":29,"numeroProcessoFormatado":"25351.211062/2017-42"}},{"ordem":25,"produto":{"codigo":2619,"nome":"CLORIDRATO DE LERCANIDIPINA","numeroRegistro":"103720012","tipo":{"codigo":1,"descricao":null},"categoria":null,"situacaoRotulo":null,"dataVencimento":null,"mesAnoVencimento":"102003","dataVencimentoRegistro":"2003-10-01T00:00:00.000-0300","principioAtivo":null,"situacaoApresentacao":"Caduco/Cancelado","dataRegistro":"1998-10-02T00:00:00.000-0300","categoriaRegulatoria":{"codigo":8,"descricao":"Similar"},"medicamentoReferencia":null,"categoriaProduto":null,"tipoAutorizacao":"REGISTRADO","acancelar":false,"mesAnoVencimentoFormatado":"10/2003","numeroRegistroFormatado":"103720012"},"empresa":{"cnpj":"43312503000105","razaoSocial":"SUPERA FARMA LABORATÓRIOS S.A","numeroAutorizacao":"1003724","cnpjFormatado":"43.312.503/0001-05"},"processo":{"numero":"250000144009829","situacao":29,"numeroProcessoFormatado":"25000.014400/98-29"}},{"ordem":26,"produto":{"codigo":1313829,"nome":"COD","numeroRegistro":"103720285","tipo":{"codigo":1,"descricao":null},"categoria":null,"situacaoRotulo":null,"dataVencimento":"2029-04-26T00:00:00.000-0300","mesAnoVencimento":"042029","dataVencimentoRegistro":"2029-04-01T00:00:00.000-0300","principioAtivo":"FOSFATO DE CODEÍNA","situacaoApresentacao":"Válido","dataRegistro":"2019-04-08T00:00:00.000-0300","categoriaRegulatoria":{"codigo":6,"descricao":"Novo"},"medicamentoReferencia":null,"categoriaProduto":null,"tipoAutorizacao":"REGISTRADO","acancelar":false,"mesAnoVencimentoFormatado":"04/2029","numeroRegistroFormatado":"103720285"},"empresa":{"cnpj":"43312503000105","razaoSocial":"SUPERA FARMA LABORATÓRIOS S.A","numeroAutorizacao":"1003724","cnpjFormatado":"43.312.503/0001-05"},"processo":{"numero":"25351630137201871","situacao":29,"numeroProcessoFormatado":"25351.630137/2018-71"}},{"ordem":27,"produto":{"codigo":1280213,"nome":"COD PAR","numeroRegistro":"103720284","tipo":{"codigo":1,"descricao":null},"categoria":null,"situacaoRotulo":null,"dataVencimento":null,"mesAnoVencimento":"102028","dataVencimentoRegistro":"2028-10-01T00:00:00.000-0300","principioAtivo":"PARACETAMOL, FOSFATO DE CODEÍNA","situacaoApresentacao":"Válido","dataRegistro":"2018-10-08T00:00:00.000-0300","categoriaRegulatoria":{"codigo":8,"descricao":"Similar"},"medicamentoReferencia":"TYLEX","categoriaProduto":null,"tipoAutorizacao":"REGISTRADO","acancelar":false,"mesAnoVencimentoFormatado":"10/2028","numeroRegistroFormatado":"103720284"},"empresa":{"cnpj":"43312503000105","razaoSocial":"SUPERA FARMA LABORATÓRIOS S.A","numeroAutorizacao":"1003724","cnpjFormatado":"43.312.503/0001-05"},"processo":{"numero":"25351162530201829","situacao":29,"numeroProcessoFormatado":"25351.162530/2018-29"}},{"ordem":28,"produto":{"codigo":1083491,"nome":"DACEFA","numeroRegistro":"103720267","tipo":{"codigo":1,"descricao":null},"categoria":null,"situacaoRotulo":null,"dataVencimento":"2025-12-01T00:00:00.000-0300","mesAnoVencimento":"122025","dataVencimentoRegistro":"2025-12-01T00:00:00.000-0300","principioAtivo":null,"situacaoApresentacao":"Caduco/Cancelado","dataRegistro":"2015-12-28T00:00:00.000-0300","categoriaRegulatoria":{"codigo":8,"descricao":"Similar"},"medicamentoReferencia":"CEFAMOX","categoriaProduto":null,"tipoAutorizacao":"REGISTRADO","acancelar":false,"mesAnoVencimentoFormatado":"12/2025","numeroRegistroFormatado":"103720267"},"empresa":{"cnpj":"43312503000105","razaoSocial":"SUPERA FARMA LABORATÓRIOS S.A","numeroAutorizacao":"1003724","cnpjFormatado":"43.312.503/0001-05"},"processo":{"numero":"25351619029201414","situacao":29,"numeroProcessoFormatado":"25351.619029/2014-14"}},{"ordem":29,"produto":{"codigo":883971,"nome":"DALÍ","numeroRegistro":"103720243","tipo":{"codigo":1,"descricao":null},"categoria":null,"situacaoRotulo":null,"dataVencimento":null,"mesAnoVencimento":"042025","dataVencimentoRegistro":"2025-04-01T00:00:00.000-0300","principioAtivo":"TADALAFILA","situacaoApresentacao":"Válido","dataRegistro":"2015-04-20T00:00:00.000-0300","categoriaRegulatoria":{"codigo":8,"descricao":"Similar"},"medicamentoReferencia":"CIALIS","categoriaProduto":null,"tipoAutorizacao":"REGISTRADO","acancelar":false,"mesAnoVencimentoFormatado":"04/2025","numeroRegistroFormatado":"103720243"},"empresa":{"cnpj":"43312503000105","razaoSocial":"SUPERA FARMA LABORATÓRIOS S.A","numeroAutorizacao":"1003724","cnpjFormatado":"43.312.503/0001-05"},"processo":{"numero":"25351152802201368","situacao":29,"numeroProcessoFormatado":"25351.152802/2013-68"}},{"ordem":30,"produto":{"codigo":2583274,"nome":"DARTRIAL","numeroRegistro":"103720308","tipo":{"codigo":1,"descricao":null},"categoria":null,"situacaoRotulo":null,"dataVencimento":null,"mesAnoVencimento":"112031","dataVencimentoRegistro":"2031-11-01T00:00:00.000-0300","principioAtivo":"RIVAROXABANA","situacaoApresentacao":"Válido","dataRegistro":"2021-11-03T00:00:00.000-0300","categoriaRegulatoria":{"codigo":8,"descricao":"Similar"},"medicamentoReferencia":"XARELTO","categoriaProduto":null,"tipoAutorizacao":"REGISTRADO","acancelar":false,"mesAnoVencimentoFormatado":"11/2031","numeroRegistroFormatado":"103720308"},"empresa":{"cnpj":"43312503000105","razaoSocial":"SUPERA FARMA LABORATÓRIOS S.A","numeroAutorizacao":"1003724","cnpjFormatado":"43.312.503/0001-05"},"processo":{"numero":"25351623641202111","situacao":29,"numeroProcessoFormatado":"25351.623641/2021-11"}},{"ordem":31,"produto":{"codigo":1352894,"nome":"DBRIZ","numeroRegistro":"103720287","tipo":{"codigo":1,"descricao":null},"categoria":null,"situacaoRotulo":null,"dataVencimento":"2029-09-16T00:00:00.000-0300","mesAnoVencimento":"092029","dataVencimentoRegistro":"2029-09-01T00:00:00.000-0300","principioAtivo":"COLAGENASE, CLORANFENICOL","situacaoApresentacao":"Válido","dataRegistro":"2019-09-23T00:00:00.000-0300","categoriaRegulatoria":{"codigo":1,"descricao":"Biológico"},"medicamentoReferencia":null,"categoriaProduto":null,"tipoAutorizacao":"REGISTRADO","acancelar":false,"mesAnoVencimentoFormatado":"09/2029","numeroRegistroFormatado":"103720287"},"empresa":{"cnpj":"43312503000105","razaoSocial":"SUPERA FARMA LABORATÓRIOS S.A","numeroAutorizacao":"1003724","cnpjFormatado":"43.312.503/0001-05"},"processo":{"numero":"25351246480201912","situacao":29,"numeroProcessoFormatado":"25351.246480/2019-12"}},{"ordem":32,"produto":{"codigo":1206284,"nome":"DBRIZ UNO","numeroRegistro":"103720280","tipo":{"codigo":1,"descricao":null},"categoria":null,"situacaoRotulo":null,"dataVencimento":"2027-10-11T00:00:00.000-0300","mesAnoVencimento":"102027","dataVencimentoRegistro":"2027-10-01T00:00:00.000-0300","principioAtivo":"COLAGENASE","situacaoApresentacao":"Válido","dataRegistro":"2017-10-09T00:00:00.000-0300","categoriaRegulatoria":{"codigo":1,"descricao":"Biológico"},"medicamentoReferencia":null,"categoriaProduto":null,"tipoAutorizacao":"REGISTRADO","acancelar":false,"mesAnoVencimentoFormatado":"10/2027","numeroRegistroFormatado":"103720280"},"empresa":{"cnpj":"43312503000105","razaoSocial":"SUPERA FARMA LABORATÓRIOS S.A","numeroAutorizacao":"1003724","cnpjFormatado":"43.312.503/0001-05"},"processo":{"numero":"25351467742201719","situacao":29,"numeroProcessoFormatado":"25351.467742/2017-19"}},{"ordem":33,"produto":{"codigo":1074343,"nome":"DEBET","numeroRegistro":"103720260","tipo":{"codigo":1,"descricao":null},"categoria":null,"situacaoRotulo":null,"dataVencimento":null,"mesAnoVencimento":"112025","dataVencimentoRegistro":"2025-11-01T00:00:00.000-0300","principioAtivo":"DICLORIDRATO DE BETAISTINA","situacaoApresentacao":"Válido","dataRegistro":"2015-11-03T00:00:00.000-0300","categoriaRegulatoria":{"codigo":8,"descricao":"Similar"},"medicamentoReferencia":"Labirin e Betaserc","categoriaProduto":null,"tipoAutorizacao":"REGISTRADO","acancelar":false,"mesAnoVencimentoFormatado":"11/2025","numeroRegistroFormatado":"103720260"},"empresa":{"cnpj":"43312503000105","razaoSocial":"SUPERA FARMA LABORATÓRIOS S.A","numeroAutorizacao":"1003724","cnpjFormatado":"43.312.503/0001-05"},"processo":{"numero":"25351082924201551","situacao":29,"numeroProcessoFormatado":"25351.082924/2015-51"}},{"ordem":34,"produto":{"codigo":1491563,"nome":"DHIVAS","numeroRegistro":"103720299","tipo":{"codigo":1,"descricao":null},"categoria":null,"situacaoRotulo":null,"dataVencimento":null,"mesAnoVencimento":"092030","dataVencimentoRegistro":"2030-09-01T00:00:00.000-0300","principioAtivo":"DIOSMINA, FLAVONÓIDES EXPRESSOS EM HESPERIDINA","situacaoApresentacao":"Válido","dataRegistro":"2020-09-21T00:00:00.000-0300","categoriaRegulatoria":{"codigo":3,"descricao":"Específico"},"medicamentoReferencia":null,"categoriaProduto":null,"tipoAutorizacao":"REGISTRADO","acancelar":false,"mesAnoVencimentoFormatado":"09/2030","numeroRegistroFormatado":"103720299"},"empresa":{"cnpj":"43312503000105","razaoSocial":"SUPERA FARMA LABORATÓRIOS S.A","numeroAutorizacao":"1003724","cnpjFormatado":"43.312.503/0001-05"},"processo":{"numero":"25351619919202074","situacao":29,"numeroProcessoFormatado":"25351.619919/2020-74"}},{"ordem":35,"produto":{"codigo":1032710,"nome":"DINE","numeroRegistro":"103720244","tipo":{"codigo":1,"descricao":null},"categoria":null,"situacaoRotulo":null,"dataVencimento":null,"mesAnoVencimento":"042025","dataVencimentoRegistro":"2025-04-01T00:00:00.000-0300","principioAtivo":"DIENOGESTe","situacaoApresentacao":"Válido","dataRegistro":"2015-04-20T00:00:00.000-0300","categoriaRegulatoria":{"codigo":8,"descricao":"Similar"},"medicamentoReferencia":"ALLURENE","categoriaProduto":null,"tipoAutorizacao":"REGISTRADO","acancelar":false,"mesAnoVencimentoFormatado":"04/2025","numeroRegistroFormatado":"103720244"},"empresa":{"cnpj":"43312503000105","razaoSocial":"SUPERA FARMA LABORATÓRIOS S.A","numeroAutorizacao":"1003724","cnpjFormatado":"43.312.503/0001-05"},"processo":{"numero":"25351179994201436","situacao":29,"numeroProcessoFormatado":"25351.179994/2014-36"}},{"ordem":36,"produto":{"codigo":2088330,"nome":"DIOL","numeroRegistro":"103720304","tipo":{"codigo":1,"descricao":null},"categoria":null,"situacaoRotulo":null,"dataVencimento":null,"mesAnoVencimento":"082031","dataVencimentoRegistro":"2031-08-01T00:00:00.000-0300","principioAtivo":"ESTRADIOL HEMI-hiDRATADO, DROSPIRENONA","situacaoApresentacao":"Válido","dataRegistro":"2021-08-09T00:00:00.000-0300","categoriaRegulatoria":{"codigo":8,"descricao":"Similar"},"medicamentoReferencia":"ANGELIQ","categoriaProduto":null,"tipoAutorizacao":"REGISTRADO","acancelar":false,"mesAnoVencimentoFormatado":"08/2031","numeroRegistroFormatado":"103720304"},"empresa":{"cnpj":"43312503000105","razaoSocial":"SUPERA FARMA LABORATÓRIOS S.A","numeroAutorizacao":"1003724","cnpjFormatado":"43.312.503/0001-05"},"processo":{"numero":"25351867802202186","situacao":29,"numeroProcessoFormatado":"25351.867802/2021-86"}},{"ordem":37,"produto":{"codigo":1024324,"nome":"DIOLESS","numeroRegistro":"103720242","tipo":{"codigo":1,"descricao":null},"categoria":null,"situacaoRotulo":null,"dataVencimento":null,"mesAnoVencimento":"032025","dataVencimentoRegistro":"2025-03-01T00:00:00.000-0300","principioAtivo":"DESOGESTREL, ETINILESTRADIOL","situacaoApresentacao":"Válido","dataRegistro":"2015-03-23T00:00:00.000-0300","categoriaRegulatoria":{"codigo":8,"descricao":"Similar"},"medicamentoReferencia":"MERCILON","categoriaProduto":null,"tipoAutorizacao":"REGISTRADO","acancelar":false,"mesAnoVencimentoFormatado":"03/2025","numeroRegistroFormatado":"103720242"},"empresa":{"cnpj":"43312503000105","razaoSocial":"SUPERA FARMA LABORATÓRIOS S.A","numeroAutorizacao":"1003724","cnpjFormatado":"43.312.503/0001-05"},"processo":{"numero":"25351513694201403","situacao":29,"numeroProcessoFormatado":"25351.513694/2014-03"}},{"ordem":38,"produto":{"codigo":1063804,"nome":"DOVÁSC","numeroRegistro":"103720252","tipo":{"codigo":1,"descricao":null},"categoria":null,"situacaoRotulo":null,"dataVencimento":"2025-08-01T00:00:00.000-0300","mesAnoVencimento":"082025","dataVencimentoRegistro":"2025-08-01T00:00:00.000-0300","principioAtivo":null,"situacaoApresentacao":"Caduco/Cancelado","dataRegistro":"2015-08-31T00:00:00.000-0300","categoriaRegulatoria":{"codigo":8,"descricao":"Similar"},"medicamentoReferencia":"CEBRALAT","categoriaProduto":null,"tipoAutorizacao":"REGISTRADO","acancelar":false,"mesAnoVencimentoFormatado":"08/2025","numeroRegistroFormatado":"103720252"},"empresa":{"cnpj":"43312503000105","razaoSocial":"SUPERA FARMA LABORATÓRIOS S.A","numeroAutorizacao":"1003724","cnpjFormatado":"43.312.503/0001-05"},"processo":{"numero":"25351513689201492","situacao":29,"numeroProcessoFormatado":"25351.513689/2014-92"}},{"ordem":39,"produto":{"codigo":1279083,"nome":"DUATLO","numeroRegistro":"103720283","tipo":{"codigo":1,"descricao":null},"categoria":null,"situacaoRotulo":null,"dataVencimento":"2028-10-22T00:00:00.000-0300","mesAnoVencimento":"102028","dataVencimentoRegistro":"2028-10-01T00:00:00.000-0300","principioAtivo":"CLORIDRATO DE DULOXETINA","situacaoApresentacao":"Válido","dataRegistro":"2018-10-01T00:00:00.000-0300","categoriaRegulatoria":{"codigo":8,"descricao":"Similar"},"medicamentoReferencia":"CYMBALTA","categoriaProduto":null,"tipoAutorizacao":"REGISTRADO","acancelar":false,"mesAnoVencimentoFormatado":"10/2028","numeroRegistroFormatado":"103720283"},"empresa":{"cnpj":"43312503000105","razaoSocial":"SUPERA FARMA LABORATÓRIOS S.A","numeroAutorizacao":"1003724","cnpjFormatado":"43.312.503/0001-05"},"processo":{"numero":"25351160591201425","situacao":29,"numeroProcessoFormatado":"25351.160591/2014-25"}},{"ordem":40,"produto":{"codigo":1081031,"nome":"EDADE","numeroRegistro":"103720266","tipo":{"codigo":1,"descricao":null},"categoria":null,"situacaoRotulo":null,"dataVencimento":null,"mesAnoVencimento":"122020","dataVencimentoRegistro":"2020-12-01T00:00:00.000-0300","principioAtivo":null,"situacaoApresentacao":"Caduco/Cancelado","dataRegistro":"2015-12-28T00:00:00.000-0300","categoriaRegulatoria":{"codigo":8,"descricao":"Similar"},"medicamentoReferencia":null,"categoriaProduto":null,"tipoAutorizacao":"REGISTRADO","acancelar":false,"mesAnoVencimentoFormatado":"12/2020","numeroRegistroFormatado":"103720266"},"empresa":{"cnpj":"43312503000105","razaoSocial":"SUPERA FARMA LABORATÓRIOS S.A","numeroAutorizacao":"1003724","cnpjFormatado":"43.312.503/0001-05"},"processo":{"numero":"25351602068201482","situacao":29,"numeroProcessoFormatado":"25351.602068/2014-82"}},{"ordem":41,"produto":{"codigo":4493,"nome":"GENCITABINA","numeroRegistro":"103720014","tipo":{"codigo":1,"descricao":null},"categoria":null,"situacaoRotulo":null,"dataVencimento":null,"mesAnoVencimento":"122003","dataVencimentoRegistro":"2003-12-01T00:00:00.000-0300","principioAtivo":null,"situacaoApresentacao":"Caduco/Cancelado","dataRegistro":"1998-12-18T00:00:00.000-0300","categoriaRegulatoria":{"codigo":8,"descricao":"Similar"},"medicamentoReferencia":null,"categoriaProduto":null,"tipoAutorizacao":"REGISTRADO","acancelar":false,"mesAnoVencimentoFormatado":"12/2003","numeroRegistroFormatado":"103720014"},"empresa":{"cnpj":"43312503000105","razaoSocial":"SUPERA FARMA LABORATÓRIOS S.A","numeroAutorizacao":"1003724","cnpjFormatado":"43.312.503/0001-05"},"processo":{"numero":"250000144029854","situacao":29,"numeroProcessoFormatado":"25000.014402/98-54"}},{"ordem":42,"produto":{"codigo":1119992,"nome":"GRECE","numeroRegistro":"103720273","tipo":{"codigo":1,"descricao":null},"categoria":null,"situacaoRotulo":null,"dataVencimento":null,"mesAnoVencimento":"082026","dataVencimentoRegistro":"2026-08-01T00:00:00.000-0300","principioAtivo":"CLORIDRATO DE SIBUTRAMINA MONOIDRATADO","situacaoApresentacao":"Válido","dataRegistro":"2016-08-22T00:00:00.000-0300","categoriaRegulatoria":{"codigo":8,"descricao":"Similar"},"medicamentoReferencia":"REDUCTIL","categoriaProduto":null,"tipoAutorizacao":"REGISTRADO","acancelar":false,"mesAnoVencimentoFormatado":"08/2026","numeroRegistroFormatado":"103720273"},"empresa":{"cnpj":"43312503000105","razaoSocial":"SUPERA FARMA LABORATÓRIOS S.A","numeroAutorizacao":"1003724","cnpjFormatado":"43.312.503/0001-05"},"processo":{"numero":"25351994078201603","situacao":29,"numeroProcessoFormatado":"25351.994078/2016-03"}},{"ordem":43,"produto":{"codigo":6944,"nome":"HEMOAL","numeroRegistro":"103720022","tipo":{"codigo":1,"descricao":null},"categoria":null,"situacaoRotulo":null,"dataVencimento":null,"mesAnoVencimento":"072005","dataVencimentoRegistro":"2005-07-01T00:00:00.000-0300","principioAtivo":null,"situacaoApresentacao":"Caduco/Cancelado","dataRegistro":"2000-07-20T00:00:00.000-0300","categoriaRegulatoria":{"codigo":8,"descricao":"Similar"},"medicamentoReferencia":null,"categoriaProduto":null,"tipoAutorizacao":"REGISTRADO","acancelar":false,"mesAnoVencimentoFormatado":"07/2005","numeroRegistroFormatado":"103720022"},"empresa":{"cnpj":"43312503000105","razaoSocial":"SUPERA FARMA LABORATÓRIOS S.A","numeroAutorizacao":"1003724","cnpjFormatado":"43.312.503/0001-05"},"processo":{"numero":"250000215869990","situacao":29,"numeroProcessoFormatado":"25000.021586/99-90"}},{"ordem":44,"produto":{"codigo":1423186,"nome":"HEZO","numeroRegistro":"103720295","tipo":{"codigo":1,"descricao":null},"categoria":null,"situacaoRotulo":null,"dataVencimento":"2025-07-20T00:00:00.000-0300","mesAnoVencimento":"072030","dataVencimentoRegistro":"2030-07-01T00:00:00.000-0300","principioAtivo":"ESZOPICLONA","situacaoApresentacao":"Válido","dataRegistro":"2020-07-20T00:00:00.000-0300","categoriaRegulatoria":{"codigo":8,"descricao":"Similar"},"medicamentoReferencia":"PRYSMA","categoriaProduto":null,"tipoAutorizacao":"REGISTRADO","acancelar":false,"mesAnoVencimentoFormatado":"07/2030","numeroRegistroFormatado":"103720295"},"empresa":{"cnpj":"43312503000105","razaoSocial":"SUPERA FARMA LABORATÓRIOS S.A","numeroAutorizacao":"1003724","cnpjFormatado":"43.312.503/0001-05"},"processo":{"numero":"25351042888202051","situacao":29,"numeroProcessoFormatado":"25351.042888/2020-51"}},{"ordem":45,"produto":{"codigo":817174,"nome":"HOMBRE","numeroRegistro":"103720232","tipo":{"codigo":1,"descricao":null},"categoria":null,"situacaoRotulo":null,"dataVencimento":null,"mesAnoVencimento":"032019","dataVencimentoRegistro":"2019-03-01T00:00:00.000-0300","principioAtivo":null,"situacaoApresentacao":"Caduco/Cancelado","dataRegistro":"2014-03-31T00:00:00.000-0300","categoriaRegulatoria":{"codigo":8,"descricao":"Similar"},"medicamentoReferencia":"VIAGRA","categoriaProduto":null,"tipoAutorizacao":"REGISTRADO","acancelar":false,"mesAnoVencimentoFormatado":"03/2019","numeroRegistroFormatado":"103720232"},"empresa":{"cnpj":"43312503000105","razaoSocial":"SUPERA FARMA LABORATÓRIOS S.A","numeroAutorizacao":"1003724","cnpjFormatado":"43.312.503/0001-05"},"processo":{"numero":"25351155134201243","situacao":29,"numeroProcessoFormatado":"25351.155134/2012-43"}},{"ordem":46,"produto":{"codigo":1417254,"nome":"IBANUNO","numeroRegistro":"103720294","tipo":{"codigo":1,"descricao":null},"categoria":null,"situacaoRotulo":null,"dataVencimento":null,"mesAnoVencimento":"062030","dataVencimentoRegistro":"2030-06-01T00:00:00.000-0300","principioAtivo":"IBANDRONATO DE SÓDIO MONOIDRATADO","situacaoApresentacao":"Válido","dataRegistro":"2020-06-22T00:00:00.000-0300","categoriaRegulatoria":{"codigo":8,"descricao":"Similar"},"medicamentoReferencia":"BONVIVA","categoriaProduto":null,"tipoAutorizacao":"REGISTRADO","acancelar":false,"mesAnoVencimentoFormatado":"06/2030","numeroRegistroFormatado":"103720294"},"empresa":{"cnpj":"43312503000105","razaoSocial":"SUPERA FARMA LABORATÓRIOS S.A","numeroAutorizacao":"1003724","cnpjFormatado":"43.312.503/0001-05"},"processo":{"numero":"25351275583202023","situacao":29,"numeroProcessoFormatado":"25351.275583/2020-23"}},{"ordem":47,"produto":{"codigo":1026315,"nome":"IBOPP","numeroRegistro":"103720241","tipo":{"codigo":1,"descricao":null},"categoria":null,"situacaoRotulo":null,"dataVencimento":null,"mesAnoVencimento":"032020","dataVencimentoRegistro":"2020-03-01T00:00:00.000-0300","principioAtivo":null,"situacaoApresentacao":"Caduco/Cancelado","dataRegistro":"2015-03-16T00:00:00.000-0300","categoriaRegulatoria":{"codigo":8,"descricao":"Similar"},"medicamentoReferencia":"PANTOZOL","categoriaProduto":null,"tipoAutorizacao":"REGISTRADO","acancelar":false,"mesAnoVencimentoFormatado":"03/2020","numeroRegistroFormatado":"103720241"},"empresa":{"cnpj":"43312503000105","razaoSocial":"SUPERA FARMA LABORATÓRIOS S.A","numeroAutorizacao":"1003724","cnpjFormatado":"43.312.503/0001-05"},"processo":{"numero":"25351373355201276","situacao":29,"numeroProcessoFormatado":"25351.373355/2012-76"}},{"ordem":48,"produto":{"codigo":950774,"nome":"IRBE","numeroRegistro":"103720233","tipo":{"codigo":1,"descricao":null},"categoria":null,"situacaoRotulo":null,"dataVencimento":null,"mesAnoVencimento":"042019","dataVencimentoRegistro":"2019-04-01T00:00:00.000-0300","principioAtivo":null,"situacaoApresentacao":"Caduco/Cancelado","dataRegistro":"2014-04-14T00:00:00.000-0300","categoriaRegulatoria":{"codigo":8,"descricao":"Similar"},"medicamentoReferencia":"APROVEL","categoriaProduto":null,"tipoAutorizacao":"REGISTRADO","acancelar":false,"mesAnoVencimentoFormatado":"04/2019","numeroRegistroFormatado":"103720233"},"empresa":{"cnpj":"43312503000105","razaoSocial":"SUPERA FARMA LABORATÓRIOS S.A","numeroAutorizacao":"1003724","cnpjFormatado":"43.312.503/0001-05"},"processo":{"numero":"25351405912201216","situacao":29,"numeroProcessoFormatado":"25351.405912/2012-16"}},{"ordem":49,"produto":{"codigo":1075607,"nome":"IRBE","numeroRegistro":"103720261","tipo":{"codigo":1,"descricao":null},"categoria":null,"situacaoRotulo":null,"dataVencimento":null,"mesAnoVencimento":"112020","dataVencimentoRegistro":"2020-11-01T00:00:00.000-0300","principioAtivo":null,"situacaoApresentacao":"Caduco/Cancelado","dataRegistro":"2015-11-23T00:00:00.000-0300","categoriaRegulatoria":{"codigo":8,"descricao":"Similar"},"medicamentoReferencia":"Aprovel","categoriaProduto":null,"tipoAutorizacao":"REGISTRADO","acancelar":false,"mesAnoVencimentoFormatado":"11/2020","numeroRegistroFormatado":"103720261"},"empresa":{"cnpj":"43312503000105","razaoSocial":"SUPERA FARMA LABORATÓRIOS S.A","numeroAutorizacao":"1003724","cnpjFormatado":"43.312.503/0001-05"},"processo":{"numero":"25351728797201468","situacao":29,"numeroProcessoFormatado":"25351.728797/2014-68"}},{"ordem":50,"produto":{"codigo":807421,"nome":"IRBE H","numeroRegistro":"103720224","tipo":{"codigo":1,"descricao":null},"categoria":null,"situacaoRotulo":null,"dataVencimento":null,"mesAnoVencimento":"122018","dataVencimentoRegistro":"2018-12-01T00:00:00.000-0300","principioAtivo":null,"situacaoApresentacao":"Caduco/Cancelado","dataRegistro":"2013-12-23T00:00:00.000-0300","categoriaRegulatoria":{"codigo":8,"descricao":"Similar"},"medicamentoReferencia":"APROZIDE","categoriaProduto":null,"tipoAutorizacao":"REGISTRADO","acancelar":false,"mesAnoVencimentoFormatado":"12/2018","numeroRegistroFormatado":"103720224"},"empresa":{"cnpj":"43312503000105","razaoSocial":"SUPERA FARMA LABORATÓRIOS S.A","numeroAutorizacao":"1003724","cnpjFormatado":"43.312.503/0001-05"},"processo":{"numero":"25351042121201270","situacao":29,"numeroProcessoFormatado":"25351.042121/2012-70"}},{"ordem":51,"produto":{"codigo":1075589,"nome":"IRBE H","numeroRegistro":"103720262","tipo":{"codigo":1,"descricao":null},"categoria":null,"situacaoRotulo":null,"dataVencimento":null,"mesAnoVencimento":"112025","dataVencimentoRegistro":"2025-11-01T00:00:00.000-0300","principioAtivo":"IRBESARTANA, HIDROCLOROTIAZIDA","situacaoApresentacao":"Válido","dataRegistro":"2015-11-23T00:00:00.000-0300","categoriaRegulatoria":{"codigo":8,"descricao":"Similar"},"medicamentoReferencia":"Aprozide","categoriaProduto":null,"tipoAutorizacao":"REGISTRADO","acancelar":false,"mesAnoVencimentoFormatado":"11/2025","numeroRegistroFormatado":"103720262"},"empresa":{"cnpj":"43312503000105","razaoSocial":"SUPERA FARMA LABORATÓRIOS S.A","numeroAutorizacao":"1003724","cnpjFormatado":"43.312.503/0001-05"},"processo":{"numero":"25351728798201411","situacao":29,"numeroProcessoFormatado":"25351.728798/2014-11"}},{"ordem":52,"produto":{"codigo":822858,"nome":"KOTICO","numeroRegistro":"103720225","tipo":{"codigo":1,"descricao":null},"categoria":null,"situacaoRotulo":null,"dataVencimento":null,"mesAnoVencimento":"122018","dataVencimentoRegistro":"2018-12-01T00:00:00.000-0300","principioAtivo":null,"situacaoApresentacao":"Caduco/Cancelado","dataRegistro":"2013-12-23T00:00:00.000-0300","categoriaRegulatoria":{"codigo":8,"descricao":"Similar"},"medicamentoReferencia":"ZYPREXA","categoriaProduto":null,"tipoAutorizacao":"REGISTRADO","acancelar":false,"mesAnoVencimentoFormatado":"12/2018","numeroRegistroFormatado":"103720225"},"empresa":{"cnpj":"43312503000105","razaoSocial":"SUPERA FARMA LABORATÓRIOS S.A","numeroAutorizacao":"1003724","cnpjFormatado":"43.312.503/0001-05"},"processo":{"numero":"25351211621201217","situacao":29,"numeroProcessoFormatado":"25351.211621/2012-17"}},{"ordem":53,"produto":{"codigo":1062927,"nome":"KÓTICO","numeroRegistro":"103720253","tipo":{"codigo":1,"descricao":null},"categoria":null,"situacaoRotulo":null,"dataVencimento":null,"mesAnoVencimento":"082020","dataVencimentoRegistro":"2020-08-01T00:00:00.000-0300","principioAtivo":null,"situacaoApresentacao":"Caduco/Cancelado","dataRegistro":"2015-08-31T00:00:00.000-0300","categoriaRegulatoria":{"codigo":8,"descricao":"Similar"},"medicamentoReferencia":"ZYPREXA","categoriaProduto":null,"tipoAutorizacao":"REGISTRADO","acancelar":false,"mesAnoVencimentoFormatado":"08/2020","numeroRegistroFormatado":"103720253"},"empresa":{"cnpj":"43312503000105","razaoSocial":"SUPERA FARMA LABORATÓRIOS S.A","numeroAutorizacao":"1003724","cnpjFormatado":"43.312.503/0001-05"},"processo":{"numero":"25351726453201414","situacao":29,"numeroProcessoFormatado":"25351.726453/2014-14"}},{"ordem":54,"produto":{"codigo":5362,"nome":"LANABIOTIC","numeroRegistro":"103720020","tipo":{"codigo":1,"descricao":null},"categoria":null,"situacaoRotulo":null,"dataVencimento":null,"mesAnoVencimento":"052005","dataVencimentoRegistro":"2005-05-01T00:00:00.000-0300","principioAtivo":null,"situacaoApresentacao":"Caduco/Cancelado","dataRegistro":"2000-05-25T00:00:00.000-0300","categoriaRegulatoria":{"codigo":8,"descricao":"Similar"},"medicamentoReferencia":null,"categoriaProduto":null,"tipoAutorizacao":"REGISTRADO","acancelar":false,"mesAnoVencimentoFormatado":"05/2005","numeroRegistroFormatado":"103720020"},"empresa":{"cnpj":"43312503000105","razaoSocial":"SUPERA FARMA LABORATÓRIOS S.A","numeroAutorizacao":"1003724","cnpjFormatado":"43.312.503/0001-05"},"processo":{"numero":"250000215849964","situacao":29,"numeroProcessoFormatado":"25000.021584/99-64"}},{"ordem":55,"produto":{"codigo":1034094,"nome":"LESTER","numeroRegistro":"103720245","tipo":{"codigo":1,"descricao":null},"categoria":null,"situacaoRotulo":null,"dataVencimento":null,"mesAnoVencimento":"042025","dataVencimentoRegistro":"2025-04-01T00:00:00.000-0300","principioAtivo":"pitavastatina cálcica","situacaoApresentacao":"Válido","dataRegistro":"2015-04-20T00:00:00.000-0300","categoriaRegulatoria":{"codigo":8,"descricao":"Similar"},"medicamentoReferencia":"LIVALO","categoriaProduto":null,"tipoAutorizacao":"REGISTRADO","acancelar":false,"mesAnoVencimentoFormatado":"04/2025","numeroRegistroFormatado":"103720245"},"empresa":{"cnpj":"43312503000105","razaoSocial":"SUPERA FARMA LABORATÓRIOS S.A","numeroAutorizacao":"1003724","cnpjFormatado":"43.312.503/0001-05"},"processo":{"numero":"25351294859201456","situacao":29,"numeroProcessoFormatado":"25351.294859/2014-56"}},{"ordem":56,"produto":{"codigo":1150287,"nome":"LIBRE","numeroRegistro":"103720278","tipo":{"codigo":1,"descricao":null},"categoria":null,"situacaoRotulo":null,"dataVencimento":null,"mesAnoVencimento":"052027","dataVencimentoRegistro":"2027-05-01T00:00:00.000-0300","principioAtivo":"SULFATO DE GLICOSAMINA, SULFATO DE CONDROITINA","situacaoApresentacao":"Válido","dataRegistro":"2017-05-08T00:00:00.000-0300","categoriaRegulatoria":{"codigo":null,"descricao":null},"medicamentoReferencia":null,"categoriaProduto":null,"tipoAutorizacao":"REGISTRADO","acancelar":false,"mesAnoVencimentoFormatado":"05/2027","numeroRegistroFormatado":"103720278"},"empresa":{"cnpj":"43312503000105","razaoSocial":"SUPERA FARMA LABORATÓRIOS S.A","numeroAutorizacao":"1003724","cnpjFormatado":"43.312.503/0001-05"},"processo":{"numero":"25351507559201682","situacao":29,"numeroProcessoFormatado":"25351.507559/2016-82"}},{"ordem":57,"produto":{"codigo":1075260,"nome":"LINAMOX","numeroRegistro":"103720264","tipo":{"codigo":1,"descricao":null},"categoria":null,"situacaoRotulo":null,"dataVencimento":null,"mesAnoVencimento":"112020","dataVencimentoRegistro":"2020-11-01T00:00:00.000-0300","principioAtivo":null,"situacaoApresentacao":"Caduco/Cancelado","dataRegistro":"2015-11-23T00:00:00.000-0300","categoriaRegulatoria":{"codigo":8,"descricao":"Similar"},"medicamentoReferencia":"Amoxil / Amoxil BD","categoriaProduto":null,"tipoAutorizacao":"REGISTRADO","acancelar":false,"mesAnoVencimentoFormatado":"11/2020","numeroRegistroFormatado":"103720264"},"empresa":{"cnpj":"43312503000105","razaoSocial":"SUPERA FARMA LABORATÓRIOS S.A","numeroAutorizacao":"1003724","cnpjFormatado":"43.312.503/0001-05"},"processo":{"numero":"25351254664201522","situacao":29,"numeroProcessoFormatado":"25351.254664/2015-22"}},{"ordem":58,"produto":{"codigo":1016729,"nome":"LINAMOX","numeroRegistro":"103720237","tipo":{"codigo":1,"descricao":null},"categoria":null,"situacaoRotulo":null,"dataVencimento":null,"mesAnoVencimento":"022025","dataVencimentoRegistro":"2025-02-01T00:00:00.000-0300","principioAtivo":"AMOXICILINA TRI-hIDRATADA","situacaoApresentacao":"Válido","dataRegistro":"2015-02-02T00:00:00.000-0300","categoriaRegulatoria":{"codigo":8,"descricao":"Similar"},"medicamentoReferencia":"AMOXIL BD","categoriaProduto":null,"tipoAutorizacao":"REGISTRADO","acancelar":false,"mesAnoVencimentoFormatado":"02/2025","numeroRegistroFormatado":"103720237"},"empresa":{"cnpj":"43312503000105","razaoSocial":"SUPERA FARMA LABORATÓRIOS S.A","numeroAutorizacao":"1003724","cnpjFormatado":"43.312.503/0001-05"},"processo":{"numero":"25351410279201242","situacao":29,"numeroProcessoFormatado":"25351.410279/2012-42"}},{"ordem":59,"produto":{"codigo":1150100,"nome":"LÂNICO","numeroRegistro":"103720277","tipo":{"codigo":1,"descricao":null},"categoria":null,"situacaoRotulo":null,"dataVencimento":null,"mesAnoVencimento":"032027 ","dataVencimentoRegistro":"2027-03-01T00:00:00.000-0300","principioAtivo":"AMOXICILINA TRI-hIDRATADA, CLAVULANATO DE POTÁSSIO","situacaoApresentacao":"Válido","dataRegistro":"2017-03-06T00:00:00.000-0300","categoriaRegulatoria":{"codigo":8,"descricao":"Similar"},"medicamentoReferencia":"Clavulin BD","categoriaProduto":null,"tipoAutorizacao":"REGISTRADO","acancelar":false,"mesAnoVencimentoFormatado":"03/2027","numeroRegistroFormatado":"103720277"},"empresa":{"cnpj":"43312503000105","razaoSocial":"SUPERA FARMA LABORATÓRIOS S.A","numeroAutorizacao":"1003724","cnpjFormatado":"43.312.503/0001-05"},"processo":{"numero":"25351045200201799","situacao":29,"numeroProcessoFormatado":"25351.045200/2017-99"}},{"ordem":60,"produto":{"codigo":1016728,"nome":"LÂNICO","numeroRegistro":"103720236","tipo":{"codigo":1,"descricao":null},"categoria":null,"situacaoRotulo":null,"dataVencimento":null,"mesAnoVencimento":"022025","dataVencimentoRegistro":"2025-02-01T00:00:00.000-0300","principioAtivo":"AMOXICILINA TRI-hIDRATADA, CLAVULANATO DE POTÁSSIO","situacaoApresentacao":"Válido","dataRegistro":"2015-02-02T00:00:00.000-0300","categoriaRegulatoria":{"codigo":8,"descricao":"Similar"},"medicamentoReferencia":"CLAVULIN BD","categoriaProduto":null,"tipoAutorizacao":"REGISTRADO","acancelar":false,"mesAnoVencimentoFormatado":"02/2025","numeroRegistroFormatado":"103720236"},"empresa":{"cnpj":"43312503000105","razaoSocial":"SUPERA FARMA LABORATÓRIOS S.A","numeroAutorizacao":"1003724","cnpjFormatado":"43.312.503/0001-05"},"processo":{"numero":"25351193735201295","situacao":29,"numeroProcessoFormatado":"25351.193735/2012-95"}},{"ordem":61,"produto":{"codigo":1099694,"nome":"LÂNICO","numeroRegistro":"103720271","tipo":{"codigo":1,"descricao":null},"categoria":null,"situacaoRotulo":null,"dataVencimento":null,"mesAnoVencimento":"042021","dataVencimentoRegistro":"2021-04-01T00:00:00.000-0300","principioAtivo":null,"situacaoApresentacao":"Caduco/Cancelado","dataRegistro":"2016-04-18T00:00:00.000-0300","categoriaRegulatoria":{"codigo":8,"descricao":"Similar"},"medicamentoReferencia":"Clavulin BD","categoriaProduto":null,"tipoAutorizacao":"REGISTRADO","acancelar":false,"mesAnoVencimentoFormatado":"04/2021","numeroRegistroFormatado":"103720271"},"empresa":{"cnpj":"43312503000105","razaoSocial":"SUPERA FARMA LABORATÓRIOS S.A","numeroAutorizacao":"1003724","cnpjFormatado":"43.312.503/0001-05"},"processo":{"numero":"25351963773201615","situacao":29,"numeroProcessoFormatado":"25351.963773/2016-15"}},{"ordem":62,"produto":{"codigo":1043788,"nome":"MINÉRGI","numeroRegistro":"103720249","tipo":{"codigo":1,"descricao":null},"categoria":null,"situacaoRotulo":null,"dataVencimento":null,"mesAnoVencimento":"072025","dataVencimentoRegistro":"2025-07-01T00:00:00.000-0300","principioAtivo":"dicloridrato de pramipexol monoidratado","situacaoApresentacao":"Válido","dataRegistro":"2015-07-06T00:00:00.000-0300","categoriaRegulatoria":{"codigo":8,"descricao":"Similar"},"medicamentoReferencia":"SIFROL ER","categoriaProduto":null,"tipoAutorizacao":"REGISTRADO","acancelar":false,"mesAnoVencimentoFormatado":"07/2025","numeroRegistroFormatado":"103720249"},"empresa":{"cnpj":"43312503000105","razaoSocial":"SUPERA FARMA LABORATÓRIOS S.A","numeroAutorizacao":"1003724","cnpjFormatado":"43.312.503/0001-05"},"processo":{"numero":"25351424451201362","situacao":29,"numeroProcessoFormatado":"25351.424451/2013-62"}},{"ordem":63,"produto":{"codigo":3624227,"nome":"MUSKARD","numeroRegistro":"103720311","tipo":{"codigo":1,"descricao":null},"categoria":null,"situacaoRotulo":null,"dataVencimento":"2033-08-07T00:00:00.000-0300","mesAnoVencimento":"082033","dataVencimentoRegistro":"2033-08-01T00:00:00.000-0300","principioAtivo":"DICLORIDRATO DE TRIMETAZIDINA","situacaoApresentacao":"Válido","dataRegistro":"2023-08-07T00:00:00.000-0300","categoriaRegulatoria":{"codigo":8,"descricao":"Similar"},"medicamentoReferencia":"VASTAREL MR","categoriaProduto":null,"tipoAutorizacao":"REGISTRADO","acancelar":false,"mesAnoVencimentoFormatado":"08/2033","numeroRegistroFormatado":"103720311"},"empresa":{"cnpj":"43312503000105","razaoSocial":"SUPERA FARMA LABORATÓRIOS S.A","numeroAutorizacao":"1003724","cnpjFormatado":"43.312.503/0001-05"},"processo":{"numero":"25351227687202374","situacao":29,"numeroProcessoFormatado":"25351.227687/2023-74"}},{"ordem":64,"produto":{"codigo":1021592,"nome":"MUSLAX","numeroRegistro":"103720240","tipo":{"codigo":1,"descricao":null},"categoria":null,"situacaoRotulo":null,"dataVencimento":null,"mesAnoVencimento":"032020","dataVencimentoRegistro":"2020-03-01T00:00:00.000-0300","principioAtivo":null,"situacaoApresentacao":"Caduco/Cancelado","dataRegistro":"2015-03-02T00:00:00.000-0300","categoriaRegulatoria":{"codigo":8,"descricao":"Similar"},"medicamentoReferencia":"MIOSAN","categoriaProduto":null,"tipoAutorizacao":"REGISTRADO","acancelar":false,"mesAnoVencimentoFormatado":"03/2020","numeroRegistroFormatado":"103720240"},"empresa":{"cnpj":"43312503000105","razaoSocial":"SUPERA FARMA LABORATÓRIOS S.A","numeroAutorizacao":"1003724","cnpjFormatado":"43.312.503/0001-05"},"processo":{"numero":"25351495392201223","situacao":29,"numeroProcessoFormatado":"25351.495392/2012-23"}},{"ordem":65,"produto":{"codigo":1127932,"nome":"NEUMOSIN","numeroRegistro":"103720274","tipo":{"codigo":1,"descricao":null},"categoria":null,"situacaoRotulo":null,"dataVencimento":null,"mesAnoVencimento":"102026","dataVencimentoRegistro":"2026-10-01T00:00:00.000-0300","principioAtivo":"CLORIDRATO DE MOXIFLOXACINO","situacaoApresentacao":"Válido","dataRegistro":"2016-10-10T00:00:00.000-0300","categoriaRegulatoria":{"codigo":8,"descricao":"Similar"},"medicamentoReferencia":"AVALOX","categoriaProduto":null,"tipoAutorizacao":"REGISTRADO","acancelar":false,"mesAnoVencimentoFormatado":"10/2026","numeroRegistroFormatado":"103720274"},"empresa":{"cnpj":"43312503000105","razaoSocial":"SUPERA FARMA LABORATÓRIOS S.A","numeroAutorizacao":"1003724","cnpjFormatado":"43.312.503/0001-05"},"processo":{"numero":"25351713766201236","situacao":29,"numeroProcessoFormatado":"25351.713766/2012-36"}},{"ordem":66,"produto":{"codigo":1071866,"nome":"NOCON","numeroRegistro":"103720255","tipo":{"codigo":1,"descricao":null},"categoria":null,"situacaoRotulo":null,"dataVencimento":"2025-10-27T00:00:00.000-0300","mesAnoVencimento":"102025","dataVencimentoRegistro":"2025-10-01T00:00:00.000-0300","principioAtivo":"LAMOTRIGINA","situacaoApresentacao":"Válido","dataRegistro":"2015-10-20T00:00:00.000-0300","categoriaRegulatoria":{"codigo":8,"descricao":"Similar"},"medicamentoReferencia":"Lamictal","categoriaProduto":null,"tipoAutorizacao":"REGISTRADO","acancelar":false,"mesAnoVencimentoFormatado":"10/2025","numeroRegistroFormatado":"103720255"},"empresa":{"cnpj":"43312503000105","razaoSocial":"SUPERA FARMA LABORATÓRIOS S.A","numeroAutorizacao":"1003724","cnpjFormatado":"43.312.503/0001-05"},"processo":{"numero":"25351674228201239","situacao":29,"numeroProcessoFormatado":"25351.674228/2012-39"}},{"ordem":67,"produto":{"codigo":1346079,"nome":"NOURIN","numeroRegistro":"103720286","tipo":{"codigo":1,"descricao":null},"categoria":null,"situacaoRotulo":null,"dataVencimento":null,"mesAnoVencimento":"082029","dataVencimentoRegistro":"2029-08-01T00:00:00.000-0300","principioAtivo":"CLORIDRATO DE OXIBUTININA","situacaoApresentacao":"Válido","dataRegistro":"2019-08-26T00:00:00.000-0300","categoriaRegulatoria":{"codigo":8,"descricao":"Similar"},"medicamentoReferencia":"Retemic","categoriaProduto":null,"tipoAutorizacao":"REGISTRADO","acancelar":false,"mesAnoVencimentoFormatado":"08/2029","numeroRegistroFormatado":"103720286"},"empresa":{"cnpj":"43312503000105","razaoSocial":"SUPERA FARMA LABORATÓRIOS S.A","numeroAutorizacao":"1003724","cnpjFormatado":"43.312.503/0001-05"},"processo":{"numero":"25351275758201969","situacao":29,"numeroProcessoFormatado":"25351.275758/2019-69"}},{"ordem":68,"produto":{"codigo":934414,"nome":"NOVERT","numeroRegistro":"103720227","tipo":{"codigo":1,"descricao":null},"categoria":null,"situacaoRotulo":null,"dataVencimento":null,"mesAnoVencimento":"122018","dataVencimentoRegistro":"2018-12-01T00:00:00.000-0300","principioAtivo":null,"situacaoApresentacao":"Caduco/Cancelado","dataRegistro":"2013-12-23T00:00:00.000-0300","categoriaRegulatoria":{"codigo":8,"descricao":"Similar"},"medicamentoReferencia":"BETASERC","categoriaProduto":null,"tipoAutorizacao":"REGISTRADO","acancelar":false,"mesAnoVencimentoFormatado":"12/2018","numeroRegistroFormatado":"103720227"},"empresa":{"cnpj":"43312503000105","razaoSocial":"SUPERA FARMA LABORATÓRIOS S.A","numeroAutorizacao":"1003724","cnpjFormatado":"43.312.503/0001-05"},"processo":{"numero":"25351367161201271","situacao":29,"numeroProcessoFormatado":"25351.367161/2012-71"}},{"ordem":69,"produto":{"codigo":1266623,"nome":"OKÓTICO","numeroRegistro":"103720282","tipo":{"codigo":1,"descricao":null},"categoria":null,"situacaoRotulo":null,"dataVencimento":"2028-08-14T00:00:00.000-0300","mesAnoVencimento":"082028","dataVencimentoRegistro":"2028-08-01T00:00:00.000-0300","principioAtivo":"CLOZAPINA","situacaoApresentacao":"Válido","dataRegistro":"2018-08-06T00:00:00.000-0300","categoriaRegulatoria":{"codigo":8,"descricao":"Similar"},"medicamentoReferencia":"LEPONEX","categoriaProduto":null,"tipoAutorizacao":"REGISTRADO","acancelar":false,"mesAnoVencimentoFormatado":"08/2028","numeroRegistroFormatado":"103720282"},"empresa":{"cnpj":"43312503000105","razaoSocial":"SUPERA FARMA LABORATÓRIOS S.A","numeroAutorizacao":"1003724","cnpjFormatado":"43.312.503/0001-05"},"processo":{"numero":"25351088937201887","situacao":29,"numeroProcessoFormatado":"25351.088937/2018-87"}},{"ordem":70,"produto":{"codigo":1009499,"nome":"PAQUETÁ","numeroRegistro":"103720234","tipo":{"codigo":1,"descricao":null},"categoria":null,"situacaoRotulo":null,"dataVencimento":null,"mesAnoVencimento":"012020","dataVencimentoRegistro":"2020-01-01T00:00:00.000-0300","principioAtivo":null,"situacaoApresentacao":"Caduco/Cancelado","dataRegistro":"2015-01-12T00:00:00.000-0300","categoriaRegulatoria":{"codigo":8,"descricao":"Similar"},"medicamentoReferencia":"PLAVIX","categoriaProduto":null,"tipoAutorizacao":"REGISTRADO","acancelar":false,"mesAnoVencimentoFormatado":"01/2020","numeroRegistroFormatado":"103720234"},"empresa":{"cnpj":"43312503000105","razaoSocial":"SUPERA FARMA LABORATÓRIOS S.A","numeroAutorizacao":"1003724","cnpjFormatado":"43.312.503/0001-05"},"processo":{"numero":"25351426114201285","situacao":29,"numeroProcessoFormatado":"25351.426114/2012-85"}},{"ordem":71,"produto":{"codigo":6244,"nome":"PODIACIN","numeroRegistro":"103720021","tipo":{"codigo":1,"descricao":null},"categoria":null,"situacaoRotulo":null,"dataVencimento":null,"mesAnoVencimento":"052005","dataVencimentoRegistro":"2005-05-01T00:00:00.000-0300","principioAtivo":null,"situacaoApresentacao":"Caduco/Cancelado","dataRegistro":"2000-06-01T00:00:00.000-0300","categoriaRegulatoria":{"codigo":8,"descricao":"Similar"},"medicamentoReferencia":null,"categoriaProduto":null,"tipoAutorizacao":"REGISTRADO","acancelar":false,"mesAnoVencimentoFormatado":"05/2005","numeroRegistroFormatado":"103720021"},"empresa":{"cnpj":"43312503000105","razaoSocial":"SUPERA FARMA LABORATÓRIOS S.A","numeroAutorizacao":"1003724","cnpjFormatado":"43.312.503/0001-05"},"processo":{"numero":"250000215859927","situacao":29,"numeroProcessoFormatado":"25000.021585/99-27"}},{"ordem":72,"produto":{"codigo":6949,"nome":"POLIVINIL PIRROLIDONA IODO","numeroRegistro":"103720016","tipo":{"codigo":1,"descricao":null},"categoria":null,"situacaoRotulo":null,"dataVencimento":null,"mesAnoVencimento":"062004","dataVencimentoRegistro":"2004-06-01T00:00:00.000-0300","principioAtivo":null,"situacaoApresentacao":"Caduco/Cancelado","dataRegistro":"1999-06-14T00:00:00.000-0300","categoriaRegulatoria":{"codigo":8,"descricao":"Similar"},"medicamentoReferencia":null,"categoriaProduto":null,"tipoAutorizacao":"REGISTRADO","acancelar":false,"mesAnoVencimentoFormatado":"06/2004","numeroRegistroFormatado":"103720016"},"empresa":{"cnpj":"43312503000105","razaoSocial":"SUPERA FARMA LABORATÓRIOS S.A","numeroAutorizacao":"1003724","cnpjFormatado":"43.312.503/0001-05"},"processo":{"numero":"250000169739987","situacao":29,"numeroProcessoFormatado":"25000.016973/99-87"}},{"ordem":73,"produto":{"codigo":6954,"nome":"POLIVINILPIRROLIDONA IODO","numeroRegistro":"103720023","tipo":{"codigo":1,"descricao":null},"categoria":null,"situacaoRotulo":null,"dataVencimento":null,"mesAnoVencimento":"062006","dataVencimentoRegistro":"2006-06-01T00:00:00.000-0300","principioAtivo":null,"situacaoApresentacao":"Caduco/Cancelado","dataRegistro":"2001-06-08T00:00:00.000-0300","categoriaRegulatoria":{"codigo":8,"descricao":"Similar"},"medicamentoReferencia":null,"categoriaProduto":null,"tipoAutorizacao":"REGISTRADO","acancelar":false,"mesAnoVencimentoFormatado":"06/2006","numeroRegistroFormatado":"103720023"},"empresa":{"cnpj":"43312503000105","razaoSocial":"SUPERA FARMA LABORATÓRIOS S.A","numeroAutorizacao":"1003724","cnpjFormatado":"43.312.503/0001-05"},"processo":{"numero":"250000277009986","situacao":29,"numeroProcessoFormatado":"25000.027700/99-86"}},{"ordem":74,"produto":{"codigo":856952,"nome":"PROMIM","numeroRegistro":"103720226","tipo":{"codigo":1,"descricao":null},"categoria":null,"situacaoRotulo":null,"dataVencimento":null,"mesAnoVencimento":"122018","dataVencimentoRegistro":"2018-12-01T00:00:00.000-0300","principioAtivo":null,"situacaoApresentacao":"Caduco/Cancelado","dataRegistro":"2013-12-23T00:00:00.000-0300","categoriaRegulatoria":{"codigo":8,"descricao":"Similar"},"medicamentoReferencia":"COLPOTROFINE","categoriaProduto":null,"tipoAutorizacao":"REGISTRADO","acancelar":false,"mesAnoVencimentoFormatado":"12/2018","numeroRegistroFormatado":"103720226"},"empresa":{"cnpj":"43312503000105","razaoSocial":"SUPERA FARMA LABORATÓRIOS S.A","numeroAutorizacao":"1003724","cnpjFormatado":"43.312.503/0001-05"},"processo":{"numero":"25351575406201255","situacao":29,"numeroProcessoFormatado":"25351.575406/2012-55"}},{"ordem":75,"produto":{"codigo":1071743,"nome":"PROMIM","numeroRegistro":"103720257","tipo":{"codigo":1,"descricao":null},"categoria":null,"situacaoRotulo":null,"dataVencimento":null,"mesAnoVencimento":"102025","dataVencimentoRegistro":"2025-10-01T00:00:00.000-0300","principioAtivo":"PROMESTRIENO","situacaoApresentacao":"Válido","dataRegistro":"2015-10-20T00:00:00.000-0300","categoriaRegulatoria":{"codigo":8,"descricao":"Similar"},"medicamentoReferencia":"COLPOTROFINE","categoriaProduto":null,"tipoAutorizacao":"REGISTRADO","acancelar":false,"mesAnoVencimentoFormatado":"10/2025","numeroRegistroFormatado":"103720257"},"empresa":{"cnpj":"43312503000105","razaoSocial":"SUPERA FARMA LABORATÓRIOS S.A","numeroAutorizacao":"1003724","cnpjFormatado":"43.312.503/0001-05"},"processo":{"numero":"25351728796201413","situacao":29,"numeroProcessoFormatado":"25351.728796/2014-13"}},{"ordem":76,"produto":{"codigo":1104484,"nome":"PRÓS","numeroRegistro":"103720272","tipo":{"codigo":1,"descricao":null},"categoria":null,"situacaoRotulo":null,"dataVencimento":null,"mesAnoVencimento":"052026","dataVencimentoRegistro":"2026-05-01T00:00:00.000-0300","principioAtivo":"MESILATO DE DOXAZOSINA","situacaoApresentacao":"Válido","dataRegistro":"2016-05-23T00:00:00.000-0300","categoriaRegulatoria":{"codigo":8,"descricao":"Similar"},"medicamentoReferencia":"CARDURAN (2mg); MESILATO DE DOXAZOSINA (MS 100890277 - 4mg)","categoriaProduto":null,"tipoAutorizacao":"REGISTRADO","acancelar":false,"mesAnoVencimentoFormatado":"05/2026","numeroRegistroFormatado":"103720272"},"empresa":{"cnpj":"43312503000105","razaoSocial":"SUPERA FARMA LABORATÓRIOS S.A","numeroAutorizacao":"1003724","cnpjFormatado":"43.312.503/0001-05"},"processo":{"numero":"25351963781201661","situacao":29,"numeroProcessoFormatado":"25351.963781/2016-61"}},{"ordem":77,"produto":{"codigo":1010719,"nome":"PRÓS-HP","numeroRegistro":"103720235","tipo":{"codigo":1,"descricao":null},"categoria":null,"situacaoRotulo":null,"dataVencimento":null,"mesAnoVencimento":"012025","dataVencimentoRegistro":"2025-01-01T00:00:00.000-0300","principioAtivo":"MESILATO DE DOXAZOSINA, FINASTERIDA","situacaoApresentacao":"Válido","dataRegistro":"2015-01-19T00:00:00.000-0300","categoriaRegulatoria":{"codigo":8,"descricao":"Similar"},"medicamentoReferencia":"DUOMO HP","categoriaProduto":null,"tipoAutorizacao":"REGISTRADO","acancelar":false,"mesAnoVencimentoFormatado":"01/2025","numeroRegistroFormatado":"103720235"},"empresa":{"cnpj":"43312503000105","razaoSocial":"SUPERA FARMA LABORATÓRIOS S.A","numeroAutorizacao":"1003724","cnpjFormatado":"43.312.503/0001-05"},"processo":{"numero":"25351694187201296","situacao":29,"numeroProcessoFormatado":"25351.694187/2012-96"}},{"ordem":78,"produto":{"codigo":926559,"nome":"REC","numeroRegistro":"103720303","tipo":{"codigo":1,"descricao":null},"categoria":null,"situacaoRotulo":null,"dataVencimento":"2031-07-03T00:00:00.000-0300","mesAnoVencimento":"072031","dataVencimentoRegistro":"2031-07-01T00:00:00.000-0300","principioAtivo":null,"situacaoApresentacao":"Caduco/Cancelado","dataRegistro":"2021-07-12T00:00:00.000-0300","categoriaRegulatoria":{"codigo":8,"descricao":"Similar"},"medicamentoReferencia":"EXELON","categoriaProduto":null,"tipoAutorizacao":"REGISTRADO","acancelar":false,"mesAnoVencimentoFormatado":"07/2031","numeroRegistroFormatado":"103720303"},"empresa":{"cnpj":"43312503000105","razaoSocial":"SUPERA FARMA LABORATÓRIOS S.A","numeroAutorizacao":"1003724","cnpjFormatado":"43.312.503/0001-05"},"processo":{"numero":"25351624007201365","situacao":29,"numeroProcessoFormatado":"25351.624007/2013-65"}},{"ordem":79,"produto":{"codigo":2045559,"nome":"RENOVI B","numeroRegistro":"103720302","tipo":{"codigo":1,"descricao":null},"categoria":null,"situacaoRotulo":null,"dataVencimento":"2031-03-18T00:00:00.000-0300","mesAnoVencimento":"032031","dataVencimentoRegistro":"2031-03-01T00:00:00.000-0300","principioAtivo":"CIANOCOBALAMINA, CLORIDRATO DE PIRIDOXINA, NITRATO DE TIAMINA","situacaoApresentacao":"Válido","dataRegistro":"2021-03-29T00:00:00.000-0300","categoriaRegulatoria":{"codigo":3,"descricao":"Específico"},"medicamentoReferencia":null,"categoriaProduto":null,"tipoAutorizacao":"REGISTRADO","acancelar":false,"mesAnoVencimentoFormatado":"03/2031","numeroRegistroFormatado":"103720302"},"empresa":{"cnpj":"43312503000105","razaoSocial":"SUPERA FARMA LABORATÓRIOS S.A","numeroAutorizacao":"1003724","cnpjFormatado":"43.312.503/0001-05"},"processo":{"numero":"25351915026202138","situacao":29,"numeroProcessoFormatado":"25351.915026/2021-38"}},{"ordem":80,"produto":{"codigo":2488281,"nome":"RENOVI B PLUS","numeroRegistro":"103720306","tipo":{"codigo":1,"descricao":null},"categoria":null,"situacaoRotulo":null,"dataVencimento":null,"mesAnoVencimento":"082036","dataVencimentoRegistro":"2036-08-01T00:00:00.000-0300","principioAtivo":"CLORIDRATO DE TIAMINA, CLORIDRATO DE PIRIDOXINA, CIANOCOBALAMINA, FOSFATO DISSÓDICO DE DEXAMETASONA","situacaoApresentacao":"Válido","dataRegistro":"2021-08-30T00:00:00.000-0300","categoriaRegulatoria":{"codigo":8,"descricao":"Similar"},"medicamentoReferencia":"DEXA-CITONEURIN NFF","categoriaProduto":null,"tipoAutorizacao":"REGISTRADO","acancelar":false,"mesAnoVencimentoFormatado":"08/2036","numeroRegistroFormatado":"103720306"},"empresa":{"cnpj":"43312503000105","razaoSocial":"SUPERA FARMA LABORATÓRIOS S.A","numeroAutorizacao":"1003724","cnpjFormatado":"43.312.503/0001-05"},"processo":{"numero":"25351068837202130","situacao":29,"numeroProcessoFormatado":"25351.068837/2021-30"}},{"ordem":81,"produto":{"codigo":7265,"nome":"RITONAVIR (PORT 344 L C-4)","numeroRegistro":"103720013","tipo":{"codigo":1,"descricao":null},"categoria":null,"situacaoRotulo":null,"dataVencimento":null,"mesAnoVencimento":"122003","dataVencimentoRegistro":"2003-12-01T00:00:00.000-0300","principioAtivo":null,"situacaoApresentacao":"Caduco/Cancelado","dataRegistro":"1998-12-09T00:00:00.000-0300","categoriaRegulatoria":{"codigo":8,"descricao":"Similar"},"medicamentoReferencia":null,"categoriaProduto":null,"tipoAutorizacao":"REGISTRADO","acancelar":false,"mesAnoVencimentoFormatado":"12/2003","numeroRegistroFormatado":"103720013"},"empresa":{"cnpj":"43312503000105","razaoSocial":"SUPERA FARMA LABORATÓRIOS S.A","numeroAutorizacao":"1003724","cnpjFormatado":"43.312.503/0001-05"},"processo":{"numero":"250000144019891","situacao":29,"numeroProcessoFormatado":"25000.014401/98-91"}},{"ordem":82,"produto":{"codigo":2553,"nome":"RUBINA","numeroRegistro":"103720011","tipo":{"codigo":1,"descricao":null},"categoria":null,"situacaoRotulo":null,"dataVencimento":null,"mesAnoVencimento":"082003","dataVencimentoRegistro":"2003-08-01T00:00:00.000-0300","principioAtivo":null,"situacaoApresentacao":"Caduco/Cancelado","dataRegistro":"1998-08-24T00:00:00.000-0300","categoriaRegulatoria":{"codigo":8,"descricao":"Similar"},"medicamentoReferencia":null,"categoriaProduto":null,"tipoAutorizacao":"REGISTRADO","acancelar":false,"mesAnoVencimentoFormatado":"08/2003","numeroRegistroFormatado":"103720011"},"empresa":{"cnpj":"43312503000105","razaoSocial":"SUPERA FARMA LABORATÓRIOS S.A","numeroAutorizacao":"1003724","cnpjFormatado":"43.312.503/0001-05"},"processo":{"numero":"250000143999841","situacao":29,"numeroProcessoFormatado":"25000.014399/98-41"}},{"ordem":83,"produto":{"codigo":1036812,"nome":"SALIDA","numeroRegistro":"103720248","tipo":{"codigo":1,"descricao":null},"categoria":null,"situacaoRotulo":null,"dataVencimento":null,"mesAnoVencimento":null,"dataVencimentoRegistro":null,"principioAtivo":null,"situacaoApresentacao":"Caduco/Cancelado","dataRegistro":"2015-05-25T00:00:00.000-0300","categoriaRegulatoria":{"codigo":8,"descricao":"Similar"},"medicamentoReferencia":"NATRILIX SR","categoriaProduto":null,"tipoAutorizacao":"REGISTRADO","acancelar":false,"mesAnoVencimentoFormatado":"","numeroRegistroFormatado":"103720248"},"empresa":{"cnpj":"43312503000105","razaoSocial":"SUPERA FARMA LABORATÓRIOS S.A","numeroAutorizacao":"1003724","cnpjFormatado":"43.312.503/0001-05"},"processo":{"numero":"25351082759201323","situacao":29,"numeroProcessoFormatado":"25351.082759/2013-23"}},{"ordem":84,"produto":{"codigo":806725,"nome":"SENES","numeroRegistro":"103720231","tipo":{"codigo":1,"descricao":null},"categoria":null,"situacaoRotulo":null,"dataVencimento":null,"mesAnoVencimento":"032019","dataVencimentoRegistro":"2019-03-01T00:00:00.000-0300","principioAtivo":null,"situacaoApresentacao":"Caduco/Cancelado","dataRegistro":"2014-03-31T00:00:00.000-0300","categoriaRegulatoria":{"codigo":8,"descricao":"Similar"},"medicamentoReferencia":"ERANZ","categoriaProduto":null,"tipoAutorizacao":"REGISTRADO","acancelar":false,"mesAnoVencimentoFormatado":"03/2019","numeroRegistroFormatado":"103720231"},"empresa":{"cnpj":"43312503000105","razaoSocial":"SUPERA FARMA LABORATÓRIOS S.A","numeroAutorizacao":"1003724","cnpjFormatado":"43.312.503/0001-05"},"processo":{"numero":"25351028164201248","situacao":29,"numeroProcessoFormatado":"25351.028164/2012-48"}},{"ordem":85,"produto":{"codigo":1064039,"nome":"SENES","numeroRegistro":"103720254","tipo":{"codigo":1,"descricao":null},"categoria":null,"situacaoRotulo":null,"dataVencimento":null,"mesAnoVencimento":"092025","dataVencimentoRegistro":"2025-09-01T00:00:00.000-0300","principioAtivo":"CLORIDRATO DE DONEPEZILA","situacaoApresentacao":"Válido","dataRegistro":"2015-09-21T00:00:00.000-0300","categoriaRegulatoria":{"codigo":8,"descricao":"Similar"},"medicamentoReferencia":"ERANZ","categoriaProduto":null,"tipoAutorizacao":"REGISTRADO","acancelar":false,"mesAnoVencimentoFormatado":"09/2025","numeroRegistroFormatado":"103720254"},"empresa":{"cnpj":"43312503000105","razaoSocial":"SUPERA FARMA LABORATÓRIOS S.A","numeroAutorizacao":"1003724","cnpjFormatado":"43.312.503/0001-05"},"processo":{"numero":"25351726475201484","situacao":29,"numeroProcessoFormatado":"25351.726475/2014-84"}},{"ordem":86,"produto":{"codigo":7511,"nome":"SUCCINATO SODICO DE METILPREDNISOLONA","numeroRegistro":"103720017","tipo":{"codigo":1,"descricao":null},"categoria":null,"situacaoRotulo":null,"dataVencimento":null,"mesAnoVencimento":"012005","dataVencimentoRegistro":"2005-01-01T00:00:00.000-0300","principioAtivo":null,"situacaoApresentacao":"Caduco/Cancelado","dataRegistro":"2000-01-13T00:00:00.000-0200","categoriaRegulatoria":{"codigo":8,"descricao":"Similar"},"medicamentoReferencia":null,"categoriaProduto":null,"tipoAutorizacao":"REGISTRADO","acancelar":false,"mesAnoVencimentoFormatado":"01/2005","numeroRegistroFormatado":"103720017"},"empresa":{"cnpj":"43312503000105","razaoSocial":"SUPERA FARMA LABORATÓRIOS S.A","numeroAutorizacao":"1003724","cnpjFormatado":"43.312.503/0001-05"},"processo":{"numero":"250000275569941","situacao":29,"numeroProcessoFormatado":"25000.027556/99-41"}},{"ordem":87,"produto":{"codigo":3619195,"nome":"TAM","numeroRegistro":"103720310","tipo":{"codigo":1,"descricao":null},"categoria":null,"situacaoRotulo":null,"dataVencimento":null,"mesAnoVencimento":"062033","dataVencimentoRegistro":"2033-06-01T00:00:00.000-0300","principioAtivo":"LEVETIRACETAM","situacaoApresentacao":"Válido","dataRegistro":"2023-06-19T00:00:00.000-0300","categoriaRegulatoria":{"codigo":8,"descricao":"Similar"},"medicamentoReferencia":"KEPPRA","categoriaProduto":null,"tipoAutorizacao":"REGISTRADO","acancelar":false,"mesAnoVencimentoFormatado":"06/2033","numeroRegistroFormatado":"103720310"},"empresa":{"cnpj":"43312503000105","razaoSocial":"SUPERA FARMA LABORATÓRIOS S.A","numeroAutorizacao":"1003724","cnpjFormatado":"43.312.503/0001-05"},"processo":{"numero":"25351023840202396","situacao":29,"numeroProcessoFormatado":"25351.023840/2023-96"}},{"ordem":88,"produto":{"codigo":1358168,"nome":"TAM","numeroRegistro":"103720289","tipo":{"codigo":1,"descricao":null},"categoria":null,"situacaoRotulo":null,"dataVencimento":null,"mesAnoVencimento":"102029","dataVencimentoRegistro":"2029-10-01T00:00:00.000-0300","principioAtivo":"LEVETIRACETAM","situacaoApresentacao":"Válido","dataRegistro":"2019-10-14T00:00:00.000-0300","categoriaRegulatoria":{"codigo":8,"descricao":"Similar"},"medicamentoReferencia":"KEPPRA (250mg e 750mg); ETIRA (500mg e 1000mg)","categoriaProduto":null,"tipoAutorizacao":"REGISTRADO","acancelar":false,"mesAnoVencimentoFormatado":"10/2029","numeroRegistroFormatado":"103720289"},"empresa":{"cnpj":"43312503000105","razaoSocial":"SUPERA FARMA LABORATÓRIOS S.A","numeroAutorizacao":"1003724","cnpjFormatado":"43.312.503/0001-05"},"processo":{"numero":"25351398968201924","situacao":29,"numeroProcessoFormatado":"25351.398968/2019-24"}},{"ordem":89,"produto":{"codigo":3693107,"nome":"TAM XR","numeroRegistro":"103720314","tipo":{"codigo":1,"descricao":null},"categoria":null,"situacaoRotulo":null,"dataVencimento":"2034-03-25T00:00:00.000-0300","mesAnoVencimento":"032034","dataVencimentoRegistro":"2034-03-01T00:00:00.000-0300","principioAtivo":"LEVETIRACETAM","situacaoApresentacao":"Válido","dataRegistro":"2024-03-25T00:00:00.000-0300","categoriaRegulatoria":{"codigo":8,"descricao":"Similar"},"medicamentoReferencia":"KEPPRA XR","categoriaProduto":null,"tipoAutorizacao":"REGISTRADO","acancelar":false,"mesAnoVencimentoFormatado":"03/2034","numeroRegistroFormatado":"103720314"},"empresa":{"cnpj":"43312503000105","razaoSocial":"SUPERA FARMA LABORATÓRIOS S.A","numeroAutorizacao":"1003724","cnpjFormatado":"43.312.503/0001-05"},"processo":{"numero":"25351938903202491","situacao":29,"numeroProcessoFormatado":"25351.938903/2024-91"}},{"ordem":90,"produto":{"codigo":1417796,"nome":"TAT","numeroRegistro":"103720293","tipo":{"codigo":1,"descricao":null},"categoria":null,"situacaoRotulo":null,"dataVencimento":null,"mesAnoVencimento":"062030","dataVencimentoRegistro":"2030-06-01T00:00:00.000-0300","principioAtivo":"ORLISTATE","situacaoApresentacao":"Válido","dataRegistro":"2020-06-22T00:00:00.000-0300","categoriaRegulatoria":{"codigo":8,"descricao":"Similar"},"medicamentoReferencia":"XENICAL","categoriaProduto":null,"tipoAutorizacao":"REGISTRADO","acancelar":false,"mesAnoVencimentoFormatado":"06/2030","numeroRegistroFormatado":"103720293"},"empresa":{"cnpj":"43312503000105","razaoSocial":"SUPERA FARMA LABORATÓRIOS S.A","numeroAutorizacao":"1003724","cnpjFormatado":"43.312.503/0001-05"},"processo":{"numero":"25351595950201545","situacao":29,"numeroProcessoFormatado":"25351.595950/2015-45"}},{"ordem":91,"produto":{"codigo":1492044,"nome":"TRIPLOA","numeroRegistro":"103720300","tipo":{"codigo":1,"descricao":null},"categoria":null,"situacaoRotulo":null,"dataVencimento":null,"mesAnoVencimento":"092030","dataVencimentoRegistro":"2030-09-01T00:00:00.000-0300","principioAtivo":"CETOPROFENO","situacaoApresentacao":"Válido","dataRegistro":"2020-09-21T00:00:00.000-0300","categoriaRegulatoria":{"codigo":8,"descricao":"Similar"},"medicamentoReferencia":"BI-PROFENID","categoriaProduto":null,"tipoAutorizacao":"REGISTRADO","acancelar":false,"mesAnoVencimentoFormatado":"09/2030","numeroRegistroFormatado":"103720300"},"empresa":{"cnpj":"43312503000105","razaoSocial":"SUPERA FARMA LABORATÓRIOS S.A","numeroAutorizacao":"1003724","cnpjFormatado":"43.312.503/0001-05"},"processo":{"numero":"25351639669202099","situacao":29,"numeroProcessoFormatado":"25351.639669/2020-99"}},{"ordem":92,"produto":{"codigo":1461863,"nome":"TROL","numeroRegistro":"103720297","tipo":{"codigo":1,"descricao":null},"categoria":null,"situacaoRotulo":null,"dataVencimento":"2030-09-16T00:00:00.000-0300","mesAnoVencimento":"092030","dataVencimentoRegistro":"2030-09-01T00:00:00.000-0300","principioAtivo":"CLORIDRATO DE TRAMADOL","situacaoApresentacao":"Válido","dataRegistro":"2020-09-14T00:00:00.000-0300","categoriaRegulatoria":{"codigo":8,"descricao":"Similar"},"medicamentoReferencia":"TRAMAL","categoriaProduto":null,"tipoAutorizacao":"REGISTRADO","acancelar":false,"mesAnoVencimentoFormatado":"09/2030","numeroRegistroFormatado":"103720297"},"empresa":{"cnpj":"43312503000105","razaoSocial":"SUPERA FARMA LABORATÓRIOS S.A","numeroAutorizacao":"1003724","cnpjFormatado":"43.312.503/0001-05"},"processo":{"numero":"25351591218202063","situacao":29,"numeroProcessoFormatado":"25351.591218/2020-63"}},{"ordem":93,"produto":{"codigo":1073373,"nome":"TROL PAR","numeroRegistro":"103720296","tipo":{"codigo":1,"descricao":null},"categoria":null,"situacaoRotulo":null,"dataVencimento":null,"mesAnoVencimento":"092030","dataVencimentoRegistro":"2030-09-01T00:00:00.000-0300","principioAtivo":"CLORIDRATO DE TRAMADOL, PARACETAMOL","situacaoApresentacao":"Válido","dataRegistro":"2020-09-14T00:00:00.000-0300","categoriaRegulatoria":{"codigo":8,"descricao":"Similar"},"medicamentoReferencia":"Ultracet","categoriaProduto":null,"tipoAutorizacao":"REGISTRADO","acancelar":false,"mesAnoVencimentoFormatado":"09/2030","numeroRegistroFormatado":"103720296"},"empresa":{"cnpj":"43312503000105","razaoSocial":"SUPERA FARMA LABORATÓRIOS S.A","numeroAutorizacao":"1003724","cnpjFormatado":"43.312.503/0001-05"},"processo":{"numero":"25351473079201520","situacao":29,"numeroProcessoFormatado":"25351.473079/2015-20"}},{"ordem":94,"produto":{"codigo":2525916,"nome":"TYNNA","numeroRegistro":"103720307","tipo":{"codigo":1,"descricao":null},"categoria":null,"situacaoRotulo":null,"dataVencimento":null,"mesAnoVencimento":"092031","dataVencimentoRegistro":"2031-09-01T00:00:00.000-0300","principioAtivo":"bilastina","situacaoApresentacao":"Válido","dataRegistro":"2021-09-27T00:00:00.000-0300","categoriaRegulatoria":{"codigo":8,"descricao":"Similar"},"medicamentoReferencia":"ALEKTOS","categoriaProduto":null,"tipoAutorizacao":"REGISTRADO","acancelar":false,"mesAnoVencimentoFormatado":"09/2031","numeroRegistroFormatado":"103720307"},"empresa":{"cnpj":"43312503000105","razaoSocial":"SUPERA FARMA LABORATÓRIOS S.A","numeroAutorizacao":"1003724","cnpjFormatado":"43.312.503/0001-05"},"processo":{"numero":"25351322772202183","situacao":29,"numeroProcessoFormatado":"25351.322772/2021-83"}},{"ordem":95,"produto":{"codigo":1074236,"nome":"TÉLIO","numeroRegistro":"103720292","tipo":{"codigo":1,"descricao":null},"categoria":null,"situacaoRotulo":null,"dataVencimento":"2030-06-01T00:00:00.000-0300","mesAnoVencimento":"062030","dataVencimentoRegistro":"2030-06-01T00:00:00.000-0300","principioAtivo":null,"situacaoApresentacao":"Caduco/Cancelado","dataRegistro":"2020-06-22T00:00:00.000-0300","categoriaRegulatoria":{"codigo":8,"descricao":"Similar"},"medicamentoReferencia":"CRESTOR","categoriaProduto":null,"tipoAutorizacao":"REGISTRADO","acancelar":false,"mesAnoVencimentoFormatado":"06/2030","numeroRegistroFormatado":"103720292"},"empresa":{"cnpj":"43312503000105","razaoSocial":"SUPERA FARMA LABORATÓRIOS S.A","numeroAutorizacao":"1003724","cnpjFormatado":"43.312.503/0001-05"},"processo":{"numero":"25351595948201576","situacao":29,"numeroProcessoFormatado":"25351.595948/2015-76"}},{"ordem":96,"produto":{"codigo":3631168,"nome":"ULTROX","numeroRegistro":"103720313","tipo":{"codigo":1,"descricao":null},"categoria":null,"situacaoRotulo":null,"dataVencimento":"2033-07-10T00:00:00.000-0300","mesAnoVencimento":"102033","dataVencimentoRegistro":"2033-10-01T00:00:00.000-0300","principioAtivo":"trometamol cetorolaco ","situacaoApresentacao":"Válido","dataRegistro":"2023-10-30T00:00:00.000-0300","categoriaRegulatoria":{"codigo":8,"descricao":"Similar"},"medicamentoReferencia":"TORAGESIC","categoriaProduto":null,"tipoAutorizacao":"REGISTRADO","acancelar":false,"mesAnoVencimentoFormatado":"10/2033","numeroRegistroFormatado":"103720313"},"empresa":{"cnpj":"43312503000105","razaoSocial":"SUPERA FARMA LABORATÓRIOS S.A","numeroAutorizacao":"1003724","cnpjFormatado":"43.312.503/0001-05"},"processo":{"numero":"25351441702202395","situacao":29,"numeroProcessoFormatado":"25351.441702/2023-95"}},{"ordem":97,"produto":{"codigo":855760,"nome":"VAGICAND","numeroRegistro":"103720222","tipo":{"codigo":1,"descricao":null},"categoria":null,"situacaoRotulo":null,"dataVencimento":null,"mesAnoVencimento":"072018","dataVencimentoRegistro":"2018-07-01T00:00:00.000-0300","principioAtivo":null,"situacaoApresentacao":"Caduco/Cancelado","dataRegistro":"2013-07-29T00:00:00.000-0300","categoriaRegulatoria":{"codigo":8,"descricao":"Similar"},"medicamentoReferencia":"FENTIZOL","categoriaProduto":null,"tipoAutorizacao":"REGISTRADO","acancelar":false,"mesAnoVencimentoFormatado":"07/2018","numeroRegistroFormatado":"103720222"},"empresa":{"cnpj":"43312503000105","razaoSocial":"SUPERA FARMA LABORATÓRIOS S.A","numeroAutorizacao":"1003724","cnpjFormatado":"43.312.503/0001-05"},"processo":{"numero":"25351559844201257","situacao":29,"numeroProcessoFormatado":"25351.559844/2012-57"}},{"ordem":98,"produto":{"codigo":1071738,"nome":"VAGICAND","numeroRegistro":"103720256","tipo":{"codigo":1,"descricao":null},"categoria":null,"situacaoRotulo":null,"dataVencimento":null,"mesAnoVencimento":"102025","dataVencimentoRegistro":"2025-10-01T00:00:00.000-0300","principioAtivo":"NITRATO DE FENTICONAZOL","situacaoApresentacao":"Válido","dataRegistro":"2015-10-20T00:00:00.000-0300","categoriaRegulatoria":{"codigo":8,"descricao":"Similar"},"medicamentoReferencia":"FENTIZOL","categoriaProduto":null,"tipoAutorizacao":"REGISTRADO","acancelar":false,"mesAnoVencimentoFormatado":"10/2025","numeroRegistroFormatado":"103720256"},"empresa":{"cnpj":"43312503000105","razaoSocial":"SUPERA FARMA LABORATÓRIOS S.A","numeroAutorizacao":"1003724","cnpjFormatado":"43.312.503/0001-05"},"processo":{"numero":"25351728795201479","situacao":29,"numeroProcessoFormatado":"25351.728795/2014-79"}},{"ordem":99,"produto":{"codigo":3628715,"nome":"ZOUP RETARD","numeroRegistro":"103720312","tipo":{"codigo":1,"descricao":null},"categoria":null,"situacaoRotulo":null,"dataVencimento":"2033-10-19T00:00:00.000-0300","mesAnoVencimento":"102033","dataVencimentoRegistro":"2033-10-01T00:00:00.000-0300","principioAtivo":"HEMITARTARATO DE ZOLPIDEM","situacaoApresentacao":"Válido","dataRegistro":"2023-10-19T00:00:00.000-0300","categoriaRegulatoria":{"codigo":8,"descricao":"Similar"},"medicamentoReferencia":"STILNOX CR","categoriaProduto":null,"tipoAutorizacao":"REGISTRADO","acancelar":false,"mesAnoVencimentoFormatado":"10/2033","numeroRegistroFormatado":"103720312"},"empresa":{"cnpj":"43312503000105","razaoSocial":"SUPERA FARMA LABORATÓRIOS S.A","numeroAutorizacao":"1003724","cnpjFormatado":"43.312.503/0001-05"},"processo":{"numero":"25351023850202321","situacao":29,"numeroProcessoFormatado":"25351.023850/2023-21"}},{"ordem":100,"produto":{"codigo":1381717,"nome":"ZOUP SL","numeroRegistro":"103720291","tipo":{"codigo":1,"descricao":null},"categoria":null,"situacaoRotulo":null,"dataVencimento":null,"mesAnoVencimento":"052030","dataVencimentoRegistro":"2030-05-01T00:00:00.000-0300","principioAtivo":"HEMITARTARATO DE ZOLPIDEM","situacaoApresentacao":"Válido","dataRegistro":"2020-05-04T00:00:00.000-0300","categoriaRegulatoria":{"codigo":8,"descricao":"Similar"},"medicamentoReferencia":"Patz SL","categoriaProduto":null,"tipoAutorizacao":"REGISTRADO","acancelar":false,"mesAnoVencimentoFormatado":"05/2030","numeroRegistroFormatado":"103720291"},"empresa":{"cnpj":"43312503000105","razaoSocial":"SUPERA FARMA LABORATÓRIOS S.A","numeroAutorizacao":"1003724","cnpjFormatado":"43.312.503/0001-05"},"processo":{"numero":"25351440548201958","situacao":29,"numeroProcessoFormatado":"25351.440548/2019-58"}},{"ordem":101,"produto":{"codigo":1021596,"nome":"ZUFLAM","numeroRegistro":"103720239","tipo":{"codigo":1,"descricao":null},"categoria":null,"situacaoRotulo":null,"dataVencimento":null,"mesAnoVencimento":"032020","dataVencimentoRegistro":"2020-03-01T00:00:00.000-0300","principioAtivo":null,"situacaoApresentacao":"Caduco/Cancelado","dataRegistro":"2015-03-02T00:00:00.000-0300","categoriaRegulatoria":{"codigo":8,"descricao":"Similar"},"medicamentoReferencia":"NISULID","categoriaProduto":null,"tipoAutorizacao":"REGISTRADO","acancelar":false,"mesAnoVencimentoFormatado":"03/2020","numeroRegistroFormatado":"103720239"},"empresa":{"cnpj":"43312503000105","razaoSocial":"SUPERA FARMA LABORATÓRIOS S.A","numeroAutorizacao":"1003724","cnpjFormatado":"43.312.503/0001-05"},"processo":{"numero":"25351466623201281","situacao":29,"numeroProcessoFormatado":"25351.466623/2012-81"}},{"ordem":102,"produto":{"codigo":1072049,"nome":"ePARÁ","numeroRegistro":"103720258","tipo":{"codigo":1,"descricao":null},"categoria":null,"situacaoRotulo":null,"dataVencimento":null,"mesAnoVencimento":"102025","dataVencimentoRegistro":"2025-10-01T00:00:00.000-0300","principioAtivo":"NITAZOXANIDA","situacaoApresentacao":"Válido","dataRegistro":"2015-10-26T00:00:00.000-0300","categoriaRegulatoria":{"codigo":8,"descricao":"Similar"},"medicamentoReferencia":"ANNITA","categoriaProduto":null,"tipoAutorizacao":"REGISTRADO","acancelar":false,"mesAnoVencimentoFormatado":"10/2025","numeroRegistroFormatado":"103720258"},"empresa":{"cnpj":"43312503000105","razaoSocial":"SUPERA FARMA LABORATÓRIOS S.A","numeroAutorizacao":"1003724","cnpjFormatado":"43.312.503/0001-05"},"processo":{"numero":"25351106608201582","situacao":29,"numeroProcessoFormatado":"25351.106608/2015-82"}},{"ordem":103,"produto":{"codigo":1404377,"nome":"ÁPICE","numeroRegistro":"103720298","tipo":{"codigo":1,"descricao":null},"categoria":null,"situacaoRotulo":null,"dataVencimento":null,"mesAnoVencimento":"092030","dataVencimentoRegistro":"2030-09-01T00:00:00.000-0300","principioAtivo":"PREGABALINA","situacaoApresentacao":"Válido","dataRegistro":"2020-09-21T00:00:00.000-0300","categoriaRegulatoria":{"codigo":8,"descricao":"Similar"},"medicamentoReferencia":"LYRICA","categoriaProduto":null,"tipoAutorizacao":"REGISTRADO","acancelar":false,"mesAnoVencimentoFormatado":"09/2030","numeroRegistroFormatado":"103720298"},"empresa":{"cnpj":"43312503000105","razaoSocial":"SUPERA FARMA LABORATÓRIOS S.A","numeroAutorizacao":"1003724","cnpjFormatado":"43.312.503/0001-05"},"processo":{"numero":"25351284519201465","situacao":29,"numeroProcessoFormatado":"25351.284519/2014-65"}},{"ordem":104,"produto":{"codigo":1144099,"nome":"ÓPERA","numeroRegistro":"103720275","tipo":{"codigo":1,"descricao":null},"categoria":null,"situacaoRotulo":null,"dataVencimento":"2027-01-02T00:00:00.000-0300","mesAnoVencimento":"012027","dataVencimentoRegistro":"2027-01-01T00:00:00.000-0300","principioAtivo":null,"situacaoApresentacao":"Caduco/Cancelado","dataRegistro":"2017-01-23T00:00:00.000-0300","categoriaRegulatoria":{"codigo":8,"descricao":"Similar"},"medicamentoReferencia":"TOPAMAX","categoriaProduto":null,"tipoAutorizacao":"REGISTRADO","acancelar":false,"mesAnoVencimentoFormatado":"01/2027","numeroRegistroFormatado":"103720275"},"empresa":{"cnpj":"43312503000105","razaoSocial":"SUPERA FARMA LABORATÓRIOS S.A","numeroAutorizacao":"1003724","cnpjFormatado":"43.312.503/0001-05"},"processo":{"numero":"25351503073201675","situacao":29,"numeroProcessoFormatado":"25351.503073/2016-75"}}],"totalElements":104,"totalPages":1,"last":true,"numberOfElements":104,"first":true,"sort":null,"size":1000,"number":0}