{"content":[{"ordem":1,"produto":{"codigo":450521,"nome":"ACICLOVIR","numeroRegistro":"109680078","tipo":{"codigo":1,"descricao":null},"categoria":null,"situacaoRotulo":null,"dataVencimento":null,"mesAnoVencimento":"102011","dataVencimentoRegistro":"2011-10-01T00:00:00.000-0300","principioAtivo":null,"situacaoApresentacao":"Caduco/Cancelado","dataRegistro":"2006-10-23T00:00:00.000-0300","categoriaRegulatoria":{"codigo":5,"descricao":"Genérico"},"medicamentoReferencia":"ZOVIRAX","categoriaProduto":null,"tipoAutorizacao":"REGISTRADO","numeroRegistroFormatado":"109680078","mesAnoVencimentoFormatado":"10/2011","acancelar":false},"empresa":{"cnpj":"43521129000158","razaoSocial":"LABORATÓRIO KINDER LTDA","numeroAutorizacao":"1009684","cnpjFormatado":"43.521.129/0001-58"},"processo":{"numero":"25351018943200633","situacao":29,"numeroProcessoFormatado":"25351.018943/2006-33"}},{"ordem":2,"produto":{"codigo":361483,"nome":"AMOXIBRON","numeroRegistro":"109680001","tipo":{"codigo":1,"descricao":null},"categoria":null,"situacaoRotulo":null,"dataVencimento":null,"mesAnoVencimento":"102009","dataVencimentoRegistro":"2009-10-01T00:00:00.000-0300","principioAtivo":null,"situacaoApresentacao":"Caduco/Cancelado","dataRegistro":"1984-10-01T00:00:00.000-0300","categoriaRegulatoria":{"codigo":8,"descricao":"Similar"},"medicamentoReferencia":null,"categoriaProduto":null,"tipoAutorizacao":"REGISTRADO","numeroRegistroFormatado":"109680001","mesAnoVencimentoFormatado":"10/2009","acancelar":false},"empresa":{"cnpj":"43521129000158","razaoSocial":"LABORATÓRIO KINDER LTDA","numeroAutorizacao":"1009684","cnpjFormatado":"43.521.129/0001-58"},"processo":{"numero":"2500000613174","situacao":29,"numeroProcessoFormatado":"25000.006131/74"}},{"ordem":3,"produto":{"codigo":3654,"nome":"ANALGESIL","numeroRegistro":"109680051","tipo":{"codigo":1,"descricao":null},"categoria":null,"situacaoRotulo":null,"dataVencimento":null,"mesAnoVencimento":"052010","dataVencimentoRegistro":"2010-05-01T00:00:00.000-0300","principioAtivo":null,"situacaoApresentacao":"Caduco/Cancelado","dataRegistro":"2000-05-25T00:00:00.000-0300","categoriaRegulatoria":{"codigo":8,"descricao":"Similar"},"medicamentoReferencia":null,"categoriaProduto":null,"tipoAutorizacao":"REGISTRADO","numeroRegistroFormatado":"109680051","mesAnoVencimentoFormatado":"05/2010","acancelar":false},"empresa":{"cnpj":"43521129000158","razaoSocial":"LABORATÓRIO KINDER LTDA","numeroAutorizacao":"1009684","cnpjFormatado":"43.521.129/0001-58"},"processo":{"numero":"250000144859962","situacao":29,"numeroProcessoFormatado":"25000.014485/99-62"}},{"ordem":4,"produto":{"codigo":137545,"nome":"ATENOLOL","numeroRegistro":"109680065","tipo":{"codigo":1,"descricao":null},"categoria":null,"situacaoRotulo":null,"dataVencimento":null,"mesAnoVencimento":"082012","dataVencimentoRegistro":"2012-08-01T00:00:00.000-0300","principioAtivo":null,"situacaoApresentacao":"Caduco/Cancelado","dataRegistro":"2002-08-07T00:00:00.000-0300","categoriaRegulatoria":{"codigo":8,"descricao":"Similar"},"medicamentoReferencia":null,"categoriaProduto":null,"tipoAutorizacao":"REGISTRADO","numeroRegistroFormatado":"109680065","mesAnoVencimentoFormatado":"08/2012","acancelar":false},"empresa":{"cnpj":"43521129000158","razaoSocial":"LABORATÓRIO KINDER LTDA","numeroAutorizacao":"1009684","cnpjFormatado":"43.521.129/0001-58"},"processo":{"numero":"253510018960285","situacao":29,"numeroProcessoFormatado":"25351.001896/02-85"}},{"ordem":5,"produto":{"codigo":510226,"nome":"BENSTATIN","numeroRegistro":"109680083","tipo":{"codigo":1,"descricao":null},"categoria":null,"situacaoRotulo":null,"dataVencimento":null,"mesAnoVencimento":"042012","dataVencimentoRegistro":"2012-04-01T00:00:00.000-0300","principioAtivo":null,"situacaoApresentacao":"Caduco/Cancelado","dataRegistro":"2007-04-30T00:00:00.000-0300","categoriaRegulatoria":{"codigo":8,"descricao":"Similar"},"medicamentoReferencia":null,"categoriaProduto":null,"tipoAutorizacao":"REGISTRADO","numeroRegistroFormatado":"109680083","mesAnoVencimentoFormatado":"04/2012","acancelar":false},"empresa":{"cnpj":"43521129000158","razaoSocial":"LABORATÓRIO KINDER LTDA","numeroAutorizacao":"1009684","cnpjFormatado":"43.521.129/0001-58"},"processo":{"numero":"25351484050200682","situacao":29,"numeroProcessoFormatado":"25351.484050/2006-82"}},{"ordem":6,"produto":{"codigo":542379,"nome":"Betametagen N","numeroRegistro":"109680087","tipo":{"codigo":1,"descricao":null},"categoria":null,"situacaoRotulo":null,"dataVencimento":null,"mesAnoVencimento":"042013","dataVencimentoRegistro":"2013-04-01T00:00:00.000-0300","principioAtivo":null,"situacaoApresentacao":"Caduco/Cancelado","dataRegistro":"2008-04-22T00:00:00.000-0300","categoriaRegulatoria":{"codigo":8,"descricao":"Similar"},"medicamentoReferencia":null,"categoriaProduto":null,"tipoAutorizacao":"REGISTRADO","numeroRegistroFormatado":"109680087","mesAnoVencimentoFormatado":"04/2013","acancelar":false},"empresa":{"cnpj":"43521129000158","razaoSocial":"LABORATÓRIO KINDER LTDA","numeroAutorizacao":"1009684","cnpjFormatado":"43.521.129/0001-58"},"processo":{"numero":"25351302762200773","situacao":29,"numeroProcessoFormatado":"25351.302762/2007-73"}},{"ordem":7,"produto":{"codigo":449945,"nome":"CISPLATINA","numeroRegistro":"109680081","tipo":{"codigo":1,"descricao":null},"categoria":null,"situacaoRotulo":null,"dataVencimento":null,"mesAnoVencimento":"122011","dataVencimentoRegistro":"2011-12-01T00:00:00.000-0300","principioAtivo":null,"situacaoApresentacao":"Caduco/Cancelado","dataRegistro":"2006-12-04T00:00:00.000-0300","categoriaRegulatoria":{"codigo":5,"descricao":"Genérico"},"medicamentoReferencia":"FAULDCISPLA","categoriaProduto":null,"tipoAutorizacao":"REGISTRADO","numeroRegistroFormatado":"109680081","mesAnoVencimentoFormatado":"12/2011","acancelar":false},"empresa":{"cnpj":"43521129000158","razaoSocial":"LABORATÓRIO KINDER LTDA","numeroAutorizacao":"1009684","cnpjFormatado":"43.521.129/0001-58"},"processo":{"numero":"25351019381200645","situacao":29,"numeroProcessoFormatado":"25351.019381/2006-45"}},{"ordem":8,"produto":{"codigo":2140,"nome":"CLORETO DE AMONIO + TIOCOL","numeroRegistro":"109680010","tipo":{"codigo":1,"descricao":null},"categoria":null,"situacaoRotulo":null,"dataVencimento":null,"mesAnoVencimento":"102004","dataVencimentoRegistro":"2004-10-01T00:00:00.000-0300","principioAtivo":null,"situacaoApresentacao":"Caduco/Cancelado","dataRegistro":"1999-12-22T00:00:00.000-0200","categoriaRegulatoria":{"codigo":8,"descricao":"Similar"},"medicamentoReferencia":null,"categoriaProduto":null,"tipoAutorizacao":"REGISTRADO","numeroRegistroFormatado":"109680010","mesAnoVencimentoFormatado":"10/2004","acancelar":false},"empresa":{"cnpj":"43521129000158","razaoSocial":"LABORATÓRIO KINDER LTDA","numeroAutorizacao":"1009684","cnpjFormatado":"43.521.129/0001-58"},"processo":{"numero":"2599200972874","situacao":29,"numeroProcessoFormatado":"25992.009728/74"}},{"ordem":9,"produto":{"codigo":457771,"nome":"CLOTRIMAZOL + ACETATO DE DEXAMETASONA","numeroRegistro":"109680080","tipo":{"codigo":1,"descricao":null},"categoria":null,"situacaoRotulo":null,"dataVencimento":null,"mesAnoVencimento":"102011","dataVencimentoRegistro":"2011-10-01T00:00:00.000-0300","principioAtivo":null,"situacaoApresentacao":"Caduco/Cancelado","dataRegistro":"2006-10-23T00:00:00.000-0300","categoriaRegulatoria":{"codigo":5,"descricao":"Genérico"},"medicamentoReferencia":"BAYCUTEN-N","categoriaProduto":null,"tipoAutorizacao":"REGISTRADO","numeroRegistroFormatado":"109680080","mesAnoVencimentoFormatado":"10/2011","acancelar":false},"empresa":{"cnpj":"43521129000158","razaoSocial":"LABORATÓRIO KINDER LTDA","numeroAutorizacao":"1009684","cnpjFormatado":"43.521.129/0001-58"},"processo":{"numero":"25351063983200630","situacao":29,"numeroProcessoFormatado":"25351.063983/2006-30"}},{"ordem":10,"produto":{"codigo":137749,"nome":"CO- ENALIL","numeroRegistro":"109680066","tipo":{"codigo":1,"descricao":null},"categoria":null,"situacaoRotulo":null,"dataVencimento":null,"mesAnoVencimento":"082007","dataVencimentoRegistro":"2007-08-01T00:00:00.000-0300","principioAtivo":null,"situacaoApresentacao":"Caduco/Cancelado","dataRegistro":"2002-08-07T00:00:00.000-0300","categoriaRegulatoria":{"codigo":8,"descricao":"Similar"},"medicamentoReferencia":null,"categoriaProduto":null,"tipoAutorizacao":"REGISTRADO","numeroRegistroFormatado":"109680066","mesAnoVencimentoFormatado":"08/2007","acancelar":false},"empresa":{"cnpj":"43521129000158","razaoSocial":"LABORATÓRIO KINDER LTDA","numeroAutorizacao":"1009684","cnpjFormatado":"43.521.129/0001-58"},"processo":{"numero":"253510070750261","situacao":29,"numeroProcessoFormatado":"25351.007075/02-61"}},{"ordem":11,"produto":{"codigo":7813,"nome":"COBALDOZE","numeroRegistro":"109680017","tipo":{"codigo":1,"descricao":null},"categoria":null,"situacaoRotulo":null,"dataVencimento":null,"mesAnoVencimento":"102010","dataVencimentoRegistro":"2010-10-01T00:00:00.000-0300","principioAtivo":null,"situacaoApresentacao":"Caduco/Cancelado","dataRegistro":"2001-09-27T00:00:00.000-0300","categoriaRegulatoria":{"codigo":3,"descricao":"Específico"},"medicamentoReferencia":null,"categoriaProduto":null,"tipoAutorizacao":"REGISTRADO","numeroRegistroFormatado":"109680017","mesAnoVencimentoFormatado":"10/2010","acancelar":false},"empresa":{"cnpj":"43521129000158","razaoSocial":"LABORATÓRIO KINDER LTDA","numeroAutorizacao":"1009684","cnpjFormatado":"43.521.129/0001-58"},"processo":{"numero":"2500000154281","situacao":29,"numeroProcessoFormatado":"25000.001542/81"}},{"ordem":12,"produto":{"codigo":542003,"nome":"DAKINZOL","numeroRegistro":"109680086","tipo":{"codigo":1,"descricao":null},"categoria":null,"situacaoRotulo":null,"dataVencimento":null,"mesAnoVencimento":"032013","dataVencimentoRegistro":"2013-03-01T00:00:00.000-0300","principioAtivo":null,"situacaoApresentacao":"Caduco/Cancelado","dataRegistro":"2008-03-03T00:00:00.000-0300","categoriaRegulatoria":{"codigo":8,"descricao":"Similar"},"medicamentoReferencia":null,"categoriaProduto":null,"tipoAutorizacao":"REGISTRADO","numeroRegistroFormatado":"109680086","mesAnoVencimentoFormatado":"03/2013","acancelar":false},"empresa":{"cnpj":"43521129000158","razaoSocial":"LABORATÓRIO KINDER LTDA","numeroAutorizacao":"1009684","cnpjFormatado":"43.521.129/0001-58"},"processo":{"numero":"25351302974200751","situacao":29,"numeroProcessoFormatado":"25351.302974/2007-51"}},{"ordem":13,"produto":{"codigo":487,"nome":"DERMIC","numeroRegistro":"109680027","tipo":{"codigo":1,"descricao":null},"categoria":null,"situacaoRotulo":null,"dataVencimento":null,"mesAnoVencimento":"122005","dataVencimentoRegistro":"2005-12-01T00:00:00.000-0300","principioAtivo":null,"situacaoApresentacao":"Caduco/Cancelado","dataRegistro":"2000-07-20T00:00:00.000-0300","categoriaRegulatoria":{"codigo":8,"descricao":"Similar"},"medicamentoReferencia":null,"categoriaProduto":null,"tipoAutorizacao":"REGISTRADO","numeroRegistroFormatado":"109680027","mesAnoVencimentoFormatado":"12/2005","acancelar":false},"empresa":{"cnpj":"43521129000158","razaoSocial":"LABORATÓRIO KINDER LTDA","numeroAutorizacao":"1009684","cnpjFormatado":"43.521.129/0001-58"},"processo":{"numero":"2500001611283","situacao":29,"numeroProcessoFormatado":"25000.016112/83"}},{"ordem":14,"produto":{"codigo":6226,"nome":"DERMOKIN","numeroRegistro":"109680060","tipo":{"codigo":1,"descricao":null},"categoria":null,"situacaoRotulo":null,"dataVencimento":null,"mesAnoVencimento":"122011","dataVencimentoRegistro":"2011-12-01T00:00:00.000-0300","principioAtivo":null,"situacaoApresentacao":"Caduco/Cancelado","dataRegistro":"2001-12-19T00:00:00.000-0200","categoriaRegulatoria":{"codigo":8,"descricao":"Similar"},"medicamentoReferencia":null,"categoriaProduto":null,"tipoAutorizacao":"REGISTRADO","numeroRegistroFormatado":"109680060","mesAnoVencimentoFormatado":"12/2011","acancelar":false},"empresa":{"cnpj":"43521129000158","razaoSocial":"LABORATÓRIO KINDER LTDA","numeroAutorizacao":"1009684","cnpjFormatado":"43.521.129/0001-58"},"processo":{"numero":"250000152399991","situacao":29,"numeroProcessoFormatado":"25000.015239/99-91"}},{"ordem":15,"produto":{"codigo":3277,"nome":"DEXAMETASONA+DECANOATO DE NANDROLONA+CLOR. DE CLOREXIDINA","numeroRegistro":"109680026","tipo":{"codigo":1,"descricao":null},"categoria":null,"situacaoRotulo":null,"dataVencimento":null,"mesAnoVencimento":"122005","dataVencimentoRegistro":"2005-12-01T00:00:00.000-0300","principioAtivo":null,"situacaoApresentacao":"Caduco/Cancelado","dataRegistro":"2001-06-04T00:00:00.000-0300","categoriaRegulatoria":{"codigo":8,"descricao":"Similar"},"medicamentoReferencia":null,"categoriaProduto":null,"tipoAutorizacao":"REGISTRADO","numeroRegistroFormatado":"109680026","mesAnoVencimentoFormatado":"12/2005","acancelar":false},"empresa":{"cnpj":"43521129000158","razaoSocial":"LABORATÓRIO KINDER LTDA","numeroAutorizacao":"1009684","cnpjFormatado":"43.521.129/0001-58"},"processo":{"numero":"2500000594684","situacao":29,"numeroProcessoFormatado":"25000.005946/84"}},{"ordem":16,"produto":{"codigo":474734,"nome":"DEXPANTOL","numeroRegistro":"109680082","tipo":{"codigo":1,"descricao":null},"categoria":null,"situacaoRotulo":null,"dataVencimento":null,"mesAnoVencimento":"122011","dataVencimentoRegistro":"2011-12-01T00:00:00.000-0300","principioAtivo":null,"situacaoApresentacao":"Caduco/Cancelado","dataRegistro":"2006-12-11T00:00:00.000-0300","categoriaRegulatoria":{"codigo":3,"descricao":"Específico"},"medicamentoReferencia":null,"categoriaProduto":null,"tipoAutorizacao":"REGISTRADO","numeroRegistroFormatado":"109680082","mesAnoVencimentoFormatado":"12/2011","acancelar":false},"empresa":{"cnpj":"43521129000158","razaoSocial":"LABORATÓRIO KINDER LTDA","numeroAutorizacao":"1009684","cnpjFormatado":"43.521.129/0001-58"},"processo":{"numero":"25351062199200612","situacao":29,"numeroProcessoFormatado":"25351.062199/2006-12"}},{"ordem":17,"produto":{"codigo":4575,"nome":"DIABEN","numeroRegistro":"109680052","tipo":{"codigo":1,"descricao":null},"categoria":null,"situacaoRotulo":null,"dataVencimento":null,"mesAnoVencimento":"052010","dataVencimentoRegistro":"2010-05-01T00:00:00.000-0300","principioAtivo":null,"situacaoApresentacao":"Caduco/Cancelado","dataRegistro":"2000-05-31T00:00:00.000-0300","categoriaRegulatoria":{"codigo":8,"descricao":"Similar"},"medicamentoReferencia":null,"categoriaProduto":null,"tipoAutorizacao":"REGISTRADO","numeroRegistroFormatado":"109680052","mesAnoVencimentoFormatado":"05/2010","acancelar":false},"empresa":{"cnpj":"43521129000158","razaoSocial":"LABORATÓRIO KINDER LTDA","numeroAutorizacao":"1009684","cnpjFormatado":"43.521.129/0001-58"},"processo":{"numero":"250000046449948","situacao":29,"numeroProcessoFormatado":"25000.004644/99-48"}},{"ordem":18,"produto":{"codigo":3499,"nome":"DICLOKIN","numeroRegistro":"109680034","tipo":{"codigo":1,"descricao":null},"categoria":null,"situacaoRotulo":null,"dataVencimento":null,"mesAnoVencimento":"032010","dataVencimentoRegistro":"2010-03-01T00:00:00.000-0300","principioAtivo":null,"situacaoApresentacao":"Caduco/Cancelado","dataRegistro":"2001-07-12T00:00:00.000-0300","categoriaRegulatoria":{"codigo":8,"descricao":"Similar"},"medicamentoReferencia":null,"categoriaProduto":null,"tipoAutorizacao":"REGISTRADO","numeroRegistroFormatado":"109680034","mesAnoVencimentoFormatado":"03/2010","acancelar":false},"empresa":{"cnpj":"43521129000158","razaoSocial":"LABORATÓRIO KINDER LTDA","numeroAutorizacao":"1009684","cnpjFormatado":"43.521.129/0001-58"},"processo":{"numero":"2500101585983","situacao":29,"numeroProcessoFormatado":"25001.015859/83"}},{"ordem":19,"produto":{"codigo":3706,"nome":"DIPIRONA SÓDICA + N-BUTILBROMETO DE ESCOPOLAMINA","numeroRegistro":"109680008","tipo":{"codigo":1,"descricao":null},"categoria":null,"situacaoRotulo":null,"dataVencimento":null,"mesAnoVencimento":"092003","dataVencimentoRegistro":"2003-09-01T00:00:00.000-0300","principioAtivo":null,"situacaoApresentacao":"Caduco/Cancelado","dataRegistro":"1988-09-30T00:00:00.000-0300","categoriaRegulatoria":{"codigo":8,"descricao":"Similar"},"medicamentoReferencia":null,"categoriaProduto":null,"tipoAutorizacao":"REGISTRADO","numeroRegistroFormatado":"109680008","mesAnoVencimentoFormatado":"09/2003","acancelar":false},"empresa":{"cnpj":"43521129000158","razaoSocial":"LABORATÓRIO KINDER LTDA","numeroAutorizacao":"1009684","cnpjFormatado":"43.521.129/0001-58"},"processo":{"numero":"2500100782683","situacao":29,"numeroProcessoFormatado":"25001.007826/83"}},{"ordem":20,"produto":{"codigo":125984,"nome":"ENALIL","numeroRegistro":"109680064","tipo":{"codigo":1,"descricao":null},"categoria":null,"situacaoRotulo":null,"dataVencimento":null,"mesAnoVencimento":"042012","dataVencimentoRegistro":"2012-04-01T00:00:00.000-0300","principioAtivo":null,"situacaoApresentacao":"Caduco/Cancelado","dataRegistro":"2002-04-18T00:00:00.000-0300","categoriaRegulatoria":{"codigo":8,"descricao":"Similar"},"medicamentoReferencia":null,"categoriaProduto":null,"tipoAutorizacao":"REGISTRADO","numeroRegistroFormatado":"109680064","mesAnoVencimentoFormatado":"04/2012","acancelar":false},"empresa":{"cnpj":"43521129000158","razaoSocial":"LABORATÓRIO KINDER LTDA","numeroAutorizacao":"1009684","cnpjFormatado":"43.521.129/0001-58"},"processo":{"numero":"253510237330163","situacao":29,"numeroProcessoFormatado":"25351.023733/01-63"}},{"ordem":21,"produto":{"codigo":4177,"nome":"FIBRINOLISINA + DESOXIRRIBONUCLEASE + CLORANFENICOL","numeroRegistro":"109680043","tipo":{"codigo":1,"descricao":null},"categoria":null,"situacaoRotulo":null,"dataVencimento":null,"mesAnoVencimento":"082004","dataVencimentoRegistro":"2004-08-01T00:00:00.000-0300","principioAtivo":null,"situacaoApresentacao":"Caduco/Cancelado","dataRegistro":"1999-08-09T00:00:00.000-0300","categoriaRegulatoria":{"codigo":8,"descricao":"Similar"},"medicamentoReferencia":null,"categoriaProduto":null,"tipoAutorizacao":"REGISTRADO","numeroRegistroFormatado":"109680043","mesAnoVencimentoFormatado":"08/2004","acancelar":false},"empresa":{"cnpj":"43521129000158","razaoSocial":"LABORATÓRIO KINDER LTDA","numeroAutorizacao":"1009684","cnpjFormatado":"43.521.129/0001-58"},"processo":{"numero":"250000152389929","situacao":29,"numeroProcessoFormatado":"25000.015238/99-29"}},{"ordem":22,"produto":{"codigo":3374,"nome":"FLANAKIN","numeroRegistro":"109680050","tipo":{"codigo":1,"descricao":null},"categoria":null,"situacaoRotulo":null,"dataVencimento":null,"mesAnoVencimento":"022010","dataVencimentoRegistro":"2010-02-01T00:00:00.000-0300","principioAtivo":null,"situacaoApresentacao":"Caduco/Cancelado","dataRegistro":"2000-07-19T00:00:00.000-0300","categoriaRegulatoria":{"codigo":8,"descricao":"Similar"},"medicamentoReferencia":null,"categoriaProduto":null,"tipoAutorizacao":"REGISTRADO","numeroRegistroFormatado":"109680050","mesAnoVencimentoFormatado":"02/2010","acancelar":false},"empresa":{"cnpj":"43521129000158","razaoSocial":"LABORATÓRIO KINDER LTDA","numeroAutorizacao":"1009684","cnpjFormatado":"43.521.129/0001-58"},"processo":{"numero":"250000025429905","situacao":29,"numeroProcessoFormatado":"25000.002542/99-05"}},{"ordem":23,"produto":{"codigo":137664,"nome":"FLANAKIN GEL","numeroRegistro":"109680067","tipo":{"codigo":1,"descricao":null},"categoria":null,"situacaoRotulo":null,"dataVencimento":null,"mesAnoVencimento":"082012","dataVencimentoRegistro":"2012-08-01T00:00:00.000-0300","principioAtivo":null,"situacaoApresentacao":"Caduco/Cancelado","dataRegistro":"2002-08-08T00:00:00.000-0300","categoriaRegulatoria":{"codigo":8,"descricao":"Similar"},"medicamentoReferencia":null,"categoriaProduto":null,"tipoAutorizacao":"REGISTRADO","numeroRegistroFormatado":"109680067","mesAnoVencimentoFormatado":"08/2012","acancelar":false},"empresa":{"cnpj":"43521129000158","razaoSocial":"LABORATÓRIO KINDER LTDA","numeroAutorizacao":"1009684","cnpjFormatado":"43.521.129/0001-58"},"processo":{"numero":"253510018970248","situacao":29,"numeroProcessoFormatado":"25351.001897/02-48"}},{"ordem":24,"produto":{"codigo":136367,"nome":"FLAVONIL","numeroRegistro":"109680073","tipo":{"codigo":1,"descricao":null},"categoria":null,"situacaoRotulo":null,"dataVencimento":null,"mesAnoVencimento":"032008","dataVencimentoRegistro":"2008-03-01T00:00:00.000-0300","principioAtivo":null,"situacaoApresentacao":"Caduco/Cancelado","dataRegistro":"2003-03-31T00:00:00.000-0300","categoriaRegulatoria":{"codigo":4,"descricao":"Fitoterápico"},"medicamentoReferencia":null,"categoriaProduto":null,"tipoAutorizacao":"REGISTRADO","numeroRegistroFormatado":"109680073","mesAnoVencimentoFormatado":"03/2008","acancelar":false},"empresa":{"cnpj":"43521129000158","razaoSocial":"LABORATÓRIO KINDER LTDA","numeroAutorizacao":"1009684","cnpjFormatado":"43.521.129/0001-58"},"processo":{"numero":"25351175897200245","situacao":29,"numeroProcessoFormatado":"25351.175897/2002-45"}},{"ordem":25,"produto":{"codigo":517147,"nome":"FLOGOMIN","numeroRegistro":"109680085","tipo":{"codigo":1,"descricao":null},"categoria":null,"situacaoRotulo":null,"dataVencimento":null,"mesAnoVencimento":"072012","dataVencimentoRegistro":"2012-07-01T00:00:00.000-0300","principioAtivo":null,"situacaoApresentacao":"Caduco/Cancelado","dataRegistro":"2007-07-23T00:00:00.000-0300","categoriaRegulatoria":{"codigo":8,"descricao":"Similar"},"medicamentoReferencia":null,"categoriaProduto":null,"tipoAutorizacao":"REGISTRADO","numeroRegistroFormatado":"109680085","mesAnoVencimentoFormatado":"07/2012","acancelar":false},"empresa":{"cnpj":"43521129000158","razaoSocial":"LABORATÓRIO KINDER LTDA","numeroAutorizacao":"1009684","cnpjFormatado":"43.521.129/0001-58"},"processo":{"numero":"25351101590200712","situacao":29,"numeroProcessoFormatado":"25351.101590/2007-12"}},{"ordem":26,"produto":{"codigo":146207,"nome":"FOLDERM","numeroRegistro":"109680069","tipo":{"codigo":1,"descricao":null},"categoria":null,"situacaoRotulo":null,"dataVencimento":null,"mesAnoVencimento":"122012","dataVencimentoRegistro":"2012-12-01T00:00:00.000-0300","principioAtivo":null,"situacaoApresentacao":"Caduco/Cancelado","dataRegistro":"2002-12-09T00:00:00.000-0300","categoriaRegulatoria":{"codigo":8,"descricao":"Similar"},"medicamentoReferencia":null,"categoriaProduto":null,"tipoAutorizacao":"REGISTRADO","numeroRegistroFormatado":"109680069","mesAnoVencimentoFormatado":"12/2012","acancelar":false},"empresa":{"cnpj":"43521129000158","razaoSocial":"LABORATÓRIO KINDER LTDA","numeroAutorizacao":"1009684","cnpjFormatado":"43.521.129/0001-58"},"processo":{"numero":"25351184450200267","situacao":29,"numeroProcessoFormatado":"25351.184450/2002-67"}},{"ordem":27,"produto":{"codigo":367259,"nome":"FOLDERM","numeroRegistro":"109680015","tipo":{"codigo":1,"descricao":null},"categoria":null,"situacaoRotulo":null,"dataVencimento":null,"mesAnoVencimento":"062008","dataVencimentoRegistro":"2008-06-01T00:00:00.000-0300","principioAtivo":null,"situacaoApresentacao":"Caduco/Cancelado","dataRegistro":"1979-10-25T00:00:00.000-0300","categoriaRegulatoria":{"codigo":8,"descricao":"Similar"},"medicamentoReferencia":null,"categoriaProduto":null,"tipoAutorizacao":"REGISTRADO","numeroRegistroFormatado":"109680015","mesAnoVencimentoFormatado":"06/2008","acancelar":false},"empresa":{"cnpj":"43521129000158","razaoSocial":"LABORATÓRIO KINDER LTDA","numeroAutorizacao":"1009684","cnpjFormatado":"43.521.129/0001-58"},"processo":{"numero":"2599202314675","situacao":29,"numeroProcessoFormatado":"25992.023146/75"}},{"ordem":28,"produto":{"codigo":8034,"nome":"GINO CONAZOL","numeroRegistro":"109680049","tipo":{"codigo":1,"descricao":null},"categoria":null,"situacaoRotulo":null,"dataVencimento":null,"mesAnoVencimento":"022010","dataVencimentoRegistro":"2010-02-01T00:00:00.000-0300","principioAtivo":null,"situacaoApresentacao":"Caduco/Cancelado","dataRegistro":"2000-02-07T00:00:00.000-0200","categoriaRegulatoria":{"codigo":8,"descricao":"Similar"},"medicamentoReferencia":null,"categoriaProduto":null,"tipoAutorizacao":"REGISTRADO","numeroRegistroFormatado":"109680049","mesAnoVencimentoFormatado":"02/2010","acancelar":false},"empresa":{"cnpj":"43521129000158","razaoSocial":"LABORATÓRIO KINDER LTDA","numeroAutorizacao":"1009684","cnpjFormatado":"43.521.129/0001-58"},"processo":{"numero":"250000130069972","situacao":29,"numeroProcessoFormatado":"25000.013006/99-72"}},{"ordem":29,"produto":{"codigo":6180,"nome":"KANDISTAT","numeroRegistro":"109680046","tipo":{"codigo":1,"descricao":null},"categoria":null,"situacaoRotulo":null,"dataVencimento":null,"mesAnoVencimento":"112014","dataVencimentoRegistro":"2014-11-01T00:00:00.000-0300","principioAtivo":null,"situacaoApresentacao":"Caduco/Cancelado","dataRegistro":"1999-11-22T00:00:00.000-0200","categoriaRegulatoria":{"codigo":8,"descricao":"Similar"},"medicamentoReferencia":null,"categoriaProduto":null,"tipoAutorizacao":"REGISTRADO","numeroRegistroFormatado":"109680046","mesAnoVencimentoFormatado":"11/2014","acancelar":false},"empresa":{"cnpj":"43521129000158","razaoSocial":"LABORATÓRIO KINDER LTDA","numeroAutorizacao":"1009684","cnpjFormatado":"43.521.129/0001-58"},"processo":{"numero":"250000178029920","situacao":29,"numeroProcessoFormatado":"25000.017802/99-20"}},{"ordem":30,"produto":{"codigo":2478,"nome":"KANDRIL","numeroRegistro":"109680005","tipo":{"codigo":1,"descricao":null},"categoria":null,"situacaoRotulo":null,"dataVencimento":null,"mesAnoVencimento":"032007","dataVencimentoRegistro":"2007-03-01T00:00:00.000-0300","principioAtivo":null,"situacaoApresentacao":"Caduco/Cancelado","dataRegistro":"2001-06-27T00:00:00.000-0300","categoriaRegulatoria":{"codigo":8,"descricao":"Similar"},"medicamentoReferencia":null,"categoriaProduto":null,"tipoAutorizacao":"REGISTRADO","numeroRegistroFormatado":"109680005","mesAnoVencimentoFormatado":"03/2007","acancelar":false},"empresa":{"cnpj":"43521129000158","razaoSocial":"LABORATÓRIO KINDER LTDA","numeroAutorizacao":"1009684","cnpjFormatado":"43.521.129/0001-58"},"processo":{"numero":"2599200039071","situacao":29,"numeroProcessoFormatado":"25992.000390/71"}},{"ordem":31,"produto":{"codigo":3068,"nome":"KINASTEN","numeroRegistro":"109680048","tipo":{"codigo":1,"descricao":null},"categoria":null,"situacaoRotulo":null,"dataVencimento":null,"mesAnoVencimento":"022010","dataVencimentoRegistro":"2010-02-01T00:00:00.000-0300","principioAtivo":null,"situacaoApresentacao":"Caduco/Cancelado","dataRegistro":"2000-02-04T00:00:00.000-0200","categoriaRegulatoria":{"codigo":8,"descricao":"Similar"},"medicamentoReferencia":null,"categoriaProduto":null,"tipoAutorizacao":"REGISTRADO","numeroRegistroFormatado":"109680048","mesAnoVencimentoFormatado":"02/2010","acancelar":false},"empresa":{"cnpj":"43521129000158","razaoSocial":"LABORATÓRIO KINDER LTDA","numeroAutorizacao":"1009684","cnpjFormatado":"43.521.129/0001-58"},"processo":{"numero":"250000144869925","situacao":29,"numeroProcessoFormatado":"25000.014486/99-25"}},{"ordem":32,"produto":{"codigo":3417,"nome":"KINDAREN","numeroRegistro":"109680058","tipo":{"codigo":1,"descricao":null},"categoria":null,"situacaoRotulo":null,"dataVencimento":null,"mesAnoVencimento":"042011","dataVencimentoRegistro":"2011-04-01T00:00:00.000-0300","principioAtivo":null,"situacaoApresentacao":"Caduco/Cancelado","dataRegistro":"2001-04-12T00:00:00.000-0300","categoriaRegulatoria":{"codigo":8,"descricao":"Similar"},"medicamentoReferencia":null,"categoriaProduto":null,"tipoAutorizacao":"REGISTRADO","numeroRegistroFormatado":"109680058","mesAnoVencimentoFormatado":"04/2011","acancelar":false},"empresa":{"cnpj":"43521129000158","razaoSocial":"LABORATÓRIO KINDER LTDA","numeroAutorizacao":"1009684","cnpjFormatado":"43.521.129/0001-58"},"processo":{"numero":"253510111200066","situacao":29,"numeroProcessoFormatado":"25351.011120/00-66"}},{"ordem":33,"produto":{"codigo":7722,"nome":"KINDCETIN","numeroRegistro":"109680061","tipo":{"codigo":1,"descricao":null},"categoria":null,"situacaoRotulo":null,"dataVencimento":null,"mesAnoVencimento":"112011","dataVencimentoRegistro":"2011-11-01T00:00:00.000-0300","principioAtivo":null,"situacaoApresentacao":"Caduco/Cancelado","dataRegistro":"2001-11-27T00:00:00.000-0200","categoriaRegulatoria":{"codigo":8,"descricao":"Similar"},"medicamentoReferencia":null,"categoriaProduto":null,"tipoAutorizacao":"REGISTRADO","numeroRegistroFormatado":"109680061","mesAnoVencimentoFormatado":"11/2011","acancelar":false},"empresa":{"cnpj":"43521129000158","razaoSocial":"LABORATÓRIO KINDER LTDA","numeroAutorizacao":"1009684","cnpjFormatado":"43.521.129/0001-58"},"processo":{"numero":"250000130079935","situacao":29,"numeroProcessoFormatado":"25000.013007/99-35"}},{"ordem":34,"produto":{"codigo":4335,"nome":"KINDCÁLCIO","numeroRegistro":"109680006","tipo":{"codigo":1,"descricao":null},"categoria":null,"situacaoRotulo":null,"dataVencimento":null,"mesAnoVencimento":"102010","dataVencimentoRegistro":"2010-10-01T00:00:00.000-0300","principioAtivo":null,"situacaoApresentacao":"Caduco/Cancelado","dataRegistro":"2001-01-24T00:00:00.000-0300","categoriaRegulatoria":{"codigo":3,"descricao":"Específico"},"medicamentoReferencia":null,"categoriaProduto":null,"tipoAutorizacao":"REGISTRADO","numeroRegistroFormatado":"109680006","mesAnoVencimentoFormatado":"10/2010","acancelar":false},"empresa":{"cnpj":"43521129000158","razaoSocial":"LABORATÓRIO KINDER LTDA","numeroAutorizacao":"1009684","cnpjFormatado":"43.521.129/0001-58"},"processo":{"numero":"2599201084939","situacao":29,"numeroProcessoFormatado":"25992.010849/39"}},{"ordem":35,"produto":{"codigo":5630,"nome":"KINDELMIN","numeroRegistro":"109680007","tipo":{"codigo":1,"descricao":null},"categoria":null,"situacaoRotulo":null,"dataVencimento":null,"mesAnoVencimento":"022009","dataVencimentoRegistro":"2009-02-01T00:00:00.000-0300","principioAtivo":null,"situacaoApresentacao":"Caduco/Cancelado","dataRegistro":"1989-02-22T00:00:00.000-0300","categoriaRegulatoria":{"codigo":8,"descricao":"Similar"},"medicamentoReferencia":null,"categoriaProduto":null,"tipoAutorizacao":"REGISTRADO","numeroRegistroFormatado":"109680007","mesAnoVencimentoFormatado":"02/2009","acancelar":false},"empresa":{"cnpj":"43521129000158","razaoSocial":"LABORATÓRIO KINDER LTDA","numeroAutorizacao":"1009684","cnpjFormatado":"43.521.129/0001-58"},"processo":{"numero":"2599201601473","situacao":29,"numeroProcessoFormatado":"25992.016014/73"}},{"ordem":36,"produto":{"codigo":5819,"nome":"KINDOMET","numeroRegistro":"109680054","tipo":{"codigo":1,"descricao":null},"categoria":null,"situacaoRotulo":null,"dataVencimento":null,"mesAnoVencimento":"072010","dataVencimentoRegistro":"2010-07-01T00:00:00.000-0300","principioAtivo":null,"situacaoApresentacao":"Caduco/Cancelado","dataRegistro":"2000-07-28T00:00:00.000-0300","categoriaRegulatoria":{"codigo":8,"descricao":"Similar"},"medicamentoReferencia":null,"categoriaProduto":null,"tipoAutorizacao":"REGISTRADO","numeroRegistroFormatado":"109680054","mesAnoVencimentoFormatado":"07/2010","acancelar":false},"empresa":{"cnpj":"43521129000158","razaoSocial":"LABORATÓRIO KINDER LTDA","numeroAutorizacao":"1009684","cnpjFormatado":"43.521.129/0001-58"},"processo":{"numero":"250000023569912","situacao":29,"numeroProcessoFormatado":"25000.002356/99-12"}},{"ordem":37,"produto":{"codigo":542338,"nome":"KINFLEX","numeroRegistro":"109680088","tipo":{"codigo":1,"descricao":null},"categoria":null,"situacaoRotulo":null,"dataVencimento":null,"mesAnoVencimento":"062013","dataVencimentoRegistro":"2013-06-01T00:00:00.000-0300","principioAtivo":null,"situacaoApresentacao":"Caduco/Cancelado","dataRegistro":"2008-06-02T00:00:00.000-0300","categoriaRegulatoria":{"codigo":8,"descricao":"Similar"},"medicamentoReferencia":null,"categoriaProduto":null,"tipoAutorizacao":"REGISTRADO","numeroRegistroFormatado":"109680088","mesAnoVencimentoFormatado":"06/2013","acancelar":false},"empresa":{"cnpj":"43521129000158","razaoSocial":"LABORATÓRIO KINDER LTDA","numeroAutorizacao":"1009684","cnpjFormatado":"43.521.129/0001-58"},"processo":{"numero":"25351302686200704","situacao":29,"numeroProcessoFormatado":"25351.302686/2007-04"}},{"ordem":38,"produto":{"codigo":269,"nome":"LONDERM N","numeroRegistro":"109680062","tipo":{"codigo":1,"descricao":null},"categoria":null,"situacaoRotulo":null,"dataVencimento":null,"mesAnoVencimento":"122011","dataVencimentoRegistro":"2011-12-01T00:00:00.000-0300","principioAtivo":null,"situacaoApresentacao":"Caduco/Cancelado","dataRegistro":"2001-12-27T00:00:00.000-0200","categoriaRegulatoria":{"codigo":8,"descricao":"Similar"},"medicamentoReferencia":null,"categoriaProduto":null,"tipoAutorizacao":"REGISTRADO","numeroRegistroFormatado":"109680062","mesAnoVencimentoFormatado":"12/2011","acancelar":false},"empresa":{"cnpj":"43521129000158","razaoSocial":"LABORATÓRIO KINDER LTDA","numeroAutorizacao":"1009684","cnpjFormatado":"43.521.129/0001-58"},"processo":{"numero":"253510237320109","situacao":29,"numeroProcessoFormatado":"25351.023732/01-09"}},{"ordem":39,"produto":{"codigo":5660,"nome":"MEBENDAZOL","numeroRegistro":"109680055","tipo":{"codigo":1,"descricao":null},"categoria":null,"situacaoRotulo":null,"dataVencimento":null,"mesAnoVencimento":"082005","dataVencimentoRegistro":"2005-08-01T00:00:00.000-0300","principioAtivo":null,"situacaoApresentacao":"Caduco/Cancelado","dataRegistro":"2000-08-09T00:00:00.000-0300","categoriaRegulatoria":{"codigo":5,"descricao":"Genérico"},"medicamentoReferencia":"PANTELMIN","categoriaProduto":null,"tipoAutorizacao":"REGISTRADO","numeroRegistroFormatado":"109680055","mesAnoVencimentoFormatado":"08/2005","acancelar":false},"empresa":{"cnpj":"43521129000158","razaoSocial":"LABORATÓRIO KINDER LTDA","numeroAutorizacao":"1009684","cnpjFormatado":"43.521.129/0001-58"},"processo":{"numero":"253510131440003","situacao":29,"numeroProcessoFormatado":"25351.013144/00-03"}},{"ordem":40,"produto":{"codigo":5631,"nome":"MEBENDAZOL","numeroRegistro":"109680057","tipo":{"codigo":1,"descricao":null},"categoria":null,"situacaoRotulo":null,"dataVencimento":null,"mesAnoVencimento":"122005","dataVencimentoRegistro":"2005-12-01T00:00:00.000-0300","principioAtivo":null,"situacaoApresentacao":"Caduco/Cancelado","dataRegistro":"2000-12-11T00:00:00.000-0300","categoriaRegulatoria":{"codigo":5,"descricao":"Genérico"},"medicamentoReferencia":"PANTELMIN","categoriaProduto":null,"tipoAutorizacao":"REGISTRADO","numeroRegistroFormatado":"109680057","mesAnoVencimentoFormatado":"12/2005","acancelar":false},"empresa":{"cnpj":"43521129000158","razaoSocial":"LABORATÓRIO KINDER LTDA","numeroAutorizacao":"1009684","cnpjFormatado":"43.521.129/0001-58"},"processo":{"numero":"253510250210052","situacao":29,"numeroProcessoFormatado":"25351.025021/00-52"}},{"ordem":41,"produto":{"codigo":444197,"nome":"METOTREXATO","numeroRegistro":"109680084","tipo":{"codigo":1,"descricao":null},"categoria":null,"situacaoRotulo":null,"dataVencimento":null,"mesAnoVencimento":"062012","dataVencimentoRegistro":"2012-06-01T00:00:00.000-0300","principioAtivo":null,"situacaoApresentacao":"Caduco/Cancelado","dataRegistro":"2007-06-11T00:00:00.000-0300","categoriaRegulatoria":{"codigo":5,"descricao":"Genérico"},"medicamentoReferencia":"MIANTREX CS","categoriaProduto":null,"tipoAutorizacao":"REGISTRADO","numeroRegistroFormatado":"109680084","mesAnoVencimentoFormatado":"06/2012","acancelar":false},"empresa":{"cnpj":"43521129000158","razaoSocial":"LABORATÓRIO KINDER LTDA","numeroAutorizacao":"1009684","cnpjFormatado":"43.521.129/0001-58"},"processo":{"numero":"25351432757200522","situacao":29,"numeroProcessoFormatado":"25351.432757/2005-22"}},{"ordem":42,"produto":{"codigo":361247,"nome":"NEO REPAR","numeroRegistro":"109680020","tipo":{"codigo":1,"descricao":null},"categoria":null,"situacaoRotulo":null,"dataVencimento":null,"mesAnoVencimento":"032009","dataVencimentoRegistro":"2009-03-01T00:00:00.000-0300","principioAtivo":null,"situacaoApresentacao":"Caduco/Cancelado","dataRegistro":"1989-03-30T00:00:00.000-0300","categoriaRegulatoria":{"codigo":8,"descricao":"Similar"},"medicamentoReferencia":null,"categoriaProduto":null,"tipoAutorizacao":"REGISTRADO","numeroRegistroFormatado":"109680020","mesAnoVencimentoFormatado":"03/2009","acancelar":false},"empresa":{"cnpj":"43521129000158","razaoSocial":"LABORATÓRIO KINDER LTDA","numeroAutorizacao":"1009684","cnpjFormatado":"43.521.129/0001-58"},"processo":{"numero":"2500101331183","situacao":29,"numeroProcessoFormatado":"25001.013311/83"}},{"ordem":43,"produto":{"codigo":141088,"nome":"NIFEDIPINO","numeroRegistro":"109680068","tipo":{"codigo":1,"descricao":null},"categoria":null,"situacaoRotulo":null,"dataVencimento":null,"mesAnoVencimento":"092012","dataVencimentoRegistro":"2012-09-01T00:00:00.000-0300","principioAtivo":null,"situacaoApresentacao":"Caduco/Cancelado","dataRegistro":"2002-09-11T00:00:00.000-0300","categoriaRegulatoria":{"codigo":8,"descricao":"Similar"},"medicamentoReferencia":null,"categoriaProduto":null,"tipoAutorizacao":"REGISTRADO","numeroRegistroFormatado":"109680068","mesAnoVencimentoFormatado":"09/2012","acancelar":false},"empresa":{"cnpj":"43521129000158","razaoSocial":"LABORATÓRIO KINDER LTDA","numeroAutorizacao":"1009684","cnpjFormatado":"43.521.129/0001-58"},"processo":{"numero":"253510036880239","situacao":29,"numeroProcessoFormatado":"25351.003688/02-39"}},{"ordem":44,"produto":{"codigo":434186,"nome":"NISTATINA","numeroRegistro":"109680075","tipo":{"codigo":1,"descricao":null},"categoria":null,"situacaoRotulo":null,"dataVencimento":null,"mesAnoVencimento":"032011","dataVencimentoRegistro":"2011-03-01T00:00:00.000-0300","principioAtivo":null,"situacaoApresentacao":"Caduco/Cancelado","dataRegistro":"2006-03-24T00:00:00.000-0300","categoriaRegulatoria":{"codigo":5,"descricao":"Genérico"},"medicamentoReferencia":"MICOSTATIN","categoriaProduto":null,"tipoAutorizacao":"REGISTRADO","numeroRegistroFormatado":"109680075","mesAnoVencimentoFormatado":"03/2011","acancelar":false},"empresa":{"cnpj":"43521129000158","razaoSocial":"LABORATÓRIO KINDER LTDA","numeroAutorizacao":"1009684","cnpjFormatado":"43.521.129/0001-58"},"processo":{"numero":"25351355501200594","situacao":29,"numeroProcessoFormatado":"25351.355501/2005-94"}},{"ordem":45,"produto":{"codigo":1785,"nome":"NIZORETIC","numeroRegistro":"109680063","tipo":{"codigo":1,"descricao":null},"categoria":null,"situacaoRotulo":null,"dataVencimento":null,"mesAnoVencimento":"122011","dataVencimentoRegistro":"2011-12-01T00:00:00.000-0300","principioAtivo":null,"situacaoApresentacao":"Caduco/Cancelado","dataRegistro":"2001-12-27T00:00:00.000-0200","categoriaRegulatoria":{"codigo":8,"descricao":"Similar"},"medicamentoReferencia":null,"categoriaProduto":null,"tipoAutorizacao":"REGISTRADO","numeroRegistroFormatado":"109680063","mesAnoVencimentoFormatado":"12/2011","acancelar":false},"empresa":{"cnpj":"43521129000158","razaoSocial":"LABORATÓRIO KINDER LTDA","numeroAutorizacao":"1009684","cnpjFormatado":"43.521.129/0001-58"},"processo":{"numero":"253510237340126","situacao":29,"numeroProcessoFormatado":"25351.023734/01-26"}},{"ordem":46,"produto":{"codigo":278996,"nome":"PARACETAMOL","numeroRegistro":"109680074","tipo":{"codigo":1,"descricao":null},"categoria":null,"situacaoRotulo":null,"dataVencimento":null,"mesAnoVencimento":"062008","dataVencimentoRegistro":"2008-06-01T00:00:00.000-0300","principioAtivo":null,"situacaoApresentacao":"Caduco/Cancelado","dataRegistro":"2003-06-20T00:00:00.000-0300","categoriaRegulatoria":{"codigo":5,"descricao":"Genérico"},"medicamentoReferencia":"TYLENOL","categoriaProduto":null,"tipoAutorizacao":"REGISTRADO","numeroRegistroFormatado":"109680074","mesAnoVencimentoFormatado":"06/2008","acancelar":false},"empresa":{"cnpj":"43521129000158","razaoSocial":"LABORATÓRIO KINDER LTDA","numeroAutorizacao":"1009684","cnpjFormatado":"43.521.129/0001-58"},"processo":{"numero":"25351219664200261","situacao":29,"numeroProcessoFormatado":"25351.219664/2002-61"}},{"ordem":47,"produto":{"codigo":1397,"nome":"PRESSOMAX","numeroRegistro":"109680059","tipo":{"codigo":1,"descricao":null},"categoria":null,"situacaoRotulo":null,"dataVencimento":null,"mesAnoVencimento":"102011","dataVencimentoRegistro":"2011-10-01T00:00:00.000-0300","principioAtivo":null,"situacaoApresentacao":"Caduco/Cancelado","dataRegistro":"2001-10-09T00:00:00.000-0300","categoriaRegulatoria":{"codigo":8,"descricao":"Similar"},"medicamentoReferencia":null,"categoriaProduto":null,"tipoAutorizacao":"REGISTRADO","numeroRegistroFormatado":"109680059","mesAnoVencimentoFormatado":"10/2011","acancelar":false},"empresa":{"cnpj":"43521129000158","razaoSocial":"LABORATÓRIO KINDER LTDA","numeroAutorizacao":"1009684","cnpjFormatado":"43.521.129/0001-58"},"processo":{"numero":"250000046889913","situacao":29,"numeroProcessoFormatado":"25000.004688/99-13"}},{"ordem":48,"produto":{"codigo":7086,"nome":"PRIMAQUINA DIFOSFATO","numeroRegistro":"109680028","tipo":{"codigo":1,"descricao":null},"categoria":null,"situacaoRotulo":null,"dataVencimento":null,"mesAnoVencimento":"052005","dataVencimentoRegistro":"2005-05-01T00:00:00.000-0300","principioAtivo":null,"situacaoApresentacao":"Caduco/Cancelado","dataRegistro":"2001-05-15T00:00:00.000-0300","categoriaRegulatoria":{"codigo":8,"descricao":"Similar"},"medicamentoReferencia":null,"categoriaProduto":null,"tipoAutorizacao":"REGISTRADO","numeroRegistroFormatado":"109680028","mesAnoVencimentoFormatado":"05/2005","acancelar":false},"empresa":{"cnpj":"43521129000158","razaoSocial":"LABORATÓRIO KINDER LTDA","numeroAutorizacao":"1009684","cnpjFormatado":"43.521.129/0001-58"},"processo":{"numero":"25000001785784","situacao":29,"numeroProcessoFormatado":"25000.001785/78-4 "}},{"ordem":49,"produto":{"codigo":7119,"nome":"PSORIN","numeroRegistro":"109680044","tipo":{"codigo":1,"descricao":null},"categoria":null,"situacaoRotulo":null,"dataVencimento":null,"mesAnoVencimento":"082014","dataVencimentoRegistro":"2014-08-01T00:00:00.000-0300","principioAtivo":null,"situacaoApresentacao":"Caduco/Cancelado","dataRegistro":"1999-08-09T00:00:00.000-0300","categoriaRegulatoria":{"codigo":8,"descricao":"Similar"},"medicamentoReferencia":null,"categoriaProduto":null,"tipoAutorizacao":"REGISTRADO","numeroRegistroFormatado":"109680044","mesAnoVencimentoFormatado":"08/2014","acancelar":false},"empresa":{"cnpj":"43521129000158","razaoSocial":"LABORATÓRIO KINDER LTDA","numeroAutorizacao":"1009684","cnpjFormatado":"43.521.129/0001-58"},"processo":{"numero":"250000152409971","situacao":29,"numeroProcessoFormatado":"25000.015240/99-71"}},{"ordem":50,"produto":{"codigo":7564,"nome":"PULKRIN","numeroRegistro":"109680022","tipo":{"codigo":1,"descricao":null},"categoria":null,"situacaoRotulo":null,"dataVencimento":null,"mesAnoVencimento":"102009","dataVencimentoRegistro":"2009-10-01T00:00:00.000-0300","principioAtivo":null,"situacaoApresentacao":"Caduco/Cancelado","dataRegistro":"1989-10-30T00:00:00.000-0200","categoriaRegulatoria":{"codigo":8,"descricao":"Similar"},"medicamentoReferencia":null,"categoriaProduto":null,"tipoAutorizacao":"REGISTRADO","numeroRegistroFormatado":"109680022","mesAnoVencimentoFormatado":"10/2009","acancelar":false},"empresa":{"cnpj":"43521129000158","razaoSocial":"LABORATÓRIO KINDER LTDA","numeroAutorizacao":"1009684","cnpjFormatado":"43.521.129/0001-58"},"processo":{"numero":"2599202239373","situacao":29,"numeroProcessoFormatado":"25992.022393/73"}},{"ordem":51,"produto":{"codigo":8210,"nome":"QUADRIKIN","numeroRegistro":"109680045","tipo":{"codigo":1,"descricao":null},"categoria":null,"situacaoRotulo":null,"dataVencimento":null,"mesAnoVencimento":"112014","dataVencimentoRegistro":"2014-11-01T00:00:00.000-0300","principioAtivo":null,"situacaoApresentacao":"Caduco/Cancelado","dataRegistro":"1999-11-01T00:00:00.000-0200","categoriaRegulatoria":{"codigo":8,"descricao":"Similar"},"medicamentoReferencia":null,"categoriaProduto":null,"tipoAutorizacao":"REGISTRADO","numeroRegistroFormatado":"109680045","mesAnoVencimentoFormatado":"11/2014","acancelar":false},"empresa":{"cnpj":"43521129000158","razaoSocial":"LABORATÓRIO KINDER LTDA","numeroAutorizacao":"1009684","cnpjFormatado":"43.521.129/0001-58"},"processo":{"numero":"250000156449918","situacao":29,"numeroProcessoFormatado":"25000.015644/99-18"}},{"ordem":52,"produto":{"codigo":1158,"nome":"SENSITEX","numeroRegistro":"109680013","tipo":{"codigo":1,"descricao":null},"categoria":null,"situacaoRotulo":null,"dataVencimento":null,"mesAnoVencimento":"042006","dataVencimentoRegistro":"2006-04-01T00:00:00.000-0300","principioAtivo":null,"situacaoApresentacao":"Caduco/Cancelado","dataRegistro":"2001-06-27T00:00:00.000-0300","categoriaRegulatoria":{"codigo":8,"descricao":"Similar"},"medicamentoReferencia":null,"categoriaProduto":null,"tipoAutorizacao":"REGISTRADO","numeroRegistroFormatado":"109680013","mesAnoVencimentoFormatado":"04/2006","acancelar":false},"empresa":{"cnpj":"43521129000158","razaoSocial":"LABORATÓRIO KINDER LTDA","numeroAutorizacao":"1009684","cnpjFormatado":"43.521.129/0001-58"},"processo":{"numero":"2599200381272","situacao":29,"numeroProcessoFormatado":"25992.003812/72"}},{"ordem":53,"produto":{"codigo":7538,"nome":"SULFADERM","numeroRegistro":"109680056","tipo":{"codigo":1,"descricao":null},"categoria":null,"situacaoRotulo":null,"dataVencimento":null,"mesAnoVencimento":"092010","dataVencimentoRegistro":"2010-09-01T00:00:00.000-0300","principioAtivo":null,"situacaoApresentacao":"Caduco/Cancelado","dataRegistro":"2000-09-15T00:00:00.000-0300","categoriaRegulatoria":{"codigo":8,"descricao":"Similar"},"medicamentoReferencia":null,"categoriaProduto":null,"tipoAutorizacao":"REGISTRADO","numeroRegistroFormatado":"109680056","mesAnoVencimentoFormatado":"09/2010","acancelar":false},"empresa":{"cnpj":"43521129000158","razaoSocial":"LABORATÓRIO KINDER LTDA","numeroAutorizacao":"1009684","cnpjFormatado":"43.521.129/0001-58"},"processo":{"numero":"253510037630091","situacao":29,"numeroProcessoFormatado":"25351.003763/00-91"}},{"ordem":54,"produto":{"codigo":273776,"nome":"SULFATO DE QUININA","numeroRegistro":"109680041","tipo":{"codigo":1,"descricao":null},"categoria":null,"situacaoRotulo":null,"dataVencimento":null,"mesAnoVencimento":"072003","dataVencimentoRegistro":"2003-07-01T00:00:00.000-0300","principioAtivo":null,"situacaoApresentacao":"Caduco/Cancelado","dataRegistro":"2003-04-11T00:00:00.000-0300","categoriaRegulatoria":{"codigo":8,"descricao":"Similar"},"medicamentoReferencia":null,"categoriaProduto":null,"tipoAutorizacao":"REGISTRADO","numeroRegistroFormatado":"109680041","mesAnoVencimentoFormatado":"07/2003","acancelar":false},"empresa":{"cnpj":"43521129000158","razaoSocial":"LABORATÓRIO KINDER LTDA","numeroAutorizacao":"1009684","cnpjFormatado":"43.521.129/0001-58"},"processo":{"numero":"2500000917188","situacao":29,"numeroProcessoFormatado":"25000.009171/88"}},{"ordem":55,"produto":{"codigo":6657,"nome":"TILEKIN","numeroRegistro":"109680053","tipo":{"codigo":1,"descricao":null},"categoria":null,"situacaoRotulo":null,"dataVencimento":null,"mesAnoVencimento":"072010","dataVencimentoRegistro":"2010-07-01T00:00:00.000-0300","principioAtivo":null,"situacaoApresentacao":"Caduco/Cancelado","dataRegistro":"2000-07-27T00:00:00.000-0300","categoriaRegulatoria":{"codigo":8,"descricao":"Similar"},"medicamentoReferencia":null,"categoriaProduto":null,"tipoAutorizacao":"REGISTRADO","numeroRegistroFormatado":"109680053","mesAnoVencimentoFormatado":"07/2010","acancelar":false},"empresa":{"cnpj":"43521129000158","razaoSocial":"LABORATÓRIO KINDER LTDA","numeroAutorizacao":"1009684","cnpjFormatado":"43.521.129/0001-58"},"processo":{"numero":"250000023769920","situacao":29,"numeroProcessoFormatado":"25000.002376/99-20"}},{"ordem":56,"produto":{"codigo":452864,"nome":"TINIDAZOL + NITRATO DE MICONAZOL","numeroRegistro":"109680079","tipo":{"codigo":1,"descricao":null},"categoria":null,"situacaoRotulo":null,"dataVencimento":null,"mesAnoVencimento":"102011","dataVencimentoRegistro":"2011-10-01T00:00:00.000-0300","principioAtivo":null,"situacaoApresentacao":"Caduco/Cancelado","dataRegistro":"2006-10-23T00:00:00.000-0300","categoriaRegulatoria":{"codigo":5,"descricao":"Genérico"},"medicamentoReferencia":"GINO PLETIL","categoriaProduto":null,"tipoAutorizacao":"REGISTRADO","numeroRegistroFormatado":"109680079","mesAnoVencimentoFormatado":"10/2011","acancelar":false},"empresa":{"cnpj":"43521129000158","razaoSocial":"LABORATÓRIO KINDER LTDA","numeroAutorizacao":"1009684","cnpjFormatado":"43.521.129/0001-58"},"processo":{"numero":"25351046885200638","situacao":29,"numeroProcessoFormatado":"25351.046885/2006-38"}},{"ordem":57,"produto":{"codigo":3259,"nome":"TOPIDEXA","numeroRegistro":"109680014","tipo":{"codigo":1,"descricao":null},"categoria":null,"situacaoRotulo":null,"dataVencimento":null,"mesAnoVencimento":"042010","dataVencimentoRegistro":"2010-04-01T00:00:00.000-0300","principioAtivo":null,"situacaoApresentacao":"Caduco/Cancelado","dataRegistro":"1996-05-03T00:00:00.000-0300","categoriaRegulatoria":{"codigo":8,"descricao":"Similar"},"medicamentoReferencia":null,"categoriaProduto":null,"tipoAutorizacao":"REGISTRADO","numeroRegistroFormatado":"109680014","mesAnoVencimentoFormatado":"04/2010","acancelar":false},"empresa":{"cnpj":"43521129000158","razaoSocial":"LABORATÓRIO KINDER LTDA","numeroAutorizacao":"1009684","cnpjFormatado":"43.521.129/0001-58"},"processo":{"numero":"2599200606271","situacao":29,"numeroProcessoFormatado":"25992.006062/71"}},{"ordem":58,"produto":{"codigo":273748,"nome":"TOPIGLÓS","numeroRegistro":"109680038","tipo":{"codigo":1,"descricao":null},"categoria":null,"situacaoRotulo":null,"dataVencimento":null,"mesAnoVencimento":"052010","dataVencimentoRegistro":"2010-05-01T00:00:00.000-0300","principioAtivo":null,"situacaoApresentacao":"Caduco/Cancelado","dataRegistro":"2003-04-11T00:00:00.000-0300","categoriaRegulatoria":{"codigo":3,"descricao":"Específico"},"medicamentoReferencia":null,"categoriaProduto":null,"tipoAutorizacao":"REGISTRADO","numeroRegistroFormatado":"109680038","mesAnoVencimentoFormatado":"05/2010","acancelar":false},"empresa":{"cnpj":"43521129000158","razaoSocial":"LABORATÓRIO KINDER LTDA","numeroAutorizacao":"1009684","cnpjFormatado":"43.521.129/0001-58"},"processo":{"numero":"2599100457480","situacao":29,"numeroProcessoFormatado":"25991.004574/80"}},{"ordem":59,"produto":{"codigo":165057,"nome":"ULCERIDINA","numeroRegistro":"109680070","tipo":{"codigo":1,"descricao":null},"categoria":null,"situacaoRotulo":null,"dataVencimento":null,"mesAnoVencimento":"112012","dataVencimentoRegistro":"2012-11-01T00:00:00.000-0300","principioAtivo":null,"situacaoApresentacao":"Caduco/Cancelado","dataRegistro":"2002-11-04T00:00:00.000-0300","categoriaRegulatoria":{"codigo":8,"descricao":"Similar"},"medicamentoReferencia":null,"categoriaProduto":null,"tipoAutorizacao":"REGISTRADO","numeroRegistroFormatado":"109680070","mesAnoVencimentoFormatado":"11/2012","acancelar":false},"empresa":{"cnpj":"43521129000158","razaoSocial":"LABORATÓRIO KINDER LTDA","numeroAutorizacao":"1009684","cnpjFormatado":"43.521.129/0001-58"},"processo":{"numero":"253510045340209","situacao":29,"numeroProcessoFormatado":"25351.004534/02-09"}},{"ordem":60,"produto":{"codigo":2922,"nome":"VAGIKLIN","numeroRegistro":"109680047","tipo":{"codigo":1,"descricao":null},"categoria":null,"situacaoRotulo":null,"dataVencimento":null,"mesAnoVencimento":"022010","dataVencimentoRegistro":"2010-02-01T00:00:00.000-0300","principioAtivo":null,"situacaoApresentacao":"Caduco/Cancelado","dataRegistro":"2000-02-02T00:00:00.000-0200","categoriaRegulatoria":{"codigo":8,"descricao":"Similar"},"medicamentoReferencia":null,"categoriaProduto":null,"tipoAutorizacao":"REGISTRADO","numeroRegistroFormatado":"109680047","mesAnoVencimentoFormatado":"02/2010","acancelar":false},"empresa":{"cnpj":"43521129000158","razaoSocial":"LABORATÓRIO KINDER LTDA","numeroAutorizacao":"1009684","cnpjFormatado":"43.521.129/0001-58"},"processo":{"numero":"250000130089906","situacao":29,"numeroProcessoFormatado":"25000.013008/99-06"}},{"ordem":61,"produto":{"codigo":447637,"nome":"nitrato de miconazol","numeroRegistro":"109680076","tipo":{"codigo":1,"descricao":null},"categoria":null,"situacaoRotulo":null,"dataVencimento":null,"mesAnoVencimento":"092011","dataVencimentoRegistro":"2011-09-01T00:00:00.000-0300","principioAtivo":null,"situacaoApresentacao":"Caduco/Cancelado","dataRegistro":"2006-09-26T00:00:00.000-0300","categoriaRegulatoria":{"codigo":5,"descricao":"Genérico"},"medicamentoReferencia":"Vodol","categoriaProduto":null,"tipoAutorizacao":"REGISTRADO","numeroRegistroFormatado":"109680076","mesAnoVencimentoFormatado":"09/2011","acancelar":false},"empresa":{"cnpj":"43521129000158","razaoSocial":"LABORATÓRIO KINDER LTDA","numeroAutorizacao":"1009684","cnpjFormatado":"43.521.129/0001-58"},"processo":{"numero":"25351036000200692","situacao":29,"numeroProcessoFormatado":"25351.036000/2006-92"}},{"ordem":62,"produto":{"codigo":447350,"nome":"nitrato de miconazol","numeroRegistro":"109680077","tipo":{"codigo":1,"descricao":null},"categoria":null,"situacaoRotulo":null,"dataVencimento":null,"mesAnoVencimento":"092011","dataVencimentoRegistro":"2011-09-01T00:00:00.000-0300","principioAtivo":null,"situacaoApresentacao":"Caduco/Cancelado","dataRegistro":"2006-09-26T00:00:00.000-0300","categoriaRegulatoria":{"codigo":5,"descricao":"Genérico"},"medicamentoReferencia":"Gyno Daktarin","categoriaProduto":null,"tipoAutorizacao":"REGISTRADO","numeroRegistroFormatado":"109680077","mesAnoVencimentoFormatado":"09/2011","acancelar":false},"empresa":{"cnpj":"43521129000158","razaoSocial":"LABORATÓRIO KINDER LTDA","numeroAutorizacao":"1009684","cnpjFormatado":"43.521.129/0001-58"},"processo":{"numero":"25351036177200699","situacao":29,"numeroProcessoFormatado":"25351.036177/2006-99"}},{"ordem":63,"produto":{"codigo":521481,"nome":"nitrato de miconazol","numeroRegistro":"109680089","tipo":{"codigo":1,"descricao":null},"categoria":null,"situacaoRotulo":null,"dataVencimento":null,"mesAnoVencimento":"082013","dataVencimentoRegistro":"2013-08-01T00:00:00.000-0300","principioAtivo":null,"situacaoApresentacao":"Caduco/Cancelado","dataRegistro":"2008-08-20T00:00:00.000-0300","categoriaRegulatoria":{"codigo":5,"descricao":"Genérico"},"medicamentoReferencia":"DAKTARIN","categoriaProduto":null,"tipoAutorizacao":"REGISTRADO","numeroRegistroFormatado":"109680089","mesAnoVencimentoFormatado":"08/2013","acancelar":false},"empresa":{"cnpj":"43521129000158","razaoSocial":"LABORATÓRIO KINDER LTDA","numeroAutorizacao":"1009684","cnpjFormatado":"43.521.129/0001-58"},"processo":{"numero":"25351108141200703","situacao":29,"numeroProcessoFormatado":"25351.108141/2007-03"}}],"totalElements":63,"totalPages":1,"last":true,"numberOfElements":63,"first":true,"sort":null,"size":1000,"number":0}