{"content":[{"ordem":1,"produto":{"codigo":294,"nome":"ACICLOVIR","numeroRegistro":"103880032","tipo":{"codigo":1,"descricao":null},"categoria":null,"situacaoRotulo":null,"dataVencimento":null,"mesAnoVencimento":"092001","dataVencimentoRegistro":"2001-09-01T00:00:00.000-0300","principioAtivo":null,"situacaoApresentacao":"Caduco/Cancelado","dataRegistro":"1996-09-25T00:00:00.000-0300","categoriaRegulatoria":{"codigo":8,"descricao":"Similar"},"medicamentoReferencia":null,"categoriaProduto":null,"tipoAutorizacao":"REGISTRADO","acancelar":false,"numeroRegistroFormatado":"103880032","mesAnoVencimentoFormatado":"09/2001"},"empresa":{"cnpj":"45272721000199","razaoSocial":"SEGMENTA FARMACEUTICA LTDA.","numeroAutorizacao":null,"cnpjFormatado":"45.272.721/0001-99"},"processo":{"numero":"250000128569629","situacao":29,"numeroProcessoFormatado":"25000.012856/96-29"}},{"ordem":2,"produto":{"codigo":348,"nome":"ACIDO ACETILSALICILICO","numeroRegistro":"103880026","tipo":{"codigo":1,"descricao":null},"categoria":null,"situacaoRotulo":null,"dataVencimento":null,"mesAnoVencimento":"092001","dataVencimentoRegistro":"2001-09-01T00:00:00.000-0300","principioAtivo":null,"situacaoApresentacao":"Caduco/Cancelado","dataRegistro":"1996-09-16T00:00:00.000-0300","categoriaRegulatoria":{"codigo":8,"descricao":"Similar"},"medicamentoReferencia":null,"categoriaProduto":null,"tipoAutorizacao":"REGISTRADO","acancelar":false,"numeroRegistroFormatado":"103880026","mesAnoVencimentoFormatado":"09/2001"},"empresa":{"cnpj":"45272721000199","razaoSocial":"SEGMENTA FARMACEUTICA LTDA.","numeroAutorizacao":null,"cnpjFormatado":"45.272.721/0001-99"},"processo":{"numero":"250000094689571","situacao":29,"numeroProcessoFormatado":"25000.009468/95-71"}},{"ordem":3,"produto":{"codigo":1768,"nome":"CETOCONAZOL","numeroRegistro":"103880027","tipo":{"codigo":1,"descricao":null},"categoria":null,"situacaoRotulo":null,"dataVencimento":null,"mesAnoVencimento":"092001","dataVencimentoRegistro":"2001-09-01T00:00:00.000-0300","principioAtivo":null,"situacaoApresentacao":"Caduco/Cancelado","dataRegistro":"1996-09-16T00:00:00.000-0300","categoriaRegulatoria":{"codigo":8,"descricao":"Similar"},"medicamentoReferencia":null,"categoriaProduto":null,"tipoAutorizacao":"REGISTRADO","acancelar":false,"numeroRegistroFormatado":"103880027","mesAnoVencimentoFormatado":"09/2001"},"empresa":{"cnpj":"45272721000199","razaoSocial":"SEGMENTA FARMACEUTICA LTDA.","numeroAutorizacao":null,"cnpjFormatado":"45.272.721/0001-99"},"processo":{"numero":"250000157209562","situacao":29,"numeroProcessoFormatado":"25000.015720/95-62"}},{"ordem":4,"produto":{"codigo":1879,"nome":"CIMETIDINA","numeroRegistro":"103880023","tipo":{"codigo":1,"descricao":null},"categoria":null,"situacaoRotulo":null,"dataVencimento":null,"mesAnoVencimento":"092001","dataVencimentoRegistro":"2001-09-01T00:00:00.000-0300","principioAtivo":null,"situacaoApresentacao":"Caduco/Cancelado","dataRegistro":"1996-09-16T00:00:00.000-0300","categoriaRegulatoria":{"codigo":8,"descricao":"Similar"},"medicamentoReferencia":null,"categoriaProduto":null,"tipoAutorizacao":"REGISTRADO","acancelar":false,"numeroRegistroFormatado":"103880023","mesAnoVencimentoFormatado":"09/2001"},"empresa":{"cnpj":"45272721000199","razaoSocial":"SEGMENTA FARMACEUTICA LTDA.","numeroAutorizacao":null,"cnpjFormatado":"45.272.721/0001-99"},"processo":{"numero":"250000094729548","situacao":29,"numeroProcessoFormatado":"25000.009472/95-48"}},{"ordem":5,"produto":{"codigo":462375,"nome":"CLORETO DE SÓDIO 0,9%","numeroRegistro":"165120004","tipo":{"codigo":1,"descricao":null},"categoria":null,"situacaoRotulo":null,"dataVencimento":null,"mesAnoVencimento":"052012","dataVencimentoRegistro":"2012-05-01T00:00:00.000-0300","principioAtivo":null,"situacaoApresentacao":"Caduco/Cancelado","dataRegistro":"2006-07-24T00:00:00.000-0300","categoriaRegulatoria":{"codigo":null,"descricao":null},"medicamentoReferencia":null,"categoriaProduto":null,"tipoAutorizacao":"REGISTRADO","acancelar":false,"numeroRegistroFormatado":"165120004","mesAnoVencimentoFormatado":"05/2012"},"empresa":{"cnpj":"45272721000199","razaoSocial":"SEGMENTA FARMACEUTICA LTDA.","numeroAutorizacao":null,"cnpjFormatado":"45.272.721/0001-99"},"processo":{"numero":"25351004372200650","situacao":29,"numeroProcessoFormatado":"25351.004372/2006-50"}},{"ordem":6,"produto":{"codigo":3406,"nome":"DICLOFENACO SODICO","numeroRegistro":"103880024","tipo":{"codigo":1,"descricao":null},"categoria":null,"situacaoRotulo":null,"dataVencimento":null,"mesAnoVencimento":"092001","dataVencimentoRegistro":"2001-09-01T00:00:00.000-0300","principioAtivo":null,"situacaoApresentacao":"Caduco/Cancelado","dataRegistro":"1996-09-16T00:00:00.000-0300","categoriaRegulatoria":{"codigo":8,"descricao":"Similar"},"medicamentoReferencia":null,"categoriaProduto":null,"tipoAutorizacao":"REGISTRADO","acancelar":false,"numeroRegistroFormatado":"103880024","mesAnoVencimentoFormatado":"09/2001"},"empresa":{"cnpj":"45272721000199","razaoSocial":"SEGMENTA FARMACEUTICA LTDA.","numeroAutorizacao":null,"cnpjFormatado":"45.272.721/0001-99"},"processo":{"numero":"250000129669627","situacao":29,"numeroProcessoFormatado":"25000.012966/96-27"}},{"ordem":7,"produto":{"codigo":456620,"nome":"GLICERINA 12 %","numeroRegistro":"165120005","tipo":{"codigo":1,"descricao":null},"categoria":null,"situacaoRotulo":null,"dataVencimento":null,"mesAnoVencimento":"032014","dataVencimentoRegistro":"2014-03-01T00:00:00.000-0300","principioAtivo":null,"situacaoApresentacao":"Caduco/Cancelado","dataRegistro":"2006-07-24T00:00:00.000-0300","categoriaRegulatoria":{"codigo":null,"descricao":null},"medicamentoReferencia":null,"categoriaProduto":null,"tipoAutorizacao":"REGISTRADO","acancelar":false,"numeroRegistroFormatado":"165120005","mesAnoVencimentoFormatado":"03/2014"},"empresa":{"cnpj":"45272721000199","razaoSocial":"SEGMENTA FARMACEUTICA LTDA.","numeroAutorizacao":null,"cnpjFormatado":"45.272.721/0001-99"},"processo":{"numero":"25351012965200690","situacao":29,"numeroProcessoFormatado":"25351.012965/2006-90"}},{"ordem":8,"produto":{"codigo":5899,"nome":"GLICOLABOR-METRONIDAZOL","numeroRegistro":"103880028","tipo":{"codigo":1,"descricao":null},"categoria":null,"situacaoRotulo":null,"dataVencimento":null,"mesAnoVencimento":"092001","dataVencimentoRegistro":"2001-09-01T00:00:00.000-0300","principioAtivo":null,"situacaoApresentacao":"Caduco/Cancelado","dataRegistro":"1996-09-16T00:00:00.000-0300","categoriaRegulatoria":{"codigo":8,"descricao":"Similar"},"medicamentoReferencia":null,"categoriaProduto":null,"tipoAutorizacao":"REGISTRADO","acancelar":false,"numeroRegistroFormatado":"103880028","mesAnoVencimentoFormatado":"09/2001"},"empresa":{"cnpj":"45272721000199","razaoSocial":"SEGMENTA FARMACEUTICA LTDA.","numeroAutorizacao":null,"cnpjFormatado":"45.272.721/0001-99"},"processo":{"numero":"250000094709512","situacao":29,"numeroProcessoFormatado":"25000.009470/95-12"}},{"ordem":9,"produto":{"codigo":458796,"nome":"GLICOSE + CLORETO DE SÓDIO","numeroRegistro":"165120003","tipo":{"codigo":1,"descricao":null},"categoria":null,"situacaoRotulo":null,"dataVencimento":null,"mesAnoVencimento":"102013","dataVencimentoRegistro":"2013-10-01T00:00:00.000-0300","principioAtivo":null,"situacaoApresentacao":"Caduco/Cancelado","dataRegistro":"2006-07-24T00:00:00.000-0300","categoriaRegulatoria":{"codigo":null,"descricao":null},"medicamentoReferencia":null,"categoriaProduto":null,"tipoAutorizacao":"REGISTRADO","acancelar":false,"numeroRegistroFormatado":"165120003","mesAnoVencimentoFormatado":"10/2013"},"empresa":{"cnpj":"45272721000199","razaoSocial":"SEGMENTA FARMACEUTICA LTDA.","numeroAutorizacao":null,"cnpjFormatado":"45.272.721/0001-99"},"processo":{"numero":"25351478935200561","situacao":29,"numeroProcessoFormatado":"25351.478935/2005-61"}},{"ordem":10,"produto":{"codigo":444361,"nome":"GLICOSE MONOIDRATADA","numeroRegistro":"165120007","tipo":{"codigo":1,"descricao":null},"categoria":null,"situacaoRotulo":null,"dataVencimento":null,"mesAnoVencimento":"102013","dataVencimentoRegistro":"2013-10-01T00:00:00.000-0300","principioAtivo":null,"situacaoApresentacao":"Caduco/Cancelado","dataRegistro":"2006-08-28T00:00:00.000-0300","categoriaRegulatoria":{"codigo":null,"descricao":null},"medicamentoReferencia":null,"categoriaProduto":null,"tipoAutorizacao":"REGISTRADO","acancelar":false,"numeroRegistroFormatado":"165120007","mesAnoVencimentoFormatado":"10/2013"},"empresa":{"cnpj":"45272721000199","razaoSocial":"SEGMENTA FARMACEUTICA LTDA.","numeroAutorizacao":null,"cnpjFormatado":"45.272.721/0001-99"},"processo":{"numero":"25351479351200511","situacao":29,"numeroProcessoFormatado":"25351.479351/2005-11"}},{"ordem":11,"produto":{"codigo":722902,"nome":"LABORIM- CPHD- FRAÇÃO BÁSICA","numeroRegistro":"165120010","tipo":{"codigo":1,"descricao":null},"categoria":null,"situacaoRotulo":null,"dataVencimento":null,"mesAnoVencimento":"022016","dataVencimentoRegistro":"2016-02-01T00:00:00.000-0300","principioAtivo":null,"situacaoApresentacao":"Caduco/Cancelado","dataRegistro":"2011-03-09T00:00:00.000-0300","categoriaRegulatoria":{"codigo":3,"descricao":"Específico"},"medicamentoReferencia":null,"categoriaProduto":null,"tipoAutorizacao":"REGISTRADO","acancelar":false,"numeroRegistroFormatado":"165120010","mesAnoVencimentoFormatado":"02/2016"},"empresa":{"cnpj":"45272721000199","razaoSocial":"SEGMENTA FARMACEUTICA LTDA.","numeroAutorizacao":null,"cnpjFormatado":"45.272.721/0001-99"},"processo":{"numero":"25351654526201004","situacao":29,"numeroProcessoFormatado":"25351.654526/2010-04"}},{"ordem":12,"produto":{"codigo":722903,"nome":"LABORIM- CPHD- FRAÇÃO ÁCIDA","numeroRegistro":"165120009","tipo":{"codigo":1,"descricao":null},"categoria":null,"situacaoRotulo":null,"dataVencimento":null,"mesAnoVencimento":"022016","dataVencimentoRegistro":"2016-02-01T00:00:00.000-0300","principioAtivo":null,"situacaoApresentacao":"Caduco/Cancelado","dataRegistro":"2011-03-09T00:00:00.000-0300","categoriaRegulatoria":{"codigo":3,"descricao":"Específico"},"medicamentoReferencia":null,"categoriaProduto":null,"tipoAutorizacao":"REGISTRADO","acancelar":false,"numeroRegistroFormatado":"165120009","mesAnoVencimentoFormatado":"02/2016"},"empresa":{"cnpj":"45272721000199","razaoSocial":"SEGMENTA FARMACEUTICA LTDA.","numeroAutorizacao":null,"cnpjFormatado":"45.272.721/0001-99"},"processo":{"numero":"25351654535201091","situacao":29,"numeroProcessoFormatado":"25351.654535/2010-91"}},{"ordem":13,"produto":{"codigo":5455,"nome":"LOSARTAN POTASSICO (EQUIVALENTE A 25 MG DE LOSARTAN BASE)","numeroRegistro":"103880042","tipo":{"codigo":1,"descricao":null},"categoria":null,"situacaoRotulo":null,"dataVencimento":null,"mesAnoVencimento":"072004","dataVencimentoRegistro":"2004-07-01T00:00:00.000-0300","principioAtivo":null,"situacaoApresentacao":"Caduco/Cancelado","dataRegistro":"1999-07-15T00:00:00.000-0300","categoriaRegulatoria":{"codigo":8,"descricao":"Similar"},"medicamentoReferencia":null,"categoriaProduto":null,"tipoAutorizacao":"REGISTRADO","acancelar":false,"numeroRegistroFormatado":"103880042","mesAnoVencimentoFormatado":"07/2004"},"empresa":{"cnpj":"45272721000199","razaoSocial":"SEGMENTA FARMACEUTICA LTDA.","numeroAutorizacao":null,"cnpjFormatado":"45.272.721/0001-99"},"processo":{"numero":"250000060809913","situacao":29,"numeroProcessoFormatado":"25000.006080/99-13"}},{"ordem":14,"produto":{"codigo":682750,"nome":"MANITOL 20%","numeroRegistro":"165120008","tipo":{"codigo":1,"descricao":null},"categoria":null,"situacaoRotulo":null,"dataVencimento":null,"mesAnoVencimento":"082015","dataVencimentoRegistro":"2015-08-01T00:00:00.000-0300","principioAtivo":null,"situacaoApresentacao":"Caduco/Cancelado","dataRegistro":"2010-08-16T00:00:00.000-0300","categoriaRegulatoria":{"codigo":3,"descricao":"Específico"},"medicamentoReferencia":null,"categoriaProduto":null,"tipoAutorizacao":"REGISTRADO","acancelar":false,"numeroRegistroFormatado":"165120008","mesAnoVencimentoFormatado":"08/2015"},"empresa":{"cnpj":"45272721000199","razaoSocial":"SEGMENTA FARMACEUTICA LTDA.","numeroAutorizacao":null,"cnpjFormatado":"45.272.721/0001-99"},"processo":{"numero":"25351628768200994","situacao":29,"numeroProcessoFormatado":"25351.628768/2009-94"}},{"ordem":15,"produto":{"codigo":5613,"nome":"MEBENDAZOL","numeroRegistro":"103880030","tipo":{"codigo":1,"descricao":null},"categoria":null,"situacaoRotulo":null,"dataVencimento":null,"mesAnoVencimento":"092001","dataVencimentoRegistro":"2001-09-01T00:00:00.000-0300","principioAtivo":null,"situacaoApresentacao":"Caduco/Cancelado","dataRegistro":"1996-09-25T00:00:00.000-0300","categoriaRegulatoria":{"codigo":8,"descricao":"Similar"},"medicamentoReferencia":null,"categoriaProduto":null,"tipoAutorizacao":"REGISTRADO","acancelar":false,"numeroRegistroFormatado":"103880030","mesAnoVencimentoFormatado":"09/2001"},"empresa":{"cnpj":"45272721000199","razaoSocial":"SEGMENTA FARMACEUTICA LTDA.","numeroAutorizacao":null,"cnpjFormatado":"45.272.721/0001-99"},"processo":{"numero":"250000094749573","situacao":29,"numeroProcessoFormatado":"25000.009474/95-73"}},{"ordem":16,"produto":{"codigo":5806,"nome":"METILDOPA","numeroRegistro":"103880029","tipo":{"codigo":1,"descricao":null},"categoria":null,"situacaoRotulo":null,"dataVencimento":null,"mesAnoVencimento":"092001","dataVencimentoRegistro":"2001-09-01T00:00:00.000-0300","principioAtivo":null,"situacaoApresentacao":"Caduco/Cancelado","dataRegistro":"1996-09-16T00:00:00.000-0300","categoriaRegulatoria":{"codigo":8,"descricao":"Similar"},"medicamentoReferencia":null,"categoriaProduto":null,"tipoAutorizacao":"REGISTRADO","acancelar":false,"numeroRegistroFormatado":"103880029","mesAnoVencimentoFormatado":"09/2001"},"empresa":{"cnpj":"45272721000199","razaoSocial":"SEGMENTA FARMACEUTICA LTDA.","numeroAutorizacao":null,"cnpjFormatado":"45.272.721/0001-99"},"processo":{"numero":"250000094699533","situacao":29,"numeroProcessoFormatado":"25000.009469/95-33"}},{"ordem":17,"produto":{"codigo":5848,"nome":"METOCLOPRAMIDA","numeroRegistro":"103880044","tipo":{"codigo":1,"descricao":null},"categoria":null,"situacaoRotulo":null,"dataVencimento":null,"mesAnoVencimento":"072004","dataVencimentoRegistro":"2004-07-01T00:00:00.000-0300","principioAtivo":null,"situacaoApresentacao":"Caduco/Cancelado","dataRegistro":"1999-07-23T00:00:00.000-0300","categoriaRegulatoria":{"codigo":8,"descricao":"Similar"},"medicamentoReferencia":null,"categoriaProduto":null,"tipoAutorizacao":"REGISTRADO","acancelar":false,"numeroRegistroFormatado":"103880044","mesAnoVencimentoFormatado":"07/2004"},"empresa":{"cnpj":"45272721000199","razaoSocial":"SEGMENTA FARMACEUTICA LTDA.","numeroAutorizacao":null,"cnpjFormatado":"45.272.721/0001-99"},"processo":{"numero":"250000192559817","situacao":29,"numeroProcessoFormatado":"25000.019255/98-17"}},{"ordem":18,"produto":{"codigo":7143,"nome":"PROPRANOLOL","numeroRegistro":"103880033","tipo":{"codigo":1,"descricao":null},"categoria":null,"situacaoRotulo":null,"dataVencimento":null,"mesAnoVencimento":"092001","dataVencimentoRegistro":"2001-09-01T00:00:00.000-0300","principioAtivo":null,"situacaoApresentacao":"Caduco/Cancelado","dataRegistro":"1996-09-25T00:00:00.000-0300","categoriaRegulatoria":{"codigo":8,"descricao":"Similar"},"medicamentoReferencia":null,"categoriaProduto":null,"tipoAutorizacao":"REGISTRADO","acancelar":false,"numeroRegistroFormatado":"103880033","mesAnoVencimentoFormatado":"09/2001"},"empresa":{"cnpj":"45272721000199","razaoSocial":"SEGMENTA FARMACEUTICA LTDA.","numeroAutorizacao":null,"cnpjFormatado":"45.272.721/0001-99"},"processo":{"numero":"250000128579691","situacao":29,"numeroProcessoFormatado":"25000.012857/96-91"}},{"ordem":19,"produto":{"codigo":457168,"nome":"SOLUÇÃO FISIOLÓGICA DE RINGER","numeroRegistro":"165120006","tipo":{"codigo":1,"descricao":null},"categoria":null,"situacaoRotulo":null,"dataVencimento":null,"mesAnoVencimento":"042014","dataVencimentoRegistro":"2014-04-01T00:00:00.000-0300","principioAtivo":null,"situacaoApresentacao":"Caduco/Cancelado","dataRegistro":"2006-08-28T00:00:00.000-0300","categoriaRegulatoria":{"codigo":null,"descricao":null},"medicamentoReferencia":null,"categoriaProduto":null,"tipoAutorizacao":"REGISTRADO","acancelar":false,"numeroRegistroFormatado":"165120006","mesAnoVencimentoFormatado":"04/2014"},"empresa":{"cnpj":"45272721000199","razaoSocial":"SEGMENTA FARMACEUTICA LTDA.","numeroAutorizacao":null,"cnpjFormatado":"45.272.721/0001-99"},"processo":{"numero":"25351479333200521","situacao":29,"numeroProcessoFormatado":"25351.479333/2005-21"}},{"ordem":20,"produto":{"codigo":443653,"nome":"SOLUÇÃO FISIOLÓGICA DE RINGER COM LACTATO","numeroRegistro":"165120001","tipo":{"codigo":1,"descricao":null},"categoria":null,"situacaoRotulo":null,"dataVencimento":null,"mesAnoVencimento":"042014","dataVencimentoRegistro":"2014-04-01T00:00:00.000-0300","principioAtivo":null,"situacaoApresentacao":"Caduco/Cancelado","dataRegistro":"2006-06-05T00:00:00.000-0300","categoriaRegulatoria":{"codigo":null,"descricao":null},"medicamentoReferencia":null,"categoriaProduto":null,"tipoAutorizacao":"REGISTRADO","acancelar":false,"numeroRegistroFormatado":"165120001","mesAnoVencimentoFormatado":"04/2014"},"empresa":{"cnpj":"45272721000199","razaoSocial":"SEGMENTA FARMACEUTICA LTDA.","numeroAutorizacao":null,"cnpjFormatado":"45.272.721/0001-99"},"processo":{"numero":"25351478985200549","situacao":29,"numeroProcessoFormatado":"25351.478985/2005-49"}},{"ordem":21,"produto":{"codigo":137854,"nome":"TIMEROSAL","numeroRegistro":"103880008","tipo":{"codigo":1,"descricao":null},"categoria":null,"situacaoRotulo":null,"dataVencimento":null,"mesAnoVencimento":"102003","dataVencimentoRegistro":"2003-10-01T00:00:00.000-0300","principioAtivo":null,"situacaoApresentacao":"Caduco/Cancelado","dataRegistro":"1993-10-28T00:00:00.000-0300","categoriaRegulatoria":{"codigo":8,"descricao":"Similar"},"medicamentoReferencia":null,"categoriaProduto":null,"tipoAutorizacao":"REGISTRADO","acancelar":false,"numeroRegistroFormatado":"103880008","mesAnoVencimentoFormatado":"10/2003"},"empresa":{"cnpj":"45272721000199","razaoSocial":"SEGMENTA FARMACEUTICA LTDA.","numeroAutorizacao":null,"cnpjFormatado":"45.272.721/0001-99"},"processo":{"numero":"2500001425083","situacao":29,"numeroProcessoFormatado":"25000.014250/83"}},{"ordem":22,"produto":{"codigo":458917,"nome":"ÁGUA PARA INJETÁVEIS","numeroRegistro":"165120002","tipo":{"codigo":1,"descricao":null},"categoria":null,"situacaoRotulo":null,"dataVencimento":null,"mesAnoVencimento":"042014","dataVencimentoRegistro":"2014-04-01T00:00:00.000-0300","principioAtivo":null,"situacaoApresentacao":"Caduco/Cancelado","dataRegistro":"2006-07-24T00:00:00.000-0300","categoriaRegulatoria":{"codigo":null,"descricao":null},"medicamentoReferencia":null,"categoriaProduto":null,"tipoAutorizacao":"REGISTRADO","acancelar":false,"numeroRegistroFormatado":"165120002","mesAnoVencimentoFormatado":"04/2014"},"empresa":{"cnpj":"45272721000199","razaoSocial":"SEGMENTA FARMACEUTICA LTDA.","numeroAutorizacao":null,"cnpjFormatado":"45.272.721/0001-99"},"processo":{"numero":"25351478831200557","situacao":29,"numeroProcessoFormatado":"25351.478831/2005-57"}}],"totalElements":22,"totalPages":1,"last":true,"numberOfElements":22,"size":1000,"number":0,"first":true,"sort":null}