{"content":[{"ordem":1,"produto":{"codigo":1003091,"nome":"CAPSFEN","numeroRegistro":"101750021","tipo":{"codigo":1,"descricao":null},"categoria":null,"situacaoRotulo":null,"dataVencimento":null,"mesAnoVencimento":"112026","dataVencimentoRegistro":"2026-11-01T00:00:00.000-0300","principioAtivo":"IBUPROFENO","situacaoApresentacao":"Válido","dataRegistro":"2014-12-15T00:00:00.000-0300","categoriaRegulatoria":{"codigo":6,"descricao":"Novo"},"medicamentoReferencia":null,"categoriaProduto":null,"tipoAutorizacao":"REGISTRADO","numeroRegistroFormatado":"101750021","mesAnoVencimentoFormatado":"11/2026","acancelar":false},"empresa":{"cnpj":"45569555000782","razaoSocial":"CATALENT BRASIL LTDA.","numeroAutorizacao":null,"cnpjFormatado":"45.569.555/0007-82"},"processo":{"numero":"25351597103201481","situacao":29,"numeroProcessoFormatado":"25351.597103/2014-81"}},{"ordem":2,"produto":{"codigo":1008544,"nome":"RELTHY VITAMINA E","numeroRegistro":"101750022","tipo":{"codigo":1,"descricao":null},"categoria":null,"situacaoRotulo":null,"dataVencimento":null,"mesAnoVencimento":"032019","dataVencimentoRegistro":"2019-03-01T00:00:00.000-0300","principioAtivo":null,"situacaoApresentacao":"Caduco/Cancelado","dataRegistro":"2015-04-13T00:00:00.000-0300","categoriaRegulatoria":{"codigo":null,"descricao":null},"medicamentoReferencia":null,"categoriaProduto":null,"tipoAutorizacao":"REGISTRADO","numeroRegistroFormatado":"101750022","mesAnoVencimentoFormatado":"03/2019","acancelar":false},"empresa":{"cnpj":"45569555000782","razaoSocial":"CATALENT BRASIL LTDA.","numeroAutorizacao":null,"cnpjFormatado":"45.569.555/0007-82"},"processo":{"numero":"25351628142201479","situacao":29,"numeroProcessoFormatado":"25351.628142/2014-79"}}],"totalPages":1,"totalElements":2,"last":true,"numberOfElements":2,"first":true,"sort":null,"size":1000,"number":0}