{"content":[{"ordem":1,"produto":{"codigo":2647,"nome":"AMPLECAÍNA","numeroRegistro":"109930005","tipo":{"codigo":1,"descricao":null},"categoria":null,"situacaoRotulo":null,"dataVencimento":null,"mesAnoVencimento":"082004","dataVencimentoRegistro":"2004-08-01T00:00:00.000-0300","principioAtivo":null,"situacaoApresentacao":"Caduco/Cancelado","dataRegistro":"1999-08-09T00:00:00.000-0300","categoriaRegulatoria":{"codigo":8,"descricao":"Similar"},"medicamentoReferencia":null,"categoriaProduto":null,"tipoAutorizacao":"REGISTRADO","numeroRegistroFormatado":"109930005","mesAnoVencimentoFormatado":"08/2004","acancelar":false},"empresa":{"cnpj":"45841137000107","razaoSocial":"DLA PHARMACEUTICAL LTDA","numeroAutorizacao":"1009931","cnpjFormatado":"45.841.137/0001-07"},"processo":{"numero":"250000092519911","situacao":29,"numeroProcessoFormatado":"25000.009251/99-11"}},{"ordem":2,"produto":{"codigo":272226,"nome":"ARTISTESIM","numeroRegistro":"109930012","tipo":{"codigo":1,"descricao":null},"categoria":null,"situacaoRotulo":null,"dataVencimento":null,"mesAnoVencimento":"012010","dataVencimentoRegistro":"2010-01-01T00:00:00.000-0300","principioAtivo":null,"situacaoApresentacao":"Caduco/Cancelado","dataRegistro":"2005-01-19T00:00:00.000-0300","categoriaRegulatoria":{"codigo":8,"descricao":"Similar"},"medicamentoReferencia":null,"categoriaProduto":null,"tipoAutorizacao":"REGISTRADO","numeroRegistroFormatado":"109930012","mesAnoVencimentoFormatado":"01/2010","acancelar":false},"empresa":{"cnpj":"45841137000107","razaoSocial":"DLA PHARMACEUTICAL LTDA","numeroAutorizacao":"1009931","cnpjFormatado":"45.841.137/0001-07"},"processo":{"numero":"253510064930296","situacao":29,"numeroProcessoFormatado":"25351.006493/02-96"}},{"ordem":3,"produto":{"codigo":2390,"nome":"CIRUCAÍNA 0,5 %","numeroRegistro":"109930007","tipo":{"codigo":1,"descricao":null},"categoria":null,"situacaoRotulo":null,"dataVencimento":null,"mesAnoVencimento":"112005","dataVencimentoRegistro":"2005-11-01T00:00:00.000-0300","principioAtivo":null,"situacaoApresentacao":"Caduco/Cancelado","dataRegistro":"2000-11-09T00:00:00.000-0300","categoriaRegulatoria":{"codigo":8,"descricao":"Similar"},"medicamentoReferencia":null,"categoriaProduto":null,"tipoAutorizacao":"REGISTRADO","numeroRegistroFormatado":"109930007","mesAnoVencimentoFormatado":"11/2005","acancelar":false},"empresa":{"cnpj":"45841137000107","razaoSocial":"DLA PHARMACEUTICAL LTDA","numeroAutorizacao":"1009931","cnpjFormatado":"45.841.137/0001-07"},"processo":{"numero":"250000506079910","situacao":29,"numeroProcessoFormatado":"25000.050607/99-10"}},{"ordem":4,"produto":{"codigo":1206313,"nome":"CITANEST 3% COM OCTAPRESSIN","numeroRegistro":"109930013","tipo":{"codigo":1,"descricao":null},"categoria":null,"situacaoRotulo":null,"dataVencimento":null,"mesAnoVencimento":"012028","dataVencimentoRegistro":"2028-01-01T00:00:00.000-0300","principioAtivo":null,"situacaoApresentacao":"Caduco/Cancelado","dataRegistro":"2017-10-02T00:00:00.000-0300","categoriaRegulatoria":{"codigo":8,"descricao":"Similar"},"medicamentoReferencia":null,"categoriaProduto":null,"tipoAutorizacao":"REGISTRADO","numeroRegistroFormatado":"109930013","mesAnoVencimentoFormatado":"01/2028","acancelar":false},"empresa":{"cnpj":"45841137000107","razaoSocial":"DLA PHARMACEUTICAL LTDA","numeroAutorizacao":"1009931","cnpjFormatado":"45.841.137/0001-07"},"processo":{"numero":"25351515935201793","situacao":29,"numeroProcessoFormatado":"25351.515935/2017-93"}},{"ordem":5,"produto":{"codigo":5360,"nome":"LIDOSTESIM","numeroRegistro":"109930003","tipo":{"codigo":1,"descricao":null},"categoria":null,"situacaoRotulo":null,"dataVencimento":"2026-01-28T00:00:00.000-0300","mesAnoVencimento":"082026","dataVencimentoRegistro":"2026-08-01T00:00:00.000-0300","principioAtivo":"CLORIDRATO DE LIDOCAINA, HEMITARTARATO DE NOREPINEFRINA","situacaoApresentacao":"Válido","dataRegistro":"1996-08-23T00:00:00.000-0300","categoriaRegulatoria":{"codigo":8,"descricao":"Similar"},"medicamentoReferencia":null,"categoriaProduto":null,"tipoAutorizacao":"REGISTRADO","numeroRegistroFormatado":"109930003","mesAnoVencimentoFormatado":"08/2026","acancelar":false},"empresa":{"cnpj":"45841137000107","razaoSocial":"DLA PHARMACEUTICAL LTDA","numeroAutorizacao":"1009931","cnpjFormatado":"45.841.137/0001-07"},"processo":{"numero":"250000156658827","situacao":29,"numeroProcessoFormatado":"25000.015665/88-27"}},{"ordem":6,"produto":{"codigo":2555680,"nome":"LIDOSTESIM AD","numeroRegistro":"109930014","tipo":{"codigo":1,"descricao":null},"categoria":null,"situacaoRotulo":null,"dataVencimento":"2033-10-16T00:00:00.000-0300","mesAnoVencimento":"102033","dataVencimentoRegistro":"2033-10-01T00:00:00.000-0300","principioAtivo":"CLORIDRATO DE LIDOCAINA, HEMITARTARATO DE EPINEFRINA","situacaoApresentacao":"Válido","dataRegistro":"2023-10-16T00:00:00.000-0300","categoriaRegulatoria":{"codigo":6,"descricao":"Novo"},"medicamentoReferencia":null,"categoriaProduto":null,"tipoAutorizacao":"REGISTRADO","numeroRegistroFormatado":"109930014","mesAnoVencimentoFormatado":"10/2033","acancelar":false},"empresa":{"cnpj":"45841137000107","razaoSocial":"DLA PHARMACEUTICAL LTDA","numeroAutorizacao":"1009931","cnpjFormatado":"45.841.137/0001-07"},"processo":{"numero":"25351151734202130","situacao":29,"numeroProcessoFormatado":"25351.151734/2021-30"}},{"ordem":7,"produto":{"codigo":5355,"nome":"LIDOSTESIM SV","numeroRegistro":"109930002","tipo":{"codigo":1,"descricao":null},"categoria":null,"situacaoRotulo":null,"dataVencimento":null,"mesAnoVencimento":"062016","dataVencimentoRegistro":"2016-06-01T00:00:00.000-0300","principioAtivo":null,"situacaoApresentacao":"Caduco/Cancelado","dataRegistro":"1996-06-28T00:00:00.000-0300","categoriaRegulatoria":{"codigo":8,"descricao":"Similar"},"medicamentoReferencia":null,"categoriaProduto":null,"tipoAutorizacao":"REGISTRADO","numeroRegistroFormatado":"109930002","mesAnoVencimentoFormatado":"06/2016","acancelar":false},"empresa":{"cnpj":"45841137000107","razaoSocial":"DLA PHARMACEUTICAL LTDA","numeroAutorizacao":"1009931","cnpjFormatado":"45.841.137/0001-07"},"processo":{"numero":"250000156668890","situacao":29,"numeroProcessoFormatado":"25000.015666/88-90"}},{"ordem":8,"produto":{"codigo":2646,"nome":"LIDOSTESINA","numeroRegistro":"109930006","tipo":{"codigo":1,"descricao":null},"categoria":null,"situacaoRotulo":null,"dataVencimento":null,"mesAnoVencimento":"122009","dataVencimentoRegistro":"2009-12-01T00:00:00.000-0300","principioAtivo":null,"situacaoApresentacao":"Caduco/Cancelado","dataRegistro":"1999-12-20T00:00:00.000-0200","categoriaRegulatoria":{"codigo":8,"descricao":"Similar"},"medicamentoReferencia":null,"categoriaProduto":null,"tipoAutorizacao":"REGISTRADO","numeroRegistroFormatado":"109930006","mesAnoVencimentoFormatado":"12/2009","acancelar":false},"empresa":{"cnpj":"45841137000107","razaoSocial":"DLA PHARMACEUTICAL LTDA","numeroAutorizacao":"1009931","cnpjFormatado":"45.841.137/0001-07"},"processo":{"numero":"250000190289928","situacao":29,"numeroProcessoFormatado":"25000.019028/99-28"}},{"ordem":9,"produto":{"codigo":2690,"nome":"MEPIVALEM 3 % SV","numeroRegistro":"109930008","tipo":{"codigo":1,"descricao":null},"categoria":null,"situacaoRotulo":null,"dataVencimento":null,"mesAnoVencimento":"122026","dataVencimentoRegistro":"2026-12-01T00:00:00.000-0300","principioAtivo":"CLORIDRATO DE MEPIVACAÍNA","situacaoApresentacao":"Válido","dataRegistro":"2001-12-21T00:00:00.000-0200","categoriaRegulatoria":{"codigo":8,"descricao":"Similar"},"medicamentoReferencia":null,"categoriaProduto":null,"tipoAutorizacao":"REGISTRADO","numeroRegistroFormatado":"109930008","mesAnoVencimentoFormatado":"12/2026","acancelar":false},"empresa":{"cnpj":"45841137000107","razaoSocial":"DLA PHARMACEUTICAL LTDA","numeroAutorizacao":"1009931","cnpjFormatado":"45.841.137/0001-07"},"processo":{"numero":"253510132460156","situacao":29,"numeroProcessoFormatado":"25351.013246/01-56"}},{"ordem":10,"produto":{"codigo":125334,"nome":"MEPIVALEM AD","numeroRegistro":"109930001","tipo":{"codigo":1,"descricao":null},"categoria":null,"situacaoRotulo":null,"dataVencimento":"2026-07-29T00:00:00.000-0300","mesAnoVencimento":"062027","dataVencimentoRegistro":"2027-06-01T00:00:00.000-0300","principioAtivo":"CLORIDRATO DE MEPIVACAÍNA, EPINEFRINA","situacaoApresentacao":"Válido","dataRegistro":"2002-06-17T00:00:00.000-0300","categoriaRegulatoria":{"codigo":8,"descricao":"Similar"},"medicamentoReferencia":null,"categoriaProduto":null,"tipoAutorizacao":"REGISTRADO","numeroRegistroFormatado":"109930001","mesAnoVencimentoFormatado":"06/2027","acancelar":false},"empresa":{"cnpj":"45841137000107","razaoSocial":"DLA PHARMACEUTICAL LTDA","numeroAutorizacao":"1009931","cnpjFormatado":"45.841.137/0001-07"},"processo":{"numero":"253510132480181","situacao":29,"numeroProcessoFormatado":"25351.013248/01-81"}},{"ordem":11,"produto":{"codigo":2801,"nome":"PRILOSTESINA 3%","numeroRegistro":"109930004","tipo":{"codigo":1,"descricao":null},"categoria":null,"situacaoRotulo":null,"dataVencimento":null,"mesAnoVencimento":"012008","dataVencimentoRegistro":"2008-01-01T00:00:00.000-0300","principioAtivo":null,"situacaoApresentacao":"Caduco/Cancelado","dataRegistro":"1998-01-12T00:00:00.000-0300","categoriaRegulatoria":{"codigo":8,"descricao":"Similar"},"medicamentoReferencia":"CITANEST 3% - ASTRAZENECA DO BRASIL LTDA","categoriaProduto":null,"tipoAutorizacao":"REGISTRADO","numeroRegistroFormatado":"109930004","mesAnoVencimentoFormatado":"01/2008","acancelar":false},"empresa":{"cnpj":"45841137000107","razaoSocial":"DLA PHARMACEUTICAL LTDA","numeroAutorizacao":"1009931","cnpjFormatado":"45.841.137/0001-07"},"processo":{"numero":"250000348879686","situacao":29,"numeroProcessoFormatado":"25000.034887/96-86"}},{"ordem":12,"produto":{"codigo":2928438,"nome":"SEPTANEST","numeroRegistro":"109930015","tipo":{"codigo":1,"descricao":null},"categoria":null,"situacaoRotulo":null,"dataVencimento":"2034-04-29T00:00:00.000-0300","mesAnoVencimento":"042034","dataVencimentoRegistro":"2034-04-01T00:00:00.000-0300","principioAtivo":"CLORIDRATO DE ARTICAÍNA, HEMITARTARATO DE EPINEFRINA","situacaoApresentacao":"Válido","dataRegistro":"2024-04-29T00:00:00.000-0300","categoriaRegulatoria":{"codigo":6,"descricao":"Novo"},"medicamentoReferencia":null,"categoriaProduto":null,"tipoAutorizacao":"REGISTRADO","numeroRegistroFormatado":"109930015","mesAnoVencimentoFormatado":"04/2034","acancelar":false},"empresa":{"cnpj":"45841137000107","razaoSocial":"DLA PHARMACEUTICAL LTDA","numeroAutorizacao":"1009931","cnpjFormatado":"45.841.137/0001-07"},"processo":{"numero":"25351028628202234","situacao":29,"numeroProcessoFormatado":"25351.028628/2022-34"}}],"totalElements":12,"totalPages":1,"last":true,"numberOfElements":12,"first":true,"sort":null,"size":1000,"number":0}