{"content":[{"ordem":1,"produto":{"codigo":540,"nome":"ALBEZIN","numeroRegistro":"100380064","tipo":{"codigo":1,"descricao":null},"categoria":null,"situacaoRotulo":null,"dataVencimento":null,"mesAnoVencimento":"072010","dataVencimentoRegistro":"2010-07-01T00:00:00.000-0300","principioAtivo":null,"situacaoApresentacao":"Caduco/Cancelado","dataRegistro":"2000-07-19T00:00:00.000-0300","categoriaRegulatoria":{"codigo":8,"descricao":"Similar"},"medicamentoReferencia":null,"categoriaProduto":null,"tipoAutorizacao":"REGISTRADO","numeroRegistroFormatado":"100380064","mesAnoVencimentoFormatado":"07/2010","acancelar":false},"empresa":{"cnpj":"46179008000168","razaoSocial":"BRASTERAPICA PHARMACEUTICA LTDA.","numeroAutorizacao":"1000381","cnpjFormatado":"46.179.008/0001-68"},"processo":{"numero":"250000008639930","situacao":29,"numeroProcessoFormatado":"25000.000863/99-30"}},{"ordem":2,"produto":{"codigo":2303,"nome":"AMBROL","numeroRegistro":"100380048","tipo":{"codigo":1,"descricao":null},"categoria":null,"situacaoRotulo":null,"dataVencimento":null,"mesAnoVencimento":"072029","dataVencimentoRegistro":"2029-07-01T00:00:00.000-0300","principioAtivo":"CLORIDRATO DE AMBROXOL","situacaoApresentacao":"Válido","dataRegistro":"1999-07-01T00:00:00.000-0300","categoriaRegulatoria":{"codigo":8,"descricao":"Similar"},"medicamentoReferencia":"MUCOSOLVAN","categoriaProduto":null,"tipoAutorizacao":"REGISTRADO","numeroRegistroFormatado":"100380048","mesAnoVencimentoFormatado":"07/2029","acancelar":false},"empresa":{"cnpj":"46179008000168","razaoSocial":"BRASTERAPICA PHARMACEUTICA LTDA.","numeroAutorizacao":"1000381","cnpjFormatado":"46.179.008/0001-68"},"processo":{"numero":"250000008449995","situacao":29,"numeroProcessoFormatado":"25000.000844/99-95"}},{"ordem":3,"produto":{"codigo":411159,"nome":"AMINOLYSIN","numeroRegistro":"100380001","tipo":{"codigo":1,"descricao":null},"categoria":null,"situacaoRotulo":null,"dataVencimento":null,"mesAnoVencimento":"062001","dataVencimentoRegistro":"2001-06-01T00:00:00.000-0300","principioAtivo":null,"situacaoApresentacao":"Caduco/Cancelado","dataRegistro":"1991-08-23T00:00:00.000-0300","categoriaRegulatoria":{"codigo":3,"descricao":"Específico"},"medicamentoReferencia":null,"categoriaProduto":null,"tipoAutorizacao":"REGISTRADO","numeroRegistroFormatado":"100380001","mesAnoVencimentoFormatado":"06/2001","acancelar":false},"empresa":{"cnpj":"46179008000168","razaoSocial":"BRASTERAPICA PHARMACEUTICA LTDA.","numeroAutorizacao":"1000381","cnpjFormatado":"46.179.008/0001-68"},"processo":{"numero":"2599202302775","situacao":29,"numeroProcessoFormatado":"25992.023027/75"}},{"ordem":4,"produto":{"codigo":1162312,"nome":"AMOXICILINA + CLAVULANATO DE POTÁSSIO","numeroRegistro":"100380101","tipo":{"codigo":1,"descricao":null},"categoria":null,"situacaoRotulo":null,"dataVencimento":null,"mesAnoVencimento":"062032","dataVencimentoRegistro":"2032-06-01T00:00:00.000-0300","principioAtivo":null,"situacaoApresentacao":"Caduco/Cancelado","dataRegistro":"2017-06-26T00:00:00.000-0300","categoriaRegulatoria":{"codigo":5,"descricao":"Genérico"},"medicamentoReferencia":"Clavulin BD","categoriaProduto":null,"tipoAutorizacao":"REGISTRADO","numeroRegistroFormatado":"100380101","mesAnoVencimentoFormatado":"06/2032","acancelar":false},"empresa":{"cnpj":"46179008000168","razaoSocial":"BRASTERAPICA PHARMACEUTICA LTDA.","numeroAutorizacao":"1000381","cnpjFormatado":"46.179.008/0001-68"},"processo":{"numero":"25351161374201706","situacao":29,"numeroProcessoFormatado":"25351.161374/2017-06"}},{"ordem":5,"produto":{"codigo":1162333,"nome":"AMOXICILINA + CLAVULANATO DE POTÁSSIO","numeroRegistro":"100380102","tipo":{"codigo":1,"descricao":null},"categoria":null,"situacaoRotulo":null,"dataVencimento":null,"mesAnoVencimento":"062027","dataVencimentoRegistro":"2027-06-01T00:00:00.000-0300","principioAtivo":null,"situacaoApresentacao":"Caduco/Cancelado","dataRegistro":"2017-06-26T00:00:00.000-0300","categoriaRegulatoria":{"codigo":5,"descricao":"Genérico"},"medicamentoReferencia":"clavulin BD","categoriaProduto":null,"tipoAutorizacao":"REGISTRADO","numeroRegistroFormatado":"100380102","mesAnoVencimentoFormatado":"06/2027","acancelar":false},"empresa":{"cnpj":"46179008000168","razaoSocial":"BRASTERAPICA PHARMACEUTICA LTDA.","numeroAutorizacao":"1000381","cnpjFormatado":"46.179.008/0001-68"},"processo":{"numero":"25351161394201779","situacao":29,"numeroProcessoFormatado":"25351.161394/2017-79"}},{"ordem":6,"produto":{"codigo":677,"nome":"ANOFILIN","numeroRegistro":"100380042","tipo":{"codigo":1,"descricao":null},"categoria":null,"situacaoRotulo":null,"dataVencimento":null,"mesAnoVencimento":"052004","dataVencimentoRegistro":"2004-05-01T00:00:00.000-0300","principioAtivo":null,"situacaoApresentacao":"Caduco/Cancelado","dataRegistro":"1999-05-10T00:00:00.000-0300","categoriaRegulatoria":{"codigo":8,"descricao":"Similar"},"medicamentoReferencia":null,"categoriaProduto":null,"tipoAutorizacao":"REGISTRADO","numeroRegistroFormatado":"100380042","mesAnoVencimentoFormatado":"05/2004","acancelar":false},"empresa":{"cnpj":"46179008000168","razaoSocial":"BRASTERAPICA PHARMACEUTICA LTDA.","numeroAutorizacao":"1000381","cnpjFormatado":"46.179.008/0001-68"},"processo":{"numero":"250000135989913","situacao":29,"numeroProcessoFormatado":"25000.013598/99-13"}},{"ordem":7,"produto":{"codigo":1369,"nome":"AORTEN","numeroRegistro":"100380058","tipo":{"codigo":1,"descricao":null},"categoria":null,"situacaoRotulo":null,"dataVencimento":null,"mesAnoVencimento":"052010","dataVencimentoRegistro":"2010-05-01T00:00:00.000-0300","principioAtivo":null,"situacaoApresentacao":"Caduco/Cancelado","dataRegistro":"2000-05-11T00:00:00.000-0300","categoriaRegulatoria":{"codigo":8,"descricao":"Similar"},"medicamentoReferencia":null,"categoriaProduto":null,"tipoAutorizacao":"REGISTRADO","numeroRegistroFormatado":"100380058","mesAnoVencimentoFormatado":"05/2010","acancelar":false},"empresa":{"cnpj":"46179008000168","razaoSocial":"BRASTERAPICA PHARMACEUTICA LTDA.","numeroAutorizacao":"1000381","cnpjFormatado":"46.179.008/0001-68"},"processo":{"numero":"2500000295393","situacao":29,"numeroProcessoFormatado":"25000.002953/93"}},{"ordem":8,"produto":{"codigo":871243,"nome":"AORTT","numeroRegistro":"100380099","tipo":{"codigo":1,"descricao":null},"categoria":null,"situacaoRotulo":null,"dataVencimento":null,"mesAnoVencimento":"092025","dataVencimentoRegistro":"2025-09-01T00:00:00.000-0300","principioAtivo":null,"situacaoApresentacao":"Caduco/Cancelado","dataRegistro":"2015-09-28T00:00:00.000-0300","categoriaRegulatoria":{"codigo":8,"descricao":"Similar"},"medicamentoReferencia":"CAPOTEN","categoriaProduto":null,"tipoAutorizacao":"REGISTRADO","numeroRegistroFormatado":"100380099","mesAnoVencimentoFormatado":"09/2025","acancelar":false},"empresa":{"cnpj":"46179008000168","razaoSocial":"BRASTERAPICA PHARMACEUTICA LTDA.","numeroAutorizacao":"1000381","cnpjFormatado":"46.179.008/0001-68"},"processo":{"numero":"25351507385201256","situacao":29,"numeroProcessoFormatado":"25351.507385/2012-56"}},{"ordem":9,"produto":{"codigo":914,"nome":"ATENALON","numeroRegistro":"100380050","tipo":{"codigo":1,"descricao":null},"categoria":null,"situacaoRotulo":null,"dataVencimento":null,"mesAnoVencimento":"072009","dataVencimentoRegistro":"2009-07-01T00:00:00.000-0300","principioAtivo":null,"situacaoApresentacao":"Caduco/Cancelado","dataRegistro":"1999-07-12T00:00:00.000-0300","categoriaRegulatoria":{"codigo":8,"descricao":"Similar"},"medicamentoReferencia":null,"categoriaProduto":null,"tipoAutorizacao":"REGISTRADO","numeroRegistroFormatado":"100380050","mesAnoVencimentoFormatado":"07/2009","acancelar":false},"empresa":{"cnpj":"46179008000168","razaoSocial":"BRASTERAPICA PHARMACEUTICA LTDA.","numeroAutorizacao":"1000381","cnpjFormatado":"46.179.008/0001-68"},"processo":{"numero":"250000135959925","situacao":29,"numeroProcessoFormatado":"25000.013595/99-25"}},{"ordem":10,"produto":{"codigo":943,"nome":"ATORVAN","numeroRegistro":"100380070","tipo":{"codigo":1,"descricao":null},"categoria":null,"situacaoRotulo":null,"dataVencimento":null,"mesAnoVencimento":"052006","dataVencimentoRegistro":"2006-05-01T00:00:00.000-0300","principioAtivo":null,"situacaoApresentacao":"Caduco/Cancelado","dataRegistro":"2001-05-31T00:00:00.000-0300","categoriaRegulatoria":{"codigo":8,"descricao":"Similar"},"medicamentoReferencia":null,"categoriaProduto":null,"tipoAutorizacao":"REGISTRADO","numeroRegistroFormatado":"100380070","mesAnoVencimentoFormatado":"05/2006","acancelar":false},"empresa":{"cnpj":"46179008000168","razaoSocial":"BRASTERAPICA PHARMACEUTICA LTDA.","numeroAutorizacao":"1000381","cnpjFormatado":"46.179.008/0001-68"},"processo":{"numero":"253510313920019","situacao":29,"numeroProcessoFormatado":"25351.031392/00-19"}},{"ordem":11,"produto":{"codigo":973,"nome":"AZOMICIN","numeroRegistro":"100380074","tipo":{"codigo":1,"descricao":null},"categoria":null,"situacaoRotulo":null,"dataVencimento":null,"mesAnoVencimento":"062006","dataVencimentoRegistro":"2006-06-01T00:00:00.000-0300","principioAtivo":null,"situacaoApresentacao":"Caduco/Cancelado","dataRegistro":"2001-06-11T00:00:00.000-0300","categoriaRegulatoria":{"codigo":8,"descricao":"Similar"},"medicamentoReferencia":null,"categoriaProduto":null,"tipoAutorizacao":"REGISTRADO","numeroRegistroFormatado":"100380074","mesAnoVencimentoFormatado":"06/2006","acancelar":false},"empresa":{"cnpj":"46179008000168","razaoSocial":"BRASTERAPICA PHARMACEUTICA LTDA.","numeroAutorizacao":"1000381","cnpjFormatado":"46.179.008/0001-68"},"processo":{"numero":"253510313900093","situacao":29,"numeroProcessoFormatado":"25351.031390/00-93"}},{"ordem":12,"produto":{"codigo":7548,"nome":"BACMETRIM","numeroRegistro":"100380029","tipo":{"codigo":1,"descricao":null},"categoria":null,"situacaoRotulo":null,"dataVencimento":null,"mesAnoVencimento":"072005","dataVencimentoRegistro":"2005-07-01T00:00:00.000-0300","principioAtivo":null,"situacaoApresentacao":"Caduco/Cancelado","dataRegistro":"2000-12-08T00:00:00.000-0300","categoriaRegulatoria":{"codigo":8,"descricao":"Similar"},"medicamentoReferencia":null,"categoriaProduto":null,"tipoAutorizacao":"REGISTRADO","numeroRegistroFormatado":"100380029","mesAnoVencimentoFormatado":"07/2005","acancelar":false},"empresa":{"cnpj":"46179008000168","razaoSocial":"BRASTERAPICA PHARMACEUTICA LTDA.","numeroAutorizacao":"1000381","cnpjFormatado":"46.179.008/0001-68"},"processo":{"numero":"2599201139474","situacao":29,"numeroProcessoFormatado":"25992.011394/74"}},{"ordem":13,"produto":{"codigo":411465,"nome":"BIOLIP","numeroRegistro":"100380017","tipo":{"codigo":1,"descricao":null},"categoria":null,"situacaoRotulo":null,"dataVencimento":null,"mesAnoVencimento":"042003","dataVencimentoRegistro":"2003-04-01T00:00:00.000-0300","principioAtivo":null,"situacaoApresentacao":"Caduco/Cancelado","dataRegistro":"1991-08-23T00:00:00.000-0300","categoriaRegulatoria":{"codigo":3,"descricao":"Específico"},"medicamentoReferencia":null,"categoriaProduto":null,"tipoAutorizacao":"REGISTRADO","numeroRegistroFormatado":"100380017","mesAnoVencimentoFormatado":"04/2003","acancelar":false},"empresa":{"cnpj":"46179008000168","razaoSocial":"BRASTERAPICA PHARMACEUTICA LTDA.","numeroAutorizacao":"1000381","cnpjFormatado":"46.179.008/0001-68"},"processo":{"numero":"2599200174554","situacao":29,"numeroProcessoFormatado":"25992.001745/54"}},{"ordem":14,"produto":{"codigo":663760,"nome":"CAPTOPRIL","numeroRegistro":"100380098","tipo":{"codigo":1,"descricao":null},"categoria":null,"situacaoRotulo":null,"dataVencimento":null,"mesAnoVencimento":"092025","dataVencimentoRegistro":"2025-09-01T00:00:00.000-0300","principioAtivo":"CAPTOPRIL","situacaoApresentacao":"Válido","dataRegistro":"2015-09-28T00:00:00.000-0300","categoriaRegulatoria":{"codigo":5,"descricao":"Genérico"},"medicamentoReferencia":"CAPOTEN","categoriaProduto":null,"tipoAutorizacao":"REGISTRADO","numeroRegistroFormatado":"100380098","mesAnoVencimentoFormatado":"09/2025","acancelar":false},"empresa":{"cnpj":"46179008000168","razaoSocial":"BRASTERAPICA PHARMACEUTICA LTDA.","numeroAutorizacao":"1000381","cnpjFormatado":"46.179.008/0001-68"},"processo":{"numero":"25351669808200955","situacao":29,"numeroProcessoFormatado":"25351.669808/2009-55"}},{"ordem":15,"produto":{"codigo":3637,"nome":"CEDIL","numeroRegistro":"100380046","tipo":{"codigo":1,"descricao":null},"categoria":null,"situacaoRotulo":null,"dataVencimento":null,"mesAnoVencimento":"072009","dataVencimentoRegistro":"2009-07-01T00:00:00.000-0300","principioAtivo":null,"situacaoApresentacao":"Caduco/Cancelado","dataRegistro":"1999-07-01T00:00:00.000-0300","categoriaRegulatoria":{"codigo":8,"descricao":"Similar"},"medicamentoReferencia":"NOVALGINA","categoriaProduto":null,"tipoAutorizacao":"REGISTRADO","numeroRegistroFormatado":"100380046","mesAnoVencimentoFormatado":"07/2009","acancelar":false},"empresa":{"cnpj":"46179008000168","razaoSocial":"BRASTERAPICA PHARMACEUTICA LTDA.","numeroAutorizacao":"1000381","cnpjFormatado":"46.179.008/0001-68"},"processo":{"numero":"250000152339239","situacao":29,"numeroProcessoFormatado":"25000.015233/92-39"}},{"ordem":16,"produto":{"codigo":336973,"nome":"CIFLOXATIL","numeroRegistro":"100380088","tipo":{"codigo":1,"descricao":null},"categoria":null,"situacaoRotulo":null,"dataVencimento":null,"mesAnoVencimento":"092008","dataVencimentoRegistro":"2008-09-01T00:00:00.000-0300","principioAtivo":null,"situacaoApresentacao":"Caduco/Cancelado","dataRegistro":"2003-09-18T00:00:00.000-0300","categoriaRegulatoria":{"codigo":8,"descricao":"Similar"},"medicamentoReferencia":null,"categoriaProduto":null,"tipoAutorizacao":"REGISTRADO","numeroRegistroFormatado":"100380088","mesAnoVencimentoFormatado":"09/2008","acancelar":false},"empresa":{"cnpj":"46179008000168","razaoSocial":"BRASTERAPICA PHARMACEUTICA LTDA.","numeroAutorizacao":"1000381","cnpjFormatado":"46.179.008/0001-68"},"processo":{"numero":"253510407020186","situacao":29,"numeroProcessoFormatado":"25351.040702/01-86"}},{"ordem":17,"produto":{"codigo":712404,"nome":"CIFLOXATIL","numeroRegistro":"100380095","tipo":{"codigo":1,"descricao":null},"categoria":null,"situacaoRotulo":null,"dataVencimento":null,"mesAnoVencimento":"102027","dataVencimentoRegistro":"2027-10-01T00:00:00.000-0300","principioAtivo":null,"situacaoApresentacao":"Caduco/Cancelado","dataRegistro":"2012-10-29T00:00:00.000-0300","categoriaRegulatoria":{"codigo":8,"descricao":"Similar"},"medicamentoReferencia":"CIPRO","categoriaProduto":null,"tipoAutorizacao":"REGISTRADO","numeroRegistroFormatado":"100380095","mesAnoVencimentoFormatado":"10/2027","acancelar":false},"empresa":{"cnpj":"46179008000168","razaoSocial":"BRASTERAPICA PHARMACEUTICA LTDA.","numeroAutorizacao":"1000381","cnpjFormatado":"46.179.008/0001-68"},"processo":{"numero":"25351518574201095","situacao":29,"numeroProcessoFormatado":"25351.518574/2010-95"}},{"ordem":18,"produto":{"codigo":336140,"nome":"CINAFLAN","numeroRegistro":"100380092","tipo":{"codigo":1,"descricao":null},"categoria":null,"situacaoRotulo":null,"dataVencimento":"2009-07-28T00:00:00.000-0300","mesAnoVencimento":"072009","dataVencimentoRegistro":"2009-07-01T00:00:00.000-0300","principioAtivo":null,"situacaoApresentacao":"Caduco/Cancelado","dataRegistro":"1999-07-06T00:00:00.000-0300","categoriaRegulatoria":{"codigo":8,"descricao":"Similar"},"medicamentoReferencia":null,"categoriaProduto":null,"tipoAutorizacao":"REGISTRADO","numeroRegistroFormatado":"100380092","mesAnoVencimentoFormatado":"07/2009","acancelar":false},"empresa":{"cnpj":"46179008000168","razaoSocial":"BRASTERAPICA PHARMACEUTICA LTDA.","numeroAutorizacao":"1000381","cnpjFormatado":"46.179.008/0001-68"},"processo":{"numero":"250000387819869","situacao":29,"numeroProcessoFormatado":"25000.038781/98-69"}},{"ordem":19,"produto":{"codigo":1912,"nome":"CINARINA","numeroRegistro":"100380047","tipo":{"codigo":1,"descricao":null},"categoria":null,"situacaoRotulo":null,"dataVencimento":null,"mesAnoVencimento":"072004","dataVencimentoRegistro":"2004-07-01T00:00:00.000-0300","principioAtivo":null,"situacaoApresentacao":"Caduco/Cancelado","dataRegistro":"1999-07-01T00:00:00.000-0300","categoriaRegulatoria":{"codigo":8,"descricao":"Similar"},"medicamentoReferencia":null,"categoriaProduto":null,"tipoAutorizacao":"REGISTRADO","numeroRegistroFormatado":"100380047","mesAnoVencimentoFormatado":"07/2004","acancelar":false},"empresa":{"cnpj":"46179008000168","razaoSocial":"BRASTERAPICA PHARMACEUTICA LTDA.","numeroAutorizacao":"1000381","cnpjFormatado":"46.179.008/0001-68"},"processo":{"numero":"250000008629977","situacao":29,"numeroProcessoFormatado":"25000.000862/99-77"}},{"ordem":20,"produto":{"codigo":3340,"nome":"CINATIL GEL","numeroRegistro":"100380045","tipo":{"codigo":1,"descricao":null},"categoria":null,"situacaoRotulo":null,"dataVencimento":null,"mesAnoVencimento":"072019","dataVencimentoRegistro":"2019-07-01T00:00:00.000-0300","principioAtivo":null,"situacaoApresentacao":"Caduco/Cancelado","dataRegistro":"1999-07-01T00:00:00.000-0300","categoriaRegulatoria":{"codigo":8,"descricao":"Similar"},"medicamentoReferencia":null,"categoriaProduto":null,"tipoAutorizacao":"REGISTRADO","numeroRegistroFormatado":"100380045","mesAnoVencimentoFormatado":"07/2019","acancelar":false},"empresa":{"cnpj":"46179008000168","razaoSocial":"BRASTERAPICA PHARMACEUTICA LTDA.","numeroAutorizacao":"1000381","cnpjFormatado":"46.179.008/0001-68"},"processo":{"numero":"250000111749815","situacao":29,"numeroProcessoFormatado":"25000.011174/98-15"}},{"ordem":21,"produto":{"codigo":712593,"nome":"CLORIDRATO DE CIPROFLOXACINO","numeroRegistro":"100380094","tipo":{"codigo":1,"descricao":null},"categoria":null,"situacaoRotulo":null,"dataVencimento":null,"mesAnoVencimento":"102027","dataVencimentoRegistro":"2027-10-01T00:00:00.000-0300","principioAtivo":"CLORIDRATO DE CIPROFLOXACINO ","situacaoApresentacao":"Válido","dataRegistro":"2012-10-15T00:00:00.000-0300","categoriaRegulatoria":{"codigo":5,"descricao":"Genérico"},"medicamentoReferencia":"CIPRO","categoriaProduto":null,"tipoAutorizacao":"REGISTRADO","numeroRegistroFormatado":"100380094","mesAnoVencimentoFormatado":"10/2027","acancelar":false},"empresa":{"cnpj":"46179008000168","razaoSocial":"BRASTERAPICA PHARMACEUTICA LTDA.","numeroAutorizacao":"1000381","cnpjFormatado":"46.179.008/0001-68"},"processo":{"numero":"25351518658201072","situacao":29,"numeroProcessoFormatado":"25351.518658/2010-72"}},{"ordem":22,"produto":{"codigo":7784,"nome":"COLÍRIO HÉLIOS","numeroRegistro":"100380052","tipo":{"codigo":1,"descricao":null},"categoria":null,"situacaoRotulo":null,"dataVencimento":null,"mesAnoVencimento":"122004","dataVencimentoRegistro":"2004-12-01T00:00:00.000-0300","principioAtivo":null,"situacaoApresentacao":"Caduco/Cancelado","dataRegistro":"1999-12-20T00:00:00.000-0200","categoriaRegulatoria":{"codigo":8,"descricao":"Similar"},"medicamentoReferencia":null,"categoriaProduto":null,"tipoAutorizacao":"REGISTRADO","numeroRegistroFormatado":"100380052","mesAnoVencimentoFormatado":"12/2004","acancelar":false},"empresa":{"cnpj":"46179008000168","razaoSocial":"BRASTERAPICA PHARMACEUTICA LTDA.","numeroAutorizacao":"1000381","cnpjFormatado":"46.179.008/0001-68"},"processo":{"numero":"250000135949962","situacao":29,"numeroProcessoFormatado":"25000.013594/99-62"}},{"ordem":23,"produto":{"codigo":1751,"nome":"CONAZOL","numeroRegistro":"100380040","tipo":{"codigo":1,"descricao":null},"categoria":null,"situacaoRotulo":null,"dataVencimento":"2029-03-06T00:00:00.000-0300","mesAnoVencimento":"032029","dataVencimentoRegistro":"2029-03-01T00:00:00.000-0300","principioAtivo":null,"situacaoApresentacao":"Caduco/Cancelado","dataRegistro":"1999-03-12T00:00:00.000-0300","categoriaRegulatoria":{"codigo":8,"descricao":"Similar"},"medicamentoReferencia":"NIZORAL","categoriaProduto":null,"tipoAutorizacao":"REGISTRADO","numeroRegistroFormatado":"100380040","mesAnoVencimentoFormatado":"03/2029","acancelar":false},"empresa":{"cnpj":"46179008000168","razaoSocial":"BRASTERAPICA PHARMACEUTICA LTDA.","numeroAutorizacao":"1000381","cnpjFormatado":"46.179.008/0001-68"},"processo":{"numero":"250000157279854","situacao":29,"numeroProcessoFormatado":"25000.015727/98-54"}},{"ordem":24,"produto":{"codigo":3562739,"nome":"Cetoconazol-Micronizado","numeroRegistro":"100380112","tipo":{"codigo":1,"descricao":null},"categoria":null,"situacaoRotulo":null,"dataVencimento":"2032-10-17T00:00:00.000-0300","mesAnoVencimento":"102032","dataVencimentoRegistro":"2032-10-01T00:00:00.000-0300","principioAtivo":null,"situacaoApresentacao":"Caduco/Cancelado","dataRegistro":"2022-10-17T00:00:00.000-0300","categoriaRegulatoria":{"codigo":5,"descricao":"Genérico"},"medicamentoReferencia":"NIZORAL","categoriaProduto":null,"tipoAutorizacao":"REGISTRADO","numeroRegistroFormatado":"100380112","mesAnoVencimentoFormatado":"10/2032","acancelar":false},"empresa":{"cnpj":"46179008000168","razaoSocial":"BRASTERAPICA PHARMACEUTICA LTDA.","numeroAutorizacao":"1000381","cnpjFormatado":"46.179.008/0001-68"},"processo":{"numero":"25351374748202219","situacao":29,"numeroProcessoFormatado":"25351.374748/2022-19"}},{"ordem":25,"produto":{"codigo":3240,"nome":"DECAZOL","numeroRegistro":"100380053","tipo":{"codigo":1,"descricao":null},"categoria":null,"situacaoRotulo":null,"dataVencimento":null,"mesAnoVencimento":"012010","dataVencimentoRegistro":"2010-01-01T00:00:00.000-0300","principioAtivo":null,"situacaoApresentacao":"Caduco/Cancelado","dataRegistro":"2000-01-13T00:00:00.000-0200","categoriaRegulatoria":{"codigo":8,"descricao":"Similar"},"medicamentoReferencia":null,"categoriaProduto":null,"tipoAutorizacao":"REGISTRADO","numeroRegistroFormatado":"100380053","mesAnoVencimentoFormatado":"01/2010","acancelar":false},"empresa":{"cnpj":"46179008000168","razaoSocial":"BRASTERAPICA PHARMACEUTICA LTDA.","numeroAutorizacao":"1000381","cnpjFormatado":"46.179.008/0001-68"},"processo":{"numero":"250000008649901","situacao":29,"numeroProcessoFormatado":"25000.000864/99-01"}},{"ordem":26,"produto":{"codigo":1252052,"nome":"DEFULL","numeroRegistro":"100380106","tipo":{"codigo":1,"descricao":null},"categoria":null,"situacaoRotulo":null,"dataVencimento":null,"mesAnoVencimento":"052029","dataVencimentoRegistro":"2029-05-01T00:00:00.000-0300","principioAtivo":"COLECALCIFEROL","situacaoApresentacao":"Válido","dataRegistro":"2019-05-06T00:00:00.000-0300","categoriaRegulatoria":{"codigo":3,"descricao":"Específico"},"medicamentoReferencia":null,"categoriaProduto":null,"tipoAutorizacao":"REGISTRADO","numeroRegistroFormatado":"100380106","mesAnoVencimentoFormatado":"05/2029","acancelar":false},"empresa":{"cnpj":"46179008000168","razaoSocial":"BRASTERAPICA PHARMACEUTICA LTDA.","numeroAutorizacao":"1000381","cnpjFormatado":"46.179.008/0001-68"},"processo":{"numero":"25351342055201796","situacao":29,"numeroProcessoFormatado":"25351.342055/2017-96"}},{"ordem":27,"produto":{"codigo":133,"nome":"DERMICUTIS","numeroRegistro":"100380032","tipo":{"codigo":1,"descricao":null},"categoria":null,"situacaoRotulo":null,"dataVencimento":null,"mesAnoVencimento":"022007","dataVencimentoRegistro":"2007-02-01T00:00:00.000-0300","principioAtivo":null,"situacaoApresentacao":"Caduco/Cancelado","dataRegistro":"2001-04-18T00:00:00.000-0300","categoriaRegulatoria":{"codigo":8,"descricao":"Similar"},"medicamentoReferencia":null,"categoriaProduto":null,"tipoAutorizacao":"REGISTRADO","numeroRegistroFormatado":"100380032","mesAnoVencimentoFormatado":"02/2007","acancelar":false},"empresa":{"cnpj":"46179008000168","razaoSocial":"BRASTERAPICA PHARMACEUTICA LTDA.","numeroAutorizacao":"1000381","cnpjFormatado":"46.179.008/0001-68"},"processo":{"numero":"250000073599050","situacao":29,"numeroProcessoFormatado":"25000.007359/90-50"}},{"ordem":28,"produto":{"codigo":5491,"nome":"DEXCLORFLEX","numeroRegistro":"100380061","tipo":{"codigo":1,"descricao":null},"categoria":null,"situacaoRotulo":null,"dataVencimento":null,"mesAnoVencimento":"072010","dataVencimentoRegistro":"2010-07-01T00:00:00.000-0300","principioAtivo":null,"situacaoApresentacao":"Caduco/Cancelado","dataRegistro":"2000-07-19T00:00:00.000-0300","categoriaRegulatoria":{"codigo":8,"descricao":"Similar"},"medicamentoReferencia":null,"categoriaProduto":null,"tipoAutorizacao":"REGISTRADO","numeroRegistroFormatado":"100380061","mesAnoVencimentoFormatado":"07/2010","acancelar":false},"empresa":{"cnpj":"46179008000168","razaoSocial":"BRASTERAPICA PHARMACEUTICA LTDA.","numeroAutorizacao":"1000381","cnpjFormatado":"46.179.008/0001-68"},"processo":{"numero":"250000135999986","situacao":29,"numeroProcessoFormatado":"25000.013599/99-86"}},{"ordem":29,"produto":{"codigo":141059,"nome":"DICLOFENACO POTASSICO","numeroRegistro":"100380108","tipo":{"codigo":1,"descricao":null},"categoria":null,"situacaoRotulo":null,"dataVencimento":null,"mesAnoVencimento":"072009","dataVencimentoRegistro":"2009-07-01T00:00:00.000-0300","principioAtivo":null,"situacaoApresentacao":"Caduco/Cancelado","dataRegistro":"1999-07-06T00:00:00.000-0300","categoriaRegulatoria":{"codigo":8,"descricao":"Similar"},"medicamentoReferencia":null,"categoriaProduto":null,"tipoAutorizacao":"REGISTRADO","numeroRegistroFormatado":"100380108","mesAnoVencimentoFormatado":"07/2009","acancelar":false},"empresa":{"cnpj":"46179008000168","razaoSocial":"BRASTERAPICA PHARMACEUTICA LTDA.","numeroAutorizacao":"1000381","cnpjFormatado":"46.179.008/0001-68"},"processo":{"numero":"250000054319276","situacao":29,"numeroProcessoFormatado":"25000.005431/92-76"}},{"ordem":30,"produto":{"codigo":165044,"nome":"DIFEDRIL","numeroRegistro":"100380006","tipo":{"codigo":1,"descricao":null},"categoria":null,"situacaoRotulo":null,"dataVencimento":null,"mesAnoVencimento":"092006","dataVencimentoRegistro":"2006-09-01T00:00:00.000-0300","principioAtivo":null,"situacaoApresentacao":"Caduco/Cancelado","dataRegistro":"2002-11-28T00:00:00.000-0300","categoriaRegulatoria":{"codigo":8,"descricao":"Similar"},"medicamentoReferencia":null,"categoriaProduto":null,"tipoAutorizacao":"REGISTRADO","numeroRegistroFormatado":"100380006","mesAnoVencimentoFormatado":"09/2006","acancelar":false},"empresa":{"cnpj":"46179008000168","razaoSocial":"BRASTERAPICA PHARMACEUTICA LTDA.","numeroAutorizacao":"1000381","cnpjFormatado":"46.179.008/0001-68"},"processo":{"numero":"2599200658971","situacao":29,"numeroProcessoFormatado":"25992.006589/71"}},{"ordem":31,"produto":{"codigo":5512,"nome":"ENATIL","numeroRegistro":"100380077","tipo":{"codigo":1,"descricao":null},"categoria":null,"situacaoRotulo":null,"dataVencimento":null,"mesAnoVencimento":"052006","dataVencimentoRegistro":"2006-05-01T00:00:00.000-0300","principioAtivo":null,"situacaoApresentacao":"Caduco/Cancelado","dataRegistro":"2001-06-11T00:00:00.000-0300","categoriaRegulatoria":{"codigo":8,"descricao":"Similar"},"medicamentoReferencia":null,"categoriaProduto":null,"tipoAutorizacao":"REGISTRADO","numeroRegistroFormatado":"100380077","mesAnoVencimentoFormatado":"05/2006","acancelar":false},"empresa":{"cnpj":"46179008000168","razaoSocial":"BRASTERAPICA PHARMACEUTICA LTDA.","numeroAutorizacao":"1000381","cnpjFormatado":"46.179.008/0001-68"},"processo":{"numero":"253510313870089","situacao":29,"numeroProcessoFormatado":"25351.031387/00-89"}},{"ordem":32,"produto":{"codigo":368503,"nome":"FELROXIDENE","numeroRegistro":"100380090","tipo":{"codigo":1,"descricao":null},"categoria":null,"situacaoRotulo":null,"dataVencimento":null,"mesAnoVencimento":"092009","dataVencimentoRegistro":"2009-09-01T00:00:00.000-0300","principioAtivo":null,"situacaoApresentacao":"Caduco/Cancelado","dataRegistro":"2004-09-21T00:00:00.000-0300","categoriaRegulatoria":{"codigo":8,"descricao":"Similar"},"medicamentoReferencia":null,"categoriaProduto":null,"tipoAutorizacao":"REGISTRADO","numeroRegistroFormatado":"100380090","mesAnoVencimentoFormatado":"09/2009","acancelar":false},"empresa":{"cnpj":"46179008000168","razaoSocial":"BRASTERAPICA PHARMACEUTICA LTDA.","numeroAutorizacao":"1000381","cnpjFormatado":"46.179.008/0001-68"},"processo":{"numero":"253510407030149","situacao":29,"numeroProcessoFormatado":"25351.040703/01-49"}},{"ordem":33,"produto":{"codigo":125521,"nome":"FLATUNON","numeroRegistro":"100380081","tipo":{"codigo":1,"descricao":null},"categoria":null,"situacaoRotulo":null,"dataVencimento":null,"mesAnoVencimento":"052007","dataVencimentoRegistro":"2007-05-01T00:00:00.000-0300","principioAtivo":null,"situacaoApresentacao":"Caduco/Cancelado","dataRegistro":"2002-05-24T00:00:00.000-0300","categoriaRegulatoria":{"codigo":8,"descricao":"Similar"},"medicamentoReferencia":null,"categoriaProduto":null,"tipoAutorizacao":"REGISTRADO","numeroRegistroFormatado":"100380081","mesAnoVencimentoFormatado":"05/2007","acancelar":false},"empresa":{"cnpj":"46179008000168","razaoSocial":"BRASTERAPICA PHARMACEUTICA LTDA.","numeroAutorizacao":"1000381","cnpjFormatado":"46.179.008/0001-68"},"processo":{"numero":"253510407100112","situacao":29,"numeroProcessoFormatado":"25351.040710/01-12"}},{"ordem":34,"produto":{"codigo":6331,"nome":"FLOXIN","numeroRegistro":"100380072","tipo":{"codigo":1,"descricao":null},"categoria":null,"situacaoRotulo":null,"dataVencimento":null,"mesAnoVencimento":"052006","dataVencimentoRegistro":"2006-05-01T00:00:00.000-0300","principioAtivo":null,"situacaoApresentacao":"Caduco/Cancelado","dataRegistro":"2001-05-31T00:00:00.000-0300","categoriaRegulatoria":{"codigo":8,"descricao":"Similar"},"medicamentoReferencia":null,"categoriaProduto":null,"tipoAutorizacao":"REGISTRADO","numeroRegistroFormatado":"100380072","mesAnoVencimentoFormatado":"05/2006","acancelar":false},"empresa":{"cnpj":"46179008000168","razaoSocial":"BRASTERAPICA PHARMACEUTICA LTDA.","numeroAutorizacao":"1000381","cnpjFormatado":"46.179.008/0001-68"},"processo":{"numero":"253510313880041","situacao":29,"numeroProcessoFormatado":"25351.031388/00-41"}},{"ordem":35,"produto":{"codigo":4255,"nome":"FLUCOTIL","numeroRegistro":"100380057","tipo":{"codigo":1,"descricao":null},"categoria":null,"situacaoRotulo":null,"dataVencimento":null,"mesAnoVencimento":"052005","dataVencimentoRegistro":"2005-05-01T00:00:00.000-0300","principioAtivo":null,"situacaoApresentacao":"Caduco/Cancelado","dataRegistro":"2000-05-11T00:00:00.000-0300","categoriaRegulatoria":{"codigo":8,"descricao":"Similar"},"medicamentoReferencia":null,"categoriaProduto":null,"tipoAutorizacao":"REGISTRADO","numeroRegistroFormatado":"100380057","mesAnoVencimentoFormatado":"05/2005","acancelar":false},"empresa":{"cnpj":"46179008000168","razaoSocial":"BRASTERAPICA PHARMACEUTICA LTDA.","numeroAutorizacao":"1000381","cnpjFormatado":"46.179.008/0001-68"},"processo":{"numero":"250000029509318","situacao":29,"numeroProcessoFormatado":"25000.002950/93-18"}},{"ordem":36,"produto":{"codigo":404618,"nome":"FLUORVITA","numeroRegistro":"100380027","tipo":{"codigo":1,"descricao":null},"categoria":null,"situacaoRotulo":null,"dataVencimento":null,"mesAnoVencimento":"022005","dataVencimentoRegistro":"2005-02-01T00:00:00.000-0300","principioAtivo":null,"situacaoApresentacao":"Caduco/Cancelado","dataRegistro":"1995-01-02T00:00:00.000-0300","categoriaRegulatoria":{"codigo":3,"descricao":"Específico"},"medicamentoReferencia":null,"categoriaProduto":null,"tipoAutorizacao":"REGISTRADO","numeroRegistroFormatado":"100380027","mesAnoVencimentoFormatado":"02/2005","acancelar":false},"empresa":{"cnpj":"46179008000168","razaoSocial":"BRASTERAPICA PHARMACEUTICA LTDA.","numeroAutorizacao":"1000381","cnpjFormatado":"46.179.008/0001-68"},"processo":{"numero":"2599201005969","situacao":29,"numeroProcessoFormatado":"25992.010059/69"}},{"ordem":37,"produto":{"codigo":4423,"nome":"FUROSEMIN","numeroRegistro":"100380063","tipo":{"codigo":1,"descricao":null},"categoria":null,"situacaoRotulo":null,"dataVencimento":null,"mesAnoVencimento":"072010","dataVencimentoRegistro":"2010-07-01T00:00:00.000-0300","principioAtivo":null,"situacaoApresentacao":"Caduco/Cancelado","dataRegistro":"2000-07-19T00:00:00.000-0300","categoriaRegulatoria":{"codigo":8,"descricao":"Similar"},"medicamentoReferencia":null,"categoriaProduto":null,"tipoAutorizacao":"REGISTRADO","numeroRegistroFormatado":"100380063","mesAnoVencimentoFormatado":"07/2010","acancelar":false},"empresa":{"cnpj":"46179008000168","razaoSocial":"BRASTERAPICA PHARMACEUTICA LTDA.","numeroAutorizacao":"1000381","cnpjFormatado":"46.179.008/0001-68"},"processo":{"numero":"250000135929937","situacao":29,"numeroProcessoFormatado":"25000.013592/99-37"}},{"ordem":38,"produto":{"codigo":6407,"nome":"GASTROCIMET","numeroRegistro":"100380022","tipo":{"codigo":1,"descricao":null},"categoria":null,"situacaoRotulo":null,"dataVencimento":null,"mesAnoVencimento":"112011","dataVencimentoRegistro":"2011-11-01T00:00:00.000-0300","principioAtivo":null,"situacaoApresentacao":"Caduco/Cancelado","dataRegistro":"1998-08-03T00:00:00.000-0300","categoriaRegulatoria":{"codigo":8,"descricao":"Similar"},"medicamentoReferencia":null,"categoriaProduto":null,"tipoAutorizacao":"REGISTRADO","numeroRegistroFormatado":"100380022","mesAnoVencimentoFormatado":"11/2011","acancelar":false},"empresa":{"cnpj":"46179008000168","razaoSocial":"BRASTERAPICA PHARMACEUTICA LTDA.","numeroAutorizacao":"1000381","cnpjFormatado":"46.179.008/0001-68"},"processo":{"numero":"2500001010490","situacao":29,"numeroProcessoFormatado":"25000.010104/90"}},{"ordem":39,"produto":{"codigo":1181777,"nome":"GINKGO BILOBA BRASTERAPICA","numeroRegistro":"100380107","tipo":{"codigo":1,"descricao":null},"categoria":null,"situacaoRotulo":null,"dataVencimento":null,"mesAnoVencimento":"112029","dataVencimentoRegistro":"2029-11-01T00:00:00.000-0300","principioAtivo":"GINKGO BILOBA L.","situacaoApresentacao":"Válido","dataRegistro":"2019-11-25T00:00:00.000-0300","categoriaRegulatoria":{"codigo":4,"descricao":"Fitoterápico"},"medicamentoReferencia":null,"categoriaProduto":null,"tipoAutorizacao":"REGISTRADO","numeroRegistroFormatado":"100380107","mesAnoVencimentoFormatado":"11/2029","acancelar":false},"empresa":{"cnpj":"46179008000168","razaoSocial":"BRASTERAPICA PHARMACEUTICA LTDA.","numeroAutorizacao":"1000381","cnpjFormatado":"46.179.008/0001-68"},"processo":{"numero":"25351873987201600","situacao":29,"numeroProcessoFormatado":"25351.873987/2016-00"}},{"ordem":40,"produto":{"codigo":173002,"nome":"GLIBENCLAMIDA","numeroRegistro":"100380087","tipo":{"codigo":1,"descricao":null},"categoria":null,"situacaoRotulo":null,"dataVencimento":null,"mesAnoVencimento":"022008","dataVencimentoRegistro":"2008-02-01T00:00:00.000-0300","principioAtivo":null,"situacaoApresentacao":"Caduco/Cancelado","dataRegistro":"2003-02-06T00:00:00.000-0300","categoriaRegulatoria":{"codigo":8,"descricao":"Similar"},"medicamentoReferencia":null,"categoriaProduto":null,"tipoAutorizacao":"REGISTRADO","numeroRegistroFormatado":"100380087","mesAnoVencimentoFormatado":"02/2008","acancelar":false},"empresa":{"cnpj":"46179008000168","razaoSocial":"BRASTERAPICA PHARMACEUTICA LTDA.","numeroAutorizacao":"1000381","cnpjFormatado":"46.179.008/0001-68"},"processo":{"numero":"253510407040110","situacao":29,"numeroProcessoFormatado":"25351.040704/01-10"}},{"ordem":41,"produto":{"codigo":4600,"nome":"GLICEL","numeroRegistro":"100380062","tipo":{"codigo":1,"descricao":null},"categoria":null,"situacaoRotulo":null,"dataVencimento":null,"mesAnoVencimento":"072010","dataVencimentoRegistro":"2010-07-01T00:00:00.000-0300","principioAtivo":null,"situacaoApresentacao":"Caduco/Cancelado","dataRegistro":"2000-07-19T00:00:00.000-0300","categoriaRegulatoria":{"codigo":8,"descricao":"Similar"},"medicamentoReferencia":null,"categoriaProduto":null,"tipoAutorizacao":"REGISTRADO","numeroRegistroFormatado":"100380062","mesAnoVencimentoFormatado":"07/2010","acancelar":false},"empresa":{"cnpj":"46179008000168","razaoSocial":"BRASTERAPICA PHARMACEUTICA LTDA.","numeroAutorizacao":"1000381","cnpjFormatado":"46.179.008/0001-68"},"processo":{"numero":"250000135909910","situacao":29,"numeroProcessoFormatado":"25000.013590/99-10"}},{"ordem":42,"produto":{"codigo":3627703,"nome":"GRIPALCEFITO","numeroRegistro":"100380113","tipo":{"codigo":1,"descricao":null},"categoria":null,"situacaoRotulo":null,"dataVencimento":"2034-03-11T00:00:00.000-0300","mesAnoVencimento":"032034","dataVencimentoRegistro":"2034-03-01T00:00:00.000-0300","principioAtivo":"HEDERA HELIX L.","situacaoApresentacao":"Válido","dataRegistro":"2024-03-11T00:00:00.000-0300","categoriaRegulatoria":{"codigo":4,"descricao":"Fitoterápico"},"medicamentoReferencia":null,"categoriaProduto":null,"tipoAutorizacao":"REGISTRADO","numeroRegistroFormatado":"100380113","mesAnoVencimentoFormatado":"03/2034","acancelar":false},"empresa":{"cnpj":"46179008000168","razaoSocial":"BRASTERAPICA PHARMACEUTICA LTDA.","numeroAutorizacao":"1000381","cnpjFormatado":"46.179.008/0001-68"},"processo":{"numero":"25351398878202310","situacao":29,"numeroProcessoFormatado":"25351.398878/2023-10"}},{"ordem":43,"produto":{"codigo":6681,"nome":"GRIPALCÊ","numeroRegistro":"100380069","tipo":{"codigo":1,"descricao":null},"categoria":null,"situacaoRotulo":null,"dataVencimento":null,"mesAnoVencimento":"062026","dataVencimentoRegistro":"2026-06-01T00:00:00.000-0300","principioAtivo":"PARACETAMOL, MALEATO DE CLORFENAMINA, CLORIDRATO DE FENILEFRINA","situacaoApresentacao":"Válido","dataRegistro":"2001-06-04T00:00:00.000-0300","categoriaRegulatoria":{"codigo":8,"descricao":"Similar"},"medicamentoReferencia":"RESFENOL","categoriaProduto":null,"tipoAutorizacao":"REGISTRADO","numeroRegistroFormatado":"100380069","mesAnoVencimentoFormatado":"06/2026","acancelar":false},"empresa":{"cnpj":"46179008000168","razaoSocial":"BRASTERAPICA PHARMACEUTICA LTDA.","numeroAutorizacao":"1000381","cnpjFormatado":"46.179.008/0001-68"},"processo":{"numero":"253510313950015","situacao":29,"numeroProcessoFormatado":"25351.031395/00-15"}},{"ordem":44,"produto":{"codigo":1949136,"nome":"GRIPALCÊ UNO","numeroRegistro":"100380110","tipo":{"codigo":1,"descricao":null},"categoria":null,"situacaoRotulo":null,"dataVencimento":"2031-03-06T00:00:00.000-0300","mesAnoVencimento":"032031","dataVencimentoRegistro":"2031-03-01T00:00:00.000-0300","principioAtivo":null,"situacaoApresentacao":"Caduco/Cancelado","dataRegistro":"2021-03-22T00:00:00.000-0300","categoriaRegulatoria":{"codigo":8,"descricao":"Similar"},"medicamentoReferencia":"TYLENOL","categoriaProduto":null,"tipoAutorizacao":"REGISTRADO","numeroRegistroFormatado":"100380110","mesAnoVencimentoFormatado":"03/2031","acancelar":false},"empresa":{"cnpj":"46179008000168","razaoSocial":"BRASTERAPICA PHARMACEUTICA LTDA.","numeroAutorizacao":"1000381","cnpjFormatado":"46.179.008/0001-68"},"processo":{"numero":"25351324769202013","situacao":29,"numeroProcessoFormatado":"25351.324769/2020-13"}},{"ordem":45,"produto":{"codigo":372346,"nome":"HELMIN","numeroRegistro":"100380019","tipo":{"codigo":1,"descricao":null},"categoria":null,"situacaoRotulo":null,"dataVencimento":null,"mesAnoVencimento":"032004","dataVencimentoRegistro":"2004-03-01T00:00:00.000-0300","principioAtivo":null,"situacaoApresentacao":"Caduco/Cancelado","dataRegistro":"1989-08-27T00:00:00.000-0300","categoriaRegulatoria":{"codigo":null,"descricao":null},"medicamentoReferencia":null,"categoriaProduto":null,"tipoAutorizacao":"REGISTRADO","numeroRegistroFormatado":"100380019","mesAnoVencimentoFormatado":"03/2004","acancelar":false},"empresa":{"cnpj":"46179008000168","razaoSocial":"BRASTERAPICA PHARMACEUTICA LTDA.","numeroAutorizacao":"1000381","cnpjFormatado":"46.179.008/0001-68"},"processo":{"numero":"2599101641576","situacao":29,"numeroProcessoFormatado":"25991.016415/76"}},{"ordem":46,"produto":{"codigo":1268606,"nome":"HEVELAIR","numeroRegistro":"100380104","tipo":{"codigo":1,"descricao":null},"categoria":null,"situacaoRotulo":null,"dataVencimento":null,"mesAnoVencimento":"122027","dataVencimentoRegistro":"2027-12-01T00:00:00.000-0300","principioAtivo":"HEDERA HELIX L.","situacaoApresentacao":"Válido","dataRegistro":"2018-08-27T00:00:00.000-0300","categoriaRegulatoria":{"codigo":4,"descricao":"Fitoterápico"},"medicamentoReferencia":null,"categoriaProduto":null,"tipoAutorizacao":"REGISTRADO","numeroRegistroFormatado":"100380104","mesAnoVencimentoFormatado":"12/2027","acancelar":false},"empresa":{"cnpj":"46179008000168","razaoSocial":"BRASTERAPICA PHARMACEUTICA LTDA.","numeroAutorizacao":"1000381","cnpjFormatado":"46.179.008/0001-68"},"processo":{"numero":"25351409025201853","situacao":29,"numeroProcessoFormatado":"25351.409025/2018-53"}},{"ordem":47,"produto":{"codigo":169764,"nome":"HIDROCLOROTIAZIDA","numeroRegistro":"100380086","tipo":{"codigo":1,"descricao":null},"categoria":null,"situacaoRotulo":null,"dataVencimento":null,"mesAnoVencimento":"122007","dataVencimentoRegistro":"2007-12-01T00:00:00.000-0300","principioAtivo":null,"situacaoApresentacao":"Caduco/Cancelado","dataRegistro":"2002-12-20T00:00:00.000-0300","categoriaRegulatoria":{"codigo":8,"descricao":"Similar"},"medicamentoReferencia":null,"categoriaProduto":null,"tipoAutorizacao":"REGISTRADO","numeroRegistroFormatado":"100380086","mesAnoVencimentoFormatado":"12/2007","acancelar":false},"empresa":{"cnpj":"46179008000168","razaoSocial":"BRASTERAPICA PHARMACEUTICA LTDA.","numeroAutorizacao":"1000381","cnpjFormatado":"46.179.008/0001-68"},"processo":{"numero":"253510407090125","situacao":29,"numeroProcessoFormatado":"25351.040709/01-25"}},{"ordem":48,"produto":{"codigo":5511,"nome":"HIDROPRESSIN","numeroRegistro":"100380075","tipo":{"codigo":1,"descricao":null},"categoria":null,"situacaoRotulo":null,"dataVencimento":null,"mesAnoVencimento":"062006","dataVencimentoRegistro":"2006-06-01T00:00:00.000-0300","principioAtivo":null,"situacaoApresentacao":"Caduco/Cancelado","dataRegistro":"2001-06-11T00:00:00.000-0300","categoriaRegulatoria":{"codigo":8,"descricao":"Similar"},"medicamentoReferencia":null,"categoriaProduto":null,"tipoAutorizacao":"REGISTRADO","numeroRegistroFormatado":"100380075","mesAnoVencimentoFormatado":"06/2006","acancelar":false},"empresa":{"cnpj":"46179008000168","razaoSocial":"BRASTERAPICA PHARMACEUTICA LTDA.","numeroAutorizacao":"1000381","cnpjFormatado":"46.179.008/0001-68"},"processo":{"numero":"253510313890012","situacao":29,"numeroProcessoFormatado":"25351.031389/00-12"}},{"ordem":49,"produto":{"codigo":4857,"nome":"HIDRÓXIDO DE ALUMÍNIO","numeroRegistro":"100380066","tipo":{"codigo":1,"descricao":null},"categoria":null,"situacaoRotulo":null,"dataVencimento":null,"mesAnoVencimento":"112005","dataVencimentoRegistro":"2005-11-01T00:00:00.000-0300","principioAtivo":null,"situacaoApresentacao":"Caduco/Cancelado","dataRegistro":"2000-11-09T00:00:00.000-0300","categoriaRegulatoria":{"codigo":8,"descricao":"Similar"},"medicamentoReferencia":"PEPSAMAR","categoriaProduto":null,"tipoAutorizacao":"REGISTRADO","numeroRegistroFormatado":"100380066","mesAnoVencimentoFormatado":"11/2005","acancelar":false},"empresa":{"cnpj":"46179008000168","razaoSocial":"BRASTERAPICA PHARMACEUTICA LTDA.","numeroAutorizacao":"1000381","cnpjFormatado":"46.179.008/0001-68"},"processo":{"numero":"250000136039951","situacao":29,"numeroProcessoFormatado":"25000.013603/99-51"}},{"ordem":50,"produto":{"codigo":3039,"nome":"HIGROTALIN","numeroRegistro":"100380054","tipo":{"codigo":1,"descricao":null},"categoria":null,"situacaoRotulo":null,"dataVencimento":null,"mesAnoVencimento":"012005","dataVencimentoRegistro":"2005-01-01T00:00:00.000-0300","principioAtivo":null,"situacaoApresentacao":"Caduco/Cancelado","dataRegistro":"2000-01-13T00:00:00.000-0200","categoriaRegulatoria":{"codigo":8,"descricao":"Similar"},"medicamentoReferencia":null,"categoriaProduto":null,"tipoAutorizacao":"REGISTRADO","numeroRegistroFormatado":"100380054","mesAnoVencimentoFormatado":"01/2005","acancelar":false},"empresa":{"cnpj":"46179008000168","razaoSocial":"BRASTERAPICA PHARMACEUTICA LTDA.","numeroAutorizacao":"1000381","cnpjFormatado":"46.179.008/0001-68"},"processo":{"numero":"250000135939908","situacao":29,"numeroProcessoFormatado":"25000.013593/99-08"}},{"ordem":51,"produto":{"codigo":5151,"nome":"ICONAZOL","numeroRegistro":"100380078","tipo":{"codigo":1,"descricao":null},"categoria":null,"situacaoRotulo":null,"dataVencimento":null,"mesAnoVencimento":"062006","dataVencimentoRegistro":"2006-06-01T00:00:00.000-0300","principioAtivo":null,"situacaoApresentacao":"Caduco/Cancelado","dataRegistro":"2001-06-08T00:00:00.000-0300","categoriaRegulatoria":{"codigo":8,"descricao":"Similar"},"medicamentoReferencia":null,"categoriaProduto":null,"tipoAutorizacao":"REGISTRADO","numeroRegistroFormatado":"100380078","mesAnoVencimentoFormatado":"06/2006","acancelar":false},"empresa":{"cnpj":"46179008000168","razaoSocial":"BRASTERAPICA PHARMACEUTICA LTDA.","numeroAutorizacao":"1000381","cnpjFormatado":"46.179.008/0001-68"},"processo":{"numero":"253510313850053","situacao":29,"numeroProcessoFormatado":"25351.031385/00-53"}},{"ordem":52,"produto":{"codigo":5462,"nome":"LOVATINA","numeroRegistro":"100380071","tipo":{"codigo":1,"descricao":null},"categoria":null,"situacaoRotulo":null,"dataVencimento":null,"mesAnoVencimento":"052006","dataVencimentoRegistro":"2006-05-01T00:00:00.000-0300","principioAtivo":null,"situacaoApresentacao":"Caduco/Cancelado","dataRegistro":"2001-05-31T00:00:00.000-0300","categoriaRegulatoria":{"codigo":8,"descricao":"Similar"},"medicamentoReferencia":null,"categoriaProduto":null,"tipoAutorizacao":"REGISTRADO","numeroRegistroFormatado":"100380071","mesAnoVencimentoFormatado":"05/2006","acancelar":false},"empresa":{"cnpj":"46179008000168","razaoSocial":"BRASTERAPICA PHARMACEUTICA LTDA.","numeroAutorizacao":"1000381","cnpjFormatado":"46.179.008/0001-68"},"processo":{"numero":"253510313930081","situacao":29,"numeroProcessoFormatado":"25351.031393/00-81"}},{"ordem":53,"produto":{"codigo":126564,"nome":"MALVOLIT","numeroRegistro":"100380031","tipo":{"codigo":1,"descricao":null},"categoria":null,"situacaoRotulo":null,"dataVencimento":null,"mesAnoVencimento":"022007","dataVencimentoRegistro":"2007-02-01T00:00:00.000-0300","principioAtivo":null,"situacaoApresentacao":"Caduco/Cancelado","dataRegistro":"2002-04-11T00:00:00.000-0300","categoriaRegulatoria":{"codigo":8,"descricao":"Similar"},"medicamentoReferencia":null,"categoriaProduto":null,"tipoAutorizacao":"REGISTRADO","numeroRegistroFormatado":"100380031","mesAnoVencimentoFormatado":"02/2007","acancelar":false},"empresa":{"cnpj":"46179008000168","razaoSocial":"BRASTERAPICA PHARMACEUTICA LTDA.","numeroAutorizacao":"1000381","cnpjFormatado":"46.179.008/0001-68"},"processo":{"numero":"2500000736090","situacao":29,"numeroProcessoFormatado":"25000.007360/90"}},{"ordem":54,"produto":{"codigo":5710,"nome":"MENTOGEL","numeroRegistro":"100380035","tipo":{"codigo":1,"descricao":null},"categoria":null,"situacaoRotulo":null,"dataVencimento":null,"mesAnoVencimento":"042004","dataVencimentoRegistro":"2004-04-01T00:00:00.000-0300","principioAtivo":null,"situacaoApresentacao":"Caduco/Cancelado","dataRegistro":"1999-04-09T00:00:00.000-0300","categoriaRegulatoria":{"codigo":8,"descricao":"Similar"},"medicamentoReferencia":null,"categoriaProduto":null,"tipoAutorizacao":"REGISTRADO","numeroRegistroFormatado":"100380035","mesAnoVencimentoFormatado":"04/2004","acancelar":false},"empresa":{"cnpj":"46179008000168","razaoSocial":"BRASTERAPICA PHARMACEUTICA LTDA.","numeroAutorizacao":"1000381","cnpjFormatado":"46.179.008/0001-68"},"processo":{"numero":"250000137789229","situacao":29,"numeroProcessoFormatado":"25000.013778/92-29"}},{"ordem":55,"produto":{"codigo":5708,"nome":"MENTOL + ASSOCIACAO","numeroRegistro":"100380037","tipo":{"codigo":1,"descricao":null},"categoria":null,"situacaoRotulo":null,"dataVencimento":null,"mesAnoVencimento":"092003","dataVencimentoRegistro":"2003-09-01T00:00:00.000-0300","principioAtivo":null,"situacaoApresentacao":"Caduco/Cancelado","dataRegistro":"1998-09-03T00:00:00.000-0300","categoriaRegulatoria":{"codigo":8,"descricao":"Similar"},"medicamentoReferencia":null,"categoriaProduto":null,"tipoAutorizacao":"REGISTRADO","numeroRegistroFormatado":"100380037","mesAnoVencimentoFormatado":"09/2003","acancelar":false},"empresa":{"cnpj":"46179008000168","razaoSocial":"BRASTERAPICA PHARMACEUTICA LTDA.","numeroAutorizacao":"1000381","cnpjFormatado":"46.179.008/0001-68"},"processo":{"numero":"250000086889239","situacao":29,"numeroProcessoFormatado":"25000.008688/92-39"}},{"ordem":56,"produto":{"codigo":5785,"nome":"METFORM","numeroRegistro":"100380068","tipo":{"codigo":1,"descricao":null},"categoria":null,"situacaoRotulo":null,"dataVencimento":null,"mesAnoVencimento":"052011","dataVencimentoRegistro":"2011-05-01T00:00:00.000-0300","principioAtivo":null,"situacaoApresentacao":"Caduco/Cancelado","dataRegistro":"2001-06-04T00:00:00.000-0300","categoriaRegulatoria":{"codigo":8,"descricao":"Similar"},"medicamentoReferencia":null,"categoriaProduto":null,"tipoAutorizacao":"REGISTRADO","numeroRegistroFormatado":"100380068","mesAnoVencimentoFormatado":"05/2011","acancelar":false},"empresa":{"cnpj":"46179008000168","razaoSocial":"BRASTERAPICA PHARMACEUTICA LTDA.","numeroAutorizacao":"1000381","cnpjFormatado":"46.179.008/0001-68"},"processo":{"numero":"253510313910056","situacao":29,"numeroProcessoFormatado":"25351.031391/00-56"}},{"ordem":57,"produto":{"codigo":7697,"nome":"NEOMINA","numeroRegistro":"100380030","tipo":{"codigo":1,"descricao":null},"categoria":null,"situacaoRotulo":null,"dataVencimento":null,"mesAnoVencimento":"012007","dataVencimentoRegistro":"2007-01-01T00:00:00.000-0300","principioAtivo":null,"situacaoApresentacao":"Caduco/Cancelado","dataRegistro":"2002-03-01T00:00:00.000-0300","categoriaRegulatoria":{"codigo":8,"descricao":"Similar"},"medicamentoReferencia":null,"categoriaProduto":null,"tipoAutorizacao":"REGISTRADO","numeroRegistroFormatado":"100380030","mesAnoVencimentoFormatado":"01/2007","acancelar":false},"empresa":{"cnpj":"46179008000168","razaoSocial":"BRASTERAPICA PHARMACEUTICA LTDA.","numeroAutorizacao":"1000381","cnpjFormatado":"46.179.008/0001-68"},"processo":{"numero":"2500100643586","situacao":29,"numeroProcessoFormatado":"25001.006435/86"}},{"ordem":58,"produto":{"codigo":346789,"nome":"NIMETEC","numeroRegistro":"100380089","tipo":{"codigo":1,"descricao":null},"categoria":null,"situacaoRotulo":null,"dataVencimento":null,"mesAnoVencimento":"122008","dataVencimentoRegistro":"2008-12-01T00:00:00.000-0300","principioAtivo":null,"situacaoApresentacao":"Caduco/Cancelado","dataRegistro":"2003-12-16T00:00:00.000-0300","categoriaRegulatoria":{"codigo":8,"descricao":"Similar"},"medicamentoReferencia":null,"categoriaProduto":null,"tipoAutorizacao":"REGISTRADO","numeroRegistroFormatado":"100380089","mesAnoVencimentoFormatado":"12/2008","acancelar":false},"empresa":{"cnpj":"46179008000168","razaoSocial":"BRASTERAPICA PHARMACEUTICA LTDA.","numeroAutorizacao":"1000381","cnpjFormatado":"46.179.008/0001-68"},"processo":{"numero":"253510407110177","situacao":29,"numeroProcessoFormatado":"25351.040711/01-77"}},{"ordem":59,"produto":{"codigo":6164,"nome":"NIMOPIN","numeroRegistro":"100380079","tipo":{"codigo":1,"descricao":null},"categoria":null,"situacaoRotulo":null,"dataVencimento":null,"mesAnoVencimento":"062006","dataVencimentoRegistro":"2006-06-01T00:00:00.000-0300","principioAtivo":null,"situacaoApresentacao":"Caduco/Cancelado","dataRegistro":"2001-06-21T00:00:00.000-0300","categoriaRegulatoria":{"codigo":8,"descricao":"Similar"},"medicamentoReferencia":null,"categoriaProduto":null,"tipoAutorizacao":"REGISTRADO","numeroRegistroFormatado":"100380079","mesAnoVencimentoFormatado":"06/2006","acancelar":false},"empresa":{"cnpj":"46179008000168","razaoSocial":"BRASTERAPICA PHARMACEUTICA LTDA.","numeroAutorizacao":"1000381","cnpjFormatado":"46.179.008/0001-68"},"processo":{"numero":"253510313860016","situacao":29,"numeroProcessoFormatado":"25351.031386/00-16"}},{"ordem":60,"produto":{"codigo":2417,"nome":"PETIVIT -BC","numeroRegistro":"100380038","tipo":{"codigo":1,"descricao":null},"categoria":null,"situacaoRotulo":null,"dataVencimento":"2028-10-18T00:00:00.000-0300","mesAnoVencimento":"102028","dataVencimentoRegistro":"2028-10-01T00:00:00.000-0300","principioAtivo":"CLORIDRATO DE CIPROEPTADINA, CLORIDRATO DE TIAMINA, RIBOFLAVINA, CLORIDRATO DE PIRIDOXINA, NIACINAMIDA, ÁCIDO ASCÓRBICO","situacaoApresentacao":"Válido","dataRegistro":"1998-10-14T00:00:00.000-0300","categoriaRegulatoria":{"codigo":8,"descricao":"Similar"},"medicamentoReferencia":null,"categoriaProduto":null,"tipoAutorizacao":"REGISTRADO","numeroRegistroFormatado":"100380038","mesAnoVencimentoFormatado":"10/2028","acancelar":false},"empresa":{"cnpj":"46179008000168","razaoSocial":"BRASTERAPICA PHARMACEUTICA LTDA.","numeroAutorizacao":"1000381","cnpjFormatado":"46.179.008/0001-68"},"processo":{"numero":"250000054309211","situacao":29,"numeroProcessoFormatado":"25000.005430/92-11"}},{"ordem":61,"produto":{"codigo":565397,"nome":"PHITOSS","numeroRegistro":"100380093","tipo":{"codigo":1,"descricao":null},"categoria":null,"situacaoRotulo":null,"dataVencimento":null,"mesAnoVencimento":"042014","dataVencimentoRegistro":"2014-04-01T00:00:00.000-0300","principioAtivo":null,"situacaoApresentacao":"Caduco/Cancelado","dataRegistro":"2008-08-25T00:00:00.000-0300","categoriaRegulatoria":{"codigo":4,"descricao":"Fitoterápico"},"medicamentoReferencia":null,"categoriaProduto":null,"tipoAutorizacao":"REGISTRADO","numeroRegistroFormatado":"100380093","mesAnoVencimentoFormatado":"04/2014","acancelar":false},"empresa":{"cnpj":"46179008000168","razaoSocial":"BRASTERAPICA PHARMACEUTICA LTDA.","numeroAutorizacao":"1000381","cnpjFormatado":"46.179.008/0001-68"},"processo":{"numero":"25351055164200881","situacao":31,"numeroProcessoFormatado":"25351.055164/2008-81"}},{"ordem":62,"produto":{"codigo":1155954,"nome":"PHITOSS","numeroRegistro":"100380105","tipo":{"codigo":1,"descricao":null},"categoria":null,"situacaoRotulo":null,"dataVencimento":null,"mesAnoVencimento":"022029","dataVencimentoRegistro":"2029-02-01T00:00:00.000-0300","principioAtivo":"HEDERA HELIX L.","situacaoApresentacao":"Válido","dataRegistro":"2019-02-04T00:00:00.000-0300","categoriaRegulatoria":{"codigo":4,"descricao":"Fitoterápico"},"medicamentoReferencia":null,"categoriaProduto":null,"tipoAutorizacao":"REGISTRADO","numeroRegistroFormatado":"100380105","mesAnoVencimentoFormatado":"02/2029","acancelar":false},"empresa":{"cnpj":"46179008000168","razaoSocial":"BRASTERAPICA PHARMACEUTICA LTDA.","numeroAutorizacao":"1000381","cnpjFormatado":"46.179.008/0001-68"},"processo":{"numero":"25351568775201511","situacao":29,"numeroProcessoFormatado":"25351.568775/2015-11"}},{"ordem":63,"produto":{"codigo":7048,"nome":"PRAVANE","numeroRegistro":"100380073","tipo":{"codigo":1,"descricao":null},"categoria":null,"situacaoRotulo":null,"dataVencimento":null,"mesAnoVencimento":"052006","dataVencimentoRegistro":"2006-05-01T00:00:00.000-0300","principioAtivo":null,"situacaoApresentacao":"Caduco/Cancelado","dataRegistro":"2001-05-31T00:00:00.000-0300","categoriaRegulatoria":{"codigo":8,"descricao":"Similar"},"medicamentoReferencia":null,"categoriaProduto":null,"tipoAutorizacao":"REGISTRADO","numeroRegistroFormatado":"100380073","mesAnoVencimentoFormatado":"05/2006","acancelar":false},"empresa":{"cnpj":"46179008000168","razaoSocial":"BRASTERAPICA PHARMACEUTICA LTDA.","numeroAutorizacao":"1000381","cnpjFormatado":"46.179.008/0001-68"},"processo":{"numero":"253510313940044","situacao":29,"numeroProcessoFormatado":"25351.031394/00-44"}},{"ordem":64,"produto":{"codigo":7067,"nome":"PREDITEC","numeroRegistro":"100380080","tipo":{"codigo":1,"descricao":null},"categoria":null,"situacaoRotulo":null,"dataVencimento":null,"mesAnoVencimento":"112011","dataVencimentoRegistro":"2011-11-01T00:00:00.000-0300","principioAtivo":null,"situacaoApresentacao":"Caduco/Cancelado","dataRegistro":"2001-11-27T00:00:00.000-0200","categoriaRegulatoria":{"codigo":8,"descricao":"Similar"},"medicamentoReferencia":null,"categoriaProduto":null,"tipoAutorizacao":"REGISTRADO","numeroRegistroFormatado":"100380080","mesAnoVencimentoFormatado":"11/2011","acancelar":false},"empresa":{"cnpj":"46179008000168","razaoSocial":"BRASTERAPICA PHARMACEUTICA LTDA.","numeroAutorizacao":"1000381","cnpjFormatado":"46.179.008/0001-68"},"processo":{"numero":"253510163420156","situacao":29,"numeroProcessoFormatado":"25351.016342/01-56"}},{"ordem":65,"produto":{"codigo":2813,"nome":"PROPANOLON","numeroRegistro":"100380059","tipo":{"codigo":1,"descricao":null},"categoria":null,"situacaoRotulo":null,"dataVencimento":null,"mesAnoVencimento":"072010","dataVencimentoRegistro":"2010-07-01T00:00:00.000-0300","principioAtivo":null,"situacaoApresentacao":"Caduco/Cancelado","dataRegistro":"2000-07-13T00:00:00.000-0300","categoriaRegulatoria":{"codigo":8,"descricao":"Similar"},"medicamentoReferencia":null,"categoriaProduto":null,"tipoAutorizacao":"REGISTRADO","numeroRegistroFormatado":"100380059","mesAnoVencimentoFormatado":"07/2010","acancelar":false},"empresa":{"cnpj":"46179008000168","razaoSocial":"BRASTERAPICA PHARMACEUTICA LTDA.","numeroAutorizacao":"1000381","cnpjFormatado":"46.179.008/0001-68"},"processo":{"numero":"250000136009963","situacao":29,"numeroProcessoFormatado":"25000.013600/99-63"}},{"ordem":66,"produto":{"codigo":8207,"nome":"QUADRICEL","numeroRegistro":"100380041","tipo":{"codigo":1,"descricao":null},"categoria":null,"situacaoRotulo":null,"dataVencimento":null,"mesAnoVencimento":"052009","dataVencimentoRegistro":"2009-05-01T00:00:00.000-0300","principioAtivo":null,"situacaoApresentacao":"Caduco/Cancelado","dataRegistro":"1999-05-10T00:00:00.000-0300","categoriaRegulatoria":{"codigo":8,"descricao":"Similar"},"medicamentoReferencia":null,"categoriaProduto":null,"tipoAutorizacao":"REGISTRADO","numeroRegistroFormatado":"100380041","mesAnoVencimentoFormatado":"05/2009","acancelar":false},"empresa":{"cnpj":"46179008000168","razaoSocial":"BRASTERAPICA PHARMACEUTICA LTDA.","numeroAutorizacao":"1000381","cnpjFormatado":"46.179.008/0001-68"},"processo":{"numero":"250000135899922","situacao":29,"numeroProcessoFormatado":"25000.013589/99-22"}},{"ordem":67,"produto":{"codigo":372655,"nome":"RINODRIN","numeroRegistro":"100380026","tipo":{"codigo":1,"descricao":null},"categoria":null,"situacaoRotulo":null,"dataVencimento":null,"mesAnoVencimento":"072003","dataVencimentoRegistro":"2003-07-01T00:00:00.000-0300","principioAtivo":null,"situacaoApresentacao":"Caduco/Cancelado","dataRegistro":"2002-07-07T00:00:00.000-0300","categoriaRegulatoria":{"codigo":8,"descricao":"Similar"},"medicamentoReferencia":null,"categoriaProduto":null,"tipoAutorizacao":"REGISTRADO","numeroRegistroFormatado":"100380026","mesAnoVencimentoFormatado":"07/2003","acancelar":false},"empresa":{"cnpj":"46179008000168","razaoSocial":"BRASTERAPICA PHARMACEUTICA LTDA.","numeroAutorizacao":"1000381","cnpjFormatado":"46.179.008/0001-68"},"processo":{"numero":"2599200323979","situacao":29,"numeroProcessoFormatado":"25992.003239/79"}},{"ordem":68,"produto":{"codigo":341,"nome":"SALICETIL","numeroRegistro":"100380043","tipo":{"codigo":1,"descricao":null},"categoria":null,"situacaoRotulo":null,"dataVencimento":"2039-05-11T00:00:00.000-0300","mesAnoVencimento":"052029","dataVencimentoRegistro":"2029-05-01T00:00:00.000-0300","principioAtivo":"ACIDO ACETILSALICILICO, ÁCIDO ACETILSALICILSALICÍLICO","situacaoApresentacao":"Válido","dataRegistro":"1999-05-24T00:00:00.000-0300","categoriaRegulatoria":{"codigo":8,"descricao":"Similar"},"medicamentoReferencia":null,"categoriaProduto":null,"tipoAutorizacao":"REGISTRADO","numeroRegistroFormatado":"100380043","mesAnoVencimentoFormatado":"05/2029","acancelar":false},"empresa":{"cnpj":"46179008000168","razaoSocial":"BRASTERAPICA PHARMACEUTICA LTDA.","numeroAutorizacao":"1000381","cnpjFormatado":"46.179.008/0001-68"},"processo":{"numero":"250000008439922","situacao":29,"numeroProcessoFormatado":"25000.000843/99-22"}},{"ordem":69,"produto":{"codigo":798774,"nome":"SECNIDAZOL","numeroRegistro":"100380097","tipo":{"codigo":1,"descricao":null},"categoria":null,"situacaoRotulo":null,"dataVencimento":null,"mesAnoVencimento":"122028","dataVencimentoRegistro":"2028-12-01T00:00:00.000-0300","principioAtivo":"SECNIDAZOL","situacaoApresentacao":"Válido","dataRegistro":"2013-12-30T00:00:00.000-0300","categoriaRegulatoria":{"codigo":5,"descricao":"Genérico"},"medicamentoReferencia":"SECNIDAL","categoriaProduto":null,"tipoAutorizacao":"REGISTRADO","numeroRegistroFormatado":"100380097","mesAnoVencimentoFormatado":"12/2028","acancelar":false},"empresa":{"cnpj":"46179008000168","razaoSocial":"BRASTERAPICA PHARMACEUTICA LTDA.","numeroAutorizacao":"1000381","cnpjFormatado":"46.179.008/0001-68"},"processo":{"numero":"25351724772201171","situacao":29,"numeroProcessoFormatado":"25351.724772/2011-71"}},{"ordem":70,"produto":{"codigo":7372,"nome":"SECTIL","numeroRegistro":"100380067","tipo":{"codigo":1,"descricao":null},"categoria":null,"situacaoRotulo":null,"dataVencimento":null,"mesAnoVencimento":"052011","dataVencimentoRegistro":"2011-05-01T00:00:00.000-0300","principioAtivo":null,"situacaoApresentacao":"Caduco/Cancelado","dataRegistro":"2001-06-04T00:00:00.000-0300","categoriaRegulatoria":{"codigo":8,"descricao":"Similar"},"medicamentoReferencia":null,"categoriaProduto":null,"tipoAutorizacao":"REGISTRADO","numeroRegistroFormatado":"100380067","mesAnoVencimentoFormatado":"05/2011","acancelar":false},"empresa":{"cnpj":"46179008000168","razaoSocial":"BRASTERAPICA PHARMACEUTICA LTDA.","numeroAutorizacao":"1000381","cnpjFormatado":"46.179.008/0001-68"},"processo":{"numero":"253510294010075","situacao":29,"numeroProcessoFormatado":"25351.029401/00-75"}},{"ordem":71,"produto":{"codigo":799086,"nome":"SECTIL","numeroRegistro":"100380096","tipo":{"codigo":1,"descricao":null},"categoria":null,"situacaoRotulo":null,"dataVencimento":null,"mesAnoVencimento":"122028","dataVencimentoRegistro":"2028-12-01T00:00:00.000-0300","principioAtivo":"SECNIDAZOL","situacaoApresentacao":"Válido","dataRegistro":"2013-12-30T00:00:00.000-0300","categoriaRegulatoria":{"codigo":8,"descricao":"Similar"},"medicamentoReferencia":"SECNIDAL","categoriaProduto":null,"tipoAutorizacao":"REGISTRADO","numeroRegistroFormatado":"100380096","mesAnoVencimentoFormatado":"12/2028","acancelar":false},"empresa":{"cnpj":"46179008000168","razaoSocial":"BRASTERAPICA PHARMACEUTICA LTDA.","numeroAutorizacao":"1000381","cnpjFormatado":"46.179.008/0001-68"},"processo":{"numero":"25351724713201199","situacao":29,"numeroProcessoFormatado":"25351.724713/2011-99"}},{"ordem":72,"produto":{"codigo":1560113,"nome":"SENNE BRASTERÁPICA","numeroRegistro":"100380109","tipo":{"codigo":1,"descricao":null},"categoria":null,"situacaoRotulo":null,"dataVencimento":null,"mesAnoVencimento":"122030","dataVencimentoRegistro":"2030-12-01T00:00:00.000-0300","principioAtivo":"SENNA ALEXANDRINA MILL.","situacaoApresentacao":"Válido","dataRegistro":"2020-12-07T00:00:00.000-0300","categoriaRegulatoria":{"codigo":4,"descricao":"Fitoterápico"},"medicamentoReferencia":null,"categoriaProduto":null,"tipoAutorizacao":"REGISTRADO","numeroRegistroFormatado":"100380109","mesAnoVencimentoFormatado":"12/2030","acancelar":false},"empresa":{"cnpj":"46179008000168","razaoSocial":"BRASTERAPICA PHARMACEUTICA LTDA.","numeroAutorizacao":"1000381","cnpjFormatado":"46.179.008/0001-68"},"processo":{"numero":"25351466097202012","situacao":29,"numeroProcessoFormatado":"25351.466097/2020-12"}},{"ordem":73,"produto":{"codigo":395158,"nome":"SINDRAT","numeroRegistro":"100380055","tipo":{"codigo":1,"descricao":null},"categoria":null,"situacaoRotulo":null,"dataVencimento":null,"mesAnoVencimento":"012010","dataVencimentoRegistro":"2010-01-01T00:00:00.000-0300","principioAtivo":null,"situacaoApresentacao":"Caduco/Cancelado","dataRegistro":"2000-01-13T00:00:00.000-0200","categoriaRegulatoria":{"codigo":8,"descricao":"Similar"},"medicamentoReferencia":null,"categoriaProduto":null,"tipoAutorizacao":"REGISTRADO","numeroRegistroFormatado":"100380055","mesAnoVencimentoFormatado":"01/2010","acancelar":false},"empresa":{"cnpj":"46179008000168","razaoSocial":"BRASTERAPICA PHARMACEUTICA LTDA.","numeroAutorizacao":"1000381","cnpjFormatado":"46.179.008/0001-68"},"processo":{"numero":"250000029349361","situacao":29,"numeroProcessoFormatado":"25000.002934/93-61"}},{"ordem":74,"produto":{"codigo":7406,"nome":"SINVANE","numeroRegistro":"100380076","tipo":{"codigo":1,"descricao":null},"categoria":null,"situacaoRotulo":null,"dataVencimento":null,"mesAnoVencimento":"062011","dataVencimentoRegistro":"2011-06-01T00:00:00.000-0300","principioAtivo":null,"situacaoApresentacao":"Caduco/Cancelado","dataRegistro":"2001-06-11T00:00:00.000-0300","categoriaRegulatoria":{"codigo":8,"descricao":"Similar"},"medicamentoReferencia":null,"categoriaProduto":null,"tipoAutorizacao":"REGISTRADO","numeroRegistroFormatado":"100380076","mesAnoVencimentoFormatado":"06/2011","acancelar":false},"empresa":{"cnpj":"46179008000168","razaoSocial":"BRASTERAPICA PHARMACEUTICA LTDA.","numeroAutorizacao":"1000381","cnpjFormatado":"46.179.008/0001-68"},"processo":{"numero":"253510313840091","situacao":29,"numeroProcessoFormatado":"25351.031384/00-91"}},{"ordem":75,"produto":{"codigo":2185,"nome":"SUPLE - K","numeroRegistro":"100380060","tipo":{"codigo":1,"descricao":null},"categoria":null,"situacaoRotulo":null,"dataVencimento":null,"mesAnoVencimento":"072005","dataVencimentoRegistro":"2005-07-01T00:00:00.000-0300","principioAtivo":null,"situacaoApresentacao":"Caduco/Cancelado","dataRegistro":"2000-07-19T00:00:00.000-0300","categoriaRegulatoria":{"codigo":8,"descricao":"Similar"},"medicamentoReferencia":null,"categoriaProduto":null,"tipoAutorizacao":"REGISTRADO","numeroRegistroFormatado":"100380060","mesAnoVencimentoFormatado":"07/2005","acancelar":false},"empresa":{"cnpj":"46179008000168","razaoSocial":"BRASTERAPICA PHARMACEUTICA LTDA.","numeroAutorizacao":"1000381","cnpjFormatado":"46.179.008/0001-68"},"processo":{"numero":"250000135919974","situacao":29,"numeroProcessoFormatado":"25000.013591/99-74"}},{"ordem":76,"produto":{"codigo":1263,"nome":"TEBASEDAN","numeroRegistro":"100380056","tipo":{"codigo":1,"descricao":null},"categoria":null,"situacaoRotulo":null,"dataVencimento":null,"mesAnoVencimento":"022010","dataVencimentoRegistro":"2010-02-01T00:00:00.000-0300","principioAtivo":null,"situacaoApresentacao":"Caduco/Cancelado","dataRegistro":"2000-01-28T00:00:00.000-0200","categoriaRegulatoria":{"codigo":8,"descricao":"Similar"},"medicamentoReferencia":null,"categoriaProduto":null,"tipoAutorizacao":"REGISTRADO","numeroRegistroFormatado":"100380056","mesAnoVencimentoFormatado":"02/2010","acancelar":false},"empresa":{"cnpj":"46179008000168","razaoSocial":"BRASTERAPICA PHARMACEUTICA LTDA.","numeroAutorizacao":"1000381","cnpjFormatado":"46.179.008/0001-68"},"processo":{"numero":"2500000294593","situacao":29,"numeroProcessoFormatado":"25000.002945/93"}},{"ordem":77,"produto":{"codigo":2901,"nome":"TETRACAPS","numeroRegistro":"100380028","tipo":{"codigo":1,"descricao":null},"categoria":null,"situacaoRotulo":null,"dataVencimento":null,"mesAnoVencimento":"112006","dataVencimentoRegistro":"2006-11-01T00:00:00.000-0300","principioAtivo":null,"situacaoApresentacao":"Caduco/Cancelado","dataRegistro":"2001-12-21T00:00:00.000-0200","categoriaRegulatoria":{"codigo":8,"descricao":"Similar"},"medicamentoReferencia":null,"categoriaProduto":null,"tipoAutorizacao":"REGISTRADO","numeroRegistroFormatado":"100380028","mesAnoVencimentoFormatado":"11/2006","acancelar":false},"empresa":{"cnpj":"46179008000168","razaoSocial":"BRASTERAPICA PHARMACEUTICA LTDA.","numeroAutorizacao":"1000381","cnpjFormatado":"46.179.008/0001-68"},"processo":{"numero":"2500100691786","situacao":29,"numeroProcessoFormatado":"25001.006917/86"}},{"ordem":78,"produto":{"codigo":7734,"nome":"TRISEPTIL","numeroRegistro":"100380065","tipo":{"codigo":1,"descricao":null},"categoria":null,"situacaoRotulo":null,"dataVencimento":null,"mesAnoVencimento":"112005","dataVencimentoRegistro":"2005-11-01T00:00:00.000-0300","principioAtivo":null,"situacaoApresentacao":"Caduco/Cancelado","dataRegistro":"2000-11-09T00:00:00.000-0300","categoriaRegulatoria":{"codigo":8,"descricao":"Similar"},"medicamentoReferencia":null,"categoriaProduto":null,"tipoAutorizacao":"REGISTRADO","numeroRegistroFormatado":"100380065","mesAnoVencimentoFormatado":"11/2005","acancelar":false},"empresa":{"cnpj":"46179008000168","razaoSocial":"BRASTERAPICA PHARMACEUTICA LTDA.","numeroAutorizacao":"1000381","cnpjFormatado":"46.179.008/0001-68"},"processo":{"numero":"250000135889960","situacao":29,"numeroProcessoFormatado":"25000.013588/99-60"}},{"ordem":79,"produto":{"codigo":6601,"nome":"TYFLEN","numeroRegistro":"100380039","tipo":{"codigo":1,"descricao":null},"categoria":null,"situacaoRotulo":null,"dataVencimento":"2028-12-06T00:00:00.000-0300","mesAnoVencimento":"122028","dataVencimentoRegistro":"2028-12-01T00:00:00.000-0300","principioAtivo":null,"situacaoApresentacao":"Caduco/Cancelado","dataRegistro":"1998-12-23T00:00:00.000-0300","categoriaRegulatoria":{"codigo":8,"descricao":"Similar"},"medicamentoReferencia":"TYLENOL","categoriaProduto":null,"tipoAutorizacao":"REGISTRADO","numeroRegistroFormatado":"100380039","mesAnoVencimentoFormatado":"12/2028","acancelar":false},"empresa":{"cnpj":"46179008000168","razaoSocial":"BRASTERAPICA PHARMACEUTICA LTDA.","numeroAutorizacao":"1000381","cnpjFormatado":"46.179.008/0001-68"},"processo":{"numero":"250000286969865","situacao":29,"numeroProcessoFormatado":"25000.028696/98-65"}},{"ordem":80,"produto":{"codigo":372654,"nome":"VAREGRIP","numeroRegistro":"100380014","tipo":{"codigo":1,"descricao":null},"categoria":null,"situacaoRotulo":null,"dataVencimento":null,"mesAnoVencimento":"042005","dataVencimentoRegistro":"2005-04-01T00:00:00.000-0300","principioAtivo":null,"situacaoApresentacao":"Caduco/Cancelado","dataRegistro":"2000-04-02T00:00:00.000-0300","categoriaRegulatoria":{"codigo":8,"descricao":"Similar"},"medicamentoReferencia":null,"categoriaProduto":null,"tipoAutorizacao":"REGISTRADO","numeroRegistroFormatado":"100380014","mesAnoVencimentoFormatado":"04/2005","acancelar":false},"empresa":{"cnpj":"46179008000168","razaoSocial":"BRASTERAPICA PHARMACEUTICA LTDA.","numeroAutorizacao":"1000381","cnpjFormatado":"46.179.008/0001-68"},"processo":{"numero":"2599202044372","situacao":29,"numeroProcessoFormatado":"25992.020443/72"}},{"ordem":81,"produto":{"codigo":4031,"nome":"VITASENG","numeroRegistro":"100380021","tipo":{"codigo":1,"descricao":null},"categoria":null,"situacaoRotulo":null,"dataVencimento":null,"mesAnoVencimento":"052004","dataVencimentoRegistro":"2004-05-01T00:00:00.000-0300","principioAtivo":null,"situacaoApresentacao":"Caduco/Cancelado","dataRegistro":"2000-12-27T00:00:00.000-0300","categoriaRegulatoria":{"codigo":8,"descricao":"Similar"},"medicamentoReferencia":null,"categoriaProduto":null,"tipoAutorizacao":"REGISTRADO","numeroRegistroFormatado":"100380021","mesAnoVencimentoFormatado":"05/2004","acancelar":false},"empresa":{"cnpj":"46179008000168","razaoSocial":"BRASTERAPICA PHARMACEUTICA LTDA.","numeroAutorizacao":"1000381","cnpjFormatado":"46.179.008/0001-68"},"processo":{"numero":"250000101039084","situacao":29,"numeroProcessoFormatado":"25000.010103/90-84"}},{"ordem":82,"produto":{"codigo":1173084,"nome":"ZILARICINA","numeroRegistro":"100380103","tipo":{"codigo":1,"descricao":null},"categoria":null,"situacaoRotulo":null,"dataVencimento":null,"mesAnoVencimento":"012028","dataVencimentoRegistro":"2028-01-01T00:00:00.000-0300","principioAtivo":"BENZBROMARONA","situacaoApresentacao":"Válido","dataRegistro":"2017-07-03T00:00:00.000-0300","categoriaRegulatoria":{"codigo":8,"descricao":"Similar"},"medicamentoReferencia":null,"categoriaProduto":null,"tipoAutorizacao":"REGISTRADO","numeroRegistroFormatado":"100380103","mesAnoVencimentoFormatado":"01/2028","acancelar":false},"empresa":{"cnpj":"46179008000168","razaoSocial":"BRASTERAPICA PHARMACEUTICA LTDA.","numeroAutorizacao":"1000381","cnpjFormatado":"46.179.008/0001-68"},"processo":{"numero":"25351281189201742","situacao":29,"numeroProcessoFormatado":"25351.281189/2017-42"}},{"ordem":83,"produto":{"codigo":3558519,"nome":"paracetamol","numeroRegistro":"100380111","tipo":{"codigo":1,"descricao":null},"categoria":null,"situacaoRotulo":null,"dataVencimento":"2032-10-03T00:00:00.000-0300","mesAnoVencimento":"102032","dataVencimentoRegistro":"2032-10-01T00:00:00.000-0300","principioAtivo":null,"situacaoApresentacao":"Caduco/Cancelado","dataRegistro":"2022-10-03T00:00:00.000-0300","categoriaRegulatoria":{"codigo":5,"descricao":"Genérico"},"medicamentoReferencia":"TYLENOL","categoriaProduto":null,"tipoAutorizacao":"REGISTRADO","numeroRegistroFormatado":"100380111","mesAnoVencimentoFormatado":"10/2032","acancelar":false},"empresa":{"cnpj":"46179008000168","razaoSocial":"BRASTERAPICA PHARMACEUTICA LTDA.","numeroAutorizacao":"1000381","cnpjFormatado":"46.179.008/0001-68"},"processo":{"numero":"25351364328202216","situacao":29,"numeroProcessoFormatado":"25351.364328/2022-16"}}],"totalPages":1,"totalElements":83,"last":true,"numberOfElements":83,"first":true,"sort":null,"size":1000,"number":0}