{"content":[{"ordem":1,"produto":{"codigo":262,"nome":"ACETONIDO DE FLUOCINOLONA + ASSOCIACOES","numeroRegistro":"104450084","tipo":{"codigo":1,"descricao":null},"categoria":null,"situacaoRotulo":null,"dataVencimento":null,"mesAnoVencimento":"102004","dataVencimentoRegistro":"2004-10-01T00:00:00.000-0300","principioAtivo":null,"situacaoApresentacao":"Caduco/Cancelado","dataRegistro":"1999-11-29T00:00:00.000-0200","categoriaRegulatoria":{"codigo":8,"descricao":"Similar"},"medicamentoReferencia":null,"categoriaProduto":null,"tipoAutorizacao":"REGISTRADO","acancelar":false,"mesAnoVencimentoFormatado":"10/2004","numeroRegistroFormatado":"104450084"},"empresa":{"cnpj":"46741922000150","razaoSocial":"LABORATORIO SINTERAPICO INDUSTRIAL FTCO LTDA","numeroAutorizacao":null,"cnpjFormatado":"46.741.922/0001-50"},"processo":{"numero":"2599201216849","situacao":29,"numeroProcessoFormatado":"25992.012168/49"}},{"ordem":2,"produto":{"codigo":507,"nome":"ADENOSINA + ASSOCIAÇÕES","numeroRegistro":"104450016","tipo":{"codigo":1,"descricao":null},"categoria":null,"situacaoRotulo":null,"dataVencimento":null,"mesAnoVencimento":"102004","dataVencimentoRegistro":"2004-10-01T00:00:00.000-0300","principioAtivo":null,"situacaoApresentacao":"Caduco/Cancelado","dataRegistro":"1984-12-13T00:00:00.000-0300","categoriaRegulatoria":{"codigo":8,"descricao":"Similar"},"medicamentoReferencia":null,"categoriaProduto":null,"tipoAutorizacao":"REGISTRADO","acancelar":false,"mesAnoVencimentoFormatado":"10/2004","numeroRegistroFormatado":"104450016"},"empresa":{"cnpj":"46741922000150","razaoSocial":"LABORATORIO SINTERAPICO INDUSTRIAL FTCO LTDA","numeroAutorizacao":null,"cnpjFormatado":"46.741.922/0001-50"},"processo":{"numero":"2500401017153","situacao":29,"numeroProcessoFormatado":"25004.010171/53"}},{"ordem":3,"produto":{"codigo":605,"nome":"ALCOOLATURA DE AGRIÃO + ASSOCIAÇÕES","numeroRegistro":"104450039","tipo":{"codigo":1,"descricao":null},"categoria":null,"situacaoRotulo":null,"dataVencimento":null,"mesAnoVencimento":"072006","dataVencimentoRegistro":"2006-07-01T00:00:00.000-0300","principioAtivo":null,"situacaoApresentacao":"Caduco/Cancelado","dataRegistro":"2001-08-17T00:00:00.000-0300","categoriaRegulatoria":{"codigo":8,"descricao":"Similar"},"medicamentoReferencia":null,"categoriaProduto":null,"tipoAutorizacao":"REGISTRADO","acancelar":false,"mesAnoVencimentoFormatado":"07/2006","numeroRegistroFormatado":"104450039"},"empresa":{"cnpj":"46741922000150","razaoSocial":"LABORATORIO SINTERAPICO INDUSTRIAL FTCO LTDA","numeroAutorizacao":null,"cnpjFormatado":"46.741.922/0001-50"},"processo":{"numero":"2500102203384","situacao":29,"numeroProcessoFormatado":"25001.022033/84"}},{"ordem":4,"produto":{"codigo":2292,"nome":"AMBROX","numeroRegistro":"104450105","tipo":{"codigo":1,"descricao":null},"categoria":null,"situacaoRotulo":null,"dataVencimento":null,"mesAnoVencimento":"052011","dataVencimentoRegistro":"2011-05-01T00:00:00.000-0300","principioAtivo":null,"situacaoApresentacao":"Caduco/Cancelado","dataRegistro":"2001-06-04T00:00:00.000-0300","categoriaRegulatoria":{"codigo":8,"descricao":"Similar"},"medicamentoReferencia":null,"categoriaProduto":null,"tipoAutorizacao":"REGISTRADO","acancelar":false,"mesAnoVencimentoFormatado":"05/2011","numeroRegistroFormatado":"104450105"},"empresa":{"cnpj":"46741922000150","razaoSocial":"LABORATORIO SINTERAPICO INDUSTRIAL FTCO LTDA","numeroAutorizacao":null,"cnpjFormatado":"46.741.922/0001-50"},"processo":{"numero":"253510234480016","situacao":29,"numeroProcessoFormatado":"25351.023448/00-16"}},{"ordem":5,"produto":{"codigo":763,"nome":"AMOXICILINA (TRIHIDRATADA)","numeroRegistro":"104450104","tipo":{"codigo":1,"descricao":null},"categoria":null,"situacaoRotulo":null,"dataVencimento":null,"mesAnoVencimento":"052006","dataVencimentoRegistro":"2006-05-01T00:00:00.000-0300","principioAtivo":null,"situacaoApresentacao":"Caduco/Cancelado","dataRegistro":"2001-05-14T00:00:00.000-0300","categoriaRegulatoria":{"codigo":8,"descricao":"Similar"},"medicamentoReferencia":null,"categoriaProduto":null,"tipoAutorizacao":"REGISTRADO","acancelar":false,"mesAnoVencimentoFormatado":"05/2006","numeroRegistroFormatado":"104450104"},"empresa":{"cnpj":"46741922000150","razaoSocial":"LABORATORIO SINTERAPICO INDUSTRIAL FTCO LTDA","numeroAutorizacao":null,"cnpjFormatado":"46.741.922/0001-50"},"processo":{"numero":"253510234450028","situacao":29,"numeroProcessoFormatado":"25351.023445/00-28"}},{"ordem":6,"produto":{"codigo":137538,"nome":"AMPICILINA","numeroRegistro":"104450120","tipo":{"codigo":1,"descricao":null},"categoria":null,"situacaoRotulo":null,"dataVencimento":null,"mesAnoVencimento":"072007","dataVencimentoRegistro":"2007-07-01T00:00:00.000-0300","principioAtivo":null,"situacaoApresentacao":"Caduco/Cancelado","dataRegistro":"2002-07-24T00:00:00.000-0300","categoriaRegulatoria":{"codigo":8,"descricao":"Similar"},"medicamentoReferencia":null,"categoriaProduto":null,"tipoAutorizacao":"REGISTRADO","acancelar":false,"mesAnoVencimentoFormatado":"07/2007","numeroRegistroFormatado":"104450120"},"empresa":{"cnpj":"46741922000150","razaoSocial":"LABORATORIO SINTERAPICO INDUSTRIAL FTCO LTDA","numeroAutorizacao":null,"cnpjFormatado":"46.741.922/0001-50"},"processo":{"numero":"250000097238928","situacao":29,"numeroProcessoFormatado":"25000.009723/89-28"}},{"ordem":7,"produto":{"codigo":924,"nome":"ATENOLOL","numeroRegistro":"104450001","tipo":{"codigo":1,"descricao":null},"categoria":null,"situacaoRotulo":null,"dataVencimento":null,"mesAnoVencimento":"022006","dataVencimentoRegistro":"2006-02-01T00:00:00.000-0300","principioAtivo":null,"situacaoApresentacao":"Caduco/Cancelado","dataRegistro":"2001-03-21T00:00:00.000-0300","categoriaRegulatoria":{"codigo":8,"descricao":"Similar"},"medicamentoReferencia":null,"categoriaProduto":null,"tipoAutorizacao":"REGISTRADO","acancelar":false,"mesAnoVencimentoFormatado":"02/2006","numeroRegistroFormatado":"104450001"},"empresa":{"cnpj":"46741922000150","razaoSocial":"LABORATORIO SINTERAPICO INDUSTRIAL FTCO LTDA","numeroAutorizacao":null,"cnpjFormatado":"46.741.922/0001-50"},"processo":{"numero":"253510234470053","situacao":29,"numeroProcessoFormatado":"25351.023447/00-53"}},{"ordem":8,"produto":{"codigo":1016,"nome":"AZITROMICINA( DIIDRATADA)","numeroRegistro":"104450107","tipo":{"codigo":1,"descricao":null},"categoria":null,"situacaoRotulo":null,"dataVencimento":null,"mesAnoVencimento":"062006","dataVencimentoRegistro":"2006-06-01T00:00:00.000-0300","principioAtivo":null,"situacaoApresentacao":"Caduco/Cancelado","dataRegistro":"2001-06-29T00:00:00.000-0300","categoriaRegulatoria":{"codigo":8,"descricao":"Similar"},"medicamentoReferencia":null,"categoriaProduto":null,"tipoAutorizacao":"REGISTRADO","acancelar":false,"mesAnoVencimentoFormatado":"06/2006","numeroRegistroFormatado":"104450107"},"empresa":{"cnpj":"46741922000150","razaoSocial":"LABORATORIO SINTERAPICO INDUSTRIAL FTCO LTDA","numeroAutorizacao":null,"cnpjFormatado":"46.741.922/0001-50"},"processo":{"numero":"253510234510021","situacao":29,"numeroProcessoFormatado":"25351.023451/00-21"}},{"ordem":9,"produto":{"codigo":276412,"nome":"BIOTRIN","numeroRegistro":"104450067","tipo":{"codigo":1,"descricao":null},"categoria":null,"situacaoRotulo":null,"dataVencimento":null,"mesAnoVencimento":"052005","dataVencimentoRegistro":"2005-05-01T00:00:00.000-0300","principioAtivo":null,"situacaoApresentacao":"Caduco/Cancelado","dataRegistro":"1980-05-06T00:00:00.000-0300","categoriaRegulatoria":{"codigo":8,"descricao":"Similar"},"medicamentoReferencia":null,"categoriaProduto":null,"tipoAutorizacao":"REGISTRADO","acancelar":false,"mesAnoVencimentoFormatado":"05/2005","numeroRegistroFormatado":"104450067"},"empresa":{"cnpj":"46741922000150","razaoSocial":"LABORATORIO SINTERAPICO INDUSTRIAL FTCO LTDA","numeroAutorizacao":null,"cnpjFormatado":"46.741.922/0001-50"},"processo":{"numero":"2599200459775","situacao":29,"numeroProcessoFormatado":"25992.004597/75"}},{"ordem":10,"produto":{"codigo":1386,"nome":"CAPTOPRIL","numeroRegistro":"104450106","tipo":{"codigo":1,"descricao":null},"categoria":null,"situacaoRotulo":null,"dataVencimento":null,"mesAnoVencimento":"062006","dataVencimentoRegistro":"2006-06-01T00:00:00.000-0300","principioAtivo":null,"situacaoApresentacao":"Caduco/Cancelado","dataRegistro":"2001-06-29T00:00:00.000-0300","categoriaRegulatoria":{"codigo":8,"descricao":"Similar"},"medicamentoReferencia":null,"categoriaProduto":null,"tipoAutorizacao":"REGISTRADO","acancelar":false,"mesAnoVencimentoFormatado":"06/2006","numeroRegistroFormatado":"104450106"},"empresa":{"cnpj":"46741922000150","razaoSocial":"LABORATORIO SINTERAPICO INDUSTRIAL FTCO LTDA","numeroAutorizacao":null,"cnpjFormatado":"46.741.922/0001-50"},"processo":{"numero":"253510234490089","situacao":29,"numeroProcessoFormatado":"25351.023449/00-89"}},{"ordem":11,"produto":{"codigo":273673,"nome":"CITRATO DE COLINA + ASSOCIAÇÕES","numeroRegistro":"104450087","tipo":{"codigo":1,"descricao":null},"categoria":null,"situacaoRotulo":null,"dataVencimento":null,"mesAnoVencimento":"102005","dataVencimentoRegistro":"2005-10-01T00:00:00.000-0300","principioAtivo":null,"situacaoApresentacao":"Caduco/Cancelado","dataRegistro":"2000-11-30T00:00:00.000-0300","categoriaRegulatoria":{"codigo":8,"descricao":"Similar"},"medicamentoReferencia":null,"categoriaProduto":null,"tipoAutorizacao":"REGISTRADO","acancelar":false,"mesAnoVencimentoFormatado":"10/2005","numeroRegistroFormatado":"104450087"},"empresa":{"cnpj":"46741922000150","razaoSocial":"LABORATORIO SINTERAPICO INDUSTRIAL FTCO LTDA","numeroAutorizacao":null,"cnpjFormatado":"46.741.922/0001-50"},"processo":{"numero":"2599200189730","situacao":29,"numeroProcessoFormatado":"25992.001897/30"}},{"ordem":12,"produto":{"codigo":2437,"nome":"CLORIDRATO DE CIPROFLOXACINO","numeroRegistro":"104450101","tipo":{"codigo":1,"descricao":null},"categoria":null,"situacaoRotulo":null,"dataVencimento":null,"mesAnoVencimento":"122005","dataVencimentoRegistro":"2005-12-01T00:00:00.000-0300","principioAtivo":null,"situacaoApresentacao":"Caduco/Cancelado","dataRegistro":"2000-12-15T00:00:00.000-0300","categoriaRegulatoria":{"codigo":8,"descricao":"Similar"},"medicamentoReferencia":null,"categoriaProduto":null,"tipoAutorizacao":"REGISTRADO","acancelar":false,"mesAnoVencimentoFormatado":"12/2005","numeroRegistroFormatado":"104450101"},"empresa":{"cnpj":"46741922000150","razaoSocial":"LABORATORIO SINTERAPICO INDUSTRIAL FTCO LTDA","numeroAutorizacao":null,"cnpjFormatado":"46.741.922/0001-50"},"processo":{"numero":"250000295999844","situacao":29,"numeroProcessoFormatado":"25000.029599/98-44"}},{"ordem":13,"produto":{"codigo":2446,"nome":"CLORIDRATO DE CIPROPETADINE + ASSOCIACOES","numeroRegistro":"104450088","tipo":{"codigo":1,"descricao":null},"categoria":null,"situacaoRotulo":null,"dataVencimento":null,"mesAnoVencimento":"112004","dataVencimentoRegistro":"2004-11-01T00:00:00.000-0300","principioAtivo":null,"situacaoApresentacao":"Caduco/Cancelado","dataRegistro":"1999-11-29T00:00:00.000-0200","categoriaRegulatoria":{"codigo":8,"descricao":"Similar"},"medicamentoReferencia":null,"categoriaProduto":null,"tipoAutorizacao":"REGISTRADO","acancelar":false,"mesAnoVencimentoFormatado":"11/2004","numeroRegistroFormatado":"104450088"},"empresa":{"cnpj":"46741922000150","razaoSocial":"LABORATORIO SINTERAPICO INDUSTRIAL FTCO LTDA","numeroAutorizacao":null,"cnpjFormatado":"46.741.922/0001-50"},"processo":{"numero":"2599200924174","situacao":29,"numeroProcessoFormatado":"25992.009241/74"}},{"ordem":14,"produto":{"codigo":375899,"nome":"CLORIDRATO DE NAFAZOLINA + ASSOCIACOES","numeroRegistro":"104450083","tipo":{"codigo":1,"descricao":null},"categoria":null,"situacaoRotulo":null,"dataVencimento":null,"mesAnoVencimento":"111999","dataVencimentoRegistro":"1999-11-01T00:00:00.000-0200","principioAtivo":null,"situacaoApresentacao":"Caduco/Cancelado","dataRegistro":"1999-11-29T00:00:00.000-0200","categoriaRegulatoria":{"codigo":8,"descricao":"Similar"},"medicamentoReferencia":null,"categoriaProduto":null,"tipoAutorizacao":"REGISTRADO","acancelar":false,"mesAnoVencimentoFormatado":"11/1999","numeroRegistroFormatado":"104450083"},"empresa":{"cnpj":"46741922000150","razaoSocial":"LABORATORIO SINTERAPICO INDUSTRIAL FTCO LTDA","numeroAutorizacao":null,"cnpjFormatado":"46.741.922/0001-50"},"processo":{"numero":"2500100908985","situacao":29,"numeroProcessoFormatado":"25001.009089/85"}},{"ordem":15,"produto":{"codigo":2904,"nome":"CLORIDRATO DE TETRACICLINA","numeroRegistro":"104450097","tipo":{"codigo":1,"descricao":null},"categoria":null,"situacaoRotulo":null,"dataVencimento":null,"mesAnoVencimento":"102005","dataVencimentoRegistro":"2005-10-01T00:00:00.000-0300","principioAtivo":null,"situacaoApresentacao":"Caduco/Cancelado","dataRegistro":"2000-10-24T00:00:00.000-0300","categoriaRegulatoria":{"codigo":8,"descricao":"Similar"},"medicamentoReferencia":null,"categoriaProduto":null,"tipoAutorizacao":"REGISTRADO","acancelar":false,"mesAnoVencimentoFormatado":"10/2005","numeroRegistroFormatado":"104450097"},"empresa":{"cnpj":"46741922000150","razaoSocial":"LABORATORIO SINTERAPICO INDUSTRIAL FTCO LTDA","numeroAutorizacao":null,"cnpjFormatado":"46.741.922/0001-50"},"processo":{"numero":"250000088769541","situacao":29,"numeroProcessoFormatado":"25000.008876/95-41"}},{"ordem":16,"produto":{"codigo":3202,"nome":"DELTAMETRINA","numeroRegistro":"104450080","tipo":{"codigo":1,"descricao":null},"categoria":null,"situacaoRotulo":null,"dataVencimento":null,"mesAnoVencimento":"012003","dataVencimentoRegistro":"2003-01-01T00:00:00.000-0300","principioAtivo":null,"situacaoApresentacao":"Caduco/Cancelado","dataRegistro":"1998-01-21T00:00:00.000-0300","categoriaRegulatoria":{"codigo":8,"descricao":"Similar"},"medicamentoReferencia":null,"categoriaProduto":null,"tipoAutorizacao":"REGISTRADO","acancelar":false,"mesAnoVencimentoFormatado":"01/2003","numeroRegistroFormatado":"104450080"},"empresa":{"cnpj":"46741922000150","razaoSocial":"LABORATORIO SINTERAPICO INDUSTRIAL FTCO LTDA","numeroAutorizacao":null,"cnpjFormatado":"46.741.922/0001-50"},"processo":{"numero":"250000041729365","situacao":29,"numeroProcessoFormatado":"25000.004172/93-65"}},{"ordem":17,"produto":{"codigo":3645,"nome":"DIPIRONA SODICA","numeroRegistro":"104450092","tipo":{"codigo":1,"descricao":null},"categoria":null,"situacaoRotulo":null,"dataVencimento":null,"mesAnoVencimento":"012005","dataVencimentoRegistro":"2005-01-01T00:00:00.000-0300","principioAtivo":null,"situacaoApresentacao":"Caduco/Cancelado","dataRegistro":"2000-01-13T00:00:00.000-0200","categoriaRegulatoria":{"codigo":8,"descricao":"Similar"},"medicamentoReferencia":null,"categoriaProduto":null,"tipoAutorizacao":"REGISTRADO","acancelar":false,"mesAnoVencimentoFormatado":"01/2005","numeroRegistroFormatado":"104450092"},"empresa":{"cnpj":"46741922000150","razaoSocial":"LABORATORIO SINTERAPICO INDUSTRIAL FTCO LTDA","numeroAutorizacao":null,"cnpjFormatado":"46.741.922/0001-50"},"processo":{"numero":"250000289409682","situacao":29,"numeroProcessoFormatado":"25000.028940/96-82"}},{"ordem":18,"produto":{"codigo":78,"nome":"DORISAN","numeroRegistro":"104450098","tipo":{"codigo":1,"descricao":null},"categoria":null,"situacaoRotulo":null,"dataVencimento":null,"mesAnoVencimento":"112010","dataVencimentoRegistro":"2010-11-01T00:00:00.000-0300","principioAtivo":null,"situacaoApresentacao":"Caduco/Cancelado","dataRegistro":"2000-11-09T00:00:00.000-0300","categoriaRegulatoria":{"codigo":8,"descricao":"Similar"},"medicamentoReferencia":null,"categoriaProduto":null,"tipoAutorizacao":"REGISTRADO","acancelar":false,"mesAnoVencimentoFormatado":"11/2010","numeroRegistroFormatado":"104450098"},"empresa":{"cnpj":"46741922000150","razaoSocial":"LABORATORIO SINTERAPICO INDUSTRIAL FTCO LTDA","numeroAutorizacao":null,"cnpjFormatado":"46.741.922/0001-50"},"processo":{"numero":"250000295919832","situacao":29,"numeroProcessoFormatado":"25000.029591/98-32"}},{"ordem":19,"produto":{"codigo":165923,"nome":"ERIFLOGIN","numeroRegistro":"104450123","tipo":{"codigo":1,"descricao":null},"categoria":null,"situacaoRotulo":null,"dataVencimento":null,"mesAnoVencimento":"122007","dataVencimentoRegistro":"2007-12-01T00:00:00.000-0300","principioAtivo":null,"situacaoApresentacao":"Caduco/Cancelado","dataRegistro":"2002-12-20T00:00:00.000-0300","categoriaRegulatoria":{"codigo":8,"descricao":"Similar"},"medicamentoReferencia":null,"categoriaProduto":null,"tipoAutorizacao":"REGISTRADO","acancelar":false,"mesAnoVencimentoFormatado":"12/2007","numeroRegistroFormatado":"104450123"},"empresa":{"cnpj":"46741922000150","razaoSocial":"LABORATORIO SINTERAPICO INDUSTRIAL FTCO LTDA","numeroAutorizacao":null,"cnpjFormatado":"46.741.922/0001-50"},"processo":{"numero":"25351177593200212","situacao":29,"numeroProcessoFormatado":"25351.177593/2002-12"}},{"ordem":20,"produto":{"codigo":3850,"nome":"ERITROMICINA (ESTOLATO)","numeroRegistro":"104450102","tipo":{"codigo":1,"descricao":null},"categoria":null,"situacaoRotulo":null,"dataVencimento":null,"mesAnoVencimento":"012006","dataVencimentoRegistro":"2006-01-01T00:00:00.000-0300","principioAtivo":null,"situacaoApresentacao":"Caduco/Cancelado","dataRegistro":"2001-01-30T00:00:00.000-0300","categoriaRegulatoria":{"codigo":8,"descricao":"Similar"},"medicamentoReferencia":null,"categoriaProduto":null,"tipoAutorizacao":"REGISTRADO","acancelar":false,"mesAnoVencimentoFormatado":"01/2006","numeroRegistroFormatado":"104450102"},"empresa":{"cnpj":"46741922000150","razaoSocial":"LABORATORIO SINTERAPICO INDUSTRIAL FTCO LTDA","numeroAutorizacao":null,"cnpjFormatado":"46.741.922/0001-50"},"processo":{"numero":"2500100553987","situacao":29,"numeroProcessoFormatado":"25001.005539/87"}},{"ordem":21,"produto":{"codigo":6595,"nome":"ETAVERAN","numeroRegistro":"104450108","tipo":{"codigo":1,"descricao":null},"categoria":null,"situacaoRotulo":null,"dataVencimento":null,"mesAnoVencimento":"082006","dataVencimentoRegistro":"2006-08-01T00:00:00.000-0300","principioAtivo":null,"situacaoApresentacao":"Caduco/Cancelado","dataRegistro":"2001-08-08T00:00:00.000-0300","categoriaRegulatoria":{"codigo":8,"descricao":"Similar"},"medicamentoReferencia":null,"categoriaProduto":null,"tipoAutorizacao":"REGISTRADO","acancelar":false,"mesAnoVencimentoFormatado":"08/2006","numeroRegistroFormatado":"104450108"},"empresa":{"cnpj":"46741922000150","razaoSocial":"LABORATORIO SINTERAPICO INDUSTRIAL FTCO LTDA","numeroAutorizacao":null,"cnpjFormatado":"46.741.922/0001-50"},"processo":{"numero":"2500101749285","situacao":29,"numeroProcessoFormatado":"25001.017492/85"}},{"ordem":22,"produto":{"codigo":514460,"nome":"ETAVERAN","numeroRegistro":"104450140","tipo":{"codigo":1,"descricao":null},"categoria":null,"situacaoRotulo":null,"dataVencimento":null,"mesAnoVencimento":"062012","dataVencimentoRegistro":"2012-06-01T00:00:00.000-0300","principioAtivo":null,"situacaoApresentacao":"Caduco/Cancelado","dataRegistro":"2007-07-02T00:00:00.000-0300","categoriaRegulatoria":{"codigo":8,"descricao":"Similar"},"medicamentoReferencia":null,"categoriaProduto":null,"tipoAutorizacao":"REGISTRADO","acancelar":false,"mesAnoVencimentoFormatado":"06/2012","numeroRegistroFormatado":"104450140"},"empresa":{"cnpj":"46741922000150","razaoSocial":"LABORATORIO SINTERAPICO INDUSTRIAL FTCO LTDA","numeroAutorizacao":null,"cnpjFormatado":"46.741.922/0001-50"},"processo":{"numero":"25351010625200713","situacao":29,"numeroProcessoFormatado":"25351.010625/2007-13"}},{"ordem":23,"produto":{"codigo":395334,"nome":"EVODAZIN","numeroRegistro":"104450139","tipo":{"codigo":1,"descricao":null},"categoria":null,"situacaoRotulo":null,"dataVencimento":null,"mesAnoVencimento":"042010","dataVencimentoRegistro":"2010-04-01T00:00:00.000-0300","principioAtivo":null,"situacaoApresentacao":"Caduco/Cancelado","dataRegistro":"2005-04-22T00:00:00.000-0300","categoriaRegulatoria":{"codigo":8,"descricao":"Similar"},"medicamentoReferencia":null,"categoriaProduto":null,"tipoAutorizacao":"REGISTRADO","acancelar":false,"mesAnoVencimentoFormatado":"04/2010","numeroRegistroFormatado":"104450139"},"empresa":{"cnpj":"46741922000150","razaoSocial":"LABORATORIO SINTERAPICO INDUSTRIAL FTCO LTDA","numeroAutorizacao":null,"cnpjFormatado":"46.741.922/0001-50"},"processo":{"numero":"25351133914200439","situacao":29,"numeroProcessoFormatado":"25351.133914/2004-39"}},{"ordem":24,"produto":{"codigo":270814,"nome":"EVOPOSDO","numeroRegistro":"104450133","tipo":{"codigo":1,"descricao":null},"categoria":null,"situacaoRotulo":null,"dataVencimento":null,"mesAnoVencimento":"072008","dataVencimentoRegistro":"2008-07-01T00:00:00.000-0300","principioAtivo":null,"situacaoApresentacao":"Caduco/Cancelado","dataRegistro":"2003-07-17T00:00:00.000-0300","categoriaRegulatoria":{"codigo":8,"descricao":"Similar"},"medicamentoReferencia":null,"categoriaProduto":null,"tipoAutorizacao":"REGISTRADO","acancelar":false,"mesAnoVencimentoFormatado":"07/2008","numeroRegistroFormatado":"104450133"},"empresa":{"cnpj":"46741922000150","razaoSocial":"LABORATORIO SINTERAPICO INDUSTRIAL FTCO LTDA","numeroAutorizacao":null,"cnpjFormatado":"46.741.922/0001-50"},"processo":{"numero":"25351011597200310","situacao":29,"numeroProcessoFormatado":"25351.011597/2003-10"}},{"ordem":25,"produto":{"codigo":382525,"nome":"EVOTAXEL","numeroRegistro":"104450137","tipo":{"codigo":1,"descricao":null},"categoria":null,"situacaoRotulo":null,"dataVencimento":null,"mesAnoVencimento":"102009","dataVencimentoRegistro":"2009-10-01T00:00:00.000-0300","principioAtivo":null,"situacaoApresentacao":"Caduco/Cancelado","dataRegistro":"2004-10-26T00:00:00.000-0300","categoriaRegulatoria":{"codigo":8,"descricao":"Similar"},"medicamentoReferencia":null,"categoriaProduto":null,"tipoAutorizacao":"REGISTRADO","acancelar":false,"mesAnoVencimentoFormatado":"10/2009","numeroRegistroFormatado":"104450137"},"empresa":{"cnpj":"46741922000150","razaoSocial":"LABORATORIO SINTERAPICO INDUSTRIAL FTCO LTDA","numeroAutorizacao":null,"cnpjFormatado":"46.741.922/0001-50"},"processo":{"numero":"25351042813200450","situacao":29,"numeroProcessoFormatado":"25351.042813/2004-50"}},{"ordem":26,"produto":{"codigo":270793,"nome":"EVOTERIN","numeroRegistro":"104450135","tipo":{"codigo":1,"descricao":null},"categoria":null,"situacaoRotulo":null,"dataVencimento":null,"mesAnoVencimento":"032009","dataVencimentoRegistro":"2009-03-01T00:00:00.000-0300","principioAtivo":null,"situacaoApresentacao":"Caduco/Cancelado","dataRegistro":"2004-03-05T00:00:00.000-0300","categoriaRegulatoria":{"codigo":8,"descricao":"Similar"},"medicamentoReferencia":null,"categoriaProduto":null,"tipoAutorizacao":"REGISTRADO","acancelar":false,"mesAnoVencimentoFormatado":"03/2009","numeroRegistroFormatado":"104450135"},"empresa":{"cnpj":"46741922000150","razaoSocial":"LABORATORIO SINTERAPICO INDUSTRIAL FTCO LTDA","numeroAutorizacao":null,"cnpjFormatado":"46.741.922/0001-50"},"processo":{"numero":"25351011615200363","situacao":29,"numeroProcessoFormatado":"25351.011615/2003-63"}},{"ordem":27,"produto":{"codigo":270808,"nome":"EVOXALI","numeroRegistro":"104450132","tipo":{"codigo":1,"descricao":null},"categoria":null,"situacaoRotulo":null,"dataVencimento":null,"mesAnoVencimento":"072008","dataVencimentoRegistro":"2008-07-01T00:00:00.000-0300","principioAtivo":null,"situacaoApresentacao":"Caduco/Cancelado","dataRegistro":"2003-07-17T00:00:00.000-0300","categoriaRegulatoria":{"codigo":8,"descricao":"Similar"},"medicamentoReferencia":null,"categoriaProduto":null,"tipoAutorizacao":"REGISTRADO","acancelar":false,"mesAnoVencimentoFormatado":"07/2008","numeroRegistroFormatado":"104450132"},"empresa":{"cnpj":"46741922000150","razaoSocial":"LABORATORIO SINTERAPICO INDUSTRIAL FTCO LTDA","numeroAutorizacao":null,"cnpjFormatado":"46.741.922/0001-50"},"processo":{"numero":"25351011630200310","situacao":29,"numeroProcessoFormatado":"25351.011630/2003-10"}},{"ordem":28,"produto":{"codigo":137687,"nome":"EXTRATO DE GINSENG + ASSOCIAÇÕES","numeroRegistro":"104450119","tipo":{"codigo":1,"descricao":null},"categoria":null,"situacaoRotulo":null,"dataVencimento":null,"mesAnoVencimento":"062007","dataVencimentoRegistro":"2007-06-01T00:00:00.000-0300","principioAtivo":null,"situacaoApresentacao":"Caduco/Cancelado","dataRegistro":"2002-07-01T00:00:00.000-0300","categoriaRegulatoria":{"codigo":8,"descricao":"Similar"},"medicamentoReferencia":null,"categoriaProduto":null,"tipoAutorizacao":"REGISTRADO","acancelar":false,"mesAnoVencimentoFormatado":"06/2007","numeroRegistroFormatado":"104450119"},"empresa":{"cnpj":"46741922000150","razaoSocial":"LABORATORIO SINTERAPICO INDUSTRIAL FTCO LTDA","numeroAutorizacao":null,"cnpjFormatado":"46.741.922/0001-50"},"processo":{"numero":"250000028199757","situacao":29,"numeroProcessoFormatado":"25000.002819/97-57"}},{"ordem":29,"produto":{"codigo":166182,"nome":"ISOCORD","numeroRegistro":"104450126","tipo":{"codigo":1,"descricao":null},"categoria":null,"situacaoRotulo":null,"dataVencimento":null,"mesAnoVencimento":"012013","dataVencimentoRegistro":"2013-01-01T00:00:00.000-0300","principioAtivo":null,"situacaoApresentacao":"Caduco/Cancelado","dataRegistro":"2003-01-03T00:00:00.000-0300","categoriaRegulatoria":{"codigo":8,"descricao":"Similar"},"medicamentoReferencia":null,"categoriaProduto":null,"tipoAutorizacao":"REGISTRADO","acancelar":false,"mesAnoVencimentoFormatado":"01/2013","numeroRegistroFormatado":"104450126"},"empresa":{"cnpj":"46741922000150","razaoSocial":"LABORATORIO SINTERAPICO INDUSTRIAL FTCO LTDA","numeroAutorizacao":null,"cnpjFormatado":"46.741.922/0001-50"},"processo":{"numero":"25351177595200210","situacao":29,"numeroProcessoFormatado":"25351.177595/2002-10"}},{"ordem":30,"produto":{"codigo":166181,"nome":"LABOPURINOL","numeroRegistro":"104450127","tipo":{"codigo":1,"descricao":null},"categoria":null,"situacaoRotulo":null,"dataVencimento":null,"mesAnoVencimento":"012013","dataVencimentoRegistro":"2013-01-01T00:00:00.000-0300","principioAtivo":null,"situacaoApresentacao":"Caduco/Cancelado","dataRegistro":"2003-01-22T00:00:00.000-0300","categoriaRegulatoria":{"codigo":8,"descricao":"Similar"},"medicamentoReferencia":null,"categoriaProduto":null,"tipoAutorizacao":"REGISTRADO","acancelar":false,"mesAnoVencimentoFormatado":"01/2013","numeroRegistroFormatado":"104450127"},"empresa":{"cnpj":"46741922000150","razaoSocial":"LABORATORIO SINTERAPICO INDUSTRIAL FTCO LTDA","numeroAutorizacao":null,"cnpjFormatado":"46.741.922/0001-50"},"processo":{"numero":"25351177599200290","situacao":29,"numeroProcessoFormatado":"25351.177599/2002-90"}},{"ordem":31,"produto":{"codigo":169033,"nome":"LANITOP","numeroRegistro":"104450129","tipo":{"codigo":1,"descricao":null},"categoria":null,"situacaoRotulo":null,"dataVencimento":null,"mesAnoVencimento":"012013","dataVencimentoRegistro":"2013-01-01T00:00:00.000-0300","principioAtivo":null,"situacaoApresentacao":"Caduco/Cancelado","dataRegistro":"2003-01-23T00:00:00.000-0300","categoriaRegulatoria":{"codigo":8,"descricao":"Similar"},"medicamentoReferencia":null,"categoriaProduto":null,"tipoAutorizacao":"REGISTRADO","acancelar":false,"mesAnoVencimentoFormatado":"01/2013","numeroRegistroFormatado":"104450129"},"empresa":{"cnpj":"46741922000150","razaoSocial":"LABORATORIO SINTERAPICO INDUSTRIAL FTCO LTDA","numeroAutorizacao":null,"cnpjFormatado":"46.741.922/0001-50"},"processo":{"numero":"25351188655200211","situacao":29,"numeroProcessoFormatado":"25351.188655/2002-11"}},{"ordem":32,"produto":{"codigo":5265,"nome":"LANSOPRAZOL","numeroRegistro":"104450110","tipo":{"codigo":1,"descricao":null},"categoria":null,"situacaoRotulo":null,"dataVencimento":null,"mesAnoVencimento":"102006","dataVencimentoRegistro":"2006-10-01T00:00:00.000-0300","principioAtivo":null,"situacaoApresentacao":"Caduco/Cancelado","dataRegistro":"2001-10-29T00:00:00.000-0200","categoriaRegulatoria":{"codigo":8,"descricao":"Similar"},"medicamentoReferencia":null,"categoriaProduto":null,"tipoAutorizacao":"REGISTRADO","acancelar":false,"mesAnoVencimentoFormatado":"10/2006","numeroRegistroFormatado":"104450110"},"empresa":{"cnpj":"46741922000150","razaoSocial":"LABORATORIO SINTERAPICO INDUSTRIAL FTCO LTDA","numeroAutorizacao":null,"cnpjFormatado":"46.741.922/0001-50"},"processo":{"numero":"250000028179721","situacao":29,"numeroProcessoFormatado":"25000.002817/97-21"}},{"ordem":33,"produto":{"codigo":5527,"nome":"MALEATO DE ENALAPRIL","numeroRegistro":"104450109","tipo":{"codigo":1,"descricao":null},"categoria":null,"situacaoRotulo":null,"dataVencimento":null,"mesAnoVencimento":"082006","dataVencimentoRegistro":"2006-08-01T00:00:00.000-0300","principioAtivo":null,"situacaoApresentacao":"Caduco/Cancelado","dataRegistro":"2001-08-14T00:00:00.000-0300","categoriaRegulatoria":{"codigo":8,"descricao":"Similar"},"medicamentoReferencia":null,"categoriaProduto":null,"tipoAutorizacao":"REGISTRADO","acancelar":false,"mesAnoVencimentoFormatado":"08/2006","numeroRegistroFormatado":"104450109"},"empresa":{"cnpj":"46741922000150","razaoSocial":"LABORATORIO SINTERAPICO INDUSTRIAL FTCO LTDA","numeroAutorizacao":null,"cnpjFormatado":"46.741.922/0001-50"},"processo":{"numero":"253510234500068","situacao":29,"numeroProcessoFormatado":"25351.023450/00-68"}},{"ordem":34,"produto":{"codigo":5615,"nome":"MEBENDAZOL","numeroRegistro":"104450026","tipo":{"codigo":1,"descricao":null},"categoria":null,"situacaoRotulo":null,"dataVencimento":null,"mesAnoVencimento":"102004","dataVencimentoRegistro":"2004-10-01T00:00:00.000-0300","principioAtivo":null,"situacaoApresentacao":"Caduco/Cancelado","dataRegistro":"1989-10-30T00:00:00.000-0200","categoriaRegulatoria":{"codigo":8,"descricao":"Similar"},"medicamentoReferencia":null,"categoriaProduto":null,"tipoAutorizacao":"REGISTRADO","acancelar":false,"mesAnoVencimentoFormatado":"10/2004","numeroRegistroFormatado":"104450026"},"empresa":{"cnpj":"46741922000150","razaoSocial":"LABORATORIO SINTERAPICO INDUSTRIAL FTCO LTDA","numeroAutorizacao":null,"cnpjFormatado":"46.741.922/0001-50"},"processo":{"numero":"2500001183084","situacao":29,"numeroProcessoFormatado":"25000.011830/84"}},{"ordem":35,"produto":{"codigo":5903,"nome":"METRONIDAZOL","numeroRegistro":"104450095","tipo":{"codigo":1,"descricao":null},"categoria":null,"situacaoRotulo":null,"dataVencimento":null,"mesAnoVencimento":"012005","dataVencimentoRegistro":"2005-01-01T00:00:00.000-0300","principioAtivo":null,"situacaoApresentacao":"Caduco/Cancelado","dataRegistro":"2000-01-28T00:00:00.000-0200","categoriaRegulatoria":{"codigo":8,"descricao":"Similar"},"medicamentoReferencia":null,"categoriaProduto":null,"tipoAutorizacao":"REGISTRADO","acancelar":false,"mesAnoVencimentoFormatado":"01/2005","numeroRegistroFormatado":"104450095"},"empresa":{"cnpj":"46741922000150","razaoSocial":"LABORATORIO SINTERAPICO INDUSTRIAL FTCO LTDA","numeroAutorizacao":null,"cnpjFormatado":"46.741.922/0001-50"},"processo":{"numero":"250000046349561","situacao":29,"numeroProcessoFormatado":"25000.004634/95-61"}},{"ordem":36,"produto":{"codigo":279343,"nome":"MICROVACIN","numeroRegistro":"104450138","tipo":{"codigo":1,"descricao":null},"categoria":null,"situacaoRotulo":null,"dataVencimento":null,"mesAnoVencimento":"122009","dataVencimentoRegistro":"2009-12-01T00:00:00.000-0300","principioAtivo":null,"situacaoApresentacao":"Caduco/Cancelado","dataRegistro":"2004-12-10T00:00:00.000-0300","categoriaRegulatoria":{"codigo":1,"descricao":"Biológico"},"medicamentoReferencia":null,"categoriaProduto":null,"tipoAutorizacao":"REGISTRADO","acancelar":false,"mesAnoVencimentoFormatado":"12/2009","numeroRegistroFormatado":"104450138"},"empresa":{"cnpj":"46741922000150","razaoSocial":"LABORATORIO SINTERAPICO INDUSTRIAL FTCO LTDA","numeroAutorizacao":null,"cnpjFormatado":"46.741.922/0001-50"},"processo":{"numero":"25351177567200294","situacao":20,"numeroProcessoFormatado":"25351.177567/2002-94"}},{"ordem":37,"produto":{"codigo":174728,"nome":"MURAZYME POMADA","numeroRegistro":"104450131","tipo":{"codigo":1,"descricao":null},"categoria":null,"situacaoRotulo":null,"dataVencimento":null,"mesAnoVencimento":"042013","dataVencimentoRegistro":"2013-04-01T00:00:00.000-0300","principioAtivo":null,"situacaoApresentacao":"Caduco/Cancelado","dataRegistro":"2003-04-08T00:00:00.000-0300","categoriaRegulatoria":{"codigo":8,"descricao":"Similar"},"medicamentoReferencia":null,"categoriaProduto":null,"tipoAutorizacao":"REGISTRADO","acancelar":false,"mesAnoVencimentoFormatado":"04/2013","numeroRegistroFormatado":"104450131"},"empresa":{"cnpj":"46741922000150","razaoSocial":"LABORATORIO SINTERAPICO INDUSTRIAL FTCO LTDA","numeroAutorizacao":null,"cnpjFormatado":"46.741.922/0001-50"},"processo":{"numero":"25351177590200289","situacao":29,"numeroProcessoFormatado":"25351.177590/2002-89"}},{"ordem":38,"produto":{"codigo":166336,"nome":"NARCARICINA","numeroRegistro":"104450128","tipo":{"codigo":1,"descricao":null},"categoria":null,"situacaoRotulo":null,"dataVencimento":null,"mesAnoVencimento":"012018","dataVencimentoRegistro":"2018-01-01T00:00:00.000-0300","principioAtivo":null,"situacaoApresentacao":"Caduco/Cancelado","dataRegistro":"2003-01-03T00:00:00.000-0300","categoriaRegulatoria":{"codigo":8,"descricao":"Similar"},"medicamentoReferencia":null,"categoriaProduto":null,"tipoAutorizacao":"REGISTRADO","acancelar":false,"mesAnoVencimentoFormatado":"01/2018","numeroRegistroFormatado":"104450128"},"empresa":{"cnpj":"46741922000150","razaoSocial":"LABORATORIO SINTERAPICO INDUSTRIAL FTCO LTDA","numeroAutorizacao":null,"cnpjFormatado":"46.741.922/0001-50"},"processo":{"numero":"25351177597200209","situacao":29,"numeroProcessoFormatado":"25351.177597/2002-09"}},{"ordem":39,"produto":{"codigo":126122,"nome":"NIMESULIDA","numeroRegistro":"104450117","tipo":{"codigo":1,"descricao":null},"categoria":null,"situacaoRotulo":null,"dataVencimento":null,"mesAnoVencimento":"062007","dataVencimentoRegistro":"2007-06-01T00:00:00.000-0300","principioAtivo":null,"situacaoApresentacao":"Caduco/Cancelado","dataRegistro":"2002-06-20T00:00:00.000-0300","categoriaRegulatoria":{"codigo":8,"descricao":"Similar"},"medicamentoReferencia":null,"categoriaProduto":null,"tipoAutorizacao":"REGISTRADO","acancelar":false,"mesAnoVencimentoFormatado":"06/2007","numeroRegistroFormatado":"104450117"},"empresa":{"cnpj":"46741922000150","razaoSocial":"LABORATORIO SINTERAPICO INDUSTRIAL FTCO LTDA","numeroAutorizacao":null,"cnpjFormatado":"46.741.922/0001-50"},"processo":{"numero":"253510024770298","situacao":29,"numeroProcessoFormatado":"25351.002477/02-98"}},{"ordem":40,"produto":{"codigo":6636,"nome":"PARACEMIL","numeroRegistro":"104450103","tipo":{"codigo":1,"descricao":null},"categoria":null,"situacaoRotulo":null,"dataVencimento":null,"mesAnoVencimento":"022011","dataVencimentoRegistro":"2011-02-01T00:00:00.000-0300","principioAtivo":null,"situacaoApresentacao":"Caduco/Cancelado","dataRegistro":"2001-02-02T00:00:00.000-0300","categoriaRegulatoria":{"codigo":8,"descricao":"Similar"},"medicamentoReferencia":null,"categoriaProduto":null,"tipoAutorizacao":"REGISTRADO","acancelar":false,"mesAnoVencimentoFormatado":"02/2011","numeroRegistroFormatado":"104450103"},"empresa":{"cnpj":"46741922000150","razaoSocial":"LABORATORIO SINTERAPICO INDUSTRIAL FTCO LTDA","numeroAutorizacao":null,"cnpjFormatado":"46.741.922/0001-50"},"processo":{"numero":"253510234460091","situacao":29,"numeroProcessoFormatado":"25351.023446/00-91"}},{"ordem":41,"produto":{"codigo":68411,"nome":"PIROXICAM","numeroRegistro":"104450112","tipo":{"codigo":1,"descricao":null},"categoria":null,"situacaoRotulo":null,"dataVencimento":null,"mesAnoVencimento":"032007","dataVencimentoRegistro":"2007-03-01T00:00:00.000-0300","principioAtivo":null,"situacaoApresentacao":"Caduco/Cancelado","dataRegistro":"2002-03-19T00:00:00.000-0300","categoriaRegulatoria":{"codigo":8,"descricao":"Similar"},"medicamentoReferencia":null,"categoriaProduto":null,"tipoAutorizacao":"REGISTRADO","acancelar":false,"mesAnoVencimentoFormatado":"03/2007","numeroRegistroFormatado":"104450112"},"empresa":{"cnpj":"46741922000150","razaoSocial":"LABORATORIO SINTERAPICO INDUSTRIAL FTCO LTDA","numeroAutorizacao":null,"cnpjFormatado":"46.741.922/0001-50"},"processo":{"numero":"250000105359059","situacao":29,"numeroProcessoFormatado":"25000.010535/90-59"}},{"ordem":42,"produto":{"codigo":126301,"nome":"POLIVITAMINAS + SAIS MINERAIS","numeroRegistro":"104450115","tipo":{"codigo":1,"descricao":null},"categoria":null,"situacaoRotulo":null,"dataVencimento":null,"mesAnoVencimento":"052007","dataVencimentoRegistro":"2007-05-01T00:00:00.000-0300","principioAtivo":null,"situacaoApresentacao":"Caduco/Cancelado","dataRegistro":"2002-05-29T00:00:00.000-0300","categoriaRegulatoria":{"codigo":8,"descricao":"Similar"},"medicamentoReferencia":null,"categoriaProduto":null,"tipoAutorizacao":"REGISTRADO","acancelar":false,"mesAnoVencimentoFormatado":"05/2007","numeroRegistroFormatado":"104450115"},"empresa":{"cnpj":"46741922000150","razaoSocial":"LABORATORIO SINTERAPICO INDUSTRIAL FTCO LTDA","numeroAutorizacao":null,"cnpjFormatado":"46.741.922/0001-50"},"processo":{"numero":"250000028159704","situacao":29,"numeroProcessoFormatado":"25000.002815/97-04"}},{"ordem":43,"produto":{"codigo":7144,"nome":"PROPRANOLOL","numeroRegistro":"104450099","tipo":{"codigo":1,"descricao":null},"categoria":null,"situacaoRotulo":null,"dataVencimento":null,"mesAnoVencimento":"112005","dataVencimentoRegistro":"2005-11-01T00:00:00.000-0300","principioAtivo":null,"situacaoApresentacao":"Caduco/Cancelado","dataRegistro":"2000-11-23T00:00:00.000-0300","categoriaRegulatoria":{"codigo":8,"descricao":"Similar"},"medicamentoReferencia":null,"categoriaProduto":null,"tipoAutorizacao":"REGISTRADO","acancelar":false,"mesAnoVencimentoFormatado":"11/2005","numeroRegistroFormatado":"104450099"},"empresa":{"cnpj":"46741922000150","razaoSocial":"LABORATORIO SINTERAPICO INDUSTRIAL FTCO LTDA","numeroAutorizacao":null,"cnpjFormatado":"46.741.922/0001-50"},"processo":{"numero":"250000046339506","situacao":29,"numeroProcessoFormatado":"25000.004633/95-06"}},{"ordem":44,"produto":{"codigo":172546,"nome":"RUMALON","numeroRegistro":"104450136","tipo":{"codigo":1,"descricao":null},"categoria":null,"situacaoRotulo":null,"dataVencimento":null,"mesAnoVencimento":"052009","dataVencimentoRegistro":"2009-05-01T00:00:00.000-0300","principioAtivo":null,"situacaoApresentacao":"Caduco/Cancelado","dataRegistro":"2004-05-27T00:00:00.000-0300","categoriaRegulatoria":{"codigo":8,"descricao":"Similar"},"medicamentoReferencia":null,"categoriaProduto":null,"tipoAutorizacao":"REGISTRADO","acancelar":false,"mesAnoVencimentoFormatado":"05/2009","numeroRegistroFormatado":"104450136"},"empresa":{"cnpj":"46741922000150","razaoSocial":"LABORATORIO SINTERAPICO INDUSTRIAL FTCO LTDA","numeroAutorizacao":null,"cnpjFormatado":"46.741.922/0001-50"},"processo":{"numero":"25351177589200254","situacao":29,"numeroProcessoFormatado":"25351.177589/2002-54"}},{"ordem":45,"produto":{"codigo":166180,"nome":"SELECTOCALCIO","numeroRegistro":"104450125","tipo":{"codigo":1,"descricao":null},"categoria":null,"situacaoRotulo":null,"dataVencimento":null,"mesAnoVencimento":"122007","dataVencimentoRegistro":"2007-12-01T00:00:00.000-0300","principioAtivo":null,"situacaoApresentacao":"Caduco/Cancelado","dataRegistro":"2003-01-03T00:00:00.000-0300","categoriaRegulatoria":{"codigo":8,"descricao":"Similar"},"medicamentoReferencia":null,"categoriaProduto":null,"tipoAutorizacao":"REGISTRADO","acancelar":false,"mesAnoVencimentoFormatado":"12/2007","numeroRegistroFormatado":"104450125"},"empresa":{"cnpj":"46741922000150","razaoSocial":"LABORATORIO SINTERAPICO INDUSTRIAL FTCO LTDA","numeroAutorizacao":null,"cnpjFormatado":"46.741.922/0001-50"},"processo":{"numero":"25351177574200296","situacao":29,"numeroProcessoFormatado":"25351.177574/2002-96"}},{"ordem":46,"produto":{"codigo":352,"nome":"SIFAAS","numeroRegistro":"104450081","tipo":{"codigo":1,"descricao":null},"categoria":null,"situacaoRotulo":null,"dataVencimento":null,"mesAnoVencimento":"042008","dataVencimentoRegistro":"2008-04-01T00:00:00.000-0300","principioAtivo":null,"situacaoApresentacao":"Caduco/Cancelado","dataRegistro":"1998-04-02T00:00:00.000-0300","categoriaRegulatoria":{"codigo":8,"descricao":"Similar"},"medicamentoReferencia":null,"categoriaProduto":null,"tipoAutorizacao":"REGISTRADO","acancelar":false,"mesAnoVencimentoFormatado":"04/2008","numeroRegistroFormatado":"104450081"},"empresa":{"cnpj":"46741922000150","razaoSocial":"LABORATORIO SINTERAPICO INDUSTRIAL FTCO LTDA","numeroAutorizacao":null,"cnpjFormatado":"46.741.922/0001-50"},"processo":{"numero":"250000061479551","situacao":29,"numeroProcessoFormatado":"25000.006147/95-51"}},{"ordem":47,"produto":{"codigo":3366,"nome":"SIFDICLOP","numeroRegistro":"104450111","tipo":{"codigo":1,"descricao":null},"categoria":null,"situacaoRotulo":null,"dataVencimento":null,"mesAnoVencimento":"122011","dataVencimentoRegistro":"2011-12-01T00:00:00.000-0300","principioAtivo":null,"situacaoApresentacao":"Caduco/Cancelado","dataRegistro":"2001-12-21T00:00:00.000-0200","categoriaRegulatoria":{"codigo":8,"descricao":"Similar"},"medicamentoReferencia":null,"categoriaProduto":null,"tipoAutorizacao":"REGISTRADO","acancelar":false,"mesAnoVencimentoFormatado":"12/2011","numeroRegistroFormatado":"104450111"},"empresa":{"cnpj":"46741922000150","razaoSocial":"LABORATORIO SINTERAPICO INDUSTRIAL FTCO LTDA","numeroAutorizacao":null,"cnpjFormatado":"46.741.922/0001-50"},"processo":{"numero":"250000236269631","situacao":29,"numeroProcessoFormatado":"25000.023626/96-31"}},{"ordem":48,"produto":{"codigo":125499,"nome":"SIFNACO","numeroRegistro":"104450113","tipo":{"codigo":1,"descricao":null},"categoria":null,"situacaoRotulo":null,"dataVencimento":null,"mesAnoVencimento":"042007","dataVencimentoRegistro":"2007-04-01T00:00:00.000-0300","principioAtivo":null,"situacaoApresentacao":"Caduco/Cancelado","dataRegistro":"2002-04-18T00:00:00.000-0300","categoriaRegulatoria":{"codigo":8,"descricao":"Similar"},"medicamentoReferencia":null,"categoriaProduto":null,"tipoAutorizacao":"REGISTRADO","acancelar":false,"mesAnoVencimentoFormatado":"04/2007","numeroRegistroFormatado":"104450113"},"empresa":{"cnpj":"46741922000150","razaoSocial":"LABORATORIO SINTERAPICO INDUSTRIAL FTCO LTDA","numeroAutorizacao":null,"cnpjFormatado":"46.741.922/0001-50"},"processo":{"numero":"250000046279503","situacao":29,"numeroProcessoFormatado":"25000.004627/95-03"}},{"ordem":49,"produto":{"codigo":1773,"nome":"SIFNAZOL","numeroRegistro":"104450096","tipo":{"codigo":1,"descricao":null},"categoria":null,"situacaoRotulo":null,"dataVencimento":null,"mesAnoVencimento":"092010","dataVencimentoRegistro":"2010-09-01T00:00:00.000-0300","principioAtivo":null,"situacaoApresentacao":"Caduco/Cancelado","dataRegistro":"2000-09-15T00:00:00.000-0300","categoriaRegulatoria":{"codigo":8,"descricao":"Similar"},"medicamentoReferencia":null,"categoriaProduto":null,"tipoAutorizacao":"REGISTRADO","acancelar":false,"mesAnoVencimentoFormatado":"09/2010","numeroRegistroFormatado":"104450096"},"empresa":{"cnpj":"46741922000150","razaoSocial":"LABORATORIO SINTERAPICO INDUSTRIAL FTCO LTDA","numeroAutorizacao":null,"cnpjFormatado":"46.741.922/0001-50"},"processo":{"numero":"250000046309518","situacao":29,"numeroProcessoFormatado":"25000.004630/95-18"}},{"ordem":50,"produto":{"codigo":6199,"nome":"SIFNISTATINA","numeroRegistro":"104450094","tipo":{"codigo":1,"descricao":null},"categoria":null,"situacaoRotulo":null,"dataVencimento":null,"mesAnoVencimento":"012005","dataVencimentoRegistro":"2005-01-01T00:00:00.000-0300","principioAtivo":null,"situacaoApresentacao":"Caduco/Cancelado","dataRegistro":"2000-01-28T00:00:00.000-0200","categoriaRegulatoria":{"codigo":8,"descricao":"Similar"},"medicamentoReferencia":null,"categoriaProduto":null,"tipoAutorizacao":"REGISTRADO","acancelar":false,"mesAnoVencimentoFormatado":"01/2005","numeroRegistroFormatado":"104450094"},"empresa":{"cnpj":"46741922000150","razaoSocial":"LABORATORIO SINTERAPICO INDUSTRIAL FTCO LTDA","numeroAutorizacao":null,"cnpjFormatado":"46.741.922/0001-50"},"processo":{"numero":"250000046299521","situacao":29,"numeroProcessoFormatado":"25000.004629/95-21"}},{"ordem":51,"produto":{"codigo":137757,"nome":"SIFSEX","numeroRegistro":"104450118","tipo":{"codigo":1,"descricao":null},"categoria":null,"situacaoRotulo":null,"dataVencimento":null,"mesAnoVencimento":"062007","dataVencimentoRegistro":"2007-06-01T00:00:00.000-0300","principioAtivo":null,"situacaoApresentacao":"Caduco/Cancelado","dataRegistro":"2002-06-26T00:00:00.000-0300","categoriaRegulatoria":{"codigo":8,"descricao":"Similar"},"medicamentoReferencia":null,"categoriaProduto":null,"tipoAutorizacao":"REGISTRADO","acancelar":false,"mesAnoVencimentoFormatado":"06/2007","numeroRegistroFormatado":"104450118"},"empresa":{"cnpj":"46741922000150","razaoSocial":"LABORATORIO SINTERAPICO INDUSTRIAL FTCO LTDA","numeroAutorizacao":null,"cnpjFormatado":"46.741.922/0001-50"},"processo":{"numero":"253510024800201","situacao":29,"numeroProcessoFormatado":"25351.002480/02-01"}},{"ordem":52,"produto":{"codigo":166179,"nome":"SONIN","numeroRegistro":"104450124","tipo":{"codigo":1,"descricao":null},"categoria":null,"situacaoRotulo":null,"dataVencimento":null,"mesAnoVencimento":"122012","dataVencimentoRegistro":"2012-12-01T00:00:00.000-0300","principioAtivo":null,"situacaoApresentacao":"Caduco/Cancelado","dataRegistro":"2003-01-03T00:00:00.000-0300","categoriaRegulatoria":{"codigo":8,"descricao":"Similar"},"medicamentoReferencia":null,"categoriaProduto":null,"tipoAutorizacao":"REGISTRADO","acancelar":false,"mesAnoVencimentoFormatado":"12/2012","numeroRegistroFormatado":"104450124"},"empresa":{"cnpj":"46741922000150","razaoSocial":"LABORATORIO SINTERAPICO INDUSTRIAL FTCO LTDA","numeroAutorizacao":null,"cnpjFormatado":"46.741.922/0001-50"},"processo":{"numero":"25351177571200252","situacao":29,"numeroProcessoFormatado":"25351.177571/2002-52"}},{"ordem":53,"produto":{"codigo":7713,"nome":"SULFATO DE NEOMICINA + BACITRACINA","numeroRegistro":"104450093","tipo":{"codigo":1,"descricao":null},"categoria":null,"situacaoRotulo":null,"dataVencimento":null,"mesAnoVencimento":"012005","dataVencimentoRegistro":"2005-01-01T00:00:00.000-0300","principioAtivo":null,"situacaoApresentacao":"Caduco/Cancelado","dataRegistro":"2000-01-13T00:00:00.000-0200","categoriaRegulatoria":{"codigo":8,"descricao":"Similar"},"medicamentoReferencia":null,"categoriaProduto":null,"tipoAutorizacao":"REGISTRADO","acancelar":false,"mesAnoVencimentoFormatado":"01/2005","numeroRegistroFormatado":"104450093"},"empresa":{"cnpj":"46741922000150","razaoSocial":"LABORATORIO SINTERAPICO INDUSTRIAL FTCO LTDA","numeroAutorizacao":null,"cnpjFormatado":"46.741.922/0001-50"},"processo":{"numero":"250000028239724","situacao":29,"numeroProcessoFormatado":"25000.002823/97-24"}},{"ordem":54,"produto":{"codigo":375416,"nome":"TEREBENTINA + ASSOCIAÇÕES","numeroRegistro":"104450060","tipo":{"codigo":1,"descricao":null},"categoria":null,"situacaoRotulo":null,"dataVencimento":null,"mesAnoVencimento":"052005","dataVencimentoRegistro":"2005-05-01T00:00:00.000-0300","principioAtivo":null,"situacaoApresentacao":"Caduco/Cancelado","dataRegistro":"1985-03-11T00:00:00.000-0300","categoriaRegulatoria":{"codigo":8,"descricao":"Similar"},"medicamentoReferencia":null,"categoriaProduto":null,"tipoAutorizacao":"REGISTRADO","acancelar":false,"mesAnoVencimentoFormatado":"05/2005","numeroRegistroFormatado":"104450060"},"empresa":{"cnpj":"46741922000150","razaoSocial":"LABORATORIO SINTERAPICO INDUSTRIAL FTCO LTDA","numeroAutorizacao":null,"cnpjFormatado":"46.741.922/0001-50"},"processo":{"numero":"2500102557184","situacao":29,"numeroProcessoFormatado":"25001.025571/84"}},{"ordem":55,"produto":{"codigo":5087,"nome":"TESTOGAN","numeroRegistro":"104450100","tipo":{"codigo":1,"descricao":null},"categoria":null,"situacaoRotulo":null,"dataVencimento":null,"mesAnoVencimento":"122005","dataVencimentoRegistro":"2005-12-01T00:00:00.000-0300","principioAtivo":null,"situacaoApresentacao":"Caduco/Cancelado","dataRegistro":"2000-12-08T00:00:00.000-0300","categoriaRegulatoria":{"codigo":8,"descricao":"Similar"},"medicamentoReferencia":null,"categoriaProduto":null,"tipoAutorizacao":"REGISTRADO","acancelar":false,"mesAnoVencimentoFormatado":"12/2005","numeroRegistroFormatado":"104450100"},"empresa":{"cnpj":"46741922000150","razaoSocial":"LABORATORIO SINTERAPICO INDUSTRIAL FTCO LTDA","numeroAutorizacao":null,"cnpjFormatado":"46.741.922/0001-50"},"processo":{"numero":"253510010040039","situacao":29,"numeroProcessoFormatado":"25351.001004/00-39"}},{"ordem":56,"produto":{"codigo":137856,"nome":"TIROTRICINA + ASSOCIAÇÕES","numeroRegistro":"104450122","tipo":{"codigo":1,"descricao":null},"categoria":null,"situacaoRotulo":null,"dataVencimento":null,"mesAnoVencimento":"082007","dataVencimentoRegistro":"2007-08-01T00:00:00.000-0300","principioAtivo":null,"situacaoApresentacao":"Caduco/Cancelado","dataRegistro":"2002-08-26T00:00:00.000-0300","categoriaRegulatoria":{"codigo":8,"descricao":"Similar"},"medicamentoReferencia":null,"categoriaProduto":null,"tipoAutorizacao":"REGISTRADO","acancelar":false,"mesAnoVencimentoFormatado":"08/2007","numeroRegistroFormatado":"104450122"},"empresa":{"cnpj":"46741922000150","razaoSocial":"LABORATORIO SINTERAPICO INDUSTRIAL FTCO LTDA","numeroAutorizacao":null,"cnpjFormatado":"46.741.922/0001-50"},"processo":{"numero":"253510024790213","situacao":29,"numeroProcessoFormatado":"25351.002479/02-13"}},{"ordem":57,"produto":{"codigo":8052,"nome":"TIROTRICINA + ASSOCIAÇÕES","numeroRegistro":"104450037","tipo":{"codigo":1,"descricao":null},"categoria":null,"situacaoRotulo":null,"dataVencimento":null,"mesAnoVencimento":"122001","dataVencimentoRegistro":"2001-12-01T00:00:00.000-0200","principioAtivo":null,"situacaoApresentacao":"Caduco/Cancelado","dataRegistro":"2000-12-26T00:00:00.000-0300","categoriaRegulatoria":{"codigo":8,"descricao":"Similar"},"medicamentoReferencia":null,"categoriaProduto":null,"tipoAutorizacao":"REGISTRADO","acancelar":false,"mesAnoVencimentoFormatado":"12/2001","numeroRegistroFormatado":"104450037"},"empresa":{"cnpj":"46741922000150","razaoSocial":"LABORATORIO SINTERAPICO INDUSTRIAL FTCO LTDA","numeroAutorizacao":null,"cnpjFormatado":"46.741.922/0001-50"},"processo":{"numero":"2599100386381","situacao":29,"numeroProcessoFormatado":"25991.003863/81"}},{"ordem":58,"produto":{"codigo":8209,"nome":"VALERATO DE BETAMETASONA+ASSOCIACOES","numeroRegistro":"104450090","tipo":{"codigo":1,"descricao":null},"categoria":null,"situacaoRotulo":null,"dataVencimento":null,"mesAnoVencimento":"112004","dataVencimentoRegistro":"2004-11-01T00:00:00.000-0300","principioAtivo":null,"situacaoApresentacao":"Caduco/Cancelado","dataRegistro":"1999-11-22T00:00:00.000-0200","categoriaRegulatoria":{"codigo":8,"descricao":"Similar"},"medicamentoReferencia":null,"categoriaProduto":null,"tipoAutorizacao":"REGISTRADO","acancelar":false,"mesAnoVencimentoFormatado":"11/2004","numeroRegistroFormatado":"104450090"},"empresa":{"cnpj":"46741922000150","razaoSocial":"LABORATORIO SINTERAPICO INDUSTRIAL FTCO LTDA","numeroAutorizacao":null,"cnpjFormatado":"46.741.922/0001-50"},"processo":{"numero":"250000071199984","situacao":29,"numeroProcessoFormatado":"25000.007119/99-84"}},{"ordem":59,"produto":{"codigo":141107,"nome":"VITA GRIP","numeroRegistro":"104450073","tipo":{"codigo":1,"descricao":null},"categoria":null,"situacaoRotulo":null,"dataVencimento":null,"mesAnoVencimento":"100005","dataVencimentoRegistro":"0005-10-01T00:00:00.000-0300","principioAtivo":null,"situacaoApresentacao":"Caduco/Cancelado","dataRegistro":"2002-09-19T00:00:00.000-0300","categoriaRegulatoria":{"codigo":8,"descricao":"Similar"},"medicamentoReferencia":null,"categoriaProduto":null,"tipoAutorizacao":"REGISTRADO","acancelar":false,"mesAnoVencimentoFormatado":"10/0005","numeroRegistroFormatado":"104450073"},"empresa":{"cnpj":"46741922000150","razaoSocial":"LABORATORIO SINTERAPICO INDUSTRIAL FTCO LTDA","numeroAutorizacao":null,"cnpjFormatado":"46.741.922/0001-50"},"processo":{"numero":"2500102203484","situacao":29,"numeroProcessoFormatado":"25001.022034/84"}},{"ordem":60,"produto":{"codigo":375893,"nome":"XAROPE DAS CRIANCAS","numeroRegistro":"104450064","tipo":{"codigo":1,"descricao":null},"categoria":null,"situacaoRotulo":null,"dataVencimento":null,"mesAnoVencimento":"032007","dataVencimentoRegistro":"2007-03-01T00:00:00.000-0300","principioAtivo":null,"situacaoApresentacao":"Caduco/Cancelado","dataRegistro":"1992-03-01T00:00:00.000-0300","categoriaRegulatoria":{"codigo":8,"descricao":"Similar"},"medicamentoReferencia":null,"categoriaProduto":null,"tipoAutorizacao":"REGISTRADO","acancelar":false,"mesAnoVencimentoFormatado":"03/2007","numeroRegistroFormatado":"104450064"},"empresa":{"cnpj":"46741922000150","razaoSocial":"LABORATORIO SINTERAPICO INDUSTRIAL FTCO LTDA","numeroAutorizacao":null,"cnpjFormatado":"46.741.922/0001-50"},"processo":{"numero":"2599200201029","situacao":29,"numeroProcessoFormatado":"25992.002010/29"}},{"ordem":61,"produto":{"codigo":6430,"nome":"ZOLPRAMEX","numeroRegistro":"104450091","tipo":{"codigo":1,"descricao":null},"categoria":null,"situacaoRotulo":null,"dataVencimento":null,"mesAnoVencimento":"012005","dataVencimentoRegistro":"2005-01-01T00:00:00.000-0300","principioAtivo":null,"situacaoApresentacao":"Caduco/Cancelado","dataRegistro":"2000-01-17T00:00:00.000-0200","categoriaRegulatoria":{"codigo":8,"descricao":"Similar"},"medicamentoReferencia":null,"categoriaProduto":null,"tipoAutorizacao":"REGISTRADO","acancelar":false,"mesAnoVencimentoFormatado":"01/2005","numeroRegistroFormatado":"104450091"},"empresa":{"cnpj":"46741922000150","razaoSocial":"LABORATORIO SINTERAPICO INDUSTRIAL FTCO LTDA","numeroAutorizacao":null,"cnpjFormatado":"46.741.922/0001-50"},"processo":{"numero":"250000086059938","situacao":29,"numeroProcessoFormatado":"25000.008605/99-38"}}],"totalElements":61,"totalPages":1,"last":true,"numberOfElements":61,"size":1000,"number":0,"first":true,"sort":null}