{"content":[{"ordem":1,"produto":{"codigo":2825798,"nome":"ACIDO MEFENAMICO","numeroRegistro":"135170062","tipo":{"codigo":1,"descricao":null},"categoria":null,"situacaoRotulo":null,"dataVencimento":null,"mesAnoVencimento":"042030","dataVencimentoRegistro":"2030-04-01T00:00:00.000-0300","principioAtivo":"ÁCIDO MEFENÂMICO","situacaoApresentacao":"Válido","dataRegistro":"2021-12-27T00:00:00.000-0300","categoriaRegulatoria":{"codigo":5,"descricao":"Genérico"},"medicamentoReferencia":"PONSTAN","categoriaProduto":null,"tipoAutorizacao":"REGISTRADO","acancelar":false,"mesAnoVencimentoFormatado":"04/2030","numeroRegistroFormatado":"135170062"},"empresa":{"cnpj":"48344725000719","razaoSocial":"Althaia S.A Indústria Farmacêutica","numeroAutorizacao":"1035175","cnpjFormatado":"48.344.725/0007-19"},"processo":{"numero":"25351330137202170","situacao":29,"numeroProcessoFormatado":"25351.330137/2021-70"}},{"ordem":2,"produto":{"codigo":961062,"nome":"ANGIOTENSIL HCT","numeroRegistro":"135170014","tipo":{"codigo":1,"descricao":null},"categoria":null,"situacaoRotulo":null,"dataVencimento":null,"mesAnoVencimento":"122029","dataVencimentoRegistro":"2029-12-01T00:00:00.000-0300","principioAtivo":"CANDESARTANA CILEXETILA, HIDROCLOROTIAZIDA","situacaoApresentacao":"Válido","dataRegistro":"2014-12-08T00:00:00.000-0300","categoriaRegulatoria":{"codigo":8,"descricao":"Similar"},"medicamentoReferencia":"ATACAND HCT","categoriaProduto":null,"tipoAutorizacao":"REGISTRADO","acancelar":false,"mesAnoVencimentoFormatado":"12/2029","numeroRegistroFormatado":"135170014"},"empresa":{"cnpj":"48344725000719","razaoSocial":"Althaia S.A Indústria Farmacêutica","numeroAutorizacao":"1035175","cnpjFormatado":"48.344.725/0007-19"},"processo":{"numero":"25351276100201478","situacao":29,"numeroProcessoFormatado":"25351.276100/2014-78"}},{"ordem":3,"produto":{"codigo":1311863,"nome":"ARTEROX","numeroRegistro":"135170040","tipo":{"codigo":1,"descricao":null},"categoria":null,"situacaoRotulo":null,"dataVencimento":null,"mesAnoVencimento":"032029","dataVencimentoRegistro":"2029-03-01T00:00:00.000-0300","principioAtivo":"VALSARTANA","situacaoApresentacao":"Válido","dataRegistro":"2019-03-25T00:00:00.000-0300","categoriaRegulatoria":{"codigo":8,"descricao":"Similar"},"medicamentoReferencia":"DIOVAN","categoriaProduto":null,"tipoAutorizacao":"REGISTRADO","acancelar":false,"mesAnoVencimentoFormatado":"03/2029","numeroRegistroFormatado":"135170040"},"empresa":{"cnpj":"48344725000719","razaoSocial":"Althaia S.A Indústria Farmacêutica","numeroAutorizacao":"1035175","cnpjFormatado":"48.344.725/0007-19"},"processo":{"numero":"25351350596201216","situacao":29,"numeroProcessoFormatado":"25351.350596/2012-16"}},{"ordem":4,"produto":{"codigo":1063975,"nome":"AZITROMICINA","numeroRegistro":"135170026","tipo":{"codigo":1,"descricao":null},"categoria":null,"situacaoRotulo":null,"dataVencimento":null,"mesAnoVencimento":"092020","dataVencimentoRegistro":"2020-09-01T00:00:00.000-0300","principioAtivo":null,"situacaoApresentacao":"Caduco/Cancelado","dataRegistro":"2015-09-08T00:00:00.000-0300","categoriaRegulatoria":{"codigo":5,"descricao":"Genérico"},"medicamentoReferencia":"ZITROMAX","categoriaProduto":null,"tipoAutorizacao":"REGISTRADO","acancelar":false,"mesAnoVencimentoFormatado":"09/2020","numeroRegistroFormatado":"135170026"},"empresa":{"cnpj":"48344725000719","razaoSocial":"Althaia S.A Indústria Farmacêutica","numeroAutorizacao":"1035175","cnpjFormatado":"48.344.725/0007-19"},"processo":{"numero":"25351077572201209","situacao":29,"numeroProcessoFormatado":"25351.077572/2012-09"}},{"ordem":5,"produto":{"codigo":1030661,"nome":"AZITROMICINA","numeroRegistro":"135170023","tipo":{"codigo":1,"descricao":null},"categoria":null,"situacaoRotulo":null,"dataVencimento":null,"mesAnoVencimento":"032020","dataVencimentoRegistro":"2020-03-01T00:00:00.000-0300","principioAtivo":null,"situacaoApresentacao":"Caduco/Cancelado","dataRegistro":"2015-03-30T00:00:00.000-0300","categoriaRegulatoria":{"codigo":5,"descricao":"Genérico"},"medicamentoReferencia":"ZITROMAX","categoriaProduto":null,"tipoAutorizacao":"REGISTRADO","acancelar":false,"mesAnoVencimentoFormatado":"03/2020","numeroRegistroFormatado":"135170023"},"empresa":{"cnpj":"48344725000719","razaoSocial":"Althaia S.A Indústria Farmacêutica","numeroAutorizacao":"1035175","cnpjFormatado":"48.344.725/0007-19"},"processo":{"numero":"25351500993201470","situacao":29,"numeroProcessoFormatado":"25351.500993/2014-70"}},{"ordem":6,"produto":{"codigo":819902,"nome":"BLUPILL","numeroRegistro":"135170007","tipo":{"codigo":1,"descricao":null},"categoria":null,"situacaoRotulo":null,"dataVencimento":null,"mesAnoVencimento":"082028","dataVencimentoRegistro":"2028-08-01T00:00:00.000-0300","principioAtivo":null,"situacaoApresentacao":"Caduco/Cancelado","dataRegistro":"2013-08-05T00:00:00.000-0300","categoriaRegulatoria":{"codigo":8,"descricao":"Similar"},"medicamentoReferencia":"VIAGRA","categoriaProduto":null,"tipoAutorizacao":"REGISTRADO","acancelar":false,"mesAnoVencimentoFormatado":"08/2028","numeroRegistroFormatado":"135170007"},"empresa":{"cnpj":"48344725000719","razaoSocial":"Althaia S.A Indústria Farmacêutica","numeroAutorizacao":"1035175","cnpjFormatado":"48.344.725/0007-19"},"processo":{"numero":"25351180350201263","situacao":29,"numeroProcessoFormatado":"25351.180350/2012-63"}},{"ordem":7,"produto":{"codigo":961195,"nome":"CANDESARTANA CILEXETILA + HIDROCLOROTIAZIDA","numeroRegistro":"135170012","tipo":{"codigo":1,"descricao":null},"categoria":null,"situacaoRotulo":null,"dataVencimento":null,"mesAnoVencimento":"102029","dataVencimentoRegistro":"2029-10-01T00:00:00.000-0300","principioAtivo":"CANDESARTANA CILEXETILA, HIDROCLOROTIAZIDA","situacaoApresentacao":"Válido","dataRegistro":"2014-10-20T00:00:00.000-0300","categoriaRegulatoria":{"codigo":5,"descricao":"Genérico"},"medicamentoReferencia":"ATACAND HCT","categoriaProduto":null,"tipoAutorizacao":"REGISTRADO","acancelar":false,"mesAnoVencimentoFormatado":"10/2029","numeroRegistroFormatado":"135170012"},"empresa":{"cnpj":"48344725000719","razaoSocial":"Althaia S.A Indústria Farmacêutica","numeroAutorizacao":"1035175","cnpjFormatado":"48.344.725/0007-19"},"processo":{"numero":"25351377750201336","situacao":29,"numeroProcessoFormatado":"25351.377750/2013-36"}},{"ordem":8,"produto":{"codigo":1380521,"nome":"CASTANHA DA ÍNDIA ALTHAIA","numeroRegistro":"135170060","tipo":{"codigo":1,"descricao":null},"categoria":null,"situacaoRotulo":null,"dataVencimento":null,"mesAnoVencimento":"102030","dataVencimentoRegistro":"2030-10-01T00:00:00.000-0300","principioAtivo":"AESCULUS HIPPOCASTANUM L.","situacaoApresentacao":"Válido","dataRegistro":"2020-10-19T00:00:00.000-0300","categoriaRegulatoria":{"codigo":4,"descricao":"Fitoterápico"},"medicamentoReferencia":null,"categoriaProduto":null,"tipoAutorizacao":"REGISTRADO","acancelar":false,"mesAnoVencimentoFormatado":"10/2030","numeroRegistroFormatado":"135170060"},"empresa":{"cnpj":"48344725000719","razaoSocial":"Althaia S.A Indústria Farmacêutica","numeroAutorizacao":"1035175","cnpjFormatado":"48.344.725/0007-19"},"processo":{"numero":"25351733670201975","situacao":29,"numeroProcessoFormatado":"25351.733670/2019-75"}},{"ordem":9,"produto":{"codigo":1024322,"nome":"CILOSTAZOL","numeroRegistro":"135170022","tipo":{"codigo":1,"descricao":null},"categoria":null,"situacaoRotulo":null,"dataVencimento":null,"mesAnoVencimento":"032020","dataVencimentoRegistro":"2020-03-01T00:00:00.000-0300","principioAtivo":null,"situacaoApresentacao":"Caduco/Cancelado","dataRegistro":"2015-03-23T00:00:00.000-0300","categoriaRegulatoria":{"codigo":5,"descricao":"Genérico"},"medicamentoReferencia":"CEBRALAT","categoriaProduto":null,"tipoAutorizacao":"REGISTRADO","acancelar":false,"mesAnoVencimentoFormatado":"03/2020","numeroRegistroFormatado":"135170022"},"empresa":{"cnpj":"48344725000719","razaoSocial":"Althaia S.A Indústria Farmacêutica","numeroAutorizacao":"1035175","cnpjFormatado":"48.344.725/0007-19"},"processo":{"numero":"25351551693201459","situacao":29,"numeroProcessoFormatado":"25351.551693/2014-59"}},{"ordem":10,"produto":{"codigo":735323,"nome":"CITRATO DE SILDENAFILA","numeroRegistro":"135170003","tipo":{"codigo":1,"descricao":null},"categoria":null,"situacaoRotulo":null,"dataVencimento":null,"mesAnoVencimento":"122027","dataVencimentoRegistro":"2027-12-01T00:00:00.000-0300","principioAtivo":null,"situacaoApresentacao":"Caduco/Cancelado","dataRegistro":"2012-12-24T00:00:00.000-0300","categoriaRegulatoria":{"codigo":5,"descricao":"Genérico"},"medicamentoReferencia":"VIAGRA","categoriaProduto":null,"tipoAutorizacao":"REGISTRADO","acancelar":false,"mesAnoVencimentoFormatado":"12/2027","numeroRegistroFormatado":"135170003"},"empresa":{"cnpj":"48344725000719","razaoSocial":"Althaia S.A Indústria Farmacêutica","numeroAutorizacao":"1035175","cnpjFormatado":"48.344.725/0007-19"},"processo":{"numero":"25351812033201091","situacao":29,"numeroProcessoFormatado":"25351.812033/2010-91"}},{"ordem":11,"produto":{"codigo":1019124,"nome":"CLORIDRATO DE CICLOBENZAPRINA","numeroRegistro":"135170017","tipo":{"codigo":1,"descricao":null},"categoria":null,"situacaoRotulo":null,"dataVencimento":null,"mesAnoVencimento":"022020","dataVencimentoRegistro":"2020-02-01T00:00:00.000-0300","principioAtivo":null,"situacaoApresentacao":"Caduco/Cancelado","dataRegistro":"2015-02-18T00:00:00.000-0300","categoriaRegulatoria":{"codigo":5,"descricao":"Genérico"},"medicamentoReferencia":"Miosan","categoriaProduto":null,"tipoAutorizacao":"REGISTRADO","acancelar":false,"mesAnoVencimentoFormatado":"02/2020","numeroRegistroFormatado":"135170017"},"empresa":{"cnpj":"48344725000719","razaoSocial":"Althaia S.A Indústria Farmacêutica","numeroAutorizacao":"1035175","cnpjFormatado":"48.344.725/0007-19"},"processo":{"numero":"25351500992201425","situacao":29,"numeroProcessoFormatado":"25351.500992/2014-25"}},{"ordem":12,"produto":{"codigo":944062,"nome":"CLORIDRATO DE PROPAFENONA","numeroRegistro":"135170016","tipo":{"codigo":1,"descricao":null},"categoria":null,"situacaoRotulo":null,"dataVencimento":null,"mesAnoVencimento":"022025","dataVencimentoRegistro":"2025-02-01T00:00:00.000-0300","principioAtivo":"CLORIDRATO DE PROPAFENONA","situacaoApresentacao":"Válido","dataRegistro":"2015-02-18T00:00:00.000-0300","categoriaRegulatoria":{"codigo":5,"descricao":"Genérico"},"medicamentoReferencia":"RITMONORM","categoriaProduto":null,"tipoAutorizacao":"REGISTRADO","acancelar":false,"mesAnoVencimentoFormatado":"02/2025","numeroRegistroFormatado":"135170016"},"empresa":{"cnpj":"48344725000719","razaoSocial":"Althaia S.A Indústria Farmacêutica","numeroAutorizacao":"1035175","cnpjFormatado":"48.344.725/0007-19"},"processo":{"numero":"25351078410201452","situacao":29,"numeroProcessoFormatado":"25351.078410/2014-52"}},{"ordem":13,"produto":{"codigo":849645,"nome":"CONVULTRAT","numeroRegistro":"135170009","tipo":{"codigo":1,"descricao":null},"categoria":null,"situacaoRotulo":null,"dataVencimento":null,"mesAnoVencimento":"102018","dataVencimentoRegistro":"2018-10-01T00:00:00.000-0300","principioAtivo":null,"situacaoApresentacao":"Caduco/Cancelado","dataRegistro":"2013-10-28T00:00:00.000-0300","categoriaRegulatoria":{"codigo":8,"descricao":"Similar"},"medicamentoReferencia":"LAMICTAL","categoriaProduto":null,"tipoAutorizacao":"REGISTRADO","acancelar":false,"mesAnoVencimentoFormatado":"10/2018","numeroRegistroFormatado":"135170009"},"empresa":{"cnpj":"48344725000719","razaoSocial":"Althaia S.A Indústria Farmacêutica","numeroAutorizacao":"1035175","cnpjFormatado":"48.344.725/0007-19"},"processo":{"numero":"25351488734201211","situacao":29,"numeroProcessoFormatado":"25351.488734/2012-11"}},{"ordem":14,"produto":{"codigo":958622,"nome":"CRESLIP","numeroRegistro":"135170045","tipo":{"codigo":1,"descricao":null},"categoria":null,"situacaoRotulo":null,"dataVencimento":"2029-06-16T00:00:00.000-0300","mesAnoVencimento":"062029","dataVencimentoRegistro":"2029-06-01T00:00:00.000-0300","principioAtivo":"ROSUVASTATINA CÁLCICA","situacaoApresentacao":"Válido","dataRegistro":"2019-06-03T00:00:00.000-0300","categoriaRegulatoria":{"codigo":8,"descricao":"Similar"},"medicamentoReferencia":"CRESTOR","categoriaProduto":null,"tipoAutorizacao":"REGISTRADO","acancelar":false,"mesAnoVencimentoFormatado":"06/2029","numeroRegistroFormatado":"135170045"},"empresa":{"cnpj":"48344725000719","razaoSocial":"Althaia S.A Indústria Farmacêutica","numeroAutorizacao":"1035175","cnpjFormatado":"48.344.725/0007-19"},"processo":{"numero":"25351260321201466","situacao":29,"numeroProcessoFormatado":"25351.260321/2014-66"}},{"ordem":15,"produto":{"codigo":2881472,"nome":"DAMATER","numeroRegistro":"135170063","tipo":{"codigo":1,"descricao":null},"categoria":null,"situacaoRotulo":null,"dataVencimento":null,"mesAnoVencimento":"052028","dataVencimentoRegistro":"2028-05-01T00:00:00.000-0300","principioAtivo":null,"situacaoApresentacao":"Caduco/Cancelado","dataRegistro":"2022-01-10T00:00:00.000-0300","categoriaRegulatoria":{"codigo":3,"descricao":"Específico"},"medicamentoReferencia":null,"categoriaProduto":null,"tipoAutorizacao":"REGISTRADO","acancelar":false,"mesAnoVencimentoFormatado":"05/2028","numeroRegistroFormatado":"135170063"},"empresa":{"cnpj":"48344725000719","razaoSocial":"Althaia S.A Indústria Farmacêutica","numeroAutorizacao":"1035175","cnpjFormatado":"48.344.725/0007-19"},"processo":{"numero":"25351613284202182","situacao":29,"numeroProcessoFormatado":"25351.613284/2021-82"}},{"ordem":16,"produto":{"codigo":1402866,"nome":"DESOGESTREL","numeroRegistro":"135170055","tipo":{"codigo":1,"descricao":null},"categoria":null,"situacaoRotulo":null,"dataVencimento":null,"mesAnoVencimento":"042030","dataVencimentoRegistro":"2030-04-01T00:00:00.000-0300","principioAtivo":"DESOGESTREL","situacaoApresentacao":"Válido","dataRegistro":"2020-04-06T00:00:00.000-0300","categoriaRegulatoria":{"codigo":5,"descricao":"Genérico"},"medicamentoReferencia":"CERAZETTE","categoriaProduto":null,"tipoAutorizacao":"REGISTRADO","acancelar":false,"mesAnoVencimentoFormatado":"04/2030","numeroRegistroFormatado":"135170055"},"empresa":{"cnpj":"48344725000719","razaoSocial":"Althaia S.A Indústria Farmacêutica","numeroAutorizacao":"1035175","cnpjFormatado":"48.344.725/0007-19"},"processo":{"numero":"25351605790201983","situacao":29,"numeroProcessoFormatado":"25351.605790/2019-83"}},{"ordem":17,"produto":{"codigo":934544,"nome":"DICLORIDRATO DE BETAISTINA","numeroRegistro":"135170010","tipo":{"codigo":1,"descricao":null},"categoria":null,"situacaoRotulo":null,"dataVencimento":null,"mesAnoVencimento":"122018","dataVencimentoRegistro":"2018-12-01T00:00:00.000-0300","principioAtivo":null,"situacaoApresentacao":"Caduco/Cancelado","dataRegistro":"2013-12-23T00:00:00.000-0300","categoriaRegulatoria":{"codigo":5,"descricao":"Genérico"},"medicamentoReferencia":"BETASERC","categoriaProduto":null,"tipoAutorizacao":"REGISTRADO","acancelar":false,"mesAnoVencimentoFormatado":"12/2018","numeroRegistroFormatado":"135170010"},"empresa":{"cnpj":"48344725000719","razaoSocial":"Althaia S.A Indústria Farmacêutica","numeroAutorizacao":"1035175","cnpjFormatado":"48.344.725/0007-19"},"processo":{"numero":"25351308104201201","situacao":29,"numeroProcessoFormatado":"25351.308104/2012-01"}},{"ordem":18,"produto":{"codigo":1026909,"nome":"DICLORIDRATO DE BETAISTINA","numeroRegistro":"135170019","tipo":{"codigo":1,"descricao":null},"categoria":null,"situacaoRotulo":null,"dataVencimento":null,"mesAnoVencimento":"032025","dataVencimentoRegistro":"2025-03-01T00:00:00.000-0300","principioAtivo":"DICLORIDRATO DE BETAISTINA","situacaoApresentacao":"Válido","dataRegistro":"2015-03-16T00:00:00.000-0300","categoriaRegulatoria":{"codigo":5,"descricao":"Genérico"},"medicamentoReferencia":"LABIRIN E BETASERC","categoriaProduto":null,"tipoAutorizacao":"REGISTRADO","acancelar":false,"mesAnoVencimentoFormatado":"03/2025","numeroRegistroFormatado":"135170019"},"empresa":{"cnpj":"48344725000719","razaoSocial":"Althaia S.A Indústria Farmacêutica","numeroAutorizacao":"1035175","cnpjFormatado":"48.344.725/0007-19"},"processo":{"numero":"25351517842201451","situacao":29,"numeroProcessoFormatado":"25351.517842/2014-51"}},{"ordem":19,"produto":{"codigo":1334459,"nome":"DITRATE","numeroRegistro":"135170049","tipo":{"codigo":1,"descricao":null},"categoria":null,"situacaoRotulo":null,"dataVencimento":null,"mesAnoVencimento":"072024","dataVencimentoRegistro":"2024-07-01T00:00:00.000-0300","principioAtivo":null,"situacaoApresentacao":"Caduco/Cancelado","dataRegistro":"2019-07-15T00:00:00.000-0300","categoriaRegulatoria":{"codigo":8,"descricao":"Similar"},"medicamentoReferencia":"DIGEDRAT","categoriaProduto":null,"tipoAutorizacao":"REGISTRADO","acancelar":false,"mesAnoVencimentoFormatado":"07/2024","numeroRegistroFormatado":"135170049"},"empresa":{"cnpj":"48344725000719","razaoSocial":"Althaia S.A Indústria Farmacêutica","numeroAutorizacao":"1035175","cnpjFormatado":"48.344.725/0007-19"},"processo":{"numero":"25351704901201852","situacao":29,"numeroProcessoFormatado":"25351.704901/2018-52"}},{"ordem":20,"produto":{"codigo":796068,"nome":"DROSPIRENONA + ETINILESTRADIOL","numeroRegistro":"135170006","tipo":{"codigo":1,"descricao":null},"categoria":null,"situacaoRotulo":null,"dataVencimento":null,"mesAnoVencimento":"062028","dataVencimentoRegistro":"2028-06-01T00:00:00.000-0300","principioAtivo":"DROSPIRENONA, ETINILESTRADIOL","situacaoApresentacao":"Válido","dataRegistro":"2013-06-17T00:00:00.000-0300","categoriaRegulatoria":{"codigo":5,"descricao":"Genérico"},"medicamentoReferencia":"YAZ","categoriaProduto":null,"tipoAutorizacao":"REGISTRADO","acancelar":false,"mesAnoVencimentoFormatado":"06/2028","numeroRegistroFormatado":"135170006"},"empresa":{"cnpj":"48344725000719","razaoSocial":"Althaia S.A Indústria Farmacêutica","numeroAutorizacao":"1035175","cnpjFormatado":"48.344.725/0007-19"},"processo":{"numero":"25351695672201111","situacao":29,"numeroProcessoFormatado":"25351.695672/2011-11"}},{"ordem":21,"produto":{"codigo":726001,"nome":"DROSPIRENONA+ETINILESTRADIOL","numeroRegistro":"135170002","tipo":{"codigo":1,"descricao":null},"categoria":null,"situacaoRotulo":null,"dataVencimento":null,"mesAnoVencimento":"042027","dataVencimentoRegistro":"2027-04-01T00:00:00.000-0300","principioAtivo":"DROSPIRENONA, ETINILESTRADIOL","situacaoApresentacao":"Válido","dataRegistro":"2012-04-16T00:00:00.000-0300","categoriaRegulatoria":{"codigo":5,"descricao":"Genérico"},"medicamentoReferencia":"YASMIN","categoriaProduto":null,"tipoAutorizacao":"REGISTRADO","acancelar":false,"mesAnoVencimentoFormatado":"04/2027","numeroRegistroFormatado":"135170002"},"empresa":{"cnpj":"48344725000719","razaoSocial":"Althaia S.A Indústria Farmacêutica","numeroAutorizacao":"1035175","cnpjFormatado":"48.344.725/0007-19"},"processo":{"numero":"25351687842201021","situacao":29,"numeroProcessoFormatado":"25351.687842/2010-21"}},{"ordem":22,"produto":{"codigo":3616460,"nome":"ENJOVIX FLASH","numeroRegistro":"135170069","tipo":{"codigo":1,"descricao":null},"categoria":null,"situacaoRotulo":null,"dataVencimento":null,"mesAnoVencimento":"052033","dataVencimentoRegistro":"2033-05-01T00:00:00.000-0300","principioAtivo":"CLORIDRATO  DE ONDANSETRONA DI-hIDRATADO","situacaoApresentacao":"Válido","dataRegistro":"2023-05-29T00:00:00.000-0300","categoriaRegulatoria":{"codigo":8,"descricao":"Similar"},"medicamentoReferencia":"VONAU FLASH","categoriaProduto":null,"tipoAutorizacao":"REGISTRADO","acancelar":false,"mesAnoVencimentoFormatado":"05/2033","numeroRegistroFormatado":"135170069"},"empresa":{"cnpj":"48344725000719","razaoSocial":"Althaia S.A Indústria Farmacêutica","numeroAutorizacao":"1035175","cnpjFormatado":"48.344.725/0007-19"},"processo":{"numero":"25351189415202369","situacao":29,"numeroProcessoFormatado":"25351.189415/2023-69"}},{"ordem":23,"produto":{"codigo":828593,"nome":"ESOMEPRAZOL","numeroRegistro":"135170013","tipo":{"codigo":1,"descricao":null},"categoria":null,"situacaoRotulo":null,"dataVencimento":null,"mesAnoVencimento":"122019","dataVencimentoRegistro":"2019-12-01T00:00:00.000-0300","principioAtivo":null,"situacaoApresentacao":"Caduco/Cancelado","dataRegistro":"2014-12-08T00:00:00.000-0300","categoriaRegulatoria":{"codigo":5,"descricao":"Genérico"},"medicamentoReferencia":"NEXIUM","categoriaProduto":null,"tipoAutorizacao":"REGISTRADO","acancelar":false,"mesAnoVencimentoFormatado":"12/2019","numeroRegistroFormatado":"135170013"},"empresa":{"cnpj":"48344725000719","razaoSocial":"Althaia S.A Indústria Farmacêutica","numeroAutorizacao":"1035175","cnpjFormatado":"48.344.725/0007-19"},"processo":{"numero":"25351274287201290","situacao":29,"numeroProcessoFormatado":"25351.274287/2012-90"}},{"ordem":24,"produto":{"codigo":1062714,"nome":"ESOMETRAT","numeroRegistro":"135170025","tipo":{"codigo":1,"descricao":null},"categoria":null,"situacaoRotulo":null,"dataVencimento":null,"mesAnoVencimento":"082020","dataVencimentoRegistro":"2020-08-01T00:00:00.000-0300","principioAtivo":null,"situacaoApresentacao":"Caduco/Cancelado","dataRegistro":"2015-08-31T00:00:00.000-0300","categoriaRegulatoria":{"codigo":8,"descricao":"Similar"},"medicamentoReferencia":"NEXIUM","categoriaProduto":null,"tipoAutorizacao":"REGISTRADO","acancelar":false,"mesAnoVencimentoFormatado":"08/2020","numeroRegistroFormatado":"135170025"},"empresa":{"cnpj":"48344725000719","razaoSocial":"Althaia S.A Indústria Farmacêutica","numeroAutorizacao":"1035175","cnpjFormatado":"48.344.725/0007-19"},"processo":{"numero":"25351485934201238","situacao":29,"numeroProcessoFormatado":"25351.485934/2012-38"}},{"ordem":25,"produto":{"codigo":1006044,"nome":"IRBESARTANA+HIDROCLOROTIAZIDA","numeroRegistro":"135170015","tipo":{"codigo":1,"descricao":null},"categoria":null,"situacaoRotulo":null,"dataVencimento":null,"mesAnoVencimento":"122019","dataVencimentoRegistro":"2019-12-01T00:00:00.000-0300","principioAtivo":null,"situacaoApresentacao":"Caduco/Cancelado","dataRegistro":"2014-12-15T00:00:00.000-0300","categoriaRegulatoria":{"codigo":5,"descricao":"Genérico"},"medicamentoReferencia":"APROZIDE","categoriaProduto":null,"tipoAutorizacao":"REGISTRADO","acancelar":false,"mesAnoVencimentoFormatado":"12/2019","numeroRegistroFormatado":"135170015"},"empresa":{"cnpj":"48344725000719","razaoSocial":"Althaia S.A Indústria Farmacêutica","numeroAutorizacao":"1035175","cnpjFormatado":"48.344.725/0007-19"},"processo":{"numero":"25351751130201392","situacao":29,"numeroProcessoFormatado":"25351.751130/2013-92"}},{"ordem":26,"produto":{"codigo":3620781,"nome":"IROSÊ","numeroRegistro":"135170073","tipo":{"codigo":1,"descricao":null},"categoria":null,"situacaoRotulo":null,"dataVencimento":"2033-08-07T00:00:00.000-0300","mesAnoVencimento":"082033","dataVencimentoRegistro":"2033-08-01T00:00:00.000-0300","principioAtivo":"NITAZOXANIDA","situacaoApresentacao":"Válido","dataRegistro":"2023-08-07T00:00:00.000-0300","categoriaRegulatoria":{"codigo":8,"descricao":"Similar"},"medicamentoReferencia":"ANNITA","categoriaProduto":null,"tipoAutorizacao":"REGISTRADO","acancelar":false,"mesAnoVencimentoFormatado":"08/2033","numeroRegistroFormatado":"135170073"},"empresa":{"cnpj":"48344725000719","razaoSocial":"Althaia S.A Indústria Farmacêutica","numeroAutorizacao":"1035175","cnpjFormatado":"48.344.725/0007-19"},"processo":{"numero":"25351305631202368","situacao":29,"numeroProcessoFormatado":"25351.305631/2023-68"}},{"ordem":27,"produto":{"codigo":1256242,"nome":"IROSÊ","numeroRegistro":"135170033","tipo":{"codigo":1,"descricao":null},"categoria":null,"situacaoRotulo":null,"dataVencimento":null,"mesAnoVencimento":"062028","dataVencimentoRegistro":"2028-06-01T00:00:00.000-0300","principioAtivo":"NITAZOXANIDA","situacaoApresentacao":"Válido","dataRegistro":"2018-06-18T00:00:00.000-0300","categoriaRegulatoria":{"codigo":8,"descricao":"Similar"},"medicamentoReferencia":"ANNITA","categoriaProduto":null,"tipoAutorizacao":"REGISTRADO","acancelar":false,"mesAnoVencimentoFormatado":"06/2028","numeroRegistroFormatado":"135170033"},"empresa":{"cnpj":"48344725000719","razaoSocial":"Althaia S.A Indústria Farmacêutica","numeroAutorizacao":"1035175","cnpjFormatado":"48.344.725/0007-19"},"processo":{"numero":"25351711402201731","situacao":29,"numeroProcessoFormatado":"25351.711402/2017-31"}},{"ordem":28,"produto":{"codigo":793746,"nome":"IRRITRATIL","numeroRegistro":"135170005","tipo":{"codigo":1,"descricao":null},"categoria":null,"situacaoRotulo":null,"dataVencimento":null,"mesAnoVencimento":"012028","dataVencimentoRegistro":"2028-01-01T00:00:00.000-0300","principioAtivo":"MALEATO DE TRIMEBUTINA","situacaoApresentacao":"Válido","dataRegistro":"2013-01-28T00:00:00.000-0300","categoriaRegulatoria":{"codigo":8,"descricao":"Similar"},"medicamentoReferencia":"DIGEDRAT","categoriaProduto":null,"tipoAutorizacao":"REGISTRADO","acancelar":false,"mesAnoVencimentoFormatado":"01/2028","numeroRegistroFormatado":"135170005"},"empresa":{"cnpj":"48344725000719","razaoSocial":"Althaia S.A Indústria Farmacêutica","numeroAutorizacao":"1035175","cnpjFormatado":"48.344.725/0007-19"},"processo":{"numero":"25351679820201118","situacao":29,"numeroProcessoFormatado":"25351.679820/2011-18"}},{"ordem":29,"produto":{"codigo":835463,"nome":"LAMOTRIGINA","numeroRegistro":"135170008","tipo":{"codigo":1,"descricao":null},"categoria":null,"situacaoRotulo":null,"dataVencimento":null,"mesAnoVencimento":"102028","dataVencimentoRegistro":"2028-10-01T00:00:00.000-0300","principioAtivo":null,"situacaoApresentacao":"Caduco/Cancelado","dataRegistro":"2013-10-28T00:00:00.000-0300","categoriaRegulatoria":{"codigo":5,"descricao":"Genérico"},"medicamentoReferencia":"LAMICTAL","categoriaProduto":null,"tipoAutorizacao":"REGISTRADO","acancelar":false,"mesAnoVencimentoFormatado":"10/2028","numeroRegistroFormatado":"135170008"},"empresa":{"cnpj":"48344725000719","razaoSocial":"Althaia S.A Indústria Farmacêutica","numeroAutorizacao":"1035175","cnpjFormatado":"48.344.725/0007-19"},"processo":{"numero":"25351359597201234","situacao":29,"numeroProcessoFormatado":"25351.359597/2012-34"}},{"ordem":30,"produto":{"codigo":759648,"nome":"MALEATO DE TRIMEBUTINA","numeroRegistro":"135170004","tipo":{"codigo":1,"descricao":null},"categoria":null,"situacaoRotulo":null,"dataVencimento":null,"mesAnoVencimento":"012028","dataVencimentoRegistro":"2028-01-01T00:00:00.000-0300","principioAtivo":"MALEATO DE TRIMEBUTINA","situacaoApresentacao":"Válido","dataRegistro":"2013-01-14T00:00:00.000-0300","categoriaRegulatoria":{"codigo":5,"descricao":"Genérico"},"medicamentoReferencia":"DIGEDRAT","categoriaProduto":null,"tipoAutorizacao":"REGISTRADO","acancelar":false,"mesAnoVencimentoFormatado":"01/2028","numeroRegistroFormatado":"135170004"},"empresa":{"cnpj":"48344725000719","razaoSocial":"Althaia S.A Indústria Farmacêutica","numeroAutorizacao":"1035175","cnpjFormatado":"48.344.725/0007-19"},"processo":{"numero":"25351299206201134","situacao":29,"numeroProcessoFormatado":"25351.299206/2011-34"}},{"ordem":31,"produto":{"codigo":3671588,"nome":"MÔDULIX","numeroRegistro":"135170078","tipo":{"codigo":1,"descricao":null},"categoria":null,"situacaoRotulo":null,"dataVencimento":"2034-05-13T00:00:00.000-0300","mesAnoVencimento":"052034","dataVencimentoRegistro":"2034-05-01T00:00:00.000-0300","principioAtivo":"bromidrato de vortioxetina","situacaoApresentacao":"Válido","dataRegistro":"2024-05-13T00:00:00.000-0300","categoriaRegulatoria":{"codigo":8,"descricao":"Similar"},"medicamentoReferencia":"BRINTELLIX","categoriaProduto":null,"tipoAutorizacao":"REGISTRADO","acancelar":false,"mesAnoVencimentoFormatado":"05/2034","numeroRegistroFormatado":"135170078"},"empresa":{"cnpj":"48344725000719","razaoSocial":"Althaia S.A Indústria Farmacêutica","numeroAutorizacao":"1035175","cnpjFormatado":"48.344.725/0007-19"},"processo":{"numero":"25351314911202367","situacao":29,"numeroProcessoFormatado":"25351.314911/2023-67"}},{"ordem":32,"produto":{"codigo":1098322,"nome":"NITAZOXANIDA","numeroRegistro":"135170032","tipo":{"codigo":1,"descricao":null},"categoria":null,"situacaoRotulo":null,"dataVencimento":null,"mesAnoVencimento":"052027","dataVencimentoRegistro":"2027-05-01T00:00:00.000-0300","principioAtivo":"NITAZOXANIDA","situacaoApresentacao":"Válido","dataRegistro":"2017-05-02T00:00:00.000-0300","categoriaRegulatoria":{"codigo":5,"descricao":"Genérico"},"medicamentoReferencia":"ANNITA","categoriaProduto":null,"tipoAutorizacao":"REGISTRADO","acancelar":false,"mesAnoVencimentoFormatado":"05/2027","numeroRegistroFormatado":"135170032"},"empresa":{"cnpj":"48344725000719","razaoSocial":"Althaia S.A Indústria Farmacêutica","numeroAutorizacao":"1035175","cnpjFormatado":"48.344.725/0007-19"},"processo":{"numero":"25351962807201630","situacao":29,"numeroProcessoFormatado":"25351.962807/2016-30"}},{"ordem":33,"produto":{"codigo":1092396,"nome":"OSTEODUO","numeroRegistro":"135170031","tipo":{"codigo":1,"descricao":null},"categoria":null,"situacaoRotulo":null,"dataVencimento":null,"mesAnoVencimento":"032027","dataVencimentoRegistro":"2027-03-01T00:00:00.000-0300","principioAtivo":null,"situacaoApresentacao":"Caduco/Cancelado","dataRegistro":"2017-03-20T00:00:00.000-0300","categoriaRegulatoria":{"codigo":3,"descricao":"Específico"},"medicamentoReferencia":null,"categoriaProduto":null,"tipoAutorizacao":"REGISTRADO","acancelar":false,"mesAnoVencimentoFormatado":"03/2027","numeroRegistroFormatado":"135170031"},"empresa":{"cnpj":"48344725000719","razaoSocial":"Althaia S.A Indústria Farmacêutica","numeroAutorizacao":"1035175","cnpjFormatado":"48.344.725/0007-19"},"processo":{"numero":"25351558235201501","situacao":29,"numeroProcessoFormatado":"25351.558235/2015-01"}},{"ordem":34,"produto":{"codigo":1086500,"nome":"OSTEODUO FOS","numeroRegistro":"135170029","tipo":{"codigo":1,"descricao":null},"categoria":null,"situacaoRotulo":null,"dataVencimento":null,"mesAnoVencimento":"012027","dataVencimentoRegistro":"2027-01-01T00:00:00.000-0300","principioAtivo":null,"situacaoApresentacao":"Caduco/Cancelado","dataRegistro":"2017-01-16T00:00:00.000-0300","categoriaRegulatoria":{"codigo":3,"descricao":"Específico"},"medicamentoReferencia":null,"categoriaProduto":null,"tipoAutorizacao":"REGISTRADO","acancelar":false,"mesAnoVencimentoFormatado":"01/2027","numeroRegistroFormatado":"135170029"},"empresa":{"cnpj":"48344725000719","razaoSocial":"Althaia S.A Indústria Farmacêutica","numeroAutorizacao":"1035175","cnpjFormatado":"48.344.725/0007-19"},"processo":{"numero":"25351347496201507","situacao":29,"numeroProcessoFormatado":"25351.347496/2015-07"}},{"ordem":35,"produto":{"codigo":1024323,"nome":"PANTOPRAZOL SÓDICO SESQUI-HIDRATADO","numeroRegistro":"135170021","tipo":{"codigo":1,"descricao":null},"categoria":null,"situacaoRotulo":null,"dataVencimento":null,"mesAnoVencimento":"032020","dataVencimentoRegistro":"2020-03-01T00:00:00.000-0300","principioAtivo":null,"situacaoApresentacao":"Caduco/Cancelado","dataRegistro":"2015-03-23T00:00:00.000-0300","categoriaRegulatoria":{"codigo":5,"descricao":"Genérico"},"medicamentoReferencia":"PANTOZOL","categoriaProduto":null,"tipoAutorizacao":"REGISTRADO","acancelar":false,"mesAnoVencimentoFormatado":"03/2020","numeroRegistroFormatado":"135170021"},"empresa":{"cnpj":"48344725000719","razaoSocial":"Althaia S.A Indústria Farmacêutica","numeroAutorizacao":"1035175","cnpjFormatado":"48.344.725/0007-19"},"processo":{"numero":"25351551692201412","situacao":29,"numeroProcessoFormatado":"25351.551692/2014-12"}},{"ordem":36,"produto":{"codigo":1257902,"nome":"PASSIFLORA ALTHAIA","numeroRegistro":"135170043","tipo":{"codigo":1,"descricao":null},"categoria":null,"situacaoRotulo":null,"dataVencimento":null,"mesAnoVencimento":"052029","dataVencimentoRegistro":"2029-05-01T00:00:00.000-0300","principioAtivo":"Passiflora incarnata L.","situacaoApresentacao":"Válido","dataRegistro":"2019-05-06T00:00:00.000-0300","categoriaRegulatoria":{"codigo":4,"descricao":"Fitoterápico"},"medicamentoReferencia":null,"categoriaProduto":null,"tipoAutorizacao":"REGISTRADO","acancelar":false,"mesAnoVencimentoFormatado":"05/2029","numeroRegistroFormatado":"135170043"},"empresa":{"cnpj":"48344725000719","razaoSocial":"Althaia S.A Indústria Farmacêutica","numeroAutorizacao":"1035175","cnpjFormatado":"48.344.725/0007-19"},"processo":{"numero":"25351111846201702","situacao":29,"numeroProcessoFormatado":"25351.111846/2017-02"}},{"ordem":37,"produto":{"codigo":1262507,"nome":"Risedronato sódico","numeroRegistro":"135170046","tipo":{"codigo":1,"descricao":null},"categoria":null,"situacaoRotulo":null,"dataVencimento":null,"mesAnoVencimento":"072029","dataVencimentoRegistro":"2029-07-01T00:00:00.000-0300","principioAtivo":"RISEDRONATO SÓDICO","situacaoApresentacao":"Válido","dataRegistro":"2019-07-01T00:00:00.000-0300","categoriaRegulatoria":{"codigo":5,"descricao":"Genérico"},"medicamentoReferencia":"Actonel","categoriaProduto":null,"tipoAutorizacao":"REGISTRADO","acancelar":false,"mesAnoVencimentoFormatado":"07/2029","numeroRegistroFormatado":"135170046"},"empresa":{"cnpj":"48344725000719","razaoSocial":"Althaia S.A Indústria Farmacêutica","numeroAutorizacao":"1035175","cnpjFormatado":"48.344.725/0007-19"},"processo":{"numero":"25351048371201706","situacao":29,"numeroProcessoFormatado":"25351.048371/2017-06"}},{"ordem":38,"produto":{"codigo":1332341,"nome":"TRESDÊ","numeroRegistro":"135170047","tipo":{"codigo":1,"descricao":null},"categoria":null,"situacaoRotulo":null,"dataVencimento":"2029-07-19T00:00:00.000-0300","mesAnoVencimento":"072029","dataVencimentoRegistro":"2029-07-01T00:00:00.000-0300","principioAtivo":"COLECALCIFEROL","situacaoApresentacao":"Válido","dataRegistro":"2019-07-01T00:00:00.000-0300","categoriaRegulatoria":{"codigo":3,"descricao":"Específico"},"medicamentoReferencia":null,"categoriaProduto":null,"tipoAutorizacao":"REGISTRADO","acancelar":false,"mesAnoVencimentoFormatado":"07/2029","numeroRegistroFormatado":"135170047"},"empresa":{"cnpj":"48344725000719","razaoSocial":"Althaia S.A Indústria Farmacêutica","numeroAutorizacao":"1035175","cnpjFormatado":"48.344.725/0007-19"},"processo":{"numero":"25351088669201984","situacao":29,"numeroProcessoFormatado":"25351.088669/2019-84"}},{"ordem":39,"produto":{"codigo":1333451,"nome":"TRYNDÊ","numeroRegistro":"135170048","tipo":{"codigo":1,"descricao":null},"categoria":null,"situacaoRotulo":null,"dataVencimento":"2029-07-19T00:00:00.000-0300","mesAnoVencimento":"072029","dataVencimentoRegistro":"2029-07-01T00:00:00.000-0300","principioAtivo":"COLECALCIFEROL","situacaoApresentacao":"Válido","dataRegistro":"2019-07-08T00:00:00.000-0300","categoriaRegulatoria":{"codigo":3,"descricao":"Específico"},"medicamentoReferencia":null,"categoriaProduto":null,"tipoAutorizacao":"REGISTRADO","acancelar":false,"mesAnoVencimentoFormatado":"07/2029","numeroRegistroFormatado":"135170048"},"empresa":{"cnpj":"48344725000719","razaoSocial":"Althaia S.A Indústria Farmacêutica","numeroAutorizacao":"1035175","cnpjFormatado":"48.344.725/0007-19"},"processo":{"numero":"25351088664201951","situacao":29,"numeroProcessoFormatado":"25351.088664/2019-51"}},{"ordem":40,"produto":{"codigo":1029645,"nome":"VALSARTANA + HIDROCLOROTIAZIDA","numeroRegistro":"135170020","tipo":{"codigo":1,"descricao":null},"categoria":null,"situacaoRotulo":null,"dataVencimento":null,"mesAnoVencimento":"032020","dataVencimentoRegistro":"2020-03-01T00:00:00.000-0300","principioAtivo":null,"situacaoApresentacao":"Caduco/Cancelado","dataRegistro":"2015-03-23T00:00:00.000-0300","categoriaRegulatoria":{"codigo":5,"descricao":"Genérico"},"medicamentoReferencia":"DIOVAN HCT","categoriaProduto":null,"tipoAutorizacao":"REGISTRADO","acancelar":false,"mesAnoVencimentoFormatado":"03/2020","numeroRegistroFormatado":"135170020"},"empresa":{"cnpj":"48344725000719","razaoSocial":"Althaia S.A Indústria Farmacêutica","numeroAutorizacao":"1035175","cnpjFormatado":"48.344.725/0007-19"},"processo":{"numero":"25351712025201271","situacao":29,"numeroProcessoFormatado":"25351.712025/2012-71"}},{"ordem":41,"produto":{"codigo":903403,"nome":"VALSARTANA + HIDROCLOROTIAZIDA + BESILATO DE ANLODIPINO","numeroRegistro":"135170024","tipo":{"codigo":1,"descricao":null},"categoria":null,"situacaoRotulo":null,"dataVencimento":null,"mesAnoVencimento":"082020","dataVencimentoRegistro":"2020-08-01T00:00:00.000-0300","principioAtivo":null,"situacaoApresentacao":"Caduco/Cancelado","dataRegistro":"2015-08-10T00:00:00.000-0300","categoriaRegulatoria":{"codigo":5,"descricao":"Genérico"},"medicamentoReferencia":"DIOVAN TRIPLO","categoriaProduto":null,"tipoAutorizacao":"REGISTRADO","acancelar":false,"mesAnoVencimentoFormatado":"08/2020","numeroRegistroFormatado":"135170024"},"empresa":{"cnpj":"48344725000719","razaoSocial":"Althaia S.A Indústria Farmacêutica","numeroAutorizacao":"1035175","cnpjFormatado":"48.344.725/0007-19"},"processo":{"numero":"25351385797201392","situacao":29,"numeroProcessoFormatado":"25351.385797/2013-92"}},{"ordem":42,"produto":{"codigo":796069,"nome":"VINCY","numeroRegistro":"135170011","tipo":{"codigo":1,"descricao":null},"categoria":null,"situacaoRotulo":null,"dataVencimento":null,"mesAnoVencimento":"062029","dataVencimentoRegistro":"2029-06-01T00:00:00.000-0300","principioAtivo":"DROSPIRENONA, ETINILESTRADIOL","situacaoApresentacao":"Válido","dataRegistro":"2014-06-10T00:00:00.000-0300","categoriaRegulatoria":{"codigo":8,"descricao":"Similar"},"medicamentoReferencia":"YAZ","categoriaProduto":null,"tipoAutorizacao":"REGISTRADO","acancelar":false,"mesAnoVencimentoFormatado":"06/2029","numeroRegistroFormatado":"135170011"},"empresa":{"cnpj":"48344725000719","razaoSocial":"Althaia S.A Indústria Farmacêutica","numeroAutorizacao":"1035175","cnpjFormatado":"48.344.725/0007-19"},"processo":{"numero":"25351695684201191","situacao":29,"numeroProcessoFormatado":"25351.695684/2011-91"}},{"ordem":43,"produto":{"codigo":1272538,"nome":"VITAMINA D3","numeroRegistro":"135170039","tipo":{"codigo":1,"descricao":null},"categoria":null,"situacaoRotulo":null,"dataVencimento":"2028-12-19T00:00:00.000-0300","mesAnoVencimento":"122028","dataVencimentoRegistro":"2028-12-01T00:00:00.000-0300","principioAtivo":"COLECALCIFEROL","situacaoApresentacao":"Válido","dataRegistro":"2018-12-31T00:00:00.000-0300","categoriaRegulatoria":{"codigo":3,"descricao":"Específico"},"medicamentoReferencia":null,"categoriaProduto":null,"tipoAutorizacao":"REGISTRADO","acancelar":false,"mesAnoVencimentoFormatado":"12/2028","numeroRegistroFormatado":"135170039"},"empresa":{"cnpj":"48344725000719","razaoSocial":"Althaia S.A Indústria Farmacêutica","numeroAutorizacao":"1035175","cnpjFormatado":"48.344.725/0007-19"},"processo":{"numero":"25351726350201705","situacao":29,"numeroProcessoFormatado":"25351.726350/2017-05"}},{"ordem":44,"produto":{"codigo":725658,"nome":"YANG 30","numeroRegistro":"135170001","tipo":{"codigo":1,"descricao":null},"categoria":null,"situacaoRotulo":null,"dataVencimento":null,"mesAnoVencimento":"042027","dataVencimentoRegistro":"2027-04-01T00:00:00.000-0300","principioAtivo":"DROSPIRENONA, ETINILESTRADIOL","situacaoApresentacao":"Válido","dataRegistro":"2012-04-16T00:00:00.000-0300","categoriaRegulatoria":{"codigo":8,"descricao":"Similar"},"medicamentoReferencia":"YASMIN","categoriaProduto":null,"tipoAutorizacao":"REGISTRADO","acancelar":false,"mesAnoVencimentoFormatado":"04/2027","numeroRegistroFormatado":"135170001"},"empresa":{"cnpj":"48344725000719","razaoSocial":"Althaia S.A Indústria Farmacêutica","numeroAutorizacao":"1035175","cnpjFormatado":"48.344.725/0007-19"},"processo":{"numero":"25351686240201018","situacao":29,"numeroProcessoFormatado":"25351.686240/2010-18"}},{"ordem":45,"produto":{"codigo":1069528,"nome":"ZENFLEX","numeroRegistro":"135170027","tipo":{"codigo":1,"descricao":null},"categoria":null,"situacaoRotulo":null,"dataVencimento":null,"mesAnoVencimento":"092020","dataVencimentoRegistro":"2020-09-01T00:00:00.000-0300","principioAtivo":null,"situacaoApresentacao":"Caduco/Cancelado","dataRegistro":"2015-09-28T00:00:00.000-0300","categoriaRegulatoria":{"codigo":8,"descricao":"Similar"},"medicamentoReferencia":"Miosan","categoriaProduto":null,"tipoAutorizacao":"REGISTRADO","acancelar":false,"mesAnoVencimentoFormatado":"09/2020","numeroRegistroFormatado":"135170027"},"empresa":{"cnpj":"48344725000719","razaoSocial":"Althaia S.A Indústria Farmacêutica","numeroAutorizacao":"1035175","cnpjFormatado":"48.344.725/0007-19"},"processo":{"numero":"25351502590201465","situacao":29,"numeroProcessoFormatado":"25351.502590/2014-65"}},{"ordem":46,"produto":{"codigo":1411101,"nome":"ZYMPALIX","numeroRegistro":"135170056","tipo":{"codigo":1,"descricao":null},"categoria":null,"situacaoRotulo":null,"dataVencimento":null,"mesAnoVencimento":"052030","dataVencimentoRegistro":"2030-05-01T00:00:00.000-0300","principioAtivo":"Passiflora incarnata L.","situacaoApresentacao":"Válido","dataRegistro":"2020-05-25T00:00:00.000-0300","categoriaRegulatoria":{"codigo":4,"descricao":"Fitoterápico"},"medicamentoReferencia":null,"categoriaProduto":null,"tipoAutorizacao":"REGISTRADO","acancelar":false,"mesAnoVencimentoFormatado":"05/2030","numeroRegistroFormatado":"135170056"},"empresa":{"cnpj":"48344725000719","razaoSocial":"Althaia S.A Indústria Farmacêutica","numeroAutorizacao":"1035175","cnpjFormatado":"48.344.725/0007-19"},"processo":{"numero":"25351133084201926","situacao":29,"numeroProcessoFormatado":"25351.133084/2019-26"}},{"ordem":47,"produto":{"codigo":1145923,"nome":"Zeterina","numeroRegistro":"135170030","tipo":{"codigo":1,"descricao":null},"categoria":null,"situacaoRotulo":null,"dataVencimento":null,"mesAnoVencimento":"022027","dataVencimentoRegistro":"2027-02-01T00:00:00.000-0300","principioAtivo":"EZETIMIBA","situacaoApresentacao":"Válido","dataRegistro":"2017-02-06T00:00:00.000-0300","categoriaRegulatoria":{"codigo":8,"descricao":"Similar"},"medicamentoReferencia":"EZETROL","categoriaProduto":null,"tipoAutorizacao":"REGISTRADO","acancelar":false,"mesAnoVencimentoFormatado":"02/2027","numeroRegistroFormatado":"135170030"},"empresa":{"cnpj":"48344725000719","razaoSocial":"Althaia S.A Indústria Farmacêutica","numeroAutorizacao":"1035175","cnpjFormatado":"48.344.725/0007-19"},"processo":{"numero":"25351109189201611","situacao":29,"numeroProcessoFormatado":"25351.109189/2016-11"}},{"ordem":48,"produto":{"codigo":1037632,"nome":"acetato de clormadinona + etinilestradiol","numeroRegistro":"135170050","tipo":{"codigo":1,"descricao":null},"categoria":null,"situacaoRotulo":null,"dataVencimento":null,"mesAnoVencimento":"102029","dataVencimentoRegistro":"2029-10-01T00:00:00.000-0300","principioAtivo":"ETINILESTRADIOL, ACETATO DE CLORMADINONA","situacaoApresentacao":"Válido","dataRegistro":"2019-10-14T00:00:00.000-0300","categoriaRegulatoria":{"codigo":5,"descricao":"Genérico"},"medicamentoReferencia":"BELARA","categoriaProduto":null,"tipoAutorizacao":"REGISTRADO","acancelar":false,"mesAnoVencimentoFormatado":"10/2029","numeroRegistroFormatado":"135170050"},"empresa":{"cnpj":"48344725000719","razaoSocial":"Althaia S.A Indústria Farmacêutica","numeroAutorizacao":"1035175","cnpjFormatado":"48.344.725/0007-19"},"processo":{"numero":"25351239284201533","situacao":29,"numeroProcessoFormatado":"25351.239284/2015-33"}},{"ordem":49,"produto":{"codigo":3589737,"nome":"bromidrato de vortioxetina","numeroRegistro":"135170077","tipo":{"codigo":1,"descricao":null},"categoria":null,"situacaoRotulo":null,"dataVencimento":"2034-03-11T00:00:00.000-0300","mesAnoVencimento":"032034","dataVencimentoRegistro":"2034-03-01T00:00:00.000-0300","principioAtivo":"bromidrato de vortioxetina","situacaoApresentacao":"Válido","dataRegistro":"2024-03-11T00:00:00.000-0300","categoriaRegulatoria":{"codigo":5,"descricao":"Genérico"},"medicamentoReferencia":"BRINTELLIX","categoriaProduto":null,"tipoAutorizacao":"REGISTRADO","acancelar":false,"mesAnoVencimentoFormatado":"03/2034","numeroRegistroFormatado":"135170077"},"empresa":{"cnpj":"48344725000719","razaoSocial":"Althaia S.A Indústria Farmacêutica","numeroAutorizacao":"1035175","cnpjFormatado":"48.344.725/0007-19"},"processo":{"numero":"25351615916202223","situacao":29,"numeroProcessoFormatado":"25351.615916/2022-23"}},{"ordem":50,"produto":{"codigo":1293467,"nome":"carbonato de cálcio + colecalciferol (vitamina D3)","numeroRegistro":"135170037","tipo":{"codigo":1,"descricao":null},"categoria":null,"situacaoRotulo":null,"dataVencimento":null,"mesAnoVencimento":"122028","dataVencimentoRegistro":"2028-12-01T00:00:00.000-0300","principioAtivo":null,"situacaoApresentacao":"Caduco/Cancelado","dataRegistro":"2018-12-24T00:00:00.000-0300","categoriaRegulatoria":{"codigo":3,"descricao":"Específico"},"medicamentoReferencia":null,"categoriaProduto":null,"tipoAutorizacao":"REGISTRADO","acancelar":false,"mesAnoVencimentoFormatado":"12/2028","numeroRegistroFormatado":"135170037"},"empresa":{"cnpj":"48344725000719","razaoSocial":"Althaia S.A Indústria Farmacêutica","numeroAutorizacao":"1035175","cnpjFormatado":"48.344.725/0007-19"},"processo":{"numero":"25351523165201671","situacao":29,"numeroProcessoFormatado":"25351.523165/2016-71"}},{"ordem":51,"produto":{"codigo":1375979,"nome":"cloridrato de metilfenidato","numeroRegistro":"135170057","tipo":{"codigo":1,"descricao":null},"categoria":null,"situacaoRotulo":null,"dataVencimento":null,"mesAnoVencimento":"082030","dataVencimentoRegistro":"2030-08-01T00:00:00.000-0300","principioAtivo":"CLORIDRATO DE METILFENIDATO","situacaoApresentacao":"Válido","dataRegistro":"2020-08-24T00:00:00.000-0300","categoriaRegulatoria":{"codigo":5,"descricao":"Genérico"},"medicamentoReferencia":"RITALINA®","categoriaProduto":null,"tipoAutorizacao":"REGISTRADO","acancelar":false,"mesAnoVencimentoFormatado":"08/2030","numeroRegistroFormatado":"135170057"},"empresa":{"cnpj":"48344725000719","razaoSocial":"Althaia S.A Indústria Farmacêutica","numeroAutorizacao":"1035175","cnpjFormatado":"48.344.725/0007-19"},"processo":{"numero":"25351705380201931","situacao":29,"numeroProcessoFormatado":"25351.705380/2019-31"}},{"ordem":52,"produto":{"codigo":2172223,"nome":"cloridrato de ondansetrona","numeroRegistro":"135170064","tipo":{"codigo":1,"descricao":null},"categoria":null,"situacaoRotulo":null,"dataVencimento":null,"mesAnoVencimento":"052032","dataVencimentoRegistro":"2032-05-01T00:00:00.000-0300","principioAtivo":"CLORIDRATO  DE ONDANSETRONA DI-hIDRATADO","situacaoApresentacao":"Válido","dataRegistro":"2022-05-02T00:00:00.000-0300","categoriaRegulatoria":{"codigo":5,"descricao":"Genérico"},"medicamentoReferencia":"VONAU FLASH","categoriaProduto":null,"tipoAutorizacao":"REGISTRADO","acancelar":false,"mesAnoVencimentoFormatado":"05/2032","numeroRegistroFormatado":"135170064"},"empresa":{"cnpj":"48344725000719","razaoSocial":"Althaia S.A Indústria Farmacêutica","numeroAutorizacao":"1035175","cnpjFormatado":"48.344.725/0007-19"},"processo":{"numero":"25351418107202194","situacao":29,"numeroProcessoFormatado":"25351.418107/2021-94"}},{"ordem":53,"produto":{"codigo":3370684,"nome":"cloridrato de propafenona","numeroRegistro":"135170068","tipo":{"codigo":1,"descricao":null},"categoria":null,"situacaoRotulo":null,"dataVencimento":null,"mesAnoVencimento":"112032","dataVencimentoRegistro":"2032-11-01T00:00:00.000-0300","principioAtivo":"CLORIDRATO DE PROPAFENONA","situacaoApresentacao":"Válido","dataRegistro":"2022-11-21T00:00:00.000-0300","categoriaRegulatoria":{"codigo":5,"descricao":"Genérico"},"medicamentoReferencia":"VATIS","categoriaProduto":null,"tipoAutorizacao":"REGISTRADO","acancelar":false,"mesAnoVencimentoFormatado":"11/2032","numeroRegistroFormatado":"135170068"},"empresa":{"cnpj":"48344725000719","razaoSocial":"Althaia S.A Indústria Farmacêutica","numeroAutorizacao":"1035175","cnpjFormatado":"48.344.725/0007-19"},"processo":{"numero":"25351543631202283","situacao":29,"numeroProcessoFormatado":"25351.543631/2022-83"}},{"ordem":54,"produto":{"codigo":1370120,"nome":"cloridrato de trazodona","numeroRegistro":"135170065","tipo":{"codigo":1,"descricao":null},"categoria":null,"situacaoRotulo":null,"dataVencimento":null,"mesAnoVencimento":"052032","dataVencimentoRegistro":"2032-05-01T00:00:00.000-0300","principioAtivo":"CLORIDRATO DE TRAZODONA","situacaoApresentacao":"Válido","dataRegistro":"2022-05-16T00:00:00.000-0300","categoriaRegulatoria":{"codigo":5,"descricao":"Genérico"},"medicamentoReferencia":"DONAREN","categoriaProduto":null,"tipoAutorizacao":"REGISTRADO","acancelar":false,"mesAnoVencimentoFormatado":"05/2032","numeroRegistroFormatado":"135170065"},"empresa":{"cnpj":"48344725000719","razaoSocial":"Althaia S.A Indústria Farmacêutica","numeroAutorizacao":"1035175","cnpjFormatado":"48.344.725/0007-19"},"processo":{"numero":"25351668078201905","situacao":29,"numeroProcessoFormatado":"25351.668078/2019-05"}},{"ordem":55,"produto":{"codigo":1204220,"nome":"dienogeste","numeroRegistro":"135170036","tipo":{"codigo":1,"descricao":null},"categoria":null,"situacaoRotulo":null,"dataVencimento":null,"mesAnoVencimento":"122028","dataVencimentoRegistro":"2028-12-01T00:00:00.000-0300","principioAtivo":"DIENOGESTe","situacaoApresentacao":"Válido","dataRegistro":"2018-12-10T00:00:00.000-0300","categoriaRegulatoria":{"codigo":5,"descricao":"Genérico"},"medicamentoReferencia":"ALLURENE","categoriaProduto":null,"tipoAutorizacao":"REGISTRADO","acancelar":false,"mesAnoVencimentoFormatado":"12/2028","numeroRegistroFormatado":"135170036"},"empresa":{"cnpj":"48344725000719","razaoSocial":"Althaia S.A Indústria Farmacêutica","numeroAutorizacao":"1035175","cnpjFormatado":"48.344.725/0007-19"},"processo":{"numero":"25351494958201757","situacao":29,"numeroProcessoFormatado":"25351.494958/2017-57"}},{"ordem":56,"produto":{"codigo":3554782,"nome":"etodolaco","numeroRegistro":"135170075","tipo":{"codigo":1,"descricao":null},"categoria":null,"situacaoRotulo":null,"dataVencimento":"2034-02-26T00:00:00.000-0300","mesAnoVencimento":"022034","dataVencimentoRegistro":"2034-02-01T00:00:00.000-0300","principioAtivo":"ETODOLACO","situacaoApresentacao":"Válido","dataRegistro":"2024-02-26T00:00:00.000-0300","categoriaRegulatoria":{"codigo":5,"descricao":"Genérico"},"medicamentoReferencia":"FLANCOX","categoriaProduto":null,"tipoAutorizacao":"REGISTRADO","acancelar":false,"mesAnoVencimentoFormatado":"02/2034","numeroRegistroFormatado":"135170075"},"empresa":{"cnpj":"48344725000719","razaoSocial":"Althaia S.A Indústria Farmacêutica","numeroAutorizacao":"1035175","cnpjFormatado":"48.344.725/0007-19"},"processo":{"numero":"25351344658202295","situacao":29,"numeroProcessoFormatado":"25351.344658/2022-95"}},{"ordem":57,"produto":{"codigo":1020453,"nome":"ezetimiba","numeroRegistro":"135170028","tipo":{"codigo":1,"descricao":null},"categoria":null,"situacaoRotulo":null,"dataVencimento":null,"mesAnoVencimento":"102025","dataVencimentoRegistro":"2025-10-01T00:00:00.000-0300","principioAtivo":"EZETIMIBA","situacaoApresentacao":"Válido","dataRegistro":"2015-10-05T00:00:00.000-0300","categoriaRegulatoria":{"codigo":5,"descricao":"Genérico"},"medicamentoReferencia":"EZETROL","categoriaProduto":null,"tipoAutorizacao":"REGISTRADO","acancelar":false,"mesAnoVencimentoFormatado":"10/2025","numeroRegistroFormatado":"135170028"},"empresa":{"cnpj":"48344725000719","razaoSocial":"Althaia S.A Indústria Farmacêutica","numeroAutorizacao":"1035175","cnpjFormatado":"48.344.725/0007-19"},"processo":{"numero":"25351001001201559","situacao":29,"numeroProcessoFormatado":"25351.001001/2015-59"}},{"ordem":58,"produto":{"codigo":1231786,"nome":"fosfato sódico de prednisolona","numeroRegistro":"135170052","tipo":{"codigo":1,"descricao":null},"categoria":null,"situacaoRotulo":null,"dataVencimento":"2029-10-10T00:00:00.000-0300","mesAnoVencimento":"102029","dataVencimentoRegistro":"2029-10-01T00:00:00.000-0300","principioAtivo":null,"situacaoApresentacao":"Caduco/Cancelado","dataRegistro":"2019-10-14T00:00:00.000-0300","categoriaRegulatoria":{"codigo":5,"descricao":"Genérico"},"medicamentoReferencia":"PRELONE","categoriaProduto":null,"tipoAutorizacao":"REGISTRADO","acancelar":false,"mesAnoVencimentoFormatado":"10/2029","numeroRegistroFormatado":"135170052"},"empresa":{"cnpj":"48344725000719","razaoSocial":"Althaia S.A Indústria Farmacêutica","numeroAutorizacao":"1035175","cnpjFormatado":"48.344.725/0007-19"},"processo":{"numero":"25351067593201872","situacao":29,"numeroProcessoFormatado":"25351.067593/2018-72"}},{"ordem":59,"produto":{"codigo":3626020,"nome":"fosfato sódico de prednisolona","numeroRegistro":"135170072","tipo":{"codigo":1,"descricao":null},"categoria":null,"situacaoRotulo":null,"dataVencimento":"2030-03-01T00:00:00.000-0300","mesAnoVencimento":"032030","dataVencimentoRegistro":"2030-03-01T00:00:00.000-0300","principioAtivo":"FOSFATO SÓDICO DE PREDNISOLONA","situacaoApresentacao":"Válido","dataRegistro":"2023-08-01T00:00:00.000-0300","categoriaRegulatoria":{"codigo":5,"descricao":"Genérico"},"medicamentoReferencia":"PRELONE","categoriaProduto":null,"tipoAutorizacao":"REGISTRADO","acancelar":false,"mesAnoVencimentoFormatado":"03/2030","numeroRegistroFormatado":"135170072"},"empresa":{"cnpj":"48344725000719","razaoSocial":"Althaia S.A Indústria Farmacêutica","numeroAutorizacao":"1035175","cnpjFormatado":"48.344.725/0007-19"},"processo":{"numero":"25351329613202371","situacao":29,"numeroProcessoFormatado":"25351.329613/2023-71"}},{"ordem":60,"produto":{"codigo":2798604,"nome":"hemitartarato de zolpidem","numeroRegistro":"135170074","tipo":{"codigo":1,"descricao":null},"categoria":null,"situacaoRotulo":null,"dataVencimento":null,"mesAnoVencimento":"082033","dataVencimentoRegistro":"2033-08-01T00:00:00.000-0300","principioAtivo":"HEMITARTARATO DE ZOLPIDEM","situacaoApresentacao":"Válido","dataRegistro":"2023-08-21T00:00:00.000-0300","categoriaRegulatoria":{"codigo":5,"descricao":"Genérico"},"medicamentoReferencia":"PATZ SL","categoriaProduto":null,"tipoAutorizacao":"REGISTRADO","acancelar":false,"mesAnoVencimentoFormatado":"08/2033","numeroRegistroFormatado":"135170074"},"empresa":{"cnpj":"48344725000719","razaoSocial":"Althaia S.A Indústria Farmacêutica","numeroAutorizacao":"1035175","cnpjFormatado":"48.344.725/0007-19"},"processo":{"numero":"25351880155202106","situacao":29,"numeroProcessoFormatado":"25351.880155/2021-06"}},{"ordem":61,"produto":{"codigo":1078276,"nome":"ibandronato de sódio","numeroRegistro":"135170051","tipo":{"codigo":1,"descricao":null},"categoria":null,"situacaoRotulo":null,"dataVencimento":null,"mesAnoVencimento":"102029","dataVencimentoRegistro":"2029-10-01T00:00:00.000-0300","principioAtivo":"IBANDRONATO DE SÓDIO MONOIDRATADO","situacaoApresentacao":"Válido","dataRegistro":"2019-10-14T00:00:00.000-0300","categoriaRegulatoria":{"codigo":5,"descricao":"Genérico"},"medicamentoReferencia":"BONVIVA","categoriaProduto":null,"tipoAutorizacao":"REGISTRADO","acancelar":false,"mesAnoVencimentoFormatado":"10/2029","numeroRegistroFormatado":"135170051"},"empresa":{"cnpj":"48344725000719","razaoSocial":"Althaia S.A Indústria Farmacêutica","numeroAutorizacao":"1035175","cnpjFormatado":"48.344.725/0007-19"},"processo":{"numero":"25351667267201583","situacao":29,"numeroProcessoFormatado":"25351.667267/2015-83"}},{"ordem":62,"produto":{"codigo":1418895,"nome":"ibuprofeno","numeroRegistro":"135170067","tipo":{"codigo":1,"descricao":null},"categoria":null,"situacaoRotulo":null,"dataVencimento":"2032-07-22T00:00:00.000-0300","mesAnoVencimento":"072032","dataVencimentoRegistro":"2032-07-01T00:00:00.000-0300","principioAtivo":"IBUPROFENO","situacaoApresentacao":"Válido","dataRegistro":"2022-07-29T00:00:00.000-0300","categoriaRegulatoria":{"codigo":5,"descricao":"Genérico"},"medicamentoReferencia":"ADVIL","categoriaProduto":null,"tipoAutorizacao":"REGISTRADO","acancelar":false,"mesAnoVencimentoFormatado":"07/2032","numeroRegistroFormatado":"135170067"},"empresa":{"cnpj":"48344725000719","razaoSocial":"Althaia S.A Indústria Farmacêutica","numeroAutorizacao":"1035175","cnpjFormatado":"48.344.725/0007-19"},"processo":{"numero":"25351564399202055","situacao":29,"numeroProcessoFormatado":"25351.564399/2020-55"}},{"ordem":63,"produto":{"codigo":1425303,"nome":"ibuprofeno","numeroRegistro":"135170061","tipo":{"codigo":1,"descricao":null},"categoria":null,"situacaoRotulo":null,"dataVencimento":null,"mesAnoVencimento":"042031","dataVencimentoRegistro":"2031-04-01T00:00:00.000-0300","principioAtivo":"IBUPROFENO","situacaoApresentacao":"Válido","dataRegistro":"2021-04-12T00:00:00.000-0300","categoriaRegulatoria":{"codigo":5,"descricao":"Genérico"},"medicamentoReferencia":"CAPSFEN","categoriaProduto":null,"tipoAutorizacao":"REGISTRADO","acancelar":false,"mesAnoVencimentoFormatado":"04/2031","numeroRegistroFormatado":"135170061"},"empresa":{"cnpj":"48344725000719","razaoSocial":"Althaia S.A Indústria Farmacêutica","numeroAutorizacao":"1035175","cnpjFormatado":"48.344.725/0007-19"},"processo":{"numero":"25351380192202020","situacao":29,"numeroProcessoFormatado":"25351.380192/2020-20"}},{"ordem":64,"produto":{"codigo":3487778,"nome":"lamotrigina","numeroRegistro":"135170066","tipo":{"codigo":1,"descricao":null},"categoria":null,"situacaoRotulo":null,"dataVencimento":"2032-07-18T00:00:00.000-0300","mesAnoVencimento":"072032","dataVencimentoRegistro":"2032-07-01T00:00:00.000-0300","principioAtivo":"LAMOTRIGINA","situacaoApresentacao":"Válido","dataRegistro":"2022-07-18T00:00:00.000-0300","categoriaRegulatoria":{"codigo":5,"descricao":"Genérico"},"medicamentoReferencia":"Lamictal","categoriaProduto":null,"tipoAutorizacao":"REGISTRADO","acancelar":false,"mesAnoVencimentoFormatado":"07/2032","numeroRegistroFormatado":"135170066"},"empresa":{"cnpj":"48344725000719","razaoSocial":"Althaia S.A Indústria Farmacêutica","numeroAutorizacao":"1035175","cnpjFormatado":"48.344.725/0007-19"},"processo":{"numero":"25351145988202208","situacao":29,"numeroProcessoFormatado":"25351.145988/2022-08"}},{"ordem":65,"produto":{"codigo":1027195,"nome":"nimesulida","numeroRegistro":"135170018","tipo":{"codigo":1,"descricao":null},"categoria":null,"situacaoRotulo":null,"dataVencimento":null,"mesAnoVencimento":"032020","dataVencimentoRegistro":"2020-03-01T00:00:00.000-0300","principioAtivo":null,"situacaoApresentacao":"Caduco/Cancelado","dataRegistro":"2015-03-16T00:00:00.000-0300","categoriaRegulatoria":{"codigo":5,"descricao":"Genérico"},"medicamentoReferencia":"NISULID","categoriaProduto":null,"tipoAutorizacao":"REGISTRADO","acancelar":false,"mesAnoVencimentoFormatado":"03/2020","numeroRegistroFormatado":"135170018"},"empresa":{"cnpj":"48344725000719","razaoSocial":"Althaia S.A Indústria Farmacêutica","numeroAutorizacao":"1035175","cnpjFormatado":"48.344.725/0007-19"},"processo":{"numero":"25351480578201492","situacao":29,"numeroProcessoFormatado":"25351.480578/2014-92"}},{"ordem":66,"produto":{"codigo":2798364,"nome":"nitazoxanida","numeroRegistro":"135170071","tipo":{"codigo":1,"descricao":null},"categoria":null,"situacaoRotulo":null,"dataVencimento":null,"mesAnoVencimento":"062033","dataVencimentoRegistro":"2033-06-01T00:00:00.000-0300","principioAtivo":"NITAZOXANIDA","situacaoApresentacao":"Válido","dataRegistro":"2023-06-05T00:00:00.000-0300","categoriaRegulatoria":{"codigo":5,"descricao":"Genérico"},"medicamentoReferencia":"ANNITA","categoriaProduto":null,"tipoAutorizacao":"REGISTRADO","acancelar":false,"mesAnoVencimentoFormatado":"06/2033","numeroRegistroFormatado":"135170071"},"empresa":{"cnpj":"48344725000719","razaoSocial":"Althaia S.A Indústria Farmacêutica","numeroAutorizacao":"1035175","cnpjFormatado":"48.344.725/0007-19"},"processo":{"numero":"25351880158202131","situacao":29,"numeroProcessoFormatado":"25351.880158/2021-31"}},{"ordem":67,"produto":{"codigo":1040853,"nome":"olmesartana medoxomila","numeroRegistro":"135170058","tipo":{"codigo":1,"descricao":null},"categoria":null,"situacaoRotulo":null,"dataVencimento":null,"mesAnoVencimento":"082030","dataVencimentoRegistro":"2030-08-01T00:00:00.000-0300","principioAtivo":"OLMESARTANA MEDOXOMILA","situacaoApresentacao":"Válido","dataRegistro":"2020-08-31T00:00:00.000-0300","categoriaRegulatoria":{"codigo":5,"descricao":"Genérico"},"medicamentoReferencia":"benicar","categoriaProduto":null,"tipoAutorizacao":"REGISTRADO","acancelar":false,"mesAnoVencimentoFormatado":"08/2030","numeroRegistroFormatado":"135170058"},"empresa":{"cnpj":"48344725000719","razaoSocial":"Althaia S.A Indústria Farmacêutica","numeroAutorizacao":"1035175","cnpjFormatado":"48.344.725/0007-19"},"processo":{"numero":"25351294899201591","situacao":29,"numeroProcessoFormatado":"25351.294899/2015-91"}},{"ordem":68,"produto":{"codigo":1227647,"nome":"prednisolona","numeroRegistro":"135170044","tipo":{"codigo":1,"descricao":null},"categoria":null,"situacaoRotulo":null,"dataVencimento":null,"mesAnoVencimento":"062029","dataVencimentoRegistro":"2029-06-01T00:00:00.000-0300","principioAtivo":"PREDNISOLONA","situacaoApresentacao":"Válido","dataRegistro":"2019-06-03T00:00:00.000-0300","categoriaRegulatoria":{"codigo":5,"descricao":"Genérico"},"medicamentoReferencia":"PRELONE","categoriaProduto":null,"tipoAutorizacao":"REGISTRADO","acancelar":false,"mesAnoVencimentoFormatado":"06/2029","numeroRegistroFormatado":"135170044"},"empresa":{"cnpj":"48344725000719","razaoSocial":"Althaia S.A Indústria Farmacêutica","numeroAutorizacao":"1035175","cnpjFormatado":"48.344.725/0007-19"},"processo":{"numero":"25351002875201824","situacao":29,"numeroProcessoFormatado":"25351.002875/2018-24"}},{"ordem":69,"produto":{"codigo":1115960,"nome":"pregabalina","numeroRegistro":"135170059","tipo":{"codigo":1,"descricao":null},"categoria":null,"situacaoRotulo":null,"dataVencimento":null,"mesAnoVencimento":"102030","dataVencimentoRegistro":"2030-10-01T00:00:00.000-0300","principioAtivo":"PREGABALINA","situacaoApresentacao":"Válido","dataRegistro":"2020-10-05T00:00:00.000-0300","categoriaRegulatoria":{"codigo":5,"descricao":"Genérico"},"medicamentoReferencia":"LYRICA®","categoriaProduto":null,"tipoAutorizacao":"REGISTRADO","acancelar":false,"mesAnoVencimentoFormatado":"10/2030","numeroRegistroFormatado":"135170059"},"empresa":{"cnpj":"48344725000719","razaoSocial":"Althaia S.A Indústria Farmacêutica","numeroAutorizacao":"1035175","cnpjFormatado":"48.344.725/0007-19"},"processo":{"numero":"25351223414201601","situacao":29,"numeroProcessoFormatado":"25351.223414/2016-01"}},{"ordem":70,"produto":{"codigo":1009280,"nome":"rosuvastatina cálcica","numeroRegistro":"135170041","tipo":{"codigo":1,"descricao":null},"categoria":null,"situacaoRotulo":null,"dataVencimento":"2029-04-16T00:00:00.000-0300","mesAnoVencimento":"042029","dataVencimentoRegistro":"2029-04-01T00:00:00.000-0300","principioAtivo":"ROSUVASTATINA CÁLCICA","situacaoApresentacao":"Válido","dataRegistro":"2019-04-01T00:00:00.000-0300","categoriaRegulatoria":{"codigo":5,"descricao":"Genérico"},"medicamentoReferencia":"CRESTOR","categoriaProduto":null,"tipoAutorizacao":"REGISTRADO","acancelar":false,"mesAnoVencimentoFormatado":"04/2029","numeroRegistroFormatado":"135170041"},"empresa":{"cnpj":"48344725000719","razaoSocial":"Althaia S.A Indústria Farmacêutica","numeroAutorizacao":"1035175","cnpjFormatado":"48.344.725/0007-19"},"processo":{"numero":"25351504961201261","situacao":29,"numeroProcessoFormatado":"25351.504961/2012-61"}},{"ordem":71,"produto":{"codigo":1205047,"nome":"succinato de desvenlafaxina monoidratado","numeroRegistro":"135170034","tipo":{"codigo":1,"descricao":null},"categoria":null,"situacaoRotulo":null,"dataVencimento":"2023-07-02T00:00:00.000-0300","mesAnoVencimento":"072028","dataVencimentoRegistro":"2028-07-01T00:00:00.000-0300","principioAtivo":"SUCCINATO DE DESVENLAFAXINA MONOIDRATADO","situacaoApresentacao":"Válido","dataRegistro":"2018-07-02T00:00:00.000-0300","categoriaRegulatoria":{"codigo":5,"descricao":"Genérico"},"medicamentoReferencia":"PRISTIQ","categoriaProduto":null,"tipoAutorizacao":"REGISTRADO","acancelar":false,"mesAnoVencimentoFormatado":"07/2028","numeroRegistroFormatado":"135170034"},"empresa":{"cnpj":"48344725000719","razaoSocial":"Althaia S.A Indústria Farmacêutica","numeroAutorizacao":"1035175","cnpjFormatado":"48.344.725/0007-19"},"processo":{"numero":"25351514654201713","situacao":29,"numeroProcessoFormatado":"25351.514654/2017-13"}},{"ordem":72,"produto":{"codigo":1015070,"nome":"telmisartana","numeroRegistro":"135170053","tipo":{"codigo":1,"descricao":null},"categoria":null,"situacaoRotulo":null,"dataVencimento":null,"mesAnoVencimento":"012030","dataVencimentoRegistro":"2030-01-01T00:00:00.000-0300","principioAtivo":"TELMISARTANA","situacaoApresentacao":"Válido","dataRegistro":"2020-01-13T00:00:00.000-0300","categoriaRegulatoria":{"codigo":5,"descricao":"Genérico"},"medicamentoReferencia":"Micardis®","categoriaProduto":null,"tipoAutorizacao":"REGISTRADO","acancelar":false,"mesAnoVencimentoFormatado":"01/2030","numeroRegistroFormatado":"135170053"},"empresa":{"cnpj":"48344725000719","razaoSocial":"Althaia S.A Indústria Farmacêutica","numeroAutorizacao":"1035175","cnpjFormatado":"48.344.725/0007-19"},"processo":{"numero":"25351002499201573","situacao":29,"numeroProcessoFormatado":"25351.002499/2015-73"}},{"ordem":73,"produto":{"codigo":827819,"nome":"valsartana","numeroRegistro":"135170035","tipo":{"codigo":1,"descricao":null},"categoria":null,"situacaoRotulo":null,"dataVencimento":null,"mesAnoVencimento":"082028","dataVencimentoRegistro":"2028-08-01T00:00:00.000-0300","principioAtivo":"VALSARTANA","situacaoApresentacao":"Válido","dataRegistro":"2018-08-13T00:00:00.000-0300","categoriaRegulatoria":{"codigo":5,"descricao":"Genérico"},"medicamentoReferencia":"DIOVAN","categoriaProduto":null,"tipoAutorizacao":"REGISTRADO","acancelar":false,"mesAnoVencimentoFormatado":"08/2028","numeroRegistroFormatado":"135170035"},"empresa":{"cnpj":"48344725000719","razaoSocial":"Althaia S.A Indústria Farmacêutica","numeroAutorizacao":"1035175","cnpjFormatado":"48.344.725/0007-19"},"processo":{"numero":"25351266596201211","situacao":29,"numeroProcessoFormatado":"25351.266596/2012-11"}},{"ordem":74,"produto":{"codigo":2525737,"nome":"vildagliptina","numeroRegistro":"135170070","tipo":{"codigo":1,"descricao":null},"categoria":null,"situacaoRotulo":null,"dataVencimento":null,"mesAnoVencimento":"052033","dataVencimentoRegistro":"2033-05-01T00:00:00.000-0300","principioAtivo":"VILDAGLIPTINA","situacaoApresentacao":"Válido","dataRegistro":"2023-05-29T00:00:00.000-0300","categoriaRegulatoria":{"codigo":5,"descricao":"Genérico"},"medicamentoReferencia":"GALVUS","categoriaProduto":null,"tipoAutorizacao":"REGISTRADO","acancelar":false,"mesAnoVencimentoFormatado":"05/2033","numeroRegistroFormatado":"135170070"},"empresa":{"cnpj":"48344725000719","razaoSocial":"Althaia S.A Indústria Farmacêutica","numeroAutorizacao":"1035175","cnpjFormatado":"48.344.725/0007-19"},"processo":{"numero":"25351123962202110","situacao":29,"numeroProcessoFormatado":"25351.123962/2021-10"}},{"ordem":75,"produto":{"codigo":3605796,"nome":"vildagliptina + cloridrato de metformina","numeroRegistro":"135170076","tipo":{"codigo":1,"descricao":null},"categoria":null,"situacaoRotulo":null,"dataVencimento":"2034-03-04T00:00:00.000-0300","mesAnoVencimento":"032034","dataVencimentoRegistro":"2034-03-01T00:00:00.000-0300","principioAtivo":"VILDAGLIPTINA, CLORIDRATO DE METFORMINA","situacaoApresentacao":"Válido","dataRegistro":"2024-03-04T00:00:00.000-0300","categoriaRegulatoria":{"codigo":5,"descricao":"Genérico"},"medicamentoReferencia":"GALVUS MET","categoriaProduto":null,"tipoAutorizacao":"REGISTRADO","acancelar":false,"mesAnoVencimentoFormatado":"03/2034","numeroRegistroFormatado":"135170076"},"empresa":{"cnpj":"48344725000719","razaoSocial":"Althaia S.A Indústria Farmacêutica","numeroAutorizacao":"1035175","cnpjFormatado":"48.344.725/0007-19"},"processo":{"numero":"25351195237202313","situacao":29,"numeroProcessoFormatado":"25351.195237/2023-13"}},{"ordem":76,"produto":{"codigo":903417,"nome":"ácido mefenâmico","numeroRegistro":"135170054","tipo":{"codigo":1,"descricao":null},"categoria":null,"situacaoRotulo":null,"dataVencimento":null,"mesAnoVencimento":"022030","dataVencimentoRegistro":"2030-02-01T00:00:00.000-0300","principioAtivo":null,"situacaoApresentacao":"Caduco/Cancelado","dataRegistro":"2020-02-10T00:00:00.000-0300","categoriaRegulatoria":{"codigo":5,"descricao":"Genérico"},"medicamentoReferencia":"PONSTAN","categoriaProduto":null,"tipoAutorizacao":"REGISTRADO","acancelar":false,"mesAnoVencimentoFormatado":"02/2030","numeroRegistroFormatado":"135170054"},"empresa":{"cnpj":"48344725000719","razaoSocial":"Althaia S.A Indústria Farmacêutica","numeroAutorizacao":"1035175","cnpjFormatado":"48.344.725/0007-19"},"processo":{"numero":"25351386556201374","situacao":29,"numeroProcessoFormatado":"25351.386556/2013-74"}}],"totalElements":76,"totalPages":1,"last":true,"numberOfElements":76,"size":1000,"number":0,"first":true,"sort":null}