{"content":[{"ordem":1,"produto":{"codigo":1274291,"nome":"Carbaglu","numeroRegistro":"171260001","tipo":{"codigo":1,"descricao":null},"categoria":null,"situacaoRotulo":null,"dataVencimento":null,"mesAnoVencimento":"062029","dataVencimentoRegistro":"2029-06-01T00:00:00.000-0300","principioAtivo":"ácido carglúmico","situacaoApresentacao":"Válido","dataRegistro":"2019-06-10T00:00:00.000-0300","categoriaRegulatoria":{"codigo":6,"descricao":"Novo"},"medicamentoReferencia":null,"categoriaProduto":null,"tipoAutorizacao":"REGISTRADO","acancelar":false,"mesAnoVencimentoFormatado":"06/2029","numeroRegistroFormatado":"171260001"},"empresa":{"cnpj":"53056057000179","razaoSocial":"RECORDATI RARE DISEASES COMÉRCIO DE MEDICAMENTOS LTDA - ME","numeroAutorizacao":null,"cnpjFormatado":"53.056.057/0001-79"},"processo":{"numero":"25351606177201801","situacao":29,"numeroProcessoFormatado":"25351.606177/2018-01"}},{"ordem":2,"produto":{"codigo":1300149,"nome":"Cystadane","numeroRegistro":"171260003","tipo":{"codigo":1,"descricao":null},"categoria":null,"situacaoRotulo":null,"dataVencimento":null,"mesAnoVencimento":"092024","dataVencimentoRegistro":"2024-09-01T00:00:00.000-0300","principioAtivo":"BETAÍNA","situacaoApresentacao":"Válido","dataRegistro":"2019-09-09T00:00:00.000-0300","categoriaRegulatoria":{"codigo":3,"descricao":"Específico"},"medicamentoReferencia":null,"categoriaProduto":null,"tipoAutorizacao":"REGISTRADO","acancelar":false,"mesAnoVencimentoFormatado":"09/2024","numeroRegistroFormatado":"171260003"},"empresa":{"cnpj":"53056057000179","razaoSocial":"RECORDATI RARE DISEASES COMÉRCIO DE MEDICAMENTOS LTDA - ME","numeroAutorizacao":null,"cnpjFormatado":"53.056.057/0001-79"},"processo":{"numero":"25351856781201878","situacao":29,"numeroProcessoFormatado":"25351.856781/2018-78"}},{"ordem":3,"produto":{"codigo":1412561,"nome":"NEOPROFEN","numeroRegistro":"171260006","tipo":{"codigo":1,"descricao":null},"categoria":null,"situacaoRotulo":null,"dataVencimento":null,"mesAnoVencimento":"032032","dataVencimentoRegistro":"2032-03-01T00:00:00.000-0300","principioAtivo":"LEVOLISINATO DE IBUPROFENO","situacaoApresentacao":"Válido","dataRegistro":"2022-03-02T00:00:00.000-0300","categoriaRegulatoria":{"codigo":6,"descricao":"Novo"},"medicamentoReferencia":null,"categoriaProduto":null,"tipoAutorizacao":"REGISTRADO","acancelar":false,"mesAnoVencimentoFormatado":"03/2032","numeroRegistroFormatado":"171260006"},"empresa":{"cnpj":"53056057000179","razaoSocial":"RECORDATI RARE DISEASES COMÉRCIO DE MEDICAMENTOS LTDA - ME","numeroAutorizacao":null,"cnpjFormatado":"53.056.057/0001-79"},"processo":{"numero":"25351447952202096","situacao":29,"numeroProcessoFormatado":"25351.447952/2020-96"}},{"ordem":4,"produto":{"codigo":1233237,"nome":"Panhematin","numeroRegistro":"171260002","tipo":{"codigo":1,"descricao":null},"categoria":null,"situacaoRotulo":null,"dataVencimento":null,"mesAnoVencimento":"082029","dataVencimentoRegistro":"2029-08-01T00:00:00.000-0300","principioAtivo":"HEMINA","situacaoApresentacao":"Válido","dataRegistro":"2019-08-19T00:00:00.000-0300","categoriaRegulatoria":{"codigo":1,"descricao":"Biológico"},"medicamentoReferencia":null,"categoriaProduto":null,"tipoAutorizacao":"REGISTRADO","acancelar":false,"mesAnoVencimentoFormatado":"08/2029","numeroRegistroFormatado":"171260002"},"empresa":{"cnpj":"53056057000179","razaoSocial":"RECORDATI RARE DISEASES COMÉRCIO DE MEDICAMENTOS LTDA - ME","numeroAutorizacao":null,"cnpjFormatado":"53.056.057/0001-79"},"processo":{"numero":"25351722767201791","situacao":29,"numeroProcessoFormatado":"25351.722767/2017-91"}},{"ordem":5,"produto":{"codigo":3638575,"nome":"Qarziba","numeroRegistro":"171260008","tipo":{"codigo":1,"descricao":null},"categoria":null,"situacaoRotulo":null,"dataVencimento":"2024-04-07T00:00:00.000-0300","mesAnoVencimento":"042029","dataVencimentoRegistro":"2029-04-01T00:00:00.000-0300","principioAtivo":"BETADINUTUXIMABE","situacaoApresentacao":"Válido","dataRegistro":"2023-08-21T00:00:00.000-0300","categoriaRegulatoria":{"codigo":1,"descricao":"Biológico"},"medicamentoReferencia":null,"categoriaProduto":null,"tipoAutorizacao":"REGISTRADO","acancelar":false,"mesAnoVencimentoFormatado":"04/2029","numeroRegistroFormatado":"171260008"},"empresa":{"cnpj":"53056057000179","razaoSocial":"RECORDATI RARE DISEASES COMÉRCIO DE MEDICAMENTOS LTDA - ME","numeroAutorizacao":null,"cnpjFormatado":"53.056.057/0001-79"},"processo":{"numero":"25351350102202319","situacao":29,"numeroProcessoFormatado":"25351.350102/2023-19"}},{"ordem":6,"produto":{"codigo":1426636,"nome":"SIGNIFOR LP","numeroRegistro":"171260005","tipo":{"codigo":1,"descricao":null},"categoria":null,"situacaoRotulo":null,"dataVencimento":"2022-04-24T00:00:00.000-0300","mesAnoVencimento":"042027","dataVencimentoRegistro":"2027-04-01T00:00:00.000-0300","principioAtivo":"pamoato de pasireotida","situacaoApresentacao":"Válido","dataRegistro":"2020-08-17T00:00:00.000-0300","categoriaRegulatoria":{"codigo":6,"descricao":"Novo"},"medicamentoReferencia":null,"categoriaProduto":null,"tipoAutorizacao":"REGISTRADO","acancelar":false,"mesAnoVencimentoFormatado":"04/2027","numeroRegistroFormatado":"171260005"},"empresa":{"cnpj":"53056057000179","razaoSocial":"RECORDATI RARE DISEASES COMÉRCIO DE MEDICAMENTOS LTDA - ME","numeroAutorizacao":null,"cnpjFormatado":"53.056.057/0001-79"},"processo":{"numero":"25351325100202049","situacao":29,"numeroProcessoFormatado":"25351.325100/2020-49"}},{"ordem":7,"produto":{"codigo":3638574,"nome":"SYLVANT","numeroRegistro":"171260007","tipo":{"codigo":1,"descricao":null},"categoria":null,"situacaoRotulo":null,"dataVencimento":"2030-05-21T00:00:00.000-0300","mesAnoVencimento":"052030","dataVencimentoRegistro":"2030-05-01T00:00:00.000-0300","principioAtivo":"siltuximabe","situacaoApresentacao":"Válido","dataRegistro":"2023-08-21T00:00:00.000-0300","categoriaRegulatoria":{"codigo":1,"descricao":"Biológico"},"medicamentoReferencia":null,"categoriaProduto":null,"tipoAutorizacao":"REGISTRADO","acancelar":false,"mesAnoVencimentoFormatado":"05/2030","numeroRegistroFormatado":"171260007"},"empresa":{"cnpj":"53056057000179","razaoSocial":"RECORDATI RARE DISEASES COMÉRCIO DE MEDICAMENTOS LTDA - ME","numeroAutorizacao":null,"cnpjFormatado":"53.056.057/0001-79"},"processo":{"numero":"25351260774202333","situacao":29,"numeroProcessoFormatado":"25351.260774/2023-33"}},{"ordem":8,"produto":{"codigo":1426334,"nome":"Upelior","numeroRegistro":"171260004","tipo":{"codigo":1,"descricao":null},"categoria":null,"situacaoRotulo":null,"dataVencimento":"2021-07-11T00:00:00.000-0300","mesAnoVencimento":"072026","dataVencimentoRegistro":"2026-07-01T00:00:00.000-0300","principioAtivo":"diaspartato de pasireotida","situacaoApresentacao":"Válido","dataRegistro":"2020-08-03T00:00:00.000-0300","categoriaRegulatoria":{"codigo":6,"descricao":"Novo"},"medicamentoReferencia":null,"categoriaProduto":null,"tipoAutorizacao":"REGISTRADO","acancelar":false,"mesAnoVencimentoFormatado":"07/2026","numeroRegistroFormatado":"171260004"},"empresa":{"cnpj":"53056057000179","razaoSocial":"RECORDATI RARE DISEASES COMÉRCIO DE MEDICAMENTOS LTDA - ME","numeroAutorizacao":null,"cnpjFormatado":"53.056.057/0001-79"},"processo":{"numero":"25351324951202074","situacao":29,"numeroProcessoFormatado":"25351.324951/2020-74"}}],"totalElements":8,"totalPages":1,"last":true,"numberOfElements":8,"size":1000,"number":0,"first":true,"sort":null}