{"content":[{"ordem":1,"produto":{"codigo":3147,"nome":"ALCACHOL","numeroRegistro":"112700025","tipo":{"codigo":1,"descricao":null},"categoria":null,"situacaoRotulo":null,"dataVencimento":null,"mesAnoVencimento":"042011","dataVencimentoRegistro":"2011-04-01T00:00:00.000-0300","principioAtivo":null,"situacaoApresentacao":"Caduco/Cancelado","dataRegistro":"2001-04-16T00:00:00.000-0300","categoriaRegulatoria":{"codigo":4,"descricao":"Fitoterápico"},"medicamentoReferencia":null,"categoriaProduto":null,"tipoAutorizacao":"REGISTRADO","acancelar":false,"numeroRegistroFormatado":"112700025","mesAnoVencimentoFormatado":"04/2011"},"empresa":{"cnpj":"53249736000164","razaoSocial":"FONTOVIT LABORATORIOS SA","numeroAutorizacao":"1012708","cnpjFormatado":"53.249.736/0001-64"},"processo":{"numero":"250000050189319","situacao":29,"numeroProcessoFormatado":"25000.005018/93-19"}},{"ordem":2,"produto":{"codigo":515,"nome":"CASTANHA DA INDIA","numeroRegistro":"112700026","tipo":{"codigo":1,"descricao":null},"categoria":null,"situacaoRotulo":null,"dataVencimento":null,"mesAnoVencimento":"072006","dataVencimentoRegistro":"2006-07-01T00:00:00.000-0300","principioAtivo":null,"situacaoApresentacao":"Caduco/Cancelado","dataRegistro":"2001-07-04T00:00:00.000-0300","categoriaRegulatoria":{"codigo":4,"descricao":"Fitoterápico"},"medicamentoReferencia":null,"categoriaProduto":null,"tipoAutorizacao":"REGISTRADO","acancelar":false,"numeroRegistroFormatado":"112700026","mesAnoVencimentoFormatado":"07/2006"},"empresa":{"cnpj":"53249736000164","razaoSocial":"FONTOVIT LABORATORIOS SA","numeroAutorizacao":"1012708","cnpjFormatado":"53.249.736/0001-64"},"processo":{"numero":"250000142359148","situacao":29,"numeroProcessoFormatado":"25000.014235/91-48"}},{"ordem":3,"produto":{"codigo":1742,"nome":"CENTELLA ASIATICA","numeroRegistro":"112700019","tipo":{"codigo":1,"descricao":null},"categoria":null,"situacaoRotulo":null,"dataVencimento":null,"mesAnoVencimento":"122001","dataVencimentoRegistro":"2001-12-01T00:00:00.000-0200","principioAtivo":null,"situacaoApresentacao":"Caduco/Cancelado","dataRegistro":"1996-12-18T00:00:00.000-0300","categoriaRegulatoria":{"codigo":8,"descricao":"Similar"},"medicamentoReferencia":null,"categoriaProduto":null,"tipoAutorizacao":"REGISTRADO","acancelar":false,"numeroRegistroFormatado":"112700019","mesAnoVencimentoFormatado":"12/2001"},"empresa":{"cnpj":"53249736000164","razaoSocial":"FONTOVIT LABORATORIOS SA","numeroAutorizacao":"1012708","cnpjFormatado":"53.249.736/0001-64"},"processo":{"numero":"2500000686588","situacao":29,"numeroProcessoFormatado":"25000.006865/88"}},{"ordem":4,"produto":{"codigo":1744,"nome":"CENTELLA VIT","numeroRegistro":"112700029","tipo":{"codigo":1,"descricao":null},"categoria":null,"situacaoRotulo":null,"dataVencimento":null,"mesAnoVencimento":"082006","dataVencimentoRegistro":"2006-08-01T00:00:00.000-0300","principioAtivo":null,"situacaoApresentacao":"Caduco/Cancelado","dataRegistro":"2001-08-15T00:00:00.000-0300","categoriaRegulatoria":{"codigo":4,"descricao":"Fitoterápico"},"medicamentoReferencia":null,"categoriaProduto":null,"tipoAutorizacao":"REGISTRADO","acancelar":false,"numeroRegistroFormatado":"112700029","mesAnoVencimentoFormatado":"08/2006"},"empresa":{"cnpj":"53249736000164","razaoSocial":"FONTOVIT LABORATORIOS SA","numeroAutorizacao":"1012708","cnpjFormatado":"53.249.736/0001-64"},"processo":{"numero":"250000068658825","situacao":29,"numeroProcessoFormatado":"25000.006865/88-25"}},{"ordem":5,"produto":{"codigo":7219,"nome":"CÁSCARA","numeroRegistro":"112700028","tipo":{"codigo":1,"descricao":null},"categoria":null,"situacaoRotulo":null,"dataVencimento":null,"mesAnoVencimento":"072006","dataVencimentoRegistro":"2006-07-01T00:00:00.000-0300","principioAtivo":null,"situacaoApresentacao":"Caduco/Cancelado","dataRegistro":"2001-07-20T00:00:00.000-0300","categoriaRegulatoria":{"codigo":4,"descricao":"Fitoterápico"},"medicamentoReferencia":null,"categoriaProduto":null,"tipoAutorizacao":"REGISTRADO","acancelar":false,"numeroRegistroFormatado":"112700028","mesAnoVencimentoFormatado":"07/2006"},"empresa":{"cnpj":"53249736000164","razaoSocial":"FONTOVIT LABORATORIOS SA","numeroAutorizacao":"1012708","cnpjFormatado":"53.249.736/0001-64"},"processo":{"numero":"250000142349185","situacao":29,"numeroProcessoFormatado":"25000.014234/91-85"}},{"ordem":6,"produto":{"codigo":238,"nome":"E-VIT","numeroRegistro":"112700008","tipo":{"codigo":1,"descricao":null},"categoria":null,"situacaoRotulo":null,"dataVencimento":null,"mesAnoVencimento":"032010","dataVencimentoRegistro":"2010-03-01T00:00:00.000-0300","principioAtivo":null,"situacaoApresentacao":"Caduco/Cancelado","dataRegistro":"1985-03-11T00:00:00.000-0300","categoriaRegulatoria":{"codigo":3,"descricao":"Específico"},"medicamentoReferencia":null,"categoriaProduto":null,"tipoAutorizacao":"REGISTRADO","acancelar":false,"numeroRegistroFormatado":"112700008","mesAnoVencimentoFormatado":"03/2010"},"empresa":{"cnpj":"53249736000164","razaoSocial":"FONTOVIT LABORATORIOS SA","numeroAutorizacao":"1012708","cnpjFormatado":"53.249.736/0001-64"},"processo":{"numero":"2500101080784","situacao":29,"numeroProcessoFormatado":"25001.010807/84"}},{"ordem":7,"produto":{"codigo":6548,"nome":"FONTO-VIT A","numeroRegistro":"112700007","tipo":{"codigo":1,"descricao":null},"categoria":null,"situacaoRotulo":null,"dataVencimento":null,"mesAnoVencimento":"122005","dataVencimentoRegistro":"2005-12-01T00:00:00.000-0300","principioAtivo":null,"situacaoApresentacao":"Caduco/Cancelado","dataRegistro":"2001-11-13T00:00:00.000-0200","categoriaRegulatoria":{"codigo":3,"descricao":"Específico"},"medicamentoReferencia":null,"categoriaProduto":null,"tipoAutorizacao":"REGISTRADO","acancelar":false,"numeroRegistroFormatado":"112700007","mesAnoVencimentoFormatado":"12/2005"},"empresa":{"cnpj":"53249736000164","razaoSocial":"FONTOVIT LABORATORIOS SA","numeroAutorizacao":"1012708","cnpjFormatado":"53.249.736/0001-64"},"processo":{"numero":"2500001080484","situacao":29,"numeroProcessoFormatado":"25000.010804/84"}},{"ordem":8,"produto":{"codigo":2793,"nome":"FONTO-VIT B6","numeroRegistro":"112700010","tipo":{"codigo":1,"descricao":null},"categoria":null,"situacaoRotulo":null,"dataVencimento":null,"mesAnoVencimento":"052004","dataVencimentoRegistro":"2004-05-01T00:00:00.000-0300","principioAtivo":null,"situacaoApresentacao":"Caduco/Cancelado","dataRegistro":"2001-10-05T00:00:00.000-0300","categoriaRegulatoria":{"codigo":3,"descricao":"Específico"},"medicamentoReferencia":null,"categoriaProduto":null,"tipoAutorizacao":"REGISTRADO","acancelar":false,"numeroRegistroFormatado":"112700010","mesAnoVencimentoFormatado":"05/2004"},"empresa":{"cnpj":"53249736000164","razaoSocial":"FONTOVIT LABORATORIOS SA","numeroAutorizacao":"1012708","cnpjFormatado":"53.249.736/0001-64"},"processo":{"numero":"2500100630387","situacao":29,"numeroProcessoFormatado":"25001.006303/87"}},{"ordem":9,"produto":{"codigo":413,"nome":"FONTO-VIT C","numeroRegistro":"112700013","tipo":{"codigo":1,"descricao":null},"categoria":null,"situacaoRotulo":null,"dataVencimento":null,"mesAnoVencimento":"122005","dataVencimentoRegistro":"2005-12-01T00:00:00.000-0300","principioAtivo":null,"situacaoApresentacao":"Caduco/Cancelado","dataRegistro":"1995-12-13T00:00:00.000-0300","categoriaRegulatoria":{"codigo":8,"descricao":"Similar"},"medicamentoReferencia":null,"categoriaProduto":null,"tipoAutorizacao":"REGISTRADO","acancelar":false,"numeroRegistroFormatado":"112700013","mesAnoVencimentoFormatado":"12/2005"},"empresa":{"cnpj":"53249736000164","razaoSocial":"FONTOVIT LABORATORIOS SA","numeroAutorizacao":"1012708","cnpjFormatado":"53.249.736/0001-64"},"processo":{"numero":"2500101948985","situacao":29,"numeroProcessoFormatado":"25001.019489/85"}},{"ordem":10,"produto":{"codigo":4040,"nome":"GINKGOPLUS","numeroRegistro":"112700022","tipo":{"codigo":1,"descricao":null},"categoria":null,"situacaoRotulo":null,"dataVencimento":null,"mesAnoVencimento":"052010","dataVencimentoRegistro":"2010-05-01T00:00:00.000-0300","principioAtivo":null,"situacaoApresentacao":"Caduco/Cancelado","dataRegistro":"2000-05-19T00:00:00.000-0300","categoriaRegulatoria":{"codigo":8,"descricao":"Similar"},"medicamentoReferencia":null,"categoriaProduto":null,"tipoAutorizacao":"REGISTRADO","acancelar":false,"numeroRegistroFormatado":"112700022","mesAnoVencimentoFormatado":"05/2010"},"empresa":{"cnpj":"53249736000164","razaoSocial":"FONTOVIT LABORATORIOS SA","numeroAutorizacao":"1012708","cnpjFormatado":"53.249.736/0001-64"},"processo":{"numero":"250000334719894","situacao":29,"numeroProcessoFormatado":"25000.033471/98-94"}},{"ordem":11,"produto":{"codigo":4550,"nome":"GINSENG + VITAMINAS","numeroRegistro":"112700018","tipo":{"codigo":1,"descricao":null},"categoria":null,"situacaoRotulo":null,"dataVencimento":null,"mesAnoVencimento":"102006","dataVencimentoRegistro":"2006-10-01T00:00:00.000-0300","principioAtivo":null,"situacaoApresentacao":"Caduco/Cancelado","dataRegistro":"1996-10-17T00:00:00.000-0300","categoriaRegulatoria":{"codigo":8,"descricao":"Similar"},"medicamentoReferencia":null,"categoriaProduto":null,"tipoAutorizacao":"REGISTRADO","acancelar":false,"numeroRegistroFormatado":"112700018","mesAnoVencimentoFormatado":"10/2006"},"empresa":{"cnpj":"53249736000164","razaoSocial":"FONTOVIT LABORATORIOS SA","numeroAutorizacao":"1012708","cnpjFormatado":"53.249.736/0001-64"},"processo":{"numero":"2500100335187","situacao":29,"numeroProcessoFormatado":"25001.003351/87"}},{"ordem":12,"produto":{"codigo":6736,"nome":"GUARANÁ FONTOVIT","numeroRegistro":"112700005","tipo":{"codigo":1,"descricao":null},"categoria":null,"situacaoRotulo":null,"dataVencimento":null,"mesAnoVencimento":"082006","dataVencimentoRegistro":"2006-08-01T00:00:00.000-0300","principioAtivo":null,"situacaoApresentacao":"Caduco/Cancelado","dataRegistro":"2001-02-07T00:00:00.000-0300","categoriaRegulatoria":{"codigo":4,"descricao":"Fitoterápico"},"medicamentoReferencia":null,"categoriaProduto":null,"tipoAutorizacao":"REGISTRADO","acancelar":false,"numeroRegistroFormatado":"112700005","mesAnoVencimentoFormatado":"08/2006"},"empresa":{"cnpj":"53249736000164","razaoSocial":"FONTOVIT LABORATORIOS SA","numeroAutorizacao":"1012708","cnpjFormatado":"53.249.736/0001-64"},"processo":{"numero":"2500101080584","situacao":29,"numeroProcessoFormatado":"25001.010805/84"}},{"ordem":13,"produto":{"codigo":6878,"nome":"KAVALAC","numeroRegistro":"112700027","tipo":{"codigo":1,"descricao":null},"categoria":null,"situacaoRotulo":null,"dataVencimento":null,"mesAnoVencimento":"072006","dataVencimentoRegistro":"2006-07-01T00:00:00.000-0300","principioAtivo":null,"situacaoApresentacao":"Caduco/Cancelado","dataRegistro":"2001-07-23T00:00:00.000-0300","categoriaRegulatoria":{"codigo":4,"descricao":"Fitoterápico"},"medicamentoReferencia":null,"categoriaProduto":null,"tipoAutorizacao":"REGISTRADO","acancelar":false,"numeroRegistroFormatado":"112700027","mesAnoVencimentoFormatado":"07/2006"},"empresa":{"cnpj":"53249736000164","razaoSocial":"FONTOVIT LABORATORIOS SA","numeroAutorizacao":"1012708","cnpjFormatado":"53.249.736/0001-64"},"processo":{"numero":"253510065230174","situacao":29,"numeroProcessoFormatado":"25351.006523/01-74"}},{"ordem":14,"produto":{"codigo":404389,"nome":"LECITINA DE SOJA","numeroRegistro":"112700001","tipo":{"codigo":1,"descricao":null},"categoria":null,"situacaoRotulo":null,"dataVencimento":null,"mesAnoVencimento":"032005","dataVencimentoRegistro":"2005-03-01T00:00:00.000-0300","principioAtivo":null,"situacaoApresentacao":"Caduco/Cancelado","dataRegistro":"1990-03-11T00:00:00.000-0300","categoriaRegulatoria":{"codigo":null,"descricao":null},"medicamentoReferencia":null,"categoriaProduto":null,"tipoAutorizacao":"REGISTRADO","acancelar":false,"numeroRegistroFormatado":"112700001","mesAnoVencimentoFormatado":"03/2005"},"empresa":{"cnpj":"53249736000164","razaoSocial":"FONTOVIT LABORATORIOS SA","numeroAutorizacao":"1012708","cnpjFormatado":"53.249.736/0001-64"},"processo":{"numero":"2500001081084","situacao":29,"numeroProcessoFormatado":"25000.010810/84"}},{"ordem":15,"produto":{"codigo":5299,"nome":"LEVEDURA DE CERVEJA","numeroRegistro":"112700002","tipo":{"codigo":1,"descricao":null},"categoria":null,"situacaoRotulo":null,"dataVencimento":null,"mesAnoVencimento":"032005","dataVencimentoRegistro":"2005-03-01T00:00:00.000-0300","principioAtivo":null,"situacaoApresentacao":"Caduco/Cancelado","dataRegistro":"2001-09-27T00:00:00.000-0300","categoriaRegulatoria":{"codigo":4,"descricao":"Fitoterápico"},"medicamentoReferencia":null,"categoriaProduto":null,"tipoAutorizacao":"REGISTRADO","acancelar":false,"numeroRegistroFormatado":"112700002","mesAnoVencimentoFormatado":"03/2005"},"empresa":{"cnpj":"53249736000164","razaoSocial":"FONTOVIT LABORATORIOS SA","numeroAutorizacao":"1012708","cnpjFormatado":"53.249.736/0001-64"},"processo":{"numero":"2500001080184","situacao":29,"numeroProcessoFormatado":"25000.010801/84"}},{"ordem":16,"produto":{"codigo":61,"nome":"MOTIVEN","numeroRegistro":"112700024","tipo":{"codigo":1,"descricao":null},"categoria":null,"situacaoRotulo":null,"dataVencimento":null,"mesAnoVencimento":"122005","dataVencimentoRegistro":"2005-12-01T00:00:00.000-0300","principioAtivo":null,"situacaoApresentacao":"Caduco/Cancelado","dataRegistro":"2001-08-29T00:00:00.000-0300","categoriaRegulatoria":{"codigo":4,"descricao":"Fitoterápico"},"medicamentoReferencia":null,"categoriaProduto":null,"tipoAutorizacao":"REGISTRADO","acancelar":false,"numeroRegistroFormatado":"112700024","mesAnoVencimentoFormatado":"12/2005"},"empresa":{"cnpj":"53249736000164","razaoSocial":"FONTOVIT LABORATORIOS SA","numeroAutorizacao":"1012708","cnpjFormatado":"53.249.736/0001-64"},"processo":{"numero":"250000100589889","situacao":29,"numeroProcessoFormatado":"25000.010058/98-89"}},{"ordem":17,"produto":{"codigo":629,"nome":"OLEO DE ALHO FONTOVIT","numeroRegistro":"112700006","tipo":{"codigo":1,"descricao":null},"categoria":null,"situacaoRotulo":null,"dataVencimento":null,"mesAnoVencimento":"032010","dataVencimentoRegistro":"2010-03-01T00:00:00.000-0300","principioAtivo":null,"situacaoApresentacao":"Caduco/Cancelado","dataRegistro":"2001-08-15T00:00:00.000-0300","categoriaRegulatoria":{"codigo":4,"descricao":"Fitoterápico"},"medicamentoReferencia":null,"categoriaProduto":null,"tipoAutorizacao":"REGISTRADO","acancelar":false,"numeroRegistroFormatado":"112700006","mesAnoVencimentoFormatado":"03/2010"},"empresa":{"cnpj":"53249736000164","razaoSocial":"FONTOVIT LABORATORIOS SA","numeroAutorizacao":"1012708","cnpjFormatado":"53.249.736/0001-64"},"processo":{"numero":"2500001081284","situacao":29,"numeroProcessoFormatado":"25000.010812/84"}},{"ordem":18,"produto":{"codigo":6733,"nome":"PASSIFLORA INCARNATA + SALIX ALBA + CRATAEGUS OXYACAN","numeroRegistro":"112700016","tipo":{"codigo":1,"descricao":null},"categoria":null,"situacaoRotulo":null,"dataVencimento":null,"mesAnoVencimento":"102001","dataVencimentoRegistro":"2001-10-01T00:00:00.000-0300","principioAtivo":null,"situacaoApresentacao":"Caduco/Cancelado","dataRegistro":"1996-10-17T00:00:00.000-0300","categoriaRegulatoria":{"codigo":8,"descricao":"Similar"},"medicamentoReferencia":null,"categoriaProduto":null,"tipoAutorizacao":"REGISTRADO","acancelar":false,"numeroRegistroFormatado":"112700016","mesAnoVencimentoFormatado":"10/2001"},"empresa":{"cnpj":"53249736000164","razaoSocial":"FONTOVIT LABORATORIOS SA","numeroAutorizacao":"1012708","cnpjFormatado":"53.249.736/0001-64"},"processo":{"numero":"250000104739001","situacao":29,"numeroProcessoFormatado":"25000.010473/90-01"}},{"ordem":19,"produto":{"codigo":7394,"nome":"SENE + ASSOCIACOES","numeroRegistro":"112700020","tipo":{"codigo":1,"descricao":null},"categoria":null,"situacaoRotulo":null,"dataVencimento":null,"mesAnoVencimento":"082009","dataVencimentoRegistro":"2009-08-01T00:00:00.000-0300","principioAtivo":null,"situacaoApresentacao":"Caduco/Cancelado","dataRegistro":"1999-08-16T00:00:00.000-0300","categoriaRegulatoria":{"codigo":8,"descricao":"Similar"},"medicamentoReferencia":null,"categoriaProduto":null,"tipoAutorizacao":"REGISTRADO","acancelar":false,"numeroRegistroFormatado":"112700020","mesAnoVencimentoFormatado":"08/2009"},"empresa":{"cnpj":"53249736000164","razaoSocial":"FONTOVIT LABORATORIOS SA","numeroAutorizacao":"1012708","cnpjFormatado":"53.249.736/0001-64"},"processo":{"numero":"250000087979224","situacao":29,"numeroProcessoFormatado":"25000.008797/92-24"}},{"ordem":20,"produto":{"codigo":7808,"nome":"SULFATO FERROSO","numeroRegistro":"112700011","tipo":{"codigo":1,"descricao":null},"categoria":null,"situacaoRotulo":null,"dataVencimento":null,"mesAnoVencimento":"102004","dataVencimentoRegistro":"2004-10-01T00:00:00.000-0300","principioAtivo":null,"situacaoApresentacao":"Caduco/Cancelado","dataRegistro":"2001-07-04T00:00:00.000-0300","categoriaRegulatoria":{"codigo":3,"descricao":"Específico"},"medicamentoReferencia":null,"categoriaProduto":null,"tipoAutorizacao":"REGISTRADO","acancelar":false,"numeroRegistroFormatado":"112700011","mesAnoVencimentoFormatado":"10/2004"},"empresa":{"cnpj":"53249736000164","razaoSocial":"FONTOVIT LABORATORIOS SA","numeroAutorizacao":"1012708","cnpjFormatado":"53.249.736/0001-64"},"processo":{"numero":"2500100423686","situacao":29,"numeroProcessoFormatado":"25001.004236/86"}},{"ordem":21,"produto":{"codigo":7027,"nome":"SYNCRO","numeroRegistro":"112700021","tipo":{"codigo":1,"descricao":null},"categoria":null,"situacaoRotulo":null,"dataVencimento":null,"mesAnoVencimento":"022005","dataVencimentoRegistro":"2005-02-01T00:00:00.000-0300","principioAtivo":null,"situacaoApresentacao":"Caduco/Cancelado","dataRegistro":"2000-01-28T00:00:00.000-0200","categoriaRegulatoria":{"codigo":8,"descricao":"Similar"},"medicamentoReferencia":null,"categoriaProduto":null,"tipoAutorizacao":"REGISTRADO","acancelar":false,"numeroRegistroFormatado":"112700021","mesAnoVencimentoFormatado":"02/2005"},"empresa":{"cnpj":"53249736000164","razaoSocial":"FONTOVIT LABORATORIOS SA","numeroAutorizacao":"1012708","cnpjFormatado":"53.249.736/0001-64"},"processo":{"numero":"250000334729857","situacao":29,"numeroProcessoFormatado":"25000.033472/98-57"}},{"ordem":22,"produto":{"codigo":8223,"nome":"VALERIN","numeroRegistro":"112700030","tipo":{"codigo":1,"descricao":null},"categoria":null,"situacaoRotulo":null,"dataVencimento":null,"mesAnoVencimento":"082006","dataVencimentoRegistro":"2006-08-01T00:00:00.000-0300","principioAtivo":null,"situacaoApresentacao":"Caduco/Cancelado","dataRegistro":"2001-08-27T00:00:00.000-0300","categoriaRegulatoria":{"codigo":4,"descricao":"Fitoterápico"},"medicamentoReferencia":null,"categoriaProduto":null,"tipoAutorizacao":"REGISTRADO","acancelar":false,"numeroRegistroFormatado":"112700030","mesAnoVencimentoFormatado":"08/2006"},"empresa":{"cnpj":"53249736000164","razaoSocial":"FONTOVIT LABORATORIOS SA","numeroAutorizacao":"1012708","cnpjFormatado":"53.249.736/0001-64"},"processo":{"numero":"250000205419169","situacao":29,"numeroProcessoFormatado":"25000.020541/91-69"}},{"ordem":23,"produto":{"codigo":6998,"nome":"VITALYN","numeroRegistro":"112700014","tipo":{"codigo":1,"descricao":null},"categoria":null,"situacaoRotulo":null,"dataVencimento":null,"mesAnoVencimento":"022006","dataVencimentoRegistro":"2006-02-01T00:00:00.000-0300","principioAtivo":null,"situacaoApresentacao":"Caduco/Cancelado","dataRegistro":"1996-03-01T00:00:00.000-0300","categoriaRegulatoria":{"codigo":8,"descricao":"Similar"},"medicamentoReferencia":null,"categoriaProduto":null,"tipoAutorizacao":"REGISTRADO","acancelar":false,"numeroRegistroFormatado":"112700014","mesAnoVencimentoFormatado":"02/2006"},"empresa":{"cnpj":"53249736000164","razaoSocial":"FONTOVIT LABORATORIOS SA","numeroAutorizacao":"1012708","cnpjFormatado":"53.249.736/0001-64"},"processo":{"numero":"250000156989262","situacao":29,"numeroProcessoFormatado":"25000.015698/92-62"}},{"ordem":24,"produto":{"codigo":8318,"nome":"VITAMINA A + ASSOCIAÇÕES","numeroRegistro":"112700023","tipo":{"codigo":1,"descricao":null},"categoria":null,"situacaoRotulo":null,"dataVencimento":null,"mesAnoVencimento":"052005","dataVencimentoRegistro":"2005-05-01T00:00:00.000-0300","principioAtivo":null,"situacaoApresentacao":"Caduco/Cancelado","dataRegistro":"2000-05-19T00:00:00.000-0300","categoriaRegulatoria":{"codigo":8,"descricao":"Similar"},"medicamentoReferencia":null,"categoriaProduto":null,"tipoAutorizacao":"REGISTRADO","acancelar":false,"numeroRegistroFormatado":"112700023","mesAnoVencimentoFormatado":"05/2005"},"empresa":{"cnpj":"53249736000164","razaoSocial":"FONTOVIT LABORATORIOS SA","numeroAutorizacao":"1012708","cnpjFormatado":"53.249.736/0001-64"},"processo":{"numero":"250000113139909","situacao":29,"numeroProcessoFormatado":"25000.011313/99-09"}},{"ordem":25,"produto":{"codigo":369295,"nome":"ZINCO FONTOVIT","numeroRegistro":"112700009","tipo":{"codigo":1,"descricao":null},"categoria":null,"situacaoRotulo":null,"dataVencimento":null,"mesAnoVencimento":"052004","dataVencimentoRegistro":"2004-05-01T00:00:00.000-0300","principioAtivo":null,"situacaoApresentacao":"Caduco/Cancelado","dataRegistro":"1989-05-24T00:00:00.000-0300","categoriaRegulatoria":{"codigo":8,"descricao":"Similar"},"medicamentoReferencia":null,"categoriaProduto":null,"tipoAutorizacao":"REGISTRADO","acancelar":false,"numeroRegistroFormatado":"112700009","mesAnoVencimentoFormatado":"05/2004"},"empresa":{"cnpj":"53249736000164","razaoSocial":"FONTOVIT LABORATORIOS SA","numeroAutorizacao":"1012708","cnpjFormatado":"53.249.736/0001-64"},"processo":{"numero":"2500100975986","situacao":29,"numeroProcessoFormatado":"25001.009759/86"}}],"totalElements":25,"totalPages":1,"last":true,"numberOfElements":25,"first":true,"sort":null,"size":1000,"number":0}