{"content":[{"ordem":1,"produto":{"codigo":614216,"nome":"EVICEL","numeroRegistro":"113250093","tipo":{"codigo":1,"descricao":null},"categoria":null,"situacaoRotulo":null,"dataVencimento":null,"mesAnoVencimento":"122029","dataVencimentoRegistro":"2029-12-01T00:00:00.000-0300","principioAtivo":null,"situacaoApresentacao":"Caduco/Cancelado","dataRegistro":"2009-12-07T00:00:00.000-0300","categoriaRegulatoria":{"codigo":1,"descricao":"Biológico"},"medicamentoReferencia":null,"categoriaProduto":null,"tipoAutorizacao":"REGISTRADO","numeroRegistroFormatado":"113250093","mesAnoVencimentoFormatado":"12/2029","acancelar":false},"empresa":{"cnpj":"54516661000101","razaoSocial":"JOHNSON  & JOHNSON DO BRASIL INDÚSTRIA E COMÉRCIO DE PRODUTOS PARA SAÚDE LTDA","numeroAutorizacao":"1013259","cnpjFormatado":"54.516.661/0001-01"},"processo":{"numero":"25351707118200879","situacao":29,"numeroProcessoFormatado":"25351.707118/2008-79"}},{"ordem":2,"produto":{"codigo":409991,"nome":"QUIXIL","numeroRegistro":"113250092","tipo":{"codigo":1,"descricao":null},"categoria":null,"situacaoRotulo":null,"dataVencimento":null,"mesAnoVencimento":"122010","dataVencimentoRegistro":"2010-12-01T00:00:00.000-0300","principioAtivo":null,"situacaoApresentacao":"Caduco/Cancelado","dataRegistro":"2005-12-26T00:00:00.000-0300","categoriaRegulatoria":{"codigo":1,"descricao":"Biológico"},"medicamentoReferencia":null,"categoriaProduto":null,"tipoAutorizacao":"REGISTRADO","numeroRegistroFormatado":"113250092","mesAnoVencimentoFormatado":"12/2010","acancelar":false},"empresa":{"cnpj":"54516661000101","razaoSocial":"JOHNSON  & JOHNSON DO BRASIL INDÚSTRIA E COMÉRCIO DE PRODUTOS PARA SAÚDE LTDA","numeroAutorizacao":"1013259","cnpjFormatado":"54.516.661/0001-01"},"processo":{"numero":"25351129560200517","situacao":29,"numeroProcessoFormatado":"25351.129560/2005-17"}}],"totalPages":1,"totalElements":2,"last":true,"numberOfElements":2,"first":true,"sort":null,"size":1000,"number":0}