{"content":[{"ordem":1,"produto":{"codigo":137631,"nome":"AFTJET","numeroRegistro":"127580012","tipo":{"codigo":1,"descricao":null},"categoria":null,"situacaoRotulo":null,"dataVencimento":null,"mesAnoVencimento":"032007","dataVencimentoRegistro":"2007-03-01T00:00:00.000-0300","principioAtivo":null,"situacaoApresentacao":"Caduco/Cancelado","dataRegistro":"2002-03-28T00:00:00.000-0300","categoriaRegulatoria":{"codigo":8,"descricao":"Similar"},"medicamentoReferencia":null,"categoriaProduto":null,"tipoAutorizacao":"REGISTRADO","numeroRegistroFormatado":"127580012","mesAnoVencimentoFormatado":"03/2007","acancelar":false},"empresa":{"cnpj":"56930811000146","razaoSocial":"LABORATÓRIO FARMACÊUTICO CARESSE LTDA ME","numeroAutorizacao":null,"cnpjFormatado":"56.930.811/0001-46"},"processo":{"numero":"253510315660189","situacao":29,"numeroProcessoFormatado":"25351.031566/01-89"}},{"ordem":2,"produto":{"codigo":125780,"nome":"ALIVIC","numeroRegistro":"127580016","tipo":{"codigo":1,"descricao":null},"categoria":null,"situacaoRotulo":null,"dataVencimento":null,"mesAnoVencimento":"052007","dataVencimentoRegistro":"2007-05-01T00:00:00.000-0300","principioAtivo":null,"situacaoApresentacao":"Caduco/Cancelado","dataRegistro":"2002-05-28T00:00:00.000-0300","categoriaRegulatoria":{"codigo":8,"descricao":"Similar"},"medicamentoReferencia":null,"categoriaProduto":null,"tipoAutorizacao":"REGISTRADO","numeroRegistroFormatado":"127580016","mesAnoVencimentoFormatado":"05/2007","acancelar":false},"empresa":{"cnpj":"56930811000146","razaoSocial":"LABORATÓRIO FARMACÊUTICO CARESSE LTDA ME","numeroAutorizacao":null,"cnpjFormatado":"56.930.811/0001-46"},"processo":{"numero":"253510166290121","situacao":29,"numeroProcessoFormatado":"25351.016629/01-21"}},{"ordem":3,"produto":{"codigo":170676,"nome":"BETANAZOL","numeroRegistro":"127580045","tipo":{"codigo":1,"descricao":null},"categoria":null,"situacaoRotulo":null,"dataVencimento":null,"mesAnoVencimento":"022018","dataVencimentoRegistro":"2018-02-01T00:00:00.000-0300","principioAtivo":null,"situacaoApresentacao":"Caduco/Cancelado","dataRegistro":"2003-02-06T00:00:00.000-0300","categoriaRegulatoria":{"codigo":8,"descricao":"Similar"},"medicamentoReferencia":null,"categoriaProduto":null,"tipoAutorizacao":"REGISTRADO","numeroRegistroFormatado":"127580045","mesAnoVencimentoFormatado":"02/2018","acancelar":false},"empresa":{"cnpj":"56930811000146","razaoSocial":"LABORATÓRIO FARMACÊUTICO CARESSE LTDA ME","numeroAutorizacao":null,"cnpjFormatado":"56.930.811/0001-46"},"processo":{"numero":"25351206543200250","situacao":29,"numeroProcessoFormatado":"25351.206543/2002-50"}},{"ordem":4,"produto":{"codigo":162805,"nome":"BRONCOLITIC","numeroRegistro":"127580042","tipo":{"codigo":1,"descricao":null},"categoria":null,"situacaoRotulo":null,"dataVencimento":null,"mesAnoVencimento":"012008","dataVencimentoRegistro":"2008-01-01T00:00:00.000-0300","principioAtivo":null,"situacaoApresentacao":"Caduco/Cancelado","dataRegistro":"2003-01-22T00:00:00.000-0300","categoriaRegulatoria":{"codigo":8,"descricao":"Similar"},"medicamentoReferencia":null,"categoriaProduto":null,"tipoAutorizacao":"REGISTRADO","numeroRegistroFormatado":"127580042","mesAnoVencimentoFormatado":"01/2008","acancelar":false},"empresa":{"cnpj":"56930811000146","razaoSocial":"LABORATÓRIO FARMACÊUTICO CARESSE LTDA ME","numeroAutorizacao":null,"cnpjFormatado":"56.930.811/0001-46"},"processo":{"numero":"25351178989200287","situacao":29,"numeroProcessoFormatado":"25351.178989/2002-87"}},{"ordem":5,"produto":{"codigo":275333,"nome":"CARBVITA - D 500","numeroRegistro":"127580061","tipo":{"codigo":1,"descricao":null},"categoria":null,"situacaoRotulo":null,"dataVencimento":null,"mesAnoVencimento":"042010","dataVencimentoRegistro":"2010-04-01T00:00:00.000-0300","principioAtivo":null,"situacaoApresentacao":"Caduco/Cancelado","dataRegistro":"2005-04-06T00:00:00.000-0300","categoriaRegulatoria":{"codigo":8,"descricao":"Similar"},"medicamentoReferencia":null,"categoriaProduto":null,"tipoAutorizacao":"REGISTRADO","numeroRegistroFormatado":"127580061","mesAnoVencimentoFormatado":"04/2010","acancelar":false},"empresa":{"cnpj":"56930811000146","razaoSocial":"LABORATÓRIO FARMACÊUTICO CARESSE LTDA ME","numeroAutorizacao":null,"cnpjFormatado":"56.930.811/0001-46"},"processo":{"numero":"25351200121200271","situacao":31,"numeroProcessoFormatado":"25351.200121/2002-71"}},{"ordem":6,"produto":{"codigo":169063,"nome":"CARECLEAN","numeroRegistro":"127580044","tipo":{"codigo":1,"descricao":null},"categoria":null,"situacaoRotulo":null,"dataVencimento":null,"mesAnoVencimento":"012008","dataVencimentoRegistro":"2008-01-01T00:00:00.000-0300","principioAtivo":null,"situacaoApresentacao":"Caduco/Cancelado","dataRegistro":"2003-01-27T00:00:00.000-0300","categoriaRegulatoria":{"codigo":8,"descricao":"Similar"},"medicamentoReferencia":null,"categoriaProduto":null,"tipoAutorizacao":"REGISTRADO","numeroRegistroFormatado":"127580044","mesAnoVencimentoFormatado":"01/2008","acancelar":false},"empresa":{"cnpj":"56930811000146","razaoSocial":"LABORATÓRIO FARMACÊUTICO CARESSE LTDA ME","numeroAutorizacao":null,"cnpjFormatado":"56.930.811/0001-46"},"processo":{"numero":"25351200125200259","situacao":20,"numeroProcessoFormatado":"25351.200125/2002-59"}},{"ordem":7,"produto":{"codigo":278979,"nome":"CAREFLUZOL","numeroRegistro":"127580054","tipo":{"codigo":1,"descricao":null},"categoria":null,"situacaoRotulo":null,"dataVencimento":null,"mesAnoVencimento":"062008","dataVencimentoRegistro":"2008-06-01T00:00:00.000-0300","principioAtivo":null,"situacaoApresentacao":"Caduco/Cancelado","dataRegistro":"2003-06-25T00:00:00.000-0300","categoriaRegulatoria":{"codigo":8,"descricao":"Similar"},"medicamentoReferencia":null,"categoriaProduto":null,"tipoAutorizacao":"REGISTRADO","numeroRegistroFormatado":"127580054","mesAnoVencimentoFormatado":"06/2008","acancelar":false},"empresa":{"cnpj":"56930811000146","razaoSocial":"LABORATÓRIO FARMACÊUTICO CARESSE LTDA ME","numeroAutorizacao":null,"cnpjFormatado":"56.930.811/0001-46"},"processo":{"numero":"25351011497200393","situacao":29,"numeroProcessoFormatado":"25351.011497/2003-93"}},{"ordem":8,"produto":{"codigo":172311,"nome":"CARES FOOT","numeroRegistro":"127580050","tipo":{"codigo":1,"descricao":null},"categoria":null,"situacaoRotulo":null,"dataVencimento":null,"mesAnoVencimento":"052008","dataVencimentoRegistro":"2008-05-01T00:00:00.000-0300","principioAtivo":null,"situacaoApresentacao":"Caduco/Cancelado","dataRegistro":"2003-05-19T00:00:00.000-0300","categoriaRegulatoria":{"codigo":8,"descricao":"Similar"},"medicamentoReferencia":null,"categoriaProduto":null,"tipoAutorizacao":"REGISTRADO","numeroRegistroFormatado":"127580050","mesAnoVencimentoFormatado":"05/2008","acancelar":false},"empresa":{"cnpj":"56930811000146","razaoSocial":"LABORATÓRIO FARMACÊUTICO CARESSE LTDA ME","numeroAutorizacao":null,"cnpjFormatado":"56.930.811/0001-46"},"processo":{"numero":"25351221258200269","situacao":20,"numeroProcessoFormatado":"25351.221258/2002-69"}},{"ordem":9,"produto":{"codigo":146135,"nome":"CARESS DERME","numeroRegistro":"127580037","tipo":{"codigo":1,"descricao":null},"categoria":null,"situacaoRotulo":null,"dataVencimento":null,"mesAnoVencimento":"112007","dataVencimentoRegistro":"2007-11-01T00:00:00.000-0300","principioAtivo":null,"situacaoApresentacao":"Caduco/Cancelado","dataRegistro":"2003-01-03T00:00:00.000-0300","categoriaRegulatoria":{"codigo":8,"descricao":"Similar"},"medicamentoReferencia":null,"categoriaProduto":null,"tipoAutorizacao":"REGISTRADO","numeroRegistroFormatado":"127580037","mesAnoVencimentoFormatado":"11/2007","acancelar":false},"empresa":{"cnpj":"56930811000146","razaoSocial":"LABORATÓRIO FARMACÊUTICO CARESSE LTDA ME","numeroAutorizacao":null,"cnpjFormatado":"56.930.811/0001-46"},"processo":{"numero":"25351179011200232","situacao":29,"numeroProcessoFormatado":"25351.179011/2002-32"}},{"ordem":10,"produto":{"codigo":165014,"nome":"CASCAFLAZ","numeroRegistro":"127580032","tipo":{"codigo":1,"descricao":null},"categoria":null,"situacaoRotulo":null,"dataVencimento":null,"mesAnoVencimento":"062007","dataVencimentoRegistro":"2007-06-01T00:00:00.000-0300","principioAtivo":null,"situacaoApresentacao":"Caduco/Cancelado","dataRegistro":"2002-11-13T00:00:00.000-0300","categoriaRegulatoria":{"codigo":4,"descricao":"Fitoterápico"},"medicamentoReferencia":null,"categoriaProduto":null,"tipoAutorizacao":"REGISTRADO","numeroRegistroFormatado":"127580032","mesAnoVencimentoFormatado":"06/2007","acancelar":false},"empresa":{"cnpj":"56930811000146","razaoSocial":"LABORATÓRIO FARMACÊUTICO CARESSE LTDA ME","numeroAutorizacao":null,"cnpjFormatado":"56.930.811/0001-46"},"processo":{"numero":"253510406870194","situacao":29,"numeroProcessoFormatado":"25351.040687/01-94"}},{"ordem":11,"produto":{"codigo":341015,"nome":"CLOTRIMAZOL","numeroRegistro":"127580059","tipo":{"codigo":1,"descricao":null},"categoria":null,"situacaoRotulo":null,"dataVencimento":null,"mesAnoVencimento":"102008","dataVencimentoRegistro":"2008-10-01T00:00:00.000-0300","principioAtivo":null,"situacaoApresentacao":"Caduco/Cancelado","dataRegistro":"2003-10-20T00:00:00.000-0300","categoriaRegulatoria":{"codigo":8,"descricao":"Similar"},"medicamentoReferencia":null,"categoriaProduto":null,"tipoAutorizacao":"REGISTRADO","numeroRegistroFormatado":"127580059","mesAnoVencimentoFormatado":"10/2008","acancelar":false},"empresa":{"cnpj":"56930811000146","razaoSocial":"LABORATÓRIO FARMACÊUTICO CARESSE LTDA ME","numeroAutorizacao":null,"cnpjFormatado":"56.930.811/0001-46"},"processo":{"numero":"253510360690121","situacao":29,"numeroProcessoFormatado":"25351.036069/01-21"}},{"ordem":12,"produto":{"codigo":243730,"nome":"CURASEPT","numeroRegistro":"127580051","tipo":{"codigo":1,"descricao":null},"categoria":null,"situacaoRotulo":null,"dataVencimento":null,"mesAnoVencimento":"042018","dataVencimentoRegistro":"2018-04-01T00:00:00.000-0300","principioAtivo":null,"situacaoApresentacao":"Caduco/Cancelado","dataRegistro":"2003-04-24T00:00:00.000-0300","categoriaRegulatoria":{"codigo":8,"descricao":"Similar"},"medicamentoReferencia":null,"categoriaProduto":null,"tipoAutorizacao":"REGISTRADO","numeroRegistroFormatado":"127580051","mesAnoVencimentoFormatado":"04/2018","acancelar":false},"empresa":{"cnpj":"56930811000146","razaoSocial":"LABORATÓRIO FARMACÊUTICO CARESSE LTDA ME","numeroAutorizacao":null,"cnpjFormatado":"56.930.811/0001-46"},"processo":{"numero":"25351222098200275","situacao":20,"numeroProcessoFormatado":"25351.222098/2002-75"}},{"ordem":13,"produto":{"codigo":272061,"nome":"DERMICASP","numeroRegistro":"127580056","tipo":{"codigo":1,"descricao":null},"categoria":null,"situacaoRotulo":null,"dataVencimento":null,"mesAnoVencimento":"082018","dataVencimentoRegistro":"2018-08-01T00:00:00.000-0300","principioAtivo":null,"situacaoApresentacao":"Caduco/Cancelado","dataRegistro":"2003-08-04T00:00:00.000-0300","categoriaRegulatoria":{"codigo":8,"descricao":"Similar"},"medicamentoReferencia":null,"categoriaProduto":null,"tipoAutorizacao":"REGISTRADO","numeroRegistroFormatado":"127580056","mesAnoVencimentoFormatado":"08/2018","acancelar":false},"empresa":{"cnpj":"56930811000146","razaoSocial":"LABORATÓRIO FARMACÊUTICO CARESSE LTDA ME","numeroAutorizacao":null,"cnpjFormatado":"56.930.811/0001-46"},"processo":{"numero":"25351011501200313","situacao":20,"numeroProcessoFormatado":"25351.011501/2003-13"}},{"ordem":14,"produto":{"codigo":125882,"nome":"DERMICOSAN","numeroRegistro":"127580018","tipo":{"codigo":1,"descricao":null},"categoria":null,"situacaoRotulo":null,"dataVencimento":null,"mesAnoVencimento":"062007","dataVencimentoRegistro":"2007-06-01T00:00:00.000-0300","principioAtivo":null,"situacaoApresentacao":"Caduco/Cancelado","dataRegistro":"2002-06-05T00:00:00.000-0300","categoriaRegulatoria":{"codigo":8,"descricao":"Similar"},"medicamentoReferencia":null,"categoriaProduto":null,"tipoAutorizacao":"REGISTRADO","numeroRegistroFormatado":"127580018","mesAnoVencimentoFormatado":"06/2007","acancelar":false},"empresa":{"cnpj":"56930811000146","razaoSocial":"LABORATÓRIO FARMACÊUTICO CARESSE LTDA ME","numeroAutorizacao":null,"cnpjFormatado":"56.930.811/0001-46"},"processo":{"numero":"253510406900107","situacao":29,"numeroProcessoFormatado":"25351.040690/01-07"}},{"ordem":15,"produto":{"codigo":6859,"nome":"EPATOCAR","numeroRegistro":"127580004","tipo":{"codigo":1,"descricao":null},"categoria":null,"situacaoRotulo":null,"dataVencimento":null,"mesAnoVencimento":"012007","dataVencimentoRegistro":"2007-01-01T00:00:00.000-0300","principioAtivo":null,"situacaoApresentacao":"Caduco/Cancelado","dataRegistro":"2002-01-21T00:00:00.000-0200","categoriaRegulatoria":{"codigo":4,"descricao":"Fitoterápico"},"medicamentoReferencia":null,"categoriaProduto":null,"tipoAutorizacao":"REGISTRADO","numeroRegistroFormatado":"127580004","mesAnoVencimentoFormatado":"01/2007","acancelar":false},"empresa":{"cnpj":"56930811000146","razaoSocial":"LABORATÓRIO FARMACÊUTICO CARESSE LTDA ME","numeroAutorizacao":null,"cnpjFormatado":"56.930.811/0001-46"},"processo":{"numero":"250000181609516","situacao":29,"numeroProcessoFormatado":"25000.018160/95-16"}},{"ordem":16,"produto":{"codigo":144426,"nome":"ESBELIN","numeroRegistro":"127580046","tipo":{"codigo":1,"descricao":null},"categoria":null,"situacaoRotulo":null,"dataVencimento":null,"mesAnoVencimento":"032007","dataVencimentoRegistro":"2007-03-01T00:00:00.000-0300","principioAtivo":null,"situacaoApresentacao":"Caduco/Cancelado","dataRegistro":"2003-02-14T00:00:00.000-0300","categoriaRegulatoria":{"codigo":4,"descricao":"Fitoterápico"},"medicamentoReferencia":null,"categoriaProduto":null,"tipoAutorizacao":"REGISTRADO","numeroRegistroFormatado":"127580046","mesAnoVencimentoFormatado":"03/2007","acancelar":false},"empresa":{"cnpj":"56930811000146","razaoSocial":"LABORATÓRIO FARMACÊUTICO CARESSE LTDA ME","numeroAutorizacao":null,"cnpjFormatado":"56.930.811/0001-46"},"processo":{"numero":"25351200110200291","situacao":29,"numeroProcessoFormatado":"25351.200110/2002-91"}},{"ordem":17,"produto":{"codigo":566607,"nome":"EXPECTOLIV","numeroRegistro":"127580068","tipo":{"codigo":1,"descricao":null},"categoria":null,"situacaoRotulo":null,"dataVencimento":null,"mesAnoVencimento":"062015","dataVencimentoRegistro":"2015-06-01T00:00:00.000-0300","principioAtivo":null,"situacaoApresentacao":"Caduco/Cancelado","dataRegistro":"2010-06-14T00:00:00.000-0300","categoriaRegulatoria":{"codigo":8,"descricao":"Similar"},"medicamentoReferencia":null,"categoriaProduto":null,"tipoAutorizacao":"REGISTRADO","numeroRegistroFormatado":"127580068","mesAnoVencimentoFormatado":"06/2015","acancelar":false},"empresa":{"cnpj":"56930811000146","razaoSocial":"LABORATÓRIO FARMACÊUTICO CARESSE LTDA ME","numeroAutorizacao":null,"cnpjFormatado":"56.930.811/0001-46"},"processo":{"numero":"25351057996200831","situacao":29,"numeroProcessoFormatado":"25351.057996/2008-31"}},{"ordem":18,"produto":{"codigo":135710,"nome":"FEMITEX","numeroRegistro":"127580029","tipo":{"codigo":1,"descricao":null},"categoria":null,"situacaoRotulo":null,"dataVencimento":null,"mesAnoVencimento":"102007","dataVencimentoRegistro":"2007-10-01T00:00:00.000-0300","principioAtivo":null,"situacaoApresentacao":"Caduco/Cancelado","dataRegistro":"2002-10-10T00:00:00.000-0300","categoriaRegulatoria":{"codigo":4,"descricao":"Fitoterápico"},"medicamentoReferencia":null,"categoriaProduto":null,"tipoAutorizacao":"REGISTRADO","numeroRegistroFormatado":"127580029","mesAnoVencimentoFormatado":"10/2007","acancelar":false},"empresa":{"cnpj":"56930811000146","razaoSocial":"LABORATÓRIO FARMACÊUTICO CARESSE LTDA ME","numeroAutorizacao":null,"cnpjFormatado":"56.930.811/0001-46"},"processo":{"numero":"25351173865200213","situacao":29,"numeroProcessoFormatado":"25351.173865/2002-13"}},{"ordem":19,"produto":{"codigo":146144,"nome":"FISIOSORO NASAL","numeroRegistro":"127580036","tipo":{"codigo":1,"descricao":null},"categoria":null,"situacaoRotulo":null,"dataVencimento":null,"mesAnoVencimento":"012018","dataVencimentoRegistro":"2018-01-01T00:00:00.000-0300","principioAtivo":null,"situacaoApresentacao":"Caduco/Cancelado","dataRegistro":"2003-01-22T00:00:00.000-0300","categoriaRegulatoria":{"codigo":8,"descricao":"Similar"},"medicamentoReferencia":null,"categoriaProduto":null,"tipoAutorizacao":"REGISTRADO","numeroRegistroFormatado":"127580036","mesAnoVencimentoFormatado":"01/2018","acancelar":false},"empresa":{"cnpj":"56930811000146","razaoSocial":"LABORATÓRIO FARMACÊUTICO CARESSE LTDA ME","numeroAutorizacao":null,"cnpjFormatado":"56.930.811/0001-46"},"processo":{"numero":"25351179010200298","situacao":29,"numeroProcessoFormatado":"25351.179010/2002-98"}},{"ordem":20,"produto":{"codigo":275119,"nome":"FISIOSORO NASAL INFANTIL","numeroRegistro":"127580057","tipo":{"codigo":1,"descricao":null},"categoria":null,"situacaoRotulo":null,"dataVencimento":null,"mesAnoVencimento":"082013","dataVencimentoRegistro":"2013-08-01T00:00:00.000-0300","principioAtivo":null,"situacaoApresentacao":"Caduco/Cancelado","dataRegistro":"2003-08-11T00:00:00.000-0300","categoriaRegulatoria":{"codigo":8,"descricao":"Similar"},"medicamentoReferencia":null,"categoriaProduto":null,"tipoAutorizacao":"REGISTRADO","numeroRegistroFormatado":"127580057","mesAnoVencimentoFormatado":"08/2013","acancelar":false},"empresa":{"cnpj":"56930811000146","razaoSocial":"LABORATÓRIO FARMACÊUTICO CARESSE LTDA ME","numeroAutorizacao":null,"cnpjFormatado":"56.930.811/0001-46"},"processo":{"numero":"25351221268200202","situacao":20,"numeroProcessoFormatado":"25351.221268/2002-02"}},{"ordem":21,"produto":{"codigo":272039,"nome":"FLOGOSEPT","numeroRegistro":"127580055","tipo":{"codigo":1,"descricao":null},"categoria":null,"situacaoRotulo":null,"dataVencimento":null,"mesAnoVencimento":"072018","dataVencimentoRegistro":"2018-07-01T00:00:00.000-0300","principioAtivo":null,"situacaoApresentacao":"Caduco/Cancelado","dataRegistro":"2003-06-27T00:00:00.000-0300","categoriaRegulatoria":{"codigo":8,"descricao":"Similar"},"medicamentoReferencia":null,"categoriaProduto":null,"tipoAutorizacao":"REGISTRADO","numeroRegistroFormatado":"127580055","mesAnoVencimentoFormatado":"07/2018","acancelar":false},"empresa":{"cnpj":"56930811000146","razaoSocial":"LABORATÓRIO FARMACÊUTICO CARESSE LTDA ME","numeroAutorizacao":null,"cnpjFormatado":"56.930.811/0001-46"},"processo":{"numero":"25351011495200302","situacao":20,"numeroProcessoFormatado":"25351.011495/2003-02"}},{"ordem":22,"produto":{"codigo":68344,"nome":"FRUTOSSE","numeroRegistro":"127580008","tipo":{"codigo":1,"descricao":null},"categoria":null,"situacaoRotulo":null,"dataVencimento":null,"mesAnoVencimento":"032007","dataVencimentoRegistro":"2007-03-01T00:00:00.000-0300","principioAtivo":null,"situacaoApresentacao":"Caduco/Cancelado","dataRegistro":"2002-03-21T00:00:00.000-0300","categoriaRegulatoria":{"codigo":8,"descricao":"Similar"},"medicamentoReferencia":null,"categoriaProduto":null,"tipoAutorizacao":"REGISTRADO","numeroRegistroFormatado":"127580008","mesAnoVencimentoFormatado":"03/2007","acancelar":false},"empresa":{"cnpj":"56930811000146","razaoSocial":"LABORATÓRIO FARMACÊUTICO CARESSE LTDA ME","numeroAutorizacao":null,"cnpjFormatado":"56.930.811/0001-46"},"processo":{"numero":"253510166320136","situacao":29,"numeroProcessoFormatado":"25351.016632/01-36"}},{"ordem":23,"produto":{"codigo":545065,"nome":"FRUTOSSE","numeroRegistro":"127580062","tipo":{"codigo":1,"descricao":null},"categoria":null,"situacaoRotulo":null,"dataVencimento":null,"mesAnoVencimento":"122017","dataVencimentoRegistro":"2017-12-01T00:00:00.000-0300","principioAtivo":null,"situacaoApresentacao":"Caduco/Cancelado","dataRegistro":"2007-12-17T00:00:00.000-0300","categoriaRegulatoria":{"codigo":8,"descricao":"Similar"},"medicamentoReferencia":null,"categoriaProduto":null,"tipoAutorizacao":"REGISTRADO","numeroRegistroFormatado":"127580062","mesAnoVencimentoFormatado":"12/2017","acancelar":false},"empresa":{"cnpj":"56930811000146","razaoSocial":"LABORATÓRIO FARMACÊUTICO CARESSE LTDA ME","numeroAutorizacao":null,"cnpjFormatado":"56.930.811/0001-46"},"processo":{"numero":"25351332255200764","situacao":29,"numeroProcessoFormatado":"25351.332255/2007-64"}},{"ordem":24,"produto":{"codigo":68425,"nome":"GARGOTRICIN","numeroRegistro":"127580007","tipo":{"codigo":1,"descricao":null},"categoria":null,"situacaoRotulo":null,"dataVencimento":null,"mesAnoVencimento":"032007","dataVencimentoRegistro":"2007-03-01T00:00:00.000-0300","principioAtivo":null,"situacaoApresentacao":"Caduco/Cancelado","dataRegistro":"2002-03-19T00:00:00.000-0300","categoriaRegulatoria":{"codigo":8,"descricao":"Similar"},"medicamentoReferencia":null,"categoriaProduto":null,"tipoAutorizacao":"REGISTRADO","numeroRegistroFormatado":"127580007","mesAnoVencimentoFormatado":"03/2007","acancelar":false},"empresa":{"cnpj":"56930811000146","razaoSocial":"LABORATÓRIO FARMACÊUTICO CARESSE LTDA ME","numeroAutorizacao":null,"cnpjFormatado":"56.930.811/0001-46"},"processo":{"numero":"253510166270104","situacao":29,"numeroProcessoFormatado":"25351.016627/01-04"}},{"ordem":25,"produto":{"codigo":612271,"nome":"GARGOTRICIN","numeroRegistro":"127580067","tipo":{"codigo":1,"descricao":null},"categoria":null,"situacaoRotulo":null,"dataVencimento":null,"mesAnoVencimento":"102014","dataVencimentoRegistro":"2014-10-01T00:00:00.000-0300","principioAtivo":null,"situacaoApresentacao":"Caduco/Cancelado","dataRegistro":"2009-10-05T00:00:00.000-0300","categoriaRegulatoria":{"codigo":8,"descricao":"Similar"},"medicamentoReferencia":null,"categoriaProduto":null,"tipoAutorizacao":"REGISTRADO","numeroRegistroFormatado":"127580067","mesAnoVencimentoFormatado":"10/2014","acancelar":false},"empresa":{"cnpj":"56930811000146","razaoSocial":"LABORATÓRIO FARMACÊUTICO CARESSE LTDA ME","numeroAutorizacao":null,"cnpjFormatado":"56.930.811/0001-46"},"processo":{"numero":"25351604622200818","situacao":29,"numeroProcessoFormatado":"25351.604622/2008-18"}},{"ordem":26,"produto":{"codigo":141035,"nome":"GELOFUT","numeroRegistro":"127580023","tipo":{"codigo":1,"descricao":null},"categoria":null,"situacaoRotulo":null,"dataVencimento":null,"mesAnoVencimento":"082007","dataVencimentoRegistro":"2007-08-01T00:00:00.000-0300","principioAtivo":null,"situacaoApresentacao":"Caduco/Cancelado","dataRegistro":"2002-09-02T00:00:00.000-0300","categoriaRegulatoria":{"codigo":8,"descricao":"Similar"},"medicamentoReferencia":null,"categoriaProduto":null,"tipoAutorizacao":"REGISTRADO","numeroRegistroFormatado":"127580023","mesAnoVencimentoFormatado":"08/2007","acancelar":false},"empresa":{"cnpj":"56930811000146","razaoSocial":"LABORATÓRIO FARMACÊUTICO CARESSE LTDA ME","numeroAutorizacao":null,"cnpjFormatado":"56.930.811/0001-46"},"processo":{"numero":"253510406890110","situacao":29,"numeroProcessoFormatado":"25351.040689/01-10"}},{"ordem":27,"produto":{"codigo":548087,"nome":"GELOFUT","numeroRegistro":"127580064","tipo":{"codigo":1,"descricao":null},"categoria":null,"situacaoRotulo":null,"dataVencimento":null,"mesAnoVencimento":"072018","dataVencimentoRegistro":"2018-07-01T00:00:00.000-0300","principioAtivo":null,"situacaoApresentacao":"Caduco/Cancelado","dataRegistro":"2008-07-28T00:00:00.000-0300","categoriaRegulatoria":{"codigo":8,"descricao":"Similar"},"medicamentoReferencia":null,"categoriaProduto":null,"tipoAutorizacao":"REGISTRADO","numeroRegistroFormatado":"127580064","mesAnoVencimentoFormatado":"07/2018","acancelar":false},"empresa":{"cnpj":"56930811000146","razaoSocial":"LABORATÓRIO FARMACÊUTICO CARESSE LTDA ME","numeroAutorizacao":null,"cnpjFormatado":"56.930.811/0001-46"},"processo":{"numero":"25351373571200796","situacao":29,"numeroProcessoFormatado":"25351.373571/2007-96"}},{"ordem":28,"produto":{"codigo":138696,"nome":"GINKOLOBA","numeroRegistro":"127580024","tipo":{"codigo":1,"descricao":null},"categoria":null,"situacaoRotulo":null,"dataVencimento":null,"mesAnoVencimento":"092007","dataVencimentoRegistro":"2007-09-01T00:00:00.000-0300","principioAtivo":null,"situacaoApresentacao":"Caduco/Cancelado","dataRegistro":"2002-09-18T00:00:00.000-0300","categoriaRegulatoria":{"codigo":4,"descricao":"Fitoterápico"},"medicamentoReferencia":null,"categoriaProduto":null,"tipoAutorizacao":"REGISTRADO","numeroRegistroFormatado":"127580024","mesAnoVencimentoFormatado":"09/2007","acancelar":false},"empresa":{"cnpj":"56930811000146","razaoSocial":"LABORATÓRIO FARMACÊUTICO CARESSE LTDA ME","numeroAutorizacao":null,"cnpjFormatado":"56.930.811/0001-46"},"processo":{"numero":"25351171556200209","situacao":29,"numeroProcessoFormatado":"25351.171556/2002-09"}},{"ordem":29,"produto":{"codigo":145705,"nome":"GUARANAX","numeroRegistro":"127580047","tipo":{"codigo":1,"descricao":null},"categoria":null,"situacaoRotulo":null,"dataVencimento":null,"mesAnoVencimento":"032007","dataVencimentoRegistro":"2007-03-01T00:00:00.000-0300","principioAtivo":null,"situacaoApresentacao":"Caduco/Cancelado","dataRegistro":"2003-02-26T00:00:00.000-0300","categoriaRegulatoria":{"codigo":4,"descricao":"Fitoterápico"},"medicamentoReferencia":null,"categoriaProduto":null,"tipoAutorizacao":"REGISTRADO","numeroRegistroFormatado":"127580047","mesAnoVencimentoFormatado":"03/2007","acancelar":false},"empresa":{"cnpj":"56930811000146","razaoSocial":"LABORATÓRIO FARMACÊUTICO CARESSE LTDA ME","numeroAutorizacao":null,"cnpjFormatado":"56.930.811/0001-46"},"processo":{"numero":"25351206535200211","situacao":29,"numeroProcessoFormatado":"25351.206535/2002-11"}},{"ordem":30,"produto":{"codigo":165177,"nome":"GUARANAÇA","numeroRegistro":"127580033","tipo":{"codigo":1,"descricao":null},"categoria":null,"situacaoRotulo":null,"dataVencimento":null,"mesAnoVencimento":"112007","dataVencimentoRegistro":"2007-11-01T00:00:00.000-0300","principioAtivo":null,"situacaoApresentacao":"Caduco/Cancelado","dataRegistro":"2002-11-13T00:00:00.000-0300","categoriaRegulatoria":{"codigo":4,"descricao":"Fitoterápico"},"medicamentoReferencia":null,"categoriaProduto":null,"tipoAutorizacao":"REGISTRADO","numeroRegistroFormatado":"127580033","mesAnoVencimentoFormatado":"11/2007","acancelar":false},"empresa":{"cnpj":"56930811000146","razaoSocial":"LABORATÓRIO FARMACÊUTICO CARESSE LTDA ME","numeroAutorizacao":null,"cnpjFormatado":"56.930.811/0001-46"},"processo":{"numero":"253510406880157","situacao":29,"numeroProcessoFormatado":"25351.040688/01-57"}},{"ordem":31,"produto":{"codigo":542675,"nome":"GUARANÁ CARESSE","numeroRegistro":"127580063","tipo":{"codigo":1,"descricao":null},"categoria":null,"situacaoRotulo":null,"dataVencimento":null,"mesAnoVencimento":"072013","dataVencimentoRegistro":"2013-07-01T00:00:00.000-0300","principioAtivo":null,"situacaoApresentacao":"Caduco/Cancelado","dataRegistro":"2008-05-26T00:00:00.000-0300","categoriaRegulatoria":{"codigo":4,"descricao":"Fitoterápico"},"medicamentoReferencia":null,"categoriaProduto":null,"tipoAutorizacao":"REGISTRADO","numeroRegistroFormatado":"127580063","mesAnoVencimentoFormatado":"07/2013","acancelar":false},"empresa":{"cnpj":"56930811000146","razaoSocial":"LABORATÓRIO FARMACÊUTICO CARESSE LTDA ME","numeroAutorizacao":null,"cnpjFormatado":"56.930.811/0001-46"},"processo":{"numero":"25351410314200742","situacao":31,"numeroProcessoFormatado":"25351.410314/2007-42"}},{"ordem":32,"produto":{"codigo":145680,"nome":"HYPERSONIL","numeroRegistro":"127580048","tipo":{"codigo":1,"descricao":null},"categoria":null,"situacaoRotulo":null,"dataVencimento":null,"mesAnoVencimento":"032007","dataVencimentoRegistro":"2007-03-01T00:00:00.000-0300","principioAtivo":null,"situacaoApresentacao":"Caduco/Cancelado","dataRegistro":"2003-02-26T00:00:00.000-0300","categoriaRegulatoria":{"codigo":4,"descricao":"Fitoterápico"},"medicamentoReferencia":null,"categoriaProduto":null,"tipoAutorizacao":"REGISTRADO","numeroRegistroFormatado":"127580048","mesAnoVencimentoFormatado":"03/2007","acancelar":false},"empresa":{"cnpj":"56930811000146","razaoSocial":"LABORATÓRIO FARMACÊUTICO CARESSE LTDA ME","numeroAutorizacao":null,"cnpjFormatado":"56.930.811/0001-46"},"processo":{"numero":"25351206540200216","situacao":29,"numeroProcessoFormatado":"25351.206540/2002-16"}},{"ordem":33,"produto":{"codigo":278929,"nome":"IODOCARRES","numeroRegistro":"127580053","tipo":{"codigo":1,"descricao":null},"categoria":null,"situacaoRotulo":null,"dataVencimento":null,"mesAnoVencimento":"072007","dataVencimentoRegistro":"2007-07-01T00:00:00.000-0300","principioAtivo":null,"situacaoApresentacao":"Caduco/Cancelado","dataRegistro":"2003-06-25T00:00:00.000-0300","categoriaRegulatoria":{"codigo":8,"descricao":"Similar"},"medicamentoReferencia":null,"categoriaProduto":null,"tipoAutorizacao":"REGISTRADO","numeroRegistroFormatado":"127580053","mesAnoVencimentoFormatado":"07/2007","acancelar":false},"empresa":{"cnpj":"56930811000146","razaoSocial":"LABORATÓRIO FARMACÊUTICO CARESSE LTDA ME","numeroAutorizacao":null,"cnpjFormatado":"56.930.811/0001-46"},"processo":{"numero":"25351012350200311","situacao":29,"numeroProcessoFormatado":"25351.012350/2003-11"}},{"ordem":34,"produto":{"codigo":145927,"nome":"KALOCAR","numeroRegistro":"127580034","tipo":{"codigo":1,"descricao":null},"categoria":null,"situacaoRotulo":null,"dataVencimento":null,"mesAnoVencimento":"112007","dataVencimentoRegistro":"2007-11-01T00:00:00.000-0300","principioAtivo":null,"situacaoApresentacao":"Caduco/Cancelado","dataRegistro":"2002-12-09T00:00:00.000-0300","categoriaRegulatoria":{"codigo":8,"descricao":"Similar"},"medicamentoReferencia":null,"categoriaProduto":null,"tipoAutorizacao":"REGISTRADO","numeroRegistroFormatado":"127580034","mesAnoVencimentoFormatado":"11/2007","acancelar":false},"empresa":{"cnpj":"56930811000146","razaoSocial":"LABORATÓRIO FARMACÊUTICO CARESSE LTDA ME","numeroAutorizacao":null,"cnpjFormatado":"56.930.811/0001-46"},"processo":{"numero":"25351194206200211","situacao":29,"numeroProcessoFormatado":"25351.194206/2002-11"}},{"ordem":35,"produto":{"codigo":125526,"nome":"LUFTCONA","numeroRegistro":"127580013","tipo":{"codigo":1,"descricao":null},"categoria":null,"situacaoRotulo":null,"dataVencimento":null,"mesAnoVencimento":"042017","dataVencimentoRegistro":"2017-04-01T00:00:00.000-0300","principioAtivo":null,"situacaoApresentacao":"Caduco/Cancelado","dataRegistro":"2002-04-11T00:00:00.000-0300","categoriaRegulatoria":{"codigo":8,"descricao":"Similar"},"medicamentoReferencia":null,"categoriaProduto":null,"tipoAutorizacao":"REGISTRADO","numeroRegistroFormatado":"127580013","mesAnoVencimentoFormatado":"04/2017","acancelar":false},"empresa":{"cnpj":"56930811000146","razaoSocial":"LABORATÓRIO FARMACÊUTICO CARESSE LTDA ME","numeroAutorizacao":null,"cnpjFormatado":"56.930.811/0001-46"},"processo":{"numero":"253510216360136","situacao":29,"numeroProcessoFormatado":"25351.021636/01-36"}},{"ordem":36,"produto":{"codigo":175255,"nome":"OTTONON","numeroRegistro":"127580052","tipo":{"codigo":1,"descricao":null},"categoria":null,"situacaoRotulo":null,"dataVencimento":null,"mesAnoVencimento":"052007","dataVencimentoRegistro":"2007-05-01T00:00:00.000-0300","principioAtivo":null,"situacaoApresentacao":"Caduco/Cancelado","dataRegistro":"2003-05-13T00:00:00.000-0300","categoriaRegulatoria":{"codigo":8,"descricao":"Similar"},"medicamentoReferencia":null,"categoriaProduto":null,"tipoAutorizacao":"REGISTRADO","numeroRegistroFormatado":"127580052","mesAnoVencimentoFormatado":"05/2007","acancelar":false},"empresa":{"cnpj":"56930811000146","razaoSocial":"LABORATÓRIO FARMACÊUTICO CARESSE LTDA ME","numeroAutorizacao":null,"cnpjFormatado":"56.930.811/0001-46"},"processo":{"numero":"25351003808200341","situacao":29,"numeroProcessoFormatado":"25351.003808/2003-41"}},{"ordem":37,"produto":{"codigo":6738,"nome":"PAULINIA CUPANA","numeroRegistro":"127580003","tipo":{"codigo":1,"descricao":null},"categoria":null,"situacaoRotulo":null,"dataVencimento":null,"mesAnoVencimento":"122006","dataVencimentoRegistro":"2006-12-01T00:00:00.000-0300","principioAtivo":null,"situacaoApresentacao":"Caduco/Cancelado","dataRegistro":"2002-01-02T00:00:00.000-0200","categoriaRegulatoria":{"codigo":4,"descricao":"Fitoterápico"},"medicamentoReferencia":null,"categoriaProduto":null,"tipoAutorizacao":"REGISTRADO","numeroRegistroFormatado":"127580003","mesAnoVencimentoFormatado":"12/2006","acancelar":false},"empresa":{"cnpj":"56930811000146","razaoSocial":"LABORATÓRIO FARMACÊUTICO CARESSE LTDA ME","numeroAutorizacao":null,"cnpjFormatado":"56.930.811/0001-46"},"processo":{"numero":"253510149190131","situacao":29,"numeroProcessoFormatado":"25351.014919/01-31"}},{"ordem":38,"produto":{"codigo":68408,"nome":"PERMETRINA","numeroRegistro":"127580009","tipo":{"codigo":1,"descricao":null},"categoria":null,"situacaoRotulo":null,"dataVencimento":null,"mesAnoVencimento":"032007","dataVencimentoRegistro":"2007-03-01T00:00:00.000-0300","principioAtivo":null,"situacaoApresentacao":"Caduco/Cancelado","dataRegistro":"2002-03-21T00:00:00.000-0300","categoriaRegulatoria":{"codigo":8,"descricao":"Similar"},"medicamentoReferencia":null,"categoriaProduto":null,"tipoAutorizacao":"REGISTRADO","numeroRegistroFormatado":"127580009","mesAnoVencimentoFormatado":"03/2007","acancelar":false},"empresa":{"cnpj":"56930811000146","razaoSocial":"LABORATÓRIO FARMACÊUTICO CARESSE LTDA ME","numeroAutorizacao":null,"cnpjFormatado":"56.930.811/0001-46"},"processo":{"numero":"253510209840187","situacao":29,"numeroProcessoFormatado":"25351.020984/01-87"}},{"ordem":39,"produto":{"codigo":68366,"nome":"PHYTOCHOFRA","numeroRegistro":"127580006","tipo":{"codigo":1,"descricao":null},"categoria":null,"situacaoRotulo":null,"dataVencimento":null,"mesAnoVencimento":"032007","dataVencimentoRegistro":"2007-03-01T00:00:00.000-0300","principioAtivo":null,"situacaoApresentacao":"Caduco/Cancelado","dataRegistro":"2002-03-18T00:00:00.000-0300","categoriaRegulatoria":{"codigo":4,"descricao":"Fitoterápico"},"medicamentoReferencia":null,"categoriaProduto":null,"tipoAutorizacao":"REGISTRADO","numeroRegistroFormatado":"127580006","mesAnoVencimentoFormatado":"03/2007","acancelar":false},"empresa":{"cnpj":"56930811000146","razaoSocial":"LABORATÓRIO FARMACÊUTICO CARESSE LTDA ME","numeroAutorizacao":null,"cnpjFormatado":"56.930.811/0001-46"},"processo":{"numero":"253510263760102","situacao":29,"numeroProcessoFormatado":"25351.026376/01-02"}},{"ordem":40,"produto":{"codigo":1522,"nome":"PHYTOSENE","numeroRegistro":"127580002","tipo":{"codigo":1,"descricao":null},"categoria":null,"situacaoRotulo":null,"dataVencimento":null,"mesAnoVencimento":"092006","dataVencimentoRegistro":"2006-09-01T00:00:00.000-0300","principioAtivo":null,"situacaoApresentacao":"Caduco/Cancelado","dataRegistro":"2001-09-14T00:00:00.000-0300","categoriaRegulatoria":{"codigo":4,"descricao":"Fitoterápico"},"medicamentoReferencia":null,"categoriaProduto":null,"tipoAutorizacao":"REGISTRADO","numeroRegistroFormatado":"127580002","mesAnoVencimentoFormatado":"09/2006","acancelar":false},"empresa":{"cnpj":"56930811000146","razaoSocial":"LABORATÓRIO FARMACÊUTICO CARESSE LTDA ME","numeroAutorizacao":null,"cnpjFormatado":"56.930.811/0001-46"},"processo":{"numero":"250000360369731","situacao":29,"numeroProcessoFormatado":"25000.036036/97-31"}},{"ordem":41,"produto":{"codigo":173604,"nome":"PROTENSOL","numeroRegistro":"127580049","tipo":{"codigo":1,"descricao":null},"categoria":null,"situacaoRotulo":null,"dataVencimento":null,"mesAnoVencimento":"032008","dataVencimentoRegistro":"2008-03-01T00:00:00.000-0300","principioAtivo":null,"situacaoApresentacao":"Caduco/Cancelado","dataRegistro":"2003-03-19T00:00:00.000-0300","categoriaRegulatoria":{"codigo":8,"descricao":"Similar"},"medicamentoReferencia":null,"categoriaProduto":null,"tipoAutorizacao":"REGISTRADO","numeroRegistroFormatado":"127580049","mesAnoVencimentoFormatado":"03/2008","acancelar":false},"empresa":{"cnpj":"56930811000146","razaoSocial":"LABORATÓRIO FARMACÊUTICO CARESSE LTDA ME","numeroAutorizacao":null,"cnpjFormatado":"56.930.811/0001-46"},"processo":{"numero":"25351206538200247","situacao":29,"numeroProcessoFormatado":"25351.206538/2002-47"}},{"ordem":42,"produto":{"codigo":68406,"nome":"RESFETAMOL","numeroRegistro":"127580010","tipo":{"codigo":1,"descricao":null},"categoria":null,"situacaoRotulo":null,"dataVencimento":null,"mesAnoVencimento":"032007","dataVencimentoRegistro":"2007-03-01T00:00:00.000-0300","principioAtivo":null,"situacaoApresentacao":"Caduco/Cancelado","dataRegistro":"2002-03-21T00:00:00.000-0300","categoriaRegulatoria":{"codigo":8,"descricao":"Similar"},"medicamentoReferencia":null,"categoriaProduto":null,"tipoAutorizacao":"REGISTRADO","numeroRegistroFormatado":"127580010","mesAnoVencimentoFormatado":"03/2007","acancelar":false},"empresa":{"cnpj":"56930811000146","razaoSocial":"LABORATÓRIO FARMACÊUTICO CARESSE LTDA ME","numeroAutorizacao":null,"cnpjFormatado":"56.930.811/0001-46"},"processo":{"numero":"253510166240116","situacao":29,"numeroProcessoFormatado":"25351.016624/01-16"}},{"ordem":43,"produto":{"codigo":577217,"nome":"RESFETAMOL","numeroRegistro":"127580065","tipo":{"codigo":1,"descricao":null},"categoria":null,"situacaoRotulo":null,"dataVencimento":null,"mesAnoVencimento":"082018","dataVencimentoRegistro":"2018-08-01T00:00:00.000-0300","principioAtivo":null,"situacaoApresentacao":"Caduco/Cancelado","dataRegistro":"2008-09-01T00:00:00.000-0300","categoriaRegulatoria":{"codigo":8,"descricao":"Similar"},"medicamentoReferencia":null,"categoriaProduto":null,"tipoAutorizacao":"REGISTRADO","numeroRegistroFormatado":"127580065","mesAnoVencimentoFormatado":"08/2018","acancelar":false},"empresa":{"cnpj":"56930811000146","razaoSocial":"LABORATÓRIO FARMACÊUTICO CARESSE LTDA ME","numeroAutorizacao":null,"cnpjFormatado":"56.930.811/0001-46"},"processo":{"numero":"25351220364200811","situacao":29,"numeroProcessoFormatado":"25351.220364/2008-11"}},{"ordem":44,"produto":{"codigo":137846,"nome":"SELEN HAIR OURO","numeroRegistro":"127580020","tipo":{"codigo":1,"descricao":null},"categoria":null,"situacaoRotulo":null,"dataVencimento":null,"mesAnoVencimento":"082017","dataVencimentoRegistro":"2017-08-01T00:00:00.000-0300","principioAtivo":null,"situacaoApresentacao":"Caduco/Cancelado","dataRegistro":"2002-08-02T00:00:00.000-0300","categoriaRegulatoria":{"codigo":8,"descricao":"Similar"},"medicamentoReferencia":null,"categoriaProduto":null,"tipoAutorizacao":"REGISTRADO","numeroRegistroFormatado":"127580020","mesAnoVencimentoFormatado":"08/2017","acancelar":false},"empresa":{"cnpj":"56930811000146","razaoSocial":"LABORATÓRIO FARMACÊUTICO CARESSE LTDA ME","numeroAutorizacao":null,"cnpjFormatado":"56.930.811/0001-46"},"processo":{"numero":"253510406910161","situacao":29,"numeroProcessoFormatado":"25351.040691/01-61"}},{"ordem":45,"produto":{"codigo":175473,"nome":"TRAUMAFLAM","numeroRegistro":"127580060","tipo":{"codigo":1,"descricao":null},"categoria":null,"situacaoRotulo":null,"dataVencimento":null,"mesAnoVencimento":"102018","dataVencimentoRegistro":"2018-10-01T00:00:00.000-0300","principioAtivo":null,"situacaoApresentacao":"Caduco/Cancelado","dataRegistro":"2003-10-20T00:00:00.000-0300","categoriaRegulatoria":{"codigo":8,"descricao":"Similar"},"medicamentoReferencia":null,"categoriaProduto":null,"tipoAutorizacao":"REGISTRADO","numeroRegistroFormatado":"127580060","mesAnoVencimentoFormatado":"10/2018","acancelar":false},"empresa":{"cnpj":"56930811000146","razaoSocial":"LABORATÓRIO FARMACÊUTICO CARESSE LTDA ME","numeroAutorizacao":null,"cnpjFormatado":"56.930.811/0001-46"},"processo":{"numero":"25351210331200277","situacao":29,"numeroProcessoFormatado":"25351.210331/2002-77"}},{"ordem":46,"produto":{"codigo":168072,"nome":"TYRAMOL","numeroRegistro":"127580043","tipo":{"codigo":1,"descricao":null},"categoria":null,"situacaoRotulo":null,"dataVencimento":null,"mesAnoVencimento":"012008","dataVencimentoRegistro":"2008-01-01T00:00:00.000-0300","principioAtivo":null,"situacaoApresentacao":"Caduco/Cancelado","dataRegistro":"2003-01-22T00:00:00.000-0300","categoriaRegulatoria":{"codigo":8,"descricao":"Similar"},"medicamentoReferencia":null,"categoriaProduto":null,"tipoAutorizacao":"REGISTRADO","numeroRegistroFormatado":"127580043","mesAnoVencimentoFormatado":"01/2008","acancelar":false},"empresa":{"cnpj":"56930811000146","razaoSocial":"LABORATÓRIO FARMACÊUTICO CARESSE LTDA ME","numeroAutorizacao":null,"cnpjFormatado":"56.930.811/0001-46"},"processo":{"numero":"25351179017200218","situacao":29,"numeroProcessoFormatado":"25351.179017/2002-18"}},{"ordem":47,"produto":{"codigo":134405,"nome":"VENAESCULUS","numeroRegistro":"127580028","tipo":{"codigo":1,"descricao":null},"categoria":null,"situacaoRotulo":null,"dataVencimento":null,"mesAnoVencimento":"012018","dataVencimentoRegistro":"2018-01-01T00:00:00.000-0300","principioAtivo":null,"situacaoApresentacao":"Caduco/Cancelado","dataRegistro":"2003-01-15T00:00:00.000-0300","categoriaRegulatoria":{"codigo":4,"descricao":"Fitoterápico"},"medicamentoReferencia":null,"categoriaProduto":null,"tipoAutorizacao":"REGISTRADO","numeroRegistroFormatado":"127580028","mesAnoVencimentoFormatado":"01/2018","acancelar":false},"empresa":{"cnpj":"56930811000146","razaoSocial":"LABORATÓRIO FARMACÊUTICO CARESSE LTDA ME","numeroAutorizacao":null,"cnpjFormatado":"56.930.811/0001-46"},"processo":{"numero":"25351168989200279","situacao":29,"numeroProcessoFormatado":"25351.168989/2002-79"}},{"ordem":48,"produto":{"codigo":640980,"nome":"alividerm","numeroRegistro":"127580066","tipo":{"codigo":1,"descricao":null},"categoria":null,"situacaoRotulo":null,"dataVencimento":null,"mesAnoVencimento":"082014","dataVencimentoRegistro":"2014-08-01T00:00:00.000-0300","principioAtivo":null,"situacaoApresentacao":"Caduco/Cancelado","dataRegistro":"2009-08-17T00:00:00.000-0300","categoriaRegulatoria":{"codigo":8,"descricao":"Similar"},"medicamentoReferencia":null,"categoriaProduto":null,"tipoAutorizacao":"REGISTRADO","numeroRegistroFormatado":"127580066","mesAnoVencimentoFormatado":"08/2014","acancelar":false},"empresa":{"cnpj":"56930811000146","razaoSocial":"LABORATÓRIO FARMACÊUTICO CARESSE LTDA ME","numeroAutorizacao":null,"cnpjFormatado":"56.930.811/0001-46"},"processo":{"numero":"25351696117200891","situacao":29,"numeroProcessoFormatado":"25351.696117/2008-91"}},{"ordem":49,"produto":{"codigo":274976,"nome":"carenvit","numeroRegistro":"127580058","tipo":{"codigo":1,"descricao":null},"categoria":null,"situacaoRotulo":null,"dataVencimento":null,"mesAnoVencimento":"092008","dataVencimentoRegistro":"2008-09-01T00:00:00.000-0300","principioAtivo":null,"situacaoApresentacao":"Caduco/Cancelado","dataRegistro":"2003-09-24T00:00:00.000-0300","categoriaRegulatoria":{"codigo":8,"descricao":"Similar"},"medicamentoReferencia":null,"categoriaProduto":null,"tipoAutorizacao":"REGISTRADO","numeroRegistroFormatado":"127580058","mesAnoVencimentoFormatado":"09/2008","acancelar":false},"empresa":{"cnpj":"56930811000146","razaoSocial":"LABORATÓRIO FARMACÊUTICO CARESSE LTDA ME","numeroAutorizacao":null,"cnpjFormatado":"56.930.811/0001-46"},"processo":{"numero":"25351214042200247","situacao":29,"numeroProcessoFormatado":"25351.214042/2002-47"}}],"totalPages":1,"totalElements":49,"last":true,"numberOfElements":49,"first":true,"sort":null,"size":1000,"number":0}