{"content":[{"ordem":1,"produto":{"codigo":152,"nome":"ADVANTAN","numeroRegistro":"100200086","tipo":{"codigo":1,"descricao":null},"categoria":null,"situacaoRotulo":null,"dataVencimento":null,"mesAnoVencimento":"042013","dataVencimentoRegistro":"2013-04-01T00:00:00.000-0300","principioAtivo":null,"situacaoApresentacao":"Caduco/Cancelado","dataRegistro":"1998-04-08T00:00:00.000-0300","categoriaRegulatoria":{"codigo":6,"descricao":"Novo"},"medicamentoReferencia":null,"categoriaProduto":null,"tipoAutorizacao":"REGISTRADO","acancelar":false,"mesAnoVencimentoFormatado":"04/2013","numeroRegistroFormatado":"100200086"},"empresa":{"cnpj":"56990534000167","razaoSocial":"UNIAO QUIMICA INTERNACIONAL LTDA","numeroAutorizacao":"1000208","cnpjFormatado":"56.990.534/0001-67"},"processo":{"numero":"250000366859713","situacao":29,"numeroProcessoFormatado":"25000.036685/97-13"}},{"ordem":2,"produto":{"codigo":137725,"nome":"ALDARA","numeroRegistro":"100200093","tipo":{"codigo":1,"descricao":null},"categoria":null,"situacaoRotulo":null,"dataVencimento":null,"mesAnoVencimento":"082007","dataVencimentoRegistro":"2007-08-01T00:00:00.000-0300","principioAtivo":null,"situacaoApresentacao":"Caduco/Cancelado","dataRegistro":"2002-08-26T00:00:00.000-0300","categoriaRegulatoria":{"codigo":6,"descricao":"Novo"},"medicamentoReferencia":null,"categoriaProduto":null,"tipoAutorizacao":"REGISTRADO","acancelar":false,"mesAnoVencimentoFormatado":"08/2007","numeroRegistroFormatado":"100200093"},"empresa":{"cnpj":"56990534000167","razaoSocial":"UNIAO QUIMICA INTERNACIONAL LTDA","numeroAutorizacao":"1000208","cnpjFormatado":"56.990.534/0001-67"},"processo":{"numero":"253510368890103","situacao":29,"numeroProcessoFormatado":"25351.036889/01-03"}},{"ordem":3,"produto":{"codigo":174063,"nome":"ANDROCUR","numeroRegistro":"100200002","tipo":{"codigo":1,"descricao":null},"categoria":null,"situacaoRotulo":null,"dataVencimento":null,"mesAnoVencimento":"022013","dataVencimentoRegistro":"2013-02-01T00:00:00.000-0300","principioAtivo":null,"situacaoApresentacao":"Caduco/Cancelado","dataRegistro":"2003-02-26T00:00:00.000-0300","categoriaRegulatoria":{"codigo":6,"descricao":"Novo"},"medicamentoReferencia":null,"categoriaProduto":null,"tipoAutorizacao":"REGISTRADO","acancelar":false,"mesAnoVencimentoFormatado":"02/2013","numeroRegistroFormatado":"100200002"},"empresa":{"cnpj":"56990534000167","razaoSocial":"UNIAO QUIMICA INTERNACIONAL LTDA","numeroAutorizacao":"1000208","cnpjFormatado":"56.990.534/0001-67"},"processo":{"numero":"2599202823476","situacao":29,"numeroProcessoFormatado":"25992.028234/76"}},{"ordem":4,"produto":{"codigo":334921,"nome":"ANGELIQ","numeroRegistro":"100200119","tipo":{"codigo":1,"descricao":null},"categoria":null,"situacaoRotulo":null,"dataVencimento":null,"mesAnoVencimento":"032010","dataVencimentoRegistro":"2010-03-01T00:00:00.000-0300","principioAtivo":null,"situacaoApresentacao":"Caduco/Cancelado","dataRegistro":"2005-03-14T00:00:00.000-0300","categoriaRegulatoria":{"codigo":6,"descricao":"Novo"},"medicamentoReferencia":null,"categoriaProduto":null,"tipoAutorizacao":"REGISTRADO","acancelar":false,"mesAnoVencimentoFormatado":"03/2010","numeroRegistroFormatado":"100200119"},"empresa":{"cnpj":"56990534000167","razaoSocial":"UNIAO QUIMICA INTERNACIONAL LTDA","numeroAutorizacao":"1000208","cnpjFormatado":"56.990.534/0001-67"},"processo":{"numero":"25351045098200326","situacao":29,"numeroProcessoFormatado":"25351.045098/2003-26"}},{"ordem":5,"produto":{"codigo":274787,"nome":"AVADEN","numeroRegistro":"100200111","tipo":{"codigo":1,"descricao":null},"categoria":null,"situacaoRotulo":null,"dataVencimento":null,"mesAnoVencimento":"012014","dataVencimentoRegistro":"2014-01-01T00:00:00.000-0300","principioAtivo":null,"situacaoApresentacao":"Caduco/Cancelado","dataRegistro":"2004-01-12T00:00:00.000-0300","categoriaRegulatoria":{"codigo":6,"descricao":"Novo"},"medicamentoReferencia":null,"categoriaProduto":null,"tipoAutorizacao":"REGISTRADO","acancelar":false,"mesAnoVencimentoFormatado":"01/2014","numeroRegistroFormatado":"100200111"},"empresa":{"cnpj":"56990534000167","razaoSocial":"UNIAO QUIMICA INTERNACIONAL LTDA","numeroAutorizacao":"1000208","cnpjFormatado":"56.990.534/0001-67"},"processo":{"numero":"25351189936200291","situacao":20,"numeroProcessoFormatado":"25351.189936/2002-91"}},{"ordem":6,"produto":{"codigo":137509,"nome":"AZELAN","numeroRegistro":"100200075","tipo":{"codigo":1,"descricao":null},"categoria":null,"situacaoRotulo":null,"dataVencimento":null,"mesAnoVencimento":"082012","dataVencimentoRegistro":"2012-08-01T00:00:00.000-0300","principioAtivo":null,"situacaoApresentacao":"Caduco/Cancelado","dataRegistro":"2002-08-15T00:00:00.000-0300","categoriaRegulatoria":{"codigo":8,"descricao":"Similar"},"medicamentoReferencia":null,"categoriaProduto":null,"tipoAutorizacao":"REGISTRADO","acancelar":false,"mesAnoVencimentoFormatado":"08/2012","numeroRegistroFormatado":"100200075"},"empresa":{"cnpj":"56990534000167","razaoSocial":"UNIAO QUIMICA INTERNACIONAL LTDA","numeroAutorizacao":"1000208","cnpjFormatado":"56.990.534/0001-67"},"processo":{"numero":"250000084619081","situacao":29,"numeroProcessoFormatado":"25000.008461/90-81"}},{"ordem":7,"produto":{"codigo":375930,"nome":"BERLISON","numeroRegistro":"100200010","tipo":{"codigo":1,"descricao":null},"categoria":null,"situacaoRotulo":null,"dataVencimento":null,"mesAnoVencimento":"082009","dataVencimentoRegistro":"2009-08-01T00:00:00.000-0300","principioAtivo":null,"situacaoApresentacao":"Caduco/Cancelado","dataRegistro":"1988-06-02T00:00:00.000-0300","categoriaRegulatoria":{"codigo":8,"descricao":"Similar"},"medicamentoReferencia":null,"categoriaProduto":null,"tipoAutorizacao":"REGISTRADO","acancelar":false,"mesAnoVencimentoFormatado":"08/2009","numeroRegistroFormatado":"100200010"},"empresa":{"cnpj":"56990534000167","razaoSocial":"UNIAO QUIMICA INTERNACIONAL LTDA","numeroAutorizacao":"1000208","cnpjFormatado":"56.990.534/0001-67"},"processo":{"numero":"2599201875474","situacao":29,"numeroProcessoFormatado":"25992.018754/74"}},{"ordem":8,"produto":{"codigo":4997,"nome":"BETAFERON","numeroRegistro":"100200080","tipo":{"codigo":1,"descricao":null},"categoria":null,"situacaoRotulo":null,"dataVencimento":null,"mesAnoVencimento":"032011","dataVencimentoRegistro":"2011-03-01T00:00:00.000-0300","principioAtivo":null,"situacaoApresentacao":"Caduco/Cancelado","dataRegistro":"1996-03-14T00:00:00.000-0300","categoriaRegulatoria":{"codigo":6,"descricao":"Novo"},"medicamentoReferencia":null,"categoriaProduto":null,"tipoAutorizacao":"REGISTRADO","acancelar":false,"mesAnoVencimentoFormatado":"03/2011","numeroRegistroFormatado":"100200080"},"empresa":{"cnpj":"56990534000167","razaoSocial":"UNIAO QUIMICA INTERNACIONAL LTDA","numeroAutorizacao":"1000208","cnpjFormatado":"56.990.534/0001-67"},"processo":{"numero":"250000045539641","situacao":29,"numeroProcessoFormatado":"25000.004553/96-41"}},{"ordem":9,"produto":{"codigo":748300,"nome":"BI-NERISONA","numeroRegistro":"100200011","tipo":{"codigo":1,"descricao":null},"categoria":null,"situacaoRotulo":null,"dataVencimento":null,"mesAnoVencimento":"022013","dataVencimentoRegistro":"2013-02-01T00:00:00.000-0300","principioAtivo":null,"situacaoApresentacao":"Caduco/Cancelado","dataRegistro":"1978-09-12T00:00:00.000-0300","categoriaRegulatoria":{"codigo":6,"descricao":"Novo"},"medicamentoReferencia":null,"categoriaProduto":null,"tipoAutorizacao":"REGISTRADO","acancelar":false,"mesAnoVencimentoFormatado":"02/2013","numeroRegistroFormatado":"100200011"},"empresa":{"cnpj":"56990534000167","razaoSocial":"UNIAO QUIMICA INTERNACIONAL LTDA","numeroAutorizacao":"1000208","cnpjFormatado":"56.990.534/0001-67"},"processo":{"numero":"2599203549376","situacao":29,"numeroProcessoFormatado":"25992.035493/76"}},{"ordem":10,"produto":{"codigo":2086,"nome":"BONEFOS","numeroRegistro":"100200088","tipo":{"codigo":1,"descricao":null},"categoria":null,"situacaoRotulo":null,"dataVencimento":null,"mesAnoVencimento":"072010","dataVencimentoRegistro":"2010-07-01T00:00:00.000-0300","principioAtivo":null,"situacaoApresentacao":"Caduco/Cancelado","dataRegistro":"2000-07-13T00:00:00.000-0300","categoriaRegulatoria":{"codigo":6,"descricao":"Novo"},"medicamentoReferencia":null,"categoriaProduto":null,"tipoAutorizacao":"REGISTRADO","acancelar":false,"mesAnoVencimentoFormatado":"07/2010","numeroRegistroFormatado":"100200088"},"empresa":{"cnpj":"56990534000167","razaoSocial":"UNIAO QUIMICA INTERNACIONAL LTDA","numeroAutorizacao":"1000208","cnpjFormatado":"56.990.534/0001-67"},"processo":{"numero":"250000553809945","situacao":29,"numeroProcessoFormatado":"25000.055380/99-45"}},{"ordem":11,"produto":{"codigo":413167,"nome":"CAMPATH","numeroRegistro":"100200125","tipo":{"codigo":1,"descricao":null},"categoria":null,"situacaoRotulo":null,"dataVencimento":null,"mesAnoVencimento":"042011","dataVencimentoRegistro":"2011-04-01T00:00:00.000-0300","principioAtivo":null,"situacaoApresentacao":"Caduco/Cancelado","dataRegistro":"2006-04-10T00:00:00.000-0300","categoriaRegulatoria":{"codigo":1,"descricao":"Biológico"},"medicamentoReferencia":null,"categoriaProduto":null,"tipoAutorizacao":"REGISTRADO","acancelar":false,"mesAnoVencimentoFormatado":"04/2011","numeroRegistroFormatado":"100200125"},"empresa":{"cnpj":"56990534000167","razaoSocial":"UNIAO QUIMICA INTERNACIONAL LTDA","numeroAutorizacao":"1000208","cnpjFormatado":"56.990.534/0001-67"},"processo":{"numero":"25351302342200444","situacao":29,"numeroProcessoFormatado":"25351.302342/2004-44"}},{"ordem":12,"produto":{"codigo":1146082,"nome":"CHARMELIE","numeroRegistro":"100200139","tipo":{"codigo":1,"descricao":null},"categoria":null,"situacaoRotulo":null,"dataVencimento":null,"mesAnoVencimento":"022022","dataVencimentoRegistro":"2022-02-01T00:00:00.000-0300","principioAtivo":null,"situacaoApresentacao":"Caduco/Cancelado","dataRegistro":"2017-02-06T00:00:00.000-0300","categoriaRegulatoria":{"codigo":null,"descricao":null},"medicamentoReferencia":null,"categoriaProduto":null,"tipoAutorizacao":"REGISTRADO","acancelar":false,"mesAnoVencimentoFormatado":"02/2022","numeroRegistroFormatado":"100200139"},"empresa":{"cnpj":"56990534000167","razaoSocial":"UNIAO QUIMICA INTERNACIONAL LTDA","numeroAutorizacao":"1000208","cnpjFormatado":"56.990.534/0001-67"},"processo":{"numero":"25351333426201352","situacao":29,"numeroProcessoFormatado":"25351.333426/2013-52"}},{"ordem":13,"produto":{"codigo":169816,"nome":"CICLOPRIMOGYNA","numeroRegistro":"100200014","tipo":{"codigo":1,"descricao":null},"categoria":null,"situacaoRotulo":null,"dataVencimento":null,"mesAnoVencimento":"032014","dataVencimentoRegistro":"2014-03-01T00:00:00.000-0300","principioAtivo":null,"situacaoApresentacao":"Caduco/Cancelado","dataRegistro":"2002-12-13T00:00:00.000-0300","categoriaRegulatoria":{"codigo":6,"descricao":"Novo"},"medicamentoReferencia":null,"categoriaProduto":null,"tipoAutorizacao":"REGISTRADO","acancelar":false,"mesAnoVencimentoFormatado":"03/2014","numeroRegistroFormatado":"100200014"},"empresa":{"cnpj":"56990534000167","razaoSocial":"UNIAO QUIMICA INTERNACIONAL LTDA","numeroAutorizacao":"1000208","cnpjFormatado":"56.990.534/0001-67"},"processo":{"numero":"2599201783973","situacao":29,"numeroProcessoFormatado":"25992.017839/73"}},{"ordem":14,"produto":{"codigo":3915,"nome":"CLIANE","numeroRegistro":"100200082","tipo":{"codigo":1,"descricao":null},"categoria":null,"situacaoRotulo":null,"dataVencimento":null,"mesAnoVencimento":"082011","dataVencimentoRegistro":"2011-08-01T00:00:00.000-0300","principioAtivo":null,"situacaoApresentacao":"Caduco/Cancelado","dataRegistro":"1996-08-08T00:00:00.000-0300","categoriaRegulatoria":{"codigo":6,"descricao":"Novo"},"medicamentoReferencia":null,"categoriaProduto":null,"tipoAutorizacao":"REGISTRADO","acancelar":false,"mesAnoVencimentoFormatado":"08/2011","numeroRegistroFormatado":"100200082"},"empresa":{"cnpj":"56990534000167","razaoSocial":"UNIAO QUIMICA INTERNACIONAL LTDA","numeroAutorizacao":"1000208","cnpjFormatado":"56.990.534/0001-67"},"processo":{"numero":"250000234239653","situacao":29,"numeroProcessoFormatado":"25000.023423/96-53"}},{"ordem":15,"produto":{"codigo":521879,"nome":"CLIMENE","numeroRegistro":"100200076","tipo":{"codigo":1,"descricao":null},"categoria":null,"situacaoRotulo":null,"dataVencimento":null,"mesAnoVencimento":"032014","dataVencimentoRegistro":"2014-03-01T00:00:00.000-0300","principioAtivo":null,"situacaoApresentacao":"Caduco/Cancelado","dataRegistro":"1994-03-23T00:00:00.000-0300","categoriaRegulatoria":{"codigo":6,"descricao":"Novo"},"medicamentoReferencia":null,"categoriaProduto":null,"tipoAutorizacao":"REGISTRADO","acancelar":false,"mesAnoVencimentoFormatado":"03/2014","numeroRegistroFormatado":"100200076"},"empresa":{"cnpj":"56990534000167","razaoSocial":"UNIAO QUIMICA INTERNACIONAL LTDA","numeroAutorizacao":"1000208","cnpjFormatado":"56.990.534/0001-67"},"processo":{"numero":"250000165179332","situacao":20,"numeroProcessoFormatado":"25000.016517/93-32"}},{"ordem":16,"produto":{"codigo":863475,"nome":"Compesk","numeroRegistro":"100200133","tipo":{"codigo":1,"descricao":null},"categoria":null,"situacaoRotulo":null,"dataVencimento":null,"mesAnoVencimento":"062018","dataVencimentoRegistro":"2018-06-01T00:00:00.000-0300","principioAtivo":null,"situacaoApresentacao":"Caduco/Cancelado","dataRegistro":"2013-06-17T00:00:00.000-0300","categoriaRegulatoria":{"codigo":1,"descricao":"Biológico"},"medicamentoReferencia":null,"categoriaProduto":null,"tipoAutorizacao":"REGISTRADO","acancelar":false,"mesAnoVencimentoFormatado":"06/2018","numeroRegistroFormatado":"100200133"},"empresa":{"cnpj":"56990534000167","razaoSocial":"UNIAO QUIMICA INTERNACIONAL LTDA","numeroAutorizacao":"1000208","cnpjFormatado":"56.990.534/0001-67"},"processo":{"numero":"25351618332201250","situacao":29,"numeroProcessoFormatado":"25351.618332/2012-50"}},{"ordem":17,"produto":{"codigo":164968,"nome":"DIANE 35","numeroRegistro":"100200017","tipo":{"codigo":1,"descricao":null},"categoria":null,"situacaoRotulo":null,"dataVencimento":null,"mesAnoVencimento":"102014","dataVencimentoRegistro":"2014-10-01T00:00:00.000-0300","principioAtivo":null,"situacaoApresentacao":"Caduco/Cancelado","dataRegistro":"1980-02-01T00:00:00.000-0300","categoriaRegulatoria":{"codigo":6,"descricao":"Novo"},"medicamentoReferencia":null,"categoriaProduto":null,"tipoAutorizacao":"REGISTRADO","acancelar":false,"mesAnoVencimentoFormatado":"10/2014","numeroRegistroFormatado":"100200017"},"empresa":{"cnpj":"56990534000167","razaoSocial":"UNIAO QUIMICA INTERNACIONAL LTDA","numeroAutorizacao":"1000208","cnpjFormatado":"56.990.534/0001-67"},"processo":{"numero":"2599100862979","situacao":29,"numeroProcessoFormatado":"25991.008629/79"}},{"ordem":18,"produto":{"codigo":3894,"nome":"ESTRADIOL","numeroRegistro":"100200072","tipo":{"codigo":1,"descricao":null},"categoria":null,"situacaoRotulo":null,"dataVencimento":null,"mesAnoVencimento":"092005","dataVencimentoRegistro":"2005-09-01T00:00:00.000-0300","principioAtivo":null,"situacaoApresentacao":"Caduco/Cancelado","dataRegistro":"2001-04-30T00:00:00.000-0300","categoriaRegulatoria":{"codigo":8,"descricao":"Similar"},"medicamentoReferencia":null,"categoriaProduto":null,"tipoAutorizacao":"REGISTRADO","acancelar":false,"mesAnoVencimentoFormatado":"09/2005","numeroRegistroFormatado":"100200072"},"empresa":{"cnpj":"56990534000167","razaoSocial":"UNIAO QUIMICA INTERNACIONAL LTDA","numeroAutorizacao":"1000208","cnpjFormatado":"56.990.534/0001-67"},"processo":{"numero":"250000079369021","situacao":29,"numeroProcessoFormatado":"25000.007936/90-21"}},{"ordem":19,"produto":{"codigo":3895,"nome":"ESTRADIOL","numeroRegistro":"100200084","tipo":{"codigo":1,"descricao":null},"categoria":null,"situacaoRotulo":null,"dataVencimento":null,"mesAnoVencimento":"122001","dataVencimentoRegistro":"2001-12-01T00:00:00.000-0200","principioAtivo":null,"situacaoApresentacao":"Caduco/Cancelado","dataRegistro":"1996-12-23T00:00:00.000-0300","categoriaRegulatoria":{"codigo":8,"descricao":"Similar"},"medicamentoReferencia":null,"categoriaProduto":null,"tipoAutorizacao":"REGISTRADO","acancelar":false,"mesAnoVencimentoFormatado":"12/2001","numeroRegistroFormatado":"100200084"},"empresa":{"cnpj":"56990534000167","razaoSocial":"UNIAO QUIMICA INTERNACIONAL LTDA","numeroAutorizacao":"1000208","cnpjFormatado":"56.990.534/0001-67"},"processo":{"numero":"250000397789628","situacao":29,"numeroProcessoFormatado":"25000.039778/96-28"}},{"ordem":20,"produto":{"codigo":3925,"nome":"ESTRADIOL/ESTRADIOL+LEVONORGESTREL","numeroRegistro":"100200085","tipo":{"codigo":1,"descricao":null},"categoria":null,"situacaoRotulo":null,"dataVencimento":null,"mesAnoVencimento":"032003","dataVencimentoRegistro":"2003-03-01T00:00:00.000-0300","principioAtivo":null,"situacaoApresentacao":"Caduco/Cancelado","dataRegistro":"1998-03-25T00:00:00.000-0300","categoriaRegulatoria":{"codigo":6,"descricao":"Novo"},"medicamentoReferencia":null,"categoriaProduto":null,"tipoAutorizacao":"REGISTRADO","acancelar":false,"mesAnoVencimentoFormatado":"03/2003","numeroRegistroFormatado":"100200085"},"empresa":{"cnpj":"56990534000167","razaoSocial":"UNIAO QUIMICA INTERNACIONAL LTDA","numeroAutorizacao":"1000208","cnpjFormatado":"56.990.534/0001-67"},"processo":{"numero":"250000285319794","situacao":29,"numeroProcessoFormatado":"25000.028531/97-94"}},{"ordem":21,"produto":{"codigo":4512,"nome":"FEMIANE","numeroRegistro":"100200081","tipo":{"codigo":1,"descricao":null},"categoria":null,"situacaoRotulo":null,"dataVencimento":null,"mesAnoVencimento":"082011","dataVencimentoRegistro":"2011-08-01T00:00:00.000-0300","principioAtivo":null,"situacaoApresentacao":"Caduco/Cancelado","dataRegistro":"1996-08-08T00:00:00.000-0300","categoriaRegulatoria":{"codigo":6,"descricao":"Novo"},"medicamentoReferencia":null,"categoriaProduto":null,"tipoAutorizacao":"REGISTRADO","acancelar":false,"mesAnoVencimentoFormatado":"08/2011","numeroRegistroFormatado":"100200081"},"empresa":{"cnpj":"56990534000167","razaoSocial":"UNIAO QUIMICA INTERNACIONAL LTDA","numeroAutorizacao":"1000208","cnpjFormatado":"56.990.534/0001-67"},"processo":{"numero":"250000235609543","situacao":29,"numeroProcessoFormatado":"25000.023560/95-43"}},{"ordem":22,"produto":{"codigo":70447,"nome":"FLUDARA","numeroRegistro":"100200079","tipo":{"codigo":1,"descricao":null},"categoria":null,"situacaoRotulo":null,"dataVencimento":null,"mesAnoVencimento":"122010","dataVencimentoRegistro":"2010-12-01T00:00:00.000-0300","principioAtivo":null,"situacaoApresentacao":"Caduco/Cancelado","dataRegistro":"1995-12-26T00:00:00.000-0300","categoriaRegulatoria":{"codigo":6,"descricao":"Novo"},"medicamentoReferencia":null,"categoriaProduto":null,"tipoAutorizacao":"REGISTRADO","acancelar":false,"mesAnoVencimentoFormatado":"12/2010","numeroRegistroFormatado":"100200079"},"empresa":{"cnpj":"56990534000167","razaoSocial":"UNIAO QUIMICA INTERNACIONAL LTDA","numeroAutorizacao":"1000208","cnpjFormatado":"56.990.534/0001-67"},"processo":{"numero":"250000186269519","situacao":29,"numeroProcessoFormatado":"25000.018626/95-19"}},{"ordem":23,"produto":{"codigo":1365,"nome":"GESTADINONA","numeroRegistro":"100200022","tipo":{"codigo":1,"descricao":null},"categoria":null,"situacaoRotulo":null,"dataVencimento":null,"mesAnoVencimento":"102009","dataVencimentoRegistro":"2009-10-01T00:00:00.000-0300","principioAtivo":null,"situacaoApresentacao":"Caduco/Cancelado","dataRegistro":"2000-09-15T00:00:00.000-0300","categoriaRegulatoria":{"codigo":6,"descricao":"Novo"},"medicamentoReferencia":null,"categoriaProduto":null,"tipoAutorizacao":"REGISTRADO","acancelar":false,"mesAnoVencimentoFormatado":"10/2009","numeroRegistroFormatado":"100200022"},"empresa":{"cnpj":"56990534000167","razaoSocial":"UNIAO QUIMICA INTERNACIONAL LTDA","numeroAutorizacao":"1000208","cnpjFormatado":"56.990.534/0001-67"},"processo":{"numero":"2599200434369","situacao":29,"numeroProcessoFormatado":"25992.004343/69"}},{"ordem":24,"produto":{"codigo":173000,"nome":"GYNERA","numeroRegistro":"100200068","tipo":{"codigo":1,"descricao":null},"categoria":null,"situacaoRotulo":null,"dataVencimento":null,"mesAnoVencimento":"062013","dataVencimentoRegistro":"2013-06-01T00:00:00.000-0300","principioAtivo":null,"situacaoApresentacao":"Caduco/Cancelado","dataRegistro":"2003-01-27T00:00:00.000-0300","categoriaRegulatoria":{"codigo":6,"descricao":"Novo"},"medicamentoReferencia":null,"categoriaProduto":null,"tipoAutorizacao":"REGISTRADO","acancelar":false,"mesAnoVencimentoFormatado":"06/2013","numeroRegistroFormatado":"100200068"},"empresa":{"cnpj":"56990534000167","razaoSocial":"UNIAO QUIMICA INTERNACIONAL LTDA","numeroAutorizacao":"1000208","cnpjFormatado":"56.990.534/0001-67"},"processo":{"numero":"2500100998486","situacao":29,"numeroProcessoFormatado":"25001.009984/86"}},{"ordem":25,"produto":{"codigo":604920,"nome":"GYNO-ICADEN","numeroRegistro":"100200134","tipo":{"codigo":1,"descricao":null},"categoria":null,"situacaoRotulo":null,"dataVencimento":null,"mesAnoVencimento":"082018","dataVencimentoRegistro":"2018-08-01T00:00:00.000-0300","principioAtivo":null,"situacaoApresentacao":"Caduco/Cancelado","dataRegistro":"1992-09-29T00:00:00.000-0300","categoriaRegulatoria":{"codigo":6,"descricao":"Novo"},"medicamentoReferencia":null,"categoriaProduto":null,"tipoAutorizacao":"REGISTRADO","acancelar":false,"mesAnoVencimentoFormatado":"08/2018","numeroRegistroFormatado":"100200134"},"empresa":{"cnpj":"56990534000167","razaoSocial":"UNIAO QUIMICA INTERNACIONAL LTDA","numeroAutorizacao":"1000208","cnpjFormatado":"56.990.534/0001-67"},"processo":{"numero":"25351441945200894","situacao":20,"numeroProcessoFormatado":"25351.441945/2008-94"}},{"ordem":26,"produto":{"codigo":6231,"nome":"ICADEN","numeroRegistro":"100200024","tipo":{"codigo":1,"descricao":null},"categoria":null,"situacaoRotulo":null,"dataVencimento":null,"mesAnoVencimento":"092015","dataVencimentoRegistro":"2015-09-01T00:00:00.000-0300","principioAtivo":null,"situacaoApresentacao":"Caduco/Cancelado","dataRegistro":"2000-11-30T00:00:00.000-0300","categoriaRegulatoria":{"codigo":6,"descricao":"Novo"},"medicamentoReferencia":null,"categoriaProduto":null,"tipoAutorizacao":"REGISTRADO","acancelar":false,"mesAnoVencimentoFormatado":"09/2015","numeroRegistroFormatado":"100200024"},"empresa":{"cnpj":"56990534000167","razaoSocial":"UNIAO QUIMICA INTERNACIONAL LTDA","numeroAutorizacao":"1000208","cnpjFormatado":"56.990.534/0001-67"},"processo":{"numero":"2599100696180","situacao":29,"numeroProcessoFormatado":"25991.006961/80"}},{"ordem":27,"produto":{"codigo":5012,"nome":"IODAMIDA DE MEGLUMINA","numeroRegistro":"100200048","tipo":{"codigo":1,"descricao":null},"categoria":null,"situacaoRotulo":null,"dataVencimento":null,"mesAnoVencimento":"012005","dataVencimentoRegistro":"2005-01-01T00:00:00.000-0300","principioAtivo":null,"situacaoApresentacao":"Caduco/Cancelado","dataRegistro":"1995-03-21T00:00:00.000-0300","categoriaRegulatoria":{"codigo":8,"descricao":"Similar"},"medicamentoReferencia":null,"categoriaProduto":null,"tipoAutorizacao":"REGISTRADO","acancelar":false,"mesAnoVencimentoFormatado":"01/2005","numeroRegistroFormatado":"100200048"},"empresa":{"cnpj":"56990534000167","razaoSocial":"UNIAO QUIMICA INTERNACIONAL LTDA","numeroAutorizacao":"1000208","cnpjFormatado":"56.990.534/0001-67"},"processo":{"numero":"2599101638869","situacao":29,"numeroProcessoFormatado":"25991.016388/69"}},{"ordem":28,"produto":{"codigo":5090,"nome":"IOPAMIRON","numeroRegistro":"100200051","tipo":{"codigo":1,"descricao":null},"categoria":null,"situacaoRotulo":null,"dataVencimento":null,"mesAnoVencimento":"062013","dataVencimentoRegistro":"2013-06-01T00:00:00.000-0300","principioAtivo":null,"situacaoApresentacao":"Caduco/Cancelado","dataRegistro":"1998-06-19T00:00:00.000-0300","categoriaRegulatoria":{"codigo":6,"descricao":"Novo"},"medicamentoReferencia":null,"categoriaProduto":null,"tipoAutorizacao":"REGISTRADO","acancelar":false,"mesAnoVencimentoFormatado":"06/2013","numeroRegistroFormatado":"100200051"},"empresa":{"cnpj":"56990534000167","razaoSocial":"UNIAO QUIMICA INTERNACIONAL LTDA","numeroAutorizacao":"1000208","cnpjFormatado":"56.990.534/0001-67"},"processo":{"numero":"2500100355583","situacao":29,"numeroProcessoFormatado":"25001.003555/83"}},{"ordem":29,"produto":{"codigo":68358,"nome":"LEVULAN","numeroRegistro":"100200092","tipo":{"codigo":1,"descricao":null},"categoria":null,"situacaoRotulo":null,"dataVencimento":null,"mesAnoVencimento":"032007","dataVencimentoRegistro":"2007-03-01T00:00:00.000-0300","principioAtivo":null,"situacaoApresentacao":"Caduco/Cancelado","dataRegistro":"2002-03-06T00:00:00.000-0300","categoriaRegulatoria":{"codigo":6,"descricao":"Novo"},"medicamentoReferencia":null,"categoriaProduto":null,"tipoAutorizacao":"REGISTRADO","acancelar":false,"mesAnoVencimentoFormatado":"03/2007","numeroRegistroFormatado":"100200092"},"empresa":{"cnpj":"56990534000167","razaoSocial":"UNIAO QUIMICA INTERNACIONAL LTDA","numeroAutorizacao":"1000208","cnpjFormatado":"56.990.534/0001-67"},"processo":{"numero":"253510150790197","situacao":29,"numeroProcessoFormatado":"25351.015079/01-97"}},{"ordem":30,"produto":{"codigo":3919,"nome":"LINDISC","numeroRegistro":"100200083","tipo":{"codigo":1,"descricao":null},"categoria":null,"situacaoRotulo":null,"dataVencimento":null,"mesAnoVencimento":"122011","dataVencimentoRegistro":"2011-12-01T00:00:00.000-0300","principioAtivo":null,"situacaoApresentacao":"Caduco/Cancelado","dataRegistro":"1996-12-13T00:00:00.000-0300","categoriaRegulatoria":{"codigo":6,"descricao":"Novo"},"medicamentoReferencia":null,"categoriaProduto":null,"tipoAutorizacao":"REGISTRADO","acancelar":false,"mesAnoVencimentoFormatado":"12/2011","numeroRegistroFormatado":"100200083"},"empresa":{"cnpj":"56990534000167","razaoSocial":"UNIAO QUIMICA INTERNACIONAL LTDA","numeroAutorizacao":"1000208","cnpjFormatado":"56.990.534/0001-67"},"processo":{"numero":"250000358999609","situacao":29,"numeroProcessoFormatado":"25000.035899/96-09"}},{"ordem":31,"produto":{"codigo":165134,"nome":"LURANTAL","numeroRegistro":"100200094","tipo":{"codigo":1,"descricao":null},"categoria":null,"situacaoRotulo":null,"dataVencimento":null,"mesAnoVencimento":"102007","dataVencimentoRegistro":"2007-10-01T00:00:00.000-0300","principioAtivo":null,"situacaoApresentacao":"Caduco/Cancelado","dataRegistro":"2002-10-21T00:00:00.000-0300","categoriaRegulatoria":{"codigo":8,"descricao":"Similar"},"medicamentoReferencia":null,"categoriaProduto":null,"tipoAutorizacao":"REGISTRADO","acancelar":false,"mesAnoVencimentoFormatado":"10/2007","numeroRegistroFormatado":"100200094"},"empresa":{"cnpj":"56990534000167","razaoSocial":"UNIAO QUIMICA INTERNACIONAL LTDA","numeroAutorizacao":"1000208","cnpjFormatado":"56.990.534/0001-67"},"processo":{"numero":"253510402400142","situacao":29,"numeroProcessoFormatado":"25351.040240/01-42"}},{"ordem":32,"produto":{"codigo":278488,"nome":"MAGNEVISTAN","numeroRegistro":"100200071","tipo":{"codigo":1,"descricao":null},"categoria":null,"situacaoRotulo":null,"dataVencimento":null,"mesAnoVencimento":"022015","dataVencimentoRegistro":"2015-02-01T00:00:00.000-0300","principioAtivo":null,"situacaoApresentacao":"Caduco/Cancelado","dataRegistro":"2001-02-01T00:00:00.000-0300","categoriaRegulatoria":{"codigo":6,"descricao":"Novo"},"medicamentoReferencia":null,"categoriaProduto":null,"tipoAutorizacao":"REGISTRADO","acancelar":false,"mesAnoVencimentoFormatado":"02/2015","numeroRegistroFormatado":"100200071"},"empresa":{"cnpj":"56990534000167","razaoSocial":"UNIAO QUIMICA INTERNACIONAL LTDA","numeroAutorizacao":"1000208","cnpjFormatado":"56.990.534/0001-67"},"processo":{"numero":"250000076288926","situacao":29,"numeroProcessoFormatado":"25000.007628/89-26"}},{"ordem":33,"produto":{"codigo":497817,"nome":"MENOSTAR","numeroRegistro":"100200129","tipo":{"codigo":1,"descricao":null},"categoria":null,"situacaoRotulo":null,"dataVencimento":null,"mesAnoVencimento":"032012","dataVencimentoRegistro":"2012-03-01T00:00:00.000-0300","principioAtivo":null,"situacaoApresentacao":"Caduco/Cancelado","dataRegistro":"2007-03-19T00:00:00.000-0300","categoriaRegulatoria":{"codigo":6,"descricao":"Novo"},"medicamentoReferencia":null,"categoriaProduto":null,"tipoAutorizacao":"REGISTRADO","acancelar":false,"mesAnoVencimentoFormatado":"03/2012","numeroRegistroFormatado":"100200129"},"empresa":{"cnpj":"56990534000167","razaoSocial":"UNIAO QUIMICA INTERNACIONAL LTDA","numeroAutorizacao":"1000208","cnpjFormatado":"56.990.534/0001-67"},"processo":{"numero":"25351231993200523","situacao":29,"numeroProcessoFormatado":"25351.231993/2005-23"}},{"ordem":34,"produto":{"codigo":414522,"nome":"MESIGYNA","numeroRegistro":"100200078","tipo":{"codigo":1,"descricao":null},"categoria":null,"situacaoRotulo":null,"dataVencimento":null,"mesAnoVencimento":"062010","dataVencimentoRegistro":"2010-06-01T00:00:00.000-0300","principioAtivo":null,"situacaoApresentacao":"Caduco/Cancelado","dataRegistro":"1995-06-12T00:00:00.000-0300","categoriaRegulatoria":{"codigo":6,"descricao":"Novo"},"medicamentoReferencia":null,"categoriaProduto":null,"tipoAutorizacao":"REGISTRADO","acancelar":false,"mesAnoVencimentoFormatado":"06/2010","numeroRegistroFormatado":"100200078"},"empresa":{"cnpj":"56990534000167","razaoSocial":"UNIAO QUIMICA INTERNACIONAL LTDA","numeroAutorizacao":"1000208","cnpjFormatado":"56.990.534/0001-67"},"processo":{"numero":"250000071079491","situacao":29,"numeroProcessoFormatado":"25000.007107/94-91"}},{"ordem":35,"produto":{"codigo":5327,"nome":"MICROVLAR","numeroRegistro":"100200026","tipo":{"codigo":1,"descricao":null},"categoria":null,"situacaoRotulo":null,"dataVencimento":null,"mesAnoVencimento":"122014","dataVencimentoRegistro":"2014-12-01T00:00:00.000-0300","principioAtivo":null,"situacaoApresentacao":"Caduco/Cancelado","dataRegistro":"2001-10-29T00:00:00.000-0200","categoriaRegulatoria":{"codigo":6,"descricao":"Novo"},"medicamentoReferencia":null,"categoriaProduto":null,"tipoAutorizacao":"REGISTRADO","acancelar":false,"mesAnoVencimentoFormatado":"12/2014","numeroRegistroFormatado":"100200026"},"empresa":{"cnpj":"56990534000167","razaoSocial":"UNIAO QUIMICA INTERNACIONAL LTDA","numeroAutorizacao":"1000208","cnpjFormatado":"56.990.534/0001-67"},"processo":{"numero":"2599200519875","situacao":29,"numeroProcessoFormatado":"25992.005198/75"}},{"ordem":36,"produto":{"codigo":396563,"nome":"MIRANOVA","numeroRegistro":"100200127","tipo":{"codigo":1,"descricao":null},"categoria":null,"situacaoRotulo":null,"dataVencimento":null,"mesAnoVencimento":"072011","dataVencimentoRegistro":"2011-07-01T00:00:00.000-0300","principioAtivo":null,"situacaoApresentacao":"Caduco/Cancelado","dataRegistro":"2006-07-24T00:00:00.000-0300","categoriaRegulatoria":{"codigo":6,"descricao":"Novo"},"medicamentoReferencia":null,"categoriaProduto":null,"tipoAutorizacao":"REGISTRADO","acancelar":false,"mesAnoVencimentoFormatado":"07/2011","numeroRegistroFormatado":"100200127"},"empresa":{"cnpj":"56990534000167","razaoSocial":"UNIAO QUIMICA INTERNACIONAL LTDA","numeroAutorizacao":"1000208","cnpjFormatado":"56.990.534/0001-67"},"processo":{"numero":"25351213919200444","situacao":29,"numeroProcessoFormatado":"25351.213919/2004-44"}},{"ordem":37,"produto":{"codigo":4513,"nome":"MIRELLE","numeroRegistro":"100200091","tipo":{"codigo":1,"descricao":null},"categoria":null,"situacaoRotulo":null,"dataVencimento":null,"mesAnoVencimento":"092011","dataVencimentoRegistro":"2011-09-01T00:00:00.000-0300","principioAtivo":null,"situacaoApresentacao":"Caduco/Cancelado","dataRegistro":"2001-09-27T00:00:00.000-0300","categoriaRegulatoria":{"codigo":6,"descricao":"Novo"},"medicamentoReferencia":null,"categoriaProduto":null,"tipoAutorizacao":"REGISTRADO","acancelar":false,"mesAnoVencimentoFormatado":"09/2011","numeroRegistroFormatado":"100200091"},"empresa":{"cnpj":"56990534000167","razaoSocial":"UNIAO QUIMICA INTERNACIONAL LTDA","numeroAutorizacao":"1000208","cnpjFormatado":"56.990.534/0001-67"},"processo":{"numero":"253510140540121","situacao":29,"numeroProcessoFormatado":"25351.014054/01-21"}},{"ordem":38,"produto":{"codigo":5320,"nome":"MIRENA","numeroRegistro":"100200087","tipo":{"codigo":1,"descricao":null},"categoria":null,"situacaoRotulo":null,"dataVencimento":null,"mesAnoVencimento":"082019","dataVencimentoRegistro":"2019-08-01T00:00:00.000-0300","principioAtivo":null,"situacaoApresentacao":"Caduco/Cancelado","dataRegistro":"1999-08-20T00:00:00.000-0300","categoriaRegulatoria":{"codigo":6,"descricao":"Novo"},"medicamentoReferencia":null,"categoriaProduto":null,"tipoAutorizacao":"REGISTRADO","acancelar":false,"mesAnoVencimentoFormatado":"08/2019","numeroRegistroFormatado":"100200087"},"empresa":{"cnpj":"56990534000167","razaoSocial":"UNIAO QUIMICA INTERNACIONAL LTDA","numeroAutorizacao":"1000208","cnpjFormatado":"56.990.534/0001-67"},"processo":{"numero":"250000111309840","situacao":29,"numeroProcessoFormatado":"25000.011130/98-40"}},{"ordem":39,"produto":{"codigo":277496,"nome":"NATELE","numeroRegistro":"100200112","tipo":{"codigo":1,"descricao":null},"categoria":null,"situacaoRotulo":null,"dataVencimento":null,"mesAnoVencimento":"022009","dataVencimentoRegistro":"2009-02-01T00:00:00.000-0300","principioAtivo":null,"situacaoApresentacao":"Caduco/Cancelado","dataRegistro":"2004-02-26T00:00:00.000-0300","categoriaRegulatoria":{"codigo":6,"descricao":"Novo"},"medicamentoReferencia":null,"categoriaProduto":null,"tipoAutorizacao":"REGISTRADO","acancelar":false,"mesAnoVencimentoFormatado":"02/2009","numeroRegistroFormatado":"100200112"},"empresa":{"cnpj":"56990534000167","razaoSocial":"UNIAO QUIMICA INTERNACIONAL LTDA","numeroAutorizacao":"1000208","cnpjFormatado":"56.990.534/0001-67"},"processo":{"numero":"25351017430200362","situacao":20,"numeroProcessoFormatado":"25351.017430/2003-62"}},{"ordem":40,"produto":{"codigo":374997,"nome":"NEBIDO","numeroRegistro":"100200123","tipo":{"codigo":1,"descricao":null},"categoria":null,"situacaoRotulo":null,"dataVencimento":null,"mesAnoVencimento":"102010","dataVencimentoRegistro":"2010-10-01T00:00:00.000-0300","principioAtivo":null,"situacaoApresentacao":"Caduco/Cancelado","dataRegistro":"2005-10-17T00:00:00.000-0300","categoriaRegulatoria":{"codigo":6,"descricao":"Novo"},"medicamentoReferencia":null,"categoriaProduto":null,"tipoAutorizacao":"REGISTRADO","acancelar":false,"mesAnoVencimentoFormatado":"10/2010","numeroRegistroFormatado":"100200123"},"empresa":{"cnpj":"56990534000167","razaoSocial":"UNIAO QUIMICA INTERNACIONAL LTDA","numeroAutorizacao":"1000208","cnpjFormatado":"56.990.534/0001-67"},"processo":{"numero":"25351107081200451","situacao":29,"numeroProcessoFormatado":"25351.107081/2004-51"}},{"ordem":41,"produto":{"codigo":5328,"nome":"NEOVLAR","numeroRegistro":"100200027","tipo":{"codigo":1,"descricao":null},"categoria":null,"situacaoRotulo":null,"dataVencimento":null,"mesAnoVencimento":"122014","dataVencimentoRegistro":"2014-12-01T00:00:00.000-0300","principioAtivo":null,"situacaoApresentacao":"Caduco/Cancelado","dataRegistro":"2002-01-21T00:00:00.000-0200","categoriaRegulatoria":{"codigo":6,"descricao":"Novo"},"medicamentoReferencia":null,"categoriaProduto":null,"tipoAutorizacao":"REGISTRADO","acancelar":false,"mesAnoVencimentoFormatado":"12/2014","numeroRegistroFormatado":"100200027"},"empresa":{"cnpj":"56990534000167","razaoSocial":"UNIAO QUIMICA INTERNACIONAL LTDA","numeroAutorizacao":"1000208","cnpjFormatado":"56.990.534/0001-67"},"processo":{"numero":"2599200735070","situacao":29,"numeroProcessoFormatado":"25992.007350/70"}},{"ordem":42,"produto":{"codigo":591631,"nome":"NERISONA","numeroRegistro":"100200028","tipo":{"codigo":1,"descricao":null},"categoria":null,"situacaoRotulo":null,"dataVencimento":null,"mesAnoVencimento":"122011","dataVencimentoRegistro":"2011-12-01T00:00:00.000-0300","principioAtivo":null,"situacaoApresentacao":"Caduco/Cancelado","dataRegistro":"1980-02-05T00:00:00.000-0300","categoriaRegulatoria":{"codigo":6,"descricao":"Novo"},"medicamentoReferencia":null,"categoriaProduto":null,"tipoAutorizacao":"REGISTRADO","acancelar":false,"mesAnoVencimentoFormatado":"12/2011","numeroRegistroFormatado":"100200028"},"empresa":{"cnpj":"56990534000167","razaoSocial":"UNIAO QUIMICA INTERNACIONAL LTDA","numeroAutorizacao":"1000208","cnpjFormatado":"56.990.534/0001-67"},"processo":{"numero":"2599202509375","situacao":29,"numeroProcessoFormatado":"25992.025093/75"}},{"ordem":43,"produto":{"codigo":1074745,"nome":"NUVIVAN","numeroRegistro":"100200138","tipo":{"codigo":1,"descricao":null},"categoria":null,"situacaoRotulo":null,"dataVencimento":null,"mesAnoVencimento":"112020","dataVencimentoRegistro":"2020-11-01T00:00:00.000-0300","principioAtivo":null,"situacaoApresentacao":"Caduco/Cancelado","dataRegistro":"2015-11-03T00:00:00.000-0300","categoriaRegulatoria":{"codigo":8,"descricao":"Similar"},"medicamentoReferencia":null,"categoriaProduto":null,"tipoAutorizacao":"REGISTRADO","acancelar":false,"mesAnoVencimentoFormatado":"11/2020","numeroRegistroFormatado":"100200138"},"empresa":{"cnpj":"56990534000167","razaoSocial":"UNIAO QUIMICA INTERNACIONAL LTDA","numeroAutorizacao":"1000208","cnpjFormatado":"56.990.534/0001-67"},"processo":{"numero":"25351535792201201","situacao":29,"numeroProcessoFormatado":"25351.535792/2012-01"}},{"ordem":44,"produto":{"codigo":8218,"nome":"PRIMOGYNA","numeroRegistro":"100200089","tipo":{"codigo":1,"descricao":null},"categoria":null,"situacaoRotulo":null,"dataVencimento":null,"mesAnoVencimento":"072011","dataVencimentoRegistro":"2011-07-01T00:00:00.000-0300","principioAtivo":null,"situacaoApresentacao":"Caduco/Cancelado","dataRegistro":"2001-07-04T00:00:00.000-0300","categoriaRegulatoria":{"codigo":8,"descricao":"Similar"},"medicamentoReferencia":null,"categoriaProduto":null,"tipoAutorizacao":"REGISTRADO","acancelar":false,"mesAnoVencimentoFormatado":"07/2011","numeroRegistroFormatado":"100200089"},"empresa":{"cnpj":"56990534000167","razaoSocial":"UNIAO QUIMICA INTERNACIONAL LTDA","numeroAutorizacao":"1000208","cnpjFormatado":"56.990.534/0001-67"},"processo":{"numero":"253510303320051","situacao":29,"numeroProcessoFormatado":"25351.030332/00-51"}},{"ordem":45,"produto":{"codigo":215,"nome":"PRIMOLUT - NOR","numeroRegistro":"100200034","tipo":{"codigo":1,"descricao":null},"categoria":null,"situacaoRotulo":null,"dataVencimento":null,"mesAnoVencimento":"112013","dataVencimentoRegistro":"2013-11-01T00:00:00.000-0300","principioAtivo":null,"situacaoApresentacao":"Caduco/Cancelado","dataRegistro":"1993-07-16T00:00:00.000-0300","categoriaRegulatoria":{"codigo":6,"descricao":"Novo"},"medicamentoReferencia":null,"categoriaProduto":null,"tipoAutorizacao":"REGISTRADO","acancelar":false,"mesAnoVencimentoFormatado":"11/2013","numeroRegistroFormatado":"100200034"},"empresa":{"cnpj":"56990534000167","razaoSocial":"UNIAO QUIMICA INTERNACIONAL LTDA","numeroAutorizacao":"1000208","cnpjFormatado":"56.990.534/0001-67"},"processo":{"numero":"2599201087857","situacao":29,"numeroProcessoFormatado":"25992.010878/57"}},{"ordem":46,"produto":{"codigo":217,"nome":"PRIMOSISTON","numeroRegistro":"100200037","tipo":{"codigo":1,"descricao":null},"categoria":null,"situacaoRotulo":null,"dataVencimento":null,"mesAnoVencimento":"062014","dataVencimentoRegistro":"2014-06-01T00:00:00.000-0300","principioAtivo":null,"situacaoApresentacao":"Caduco/Cancelado","dataRegistro":"1993-07-16T00:00:00.000-0300","categoriaRegulatoria":{"codigo":6,"descricao":"Novo"},"medicamentoReferencia":null,"categoriaProduto":null,"tipoAutorizacao":"REGISTRADO","acancelar":false,"mesAnoVencimentoFormatado":"06/2014","numeroRegistroFormatado":"100200037"},"empresa":{"cnpj":"56990534000167","razaoSocial":"UNIAO QUIMICA INTERNACIONAL LTDA","numeroAutorizacao":"1000208","cnpjFormatado":"56.990.534/0001-67"},"processo":{"numero":"2599201087557","situacao":29,"numeroProcessoFormatado":"25992.010875/57"}},{"ordem":47,"produto":{"codigo":5781,"nome":"PROVIRON","numeroRegistro":"100200043","tipo":{"codigo":1,"descricao":null},"categoria":null,"situacaoRotulo":null,"dataVencimento":null,"mesAnoVencimento":"102014","dataVencimentoRegistro":"2014-10-01T00:00:00.000-0300","principioAtivo":null,"situacaoApresentacao":"Caduco/Cancelado","dataRegistro":"2001-02-01T00:00:00.000-0300","categoriaRegulatoria":{"codigo":6,"descricao":"Novo"},"medicamentoReferencia":null,"categoriaProduto":null,"tipoAutorizacao":"REGISTRADO","acancelar":false,"mesAnoVencimentoFormatado":"10/2014","numeroRegistroFormatado":"100200043"},"empresa":{"cnpj":"56990534000167","razaoSocial":"UNIAO QUIMICA INTERNACIONAL LTDA","numeroAutorizacao":"1000208","cnpjFormatado":"56.990.534/0001-67"},"processo":{"numero":"2599201481069","situacao":29,"numeroProcessoFormatado":"25992.014810/69"}},{"ordem":48,"produto":{"codigo":1036807,"nome":"RIVADIXA","numeroRegistro":"100200135","tipo":{"codigo":1,"descricao":null},"categoria":null,"situacaoRotulo":null,"dataVencimento":null,"mesAnoVencimento":"052020","dataVencimentoRegistro":"2020-05-01T00:00:00.000-0300","principioAtivo":null,"situacaoApresentacao":"Caduco/Cancelado","dataRegistro":"2015-05-25T00:00:00.000-0300","categoriaRegulatoria":{"codigo":8,"descricao":"Similar"},"medicamentoReferencia":null,"categoriaProduto":null,"tipoAutorizacao":"REGISTRADO","acancelar":false,"mesAnoVencimentoFormatado":"05/2020","numeroRegistroFormatado":"100200135"},"empresa":{"cnpj":"56990534000167","razaoSocial":"UNIAO QUIMICA INTERNACIONAL LTDA","numeroAutorizacao":"1000208","cnpjFormatado":"56.990.534/0001-67"},"processo":{"numero":"25351497883201288","situacao":29,"numeroProcessoFormatado":"25351.497883/2012-88"}},{"ordem":49,"produto":{"codigo":857981,"nome":"STABILIC","numeroRegistro":"100200132","tipo":{"codigo":1,"descricao":null},"categoria":null,"situacaoRotulo":null,"dataVencimento":null,"mesAnoVencimento":"052018","dataVencimentoRegistro":"2018-05-01T00:00:00.000-0300","principioAtivo":null,"situacaoApresentacao":"Caduco/Cancelado","dataRegistro":"2013-05-27T00:00:00.000-0300","categoriaRegulatoria":{"codigo":1,"descricao":"Biológico"},"medicamentoReferencia":null,"categoriaProduto":null,"tipoAutorizacao":"REGISTRADO","acancelar":false,"mesAnoVencimentoFormatado":"05/2018","numeroRegistroFormatado":"100200132"},"empresa":{"cnpj":"56990534000167","razaoSocial":"UNIAO QUIMICA INTERNACIONAL LTDA","numeroAutorizacao":"1000208","cnpjFormatado":"56.990.534/0001-67"},"processo":{"numero":"25351498250201295","situacao":29,"numeroProcessoFormatado":"25351.498250/2012-95"}},{"ordem":50,"produto":{"codigo":5326,"nome":"TRIQUILAR","numeroRegistro":"100200054","tipo":{"codigo":1,"descricao":null},"categoria":null,"situacaoRotulo":null,"dataVencimento":null,"mesAnoVencimento":"102014","dataVencimentoRegistro":"2014-10-01T00:00:00.000-0300","principioAtivo":null,"situacaoApresentacao":"Caduco/Cancelado","dataRegistro":"2000-02-10T00:00:00.000-0200","categoriaRegulatoria":{"codigo":6,"descricao":"Novo"},"medicamentoReferencia":null,"categoriaProduto":null,"tipoAutorizacao":"REGISTRADO","acancelar":false,"mesAnoVencimentoFormatado":"10/2014","numeroRegistroFormatado":"100200054"},"empresa":{"cnpj":"56990534000167","razaoSocial":"UNIAO QUIMICA INTERNACIONAL LTDA","numeroAutorizacao":"1000208","cnpjFormatado":"56.990.534/0001-67"},"processo":{"numero":"2500100497883","situacao":29,"numeroProcessoFormatado":"25001.004978/83"}},{"ordem":51,"produto":{"codigo":392049,"nome":"ULTRAPROCT","numeroRegistro":"100200047","tipo":{"codigo":1,"descricao":null},"categoria":null,"situacaoRotulo":null,"dataVencimento":null,"mesAnoVencimento":"062008","dataVencimentoRegistro":"2008-06-01T00:00:00.000-0300","principioAtivo":null,"situacaoApresentacao":"Caduco/Cancelado","dataRegistro":"1988-03-30T00:00:00.000-0300","categoriaRegulatoria":{"codigo":6,"descricao":"Novo"},"medicamentoReferencia":null,"categoriaProduto":null,"tipoAutorizacao":"REGISTRADO","acancelar":false,"mesAnoVencimentoFormatado":"06/2008","numeroRegistroFormatado":"100200047"},"empresa":{"cnpj":"56990534000167","razaoSocial":"UNIAO QUIMICA INTERNACIONAL LTDA","numeroAutorizacao":"1000208","cnpjFormatado":"56.990.534/0001-67"},"processo":{"numero":"2599201676866","situacao":29,"numeroProcessoFormatado":"25992.016768/66"}},{"ordem":52,"produto":{"codigo":5092,"nome":"ULTRAVIST","numeroRegistro":"100200074","tipo":{"codigo":1,"descricao":null},"categoria":null,"situacaoRotulo":null,"dataVencimento":null,"mesAnoVencimento":"022017","dataVencimentoRegistro":"2017-02-01T00:00:00.000-0300","principioAtivo":null,"situacaoApresentacao":"Caduco/Cancelado","dataRegistro":"2002-02-27T00:00:00.000-0300","categoriaRegulatoria":{"codigo":6,"descricao":"Novo"},"medicamentoReferencia":null,"categoriaProduto":null,"tipoAutorizacao":"REGISTRADO","acancelar":false,"mesAnoVencimentoFormatado":"02/2017","numeroRegistroFormatado":"100200074"},"empresa":{"cnpj":"56990534000167","razaoSocial":"UNIAO QUIMICA INTERNACIONAL LTDA","numeroAutorizacao":"1000208","cnpjFormatado":"56.990.534/0001-67"},"processo":{"numero":"250000084599030","situacao":29,"numeroProcessoFormatado":"25000.008459/90-30"}},{"ordem":53,"produto":{"codigo":672,"nome":"UROGRAFINA","numeroRegistro":"100200052","tipo":{"codigo":1,"descricao":null},"categoria":null,"situacaoRotulo":null,"dataVencimento":null,"mesAnoVencimento":"022009","dataVencimentoRegistro":"2009-02-01T00:00:00.000-0300","principioAtivo":null,"situacaoApresentacao":"Caduco/Cancelado","dataRegistro":"2001-07-05T00:00:00.000-0300","categoriaRegulatoria":{"codigo":8,"descricao":"Similar"},"medicamentoReferencia":null,"categoriaProduto":null,"tipoAutorizacao":"REGISTRADO","acancelar":false,"mesAnoVencimentoFormatado":"02/2009","numeroRegistroFormatado":"100200052"},"empresa":{"cnpj":"56990534000167","razaoSocial":"UNIAO QUIMICA INTERNACIONAL LTDA","numeroAutorizacao":"1000208","cnpjFormatado":"56.990.534/0001-67"},"processo":{"numero":"2500100780283","situacao":29,"numeroProcessoFormatado":"25001.007802/83"}},{"ordem":54,"produto":{"codigo":374992,"nome":"VENTAVIS","numeroRegistro":"100200122","tipo":{"codigo":1,"descricao":null},"categoria":null,"situacaoRotulo":null,"dataVencimento":null,"mesAnoVencimento":"092010","dataVencimentoRegistro":"2010-09-01T00:00:00.000-0300","principioAtivo":null,"situacaoApresentacao":"Caduco/Cancelado","dataRegistro":"2005-10-03T00:00:00.000-0300","categoriaRegulatoria":{"codigo":6,"descricao":"Novo"},"medicamentoReferencia":null,"categoriaProduto":null,"tipoAutorizacao":"REGISTRADO","acancelar":false,"mesAnoVencimentoFormatado":"09/2010","numeroRegistroFormatado":"100200122"},"empresa":{"cnpj":"56990534000167","razaoSocial":"UNIAO QUIMICA INTERNACIONAL LTDA","numeroAutorizacao":"1000208","cnpjFormatado":"56.990.534/0001-67"},"processo":{"numero":"25351104641200415","situacao":29,"numeroProcessoFormatado":"25351.104641/2004-15"}},{"ordem":55,"produto":{"codigo":1037636,"nome":"VISABELLE","numeroRegistro":"100200136","tipo":{"codigo":1,"descricao":null},"categoria":null,"situacaoRotulo":null,"dataVencimento":null,"mesAnoVencimento":"052020","dataVencimentoRegistro":"2020-05-01T00:00:00.000-0300","principioAtivo":null,"situacaoApresentacao":"Caduco/Cancelado","dataRegistro":"2015-05-25T00:00:00.000-0300","categoriaRegulatoria":{"codigo":8,"descricao":"Similar"},"medicamentoReferencia":null,"categoriaProduto":null,"tipoAutorizacao":"REGISTRADO","acancelar":false,"mesAnoVencimentoFormatado":"05/2020","numeroRegistroFormatado":"100200136"},"empresa":{"cnpj":"56990534000167","razaoSocial":"UNIAO QUIMICA INTERNACIONAL LTDA","numeroAutorizacao":"1000208","cnpjFormatado":"56.990.534/0001-67"},"processo":{"numero":"25351535876201281","situacao":29,"numeroProcessoFormatado":"25351.535876/2012-81"}},{"ordem":56,"produto":{"codigo":3784,"nome":"YASMIN","numeroRegistro":"100200090","tipo":{"codigo":1,"descricao":null},"categoria":null,"situacaoRotulo":null,"dataVencimento":null,"mesAnoVencimento":"092011","dataVencimentoRegistro":"2011-09-01T00:00:00.000-0300","principioAtivo":null,"situacaoApresentacao":"Caduco/Cancelado","dataRegistro":"2001-09-03T00:00:00.000-0300","categoriaRegulatoria":{"codigo":6,"descricao":"Novo"},"medicamentoReferencia":null,"categoriaProduto":null,"tipoAutorizacao":"REGISTRADO","acancelar":false,"mesAnoVencimentoFormatado":"09/2011","numeroRegistroFormatado":"100200090"},"empresa":{"cnpj":"56990534000167","razaoSocial":"UNIAO QUIMICA INTERNACIONAL LTDA","numeroAutorizacao":"1000208","cnpjFormatado":"56.990.534/0001-67"},"processo":{"numero":"253510252850024","situacao":29,"numeroProcessoFormatado":"25351.025285/00-24"}},{"ordem":57,"produto":{"codigo":556259,"nome":"YASMINELLE","numeroRegistro":"100200130","tipo":{"codigo":1,"descricao":null},"categoria":null,"situacaoRotulo":null,"dataVencimento":null,"mesAnoVencimento":"022013","dataVencimentoRegistro":"2013-02-01T00:00:00.000-0300","principioAtivo":null,"situacaoApresentacao":"Caduco/Cancelado","dataRegistro":"2008-02-18T00:00:00.000-0300","categoriaRegulatoria":{"codigo":6,"descricao":"Novo"},"medicamentoReferencia":null,"categoriaProduto":null,"tipoAutorizacao":"REGISTRADO","acancelar":false,"mesAnoVencimentoFormatado":"02/2013","numeroRegistroFormatado":"100200130"},"empresa":{"cnpj":"56990534000167","razaoSocial":"UNIAO QUIMICA INTERNACIONAL LTDA","numeroAutorizacao":"1000208","cnpjFormatado":"56.990.534/0001-67"},"processo":{"numero":"25351002351200608","situacao":29,"numeroProcessoFormatado":"25351.002351/2006-08"}},{"ordem":58,"produto":{"codigo":493326,"nome":"YAZ","numeroRegistro":"100200128","tipo":{"codigo":1,"descricao":null},"categoria":null,"situacaoRotulo":null,"dataVencimento":null,"mesAnoVencimento":"012012","dataVencimentoRegistro":"2012-01-01T00:00:00.000-0300","principioAtivo":null,"situacaoApresentacao":"Caduco/Cancelado","dataRegistro":"2007-01-02T00:00:00.000-0300","categoriaRegulatoria":{"codigo":6,"descricao":"Novo"},"medicamentoReferencia":null,"categoriaProduto":null,"tipoAutorizacao":"REGISTRADO","acancelar":false,"mesAnoVencimentoFormatado":"01/2012","numeroRegistroFormatado":"100200128"},"empresa":{"cnpj":"56990534000167","razaoSocial":"UNIAO QUIMICA INTERNACIONAL LTDA","numeroAutorizacao":"1000208","cnpjFormatado":"56.990.534/0001-67"},"processo":{"numero":"25351001877200662","situacao":29,"numeroProcessoFormatado":"25351.001877/2006-62"}},{"ordem":59,"produto":{"codigo":1060104,"nome":"ZELADERM","numeroRegistro":"100200137","tipo":{"codigo":1,"descricao":null},"categoria":null,"situacaoRotulo":null,"dataVencimento":null,"mesAnoVencimento":"082020","dataVencimentoRegistro":"2020-08-01T00:00:00.000-0300","principioAtivo":null,"situacaoApresentacao":"Caduco/Cancelado","dataRegistro":"2015-08-17T00:00:00.000-0300","categoriaRegulatoria":{"codigo":8,"descricao":"Similar"},"medicamentoReferencia":null,"categoriaProduto":null,"tipoAutorizacao":"REGISTRADO","acancelar":false,"mesAnoVencimentoFormatado":"08/2020","numeroRegistroFormatado":"100200137"},"empresa":{"cnpj":"56990534000167","razaoSocial":"UNIAO QUIMICA INTERNACIONAL LTDA","numeroAutorizacao":"1000208","cnpjFormatado":"56.990.534/0001-67"},"processo":{"numero":"25351103344201398","situacao":29,"numeroProcessoFormatado":"25351.103344/2013-98"}}],"totalElements":59,"totalPages":1,"last":true,"numberOfElements":59,"first":true,"sort":null,"size":1000,"number":0}