{"content":[{"ordem":1,"produto":{"codigo":2621,"nome":"B-TABLOCK","numeroRegistro":"117250020","tipo":{"codigo":1,"descricao":null},"categoria":null,"situacaoRotulo":null,"dataVencimento":null,"mesAnoVencimento":"082021","dataVencimentoRegistro":"2021-08-01T00:00:00.000-0300","principioAtivo":null,"situacaoApresentacao":"Caduco/Cancelado","dataRegistro":"2001-08-24T00:00:00.000-0300","categoriaRegulatoria":{"codigo":8,"descricao":"Similar"},"medicamentoReferencia":null,"categoriaProduto":null,"tipoAutorizacao":"REGISTRADO","mesAnoVencimentoFormatado":"08/2021","numeroRegistroFormatado":"117250020","acancelar":false},"empresa":{"cnpj":"60084456000109","razaoSocial":"LATINOFARMA INDUSTRIAS FARMACEUTICAS LTDA","numeroAutorizacao":null,"cnpjFormatado":"60.084.456/0001-09"},"processo":{"numero":"253510312790014","situacao":29,"numeroProcessoFormatado":"25351.031279/00-14"}},{"ordem":2,"produto":{"codigo":2406,"nome":"CICLOLATO","numeroRegistro":"117250034","tipo":{"codigo":1,"descricao":null},"categoria":null,"situacaoRotulo":null,"dataVencimento":null,"mesAnoVencimento":"012022","dataVencimentoRegistro":"2022-01-01T00:00:00.000-0300","principioAtivo":null,"situacaoApresentacao":"Caduco/Cancelado","dataRegistro":"2002-01-21T00:00:00.000-0200","categoriaRegulatoria":{"codigo":8,"descricao":"Similar"},"medicamentoReferencia":null,"categoriaProduto":null,"tipoAutorizacao":"REGISTRADO","mesAnoVencimentoFormatado":"01/2022","numeroRegistroFormatado":"117250034","acancelar":false},"empresa":{"cnpj":"60084456000109","razaoSocial":"LATINOFARMA INDUSTRIAS FARMACEUTICAS LTDA","numeroAutorizacao":null,"cnpjFormatado":"60.084.456/0001-09"},"processo":{"numero":"253510196000156","situacao":29,"numeroProcessoFormatado":"25351.019600/01-56"}},{"ordem":3,"produto":{"codigo":137493,"nome":"CICLOMIDRIN","numeroRegistro":"117250026","tipo":{"codigo":1,"descricao":null},"categoria":null,"situacaoRotulo":null,"dataVencimento":null,"mesAnoVencimento":"102021","dataVencimentoRegistro":"2021-10-01T00:00:00.000-0300","principioAtivo":null,"situacaoApresentacao":"Caduco/Cancelado","dataRegistro":"2001-10-15T00:00:00.000-0200","categoriaRegulatoria":{"codigo":8,"descricao":"Similar"},"medicamentoReferencia":null,"categoriaProduto":null,"tipoAutorizacao":"REGISTRADO","mesAnoVencimentoFormatado":"10/2021","numeroRegistroFormatado":"117250026","acancelar":false},"empresa":{"cnpj":"60084456000109","razaoSocial":"LATINOFARMA INDUSTRIAS FARMACEUTICAS LTDA","numeroAutorizacao":null,"cnpjFormatado":"60.084.456/0001-09"},"processo":{"numero":"253510313020026","situacao":29,"numeroProcessoFormatado":"25351.031302/00-26"}},{"ordem":4,"produto":{"codigo":2131,"nome":"CLORANSET","numeroRegistro":"117250024","tipo":{"codigo":1,"descricao":null},"categoria":null,"situacaoRotulo":null,"dataVencimento":null,"mesAnoVencimento":"082006","dataVencimentoRegistro":"2006-08-01T00:00:00.000-0300","principioAtivo":null,"situacaoApresentacao":"Caduco/Cancelado","dataRegistro":"2001-08-29T00:00:00.000-0300","categoriaRegulatoria":{"codigo":8,"descricao":"Similar"},"medicamentoReferencia":null,"categoriaProduto":null,"tipoAutorizacao":"REGISTRADO","mesAnoVencimentoFormatado":"08/2006","numeroRegistroFormatado":"117250024","acancelar":false},"empresa":{"cnpj":"60084456000109","razaoSocial":"LATINOFARMA INDUSTRIAS FARMACEUTICAS LTDA","numeroAutorizacao":null,"cnpjFormatado":"60.084.456/0001-09"},"processo":{"numero":"253510312890060","situacao":29,"numeroProcessoFormatado":"25351.031289/00-60"}},{"ordem":5,"produto":{"codigo":145436,"nome":"ECOFILM","numeroRegistro":"117250037","tipo":{"codigo":1,"descricao":null},"categoria":null,"situacaoRotulo":null,"dataVencimento":null,"mesAnoVencimento":"012023","dataVencimentoRegistro":"2023-01-01T00:00:00.000-0300","principioAtivo":null,"situacaoApresentacao":"Caduco/Cancelado","dataRegistro":"2003-01-22T00:00:00.000-0300","categoriaRegulatoria":{"codigo":8,"descricao":"Similar"},"medicamentoReferencia":null,"categoriaProduto":null,"tipoAutorizacao":"REGISTRADO","mesAnoVencimentoFormatado":"01/2023","numeroRegistroFormatado":"117250037","acancelar":false},"empresa":{"cnpj":"60084456000109","razaoSocial":"LATINOFARMA INDUSTRIAS FARMACEUTICAS LTDA","numeroAutorizacao":null,"cnpjFormatado":"60.084.456/0001-09"},"processo":{"numero":"25351189642200260","situacao":29,"numeroProcessoFormatado":"25351.189642/2002-60"}},{"ordem":6,"produto":{"codigo":125666,"nome":"FLUORESCEINA SODICA","numeroRegistro":"117250036","tipo":{"codigo":1,"descricao":null},"categoria":null,"situacaoRotulo":null,"dataVencimento":null,"mesAnoVencimento":"062007","dataVencimentoRegistro":"2007-06-01T00:00:00.000-0300","principioAtivo":null,"situacaoApresentacao":"Caduco/Cancelado","dataRegistro":"2002-06-20T00:00:00.000-0300","categoriaRegulatoria":{"codigo":8,"descricao":"Similar"},"medicamentoReferencia":null,"categoriaProduto":null,"tipoAutorizacao":"REGISTRADO","mesAnoVencimentoFormatado":"06/2007","numeroRegistroFormatado":"117250036","acancelar":false},"empresa":{"cnpj":"60084456000109","razaoSocial":"LATINOFARMA INDUSTRIAS FARMACEUTICAS LTDA","numeroAutorizacao":null,"cnpjFormatado":"60.084.456/0001-09"},"processo":{"numero":"253510013860207","situacao":29,"numeroProcessoFormatado":"25351.001386/02-07"}},{"ordem":7,"produto":{"codigo":190,"nome":"FLUTINOL","numeroRegistro":"117250028","tipo":{"codigo":1,"descricao":null},"categoria":null,"situacaoRotulo":null,"dataVencimento":null,"mesAnoVencimento":"102021","dataVencimentoRegistro":"2021-10-01T00:00:00.000-0300","principioAtivo":null,"situacaoApresentacao":"Caduco/Cancelado","dataRegistro":"2001-10-23T00:00:00.000-0200","categoriaRegulatoria":{"codigo":8,"descricao":"Similar"},"medicamentoReferencia":null,"categoriaProduto":null,"tipoAutorizacao":"REGISTRADO","mesAnoVencimentoFormatado":"10/2021","numeroRegistroFormatado":"117250028","acancelar":false},"empresa":{"cnpj":"60084456000109","razaoSocial":"LATINOFARMA INDUSTRIAS FARMACEUTICAS LTDA","numeroAutorizacao":null,"cnpjFormatado":"60.084.456/0001-09"},"processo":{"numero":"253510312720067","situacao":29,"numeroProcessoFormatado":"25351.031272/00-67"}},{"ordem":8,"produto":{"codigo":3,"nome":"HIGICLER","numeroRegistro":"117250027","tipo":{"codigo":1,"descricao":null},"categoria":null,"situacaoRotulo":null,"dataVencimento":null,"mesAnoVencimento":"102021","dataVencimentoRegistro":"2021-10-01T00:00:00.000-0300","principioAtivo":null,"situacaoApresentacao":"Caduco/Cancelado","dataRegistro":"2001-10-23T00:00:00.000-0200","categoriaRegulatoria":{"codigo":8,"descricao":"Similar"},"medicamentoReferencia":null,"categoriaProduto":null,"tipoAutorizacao":"REGISTRADO","mesAnoVencimentoFormatado":"10/2021","numeroRegistroFormatado":"117250027","acancelar":false},"empresa":{"cnpj":"60084456000109","razaoSocial":"LATINOFARMA INDUSTRIAS FARMACEUTICAS LTDA","numeroAutorizacao":null,"cnpjFormatado":"60.084.456/0001-09"},"processo":{"numero":"253510312740092","situacao":29,"numeroProcessoFormatado":"25351.031274/00-92"}},{"ordem":9,"produto":{"codigo":3295,"nome":"LACRIBELL","numeroRegistro":"117250013","tipo":{"codigo":1,"descricao":null},"categoria":null,"situacaoRotulo":null,"dataVencimento":null,"mesAnoVencimento":"082021","dataVencimentoRegistro":"2021-08-01T00:00:00.000-0300","principioAtivo":null,"situacaoApresentacao":"Caduco/Cancelado","dataRegistro":"2001-08-15T00:00:00.000-0300","categoriaRegulatoria":{"codigo":8,"descricao":"Similar"},"medicamentoReferencia":null,"categoriaProduto":null,"tipoAutorizacao":"REGISTRADO","mesAnoVencimentoFormatado":"08/2021","numeroRegistroFormatado":"117250013","acancelar":false},"empresa":{"cnpj":"60084456000109","razaoSocial":"LATINOFARMA INDUSTRIAS FARMACEUTICAS LTDA","numeroAutorizacao":null,"cnpjFormatado":"60.084.456/0001-09"},"processo":{"numero":"253510312870034","situacao":29,"numeroProcessoFormatado":"25351.031287/00-34"}},{"ordem":10,"produto":{"codigo":6259,"nome":"MAXIBELL","numeroRegistro":"117250025","tipo":{"codigo":1,"descricao":null},"categoria":null,"situacaoRotulo":null,"dataVencimento":null,"mesAnoVencimento":"102021","dataVencimentoRegistro":"2021-10-01T00:00:00.000-0300","principioAtivo":null,"situacaoApresentacao":"Caduco/Cancelado","dataRegistro":"2001-10-15T00:00:00.000-0200","categoriaRegulatoria":{"codigo":8,"descricao":"Similar"},"medicamentoReferencia":null,"categoriaProduto":null,"tipoAutorizacao":"REGISTRADO","mesAnoVencimentoFormatado":"10/2021","numeroRegistroFormatado":"117250025","acancelar":false},"empresa":{"cnpj":"60084456000109","razaoSocial":"LATINOFARMA INDUSTRIAS FARMACEUTICAS LTDA","numeroAutorizacao":null,"cnpjFormatado":"60.084.456/0001-09"},"processo":{"numero":"253510312750055","situacao":29,"numeroProcessoFormatado":"25351.031275/00-55"}},{"ordem":11,"produto":{"codigo":2440,"nome":"MAXIFLOX","numeroRegistro":"117250023","tipo":{"codigo":1,"descricao":null},"categoria":null,"situacaoRotulo":null,"dataVencimento":null,"mesAnoVencimento":"082021","dataVencimentoRegistro":"2021-08-01T00:00:00.000-0300","principioAtivo":null,"situacaoApresentacao":"Caduco/Cancelado","dataRegistro":"2001-08-29T00:00:00.000-0300","categoriaRegulatoria":{"codigo":8,"descricao":"Similar"},"medicamentoReferencia":null,"categoriaProduto":null,"tipoAutorizacao":"REGISTRADO","mesAnoVencimentoFormatado":"08/2021","numeroRegistroFormatado":"117250023","acancelar":false},"empresa":{"cnpj":"60084456000109","razaoSocial":"LATINOFARMA INDUSTRIAS FARMACEUTICAS LTDA","numeroAutorizacao":null,"cnpjFormatado":"60.084.456/0001-09"},"processo":{"numero":"253510312970098","situacao":29,"numeroProcessoFormatado":"25351.031297/00-98"}},{"ordem":12,"produto":{"codigo":2445,"nome":"MAXIFLOX D","numeroRegistro":"117250022","tipo":{"codigo":1,"descricao":null},"categoria":null,"situacaoRotulo":null,"dataVencimento":null,"mesAnoVencimento":"082021","dataVencimentoRegistro":"2021-08-01T00:00:00.000-0300","principioAtivo":null,"situacaoApresentacao":"Caduco/Cancelado","dataRegistro":"2001-08-29T00:00:00.000-0300","categoriaRegulatoria":{"codigo":8,"descricao":"Similar"},"medicamentoReferencia":null,"categoriaProduto":null,"tipoAutorizacao":"REGISTRADO","mesAnoVencimentoFormatado":"08/2021","numeroRegistroFormatado":"117250022","acancelar":false},"empresa":{"cnpj":"60084456000109","razaoSocial":"LATINOFARMA INDUSTRIAS FARMACEUTICAS LTDA","numeroAutorizacao":null,"cnpjFormatado":"60.084.456/0001-09"},"processo":{"numero":"253510312990013","situacao":29,"numeroProcessoFormatado":"25351.031299/00-13"}},{"ordem":13,"produto":{"codigo":485671,"nome":"MAXILERG","numeroRegistro":"117250030","tipo":{"codigo":1,"descricao":null},"categoria":null,"situacaoRotulo":null,"dataVencimento":null,"mesAnoVencimento":"102021","dataVencimentoRegistro":"2021-10-01T00:00:00.000-0300","principioAtivo":null,"situacaoApresentacao":"Caduco/Cancelado","dataRegistro":"2001-10-26T00:00:00.000-0200","categoriaRegulatoria":{"codigo":8,"descricao":"Similar"},"medicamentoReferencia":null,"categoriaProduto":null,"tipoAutorizacao":"REGISTRADO","mesAnoVencimentoFormatado":"10/2021","numeroRegistroFormatado":"117250030","acancelar":false},"empresa":{"cnpj":"60084456000109","razaoSocial":"LATINOFARMA INDUSTRIAS FARMACEUTICAS LTDA","numeroAutorizacao":null,"cnpjFormatado":"60.084.456/0001-09"},"processo":{"numero":"253510312820011","situacao":29,"numeroProcessoFormatado":"25351.031282/00-11"}},{"ordem":14,"produto":{"codigo":3272,"nome":"NEPODEX","numeroRegistro":"117250018","tipo":{"codigo":1,"descricao":null},"categoria":null,"situacaoRotulo":null,"dataVencimento":null,"mesAnoVencimento":"082006","dataVencimentoRegistro":"2006-08-01T00:00:00.000-0300","principioAtivo":null,"situacaoApresentacao":"Caduco/Cancelado","dataRegistro":"2001-08-24T00:00:00.000-0300","categoriaRegulatoria":{"codigo":8,"descricao":"Similar"},"medicamentoReferencia":null,"categoriaProduto":null,"tipoAutorizacao":"REGISTRADO","mesAnoVencimentoFormatado":"08/2006","numeroRegistroFormatado":"117250018","acancelar":false},"empresa":{"cnpj":"60084456000109","razaoSocial":"LATINOFARMA INDUSTRIAS FARMACEUTICAS LTDA","numeroAutorizacao":null,"cnpjFormatado":"60.084.456/0001-09"},"processo":{"numero":"253510313000009","situacao":29,"numeroProcessoFormatado":"25351.031300/00-09"}},{"ordem":15,"produto":{"codigo":5,"nome":"NOSTIL","numeroRegistro":"117250016","tipo":{"codigo":1,"descricao":null},"categoria":null,"situacaoRotulo":null,"dataVencimento":null,"mesAnoVencimento":"082021","dataVencimentoRegistro":"2021-08-01T00:00:00.000-0300","principioAtivo":null,"situacaoApresentacao":"Caduco/Cancelado","dataRegistro":"2001-08-22T00:00:00.000-0300","categoriaRegulatoria":{"codigo":8,"descricao":"Similar"},"medicamentoReferencia":null,"categoriaProduto":null,"tipoAutorizacao":"REGISTRADO","mesAnoVencimentoFormatado":"08/2021","numeroRegistroFormatado":"117250016","acancelar":false},"empresa":{"cnpj":"60084456000109","razaoSocial":"LATINOFARMA INDUSTRIAS FARMACEUTICAS LTDA","numeroAutorizacao":null,"cnpjFormatado":"60.084.456/0001-09"},"processo":{"numero":"253510312800095","situacao":29,"numeroProcessoFormatado":"25351.031280/00-95"}},{"ordem":16,"produto":{"codigo":219,"nome":"OFTPRED","numeroRegistro":"117250033","tipo":{"codigo":1,"descricao":null},"categoria":null,"situacaoRotulo":null,"dataVencimento":null,"mesAnoVencimento":"102021","dataVencimentoRegistro":"2021-10-01T00:00:00.000-0300","principioAtivo":null,"situacaoApresentacao":"Caduco/Cancelado","dataRegistro":"2001-10-15T00:00:00.000-0200","categoriaRegulatoria":{"codigo":8,"descricao":"Similar"},"medicamentoReferencia":null,"categoriaProduto":null,"tipoAutorizacao":"REGISTRADO","mesAnoVencimentoFormatado":"10/2021","numeroRegistroFormatado":"117250033","acancelar":false},"empresa":{"cnpj":"60084456000109","razaoSocial":"LATINOFARMA INDUSTRIAS FARMACEUTICAS LTDA","numeroAutorizacao":null,"cnpjFormatado":"60.084.456/0001-09"},"processo":{"numero":"253510312760018","situacao":29,"numeroProcessoFormatado":"25351.031276/00-18"}},{"ordem":17,"produto":{"codigo":125254,"nome":"OXINEST","numeroRegistro":"117250035","tipo":{"codigo":1,"descricao":null},"categoria":null,"situacaoRotulo":null,"dataVencimento":null,"mesAnoVencimento":"062022","dataVencimentoRegistro":"2022-06-01T00:00:00.000-0300","principioAtivo":null,"situacaoApresentacao":"Caduco/Cancelado","dataRegistro":"2002-06-20T00:00:00.000-0300","categoriaRegulatoria":{"codigo":8,"descricao":"Similar"},"medicamentoReferencia":null,"categoriaProduto":null,"tipoAutorizacao":"REGISTRADO","mesAnoVencimentoFormatado":"06/2022","numeroRegistroFormatado":"117250035","acancelar":false},"empresa":{"cnpj":"60084456000109","razaoSocial":"LATINOFARMA INDUSTRIAS FARMACEUTICAS LTDA","numeroAutorizacao":null,"cnpjFormatado":"60.084.456/0001-09"},"processo":{"numero":"253510163350191","situacao":29,"numeroProcessoFormatado":"25351.016335/01-91"}},{"ordem":18,"produto":{"codigo":2789,"nome":"PILOCAN","numeroRegistro":"117250019","tipo":{"codigo":1,"descricao":null},"categoria":null,"situacaoRotulo":null,"dataVencimento":null,"mesAnoVencimento":"082021","dataVencimentoRegistro":"2021-08-01T00:00:00.000-0300","principioAtivo":null,"situacaoApresentacao":"Caduco/Cancelado","dataRegistro":"2001-08-24T00:00:00.000-0300","categoriaRegulatoria":{"codigo":8,"descricao":"Similar"},"medicamentoReferencia":null,"categoriaProduto":null,"tipoAutorizacao":"REGISTRADO","mesAnoVencimentoFormatado":"08/2021","numeroRegistroFormatado":"117250019","acancelar":false},"empresa":{"cnpj":"60084456000109","razaoSocial":"LATINOFARMA INDUSTRIAS FARMACEUTICAS LTDA","numeroAutorizacao":null,"cnpjFormatado":"60.084.456/0001-09"},"processo":{"numero":"253510312880005","situacao":29,"numeroProcessoFormatado":"25351.031288/00-05"}},{"ordem":19,"produto":{"codigo":39,"nome":"PIORED","numeroRegistro":"117250031","tipo":{"codigo":1,"descricao":null},"categoria":null,"situacaoRotulo":null,"dataVencimento":null,"mesAnoVencimento":"102006","dataVencimentoRegistro":"2006-10-01T00:00:00.000-0300","principioAtivo":null,"situacaoApresentacao":"Caduco/Cancelado","dataRegistro":"2001-10-29T00:00:00.000-0200","categoriaRegulatoria":{"codigo":8,"descricao":"Similar"},"medicamentoReferencia":null,"categoriaProduto":null,"tipoAutorizacao":"REGISTRADO","mesAnoVencimentoFormatado":"10/2006","numeroRegistroFormatado":"117250031","acancelar":false},"empresa":{"cnpj":"60084456000109","razaoSocial":"LATINOFARMA INDUSTRIAS FARMACEUTICAS LTDA","numeroAutorizacao":null,"cnpjFormatado":"60.084.456/0001-09"},"processo":{"numero":"253510312770081","situacao":29,"numeroProcessoFormatado":"25351.031277/00-81"}},{"ordem":20,"produto":{"codigo":1,"nome":"PREDSUL","numeroRegistro":"117250021","tipo":{"codigo":1,"descricao":null},"categoria":null,"situacaoRotulo":null,"dataVencimento":null,"mesAnoVencimento":"082006","dataVencimentoRegistro":"2006-08-01T00:00:00.000-0300","principioAtivo":null,"situacaoApresentacao":"Caduco/Cancelado","dataRegistro":"2001-08-29T00:00:00.000-0300","categoriaRegulatoria":{"codigo":8,"descricao":"Similar"},"medicamentoReferencia":null,"categoriaProduto":null,"tipoAutorizacao":"REGISTRADO","mesAnoVencimentoFormatado":"08/2006","numeroRegistroFormatado":"117250021","acancelar":false},"empresa":{"cnpj":"60084456000109","razaoSocial":"LATINOFARMA INDUSTRIAS FARMACEUTICAS LTDA","numeroAutorizacao":null,"cnpjFormatado":"60.084.456/0001-09"},"processo":{"numero":"253510313030099","situacao":29,"numeroProcessoFormatado":"25351.031303/00-99"}},{"ordem":21,"produto":{"codigo":41,"nome":"PRESMIN","numeroRegistro":"117250032","tipo":{"codigo":1,"descricao":null},"categoria":null,"situacaoRotulo":null,"dataVencimento":null,"mesAnoVencimento":"122021","dataVencimentoRegistro":"2021-12-01T00:00:00.000-0300","principioAtivo":null,"situacaoApresentacao":"Caduco/Cancelado","dataRegistro":"2001-12-10T00:00:00.000-0200","categoriaRegulatoria":{"codigo":8,"descricao":"Similar"},"medicamentoReferencia":null,"categoriaProduto":null,"tipoAutorizacao":"REGISTRADO","mesAnoVencimentoFormatado":"12/2021","numeroRegistroFormatado":"117250032","acancelar":false},"empresa":{"cnpj":"60084456000109","razaoSocial":"LATINOFARMA INDUSTRIAS FARMACEUTICAS LTDA","numeroAutorizacao":null,"cnpjFormatado":"60.084.456/0001-09"},"processo":{"numero":"253510312730020","situacao":29,"numeroProcessoFormatado":"25351.031273/00-20"}},{"ordem":22,"produto":{"codigo":230,"nome":"REGENCEL","numeroRegistro":"117250014","tipo":{"codigo":1,"descricao":null},"categoria":null,"situacaoRotulo":null,"dataVencimento":null,"mesAnoVencimento":"082021","dataVencimentoRegistro":"2021-08-01T00:00:00.000-0300","principioAtivo":null,"situacaoApresentacao":"Caduco/Cancelado","dataRegistro":"2001-08-16T00:00:00.000-0300","categoriaRegulatoria":{"codigo":8,"descricao":"Similar"},"medicamentoReferencia":null,"categoriaProduto":null,"tipoAutorizacao":"REGISTRADO","mesAnoVencimentoFormatado":"08/2021","numeroRegistroFormatado":"117250014","acancelar":false},"empresa":{"cnpj":"60084456000109","razaoSocial":"LATINOFARMA INDUSTRIAS FARMACEUTICAS LTDA","numeroAutorizacao":null,"cnpjFormatado":"60.084.456/0001-09"},"processo":{"numero":"253510058170170","situacao":29,"numeroProcessoFormatado":"25351.005817/01-70"}},{"ordem":23,"produto":{"codigo":8065,"nome":"TOBRACIN","numeroRegistro":"117250017","tipo":{"codigo":1,"descricao":null},"categoria":null,"situacaoRotulo":null,"dataVencimento":null,"mesAnoVencimento":"082021","dataVencimentoRegistro":"2021-08-01T00:00:00.000-0300","principioAtivo":null,"situacaoApresentacao":"Caduco/Cancelado","dataRegistro":"2001-08-24T00:00:00.000-0300","categoriaRegulatoria":{"codigo":8,"descricao":"Similar"},"medicamentoReferencia":null,"categoriaProduto":null,"tipoAutorizacao":"REGISTRADO","mesAnoVencimentoFormatado":"08/2021","numeroRegistroFormatado":"117250017","acancelar":false},"empresa":{"cnpj":"60084456000109","razaoSocial":"LATINOFARMA INDUSTRIAS FARMACEUTICAS LTDA","numeroAutorizacao":null,"cnpjFormatado":"60.084.456/0001-09"},"processo":{"numero":"253510312860071","situacao":29,"numeroProcessoFormatado":"25351.031286/00-71"}},{"ordem":24,"produto":{"codigo":8070,"nome":"TOBRACIN D","numeroRegistro":"117250015","tipo":{"codigo":1,"descricao":null},"categoria":null,"situacaoRotulo":null,"dataVencimento":null,"mesAnoVencimento":"082006","dataVencimentoRegistro":"2006-08-01T00:00:00.000-0300","principioAtivo":null,"situacaoApresentacao":"Caduco/Cancelado","dataRegistro":"2001-08-22T00:00:00.000-0300","categoriaRegulatoria":{"codigo":8,"descricao":"Similar"},"medicamentoReferencia":null,"categoriaProduto":null,"tipoAutorizacao":"REGISTRADO","mesAnoVencimentoFormatado":"08/2006","numeroRegistroFormatado":"117250015","acancelar":false},"empresa":{"cnpj":"60084456000109","razaoSocial":"LATINOFARMA INDUSTRIAS FARMACEUTICAS LTDA","numeroAutorizacao":null,"cnpjFormatado":"60.084.456/0001-09"},"processo":{"numero":"253510312850017","situacao":29,"numeroProcessoFormatado":"25351.031285/00-17"}}],"totalPages":1,"totalElements":24,"last":true,"numberOfElements":24,"first":true,"sort":null,"size":1000,"number":0}