{"content":[{"ordem":1,"produto":{"codigo":369533,"nome":"Hepacholan","numeroRegistro":"101290002","tipo":{"codigo":1,"descricao":null},"categoria":null,"situacaoRotulo":null,"dataVencimento":null,"mesAnoVencimento":"102009","dataVencimentoRegistro":"2009-10-01T00:00:00.000-0300","principioAtivo":null,"situacaoApresentacao":"Caduco/Cancelado","dataRegistro":"1989-10-30T00:00:00.000-0200","categoriaRegulatoria":{"codigo":4,"descricao":"Fitoterápico"},"medicamentoReferencia":null,"categoriaProduto":null,"tipoAutorizacao":"REGISTRADO","acancelar":false,"mesAnoVencimentoFormatado":"10/2009","numeroRegistroFormatado":"101290002"},"empresa":{"cnpj":"60398120000110","razaoSocial":"LABORATÓRIO HEPACHOLAN SA","numeroAutorizacao":null,"cnpjFormatado":"60.398.120/0001-10"},"processo":{"numero":"2599200017435","situacao":29,"numeroProcessoFormatado":"25992.000174/35"}},{"ordem":2,"produto":{"codigo":405995,"nome":"REGULADOR XAVIER  N°1","numeroRegistro":"101290004","tipo":{"codigo":1,"descricao":null},"categoria":null,"situacaoRotulo":null,"dataVencimento":null,"mesAnoVencimento":"082020","dataVencimentoRegistro":"2020-08-01T00:00:00.000-0300","principioAtivo":null,"situacaoApresentacao":"Caduco/Cancelado","dataRegistro":"1990-08-18T00:00:00.000-0300","categoriaRegulatoria":{"codigo":null,"descricao":null},"medicamentoReferencia":null,"categoriaProduto":null,"tipoAutorizacao":"REGISTRADO","acancelar":false,"mesAnoVencimentoFormatado":"08/2020","numeroRegistroFormatado":"101290004"},"empresa":{"cnpj":"60398120000110","razaoSocial":"LABORATÓRIO HEPACHOLAN SA","numeroAutorizacao":null,"cnpjFormatado":"60.398.120/0001-10"},"processo":{"numero":"2599200126530","situacao":29,"numeroProcessoFormatado":"25992.001265/30"}},{"ordem":3,"produto":{"codigo":368354,"nome":"REGULADOR XAVIER N. 2","numeroRegistro":"101290001","tipo":{"codigo":1,"descricao":null},"categoria":null,"situacaoRotulo":null,"dataVencimento":null,"mesAnoVencimento":"102014","dataVencimentoRegistro":"2014-10-01T00:00:00.000-0300","principioAtivo":null,"situacaoApresentacao":"Caduco/Cancelado","dataRegistro":"1985-11-01T00:00:00.000-0300","categoriaRegulatoria":{"codigo":8,"descricao":"Similar"},"medicamentoReferencia":null,"categoriaProduto":null,"tipoAutorizacao":"REGISTRADO","acancelar":false,"mesAnoVencimentoFormatado":"10/2014","numeroRegistroFormatado":"101290001"},"empresa":{"cnpj":"60398120000110","razaoSocial":"LABORATÓRIO HEPACHOLAN SA","numeroAutorizacao":null,"cnpjFormatado":"60.398.120/0001-10"},"processo":{"numero":"2599200107031","situacao":29,"numeroProcessoFormatado":"25992.001070/31"}}],"totalElements":3,"totalPages":1,"last":true,"numberOfElements":3,"size":1000,"number":0,"first":true,"sort":null}