{"content":[{"ordem":1,"produto":{"codigo":229,"nome":"AD TIL","numeroRegistro":"106390150","tipo":{"codigo":1,"descricao":null},"categoria":null,"situacaoRotulo":null,"dataVencimento":null,"mesAnoVencimento":"122004","dataVencimentoRegistro":"2004-12-01T00:00:00.000-0300","principioAtivo":null,"situacaoApresentacao":"Caduco/Cancelado","dataRegistro":"2001-08-16T00:00:00.000-0300","categoriaRegulatoria":{"codigo":3,"descricao":"Específico"},"medicamentoReferencia":null,"categoriaProduto":null,"tipoAutorizacao":"REGISTRADO","mesAnoVencimentoFormatado":"12/2004","numeroRegistroFormatado":"106390150","acancelar":false},"empresa":{"cnpj":"60397775000174","razaoSocial":"TAKEDA PHARMA LTDA.","numeroAutorizacao":"1006398","cnpjFormatado":"60.397.775/0001-74"},"processo":{"numero":"2599200814341","situacao":29,"numeroProcessoFormatado":"25992.008143/41"}},{"ordem":2,"produto":{"codigo":471487,"nome":"AD-TIL","numeroRegistro":"106390243","tipo":{"codigo":1,"descricao":null},"categoria":null,"situacaoRotulo":null,"dataVencimento":null,"mesAnoVencimento":"082026","dataVencimentoRegistro":"2026-08-01T00:00:00.000-0300","principioAtivo":null,"situacaoApresentacao":"Caduco/Cancelado","dataRegistro":"2006-08-28T00:00:00.000-0300","categoriaRegulatoria":{"codigo":3,"descricao":"Específico"},"medicamentoReferencia":null,"categoriaProduto":null,"tipoAutorizacao":"REGISTRADO","mesAnoVencimentoFormatado":"08/2026","numeroRegistroFormatado":"106390243","acancelar":false},"empresa":{"cnpj":"60397775000174","razaoSocial":"TAKEDA PHARMA LTDA.","numeroAutorizacao":"1006398","cnpjFormatado":"60.397.775/0001-74"},"processo":{"numero":"25351267568200653","situacao":29,"numeroProcessoFormatado":"25351.267568/2006-53"}},{"ordem":3,"produto":{"codigo":876920,"nome":"ADCETRIS","numeroRegistro":"106390269","tipo":{"codigo":1,"descricao":null},"categoria":null,"situacaoRotulo":null,"dataVencimento":"2029-09-11T00:00:00.000-0300","mesAnoVencimento":"092029","dataVencimentoRegistro":"2029-09-01T00:00:00.000-0300","principioAtivo":"brentuximabe vedotina","situacaoApresentacao":"Válido","dataRegistro":"2014-09-01T00:00:00.000-0300","categoriaRegulatoria":{"codigo":1,"descricao":"Biológico"},"medicamentoReferencia":null,"categoriaProduto":null,"tipoAutorizacao":"REGISTRADO","mesAnoVencimentoFormatado":"09/2029","numeroRegistroFormatado":"106390269","acancelar":false},"empresa":{"cnpj":"60397775000174","razaoSocial":"TAKEDA PHARMA LTDA.","numeroAutorizacao":"1006398","cnpjFormatado":"60.397.775/0001-74"},"processo":{"numero":"25351058806201395","situacao":29,"numeroProcessoFormatado":"25351.058806/2013-95"}},{"ordem":4,"produto":{"codigo":1477469,"nome":"ADVATE","numeroRegistro":"106390288","tipo":{"codigo":1,"descricao":null},"categoria":null,"situacaoRotulo":null,"dataVencimento":null,"mesAnoVencimento":"072029","dataVencimentoRegistro":"2029-07-01T00:00:00.000-0300","principioAtivo":"alfaoctocogue","situacaoApresentacao":"Válido","dataRegistro":"2020-09-28T00:00:00.000-0300","categoriaRegulatoria":{"codigo":1,"descricao":"Biológico"},"medicamentoReferencia":null,"categoriaProduto":null,"tipoAutorizacao":"REGISTRADO","mesAnoVencimentoFormatado":"07/2029","numeroRegistroFormatado":"106390288","acancelar":false},"empresa":{"cnpj":"60397775000174","razaoSocial":"TAKEDA PHARMA LTDA.","numeroAutorizacao":"1006398","cnpjFormatado":"60.397.775/0001-74"},"processo":{"numero":"25351779075202010","situacao":29,"numeroProcessoFormatado":"25351.779075/2020-10"}},{"ordem":5,"produto":{"codigo":1477740,"nome":"ADYNOVATE","numeroRegistro":"106390297","tipo":{"codigo":1,"descricao":null},"categoria":null,"situacaoRotulo":null,"dataVencimento":null,"mesAnoVencimento":"012030","dataVencimentoRegistro":"2030-01-01T00:00:00.000-0300","principioAtivo":"ALFARURIOCTOCOGUE PEGOL","situacaoApresentacao":"Válido","dataRegistro":"2020-09-28T00:00:00.000-0300","categoriaRegulatoria":{"codigo":1,"descricao":"Biológico"},"medicamentoReferencia":null,"categoriaProduto":null,"tipoAutorizacao":"REGISTRADO","mesAnoVencimentoFormatado":"01/2030","numeroRegistroFormatado":"106390297","acancelar":false},"empresa":{"cnpj":"60397775000174","razaoSocial":"TAKEDA PHARMA LTDA.","numeroAutorizacao":"1006398","cnpjFormatado":"60.397.775/0001-74"},"processo":{"numero":"25351779248202008","situacao":29,"numeroProcessoFormatado":"25351.779248/2020-08"}},{"ordem":6,"produto":{"codigo":6932,"nome":"AGIOFIBRA","numeroRegistro":"106390173","tipo":{"codigo":1,"descricao":null},"categoria":null,"situacaoRotulo":null,"dataVencimento":null,"mesAnoVencimento":"092010","dataVencimentoRegistro":"2010-09-01T00:00:00.000-0300","principioAtivo":null,"situacaoApresentacao":"Caduco/Cancelado","dataRegistro":"2001-11-07T00:00:00.000-0200","categoriaRegulatoria":{"codigo":4,"descricao":"Fitoterápico"},"medicamentoReferencia":null,"categoriaProduto":null,"tipoAutorizacao":"REGISTRADO","mesAnoVencimentoFormatado":"09/2010","numeroRegistroFormatado":"106390173","acancelar":false},"empresa":{"cnpj":"60397775000174","razaoSocial":"TAKEDA PHARMA LTDA.","numeroAutorizacao":"1006398","cnpjFormatado":"60.397.775/0001-74"},"processo":{"numero":"2500101338585","situacao":29,"numeroProcessoFormatado":"25001.013385/85"}},{"ordem":7,"produto":{"codigo":126289,"nome":"AGIOLAX","numeroRegistro":"106390184","tipo":{"codigo":1,"descricao":null},"categoria":null,"situacaoRotulo":null,"dataVencimento":null,"mesAnoVencimento":"062020","dataVencimentoRegistro":"2020-06-01T00:00:00.000-0300","principioAtivo":null,"situacaoApresentacao":"Caduco/Cancelado","dataRegistro":"2002-06-05T00:00:00.000-0300","categoriaRegulatoria":{"codigo":4,"descricao":"Fitoterápico"},"medicamentoReferencia":null,"categoriaProduto":null,"tipoAutorizacao":"REGISTRADO","mesAnoVencimentoFormatado":"06/2020","numeroRegistroFormatado":"106390184","acancelar":false},"empresa":{"cnpj":"60397775000174","razaoSocial":"TAKEDA PHARMA LTDA.","numeroAutorizacao":"1006398","cnpjFormatado":"60.397.775/0001-74"},"processo":{"numero":"2599200828275","situacao":29,"numeroProcessoFormatado":"25992.008282/75"}},{"ordem":8,"produto":{"codigo":1558022,"nome":"AGRYLIN","numeroRegistro":"106390302","tipo":{"codigo":1,"descricao":null},"categoria":null,"situacaoRotulo":null,"dataVencimento":"2022-12-04T00:00:00.000-0300","mesAnoVencimento":"122027","dataVencimentoRegistro":"2027-12-01T00:00:00.000-0300","principioAtivo":"CLORIDRATO DE ANAGRELIDA","situacaoApresentacao":"Válido","dataRegistro":"2020-10-19T00:00:00.000-0300","categoriaRegulatoria":{"codigo":6,"descricao":"Novo"},"medicamentoReferencia":null,"categoriaProduto":null,"tipoAutorizacao":"REGISTRADO","mesAnoVencimentoFormatado":"12/2027","numeroRegistroFormatado":"106390302","acancelar":false},"empresa":{"cnpj":"60397775000174","razaoSocial":"TAKEDA PHARMA LTDA.","numeroAutorizacao":"1006398","cnpjFormatado":"60.397.775/0001-74"},"processo":{"numero":"25351778268202053","situacao":29,"numeroProcessoFormatado":"25351.778268/2020-53"}},{"ordem":9,"produto":{"codigo":6942,"nome":"ALBOCRESIL","numeroRegistro":"106390084","tipo":{"codigo":1,"descricao":null},"categoria":null,"situacaoRotulo":null,"dataVencimento":null,"mesAnoVencimento":"082026","dataVencimentoRegistro":"2026-08-01T00:00:00.000-0300","principioAtivo":null,"situacaoApresentacao":"Caduco/Cancelado","dataRegistro":"2001-09-27T00:00:00.000-0300","categoriaRegulatoria":{"codigo":6,"descricao":"Novo"},"medicamentoReferencia":null,"categoriaProduto":null,"tipoAutorizacao":"REGISTRADO","mesAnoVencimentoFormatado":"08/2026","numeroRegistroFormatado":"106390084","acancelar":false},"empresa":{"cnpj":"60397775000174","razaoSocial":"TAKEDA PHARMA LTDA.","numeroAutorizacao":"1006398","cnpjFormatado":"60.397.775/0001-74"},"processo":{"numero":"2599200048866","situacao":29,"numeroProcessoFormatado":"25992.000488/66"}},{"ordem":10,"produto":{"codigo":1480035,"nome":"ALBUMINA SÉRICA HUMANA NORMAL","numeroRegistro":"106390295","tipo":{"codigo":1,"descricao":null},"categoria":null,"situacaoRotulo":null,"dataVencimento":null,"mesAnoVencimento":"122025","dataVencimentoRegistro":"2025-12-01T00:00:00.000-0300","principioAtivo":"ALBUMINA HUMANA","situacaoApresentacao":"Válido","dataRegistro":"2020-09-28T00:00:00.000-0300","categoriaRegulatoria":{"codigo":1,"descricao":"Biológico"},"medicamentoReferencia":null,"categoriaProduto":null,"tipoAutorizacao":"REGISTRADO","mesAnoVencimentoFormatado":"12/2025","numeroRegistroFormatado":"106390295","acancelar":false},"empresa":{"cnpj":"60397775000174","razaoSocial":"TAKEDA PHARMA LTDA.","numeroAutorizacao":"1006398","cnpjFormatado":"60.397.775/0001-74"},"processo":{"numero":"25351779247202055","situacao":29,"numeroProcessoFormatado":"25351.779247/2020-55"}},{"ordem":11,"produto":{"codigo":718280,"nome":"ALEKTOS","numeroRegistro":"106390259","tipo":{"codigo":1,"descricao":null},"categoria":null,"situacaoRotulo":null,"dataVencimento":null,"mesAnoVencimento":"042026","dataVencimentoRegistro":"2026-04-01T00:00:00.000-0300","principioAtivo":null,"situacaoApresentacao":"Caduco/Cancelado","dataRegistro":"2011-04-25T00:00:00.000-0300","categoriaRegulatoria":{"codigo":6,"descricao":"Novo"},"medicamentoReferencia":null,"categoriaProduto":null,"tipoAutorizacao":"REGISTRADO","mesAnoVencimentoFormatado":"04/2026","numeroRegistroFormatado":"106390259","acancelar":false},"empresa":{"cnpj":"60397775000174","razaoSocial":"TAKEDA PHARMA LTDA.","numeroAutorizacao":"1006398","cnpjFormatado":"60.397.775/0001-74"},"processo":{"numero":"25351400457201053","situacao":29,"numeroProcessoFormatado":"25351.400457/2010-53"}},{"ordem":12,"produto":{"codigo":1271686,"nome":"ALEKTOS PED","numeroRegistro":"106390283","tipo":{"codigo":1,"descricao":null},"categoria":null,"situacaoRotulo":null,"dataVencimento":null,"mesAnoVencimento":"032030","dataVencimentoRegistro":"2030-03-01T00:00:00.000-0300","principioAtivo":null,"situacaoApresentacao":"Caduco/Cancelado","dataRegistro":"2020-03-23T00:00:00.000-0300","categoriaRegulatoria":{"codigo":6,"descricao":"Novo"},"medicamentoReferencia":null,"categoriaProduto":null,"tipoAutorizacao":"REGISTRADO","mesAnoVencimentoFormatado":"03/2030","numeroRegistroFormatado":"106390283","acancelar":false},"empresa":{"cnpj":"60397775000174","razaoSocial":"TAKEDA PHARMA LTDA.","numeroAutorizacao":"1006398","cnpjFormatado":"60.397.775/0001-74"},"processo":{"numero":"25351579065201861","situacao":29,"numeroProcessoFormatado":"25351.579065/2018-61"}},{"ordem":13,"produto":{"codigo":381376,"nome":"ALVESCO","numeroRegistro":"106390230","tipo":{"codigo":1,"descricao":null},"categoria":null,"situacaoRotulo":null,"dataVencimento":null,"mesAnoVencimento":"082019","dataVencimentoRegistro":"2019-08-01T00:00:00.000-0300","principioAtivo":null,"situacaoApresentacao":"Caduco/Cancelado","dataRegistro":"2004-08-25T00:00:00.000-0300","categoriaRegulatoria":{"codigo":6,"descricao":"Novo"},"medicamentoReferencia":null,"categoriaProduto":null,"tipoAutorizacao":"REGISTRADO","mesAnoVencimentoFormatado":"08/2019","numeroRegistroFormatado":"106390230","acancelar":false},"empresa":{"cnpj":"60397775000174","razaoSocial":"TAKEDA PHARMA LTDA.","numeroAutorizacao":"1006398","cnpjFormatado":"60.397.775/0001-74"},"processo":{"numero":"25351193505200220","situacao":29,"numeroProcessoFormatado":"25351.193505/2002-20"}},{"ordem":14,"produto":{"codigo":1262994,"nome":"AMITIZA","numeroRegistro":"106390280","tipo":{"codigo":1,"descricao":null},"categoria":null,"situacaoRotulo":null,"dataVencimento":null,"mesAnoVencimento":"112029","dataVencimentoRegistro":"2029-11-01T00:00:00.000-0300","principioAtivo":"lubiprostona","situacaoApresentacao":"Válido","dataRegistro":"2019-11-25T00:00:00.000-0300","categoriaRegulatoria":{"codigo":6,"descricao":"Novo"},"medicamentoReferencia":null,"categoriaProduto":null,"tipoAutorizacao":"REGISTRADO","mesAnoVencimentoFormatado":"11/2029","numeroRegistroFormatado":"106390280","acancelar":false},"empresa":{"cnpj":"60397775000174","razaoSocial":"TAKEDA PHARMA LTDA.","numeroAutorizacao":"1006398","cnpjFormatado":"60.397.775/0001-74"},"processo":{"numero":"25351434378201719","situacao":29,"numeroProcessoFormatado":"25351.434378/2017-19"}},{"ordem":15,"produto":{"codigo":5380,"nome":"BRONCHO-VAXOM","numeroRegistro":"106390201","tipo":{"codigo":1,"descricao":null},"categoria":null,"situacaoRotulo":null,"dataVencimento":null,"mesAnoVencimento":"082030","dataVencimentoRegistro":"2030-08-01T00:00:00.000-0300","principioAtivo":null,"situacaoApresentacao":"Caduco/Cancelado","dataRegistro":"2000-08-21T00:00:00.000-0300","categoriaRegulatoria":{"codigo":6,"descricao":"Novo"},"medicamentoReferencia":null,"categoriaProduto":null,"tipoAutorizacao":"REGISTRADO","mesAnoVencimentoFormatado":"08/2030","numeroRegistroFormatado":"106390201","acancelar":false},"empresa":{"cnpj":"60397775000174","razaoSocial":"TAKEDA PHARMA LTDA.","numeroAutorizacao":"1006398","cnpjFormatado":"60.397.775/0001-74"},"processo":{"numero":"250000137689011","situacao":29,"numeroProcessoFormatado":"25000.013768/90-11"}},{"ordem":16,"produto":{"codigo":1469,"nome":"CALCIMIN","numeroRegistro":"106390188","tipo":{"codigo":1,"descricao":null},"categoria":null,"situacaoRotulo":null,"dataVencimento":null,"mesAnoVencimento":"092001","dataVencimentoRegistro":"2001-09-01T00:00:00.000-0300","principioAtivo":null,"situacaoApresentacao":"Caduco/Cancelado","dataRegistro":"1996-09-23T00:00:00.000-0300","categoriaRegulatoria":{"codigo":8,"descricao":"Similar"},"medicamentoReferencia":null,"categoriaProduto":null,"tipoAutorizacao":"REGISTRADO","mesAnoVencimentoFormatado":"09/2001","numeroRegistroFormatado":"106390188","acancelar":false},"empresa":{"cnpj":"60397775000174","razaoSocial":"TAKEDA PHARMA LTDA.","numeroAutorizacao":"1006398","cnpjFormatado":"60.397.775/0001-74"},"processo":{"numero":"250000269759696","situacao":29,"numeroProcessoFormatado":"25000.026975/96-96"}},{"ordem":17,"produto":{"codigo":415173,"nome":"CALCITON","numeroRegistro":"106390183","tipo":{"codigo":1,"descricao":null},"categoria":null,"situacaoRotulo":null,"dataVencimento":null,"mesAnoVencimento":"052005","dataVencimentoRegistro":"2005-05-01T00:00:00.000-0300","principioAtivo":null,"situacaoApresentacao":"Caduco/Cancelado","dataRegistro":"1995-05-11T00:00:00.000-0300","categoriaRegulatoria":{"codigo":8,"descricao":"Similar"},"medicamentoReferencia":null,"categoriaProduto":null,"tipoAutorizacao":"REGISTRADO","mesAnoVencimentoFormatado":"05/2005","numeroRegistroFormatado":"106390183","acancelar":false},"empresa":{"cnpj":"60397775000174","razaoSocial":"TAKEDA PHARMA LTDA.","numeroAutorizacao":"1006398","cnpjFormatado":"60.397.775/0001-74"},"processo":{"numero":"250000133959421","situacao":29,"numeroProcessoFormatado":"25000.013395/94-21"}},{"ordem":18,"produto":{"codigo":374967,"nome":"CICLETANINE","numeroRegistro":"106390187","tipo":{"codigo":1,"descricao":null},"categoria":null,"situacaoRotulo":null,"dataVencimento":"2016-01-28T00:00:00.000-0300","mesAnoVencimento":"012016","dataVencimentoRegistro":"2016-01-01T00:00:00.000-0300","principioAtivo":null,"situacaoApresentacao":"Caduco/Cancelado","dataRegistro":"1992-03-31T00:00:00.000-0300","categoriaRegulatoria":{"codigo":8,"descricao":"Similar"},"medicamentoReferencia":null,"categoriaProduto":null,"tipoAutorizacao":"REGISTRADO","mesAnoVencimentoFormatado":"01/2016","numeroRegistroFormatado":"106390187","acancelar":false},"empresa":{"cnpj":"60397775000174","razaoSocial":"TAKEDA PHARMA LTDA.","numeroAutorizacao":"1006398","cnpjFormatado":"60.397.775/0001-74"},"processo":{"numero":"250000039539261","situacao":29,"numeroProcessoFormatado":"25000.003953/92-61"}},{"ordem":19,"produto":{"codigo":125270,"nome":"CLORIDRATO DE ANFEPRAMONA (PORT. 344/98 LISTA B 2)","numeroRegistro":"106390146","tipo":{"codigo":1,"descricao":null},"categoria":null,"situacaoRotulo":null,"dataVencimento":null,"mesAnoVencimento":"082003","dataVencimentoRegistro":"2003-08-01T00:00:00.000-0300","principioAtivo":null,"situacaoApresentacao":"Caduco/Cancelado","dataRegistro":"2002-06-17T00:00:00.000-0300","categoriaRegulatoria":{"codigo":8,"descricao":"Similar"},"medicamentoReferencia":null,"categoriaProduto":null,"tipoAutorizacao":"REGISTRADO","mesAnoVencimentoFormatado":"08/2003","numeroRegistroFormatado":"106390146","acancelar":false},"empresa":{"cnpj":"60397775000174","razaoSocial":"TAKEDA PHARMA LTDA.","numeroAutorizacao":"1006398","cnpjFormatado":"60.397.775/0001-74"},"processo":{"numero":"2599200636271","situacao":29,"numeroProcessoFormatado":"25992.006362/71"}},{"ordem":20,"produto":{"codigo":372594,"nome":"COLPOTROFINE","numeroRegistro":"106390153","tipo":{"codigo":1,"descricao":null},"categoria":null,"situacaoRotulo":null,"dataVencimento":null,"mesAnoVencimento":"102009","dataVencimentoRegistro":"2009-10-01T00:00:00.000-0300","principioAtivo":null,"situacaoApresentacao":"Caduco/Cancelado","dataRegistro":"1989-10-26T00:00:00.000-0200","categoriaRegulatoria":{"codigo":6,"descricao":"Novo"},"medicamentoReferencia":null,"categoriaProduto":null,"tipoAutorizacao":"REGISTRADO","mesAnoVencimentoFormatado":"10/2009","numeroRegistroFormatado":"106390153","acancelar":false},"empresa":{"cnpj":"60397775000174","razaoSocial":"TAKEDA PHARMA LTDA.","numeroAutorizacao":"1006398","cnpjFormatado":"60.397.775/0001-74"},"processo":{"numero":"2500100403286","situacao":29,"numeroProcessoFormatado":"25001.004032/86"}},{"ordem":21,"produto":{"codigo":545010,"nome":"CRONASSIAL","numeroRegistro":"121100681","tipo":{"codigo":1,"descricao":null},"categoria":null,"situacaoRotulo":null,"dataVencimento":null,"mesAnoVencimento":"101983","dataVencimentoRegistro":"1983-10-01T00:00:00.000-0300","principioAtivo":null,"situacaoApresentacao":"Caduco/Cancelado","dataRegistro":"1978-10-11T00:00:00.000-0300","categoriaRegulatoria":{"codigo":8,"descricao":"Similar"},"medicamentoReferencia":null,"categoriaProduto":null,"tipoAutorizacao":"REGISTRADO","mesAnoVencimentoFormatado":"10/1983","numeroRegistroFormatado":"121100681","acancelar":false},"empresa":{"cnpj":"60397775000174","razaoSocial":"TAKEDA PHARMA LTDA.","numeroAutorizacao":"1006398","cnpjFormatado":"60.397.775/0001-74"},"processo":{"numero":"2599100923877","situacao":29,"numeroProcessoFormatado":"25991.009238/77"}},{"ordem":22,"produto":{"codigo":1480103,"nome":"Cinryze","numeroRegistro":"106390287","tipo":{"codigo":1,"descricao":null},"categoria":null,"situacaoRotulo":null,"dataVencimento":"2029-06-09T00:00:00.000-0300","mesAnoVencimento":"062029","dataVencimentoRegistro":"2029-06-01T00:00:00.000-0300","principioAtivo":"inibidor de C1 esterase derivado de plasma humano","situacaoApresentacao":"Válido","dataRegistro":"2020-09-28T00:00:00.000-0300","categoriaRegulatoria":{"codigo":1,"descricao":"Biológico"},"medicamentoReferencia":null,"categoriaProduto":null,"tipoAutorizacao":"REGISTRADO","mesAnoVencimentoFormatado":"06/2029","numeroRegistroFormatado":"106390287","acancelar":false},"empresa":{"cnpj":"60397775000174","razaoSocial":"TAKEDA PHARMA LTDA.","numeroAutorizacao":"1006398","cnpjFormatado":"60.397.775/0001-74"},"processo":{"numero":"25351778788202066","situacao":29,"numeroProcessoFormatado":"25351.778788/2020-66"}},{"ordem":23,"produto":{"codigo":1489162,"nome":"Cuvitru","numeroRegistro":"106390291","tipo":{"codigo":1,"descricao":null},"categoria":null,"situacaoRotulo":null,"dataVencimento":"2028-11-20T00:00:00.000-0300","mesAnoVencimento":"112028","dataVencimentoRegistro":"2028-11-01T00:00:00.000-0300","principioAtivo":"IMUNOGLOBULINA HUMANA ","situacaoApresentacao":"Válido","dataRegistro":"2020-09-28T00:00:00.000-0300","categoriaRegulatoria":{"codigo":1,"descricao":"Biológico"},"medicamentoReferencia":"não","categoriaProduto":null,"tipoAutorizacao":"REGISTRADO","mesAnoVencimentoFormatado":"11/2028","numeroRegistroFormatado":"106390291","acancelar":false},"empresa":{"cnpj":"60397775000174","razaoSocial":"TAKEDA PHARMA LTDA.","numeroAutorizacao":"1006398","cnpjFormatado":"60.397.775/0001-74"},"processo":{"numero":"25351778795202068","situacao":29,"numeroProcessoFormatado":"25351.778795/2020-68"}},{"ordem":24,"produto":{"codigo":737795,"nome":"DAXAS","numeroRegistro":"106390257","tipo":{"codigo":1,"descricao":null},"categoria":null,"situacaoRotulo":null,"dataVencimento":null,"mesAnoVencimento":"022021","dataVencimentoRegistro":"2021-02-01T00:00:00.000-0300","principioAtivo":null,"situacaoApresentacao":"Caduco/Cancelado","dataRegistro":"2011-02-07T00:00:00.000-0300","categoriaRegulatoria":{"codigo":6,"descricao":"Novo"},"medicamentoReferencia":null,"categoriaProduto":null,"tipoAutorizacao":"REGISTRADO","mesAnoVencimentoFormatado":"02/2021","numeroRegistroFormatado":"106390257","acancelar":false},"empresa":{"cnpj":"60397775000174","razaoSocial":"TAKEDA PHARMA LTDA.","numeroAutorizacao":"1006398","cnpjFormatado":"60.397.775/0001-74"},"processo":{"numero":"25351658596200942","situacao":29,"numeroProcessoFormatado":"25351.658596/2009-42"}},{"ordem":25,"produto":{"codigo":801788,"nome":"DERMODEX","numeroRegistro":"106390260","tipo":{"codigo":1,"descricao":null},"categoria":null,"situacaoRotulo":null,"dataVencimento":null,"mesAnoVencimento":"012027","dataVencimentoRegistro":"2027-01-01T00:00:00.000-0300","principioAtivo":"NISTATINA, ÓXIDO DE ZINCO","situacaoApresentacao":"Válido","dataRegistro":"2012-01-30T00:00:00.000-0300","categoriaRegulatoria":{"codigo":6,"descricao":"Novo"},"medicamentoReferencia":null,"categoriaProduto":null,"tipoAutorizacao":"REGISTRADO","mesAnoVencimentoFormatado":"01/2027","numeroRegistroFormatado":"106390260","acancelar":false},"empresa":{"cnpj":"60397775000174","razaoSocial":"TAKEDA PHARMA LTDA.","numeroAutorizacao":"1006398","cnpjFormatado":"60.397.775/0001-74"},"processo":{"numero":"25351585810201104","situacao":29,"numeroProcessoFormatado":"25351.585810/2011-04"}},{"ordem":26,"produto":{"codigo":797790,"nome":"DEXILANT","numeroRegistro":"106390261","tipo":{"codigo":1,"descricao":null},"categoria":null,"situacaoRotulo":null,"dataVencimento":"2017-01-30T00:00:00.000-0300","mesAnoVencimento":"012027","dataVencimentoRegistro":"2027-01-01T00:00:00.000-0300","principioAtivo":"dexlansoprazol","situacaoApresentacao":"Válido","dataRegistro":"2012-01-30T00:00:00.000-0300","categoriaRegulatoria":{"codigo":6,"descricao":"Novo"},"medicamentoReferencia":null,"categoriaProduto":null,"tipoAutorizacao":"REGISTRADO","mesAnoVencimentoFormatado":"01/2027","numeroRegistroFormatado":"106390261","acancelar":false},"empresa":{"cnpj":"60397775000174","razaoSocial":"TAKEDA PHARMA LTDA.","numeroAutorizacao":"1006398","cnpjFormatado":"60.397.775/0001-74"},"processo":{"numero":"25351679967201187","situacao":29,"numeroProcessoFormatado":"25351.679967/2011-87"}},{"ordem":27,"produto":{"codigo":470986,"nome":"Dramin","numeroRegistro":"106390155","tipo":{"codigo":1,"descricao":null},"categoria":null,"situacaoRotulo":null,"dataVencimento":null,"mesAnoVencimento":"082026","dataVencimentoRegistro":"2026-08-01T00:00:00.000-0300","principioAtivo":null,"situacaoApresentacao":"Caduco/Cancelado","dataRegistro":"1950-07-12T00:00:00.000-0300","categoriaRegulatoria":{"codigo":6,"descricao":"Novo"},"medicamentoReferencia":null,"categoriaProduto":null,"tipoAutorizacao":"REGISTRADO","mesAnoVencimentoFormatado":"08/2026","numeroRegistroFormatado":"106390155","acancelar":false},"empresa":{"cnpj":"60397775000174","razaoSocial":"TAKEDA PHARMA LTDA.","numeroAutorizacao":"1006398","cnpjFormatado":"60.397.775/0001-74"},"processo":{"numero":"2599200446750","situacao":29,"numeroProcessoFormatado":"25992.004467/50"}},{"ordem":28,"produto":{"codigo":445330,"nome":"Dramin B6","numeroRegistro":"106390242","tipo":{"codigo":1,"descricao":null},"categoria":null,"situacaoRotulo":null,"dataVencimento":null,"mesAnoVencimento":"082026","dataVencimentoRegistro":"2026-08-01T00:00:00.000-0300","principioAtivo":null,"situacaoApresentacao":"Caduco/Cancelado","dataRegistro":"1960-06-21T00:00:00.000-0300","categoriaRegulatoria":{"codigo":6,"descricao":"Novo"},"medicamentoReferencia":null,"categoriaProduto":null,"tipoAutorizacao":"REGISTRADO","mesAnoVencimentoFormatado":"08/2026","numeroRegistroFormatado":"106390242","acancelar":false},"empresa":{"cnpj":"60397775000174","razaoSocial":"TAKEDA PHARMA LTDA.","numeroAutorizacao":"1006398","cnpjFormatado":"60.397.775/0001-74"},"processo":{"numero":"25351013695200391","situacao":29,"numeroProcessoFormatado":"25351.013695/2003-91"}},{"ordem":29,"produto":{"codigo":467712,"nome":"Dramin B6 DL","numeroRegistro":"106390241","tipo":{"codigo":1,"descricao":null},"categoria":null,"situacaoRotulo":null,"dataVencimento":null,"mesAnoVencimento":"082026","dataVencimentoRegistro":"2026-08-01T00:00:00.000-0300","principioAtivo":null,"situacaoApresentacao":"Caduco/Cancelado","dataRegistro":"1964-07-08T00:00:00.000-0300","categoriaRegulatoria":{"codigo":6,"descricao":"Novo"},"medicamentoReferencia":null,"categoriaProduto":null,"tipoAutorizacao":"REGISTRADO","mesAnoVencimentoFormatado":"08/2026","numeroRegistroFormatado":"106390241","acancelar":false},"empresa":{"cnpj":"60397775000174","razaoSocial":"TAKEDA PHARMA LTDA.","numeroAutorizacao":"1006398","cnpjFormatado":"60.397.775/0001-74"},"processo":{"numero":"25351025308200611","situacao":29,"numeroProcessoFormatado":"25351.025308/2006-11"}},{"ordem":30,"produto":{"codigo":816304,"nome":"EDARBI","numeroRegistro":"106390267","tipo":{"codigo":1,"descricao":null},"categoria":null,"situacaoRotulo":null,"dataVencimento":null,"mesAnoVencimento":"022019","dataVencimentoRegistro":"2019-02-01T00:00:00.000-0300","principioAtivo":null,"situacaoApresentacao":"Caduco/Cancelado","dataRegistro":"2014-02-24T00:00:00.000-0300","categoriaRegulatoria":{"codigo":6,"descricao":"Novo"},"medicamentoReferencia":null,"categoriaProduto":null,"tipoAutorizacao":"REGISTRADO","mesAnoVencimentoFormatado":"02/2019","numeroRegistroFormatado":"106390267","acancelar":false},"empresa":{"cnpj":"60397775000174","razaoSocial":"TAKEDA PHARMA LTDA.","numeroAutorizacao":"1006398","cnpjFormatado":"60.397.775/0001-74"},"processo":{"numero":"25351703243201114","situacao":29,"numeroProcessoFormatado":"25351.703243/2011-14"}},{"ordem":31,"produto":{"codigo":945987,"nome":"EDARBICLOR","numeroRegistro":"106390268","tipo":{"codigo":1,"descricao":null},"categoria":null,"situacaoRotulo":null,"dataVencimento":null,"mesAnoVencimento":"072019","dataVencimentoRegistro":"2019-07-01T00:00:00.000-0300","principioAtivo":null,"situacaoApresentacao":"Caduco/Cancelado","dataRegistro":"2014-07-14T00:00:00.000-0300","categoriaRegulatoria":{"codigo":6,"descricao":"Novo"},"medicamentoReferencia":null,"categoriaProduto":null,"tipoAutorizacao":"REGISTRADO","mesAnoVencimentoFormatado":"07/2019","numeroRegistroFormatado":"106390268","acancelar":false},"empresa":{"cnpj":"60397775000174","razaoSocial":"TAKEDA PHARMA LTDA.","numeroAutorizacao":"1006398","cnpjFormatado":"60.397.775/0001-74"},"processo":{"numero":"25351378154201224","situacao":29,"numeroProcessoFormatado":"25351.378154/2012-24"}},{"ordem":32,"produto":{"codigo":1491994,"nome":"ENDOBULIN KIOVIG","numeroRegistro":"106390301","tipo":{"codigo":1,"descricao":null},"categoria":null,"situacaoRotulo":null,"dataVencimento":"2026-06-17T00:00:00.000-0300","mesAnoVencimento":"062026","dataVencimentoRegistro":"2026-06-01T00:00:00.000-0300","principioAtivo":"IMUNOGLOBULINA G ","situacaoApresentacao":"Válido","dataRegistro":"2020-09-28T00:00:00.000-0300","categoriaRegulatoria":{"codigo":1,"descricao":"Biológico"},"medicamentoReferencia":null,"categoriaProduto":null,"tipoAutorizacao":"REGISTRADO","mesAnoVencimentoFormatado":"06/2026","numeroRegistroFormatado":"106390301","acancelar":false},"empresa":{"cnpj":"60397775000174","razaoSocial":"TAKEDA PHARMA LTDA.","numeroAutorizacao":"1006398","cnpjFormatado":"60.397.775/0001-74"},"processo":{"numero":"25351779297202032","situacao":29,"numeroProcessoFormatado":"25351.779297/2020-32"}},{"ordem":33,"produto":{"codigo":1001559,"nome":"ENTYVIO","numeroRegistro":"106390271","tipo":{"codigo":1,"descricao":null},"categoria":null,"situacaoRotulo":null,"dataVencimento":"2030-05-15T00:00:00.000-0300","mesAnoVencimento":"052030","dataVencimentoRegistro":"2030-05-01T00:00:00.000-0300","principioAtivo":"vedolizumabe","situacaoApresentacao":"Válido","dataRegistro":"2015-05-25T00:00:00.000-0300","categoriaRegulatoria":{"codigo":1,"descricao":"Biológico"},"medicamentoReferencia":null,"categoriaProduto":null,"tipoAutorizacao":"REGISTRADO","mesAnoVencimentoFormatado":"05/2030","numeroRegistroFormatado":"106390271","acancelar":false},"empresa":{"cnpj":"60397775000174","razaoSocial":"TAKEDA PHARMA LTDA.","numeroAutorizacao":"1006398","cnpjFormatado":"60.397.775/0001-74"},"processo":{"numero":"25351596045201401","situacao":29,"numeroProcessoFormatado":"25351.596045/2014-01"}},{"ordem":34,"produto":{"codigo":1519,"nome":"EPAREMA","numeroRegistro":"106390030","tipo":{"codigo":1,"descricao":null},"categoria":null,"situacaoRotulo":null,"dataVencimento":null,"mesAnoVencimento":"102029","dataVencimentoRegistro":"2029-10-01T00:00:00.000-0300","principioAtivo":null,"situacaoApresentacao":"Caduco/Cancelado","dataRegistro":"2001-09-21T00:00:00.000-0300","categoriaRegulatoria":{"codigo":4,"descricao":"Fitoterápico"},"medicamentoReferencia":null,"categoriaProduto":null,"tipoAutorizacao":"REGISTRADO","mesAnoVencimentoFormatado":"10/2029","numeroRegistroFormatado":"106390030","acancelar":false},"empresa":{"cnpj":"60397775000174","razaoSocial":"TAKEDA PHARMA LTDA.","numeroAutorizacao":"1006398","cnpjFormatado":"60.397.775/0001-74"},"processo":{"numero":"2599200494334","situacao":29,"numeroProcessoFormatado":"25992.004943/34"}},{"ordem":35,"produto":{"codigo":3917,"nome":"ESTRADIOL HEMIHIDRATADO","numeroRegistro":"106390192","tipo":{"codigo":1,"descricao":null},"categoria":null,"situacaoRotulo":null,"dataVencimento":null,"mesAnoVencimento":"022003","dataVencimentoRegistro":"2003-02-01T00:00:00.000-0300","principioAtivo":null,"situacaoApresentacao":"Caduco/Cancelado","dataRegistro":"1998-02-05T00:00:00.000-0300","categoriaRegulatoria":{"codigo":6,"descricao":"Novo"},"medicamentoReferencia":null,"categoriaProduto":null,"tipoAutorizacao":"REGISTRADO","mesAnoVencimentoFormatado":"02/2003","numeroRegistroFormatado":"106390192","acancelar":false},"empresa":{"cnpj":"60397775000174","razaoSocial":"TAKEDA PHARMA LTDA.","numeroAutorizacao":"1006398","cnpjFormatado":"60.397.775/0001-74"},"processo":{"numero":"250000124939758","situacao":29,"numeroProcessoFormatado":"25000.012493/97-58"}},{"ordem":36,"produto":{"codigo":1293422,"nome":"EVOBRIG","numeroRegistro":"106390281","tipo":{"codigo":1,"descricao":null},"categoria":null,"situacaoRotulo":null,"dataVencimento":null,"mesAnoVencimento":"122029","dataVencimentoRegistro":"2029-12-01T00:00:00.000-0300","principioAtivo":"BRIGATINIBE","situacaoApresentacao":"Válido","dataRegistro":"2019-12-16T00:00:00.000-0300","categoriaRegulatoria":{"codigo":6,"descricao":"Novo"},"medicamentoReferencia":null,"categoriaProduto":null,"tipoAutorizacao":"REGISTRADO","mesAnoVencimentoFormatado":"12/2029","numeroRegistroFormatado":"106390281","acancelar":false},"empresa":{"cnpj":"60397775000174","razaoSocial":"TAKEDA PHARMA LTDA.","numeroAutorizacao":"1006398","cnpjFormatado":"60.397.775/0001-74"},"processo":{"numero":"25351802213201857","situacao":29,"numeroProcessoFormatado":"25351.802213/2018-57"}},{"ordem":37,"produto":{"codigo":2383461,"nome":"EXKIVITY","numeroRegistro":"106390308","tipo":{"codigo":1,"descricao":null},"categoria":null,"situacaoRotulo":null,"dataVencimento":"2026-03-04T00:00:00.000-0300","mesAnoVencimento":"032026","dataVencimentoRegistro":"2026-03-01T00:00:00.000-0300","principioAtivo":null,"situacaoApresentacao":"Caduco/Cancelado","dataRegistro":"2023-03-27T00:00:00.000-0300","categoriaRegulatoria":{"codigo":6,"descricao":"Novo"},"medicamentoReferencia":null,"categoriaProduto":null,"tipoAutorizacao":"REGISTRADO","mesAnoVencimentoFormatado":"03/2026","numeroRegistroFormatado":"106390308","acancelar":false},"empresa":{"cnpj":"60397775000174","razaoSocial":"TAKEDA PHARMA LTDA.","numeroAutorizacao":"1006398","cnpjFormatado":"60.397.775/0001-74"},"processo":{"numero":"25351687349202126","situacao":29,"numeroProcessoFormatado":"25351.687349/2021-26"}},{"ordem":38,"produto":{"codigo":1491660,"nome":"Elaprase","numeroRegistro":"106390300","tipo":{"codigo":1,"descricao":null},"categoria":null,"situacaoRotulo":null,"dataVencimento":"2025-09-28T00:00:00.000-0300","mesAnoVencimento":"052028","dataVencimentoRegistro":"2028-05-01T00:00:00.000-0300","principioAtivo":"IDURSULFASE","situacaoApresentacao":"Válido","dataRegistro":"2020-09-28T00:00:00.000-0300","categoriaRegulatoria":{"codigo":1,"descricao":"Biológico"},"medicamentoReferencia":null,"categoriaProduto":null,"tipoAutorizacao":"REGISTRADO","mesAnoVencimentoFormatado":"05/2028","numeroRegistroFormatado":"106390300","acancelar":false},"empresa":{"cnpj":"60397775000174","razaoSocial":"TAKEDA PHARMA LTDA.","numeroAutorizacao":"1006398","cnpjFormatado":"60.397.775/0001-74"},"processo":{"numero":"25351779252202068","situacao":29,"numeroProcessoFormatado":"25351.779252/2020-68"}},{"ordem":39,"produto":{"codigo":1492060,"nome":"FEIBA","numeroRegistro":"106390298","tipo":{"codigo":1,"descricao":null},"categoria":null,"situacaoRotulo":null,"dataVencimento":"2026-09-07T00:00:00.000-0300","mesAnoVencimento":"092026","dataVencimentoRegistro":"2026-09-01T00:00:00.000-0300","principioAtivo":"COMPLEXO PROTROMBÍNICO PARCIALMENTE ATIVADO","situacaoApresentacao":"Válido","dataRegistro":"2020-09-28T00:00:00.000-0300","categoriaRegulatoria":{"codigo":1,"descricao":"Biológico"},"medicamentoReferencia":null,"categoriaProduto":null,"tipoAutorizacao":"REGISTRADO","mesAnoVencimentoFormatado":"09/2026","numeroRegistroFormatado":"106390298","acancelar":false},"empresa":{"cnpj":"60397775000174","razaoSocial":"TAKEDA PHARMA LTDA.","numeroAutorizacao":"1006398","cnpjFormatado":"60.397.775/0001-74"},"processo":{"numero":"25351779291202065","situacao":29,"numeroProcessoFormatado":"25351.779291/2020-65"}},{"ordem":40,"produto":{"codigo":810923,"nome":"FERINJECT","numeroRegistro":"106390262","tipo":{"codigo":1,"descricao":null},"categoria":null,"situacaoRotulo":null,"dataVencimento":null,"mesAnoVencimento":"102027","dataVencimentoRegistro":"2027-10-01T00:00:00.000-0300","principioAtivo":null,"situacaoApresentacao":"Caduco/Cancelado","dataRegistro":"2012-10-29T00:00:00.000-0300","categoriaRegulatoria":{"codigo":3,"descricao":"Específico"},"medicamentoReferencia":null,"categoriaProduto":null,"tipoAutorizacao":"REGISTRADO","mesAnoVencimentoFormatado":"10/2027","numeroRegistroFormatado":"106390262","acancelar":false},"empresa":{"cnpj":"60397775000174","razaoSocial":"TAKEDA PHARMA LTDA.","numeroAutorizacao":"1006398","cnpjFormatado":"60.397.775/0001-74"},"processo":{"numero":"25351770404201123","situacao":29,"numeroProcessoFormatado":"25351.770404/2011-23"}},{"ordem":41,"produto":{"codigo":2535899,"nome":"FIDEGERP","numeroRegistro":"106390306","tipo":{"codigo":1,"descricao":null},"categoria":null,"situacaoRotulo":null,"dataVencimento":"2032-08-15T00:00:00.000-0300","mesAnoVencimento":"082032","dataVencimentoRegistro":"2032-08-01T00:00:00.000-0300","principioAtivo":"PROTEÍNA C","situacaoApresentacao":"Válido","dataRegistro":"2022-08-15T00:00:00.000-0300","categoriaRegulatoria":{"codigo":1,"descricao":"Biológico"},"medicamentoReferencia":null,"categoriaProduto":null,"tipoAutorizacao":"REGISTRADO","mesAnoVencimentoFormatado":"08/2032","numeroRegistroFormatado":"106390306","acancelar":false},"empresa":{"cnpj":"60397775000174","razaoSocial":"TAKEDA PHARMA LTDA.","numeroAutorizacao":"1006398","cnpjFormatado":"60.397.775/0001-74"},"processo":{"numero":"25351149918202130","situacao":29,"numeroProcessoFormatado":"25351.149918/2021-30"}},{"ordem":42,"produto":{"codigo":4882,"nome":"FIOTAN","numeroRegistro":"106390196","tipo":{"codigo":1,"descricao":null},"categoria":null,"situacaoRotulo":null,"dataVencimento":null,"mesAnoVencimento":"072009","dataVencimentoRegistro":"2009-07-01T00:00:00.000-0300","principioAtivo":null,"situacaoApresentacao":"Caduco/Cancelado","dataRegistro":"1999-07-20T00:00:00.000-0300","categoriaRegulatoria":{"codigo":6,"descricao":"Novo"},"medicamentoReferencia":null,"categoriaProduto":null,"tipoAutorizacao":"REGISTRADO","mesAnoVencimentoFormatado":"07/2009","numeroRegistroFormatado":"106390196","acancelar":false},"empresa":{"cnpj":"60397775000174","razaoSocial":"TAKEDA PHARMA LTDA.","numeroAutorizacao":"1006398","cnpjFormatado":"60.397.775/0001-74"},"processo":{"numero":"250000005069881","situacao":29,"numeroProcessoFormatado":"25000.000506/98-81"}},{"ordem":43,"produto":{"codigo":1560827,"nome":"FIRAZYR","numeroRegistro":"106390305","tipo":{"codigo":1,"descricao":null},"categoria":null,"situacaoRotulo":null,"dataVencimento":null,"mesAnoVencimento":"122029","dataVencimentoRegistro":"2029-12-01T00:00:00.000-0300","principioAtivo":"acetato de icatibanto","situacaoApresentacao":"Válido","dataRegistro":"2020-10-19T00:00:00.000-0300","categoriaRegulatoria":{"codigo":6,"descricao":"Novo"},"medicamentoReferencia":null,"categoriaProduto":null,"tipoAutorizacao":"REGISTRADO","mesAnoVencimentoFormatado":"12/2029","numeroRegistroFormatado":"106390305","acancelar":false},"empresa":{"cnpj":"60397775000174","razaoSocial":"TAKEDA PHARMA LTDA.","numeroAutorizacao":"1006398","cnpjFormatado":"60.397.775/0001-74"},"processo":{"numero":"25351779376202043","situacao":29,"numeroProcessoFormatado":"25351.779376/2020-43"}},{"ordem":44,"produto":{"codigo":383,"nome":"FONTOL","numeroRegistro":"106390204","tipo":{"codigo":1,"descricao":null},"categoria":null,"situacaoRotulo":null,"dataVencimento":null,"mesAnoVencimento":"082010","dataVencimentoRegistro":"2010-08-01T00:00:00.000-0300","principioAtivo":null,"situacaoApresentacao":"Caduco/Cancelado","dataRegistro":"2000-08-31T00:00:00.000-0300","categoriaRegulatoria":{"codigo":6,"descricao":"Novo"},"medicamentoReferencia":null,"categoriaProduto":null,"tipoAutorizacao":"REGISTRADO","mesAnoVencimentoFormatado":"08/2010","numeroRegistroFormatado":"106390204","acancelar":false},"empresa":{"cnpj":"60397775000174","razaoSocial":"TAKEDA PHARMA LTDA.","numeroAutorizacao":"1006398","cnpjFormatado":"60.397.775/0001-74"},"processo":{"numero":"2599200780433","situacao":29,"numeroProcessoFormatado":"25992.007804/33"}},{"ordem":45,"produto":{"codigo":1494256,"nome":"HEMOFIL","numeroRegistro":"106390292","tipo":{"codigo":1,"descricao":null},"categoria":null,"situacaoRotulo":null,"dataVencimento":null,"mesAnoVencimento":"052029","dataVencimentoRegistro":"2029-05-01T00:00:00.000-0300","principioAtivo":"FATOR VIII DE COAGULAÇÃO","situacaoApresentacao":"Válido","dataRegistro":"2020-09-28T00:00:00.000-0300","categoriaRegulatoria":{"codigo":1,"descricao":"Biológico"},"medicamentoReferencia":null,"categoriaProduto":null,"tipoAutorizacao":"REGISTRADO","mesAnoVencimentoFormatado":"05/2029","numeroRegistroFormatado":"106390292","acancelar":false},"empresa":{"cnpj":"60397775000174","razaoSocial":"TAKEDA PHARMA LTDA.","numeroAutorizacao":"1006398","cnpjFormatado":"60.397.775/0001-74"},"processo":{"numero":"25351778799202046","situacao":29,"numeroProcessoFormatado":"25351.778799/2020-46"}},{"ordem":46,"produto":{"codigo":820698,"nome":"HEVELAIR","numeroRegistro":"106390263","tipo":{"codigo":1,"descricao":null},"categoria":null,"situacaoRotulo":null,"dataVencimento":null,"mesAnoVencimento":"122022","dataVencimentoRegistro":"2022-12-01T00:00:00.000-0300","principioAtivo":null,"situacaoApresentacao":"Caduco/Cancelado","dataRegistro":"2012-12-24T00:00:00.000-0300","categoriaRegulatoria":{"codigo":4,"descricao":"Fitoterápico"},"medicamentoReferencia":null,"categoriaProduto":null,"tipoAutorizacao":"REGISTRADO","mesAnoVencimentoFormatado":"12/2022","numeroRegistroFormatado":"106390263","acancelar":false},"empresa":{"cnpj":"60397775000174","razaoSocial":"TAKEDA PHARMA LTDA.","numeroAutorizacao":"1006398","cnpjFormatado":"60.397.775/0001-74"},"processo":{"numero":"25351170563201123","situacao":29,"numeroProcessoFormatado":"25351.170563/2011-23"}},{"ordem":47,"produto":{"codigo":356980,"nome":"HIDRAFIX","numeroRegistro":"106390162","tipo":{"codigo":1,"descricao":null},"categoria":null,"situacaoRotulo":null,"dataVencimento":null,"mesAnoVencimento":"072021","dataVencimentoRegistro":"2021-07-01T00:00:00.000-0300","principioAtivo":null,"situacaoApresentacao":"Caduco/Cancelado","dataRegistro":"1958-03-12T00:00:00.000-0300","categoriaRegulatoria":{"codigo":3,"descricao":"Específico"},"medicamentoReferencia":null,"categoriaProduto":null,"tipoAutorizacao":"REGISTRADO","mesAnoVencimentoFormatado":"07/2021","numeroRegistroFormatado":"106390162","acancelar":false},"empresa":{"cnpj":"60397775000174","razaoSocial":"TAKEDA PHARMA LTDA.","numeroAutorizacao":"1006398","cnpjFormatado":"60.397.775/0001-74"},"processo":{"numero":"2599201063858","situacao":29,"numeroProcessoFormatado":"25992.010638/58"}},{"ordem":48,"produto":{"codigo":1156887,"nome":"HIDRAFIX 90","numeroRegistro":"106390279","tipo":{"codigo":1,"descricao":null},"categoria":null,"situacaoRotulo":null,"dataVencimento":null,"mesAnoVencimento":"082023","dataVencimentoRegistro":"2023-08-01T00:00:00.000-0300","principioAtivo":null,"situacaoApresentacao":"Caduco/Cancelado","dataRegistro":"2018-08-06T00:00:00.000-0300","categoriaRegulatoria":{"codigo":3,"descricao":"Específico"},"medicamentoReferencia":null,"categoriaProduto":null,"tipoAutorizacao":"REGISTRADO","mesAnoVencimentoFormatado":"08/2023","numeroRegistroFormatado":"106390279","acancelar":false},"empresa":{"cnpj":"60397775000174","razaoSocial":"TAKEDA PHARMA LTDA.","numeroAutorizacao":"1006398","cnpjFormatado":"60.397.775/0001-74"},"processo":{"numero":"25351087135201785","situacao":29,"numeroProcessoFormatado":"25351.087135/2017-85"}},{"ordem":49,"produto":{"codigo":1496935,"nome":"HYQVIA","numeroRegistro":"106390293","tipo":{"codigo":1,"descricao":null},"categoria":null,"situacaoRotulo":null,"dataVencimento":"2027-09-21T00:00:00.000-0300","mesAnoVencimento":"092027","dataVencimentoRegistro":"2027-09-01T00:00:00.000-0300","principioAtivo":"IMUNOGLOBULINA G ","situacaoApresentacao":"Válido","dataRegistro":"2020-09-28T00:00:00.000-0300","categoriaRegulatoria":{"codigo":1,"descricao":"Biológico"},"medicamentoReferencia":null,"categoriaProduto":null,"tipoAutorizacao":"REGISTRADO","mesAnoVencimentoFormatado":"09/2027","numeroRegistroFormatado":"106390293","acancelar":false},"empresa":{"cnpj":"60397775000174","razaoSocial":"TAKEDA PHARMA LTDA.","numeroAutorizacao":"1006398","cnpjFormatado":"60.397.775/0001-74"},"processo":{"numero":"25351779242202022","situacao":29,"numeroProcessoFormatado":"25351.779242/2020-22"}},{"ordem":50,"produto":{"codigo":1494737,"nome":"IMMUNATE","numeroRegistro":"106390299","tipo":{"codigo":1,"descricao":null},"categoria":null,"situacaoRotulo":null,"dataVencimento":"2026-04-07T00:00:00.000-0300","mesAnoVencimento":"042026","dataVencimentoRegistro":"2026-04-01T00:00:00.000-0300","principioAtivo":"FATOR VIII DE COAGULAÇÃO","situacaoApresentacao":"Válido","dataRegistro":"2020-09-28T00:00:00.000-0300","categoriaRegulatoria":{"codigo":1,"descricao":"Biológico"},"medicamentoReferencia":null,"categoriaProduto":null,"tipoAutorizacao":"REGISTRADO","mesAnoVencimentoFormatado":"04/2026","numeroRegistroFormatado":"106390299","acancelar":false},"empresa":{"cnpj":"60397775000174","razaoSocial":"TAKEDA PHARMA LTDA.","numeroAutorizacao":"1006398","cnpjFormatado":"60.397.775/0001-74"},"processo":{"numero":"25351779249202044","situacao":29,"numeroProcessoFormatado":"25351.779249/2020-44"}},{"ordem":51,"produto":{"codigo":1496774,"nome":"IMMUNINE","numeroRegistro":"106390289","tipo":{"codigo":1,"descricao":null},"categoria":null,"situacaoRotulo":null,"dataVencimento":"2026-04-07T00:00:00.000-0300","mesAnoVencimento":"042026","dataVencimentoRegistro":"2026-04-01T00:00:00.000-0300","principioAtivo":"FATOR IX DE COAGULAÇÃO","situacaoApresentacao":"Válido","dataRegistro":"2020-09-28T00:00:00.000-0300","categoriaRegulatoria":{"codigo":1,"descricao":"Biológico"},"medicamentoReferencia":null,"categoriaProduto":null,"tipoAutorizacao":"REGISTRADO","mesAnoVencimentoFormatado":"04/2026","numeroRegistroFormatado":"106390289","acancelar":false},"empresa":{"cnpj":"60397775000174","razaoSocial":"TAKEDA PHARMA LTDA.","numeroAutorizacao":"1006398","cnpjFormatado":"60.397.775/0001-74"},"processo":{"numero":"25351778794202013","situacao":29,"numeroProcessoFormatado":"25351.778794/2020-13"}},{"ordem":52,"produto":{"codigo":747373,"nome":"IMUNOGEN","numeroRegistro":"106390258","tipo":{"codigo":1,"descricao":null},"categoria":null,"situacaoRotulo":null,"dataVencimento":null,"mesAnoVencimento":"062015","dataVencimentoRegistro":"2015-06-01T00:00:00.000-0300","principioAtivo":null,"situacaoApresentacao":"Caduco/Cancelado","dataRegistro":"1985-06-24T00:00:00.000-0300","categoriaRegulatoria":{"codigo":1,"descricao":"Biológico"},"medicamentoReferencia":null,"categoriaProduto":null,"tipoAutorizacao":"REGISTRADO","mesAnoVencimentoFormatado":"06/2015","numeroRegistroFormatado":"106390258","acancelar":false},"empresa":{"cnpj":"60397775000174","razaoSocial":"TAKEDA PHARMA LTDA.","numeroAutorizacao":"1006398","cnpjFormatado":"60.397.775/0001-74"},"processo":{"numero":"2500101465483","situacao":29,"numeroProcessoFormatado":"25001.014654/83"}},{"ordem":53,"produto":{"codigo":1300585,"nome":"INZELM","numeroRegistro":"106390282","tipo":{"codigo":1,"descricao":null},"categoria":null,"situacaoRotulo":null,"dataVencimento":"2030-03-15T00:00:00.000-0300","mesAnoVencimento":"032030","dataVencimentoRegistro":"2030-03-01T00:00:00.000-0300","principioAtivo":"FUMARATO DE VONOPRAZANA","situacaoApresentacao":"Válido","dataRegistro":"2020-03-16T00:00:00.000-0300","categoriaRegulatoria":{"codigo":6,"descricao":"Novo"},"medicamentoReferencia":null,"categoriaProduto":null,"tipoAutorizacao":"REGISTRADO","mesAnoVencimentoFormatado":"03/2030","numeroRegistroFormatado":"106390282","acancelar":false},"empresa":{"cnpj":"60397775000174","razaoSocial":"TAKEDA PHARMA LTDA.","numeroAutorizacao":"1006398","cnpjFormatado":"60.397.775/0001-74"},"processo":{"numero":"25351182437201831","situacao":29,"numeroProcessoFormatado":"25351.182437/2018-31"}},{"ordem":54,"produto":{"codigo":1558188,"nome":"JUNEVE","numeroRegistro":"106390303","tipo":{"codigo":1,"descricao":null},"categoria":null,"situacaoRotulo":null,"dataVencimento":null,"mesAnoVencimento":"082029","dataVencimentoRegistro":"2029-08-01T00:00:00.000-0300","principioAtivo":"DIMESILATO DE LISDEXANFETAMINA","situacaoApresentacao":"Válido","dataRegistro":"2020-10-19T00:00:00.000-0300","categoriaRegulatoria":{"codigo":8,"descricao":"Similar"},"medicamentoReferencia":"VENVANSE","categoriaProduto":null,"tipoAutorizacao":"REGISTRADO","mesAnoVencimentoFormatado":"08/2029","numeroRegistroFormatado":"106390303","acancelar":false},"empresa":{"cnpj":"60397775000174","razaoSocial":"TAKEDA PHARMA LTDA.","numeroAutorizacao":"1006398","cnpjFormatado":"60.397.775/0001-74"},"processo":{"numero":"25351779447202016","situacao":29,"numeroProcessoFormatado":"25351.779447/2020-16"}},{"ordem":55,"produto":{"codigo":338954,"nome":"KALOBA","numeroRegistro":"106390233","tipo":{"codigo":1,"descricao":null},"categoria":null,"situacaoRotulo":null,"dataVencimento":null,"mesAnoVencimento":"112029","dataVencimentoRegistro":"2029-11-01T00:00:00.000-0300","principioAtivo":null,"situacaoApresentacao":"Caduco/Cancelado","dataRegistro":"2004-11-22T00:00:00.000-0300","categoriaRegulatoria":{"codigo":4,"descricao":"Fitoterápico"},"medicamentoReferencia":null,"categoriaProduto":null,"tipoAutorizacao":"REGISTRADO","mesAnoVencimentoFormatado":"11/2029","numeroRegistroFormatado":"106390233","acancelar":false},"empresa":{"cnpj":"60397775000174","razaoSocial":"TAKEDA PHARMA LTDA.","numeroAutorizacao":"1006398","cnpjFormatado":"60.397.775/0001-74"},"processo":{"numero":"25351040457200359","situacao":29,"numeroProcessoFormatado":"25351.040457/2003-59"}},{"ordem":56,"produto":{"codigo":4079,"nome":"LAITAN","numeroRegistro":"106390189","tipo":{"codigo":1,"descricao":null},"categoria":null,"situacaoRotulo":null,"dataVencimento":null,"mesAnoVencimento":"102006","dataVencimentoRegistro":"2006-10-01T00:00:00.000-0300","principioAtivo":null,"situacaoApresentacao":"Caduco/Cancelado","dataRegistro":"1996-10-17T00:00:00.000-0300","categoriaRegulatoria":{"codigo":6,"descricao":"Novo"},"medicamentoReferencia":null,"categoriaProduto":null,"tipoAutorizacao":"REGISTRADO","mesAnoVencimentoFormatado":"10/2006","numeroRegistroFormatado":"106390189","acancelar":false},"empresa":{"cnpj":"60397775000174","razaoSocial":"TAKEDA PHARMA LTDA.","numeroAutorizacao":"1006398","cnpjFormatado":"60.397.775/0001-74"},"processo":{"numero":"250000131569561","situacao":29,"numeroProcessoFormatado":"25000.013156/95-61"}},{"ordem":57,"produto":{"codigo":4022,"nome":"LEGALON","numeroRegistro":"106390039","tipo":{"codigo":1,"descricao":null},"categoria":null,"situacaoRotulo":null,"dataVencimento":null,"mesAnoVencimento":"062021","dataVencimentoRegistro":"2021-06-01T00:00:00.000-0300","principioAtivo":null,"situacaoApresentacao":"Caduco/Cancelado","dataRegistro":"2001-10-18T00:00:00.000-0200","categoriaRegulatoria":{"codigo":4,"descricao":"Fitoterápico"},"medicamentoReferencia":null,"categoriaProduto":null,"tipoAutorizacao":"REGISTRADO","mesAnoVencimentoFormatado":"06/2021","numeroRegistroFormatado":"106390039","acancelar":false},"empresa":{"cnpj":"60397775000174","razaoSocial":"TAKEDA PHARMA LTDA.","numeroAutorizacao":"1006398","cnpjFormatado":"60.397.775/0001-74"},"processo":{"numero":"2599201646072","situacao":29,"numeroProcessoFormatado":"25992.016460/72"}},{"ordem":58,"produto":{"codigo":2655788,"nome":"LIVTENCITY","numeroRegistro":"106390309","tipo":{"codigo":1,"descricao":null},"categoria":null,"situacaoRotulo":null,"dataVencimento":"2033-07-31T00:00:00.000-0300","mesAnoVencimento":"072033","dataVencimentoRegistro":"2033-07-01T00:00:00.000-0300","principioAtivo":"maribavir","situacaoApresentacao":"Válido","dataRegistro":"2023-07-31T00:00:00.000-0300","categoriaRegulatoria":{"codigo":6,"descricao":"Novo"},"medicamentoReferencia":null,"categoriaProduto":null,"tipoAutorizacao":"REGISTRADO","mesAnoVencimentoFormatado":"07/2033","numeroRegistroFormatado":"106390309","acancelar":false},"empresa":{"cnpj":"60397775000174","razaoSocial":"TAKEDA PHARMA LTDA.","numeroAutorizacao":"1006398","cnpjFormatado":"60.397.775/0001-74"},"processo":{"numero":"25351465585202193","situacao":29,"numeroProcessoFormatado":"25351.465585/2021-93"}},{"ordem":59,"produto":{"codigo":6229,"nome":"LOMEXIN","numeroRegistro":"106390198","tipo":{"codigo":1,"descricao":null},"categoria":null,"situacaoRotulo":null,"dataVencimento":null,"mesAnoVencimento":"012010","dataVencimentoRegistro":"2010-01-01T00:00:00.000-0300","principioAtivo":null,"situacaoApresentacao":"Caduco/Cancelado","dataRegistro":"2000-01-17T00:00:00.000-0200","categoriaRegulatoria":{"codigo":8,"descricao":"Similar"},"medicamentoReferencia":null,"categoriaProduto":null,"tipoAutorizacao":"REGISTRADO","mesAnoVencimentoFormatado":"01/2010","numeroRegistroFormatado":"106390198","acancelar":false},"empresa":{"cnpj":"60397775000174","razaoSocial":"TAKEDA PHARMA LTDA.","numeroAutorizacao":"1006398","cnpjFormatado":"60.397.775/0001-74"},"processo":{"numero":"250000346339919","situacao":29,"numeroProcessoFormatado":"25000.034633/99-19"}},{"ordem":60,"produto":{"codigo":912122,"nome":"Luftal Gel Caps","numeroRegistro":"106390265","tipo":{"codigo":1,"descricao":null},"categoria":null,"situacaoRotulo":null,"dataVencimento":null,"mesAnoVencimento":"102018","dataVencimentoRegistro":"2018-10-01T00:00:00.000-0300","principioAtivo":null,"situacaoApresentacao":"Caduco/Cancelado","dataRegistro":"2013-10-07T00:00:00.000-0300","categoriaRegulatoria":{"codigo":6,"descricao":"Novo"},"medicamentoReferencia":null,"categoriaProduto":null,"tipoAutorizacao":"REGISTRADO","mesAnoVencimentoFormatado":"10/2018","numeroRegistroFormatado":"106390265","acancelar":false},"empresa":{"cnpj":"60397775000174","razaoSocial":"TAKEDA PHARMA LTDA.","numeroAutorizacao":"1006398","cnpjFormatado":"60.397.775/0001-74"},"processo":{"numero":"25351291068201244","situacao":29,"numeroProcessoFormatado":"25351.291068/2012-44"}},{"ordem":61,"produto":{"codigo":854908,"nome":"MEPACT","numeroRegistro":"106390270","tipo":{"codigo":1,"descricao":null},"categoria":null,"situacaoRotulo":null,"dataVencimento":null,"mesAnoVencimento":"102029","dataVencimentoRegistro":"2029-10-01T00:00:00.000-0300","principioAtivo":"mifamurtida","situacaoApresentacao":"Válido","dataRegistro":"2014-10-27T00:00:00.000-0300","categoriaRegulatoria":{"codigo":6,"descricao":"Novo"},"medicamentoReferencia":null,"categoriaProduto":null,"tipoAutorizacao":"REGISTRADO","mesAnoVencimentoFormatado":"10/2029","numeroRegistroFormatado":"106390270","acancelar":false},"empresa":{"cnpj":"60397775000174","razaoSocial":"TAKEDA PHARMA LTDA.","numeroAutorizacao":"1006398","cnpjFormatado":"60.397.775/0001-74"},"processo":{"numero":"25351322481201272","situacao":29,"numeroProcessoFormatado":"25351.322481/2012-72"}},{"ordem":62,"produto":{"codigo":5728,"nome":"MESACOL","numeroRegistro":"106390200","tipo":{"codigo":1,"descricao":null},"categoria":null,"situacaoRotulo":null,"dataVencimento":"2025-03-03T00:00:00.000-0300","mesAnoVencimento":"032025","dataVencimentoRegistro":"2025-03-01T00:00:00.000-0300","principioAtivo":"MESALAZINA","situacaoApresentacao":"Válido","dataRegistro":"2000-03-13T00:00:00.000-0300","categoriaRegulatoria":{"codigo":8,"descricao":"Similar"},"medicamentoReferencia":"ASALIT","categoriaProduto":null,"tipoAutorizacao":"REGISTRADO","mesAnoVencimentoFormatado":"03/2025","numeroRegistroFormatado":"106390200","acancelar":false},"empresa":{"cnpj":"60397775000174","razaoSocial":"TAKEDA PHARMA LTDA.","numeroAutorizacao":"1006398","cnpjFormatado":"60.397.775/0001-74"},"processo":{"numero":"250000346449927","situacao":29,"numeroProcessoFormatado":"25000.034644/99-27"}},{"ordem":63,"produto":{"codigo":529449,"nome":"MESACOL","numeroRegistro":"106390248","tipo":{"codigo":1,"descricao":null},"categoria":null,"situacaoRotulo":null,"dataVencimento":null,"mesAnoVencimento":"032025","dataVencimentoRegistro":"2025-03-01T00:00:00.000-0300","principioAtivo":"MESALAZINA","situacaoApresentacao":"Válido","dataRegistro":"2000-03-13T00:00:00.000-0300","categoriaRegulatoria":{"codigo":6,"descricao":"Novo"},"medicamentoReferencia":null,"categoriaProduto":null,"tipoAutorizacao":"REGISTRADO","mesAnoVencimentoFormatado":"03/2025","numeroRegistroFormatado":"106390248","acancelar":false},"empresa":{"cnpj":"60397775000174","razaoSocial":"TAKEDA PHARMA LTDA.","numeroAutorizacao":"1006398","cnpjFormatado":"60.397.775/0001-74"},"processo":{"numero":"25351320916200628","situacao":29,"numeroProcessoFormatado":"25351.320916/2006-28"}},{"ordem":64,"produto":{"codigo":806926,"nome":"MICOSTATIN","numeroRegistro":"106390264","tipo":{"codigo":1,"descricao":null},"categoria":null,"situacaoRotulo":null,"dataVencimento":null,"mesAnoVencimento":"072018","dataVencimentoRegistro":"2018-07-01T00:00:00.000-0300","principioAtivo":null,"situacaoApresentacao":"Caduco/Cancelado","dataRegistro":"2013-07-01T00:00:00.000-0300","categoriaRegulatoria":{"codigo":6,"descricao":"Novo"},"medicamentoReferencia":null,"categoriaProduto":null,"tipoAutorizacao":"REGISTRADO","mesAnoVencimentoFormatado":"07/2018","numeroRegistroFormatado":"106390264","acancelar":false},"empresa":{"cnpj":"60397775000174","razaoSocial":"TAKEDA PHARMA LTDA.","numeroAutorizacao":"1006398","cnpjFormatado":"60.397.775/0001-74"},"processo":{"numero":"25351548995201124","situacao":29,"numeroProcessoFormatado":"25351.548995/2011-24"}},{"ordem":65,"produto":{"codigo":338647,"nome":"MUCOLITIC","numeroRegistro":"106390202","tipo":{"codigo":1,"descricao":null},"categoria":null,"situacaoRotulo":null,"dataVencimento":null,"mesAnoVencimento":"082020","dataVencimentoRegistro":"2020-08-01T00:00:00.000-0300","principioAtivo":null,"situacaoApresentacao":"Caduco/Cancelado","dataRegistro":"2000-08-21T00:00:00.000-0300","categoriaRegulatoria":{"codigo":6,"descricao":"Novo"},"medicamentoReferencia":null,"categoriaProduto":null,"tipoAutorizacao":"REGISTRADO","mesAnoVencimentoFormatado":"08/2020","numeroRegistroFormatado":"106390202","acancelar":false},"empresa":{"cnpj":"60397775000174","razaoSocial":"TAKEDA PHARMA LTDA.","numeroAutorizacao":"1006398","cnpjFormatado":"60.397.775/0001-74"},"processo":{"numero":"2599200990769","situacao":29,"numeroProcessoFormatado":"25992.009907/69"}},{"ordem":66,"produto":{"codigo":557532,"nome":"NEBA-SEPT","numeroRegistro":"106390250","tipo":{"codigo":1,"descricao":null},"categoria":null,"situacaoRotulo":null,"dataVencimento":null,"mesAnoVencimento":"092013","dataVencimentoRegistro":"2013-09-01T00:00:00.000-0300","principioAtivo":null,"situacaoApresentacao":"Caduco/Cancelado","dataRegistro":"2008-09-08T00:00:00.000-0300","categoriaRegulatoria":{"codigo":8,"descricao":"Similar"},"medicamentoReferencia":null,"categoriaProduto":null,"tipoAutorizacao":"REGISTRADO","mesAnoVencimentoFormatado":"09/2013","numeroRegistroFormatado":"106390250","acancelar":false},"empresa":{"cnpj":"60397775000174","razaoSocial":"TAKEDA PHARMA LTDA.","numeroAutorizacao":"1006398","cnpjFormatado":"60.397.775/0001-74"},"processo":{"numero":"25351608779200731","situacao":29,"numeroProcessoFormatado":"25351.608779/2007-31"}},{"ordem":67,"produto":{"codigo":600583,"nome":"NEBACETIN","numeroRegistro":"106390252","tipo":{"codigo":1,"descricao":null},"categoria":null,"situacaoRotulo":null,"dataVencimento":null,"mesAnoVencimento":"062029","dataVencimentoRegistro":"2029-06-01T00:00:00.000-0300","principioAtivo":null,"situacaoApresentacao":"Caduco/Cancelado","dataRegistro":"2009-06-15T00:00:00.000-0300","categoriaRegulatoria":{"codigo":8,"descricao":"Similar"},"medicamentoReferencia":null,"categoriaProduto":null,"tipoAutorizacao":"REGISTRADO","mesAnoVencimentoFormatado":"06/2029","numeroRegistroFormatado":"106390252","acancelar":false},"empresa":{"cnpj":"60397775000174","razaoSocial":"TAKEDA PHARMA LTDA.","numeroAutorizacao":"1006398","cnpjFormatado":"60.397.775/0001-74"},"processo":{"numero":"25351495514200848","situacao":29,"numeroProcessoFormatado":"25351.495514/2008-48"}},{"ordem":68,"produto":{"codigo":374382,"nome":"NEBACETIN","numeroRegistro":"106390096","tipo":{"codigo":1,"descricao":null},"categoria":null,"situacaoRotulo":null,"dataVencimento":null,"mesAnoVencimento":"102014","dataVencimentoRegistro":"2014-10-01T00:00:00.000-0300","principioAtivo":null,"situacaoApresentacao":"Caduco/Cancelado","dataRegistro":"1997-03-11T00:00:00.000-0300","categoriaRegulatoria":{"codigo":6,"descricao":"Novo"},"medicamentoReferencia":null,"categoriaProduto":null,"tipoAutorizacao":"REGISTRADO","mesAnoVencimentoFormatado":"10/2014","numeroRegistroFormatado":"106390096","acancelar":false},"empresa":{"cnpj":"60397775000174","razaoSocial":"TAKEDA PHARMA LTDA.","numeroAutorizacao":"1006398","cnpjFormatado":"60.397.775/0001-74"},"processo":{"numero":"2599201030654","situacao":29,"numeroProcessoFormatado":"25992.010306/54"}},{"ordem":69,"produto":{"codigo":5593,"nome":"NENE DENT N","numeroRegistro":"106390097","tipo":{"codigo":1,"descricao":null},"categoria":null,"situacaoRotulo":null,"dataVencimento":null,"mesAnoVencimento":"102029","dataVencimentoRegistro":"2029-10-01T00:00:00.000-0300","principioAtivo":null,"situacaoApresentacao":"Caduco/Cancelado","dataRegistro":"2001-10-18T00:00:00.000-0200","categoriaRegulatoria":{"codigo":6,"descricao":"Novo"},"medicamentoReferencia":null,"categoriaProduto":null,"tipoAutorizacao":"REGISTRADO","mesAnoVencimentoFormatado":"10/2029","numeroRegistroFormatado":"106390097","acancelar":false},"empresa":{"cnpj":"60397775000174","razaoSocial":"TAKEDA PHARMA LTDA.","numeroAutorizacao":"1006398","cnpjFormatado":"60.397.775/0001-74"},"processo":{"numero":"250000509139948","situacao":29,"numeroProcessoFormatado":"25000.050913/99-48"}},{"ordem":70,"produto":{"codigo":370042,"nome":"NEOSALDINA","numeroRegistro":"106390231","tipo":{"codigo":1,"descricao":null},"categoria":null,"situacaoRotulo":null,"dataVencimento":null,"mesAnoVencimento":"092029","dataVencimentoRegistro":"2029-09-01T00:00:00.000-0300","principioAtivo":null,"situacaoApresentacao":"Caduco/Cancelado","dataRegistro":"2004-09-03T00:00:00.000-0300","categoriaRegulatoria":{"codigo":8,"descricao":"Similar"},"medicamentoReferencia":null,"categoriaProduto":null,"tipoAutorizacao":"REGISTRADO","mesAnoVencimentoFormatado":"09/2029","numeroRegistroFormatado":"106390231","acancelar":false},"empresa":{"cnpj":"60397775000174","razaoSocial":"TAKEDA PHARMA LTDA.","numeroAutorizacao":"1006398","cnpjFormatado":"60.397.775/0001-74"},"processo":{"numero":"25351006769200414","situacao":29,"numeroProcessoFormatado":"25351.006769/2004-14"}},{"ordem":71,"produto":{"codigo":880199,"nome":"NESINA","numeroRegistro":"106390266","tipo":{"codigo":1,"descricao":null},"categoria":null,"situacaoRotulo":null,"dataVencimento":null,"mesAnoVencimento":"122028","dataVencimentoRegistro":"2028-12-01T00:00:00.000-0300","principioAtivo":null,"situacaoApresentacao":"Caduco/Cancelado","dataRegistro":"2013-12-02T00:00:00.000-0300","categoriaRegulatoria":{"codigo":6,"descricao":"Novo"},"medicamentoReferencia":null,"categoriaProduto":null,"tipoAutorizacao":"REGISTRADO","mesAnoVencimentoFormatado":"12/2028","numeroRegistroFormatado":"106390266","acancelar":false},"empresa":{"cnpj":"60397775000174","razaoSocial":"TAKEDA PHARMA LTDA.","numeroAutorizacao":"1006398","cnpjFormatado":"60.397.775/0001-74"},"processo":{"numero":"25351074779201371","situacao":29,"numeroProcessoFormatado":"25351.074779/2013-71"}},{"ordem":72,"produto":{"codigo":883969,"nome":"NESINA PIO","numeroRegistro":"106390274","tipo":{"codigo":1,"descricao":null},"categoria":null,"situacaoRotulo":null,"dataVencimento":null,"mesAnoVencimento":"052026","dataVencimentoRegistro":"2026-05-01T00:00:00.000-0300","principioAtivo":null,"situacaoApresentacao":"Caduco/Cancelado","dataRegistro":"2016-05-30T00:00:00.000-0300","categoriaRegulatoria":{"codigo":6,"descricao":"Novo"},"medicamentoReferencia":null,"categoriaProduto":null,"tipoAutorizacao":"REGISTRADO","mesAnoVencimentoFormatado":"05/2026","numeroRegistroFormatado":"106390274","acancelar":false},"empresa":{"cnpj":"60397775000174","razaoSocial":"TAKEDA PHARMA LTDA.","numeroAutorizacao":"1006398","cnpjFormatado":"60.397.775/0001-74"},"processo":{"numero":"25351691344201259","situacao":29,"numeroProcessoFormatado":"25351.691344/2012-59"}},{"ordem":73,"produto":{"codigo":1230560,"nome":"NINLARO","numeroRegistro":"106390278","tipo":{"codigo":1,"descricao":null},"categoria":null,"situacaoRotulo":null,"dataVencimento":"2023-02-05T00:00:00.000-0300","mesAnoVencimento":"022028","dataVencimentoRegistro":"2028-02-01T00:00:00.000-0300","principioAtivo":"citrato de ixazomibe","situacaoApresentacao":"Válido","dataRegistro":"2018-02-05T00:00:00.000-0300","categoriaRegulatoria":{"codigo":6,"descricao":"Novo"},"medicamentoReferencia":null,"categoriaProduto":null,"tipoAutorizacao":"REGISTRADO","mesAnoVencimentoFormatado":"02/2028","numeroRegistroFormatado":"106390278","acancelar":false},"empresa":{"cnpj":"60397775000174","razaoSocial":"TAKEDA PHARMA LTDA.","numeroAutorizacao":"1006398","cnpjFormatado":"60.397.775/0001-74"},"processo":{"numero":"25351038663201613","situacao":29,"numeroProcessoFormatado":"25351.038663/2016-13"}},{"ordem":74,"produto":{"codigo":4831,"nome":"NORIPURUM","numeroRegistro":"106390099","tipo":{"codigo":1,"descricao":null},"categoria":null,"situacaoRotulo":null,"dataVencimento":null,"mesAnoVencimento":"072029","dataVencimentoRegistro":"2029-07-01T00:00:00.000-0300","principioAtivo":null,"situacaoApresentacao":"Caduco/Cancelado","dataRegistro":"2000-01-13T00:00:00.000-0200","categoriaRegulatoria":{"codigo":3,"descricao":"Específico"},"medicamentoReferencia":null,"categoriaProduto":null,"tipoAutorizacao":"REGISTRADO","mesAnoVencimentoFormatado":"07/2029","numeroRegistroFormatado":"106390099","acancelar":false},"empresa":{"cnpj":"60397775000174","razaoSocial":"TAKEDA PHARMA LTDA.","numeroAutorizacao":"1006398","cnpjFormatado":"60.397.775/0001-74"},"processo":{"numero":"2599200266968","situacao":29,"numeroProcessoFormatado":"25992.002669/68"}},{"ordem":75,"produto":{"codigo":473460,"nome":"NORIPURUM COMPLEX","numeroRegistro":"106390244","tipo":{"codigo":1,"descricao":null},"categoria":null,"situacaoRotulo":null,"dataVencimento":null,"mesAnoVencimento":"061990","dataVencimentoRegistro":"1990-06-01T00:00:00.000-0300","principioAtivo":null,"situacaoApresentacao":"Caduco/Cancelado","dataRegistro":"1974-11-01T00:00:00.000-0300","categoriaRegulatoria":{"codigo":3,"descricao":"Específico"},"medicamentoReferencia":null,"categoriaProduto":null,"tipoAutorizacao":"REGISTRADO","mesAnoVencimentoFormatado":"06/1990","numeroRegistroFormatado":"106390244","acancelar":false},"empresa":{"cnpj":"60397775000174","razaoSocial":"TAKEDA PHARMA LTDA.","numeroAutorizacao":"1006398","cnpjFormatado":"60.397.775/0001-74"},"processo":{"numero":"2599201798773","situacao":29,"numeroProcessoFormatado":"25992.017987/73"}},{"ordem":76,"produto":{"codigo":672948,"nome":"NORIPURUM EV","numeroRegistro":"106390255","tipo":{"codigo":1,"descricao":null},"categoria":null,"situacaoRotulo":null,"dataVencimento":null,"mesAnoVencimento":"072025","dataVencimentoRegistro":"2025-07-01T00:00:00.000-0300","principioAtivo":null,"situacaoApresentacao":"Caduco/Cancelado","dataRegistro":"2010-07-05T00:00:00.000-0300","categoriaRegulatoria":{"codigo":3,"descricao":"Específico"},"medicamentoReferencia":null,"categoriaProduto":null,"tipoAutorizacao":"REGISTRADO","mesAnoVencimentoFormatado":"07/2025","numeroRegistroFormatado":"106390255","acancelar":false},"empresa":{"cnpj":"60397775000174","razaoSocial":"TAKEDA PHARMA LTDA.","numeroAutorizacao":"1006398","cnpjFormatado":"60.397.775/0001-74"},"processo":{"numero":"25351522801200918","situacao":29,"numeroProcessoFormatado":"25351.522801/2009-18"}},{"ordem":77,"produto":{"codigo":4166,"nome":"NORIPURUM FÓLICO","numeroRegistro":"106390131","tipo":{"codigo":1,"descricao":null},"categoria":null,"situacaoRotulo":null,"dataVencimento":null,"mesAnoVencimento":"072029","dataVencimentoRegistro":"2029-07-01T00:00:00.000-0300","principioAtivo":null,"situacaoApresentacao":"Caduco/Cancelado","dataRegistro":"1998-09-21T00:00:00.000-0300","categoriaRegulatoria":{"codigo":3,"descricao":"Específico"},"medicamentoReferencia":null,"categoriaProduto":null,"tipoAutorizacao":"REGISTRADO","mesAnoVencimentoFormatado":"07/2029","numeroRegistroFormatado":"106390131","acancelar":false},"empresa":{"cnpj":"60397775000174","razaoSocial":"TAKEDA PHARMA LTDA.","numeroAutorizacao":"1006398","cnpjFormatado":"60.397.775/0001-74"},"processo":{"numero":"2500102182984","situacao":29,"numeroProcessoFormatado":"25001.021829/84"}},{"ordem":78,"produto":{"codigo":473539,"nome":"NORIPURUM VITAMINADO","numeroRegistro":"106390245","tipo":{"codigo":1,"descricao":null},"categoria":null,"situacaoRotulo":null,"dataVencimento":null,"mesAnoVencimento":"082009","dataVencimentoRegistro":"2009-08-01T00:00:00.000-0300","principioAtivo":null,"situacaoApresentacao":"Caduco/Cancelado","dataRegistro":"1991-04-03T00:00:00.000-0300","categoriaRegulatoria":{"codigo":3,"descricao":"Específico"},"medicamentoReferencia":null,"categoriaProduto":null,"tipoAutorizacao":"REGISTRADO","mesAnoVencimentoFormatado":"08/2009","numeroRegistroFormatado":"106390245","acancelar":false},"empresa":{"cnpj":"60397775000174","razaoSocial":"TAKEDA PHARMA LTDA.","numeroAutorizacao":"1006398","cnpjFormatado":"60.397.775/0001-74"},"processo":{"numero":"2500001713593","situacao":29,"numeroProcessoFormatado":"25000.017135/93"}},{"ordem":79,"produto":{"codigo":474468,"nome":"NORIPURUM VITAMINADO LÍQUIDO","numeroRegistro":"106390246","tipo":{"codigo":1,"descricao":null},"categoria":null,"situacaoRotulo":null,"dataVencimento":null,"mesAnoVencimento":"082009","dataVencimentoRegistro":"2009-08-01T00:00:00.000-0300","principioAtivo":null,"situacaoApresentacao":"Caduco/Cancelado","dataRegistro":"1991-04-03T00:00:00.000-0300","categoriaRegulatoria":{"codigo":3,"descricao":"Específico"},"medicamentoReferencia":null,"categoriaProduto":null,"tipoAutorizacao":"REGISTRADO","mesAnoVencimentoFormatado":"08/2009","numeroRegistroFormatado":"106390246","acancelar":false},"empresa":{"cnpj":"60397775000174","razaoSocial":"TAKEDA PHARMA LTDA.","numeroAutorizacao":"1006398","cnpjFormatado":"60.397.775/0001-74"},"processo":{"numero":"2500001195993","situacao":29,"numeroProcessoFormatado":"25000.011959/93"}},{"ordem":80,"produto":{"codigo":474630,"nome":"NORIPURUM VITAMINADO LÍQUIDO (SOLUÇÃO ORAL)","numeroRegistro":"106390247","tipo":{"codigo":1,"descricao":null},"categoria":null,"situacaoRotulo":null,"dataVencimento":null,"mesAnoVencimento":"092011","dataVencimentoRegistro":"2011-09-01T00:00:00.000-0300","principioAtivo":null,"situacaoApresentacao":"Caduco/Cancelado","dataRegistro":"2006-09-04T00:00:00.000-0300","categoriaRegulatoria":{"codigo":3,"descricao":"Específico"},"medicamentoReferencia":null,"categoriaProduto":null,"tipoAutorizacao":"REGISTRADO","mesAnoVencimentoFormatado":"09/2011","numeroRegistroFormatado":"106390247","acancelar":false},"empresa":{"cnpj":"60397775000174","razaoSocial":"TAKEDA PHARMA LTDA.","numeroAutorizacao":"1006398","cnpjFormatado":"60.397.775/0001-74"},"processo":{"numero":"253512286570100","situacao":29,"numeroProcessoFormatado":"25351.228657/01-00"}},{"ordem":81,"produto":{"codigo":1054918,"nome":"Nesina Met","numeroRegistro":"106390272","tipo":{"codigo":1,"descricao":null},"categoria":null,"situacaoRotulo":null,"dataVencimento":"2020-07-06T00:00:00.000-0300","mesAnoVencimento":"072025","dataVencimentoRegistro":"2025-07-01T00:00:00.000-0300","principioAtivo":null,"situacaoApresentacao":"Caduco/Cancelado","dataRegistro":"2015-07-06T00:00:00.000-0300","categoriaRegulatoria":{"codigo":6,"descricao":"Novo"},"medicamentoReferencia":null,"categoriaProduto":null,"tipoAutorizacao":"REGISTRADO","mesAnoVencimentoFormatado":"07/2025","numeroRegistroFormatado":"106390272","acancelar":false},"empresa":{"cnpj":"60397775000174","razaoSocial":"TAKEDA PHARMA LTDA.","numeroAutorizacao":"1006398","cnpjFormatado":"60.397.775/0001-74"},"processo":{"numero":"25351447142201319","situacao":29,"numeroProcessoFormatado":"25351.447142/2013-19"}},{"ordem":82,"produto":{"codigo":600946,"nome":"OMNARIS","numeroRegistro":"106390251","tipo":{"codigo":1,"descricao":null},"categoria":null,"situacaoRotulo":null,"dataVencimento":null,"mesAnoVencimento":"122018","dataVencimentoRegistro":"2018-12-01T00:00:00.000-0300","principioAtivo":null,"situacaoApresentacao":"Caduco/Cancelado","dataRegistro":"2008-12-01T00:00:00.000-0300","categoriaRegulatoria":{"codigo":6,"descricao":"Novo"},"medicamentoReferencia":null,"categoriaProduto":null,"tipoAutorizacao":"REGISTRADO","mesAnoVencimentoFormatado":"12/2018","numeroRegistroFormatado":"106390251","acancelar":false},"empresa":{"cnpj":"60397775000174","razaoSocial":"TAKEDA PHARMA LTDA.","numeroAutorizacao":"1006398","cnpjFormatado":"60.397.775/0001-74"},"processo":{"numero":"25351302915200782","situacao":29,"numeroProcessoFormatado":"25351.302915/2007-82"}},{"ordem":83,"produto":{"codigo":849,"nome":"OPTACILIN","numeroRegistro":"106390102","tipo":{"codigo":1,"descricao":null},"categoria":null,"situacaoRotulo":null,"dataVencimento":null,"mesAnoVencimento":"102011","dataVencimentoRegistro":"2011-10-01T00:00:00.000-0300","principioAtivo":null,"situacaoApresentacao":"Caduco/Cancelado","dataRegistro":"2001-11-07T00:00:00.000-0200","categoriaRegulatoria":{"codigo":6,"descricao":"Novo"},"medicamentoReferencia":null,"categoriaProduto":null,"tipoAutorizacao":"REGISTRADO","mesAnoVencimentoFormatado":"10/2011","numeroRegistroFormatado":"106390102","acancelar":false},"empresa":{"cnpj":"60397775000174","razaoSocial":"TAKEDA PHARMA LTDA.","numeroAutorizacao":"1006398","cnpjFormatado":"60.397.775/0001-74"},"processo":{"numero":"2599201715271","situacao":29,"numeroProcessoFormatado":"25992.017152/71"}},{"ordem":84,"produto":{"codigo":1093680,"nome":"Omcilon A","numeroRegistro":"106390273","tipo":{"codigo":1,"descricao":null},"categoria":null,"situacaoRotulo":null,"dataVencimento":null,"mesAnoVencimento":"032021","dataVencimentoRegistro":"2021-03-01T00:00:00.000-0300","principioAtivo":null,"situacaoApresentacao":"Caduco/Cancelado","dataRegistro":"2016-03-07T00:00:00.000-0300","categoriaRegulatoria":{"codigo":6,"descricao":"Novo"},"medicamentoReferencia":null,"categoriaProduto":null,"tipoAutorizacao":"REGISTRADO","mesAnoVencimentoFormatado":"03/2021","numeroRegistroFormatado":"106390273","acancelar":false},"empresa":{"cnpj":"60397775000174","razaoSocial":"TAKEDA PHARMA LTDA.","numeroAutorizacao":"1006398","cnpjFormatado":"60.397.775/0001-74"},"processo":{"numero":"25351025493201202","situacao":29,"numeroProcessoFormatado":"25351.025493/2012-02"}},{"ordem":85,"produto":{"codigo":5624,"nome":"PANFUGAN","numeroRegistro":"106390104","tipo":{"codigo":1,"descricao":null},"categoria":null,"situacaoRotulo":null,"dataVencimento":null,"mesAnoVencimento":"082011","dataVencimentoRegistro":"2011-08-01T00:00:00.000-0300","principioAtivo":null,"situacaoApresentacao":"Caduco/Cancelado","dataRegistro":"2001-10-01T00:00:00.000-0300","categoriaRegulatoria":{"codigo":8,"descricao":"Similar"},"medicamentoReferencia":null,"categoriaProduto":null,"tipoAutorizacao":"REGISTRADO","mesAnoVencimentoFormatado":"08/2011","numeroRegistroFormatado":"106390104","acancelar":false},"empresa":{"cnpj":"60397775000174","razaoSocial":"TAKEDA PHARMA LTDA.","numeroAutorizacao":"1006398","cnpjFormatado":"60.397.775/0001-74"},"processo":{"numero":"2599200785672","situacao":29,"numeroProcessoFormatado":"25992.007856/72"}},{"ordem":86,"produto":{"codigo":169791,"nome":"PANTOPAC","numeroRegistro":"106390208","tipo":{"codigo":1,"descricao":null},"categoria":null,"situacaoRotulo":null,"dataVencimento":null,"mesAnoVencimento":"122007","dataVencimentoRegistro":"2007-12-01T00:00:00.000-0300","principioAtivo":null,"situacaoApresentacao":"Caduco/Cancelado","dataRegistro":"2002-12-20T00:00:00.000-0300","categoriaRegulatoria":{"codigo":6,"descricao":"Novo"},"medicamentoReferencia":null,"categoriaProduto":null,"tipoAutorizacao":"REGISTRADO","mesAnoVencimentoFormatado":"12/2007","numeroRegistroFormatado":"106390208","acancelar":false},"empresa":{"cnpj":"60397775000174","razaoSocial":"TAKEDA PHARMA LTDA.","numeroAutorizacao":"1006398","cnpjFormatado":"60.397.775/0001-74"},"processo":{"numero":"253510007930215","situacao":29,"numeroProcessoFormatado":"25351.000793/02-15"}},{"ordem":87,"produto":{"codigo":331377,"nome":"PANTOPRAZOL","numeroRegistro":"106390216","tipo":{"codigo":1,"descricao":null},"categoria":null,"situacaoRotulo":null,"dataVencimento":null,"mesAnoVencimento":"082008","dataVencimentoRegistro":"2008-08-01T00:00:00.000-0300","principioAtivo":null,"situacaoApresentacao":"Caduco/Cancelado","dataRegistro":"2003-08-18T00:00:00.000-0300","categoriaRegulatoria":{"codigo":5,"descricao":"Genérico"},"medicamentoReferencia":"PANTOZOL","categoriaProduto":null,"tipoAutorizacao":"REGISTRADO","mesAnoVencimentoFormatado":"08/2008","numeroRegistroFormatado":"106390216","acancelar":false},"empresa":{"cnpj":"60397775000174","razaoSocial":"TAKEDA PHARMA LTDA.","numeroAutorizacao":"1006398","cnpjFormatado":"60.397.775/0001-74"},"processo":{"numero":"25351017813200331","situacao":29,"numeroProcessoFormatado":"25351.017813/2003-31"}},{"ordem":88,"produto":{"codigo":284363,"nome":"PANTOZOL","numeroRegistro":"106390182","tipo":{"codigo":1,"descricao":null},"categoria":null,"situacaoRotulo":null,"dataVencimento":null,"mesAnoVencimento":"042025","dataVencimentoRegistro":"2025-04-01T00:00:00.000-0300","principioAtivo":"PANTOPRAZOL SÓDICO SESQUI-HIDRATADO","situacaoApresentacao":"Válido","dataRegistro":"1995-07-03T00:00:00.000-0300","categoriaRegulatoria":{"codigo":6,"descricao":"Novo"},"medicamentoReferencia":null,"categoriaProduto":null,"tipoAutorizacao":"REGISTRADO","mesAnoVencimentoFormatado":"04/2025","numeroRegistroFormatado":"106390182","acancelar":false},"empresa":{"cnpj":"60397775000174","razaoSocial":"TAKEDA PHARMA LTDA.","numeroAutorizacao":"1006398","cnpjFormatado":"60.397.775/0001-74"},"processo":{"numero":"250000176199429","situacao":29,"numeroProcessoFormatado":"25000.017619/94-29"}},{"ordem":89,"produto":{"codigo":413293,"nome":"PANVITROP","numeroRegistro":"106390049","tipo":{"codigo":1,"descricao":null},"categoria":null,"situacaoRotulo":null,"dataVencimento":null,"mesAnoVencimento":"072010","dataVencimentoRegistro":"2010-07-01T00:00:00.000-0300","principioAtivo":null,"situacaoApresentacao":"Caduco/Cancelado","dataRegistro":"1986-08-06T00:00:00.000-0300","categoriaRegulatoria":{"codigo":8,"descricao":"Similar"},"medicamentoReferencia":null,"categoriaProduto":null,"tipoAutorizacao":"REGISTRADO","mesAnoVencimentoFormatado":"07/2010","numeroRegistroFormatado":"106390049","acancelar":false},"empresa":{"cnpj":"60397775000174","razaoSocial":"TAKEDA PHARMA LTDA.","numeroAutorizacao":"1006398","cnpjFormatado":"60.397.775/0001-74"},"processo":{"numero":"2599201250557","situacao":29,"numeroProcessoFormatado":"25992.012505/57"}},{"ordem":90,"produto":{"codigo":1518,"nome":"PLANTABEN","numeroRegistro":"106390205","tipo":{"codigo":1,"descricao":null},"categoria":null,"situacaoRotulo":null,"dataVencimento":null,"mesAnoVencimento":"122020","dataVencimentoRegistro":"2020-12-01T00:00:00.000-0300","principioAtivo":null,"situacaoApresentacao":"Caduco/Cancelado","dataRegistro":"2000-12-20T00:00:00.000-0300","categoriaRegulatoria":{"codigo":4,"descricao":"Fitoterápico"},"medicamentoReferencia":null,"categoriaProduto":null,"tipoAutorizacao":"REGISTRADO","mesAnoVencimentoFormatado":"12/2020","numeroRegistroFormatado":"106390205","acancelar":false},"empresa":{"cnpj":"60397775000174","razaoSocial":"TAKEDA PHARMA LTDA.","numeroAutorizacao":"1006398","cnpjFormatado":"60.397.775/0001-74"},"processo":{"numero":"250000193379952","situacao":29,"numeroProcessoFormatado":"25000.019337/99-52"}},{"ordem":91,"produto":{"codigo":447677,"nome":"PONDICILINA","numeroRegistro":"106390203","tipo":{"codigo":1,"descricao":null},"categoria":null,"situacaoRotulo":null,"dataVencimento":null,"mesAnoVencimento":"082010","dataVencimentoRegistro":"2010-08-01T00:00:00.000-0300","principioAtivo":null,"situacaoApresentacao":"Caduco/Cancelado","dataRegistro":"1979-12-11T00:00:00.000-0300","categoriaRegulatoria":{"codigo":6,"descricao":"Novo"},"medicamentoReferencia":null,"categoriaProduto":null,"tipoAutorizacao":"REGISTRADO","mesAnoVencimentoFormatado":"08/2010","numeroRegistroFormatado":"106390203","acancelar":false},"empresa":{"cnpj":"60397775000174","razaoSocial":"TAKEDA PHARMA LTDA.","numeroAutorizacao":"1006398","cnpjFormatado":"60.397.775/0001-74"},"processo":{"numero":"2599200413050","situacao":29,"numeroProcessoFormatado":"25992.004130/50"}},{"ordem":92,"produto":{"codigo":6943,"nome":"PROCTYL","numeroRegistro":"106390111","tipo":{"codigo":1,"descricao":null},"categoria":null,"situacaoRotulo":null,"dataVencimento":null,"mesAnoVencimento":"062028","dataVencimentoRegistro":"2028-06-01T00:00:00.000-0300","principioAtivo":"POLICRESULENO, CLORIDRATO DE CINCHOCAÍNA","situacaoApresentacao":"Válido","dataRegistro":"1998-03-25T00:00:00.000-0300","categoriaRegulatoria":{"codigo":6,"descricao":"Novo"},"medicamentoReferencia":null,"categoriaProduto":null,"tipoAutorizacao":"REGISTRADO","mesAnoVencimentoFormatado":"06/2028","numeroRegistroFormatado":"106390111","acancelar":false},"empresa":{"cnpj":"60397775000174","razaoSocial":"TAKEDA PHARMA LTDA.","numeroAutorizacao":"1006398","cnpjFormatado":"60.397.775/0001-74"},"processo":{"numero":"2599200569568","situacao":29,"numeroProcessoFormatado":"25992.005695/68"}},{"ordem":93,"produto":{"codigo":1497320,"nome":"Prothromplex","numeroRegistro":"106390294","tipo":{"codigo":1,"descricao":null},"categoria":null,"situacaoRotulo":null,"dataVencimento":"2027-03-07T00:00:00.000-0300","mesAnoVencimento":"032027","dataVencimentoRegistro":"2027-03-01T00:00:00.000-0300","principioAtivo":"FATOR II DE COAGULAÇÃO, FATOR VII DE COAGULAÇÃO, FATOR IX DE COAGULAÇÃO, FATOR X","situacaoApresentacao":"Válido","dataRegistro":"2020-09-28T00:00:00.000-0300","categoriaRegulatoria":{"codigo":1,"descricao":"Biológico"},"medicamentoReferencia":null,"categoriaProduto":null,"tipoAutorizacao":"REGISTRADO","mesAnoVencimentoFormatado":"03/2027","numeroRegistroFormatado":"106390294","acancelar":false},"empresa":{"cnpj":"60397775000174","razaoSocial":"TAKEDA PHARMA LTDA.","numeroAutorizacao":"1006398","cnpjFormatado":"60.397.775/0001-74"},"processo":{"numero":"25351779244202011","situacao":29,"numeroProcessoFormatado":"25351.779244/2020-11"}},{"ordem":94,"produto":{"codigo":2205155,"nome":"QDENGA","numeroRegistro":"106390307","tipo":{"codigo":1,"descricao":null},"categoria":null,"situacaoRotulo":null,"dataVencimento":"2033-03-02T00:00:00.000-0300","mesAnoVencimento":"032033","dataVencimentoRegistro":"2033-03-01T00:00:00.000-0300","principioAtivo":"VACINA DENGUE 1, 2, 3 E 4 (ATENUADA)","situacaoApresentacao":"Válido","dataRegistro":"2023-03-02T00:00:00.000-0300","categoriaRegulatoria":{"codigo":1,"descricao":"Biológico"},"medicamentoReferencia":null,"categoriaProduto":null,"tipoAutorizacao":"REGISTRADO","mesAnoVencimentoFormatado":"03/2033","numeroRegistroFormatado":"106390307","acancelar":false},"empresa":{"cnpj":"60397775000174","razaoSocial":"TAKEDA PHARMA LTDA.","numeroAutorizacao":"1006398","cnpjFormatado":"60.397.775/0001-74"},"processo":{"numero":"25351389376202136","situacao":29,"numeroProcessoFormatado":"25351.389376/2021-36"}},{"ordem":95,"produto":{"codigo":358171,"nome":"REPARIL","numeroRegistro":"106390052","tipo":{"codigo":1,"descricao":null},"categoria":null,"situacaoRotulo":null,"dataVencimento":null,"mesAnoVencimento":"012020","dataVencimentoRegistro":"2020-01-01T00:00:00.000-0300","principioAtivo":null,"situacaoApresentacao":"Caduco/Cancelado","dataRegistro":"1995-03-16T00:00:00.000-0300","categoriaRegulatoria":{"codigo":6,"descricao":"Novo"},"medicamentoReferencia":null,"categoriaProduto":null,"tipoAutorizacao":"REGISTRADO","mesAnoVencimentoFormatado":"01/2020","numeroRegistroFormatado":"106390052","acancelar":false},"empresa":{"cnpj":"60397775000174","razaoSocial":"TAKEDA PHARMA LTDA.","numeroAutorizacao":"1006398","cnpjFormatado":"60.397.775/0001-74"},"processo":{"numero":"2599200464567","situacao":29,"numeroProcessoFormatado":"25992.004645/67"}},{"ordem":96,"produto":{"codigo":1499648,"nome":"REVESTIVE","numeroRegistro":"106390296","tipo":{"codigo":1,"descricao":null},"categoria":null,"situacaoRotulo":null,"dataVencimento":null,"mesAnoVencimento":"112028","dataVencimentoRegistro":"2028-11-01T00:00:00.000-0300","principioAtivo":"TEDUGLUTIDA","situacaoApresentacao":"Válido","dataRegistro":"2020-09-28T00:00:00.000-0300","categoriaRegulatoria":{"codigo":1,"descricao":"Biológico"},"medicamentoReferencia":null,"categoriaProduto":null,"tipoAutorizacao":"REGISTRADO","mesAnoVencimentoFormatado":"11/2028","numeroRegistroFormatado":"106390296","acancelar":false},"empresa":{"cnpj":"60397775000174","razaoSocial":"TAKEDA PHARMA LTDA.","numeroAutorizacao":"1006398","cnpjFormatado":"60.397.775/0001-74"},"processo":{"numero":"25351779289202096","situacao":29,"numeroProcessoFormatado":"25351.779289/2020-96"}},{"ordem":97,"produto":{"codigo":1184859,"nome":"RIOPAN","numeroRegistro":"106390277","tipo":{"codigo":1,"descricao":null},"categoria":null,"situacaoRotulo":null,"dataVencimento":null,"mesAnoVencimento":"092027","dataVencimentoRegistro":"2027-09-01T00:00:00.000-0300","principioAtivo":"MAGALDRATO","situacaoApresentacao":"Válido","dataRegistro":"2017-09-11T00:00:00.000-0300","categoriaRegulatoria":{"codigo":3,"descricao":"Específico"},"medicamentoReferencia":null,"categoriaProduto":null,"tipoAutorizacao":"REGISTRADO","mesAnoVencimentoFormatado":"09/2027","numeroRegistroFormatado":"106390277","acancelar":false},"empresa":{"cnpj":"60397775000174","razaoSocial":"TAKEDA PHARMA LTDA.","numeroAutorizacao":"1006398","cnpjFormatado":"60.397.775/0001-74"},"processo":{"numero":"25351130171201706","situacao":29,"numeroProcessoFormatado":"25351.130171/2017-06"}},{"ordem":98,"produto":{"codigo":361294,"nome":"RIOPAN PLUS","numeroRegistro":"106390112","tipo":{"codigo":1,"descricao":null},"categoria":null,"situacaoRotulo":null,"dataVencimento":null,"mesAnoVencimento":"032027","dataVencimentoRegistro":"2027-03-01T00:00:00.000-0300","principioAtivo":"MAGALDRATO, SIMETICONA","situacaoApresentacao":"Válido","dataRegistro":"1991-01-29T00:00:00.000-0300","categoriaRegulatoria":{"codigo":3,"descricao":"Específico"},"medicamentoReferencia":null,"categoriaProduto":null,"tipoAutorizacao":"REGISTRADO","mesAnoVencimentoFormatado":"03/2027","numeroRegistroFormatado":"106390112","acancelar":false},"empresa":{"cnpj":"60397775000174","razaoSocial":"TAKEDA PHARMA LTDA.","numeroAutorizacao":"1006398","cnpjFormatado":"60.397.775/0001-74"},"processo":{"numero":"2599201276261","situacao":29,"numeroProcessoFormatado":"25992.012762/61"}},{"ordem":99,"produto":{"codigo":1499712,"nome":"RIXUBIS","numeroRegistro":"106390285","tipo":{"codigo":1,"descricao":null},"categoria":null,"situacaoRotulo":null,"dataVencimento":"2029-08-07T00:00:00.000-0300","mesAnoVencimento":"082029","dataVencimentoRegistro":"2029-08-01T00:00:00.000-0300","principioAtivo":"GAMANONACOGUE","situacaoApresentacao":"Válido","dataRegistro":"2020-09-28T00:00:00.000-0300","categoriaRegulatoria":{"codigo":1,"descricao":"Biológico"},"medicamentoReferencia":null,"categoriaProduto":null,"tipoAutorizacao":"REGISTRADO","mesAnoVencimentoFormatado":"08/2029","numeroRegistroFormatado":"106390285","acancelar":false},"empresa":{"cnpj":"60397775000174","razaoSocial":"TAKEDA PHARMA LTDA.","numeroAutorizacao":"1006398","cnpjFormatado":"60.397.775/0001-74"},"processo":{"numero":"25351778782202099","situacao":29,"numeroProcessoFormatado":"25351.778782/2020-99"}},{"ordem":100,"produto":{"codigo":1499352,"nome":"Replagal","numeroRegistro":"106390284","tipo":{"codigo":1,"descricao":null},"categoria":null,"situacaoRotulo":null,"dataVencimento":"2029-07-26T00:00:00.000-0300","mesAnoVencimento":"072029","dataVencimentoRegistro":"2029-07-01T00:00:00.000-0300","principioAtivo":"alfagalsidase","situacaoApresentacao":"Válido","dataRegistro":"2020-09-28T00:00:00.000-0300","categoriaRegulatoria":{"codigo":1,"descricao":"Biológico"},"medicamentoReferencia":null,"categoriaProduto":null,"tipoAutorizacao":"REGISTRADO","mesAnoVencimentoFormatado":"07/2029","numeroRegistroFormatado":"106390284","acancelar":false},"empresa":{"cnpj":"60397775000174","razaoSocial":"TAKEDA PHARMA LTDA.","numeroAutorizacao":"1006398","cnpjFormatado":"60.397.775/0001-74"},"processo":{"numero":"25351778045202096","situacao":29,"numeroProcessoFormatado":"25351.778045/2020-96"}},{"ordem":101,"produto":{"codigo":1158198,"nome":"Rozerem","numeroRegistro":"106390275","tipo":{"codigo":1,"descricao":null},"categoria":null,"situacaoRotulo":null,"dataVencimento":"2022-05-08T00:00:00.000-0300","mesAnoVencimento":"052027","dataVencimentoRegistro":"2027-05-01T00:00:00.000-0300","principioAtivo":"ramelteona","situacaoApresentacao":"Válido","dataRegistro":"2017-06-12T00:00:00.000-0300","categoriaRegulatoria":{"codigo":6,"descricao":"Novo"},"medicamentoReferencia":null,"categoriaProduto":null,"tipoAutorizacao":"REGISTRADO","mesAnoVencimentoFormatado":"05/2027","numeroRegistroFormatado":"106390275","acancelar":false},"empresa":{"cnpj":"60397775000174","razaoSocial":"TAKEDA PHARMA LTDA.","numeroAutorizacao":"1006398","cnpjFormatado":"60.397.775/0001-74"},"processo":{"numero":"25351146101201481","situacao":29,"numeroProcessoFormatado":"25351.146101/2014-81"}},{"ordem":102,"produto":{"codigo":608056,"nome":"SIILIF","numeroRegistro":"106390254","tipo":{"codigo":1,"descricao":null},"categoria":null,"situacaoRotulo":null,"dataVencimento":null,"mesAnoVencimento":"022025","dataVencimentoRegistro":"2025-02-01T00:00:00.000-0300","principioAtivo":"BROMETO DE PINAVÉRIO","situacaoApresentacao":"Válido","dataRegistro":"2010-02-22T00:00:00.000-0300","categoriaRegulatoria":{"codigo":8,"descricao":"Similar"},"medicamentoReferencia":"DICETEL","categoriaProduto":null,"tipoAutorizacao":"REGISTRADO","mesAnoVencimentoFormatado":"02/2025","numeroRegistroFormatado":"106390254","acancelar":false},"empresa":{"cnpj":"60397775000174","razaoSocial":"TAKEDA PHARMA LTDA.","numeroAutorizacao":"1006398","cnpjFormatado":"60.397.775/0001-74"},"processo":{"numero":"25351627431200824","situacao":29,"numeroProcessoFormatado":"25351.627431/2008-24"}},{"ordem":103,"produto":{"codigo":280004,"nome":"STRESSPLANT","numeroRegistro":"106390228","tipo":{"codigo":1,"descricao":null},"categoria":null,"situacaoRotulo":null,"dataVencimento":null,"mesAnoVencimento":"082009","dataVencimentoRegistro":"2009-08-01T00:00:00.000-0300","principioAtivo":null,"situacaoApresentacao":"Caduco/Cancelado","dataRegistro":"2004-08-10T00:00:00.000-0300","categoriaRegulatoria":{"codigo":4,"descricao":"Fitoterápico"},"medicamentoReferencia":null,"categoriaProduto":null,"tipoAutorizacao":"REGISTRADO","mesAnoVencimentoFormatado":"08/2009","numeroRegistroFormatado":"106390228","acancelar":false},"empresa":{"cnpj":"60397775000174","razaoSocial":"TAKEDA PHARMA LTDA.","numeroAutorizacao":"1006398","cnpjFormatado":"60.397.775/0001-74"},"processo":{"numero":"25351017811200341","situacao":29,"numeroProcessoFormatado":"25351.017811/2003-41"}},{"ordem":104,"produto":{"codigo":614041,"nome":"TACHOSIL","numeroRegistro":"106390253","tipo":{"codigo":1,"descricao":null},"categoria":null,"situacaoRotulo":null,"dataVencimento":null,"mesAnoVencimento":"122029","dataVencimentoRegistro":"2029-12-01T00:00:00.000-0300","principioAtivo":null,"situacaoApresentacao":"Caduco/Cancelado","dataRegistro":"2009-12-07T00:00:00.000-0300","categoriaRegulatoria":{"codigo":1,"descricao":"Biológico"},"medicamentoReferencia":null,"categoriaProduto":null,"tipoAutorizacao":"REGISTRADO","mesAnoVencimentoFormatado":"12/2029","numeroRegistroFormatado":"106390253","acancelar":false},"empresa":{"cnpj":"60397775000174","razaoSocial":"TAKEDA PHARMA LTDA.","numeroAutorizacao":"1006398","cnpjFormatado":"60.397.775/0001-74"},"processo":{"numero":"25351800318200851","situacao":29,"numeroProcessoFormatado":"25351.800318/2008-51"}},{"ordem":105,"produto":{"codigo":1488805,"nome":"TAKHZYRO","numeroRegistro":"106390290","tipo":{"codigo":1,"descricao":null},"categoria":null,"situacaoRotulo":null,"dataVencimento":"2029-10-01T00:00:00.000-0300","mesAnoVencimento":"102029","dataVencimentoRegistro":"2029-10-01T00:00:00.000-0300","principioAtivo":"LANADELUMABE","situacaoApresentacao":"Válido","dataRegistro":"2020-09-28T00:00:00.000-0300","categoriaRegulatoria":{"codigo":1,"descricao":"Biológico"},"medicamentoReferencia":null,"categoriaProduto":null,"tipoAutorizacao":"REGISTRADO","mesAnoVencimentoFormatado":"10/2029","numeroRegistroFormatado":"106390290","acancelar":false},"empresa":{"cnpj":"60397775000174","razaoSocial":"TAKEDA PHARMA LTDA.","numeroAutorizacao":"1006398","cnpjFormatado":"60.397.775/0001-74"},"processo":{"numero":"25351779114202089","situacao":29,"numeroProcessoFormatado":"25351.779114/2020-89"}},{"ordem":106,"produto":{"codigo":4534,"nome":"TEBONIN","numeroRegistro":"106390135","tipo":{"codigo":1,"descricao":null},"categoria":null,"situacaoRotulo":null,"dataVencimento":null,"mesAnoVencimento":"102025","dataVencimentoRegistro":"2025-10-01T00:00:00.000-0300","principioAtivo":null,"situacaoApresentacao":"Caduco/Cancelado","dataRegistro":"2000-02-01T00:00:00.000-0200","categoriaRegulatoria":{"codigo":8,"descricao":"Similar"},"medicamentoReferencia":null,"categoriaProduto":null,"tipoAutorizacao":"REGISTRADO","mesAnoVencimentoFormatado":"10/2025","numeroRegistroFormatado":"106390135","acancelar":false},"empresa":{"cnpj":"60397775000174","razaoSocial":"TAKEDA PHARMA LTDA.","numeroAutorizacao":"1006398","cnpjFormatado":"60.397.775/0001-74"},"processo":{"numero":"2599200327674","situacao":29,"numeroProcessoFormatado":"25992.003276/74"}},{"ordem":107,"produto":{"codigo":665399,"nome":"TECTA","numeroRegistro":"106390256","tipo":{"codigo":1,"descricao":null},"categoria":null,"situacaoRotulo":null,"dataVencimento":null,"mesAnoVencimento":"122025","dataVencimentoRegistro":"2025-12-01T00:00:00.000-0300","principioAtivo":"pantoprazol magnésico di-hidratado","situacaoApresentacao":"Válido","dataRegistro":"2010-12-06T00:00:00.000-0300","categoriaRegulatoria":{"codigo":6,"descricao":"Novo"},"medicamentoReferencia":null,"categoriaProduto":null,"tipoAutorizacao":"REGISTRADO","mesAnoVencimentoFormatado":"12/2025","numeroRegistroFormatado":"106390256","acancelar":false},"empresa":{"cnpj":"60397775000174","razaoSocial":"TAKEDA PHARMA LTDA.","numeroAutorizacao":"1006398","cnpjFormatado":"60.397.775/0001-74"},"processo":{"numero":"25351518046200968","situacao":29,"numeroProcessoFormatado":"25351.518046/2009-68"}},{"ordem":108,"produto":{"codigo":5984,"nome":"TRIDIN","numeroRegistro":"106390191","tipo":{"codigo":1,"descricao":null},"categoria":null,"situacaoRotulo":null,"dataVencimento":null,"mesAnoVencimento":"022003","dataVencimentoRegistro":"2003-02-01T00:00:00.000-0300","principioAtivo":null,"situacaoApresentacao":"Caduco/Cancelado","dataRegistro":"1998-02-05T00:00:00.000-0300","categoriaRegulatoria":{"codigo":6,"descricao":"Novo"},"medicamentoReferencia":null,"categoriaProduto":null,"tipoAutorizacao":"REGISTRADO","mesAnoVencimentoFormatado":"02/2003","numeroRegistroFormatado":"106390191","acancelar":false},"empresa":{"cnpj":"60397775000174","razaoSocial":"TAKEDA PHARMA LTDA.","numeroAutorizacao":"1006398","cnpjFormatado":"60.397.775/0001-74"},"processo":{"numero":"250000202479535","situacao":29,"numeroProcessoFormatado":"25000.020247/95-35"}},{"ordem":109,"produto":{"codigo":356150,"nome":"VENALOT","numeroRegistro":"106390117","tipo":{"codigo":1,"descricao":null},"categoria":null,"situacaoRotulo":null,"dataVencimento":null,"mesAnoVencimento":"102029","dataVencimentoRegistro":"2029-10-01T00:00:00.000-0300","principioAtivo":null,"situacaoApresentacao":"Caduco/Cancelado","dataRegistro":"2002-05-29T00:00:00.000-0300","categoriaRegulatoria":{"codigo":3,"descricao":"Específico"},"medicamentoReferencia":null,"categoriaProduto":null,"tipoAutorizacao":"REGISTRADO","mesAnoVencimentoFormatado":"10/2029","numeroRegistroFormatado":"106390117","acancelar":false},"empresa":{"cnpj":"60397775000174","razaoSocial":"TAKEDA PHARMA LTDA.","numeroAutorizacao":"1006398","cnpjFormatado":"60.397.775/0001-74"},"processo":{"numero":"2599201533272","situacao":29,"numeroProcessoFormatado":"25992.015332/72"}},{"ordem":110,"produto":{"codigo":388437,"nome":"VENALOT H","numeroRegistro":"106390118","tipo":{"codigo":1,"descricao":null},"categoria":null,"situacaoRotulo":null,"dataVencimento":null,"mesAnoVencimento":"032020","dataVencimentoRegistro":"2020-03-01T00:00:00.000-0300","principioAtivo":null,"situacaoApresentacao":"Caduco/Cancelado","dataRegistro":"1989-10-30T00:00:00.000-0200","categoriaRegulatoria":{"codigo":6,"descricao":"Novo"},"medicamentoReferencia":null,"categoriaProduto":null,"tipoAutorizacao":"REGISTRADO","mesAnoVencimentoFormatado":"03/2020","numeroRegistroFormatado":"106390118","acancelar":false},"empresa":{"cnpj":"60397775000174","razaoSocial":"TAKEDA PHARMA LTDA.","numeroAutorizacao":"1006398","cnpjFormatado":"60.397.775/0001-74"},"processo":{"numero":"2599100218480","situacao":29,"numeroProcessoFormatado":"25991.002184/80"}},{"ordem":111,"produto":{"codigo":1560535,"nome":"VENVANSE","numeroRegistro":"106390304","tipo":{"codigo":1,"descricao":null},"categoria":null,"situacaoRotulo":null,"dataVencimento":null,"mesAnoVencimento":"072025","dataVencimentoRegistro":"2025-07-01T00:00:00.000-0300","principioAtivo":"DIMESILATO DE LISDEXANFETAMINA","situacaoApresentacao":"Válido","dataRegistro":"2020-10-19T00:00:00.000-0300","categoriaRegulatoria":{"codigo":6,"descricao":"Novo"},"medicamentoReferencia":null,"categoriaProduto":null,"tipoAutorizacao":"REGISTRADO","mesAnoVencimentoFormatado":"07/2025","numeroRegistroFormatado":"106390304","acancelar":false},"empresa":{"cnpj":"60397775000174","razaoSocial":"TAKEDA PHARMA LTDA.","numeroAutorizacao":"1006398","cnpjFormatado":"60.397.775/0001-74"},"processo":{"numero":"25351779375202007","situacao":29,"numeroProcessoFormatado":"25351.779375/2020-07"}},{"ordem":112,"produto":{"codigo":1479706,"nome":"VPRIV","numeroRegistro":"106390286","tipo":{"codigo":1,"descricao":null},"categoria":null,"situacaoRotulo":null,"dataVencimento":null,"mesAnoVencimento":"112025","dataVencimentoRegistro":"2025-11-01T00:00:00.000-0300","principioAtivo":"alfavelaglicerase","situacaoApresentacao":"Válido","dataRegistro":"2020-09-28T00:00:00.000-0300","categoriaRegulatoria":{"codigo":1,"descricao":"Biológico"},"medicamentoReferencia":null,"categoriaProduto":null,"tipoAutorizacao":"REGISTRADO","mesAnoVencimentoFormatado":"11/2025","numeroRegistroFormatado":"106390286","acancelar":false},"empresa":{"cnpj":"60397775000174","razaoSocial":"TAKEDA PHARMA LTDA.","numeroAutorizacao":"1006398","cnpjFormatado":"60.397.775/0001-74"},"processo":{"numero":"25351778961202026","situacao":29,"numeroProcessoFormatado":"25351.778961/2020-26"}},{"ordem":113,"produto":{"codigo":374810,"nome":"XANTINON","numeroRegistro":"106390119","tipo":{"codigo":1,"descricao":null},"categoria":null,"situacaoRotulo":null,"dataVencimento":null,"mesAnoVencimento":"022025","dataVencimentoRegistro":"2025-02-01T00:00:00.000-0300","principioAtivo":null,"situacaoApresentacao":"Caduco/Cancelado","dataRegistro":"2001-06-04T00:00:00.000-0300","categoriaRegulatoria":{"codigo":3,"descricao":"Específico"},"medicamentoReferencia":null,"categoriaProduto":null,"tipoAutorizacao":"REGISTRADO","mesAnoVencimentoFormatado":"02/2025","numeroRegistroFormatado":"106390119","acancelar":false},"empresa":{"cnpj":"60397775000174","razaoSocial":"TAKEDA PHARMA LTDA.","numeroAutorizacao":"1006398","cnpjFormatado":"60.397.775/0001-74"},"processo":{"numero":"2599200624546","situacao":29,"numeroProcessoFormatado":"25992.006245/46"}},{"ordem":114,"produto":{"codigo":1155847,"nome":"XANTINON COMPLEX","numeroRegistro":"106390276","tipo":{"codigo":1,"descricao":null},"categoria":null,"situacaoRotulo":null,"dataVencimento":null,"mesAnoVencimento":"042027","dataVencimentoRegistro":"2027-04-01T00:00:00.000-0300","principioAtivo":null,"situacaoApresentacao":"Caduco/Cancelado","dataRegistro":"2017-04-10T00:00:00.000-0300","categoriaRegulatoria":{"codigo":3,"descricao":"Específico"},"medicamentoReferencia":null,"categoriaProduto":null,"tipoAutorizacao":"REGISTRADO","mesAnoVencimentoFormatado":"04/2027","numeroRegistroFormatado":"106390276","acancelar":false},"empresa":{"cnpj":"60397775000174","razaoSocial":"TAKEDA PHARMA LTDA.","numeroAutorizacao":"1006398","cnpjFormatado":"60.397.775/0001-74"},"processo":{"numero":"25351079240201705","situacao":29,"numeroProcessoFormatado":"25351.079240/2017-05"}}],"totalPages":1,"totalElements":114,"last":true,"numberOfElements":114,"first":true,"sort":null,"size":1000,"number":0}