{"content":[{"ordem":1,"produto":{"codigo":4189,"nome":"ALFASIN","numeroRegistro":"100820142","tipo":{"codigo":1,"descricao":null},"categoria":null,"situacaoRotulo":null,"dataVencimento":null,"mesAnoVencimento":"092009","dataVencimentoRegistro":"2009-09-01T00:00:00.000-0300","principioAtivo":null,"situacaoApresentacao":"Caduco/Cancelado","dataRegistro":"1999-09-22T00:00:00.000-0300","categoriaRegulatoria":{"codigo":8,"descricao":"Similar"},"medicamentoReferencia":null,"categoriaProduto":null,"tipoAutorizacao":"REGISTRADO","numeroRegistroFormatado":"100820142","mesAnoVencimentoFormatado":"09/2009","acancelar":false},"empresa":{"cnpj":"60499639000195","razaoSocial":"ABBOTT PRODUTOS PARA SAÚDE LTDA.","numeroAutorizacao":null,"cnpjFormatado":"60.499.639/0001-95"},"processo":{"numero":"250000208959989","situacao":29,"numeroProcessoFormatado":"25000.020895/99-89"}},{"ordem":2,"produto":{"codigo":707,"nome":"AMLODIPINA","numeroRegistro":"100820119","tipo":{"codigo":1,"descricao":null},"categoria":null,"situacaoRotulo":null,"dataVencimento":null,"mesAnoVencimento":"122005","dataVencimentoRegistro":"2005-12-01T00:00:00.000-0300","principioAtivo":null,"situacaoApresentacao":"Caduco/Cancelado","dataRegistro":"1995-12-06T00:00:00.000-0300","categoriaRegulatoria":{"codigo":8,"descricao":"Similar"},"medicamentoReferencia":null,"categoriaProduto":null,"tipoAutorizacao":"REGISTRADO","numeroRegistroFormatado":"100820119","mesAnoVencimentoFormatado":"12/2005","acancelar":false},"empresa":{"cnpj":"60499639000195","razaoSocial":"ABBOTT PRODUTOS PARA SAÚDE LTDA.","numeroAutorizacao":null,"cnpjFormatado":"60.499.639/0001-95"},"processo":{"numero":"250000085199574","situacao":29,"numeroProcessoFormatado":"25000.008519/95-74"}},{"ordem":3,"produto":{"codigo":1424,"nome":"ANORIL","numeroRegistro":"100820120","tipo":{"codigo":1,"descricao":null},"categoria":null,"situacaoRotulo":null,"dataVencimento":null,"mesAnoVencimento":"122005","dataVencimentoRegistro":"2005-12-01T00:00:00.000-0300","principioAtivo":null,"situacaoApresentacao":"Caduco/Cancelado","dataRegistro":"1995-12-13T00:00:00.000-0300","categoriaRegulatoria":{"codigo":8,"descricao":"Similar"},"medicamentoReferencia":null,"categoriaProduto":null,"tipoAutorizacao":"REGISTRADO","numeroRegistroFormatado":"100820120","mesAnoVencimentoFormatado":"12/2005","acancelar":false},"empresa":{"cnpj":"60499639000195","razaoSocial":"ABBOTT PRODUTOS PARA SAÚDE LTDA.","numeroAutorizacao":null,"cnpjFormatado":"60.499.639/0001-95"},"processo":{"numero":"250000163979544","situacao":29,"numeroProcessoFormatado":"25000.016397/95-44"}},{"ordem":4,"produto":{"codigo":2373,"nome":"BETASERC","numeroRegistro":"100820146","tipo":{"codigo":1,"descricao":null},"categoria":null,"situacaoRotulo":null,"dataVencimento":null,"mesAnoVencimento":"042014","dataVencimentoRegistro":"2014-04-01T00:00:00.000-0300","principioAtivo":null,"situacaoApresentacao":"Caduco/Cancelado","dataRegistro":"2001-04-25T00:00:00.000-0300","categoriaRegulatoria":{"codigo":6,"descricao":"Novo"},"medicamentoReferencia":null,"categoriaProduto":null,"tipoAutorizacao":"REGISTRADO","numeroRegistroFormatado":"100820146","mesAnoVencimentoFormatado":"04/2014","acancelar":false},"empresa":{"cnpj":"60499639000195","razaoSocial":"ABBOTT PRODUTOS PARA SAÚDE LTDA.","numeroAutorizacao":null,"cnpjFormatado":"60.499.639/0001-95"},"processo":{"numero":"250000004199889","situacao":29,"numeroProcessoFormatado":"25000.000419/98-89"}},{"ordem":5,"produto":{"codigo":447086,"nome":"BURINAX","numeroRegistro":"100820007","tipo":{"codigo":1,"descricao":null},"categoria":null,"situacaoRotulo":null,"dataVencimento":null,"mesAnoVencimento":"102014","dataVencimentoRegistro":"2014-10-01T00:00:00.000-0300","principioAtivo":null,"situacaoApresentacao":"Caduco/Cancelado","dataRegistro":"1974-12-04T00:00:00.000-0300","categoriaRegulatoria":{"codigo":8,"descricao":"Similar"},"medicamentoReferencia":null,"categoriaProduto":null,"tipoAutorizacao":"REGISTRADO","numeroRegistroFormatado":"100820007","mesAnoVencimentoFormatado":"10/2014","acancelar":false},"empresa":{"cnpj":"60499639000195","razaoSocial":"ABBOTT PRODUTOS PARA SAÚDE LTDA.","numeroAutorizacao":null,"cnpjFormatado":"60.499.639/0001-95"},"processo":{"numero":"2599201767674","situacao":29,"numeroProcessoFormatado":"25992.017676/74"}},{"ordem":6,"produto":{"codigo":6106,"nome":"CARDALIN  RETARD","numeroRegistro":"100820008","tipo":{"codigo":1,"descricao":null},"categoria":null,"situacaoRotulo":null,"dataVencimento":null,"mesAnoVencimento":"022011","dataVencimentoRegistro":"2011-02-01T00:00:00.000-0300","principioAtivo":null,"situacaoApresentacao":"Caduco/Cancelado","dataRegistro":"2001-04-11T00:00:00.000-0300","categoriaRegulatoria":{"codigo":8,"descricao":"Similar"},"medicamentoReferencia":null,"categoriaProduto":null,"tipoAutorizacao":"REGISTRADO","numeroRegistroFormatado":"100820008","mesAnoVencimentoFormatado":"02/2011","acancelar":false},"empresa":{"cnpj":"60499639000195","razaoSocial":"ABBOTT PRODUTOS PARA SAÚDE LTDA.","numeroAutorizacao":null,"cnpjFormatado":"60.499.639/0001-95"},"processo":{"numero":"2500001605776","situacao":29,"numeroProcessoFormatado":"25000.016057/76"}},{"ordem":7,"produto":{"codigo":374828,"nome":"CETRIZIN","numeroRegistro":"100820058","tipo":{"codigo":1,"descricao":null},"categoria":null,"situacaoRotulo":null,"dataVencimento":null,"mesAnoVencimento":"032014","dataVencimentoRegistro":"2014-03-01T00:00:00.000-0300","principioAtivo":null,"situacaoApresentacao":"Caduco/Cancelado","dataRegistro":"1994-03-30T00:00:00.000-0300","categoriaRegulatoria":{"codigo":8,"descricao":"Similar"},"medicamentoReferencia":null,"categoriaProduto":null,"tipoAutorizacao":"REGISTRADO","numeroRegistroFormatado":"100820058","mesAnoVencimentoFormatado":"03/2014","acancelar":false},"empresa":{"cnpj":"60499639000195","razaoSocial":"ABBOTT PRODUTOS PARA SAÚDE LTDA.","numeroAutorizacao":null,"cnpjFormatado":"60.499.639/0001-95"},"processo":{"numero":"250000012399417","situacao":29,"numeroProcessoFormatado":"25000.001239/94-17"}},{"ordem":8,"produto":{"codigo":3458,"nome":"CETRIZIN MG","numeroRegistro":"100820143","tipo":{"codigo":1,"descricao":null},"categoria":null,"situacaoRotulo":null,"dataVencimento":null,"mesAnoVencimento":"092004","dataVencimentoRegistro":"2004-09-01T00:00:00.000-0300","principioAtivo":null,"situacaoApresentacao":"Caduco/Cancelado","dataRegistro":"1999-09-16T00:00:00.000-0300","categoriaRegulatoria":{"codigo":8,"descricao":"Similar"},"medicamentoReferencia":null,"categoriaProduto":null,"tipoAutorizacao":"REGISTRADO","numeroRegistroFormatado":"100820143","mesAnoVencimentoFormatado":"09/2004","acancelar":false},"empresa":{"cnpj":"60499639000195","razaoSocial":"ABBOTT PRODUTOS PARA SAÚDE LTDA.","numeroAutorizacao":null,"cnpjFormatado":"60.499.639/0001-95"},"processo":{"numero":"250000208999930","situacao":29,"numeroProcessoFormatado":"25000.020899/99-30"}},{"ordem":9,"produto":{"codigo":468158,"nome":"CISPRIDE","numeroRegistro":"100820108","tipo":{"codigo":1,"descricao":null},"categoria":null,"situacaoRotulo":null,"dataVencimento":null,"mesAnoVencimento":"072005","dataVencimentoRegistro":"2005-07-01T00:00:00.000-0300","principioAtivo":null,"situacaoApresentacao":"Caduco/Cancelado","dataRegistro":"1995-07-24T00:00:00.000-0300","categoriaRegulatoria":{"codigo":8,"descricao":"Similar"},"medicamentoReferencia":null,"categoriaProduto":null,"tipoAutorizacao":"REGISTRADO","numeroRegistroFormatado":"100820108","mesAnoVencimentoFormatado":"07/2005","acancelar":false},"empresa":{"cnpj":"60499639000195","razaoSocial":"ABBOTT PRODUTOS PARA SAÚDE LTDA.","numeroAutorizacao":null,"cnpjFormatado":"60.499.639/0001-95"},"processo":{"numero":"250000151229430","situacao":29,"numeroProcessoFormatado":"25000.015122/94-30"}},{"ordem":10,"produto":{"codigo":376093,"nome":"COBAVITAL","numeroRegistro":"100820009","tipo":{"codigo":1,"descricao":null},"categoria":null,"situacaoRotulo":null,"dataVencimento":null,"mesAnoVencimento":"102014","dataVencimentoRegistro":"2014-10-01T00:00:00.000-0300","principioAtivo":null,"situacaoApresentacao":"Caduco/Cancelado","dataRegistro":"1984-07-10T00:00:00.000-0300","categoriaRegulatoria":{"codigo":6,"descricao":"Novo"},"medicamentoReferencia":null,"categoriaProduto":null,"tipoAutorizacao":"REGISTRADO","numeroRegistroFormatado":"100820009","mesAnoVencimentoFormatado":"10/2014","acancelar":false},"empresa":{"cnpj":"60499639000195","razaoSocial":"ABBOTT PRODUTOS PARA SAÚDE LTDA.","numeroAutorizacao":null,"cnpjFormatado":"60.499.639/0001-95"},"processo":{"numero":"2500100195073","situacao":29,"numeroProcessoFormatado":"25001.001950/73"}},{"ordem":11,"produto":{"codigo":6572,"nome":"CREON","numeroRegistro":"100820145","tipo":{"codigo":1,"descricao":null},"categoria":null,"situacaoRotulo":null,"dataVencimento":null,"mesAnoVencimento":"012015","dataVencimentoRegistro":"2015-01-01T00:00:00.000-0300","principioAtivo":null,"situacaoApresentacao":"Caduco/Cancelado","dataRegistro":"2001-04-25T00:00:00.000-0300","categoriaRegulatoria":{"codigo":6,"descricao":"Novo"},"medicamentoReferencia":null,"categoriaProduto":null,"tipoAutorizacao":"REGISTRADO","numeroRegistroFormatado":"100820145","mesAnoVencimentoFormatado":"01/2015","acancelar":false},"empresa":{"cnpj":"60499639000195","razaoSocial":"ABBOTT PRODUTOS PARA SAÚDE LTDA.","numeroAutorizacao":null,"cnpjFormatado":"60.499.639/0001-95"},"processo":{"numero":"250000060649959","situacao":29,"numeroProcessoFormatado":"25000.006064/99-59"}},{"ordem":12,"produto":{"codigo":345924,"nome":"CYNT","numeroRegistro":"100820167","tipo":{"codigo":1,"descricao":null},"categoria":null,"situacaoRotulo":null,"dataVencimento":null,"mesAnoVencimento":"022015","dataVencimentoRegistro":"2015-02-01T00:00:00.000-0300","principioAtivo":null,"situacaoApresentacao":"Caduco/Cancelado","dataRegistro":"2005-02-24T00:00:00.000-0300","categoriaRegulatoria":{"codigo":8,"descricao":"Similar"},"medicamentoReferencia":null,"categoriaProduto":null,"tipoAutorizacao":"REGISTRADO","numeroRegistroFormatado":"100820167","mesAnoVencimentoFormatado":"02/2015","acancelar":false},"empresa":{"cnpj":"60499639000195","razaoSocial":"ABBOTT PRODUTOS PARA SAÚDE LTDA.","numeroAutorizacao":null,"cnpjFormatado":"60.499.639/0001-95"},"processo":{"numero":"25351041754200311","situacao":31,"numeroProcessoFormatado":"25351.041754/2003-11"}},{"ordem":13,"produto":{"codigo":367213,"nome":"DELTACID","numeroRegistro":"100820069","tipo":{"codigo":1,"descricao":null},"categoria":null,"situacaoRotulo":null,"dataVencimento":null,"mesAnoVencimento":"102014","dataVencimentoRegistro":"2014-10-01T00:00:00.000-0300","principioAtivo":null,"situacaoApresentacao":"Caduco/Cancelado","dataRegistro":"1984-10-19T00:00:00.000-0300","categoriaRegulatoria":{"codigo":6,"descricao":"Novo"},"medicamentoReferencia":null,"categoriaProduto":null,"tipoAutorizacao":"REGISTRADO","numeroRegistroFormatado":"100820069","mesAnoVencimentoFormatado":"10/2014","acancelar":false},"empresa":{"cnpj":"60499639000195","razaoSocial":"ABBOTT PRODUTOS PARA SAÚDE LTDA.","numeroAutorizacao":null,"cnpjFormatado":"60.499.639/0001-95"},"processo":{"numero":"2500400964382","situacao":29,"numeroProcessoFormatado":"25004.009643/82"}},{"ordem":14,"produto":{"codigo":464563,"nome":"DELTACID PLUS","numeroRegistro":"100820052","tipo":{"codigo":1,"descricao":null},"categoria":null,"situacaoRotulo":null,"dataVencimento":null,"mesAnoVencimento":"012009","dataVencimentoRegistro":"2009-01-01T00:00:00.000-0300","principioAtivo":null,"situacaoApresentacao":"Caduco/Cancelado","dataRegistro":"1994-01-18T00:00:00.000-0300","categoriaRegulatoria":{"codigo":8,"descricao":"Similar"},"medicamentoReferencia":null,"categoriaProduto":null,"tipoAutorizacao":"REGISTRADO","numeroRegistroFormatado":"100820052","mesAnoVencimentoFormatado":"01/2009","acancelar":false},"empresa":{"cnpj":"60499639000195","razaoSocial":"ABBOTT PRODUTOS PARA SAÚDE LTDA.","numeroAutorizacao":null,"cnpjFormatado":"60.499.639/0001-95"},"processo":{"numero":"250000144159391","situacao":29,"numeroProcessoFormatado":"25000.014415/93-91"}},{"ordem":15,"produto":{"codigo":1303,"nome":"DESONID","numeroRegistro":"100820137","tipo":{"codigo":1,"descricao":null},"categoria":null,"situacaoRotulo":null,"dataVencimento":null,"mesAnoVencimento":"012003","dataVencimentoRegistro":"2003-01-01T00:00:00.000-0300","principioAtivo":null,"situacaoApresentacao":"Caduco/Cancelado","dataRegistro":"1998-01-16T00:00:00.000-0300","categoriaRegulatoria":{"codigo":8,"descricao":"Similar"},"medicamentoReferencia":null,"categoriaProduto":null,"tipoAutorizacao":"REGISTRADO","numeroRegistroFormatado":"100820137","mesAnoVencimentoFormatado":"01/2003","acancelar":false},"empresa":{"cnpj":"60499639000195","razaoSocial":"ABBOTT PRODUTOS PARA SAÚDE LTDA.","numeroAutorizacao":null,"cnpjFormatado":"60.499.639/0001-95"},"processo":{"numero":"250000126999723","situacao":29,"numeroProcessoFormatado":"25000.012699/97-23"}},{"ordem":16,"produto":{"codigo":2966,"nome":"DEVREX","numeroRegistro":"100820139","tipo":{"codigo":1,"descricao":null},"categoria":null,"situacaoRotulo":null,"dataVencimento":null,"mesAnoVencimento":"082003","dataVencimentoRegistro":"2003-08-01T00:00:00.000-0300","principioAtivo":null,"situacaoApresentacao":"Caduco/Cancelado","dataRegistro":"1998-08-03T00:00:00.000-0300","categoriaRegulatoria":{"codigo":8,"descricao":"Similar"},"medicamentoReferencia":null,"categoriaProduto":null,"tipoAutorizacao":"REGISTRADO","numeroRegistroFormatado":"100820139","mesAnoVencimentoFormatado":"08/2003","acancelar":false},"empresa":{"cnpj":"60499639000195","razaoSocial":"ABBOTT PRODUTOS PARA SAÚDE LTDA.","numeroAutorizacao":null,"cnpjFormatado":"60.499.639/0001-95"},"processo":{"numero":"250000127009719","situacao":29,"numeroProcessoFormatado":"25000.012700/97-19"}},{"ordem":17,"produto":{"codigo":591000,"nome":"DICETEL","numeroRegistro":"100820172","tipo":{"codigo":1,"descricao":null},"categoria":null,"situacaoRotulo":null,"dataVencimento":null,"mesAnoVencimento":"022015","dataVencimentoRegistro":"2015-02-01T00:00:00.000-0300","principioAtivo":null,"situacaoApresentacao":"Caduco/Cancelado","dataRegistro":"2010-02-17T00:00:00.000-0300","categoriaRegulatoria":{"codigo":6,"descricao":"Novo"},"medicamentoReferencia":null,"categoriaProduto":null,"tipoAutorizacao":"REGISTRADO","numeroRegistroFormatado":"100820172","mesAnoVencimentoFormatado":"02/2015","acancelar":false},"empresa":{"cnpj":"60499639000195","razaoSocial":"ABBOTT PRODUTOS PARA SAÚDE LTDA.","numeroAutorizacao":null,"cnpjFormatado":"60.499.639/0001-95"},"processo":{"numero":"25351558347200853","situacao":29,"numeroProcessoFormatado":"25351.558347/2008-53"}},{"ordem":18,"produto":{"codigo":3436,"nome":"DICLOFENACO SÓDICO","numeroRegistro":"100820075","tipo":{"codigo":1,"descricao":null},"categoria":null,"situacaoRotulo":null,"dataVencimento":null,"mesAnoVencimento":"072002","dataVencimentoRegistro":"2002-07-01T00:00:00.000-0300","principioAtivo":null,"situacaoApresentacao":"Caduco/Cancelado","dataRegistro":"2000-11-01T00:00:00.000-0300","categoriaRegulatoria":{"codigo":8,"descricao":"Similar"},"medicamentoReferencia":null,"categoriaProduto":null,"tipoAutorizacao":"REGISTRADO","numeroRegistroFormatado":"100820075","mesAnoVencimentoFormatado":"07/2002","acancelar":false},"empresa":{"cnpj":"60499639000195","razaoSocial":"ABBOTT PRODUTOS PARA SAÚDE LTDA.","numeroAutorizacao":null,"cnpjFormatado":"60.499.639/0001-95"},"processo":{"numero":"2500102676584","situacao":29,"numeroProcessoFormatado":"25001.026765/84"}},{"ordem":19,"produto":{"codigo":411349,"nome":"DIDANOSINA","numeroRegistro":"100820107","tipo":{"codigo":1,"descricao":null},"categoria":null,"situacaoRotulo":null,"dataVencimento":null,"mesAnoVencimento":"072000","dataVencimentoRegistro":"2000-07-01T00:00:00.000-0300","principioAtivo":null,"situacaoApresentacao":"Caduco/Cancelado","dataRegistro":"1995-07-24T00:00:00.000-0300","categoriaRegulatoria":{"codigo":8,"descricao":"Similar"},"medicamentoReferencia":null,"categoriaProduto":null,"tipoAutorizacao":"REGISTRADO","numeroRegistroFormatado":"100820107","mesAnoVencimentoFormatado":"07/2000","acancelar":false},"empresa":{"cnpj":"60499639000195","razaoSocial":"ABBOTT PRODUTOS PARA SAÚDE LTDA.","numeroAutorizacao":null,"cnpjFormatado":"60.499.639/0001-95"},"processo":{"numero":"250000028679457","situacao":29,"numeroProcessoFormatado":"25000.002867/94-57"}},{"ordem":20,"produto":{"codigo":5258,"nome":"DIPROX","numeroRegistro":"100820109","tipo":{"codigo":1,"descricao":null},"categoria":null,"situacaoRotulo":null,"dataVencimento":null,"mesAnoVencimento":"092005","dataVencimentoRegistro":"2005-09-01T00:00:00.000-0300","principioAtivo":null,"situacaoApresentacao":"Caduco/Cancelado","dataRegistro":"1995-09-01T00:00:00.000-0300","categoriaRegulatoria":{"codigo":8,"descricao":"Similar"},"medicamentoReferencia":null,"categoriaProduto":null,"tipoAutorizacao":"REGISTRADO","numeroRegistroFormatado":"100820109","mesAnoVencimentoFormatado":"09/2005","acancelar":false},"empresa":{"cnpj":"60499639000195","razaoSocial":"ABBOTT PRODUTOS PARA SAÚDE LTDA.","numeroAutorizacao":null,"cnpjFormatado":"60.499.639/0001-95"},"processo":{"numero":"250000013629556","situacao":29,"numeroProcessoFormatado":"25000.001362/95-56"}},{"ordem":21,"produto":{"codigo":2108,"nome":"DOLAMIN","numeroRegistro":"100820123","tipo":{"codigo":1,"descricao":null},"categoria":null,"situacaoRotulo":null,"dataVencimento":null,"mesAnoVencimento":"022006","dataVencimentoRegistro":"2006-02-01T00:00:00.000-0300","principioAtivo":null,"situacaoApresentacao":"Caduco/Cancelado","dataRegistro":"1996-02-26T00:00:00.000-0300","categoriaRegulatoria":{"codigo":6,"descricao":"Novo"},"medicamentoReferencia":null,"categoriaProduto":null,"tipoAutorizacao":"REGISTRADO","numeroRegistroFormatado":"100820123","mesAnoVencimentoFormatado":"02/2006","acancelar":false},"empresa":{"cnpj":"60499639000195","razaoSocial":"ABBOTT PRODUTOS PARA SAÚDE LTDA.","numeroAutorizacao":null,"cnpjFormatado":"60.499.639/0001-95"},"processo":{"numero":"250000154369135","situacao":29,"numeroProcessoFormatado":"25000.015436/91-35"}},{"ordem":22,"produto":{"codigo":5215,"nome":"DUPHALAC","numeroRegistro":"100820148","tipo":{"codigo":1,"descricao":null},"categoria":null,"situacaoRotulo":null,"dataVencimento":null,"mesAnoVencimento":"112004","dataVencimentoRegistro":"2004-11-01T00:00:00.000-0300","principioAtivo":null,"situacaoApresentacao":"Caduco/Cancelado","dataRegistro":"1999-11-01T00:00:00.000-0200","categoriaRegulatoria":{"codigo":8,"descricao":"Similar"},"medicamentoReferencia":null,"categoriaProduto":null,"tipoAutorizacao":"REGISTRADO","numeroRegistroFormatado":"100820148","mesAnoVencimentoFormatado":"11/2004","acancelar":false},"empresa":{"cnpj":"60499639000195","razaoSocial":"ABBOTT PRODUTOS PARA SAÚDE LTDA.","numeroAutorizacao":null,"cnpjFormatado":"60.499.639/0001-95"},"processo":{"numero":"250000044739957","situacao":29,"numeroProcessoFormatado":"25000.004473/99-57"}},{"ordem":23,"produto":{"codigo":432202,"nome":"DUPHALAC","numeroRegistro":"100820170","tipo":{"codigo":1,"descricao":null},"categoria":null,"situacaoRotulo":null,"dataVencimento":null,"mesAnoVencimento":"022016","dataVencimentoRegistro":"2016-02-01T00:00:00.000-0300","principioAtivo":null,"situacaoApresentacao":"Caduco/Cancelado","dataRegistro":"2006-02-24T00:00:00.000-0300","categoriaRegulatoria":{"codigo":8,"descricao":"Similar"},"medicamentoReferencia":null,"categoriaProduto":null,"tipoAutorizacao":"REGISTRADO","numeroRegistroFormatado":"100820170","mesAnoVencimentoFormatado":"02/2016","acancelar":false},"empresa":{"cnpj":"60499639000195","razaoSocial":"ABBOTT PRODUTOS PARA SAÚDE LTDA.","numeroAutorizacao":null,"cnpjFormatado":"60.499.639/0001-95"},"processo":{"numero":"25351387368200535","situacao":29,"numeroProcessoFormatado":"25351.387368/2005-35"}},{"ordem":24,"produto":{"codigo":137668,"nome":"DUPHASTON","numeroRegistro":"100820154","tipo":{"codigo":1,"descricao":null},"categoria":null,"situacaoRotulo":null,"dataVencimento":null,"mesAnoVencimento":"072012","dataVencimentoRegistro":"2012-07-01T00:00:00.000-0300","principioAtivo":null,"situacaoApresentacao":"Caduco/Cancelado","dataRegistro":"2002-07-17T00:00:00.000-0300","categoriaRegulatoria":{"codigo":6,"descricao":"Novo"},"medicamentoReferencia":null,"categoriaProduto":null,"tipoAutorizacao":"REGISTRADO","numeroRegistroFormatado":"100820154","mesAnoVencimentoFormatado":"07/2012","acancelar":false},"empresa":{"cnpj":"60499639000195","razaoSocial":"ABBOTT PRODUTOS PARA SAÚDE LTDA.","numeroAutorizacao":null,"cnpjFormatado":"60.499.639/0001-95"},"processo":{"numero":"253510324770196","situacao":29,"numeroProcessoFormatado":"25351.032477/01-96"}},{"ordem":25,"produto":{"codigo":775,"nome":"DURAMOX","numeroRegistro":"100820131","tipo":{"codigo":1,"descricao":null},"categoria":null,"situacaoRotulo":null,"dataVencimento":null,"mesAnoVencimento":"122001","dataVencimentoRegistro":"2001-12-01T00:00:00.000-0200","principioAtivo":null,"situacaoApresentacao":"Caduco/Cancelado","dataRegistro":"1996-12-23T00:00:00.000-0300","categoriaRegulatoria":{"codigo":8,"descricao":"Similar"},"medicamentoReferencia":null,"categoriaProduto":null,"tipoAutorizacao":"REGISTRADO","numeroRegistroFormatado":"100820131","mesAnoVencimentoFormatado":"12/2001","acancelar":false},"empresa":{"cnpj":"60499639000195","razaoSocial":"ABBOTT PRODUTOS PARA SAÚDE LTDA.","numeroAutorizacao":null,"cnpjFormatado":"60.499.639/0001-95"},"processo":{"numero":"250000367029650","situacao":29,"numeroProcessoFormatado":"25000.036702/96-50"}},{"ordem":26,"produto":{"codigo":5661,"nome":"DUSPATALIN","numeroRegistro":"100820152","tipo":{"codigo":1,"descricao":null},"categoria":null,"situacaoRotulo":null,"dataVencimento":null,"mesAnoVencimento":"082013","dataVencimentoRegistro":"2013-08-01T00:00:00.000-0300","principioAtivo":null,"situacaoApresentacao":"Caduco/Cancelado","dataRegistro":"2001-12-21T00:00:00.000-0200","categoriaRegulatoria":{"codigo":6,"descricao":"Novo"},"medicamentoReferencia":null,"categoriaProduto":null,"tipoAutorizacao":"REGISTRADO","numeroRegistroFormatado":"100820152","mesAnoVencimentoFormatado":"08/2013","acancelar":false},"empresa":{"cnpj":"60499639000195","razaoSocial":"ABBOTT PRODUTOS PARA SAÚDE LTDA.","numeroAutorizacao":null,"cnpjFormatado":"60.499.639/0001-95"},"processo":{"numero":"250000003919861","situacao":29,"numeroProcessoFormatado":"25000.000391/98-61"}},{"ordem":27,"produto":{"codigo":348255,"nome":"EDHANOL","numeroRegistro":"100820018","tipo":{"codigo":1,"descricao":null},"categoria":null,"situacaoRotulo":null,"dataVencimento":null,"mesAnoVencimento":"102014","dataVencimentoRegistro":"2014-10-01T00:00:00.000-0300","principioAtivo":null,"situacaoApresentacao":"Caduco/Cancelado","dataRegistro":"1980-01-30T00:00:00.000-0300","categoriaRegulatoria":{"codigo":8,"descricao":"Similar"},"medicamentoReferencia":null,"categoriaProduto":null,"tipoAutorizacao":"REGISTRADO","numeroRegistroFormatado":"100820018","mesAnoVencimentoFormatado":"10/2014","acancelar":false},"empresa":{"cnpj":"60499639000195","razaoSocial":"ABBOTT PRODUTOS PARA SAÚDE LTDA.","numeroAutorizacao":null,"cnpjFormatado":"60.499.639/0001-95"},"processo":{"numero":"2599200086431","situacao":29,"numeroProcessoFormatado":"25992.000864/31"}},{"ordem":28,"produto":{"codigo":611,"nome":"ENDRONAX","numeroRegistro":"100820124","tipo":{"codigo":1,"descricao":null},"categoria":null,"situacaoRotulo":null,"dataVencimento":null,"mesAnoVencimento":"022016","dataVencimentoRegistro":"2016-02-01T00:00:00.000-0300","principioAtivo":null,"situacaoApresentacao":"Caduco/Cancelado","dataRegistro":"1996-03-01T00:00:00.000-0300","categoriaRegulatoria":{"codigo":8,"descricao":"Similar"},"medicamentoReferencia":null,"categoriaProduto":null,"tipoAutorizacao":"REGISTRADO","numeroRegistroFormatado":"100820124","mesAnoVencimentoFormatado":"02/2016","acancelar":false},"empresa":{"cnpj":"60499639000195","razaoSocial":"ABBOTT PRODUTOS PARA SAÚDE LTDA.","numeroAutorizacao":null,"cnpjFormatado":"60.499.639/0001-95"},"processo":{"numero":"250000198349563","situacao":29,"numeroProcessoFormatado":"25000.019834/95-63"}},{"ordem":29,"produto":{"codigo":3965,"nome":"ESTROPLUS","numeroRegistro":"100820078","tipo":{"codigo":1,"descricao":null},"categoria":null,"situacaoRotulo":null,"dataVencimento":null,"mesAnoVencimento":"062008","dataVencimentoRegistro":"2008-06-01T00:00:00.000-0300","principioAtivo":null,"situacaoApresentacao":"Caduco/Cancelado","dataRegistro":"2001-04-30T00:00:00.000-0300","categoriaRegulatoria":{"codigo":8,"descricao":"Similar"},"medicamentoReferencia":null,"categoriaProduto":null,"tipoAutorizacao":"REGISTRADO","numeroRegistroFormatado":"100820078","mesAnoVencimentoFormatado":"06/2008","acancelar":false},"empresa":{"cnpj":"60499639000195","razaoSocial":"ABBOTT PRODUTOS PARA SAÚDE LTDA.","numeroAutorizacao":null,"cnpjFormatado":"60.499.639/0001-95"},"processo":{"numero":"250000005218801","situacao":29,"numeroProcessoFormatado":"25000.000521/88-01"}},{"ordem":30,"produto":{"codigo":348724,"nome":"FAMOSET","numeroRegistro":"100820077","tipo":{"codigo":1,"descricao":null},"categoria":null,"situacaoRotulo":null,"dataVencimento":null,"mesAnoVencimento":"062013","dataVencimentoRegistro":"2013-06-01T00:00:00.000-0300","principioAtivo":null,"situacaoApresentacao":"Caduco/Cancelado","dataRegistro":"1998-06-02T00:00:00.000-0300","categoriaRegulatoria":{"codigo":8,"descricao":"Similar"},"medicamentoReferencia":null,"categoriaProduto":null,"tipoAutorizacao":"REGISTRADO","numeroRegistroFormatado":"100820077","mesAnoVencimentoFormatado":"06/2013","acancelar":false},"empresa":{"cnpj":"60499639000195","razaoSocial":"ABBOTT PRODUTOS PARA SAÚDE LTDA.","numeroAutorizacao":null,"cnpjFormatado":"60.499.639/0001-95"},"processo":{"numero":"2500000188088","situacao":29,"numeroProcessoFormatado":"25000.001880/88"}},{"ordem":31,"produto":{"codigo":165098,"nome":"FEMOSTON","numeroRegistro":"100820155","tipo":{"codigo":1,"descricao":null},"categoria":null,"situacaoRotulo":null,"dataVencimento":null,"mesAnoVencimento":"102012","dataVencimentoRegistro":"2012-10-01T00:00:00.000-0300","principioAtivo":null,"situacaoApresentacao":"Caduco/Cancelado","dataRegistro":"2002-10-10T00:00:00.000-0300","categoriaRegulatoria":{"codigo":6,"descricao":"Novo"},"medicamentoReferencia":null,"categoriaProduto":null,"tipoAutorizacao":"REGISTRADO","numeroRegistroFormatado":"100820155","mesAnoVencimentoFormatado":"10/2012","acancelar":false},"empresa":{"cnpj":"60499639000195","razaoSocial":"ABBOTT PRODUTOS PARA SAÚDE LTDA.","numeroAutorizacao":null,"cnpjFormatado":"60.499.639/0001-95"},"processo":{"numero":"253510036340218","situacao":29,"numeroProcessoFormatado":"25351.003634/02-18"}},{"ordem":32,"produto":{"codigo":2890,"nome":"FINEX","numeroRegistro":"100820125","tipo":{"codigo":1,"descricao":null},"categoria":null,"situacaoRotulo":null,"dataVencimento":null,"mesAnoVencimento":"042006","dataVencimentoRegistro":"2006-04-01T00:00:00.000-0300","principioAtivo":null,"situacaoApresentacao":"Caduco/Cancelado","dataRegistro":"1996-04-19T00:00:00.000-0300","categoriaRegulatoria":{"codigo":8,"descricao":"Similar"},"medicamentoReferencia":null,"categoriaProduto":null,"tipoAutorizacao":"REGISTRADO","numeroRegistroFormatado":"100820125","mesAnoVencimentoFormatado":"04/2006","acancelar":false},"empresa":{"cnpj":"60499639000195","razaoSocial":"ABBOTT PRODUTOS PARA SAÚDE LTDA.","numeroAutorizacao":null,"cnpjFormatado":"60.499.639/0001-95"},"processo":{"numero":"250000198309511","situacao":29,"numeroProcessoFormatado":"25000.019830/95-11"}},{"ordem":33,"produto":{"codigo":4472,"nome":"GAMIMUNE N 5%","numeroRegistro":"100820105","tipo":{"codigo":1,"descricao":null},"categoria":null,"situacaoRotulo":null,"dataVencimento":null,"mesAnoVencimento":"012005","dataVencimentoRegistro":"2005-01-01T00:00:00.000-0300","principioAtivo":null,"situacaoApresentacao":"Caduco/Cancelado","dataRegistro":"1995-01-25T00:00:00.000-0300","categoriaRegulatoria":{"codigo":8,"descricao":"Similar"},"medicamentoReferencia":null,"categoriaProduto":null,"tipoAutorizacao":"REGISTRADO","numeroRegistroFormatado":"100820105","mesAnoVencimentoFormatado":"01/2005","acancelar":false},"empresa":{"cnpj":"60499639000195","razaoSocial":"ABBOTT PRODUTOS PARA SAÚDE LTDA.","numeroAutorizacao":null,"cnpjFormatado":"60.499.639/0001-95"},"processo":{"numero":"250000144139366","situacao":29,"numeroProcessoFormatado":"25000.014413/93-66"}},{"ordem":34,"produto":{"codigo":338430,"nome":"IBUPROFENO","numeroRegistro":"100820116","tipo":{"codigo":1,"descricao":null},"categoria":null,"situacaoRotulo":null,"dataVencimento":null,"mesAnoVencimento":"112005","dataVencimentoRegistro":"2005-11-01T00:00:00.000-0300","principioAtivo":null,"situacaoApresentacao":"Caduco/Cancelado","dataRegistro":"1995-11-27T00:00:00.000-0300","categoriaRegulatoria":{"codigo":8,"descricao":"Similar"},"medicamentoReferencia":null,"categoriaProduto":null,"tipoAutorizacao":"REGISTRADO","numeroRegistroFormatado":"100820116","mesAnoVencimentoFormatado":"11/2005","acancelar":false},"empresa":{"cnpj":"60499639000195","razaoSocial":"ABBOTT PRODUTOS PARA SAÚDE LTDA.","numeroAutorizacao":null,"cnpjFormatado":"60.499.639/0001-95"},"processo":{"numero":"250000133459453","situacao":29,"numeroProcessoFormatado":"25000.013345/94-53"}},{"ordem":35,"produto":{"codigo":2357,"nome":"LASTINOL","numeroRegistro":"100820133","tipo":{"codigo":1,"descricao":null},"categoria":null,"situacaoRotulo":null,"dataVencimento":null,"mesAnoVencimento":"022002","dataVencimentoRegistro":"2002-02-01T00:00:00.000-0200","principioAtivo":null,"situacaoApresentacao":"Caduco/Cancelado","dataRegistro":"1997-02-06T00:00:00.000-0300","categoriaRegulatoria":{"codigo":8,"descricao":"Similar"},"medicamentoReferencia":null,"categoriaProduto":null,"tipoAutorizacao":"REGISTRADO","numeroRegistroFormatado":"100820133","mesAnoVencimentoFormatado":"02/2002","acancelar":false},"empresa":{"cnpj":"60499639000195","razaoSocial":"ABBOTT PRODUTOS PARA SAÚDE LTDA.","numeroAutorizacao":null,"cnpjFormatado":"60.499.639/0001-95"},"processo":{"numero":"250000131899600","situacao":29,"numeroProcessoFormatado":"25000.013189/96-00"}},{"ordem":36,"produto":{"codigo":5197,"nome":"LEVOCARNIN","numeroRegistro":"100820073","tipo":{"codigo":1,"descricao":null},"categoria":null,"situacaoRotulo":null,"dataVencimento":null,"mesAnoVencimento":"032005","dataVencimentoRegistro":"2005-03-01T00:00:00.000-0300","principioAtivo":null,"situacaoApresentacao":"Caduco/Cancelado","dataRegistro":"1985-03-11T00:00:00.000-0300","categoriaRegulatoria":{"codigo":6,"descricao":"Novo"},"medicamentoReferencia":null,"categoriaProduto":null,"tipoAutorizacao":"REGISTRADO","numeroRegistroFormatado":"100820073","mesAnoVencimentoFormatado":"03/2005","acancelar":false},"empresa":{"cnpj":"60499639000195","razaoSocial":"ABBOTT PRODUTOS PARA SAÚDE LTDA.","numeroAutorizacao":null,"cnpjFormatado":"60.499.639/0001-95"},"processo":{"numero":"2500101206483","situacao":29,"numeroProcessoFormatado":"25001.012064/83"}},{"ordem":37,"produto":{"codigo":125021,"nome":"LISOVEN","numeroRegistro":"100820122","tipo":{"codigo":1,"descricao":null},"categoria":null,"situacaoRotulo":null,"dataVencimento":null,"mesAnoVencimento":"012006","dataVencimentoRegistro":"2006-01-01T00:00:00.000-0300","principioAtivo":null,"situacaoApresentacao":"Caduco/Cancelado","dataRegistro":"1996-01-31T00:00:00.000-0300","categoriaRegulatoria":{"codigo":8,"descricao":"Similar"},"medicamentoReferencia":null,"categoriaProduto":null,"tipoAutorizacao":"REGISTRADO","numeroRegistroFormatado":"100820122","mesAnoVencimentoFormatado":"01/2006","acancelar":false},"empresa":{"cnpj":"60499639000195","razaoSocial":"ABBOTT PRODUTOS PARA SAÚDE LTDA.","numeroAutorizacao":null,"cnpjFormatado":"60.499.639/0001-95"},"processo":{"numero":"250000214959421","situacao":29,"numeroProcessoFormatado":"25000.021495/94-21"}},{"ordem":38,"produto":{"codigo":5405,"nome":"LOMEFLOXACINA","numeroRegistro":"100820132","tipo":{"codigo":1,"descricao":null},"categoria":null,"situacaoRotulo":null,"dataVencimento":null,"mesAnoVencimento":"122001","dataVencimentoRegistro":"2001-12-01T00:00:00.000-0200","principioAtivo":null,"situacaoApresentacao":"Caduco/Cancelado","dataRegistro":"1996-12-23T00:00:00.000-0300","categoriaRegulatoria":{"codigo":8,"descricao":"Similar"},"medicamentoReferencia":null,"categoriaProduto":null,"tipoAutorizacao":"REGISTRADO","numeroRegistroFormatado":"100820132","mesAnoVencimentoFormatado":"12/2001","acancelar":false},"empresa":{"cnpj":"60499639000195","razaoSocial":"ABBOTT PRODUTOS PARA SAÚDE LTDA.","numeroAutorizacao":null,"cnpjFormatado":"60.499.639/0001-95"},"processo":{"numero":"250000131879676","situacao":29,"numeroProcessoFormatado":"25000.013187/96-76"}},{"ordem":39,"produto":{"codigo":5465,"nome":"LOVASTATINA","numeroRegistro":"100820129","tipo":{"codigo":1,"descricao":null},"categoria":null,"situacaoRotulo":null,"dataVencimento":null,"mesAnoVencimento":"102001","dataVencimentoRegistro":"2001-10-01T00:00:00.000-0300","principioAtivo":null,"situacaoApresentacao":"Caduco/Cancelado","dataRegistro":"1996-10-17T00:00:00.000-0300","categoriaRegulatoria":{"codigo":8,"descricao":"Similar"},"medicamentoReferencia":null,"categoriaProduto":null,"tipoAutorizacao":"REGISTRADO","numeroRegistroFormatado":"100820129","mesAnoVencimentoFormatado":"10/2001","acancelar":false},"empresa":{"cnpj":"60499639000195","razaoSocial":"ABBOTT PRODUTOS PARA SAÚDE LTDA.","numeroAutorizacao":null,"cnpjFormatado":"60.499.639/0001-95"},"processo":{"numero":"2500000790290","situacao":29,"numeroProcessoFormatado":"25000.007902/90"}},{"ordem":40,"produto":{"codigo":272956,"nome":"LUVOX","numeroRegistro":"100820166","tipo":{"codigo":1,"descricao":null},"categoria":null,"situacaoRotulo":null,"dataVencimento":null,"mesAnoVencimento":"102014","dataVencimentoRegistro":"2014-10-01T00:00:00.000-0300","principioAtivo":null,"situacaoApresentacao":"Caduco/Cancelado","dataRegistro":"2004-10-28T00:00:00.000-0300","categoriaRegulatoria":{"codigo":8,"descricao":"Similar"},"medicamentoReferencia":null,"categoriaProduto":null,"tipoAutorizacao":"REGISTRADO","numeroRegistroFormatado":"100820166","mesAnoVencimentoFormatado":"10/2014","acancelar":false},"empresa":{"cnpj":"60499639000195","razaoSocial":"ABBOTT PRODUTOS PARA SAÚDE LTDA.","numeroAutorizacao":null,"cnpjFormatado":"60.499.639/0001-95"},"processo":{"numero":"25351218187200217","situacao":29,"numeroProcessoFormatado":"25351.218187/2002-17"}},{"ordem":41,"produto":{"codigo":5564,"nome":"MALEATO DE FLUVOXAMINA ( PORT. 344/98 L-C1)","numeroRegistro":"100820147","tipo":{"codigo":1,"descricao":null},"categoria":null,"situacaoRotulo":null,"dataVencimento":null,"mesAnoVencimento":"092002","dataVencimentoRegistro":"2002-09-01T00:00:00.000-0300","principioAtivo":null,"situacaoApresentacao":"Caduco/Cancelado","dataRegistro":"2001-04-25T00:00:00.000-0300","categoriaRegulatoria":{"codigo":8,"descricao":"Similar"},"medicamentoReferencia":null,"categoriaProduto":null,"tipoAutorizacao":"REGISTRADO","numeroRegistroFormatado":"100820147","mesAnoVencimentoFormatado":"09/2002","acancelar":false},"empresa":{"cnpj":"60499639000195","razaoSocial":"ABBOTT PRODUTOS PARA SAÚDE LTDA.","numeroAutorizacao":null,"cnpjFormatado":"60.499.639/0001-95"},"processo":{"numero":"250000401079618","situacao":29,"numeroProcessoFormatado":"25000.040107/96-18"}},{"ordem":42,"produto":{"codigo":3966,"nome":"MENOCLIN","numeroRegistro":"100820128","tipo":{"codigo":1,"descricao":null},"categoria":null,"situacaoRotulo":null,"dataVencimento":null,"mesAnoVencimento":"102001","dataVencimentoRegistro":"2001-10-01T00:00:00.000-0300","principioAtivo":null,"situacaoApresentacao":"Caduco/Cancelado","dataRegistro":"1996-10-17T00:00:00.000-0300","categoriaRegulatoria":{"codigo":8,"descricao":"Similar"},"medicamentoReferencia":null,"categoriaProduto":null,"tipoAutorizacao":"REGISTRADO","numeroRegistroFormatado":"100820128","mesAnoVencimentoFormatado":"10/2001","acancelar":false},"empresa":{"cnpj":"60499639000195","razaoSocial":"ABBOTT PRODUTOS PARA SAÚDE LTDA.","numeroAutorizacao":null,"cnpjFormatado":"60.499.639/0001-95"},"processo":{"numero":"250000026119675","situacao":29,"numeroProcessoFormatado":"25000.002611/96-75"}},{"ordem":43,"produto":{"codigo":68378,"nome":"MENOTENSIL","numeroRegistro":"100820027","tipo":{"codigo":1,"descricao":null},"categoria":null,"situacaoRotulo":null,"dataVencimento":null,"mesAnoVencimento":"082006","dataVencimentoRegistro":"2006-08-01T00:00:00.000-0300","principioAtivo":null,"situacaoApresentacao":"Caduco/Cancelado","dataRegistro":"2002-03-22T00:00:00.000-0300","categoriaRegulatoria":{"codigo":8,"descricao":"Similar"},"medicamentoReferencia":null,"categoriaProduto":null,"tipoAutorizacao":"REGISTRADO","numeroRegistroFormatado":"100820027","mesAnoVencimentoFormatado":"08/2006","acancelar":false},"empresa":{"cnpj":"60499639000195","razaoSocial":"ABBOTT PRODUTOS PARA SAÚDE LTDA.","numeroAutorizacao":null,"cnpjFormatado":"60.499.639/0001-95"},"processo":{"numero":"2599200580171","situacao":29,"numeroProcessoFormatado":"25992.005801/71"}},{"ordem":44,"produto":{"codigo":2350,"nome":"MOROFIN","numeroRegistro":"100820118","tipo":{"codigo":1,"descricao":null},"categoria":null,"situacaoRotulo":null,"dataVencimento":null,"mesAnoVencimento":"122005","dataVencimentoRegistro":"2005-12-01T00:00:00.000-0300","principioAtivo":null,"situacaoApresentacao":"Caduco/Cancelado","dataRegistro":"1995-12-06T00:00:00.000-0300","categoriaRegulatoria":{"codigo":8,"descricao":"Similar"},"medicamentoReferencia":null,"categoriaProduto":null,"tipoAutorizacao":"REGISTRADO","numeroRegistroFormatado":"100820118","mesAnoVencimentoFormatado":"12/2005","acancelar":false},"empresa":{"cnpj":"60499639000195","razaoSocial":"ABBOTT PRODUTOS PARA SAÚDE LTDA.","numeroAutorizacao":null,"cnpjFormatado":"60.499.639/0001-95"},"processo":{"numero":"250000085229589","situacao":29,"numeroProcessoFormatado":"25000.008522/95-89"}},{"ordem":45,"produto":{"codigo":5253,"nome":"NEURIUM","numeroRegistro":"100820136","tipo":{"codigo":1,"descricao":null},"categoria":null,"situacaoRotulo":null,"dataVencimento":null,"mesAnoVencimento":"122007","dataVencimentoRegistro":"2007-12-01T00:00:00.000-0300","principioAtivo":null,"situacaoApresentacao":"Caduco/Cancelado","dataRegistro":"1997-12-04T00:00:00.000-0300","categoriaRegulatoria":{"codigo":8,"descricao":"Similar"},"medicamentoReferencia":null,"categoriaProduto":null,"tipoAutorizacao":"REGISTRADO","numeroRegistroFormatado":"100820136","mesAnoVencimentoFormatado":"12/2007","acancelar":false},"empresa":{"cnpj":"60499639000195","razaoSocial":"ABBOTT PRODUTOS PARA SAÚDE LTDA.","numeroAutorizacao":null,"cnpjFormatado":"60.499.639/0001-95"},"processo":{"numero":"250000126969735","situacao":29,"numeroProcessoFormatado":"25000.012696/97-35"}},{"ordem":46,"produto":{"codigo":126100,"nome":"PHISIOTENS","numeroRegistro":"100820153","tipo":{"codigo":1,"descricao":null},"categoria":null,"situacaoRotulo":null,"dataVencimento":null,"mesAnoVencimento":"062007","dataVencimentoRegistro":"2007-06-01T00:00:00.000-0300","principioAtivo":null,"situacaoApresentacao":"Caduco/Cancelado","dataRegistro":"2002-06-17T00:00:00.000-0300","categoriaRegulatoria":{"codigo":8,"descricao":"Similar"},"medicamentoReferencia":null,"categoriaProduto":null,"tipoAutorizacao":"REGISTRADO","numeroRegistroFormatado":"100820153","mesAnoVencimentoFormatado":"06/2007","acancelar":false},"empresa":{"cnpj":"60499639000195","razaoSocial":"ABBOTT PRODUTOS PARA SAÚDE LTDA.","numeroAutorizacao":null,"cnpjFormatado":"60.499.639/0001-95"},"processo":{"numero":"253510058460259","situacao":29,"numeroProcessoFormatado":"25351.005846/02-59"}},{"ordem":47,"produto":{"codigo":4081,"nome":"PIASCLEDINE","numeroRegistro":"100820144","tipo":{"codigo":1,"descricao":null},"categoria":null,"situacaoRotulo":null,"dataVencimento":null,"mesAnoVencimento":"052010","dataVencimentoRegistro":"2010-05-01T00:00:00.000-0300","principioAtivo":null,"situacaoApresentacao":"Caduco/Cancelado","dataRegistro":"2000-05-19T00:00:00.000-0300","categoriaRegulatoria":{"codigo":6,"descricao":"Novo"},"medicamentoReferencia":null,"categoriaProduto":null,"tipoAutorizacao":"REGISTRADO","numeroRegistroFormatado":"100820144","mesAnoVencimentoFormatado":"05/2010","acancelar":false},"empresa":{"cnpj":"60499639000195","razaoSocial":"ABBOTT PRODUTOS PARA SAÚDE LTDA.","numeroAutorizacao":null,"cnpjFormatado":"60.499.639/0001-95"},"processo":{"numero":"250000086639934","situacao":29,"numeroProcessoFormatado":"25000.008663/99-34"}},{"ordem":48,"produto":{"codigo":348674,"nome":"PIROXENE","numeroRegistro":"100820032","tipo":{"codigo":1,"descricao":null},"categoria":null,"situacaoRotulo":null,"dataVencimento":null,"mesAnoVencimento":"062005","dataVencimentoRegistro":"2005-06-01T00:00:00.000-0300","principioAtivo":null,"situacaoApresentacao":"Caduco/Cancelado","dataRegistro":"1980-06-16T00:00:00.000-0300","categoriaRegulatoria":{"codigo":8,"descricao":"Similar"},"medicamentoReferencia":null,"categoriaProduto":null,"tipoAutorizacao":"REGISTRADO","numeroRegistroFormatado":"100820032","mesAnoVencimentoFormatado":"06/2005","acancelar":false},"empresa":{"cnpj":"60499639000195","razaoSocial":"ABBOTT PRODUTOS PARA SAÚDE LTDA.","numeroAutorizacao":null,"cnpjFormatado":"60.499.639/0001-95"},"processo":{"numero":"2599100043880","situacao":29,"numeroProcessoFormatado":"25991.000438/80"}},{"ordem":49,"produto":{"codigo":1636,"nome":"PIVOXIL","numeroRegistro":"100820134","tipo":{"codigo":1,"descricao":null},"categoria":null,"situacaoRotulo":null,"dataVencimento":null,"mesAnoVencimento":"102002","dataVencimentoRegistro":"2002-10-01T00:00:00.000-0300","principioAtivo":null,"situacaoApresentacao":"Caduco/Cancelado","dataRegistro":"1997-10-14T00:00:00.000-0300","categoriaRegulatoria":{"codigo":8,"descricao":"Similar"},"medicamentoReferencia":null,"categoriaProduto":null,"tipoAutorizacao":"REGISTRADO","numeroRegistroFormatado":"100820134","mesAnoVencimentoFormatado":"10/2002","acancelar":false},"empresa":{"cnpj":"60499639000195","razaoSocial":"ABBOTT PRODUTOS PARA SAÚDE LTDA.","numeroAutorizacao":null,"cnpjFormatado":"60.499.639/0001-95"},"processo":{"numero":"250000276929615","situacao":29,"numeroProcessoFormatado":"25000.027692/96-15"}},{"ordem":50,"produto":{"codigo":413367,"nome":"PLASBUMIN - 25","numeroRegistro":"100820044","tipo":{"codigo":1,"descricao":null},"categoria":null,"situacaoRotulo":null,"dataVencimento":null,"mesAnoVencimento":"042004","dataVencimentoRegistro":"2004-04-01T00:00:00.000-0300","principioAtivo":null,"situacaoApresentacao":"Caduco/Cancelado","dataRegistro":"1989-04-30T00:00:00.000-0300","categoriaRegulatoria":{"codigo":8,"descricao":"Similar"},"medicamentoReferencia":null,"categoriaProduto":null,"tipoAutorizacao":"REGISTRADO","numeroRegistroFormatado":"100820044","mesAnoVencimentoFormatado":"04/2004","acancelar":false},"empresa":{"cnpj":"60499639000195","razaoSocial":"ABBOTT PRODUTOS PARA SAÚDE LTDA.","numeroAutorizacao":null,"cnpjFormatado":"60.499.639/0001-95"},"processo":{"numero":"2500101443182","situacao":29,"numeroProcessoFormatado":"25001.014431/82"}},{"ordem":51,"produto":{"codigo":7732,"nome":"POLIGINAX","numeroRegistro":"100820033","tipo":{"codigo":1,"descricao":null},"categoria":null,"situacaoRotulo":null,"dataVencimento":null,"mesAnoVencimento":"012016","dataVencimentoRegistro":"2016-01-01T00:00:00.000-0300","principioAtivo":null,"situacaoApresentacao":"Caduco/Cancelado","dataRegistro":"2001-04-20T00:00:00.000-0300","categoriaRegulatoria":{"codigo":6,"descricao":"Novo"},"medicamentoReferencia":null,"categoriaProduto":null,"tipoAutorizacao":"REGISTRADO","numeroRegistroFormatado":"100820033","mesAnoVencimentoFormatado":"01/2016","acancelar":false},"empresa":{"cnpj":"60499639000195","razaoSocial":"ABBOTT PRODUTOS PARA SAÚDE LTDA.","numeroAutorizacao":null,"cnpjFormatado":"60.499.639/0001-95"},"processo":{"numero":"2599102316074","situacao":29,"numeroProcessoFormatado":"25991.023160/74"}},{"ordem":52,"produto":{"codigo":465633,"nome":"PROMESTRIN","numeroRegistro":"100820093","tipo":{"codigo":1,"descricao":null},"categoria":null,"situacaoRotulo":null,"dataVencimento":null,"mesAnoVencimento":"101997","dataVencimentoRegistro":"1997-10-01T00:00:00.000-0300","principioAtivo":null,"situacaoApresentacao":"Caduco/Cancelado","dataRegistro":"1992-10-20T00:00:00.000-0300","categoriaRegulatoria":{"codigo":8,"descricao":"Similar"},"medicamentoReferencia":null,"categoriaProduto":null,"tipoAutorizacao":"REGISTRADO","numeroRegistroFormatado":"100820093","mesAnoVencimentoFormatado":"10/1997","acancelar":false},"empresa":{"cnpj":"60499639000195","razaoSocial":"ABBOTT PRODUTOS PARA SAÚDE LTDA.","numeroAutorizacao":null,"cnpjFormatado":"60.499.639/0001-95"},"processo":{"numero":"250000079009084","situacao":29,"numeroProcessoFormatado":"25000.007900/90-84"}},{"ordem":53,"produto":{"codigo":583,"nome":"Plasbumin 20","numeroRegistro":"100820104","tipo":{"codigo":1,"descricao":null},"categoria":null,"situacaoRotulo":null,"dataVencimento":null,"mesAnoVencimento":"012005","dataVencimentoRegistro":"2005-01-01T00:00:00.000-0300","principioAtivo":null,"situacaoApresentacao":"Caduco/Cancelado","dataRegistro":"1996-05-20T00:00:00.000-0300","categoriaRegulatoria":{"codigo":6,"descricao":"Novo"},"medicamentoReferencia":null,"categoriaProduto":null,"tipoAutorizacao":"REGISTRADO","numeroRegistroFormatado":"100820104","mesAnoVencimentoFormatado":"01/2005","acancelar":false},"empresa":{"cnpj":"60499639000195","razaoSocial":"ABBOTT PRODUTOS PARA SAÚDE LTDA.","numeroAutorizacao":null,"cnpjFormatado":"60.499.639/0001-95"},"processo":{"numero":"250000144169354","situacao":29,"numeroProcessoFormatado":"25000.014416/93-54"}},{"ordem":54,"produto":{"codigo":5174,"nome":"REVECTINA","numeroRegistro":"100820141","tipo":{"codigo":1,"descricao":null},"categoria":null,"situacaoRotulo":null,"dataVencimento":null,"mesAnoVencimento":"032014","dataVencimentoRegistro":"2014-03-01T00:00:00.000-0300","principioAtivo":null,"situacaoApresentacao":"Caduco/Cancelado","dataRegistro":"1999-03-31T00:00:00.000-0300","categoriaRegulatoria":{"codigo":6,"descricao":"Novo"},"medicamentoReferencia":null,"categoriaProduto":null,"tipoAutorizacao":"REGISTRADO","numeroRegistroFormatado":"100820141","mesAnoVencimentoFormatado":"03/2014","acancelar":false},"empresa":{"cnpj":"60499639000195","razaoSocial":"ABBOTT PRODUTOS PARA SAÚDE LTDA.","numeroAutorizacao":null,"cnpjFormatado":"60.499.639/0001-95"},"processo":{"numero":"250000199279895","situacao":29,"numeroProcessoFormatado":"25000.019927/98-95"}},{"ordem":55,"produto":{"codigo":8417,"nome":"SERENEX","numeroRegistro":"100820039","tipo":{"codigo":1,"descricao":null},"categoria":null,"situacaoRotulo":null,"dataVencimento":null,"mesAnoVencimento":"052006","dataVencimentoRegistro":"2006-05-01T00:00:00.000-0300","principioAtivo":null,"situacaoApresentacao":"Caduco/Cancelado","dataRegistro":"2001-06-04T00:00:00.000-0300","categoriaRegulatoria":{"codigo":8,"descricao":"Similar"},"medicamentoReferencia":null,"categoriaProduto":null,"tipoAutorizacao":"REGISTRADO","numeroRegistroFormatado":"100820039","mesAnoVencimentoFormatado":"05/2006","acancelar":false},"empresa":{"cnpj":"60499639000195","razaoSocial":"ABBOTT PRODUTOS PARA SAÚDE LTDA.","numeroAutorizacao":null,"cnpjFormatado":"60.499.639/0001-95"},"processo":{"numero":"2599200442066","situacao":29,"numeroProcessoFormatado":"25992.004420/66"}},{"ordem":56,"produto":{"codigo":4381,"nome":"SINTOPRIL","numeroRegistro":"100820130","tipo":{"codigo":1,"descricao":null},"categoria":null,"situacaoRotulo":null,"dataVencimento":null,"mesAnoVencimento":"112001","dataVencimentoRegistro":"2001-11-01T00:00:00.000-0200","principioAtivo":null,"situacaoApresentacao":"Caduco/Cancelado","dataRegistro":"1996-11-21T00:00:00.000-0300","categoriaRegulatoria":{"codigo":8,"descricao":"Similar"},"medicamentoReferencia":null,"categoriaProduto":null,"tipoAutorizacao":"REGISTRADO","numeroRegistroFormatado":"100820130","mesAnoVencimentoFormatado":"11/2001","acancelar":false},"empresa":{"cnpj":"60499639000195","razaoSocial":"ABBOTT PRODUTOS PARA SAÚDE LTDA.","numeroAutorizacao":null,"cnpjFormatado":"60.499.639/0001-95"},"processo":{"numero":"250000162949510","situacao":29,"numeroProcessoFormatado":"25000.016294/95-10"}},{"ordem":57,"produto":{"codigo":7409,"nome":"SINVASTATINA","numeroRegistro":"100820127","tipo":{"codigo":1,"descricao":null},"categoria":null,"situacaoRotulo":null,"dataVencimento":null,"mesAnoVencimento":"102001","dataVencimentoRegistro":"2001-10-01T00:00:00.000-0300","principioAtivo":null,"situacaoApresentacao":"Caduco/Cancelado","dataRegistro":"1996-10-17T00:00:00.000-0300","categoriaRegulatoria":{"codigo":8,"descricao":"Similar"},"medicamentoReferencia":null,"categoriaProduto":null,"tipoAutorizacao":"REGISTRADO","numeroRegistroFormatado":"100820127","mesAnoVencimentoFormatado":"10/2001","acancelar":false},"empresa":{"cnpj":"60499639000195","razaoSocial":"ABBOTT PRODUTOS PARA SAÚDE LTDA.","numeroAutorizacao":null,"cnpjFormatado":"60.499.639/0001-95"},"processo":{"numero":"250000131889639","situacao":29,"numeroProcessoFormatado":"25000.013188/96-39"}},{"ordem":58,"produto":{"codigo":1988,"nome":"SOMAZINA","numeroRegistro":"100820138","tipo":{"codigo":1,"descricao":null},"categoria":null,"situacaoRotulo":null,"dataVencimento":null,"mesAnoVencimento":"032013","dataVencimentoRegistro":"2013-03-01T00:00:00.000-0300","principioAtivo":null,"situacaoApresentacao":"Caduco/Cancelado","dataRegistro":"1998-03-25T00:00:00.000-0300","categoriaRegulatoria":{"codigo":6,"descricao":"Novo"},"medicamentoReferencia":null,"categoriaProduto":null,"tipoAutorizacao":"REGISTRADO","numeroRegistroFormatado":"100820138","mesAnoVencimentoFormatado":"03/2013","acancelar":false},"empresa":{"cnpj":"60499639000195","razaoSocial":"ABBOTT PRODUTOS PARA SAÚDE LTDA.","numeroAutorizacao":null,"cnpjFormatado":"60.499.639/0001-95"},"processo":{"numero":"250000309879760","situacao":29,"numeroProcessoFormatado":"25000.030987/97-60"}},{"ordem":59,"produto":{"codigo":6726,"nome":"TANDREX-A","numeroRegistro":"100820060","tipo":{"codigo":1,"descricao":null},"categoria":null,"situacaoRotulo":null,"dataVencimento":null,"mesAnoVencimento":"062004","dataVencimentoRegistro":"2004-06-01T00:00:00.000-0300","principioAtivo":null,"situacaoApresentacao":"Caduco/Cancelado","dataRegistro":"2000-04-05T00:00:00.000-0300","categoriaRegulatoria":{"codigo":8,"descricao":"Similar"},"medicamentoReferencia":null,"categoriaProduto":null,"tipoAutorizacao":"REGISTRADO","numeroRegistroFormatado":"100820060","mesAnoVencimentoFormatado":"06/2004","acancelar":false},"empresa":{"cnpj":"60499639000195","razaoSocial":"ABBOTT PRODUTOS PARA SAÚDE LTDA.","numeroAutorizacao":null,"cnpjFormatado":"60.499.639/0001-95"},"processo":{"numero":"2599202079376","situacao":29,"numeroProcessoFormatado":"25992.020793/76"}},{"ordem":60,"produto":{"codigo":371633,"nome":"TENSIL","numeroRegistro":"100820087","tipo":{"codigo":1,"descricao":null},"categoria":null,"situacaoRotulo":null,"dataVencimento":null,"mesAnoVencimento":"072009","dataVencimentoRegistro":"2009-07-01T00:00:00.000-0300","principioAtivo":null,"situacaoApresentacao":"Caduco/Cancelado","dataRegistro":"1990-02-21T00:00:00.000-0300","categoriaRegulatoria":{"codigo":8,"descricao":"Similar"},"medicamentoReferencia":null,"categoriaProduto":null,"tipoAutorizacao":"REGISTRADO","numeroRegistroFormatado":"100820087","mesAnoVencimentoFormatado":"07/2009","acancelar":false},"empresa":{"cnpj":"60499639000195","razaoSocial":"ABBOTT PRODUTOS PARA SAÚDE LTDA.","numeroAutorizacao":null,"cnpjFormatado":"60.499.639/0001-95"},"processo":{"numero":"250000011459033","situacao":29,"numeroProcessoFormatado":"25000.001145/90-33"}},{"ordem":61,"produto":{"codigo":5750,"nome":"TEVETEN","numeroRegistro":"100820149","tipo":{"codigo":1,"descricao":null},"categoria":null,"situacaoRotulo":null,"dataVencimento":null,"mesAnoVencimento":"022013","dataVencimentoRegistro":"2013-02-01T00:00:00.000-0300","principioAtivo":null,"situacaoApresentacao":"Caduco/Cancelado","dataRegistro":"2001-06-04T00:00:00.000-0300","categoriaRegulatoria":{"codigo":6,"descricao":"Novo"},"medicamentoReferencia":null,"categoriaProduto":null,"tipoAutorizacao":"REGISTRADO","numeroRegistroFormatado":"100820149","mesAnoVencimentoFormatado":"02/2013","acancelar":false},"empresa":{"cnpj":"60499639000195","razaoSocial":"ABBOTT PRODUTOS PARA SAÚDE LTDA.","numeroAutorizacao":null,"cnpjFormatado":"60.499.639/0001-95"},"processo":{"numero":"250000216369702","situacao":29,"numeroProcessoFormatado":"25000.021636/97-02"}},{"ordem":62,"produto":{"codigo":890,"nome":"TRHOMBATE III","numeroRegistro":"100820121","tipo":{"codigo":1,"descricao":null},"categoria":null,"situacaoRotulo":null,"dataVencimento":null,"mesAnoVencimento":"122005","dataVencimentoRegistro":"2005-12-01T00:00:00.000-0300","principioAtivo":null,"situacaoApresentacao":"Caduco/Cancelado","dataRegistro":"2001-06-13T00:00:00.000-0300","categoriaRegulatoria":{"codigo":8,"descricao":"Similar"},"medicamentoReferencia":null,"categoriaProduto":null,"tipoAutorizacao":"REGISTRADO","numeroRegistroFormatado":"100820121","mesAnoVencimentoFormatado":"12/2005","acancelar":false},"empresa":{"cnpj":"60499639000195","razaoSocial":"ABBOTT PRODUTOS PARA SAÚDE LTDA.","numeroAutorizacao":null,"cnpjFormatado":"60.499.639/0001-95"},"processo":{"numero":"250000090009478","situacao":29,"numeroProcessoFormatado":"25000.009000/94-78"}},{"ordem":63,"produto":{"codigo":2964,"nome":"TROPISIN","numeroRegistro":"100820140","tipo":{"codigo":1,"descricao":null},"categoria":null,"situacaoRotulo":null,"dataVencimento":null,"mesAnoVencimento":"122003","dataVencimentoRegistro":"2003-12-01T00:00:00.000-0300","principioAtivo":null,"situacaoApresentacao":"Caduco/Cancelado","dataRegistro":"1998-12-09T00:00:00.000-0300","categoriaRegulatoria":{"codigo":8,"descricao":"Similar"},"medicamentoReferencia":null,"categoriaProduto":null,"tipoAutorizacao":"REGISTRADO","numeroRegistroFormatado":"100820140","mesAnoVencimentoFormatado":"12/2003","acancelar":false},"empresa":{"cnpj":"60499639000195","razaoSocial":"ABBOTT PRODUTOS PARA SAÚDE LTDA.","numeroAutorizacao":null,"cnpjFormatado":"60.499.639/0001-95"},"processo":{"numero":"250000126979706","situacao":29,"numeroProcessoFormatado":"25000.012697/97-06"}},{"ordem":64,"produto":{"codigo":416017,"nome":"VACINA INFLUENZA (INATIVADA, SUBUNITÁRIA)","numeroRegistro":"100820169","tipo":{"codigo":1,"descricao":null},"categoria":null,"situacaoRotulo":null,"dataVencimento":null,"mesAnoVencimento":"012016","dataVencimentoRegistro":"2016-01-01T00:00:00.000-0300","principioAtivo":null,"situacaoApresentacao":"Caduco/Cancelado","dataRegistro":"2006-01-16T00:00:00.000-0300","categoriaRegulatoria":{"codigo":1,"descricao":"Biológico"},"medicamentoReferencia":null,"categoriaProduto":null,"tipoAutorizacao":"REGISTRADO","numeroRegistroFormatado":"100820169","mesAnoVencimentoFormatado":"01/2016","acancelar":false},"empresa":{"cnpj":"60499639000195","razaoSocial":"ABBOTT PRODUTOS PARA SAÚDE LTDA.","numeroAutorizacao":null,"cnpjFormatado":"60.499.639/0001-95"},"processo":{"numero":"25351207032200506","situacao":29,"numeroProcessoFormatado":"25351.207032/2005-06"}},{"ordem":65,"produto":{"codigo":4072,"nome":"VALMANE","numeroRegistro":"106390165","tipo":{"codigo":1,"descricao":null},"categoria":null,"situacaoRotulo":null,"dataVencimento":null,"mesAnoVencimento":"032010","dataVencimentoRegistro":"2010-03-01T00:00:00.000-0300","principioAtivo":null,"situacaoApresentacao":"Caduco/Cancelado","dataRegistro":"2001-06-15T00:00:00.000-0300","categoriaRegulatoria":{"codigo":4,"descricao":"Fitoterápico"},"medicamentoReferencia":null,"categoriaProduto":null,"tipoAutorizacao":"REGISTRADO","numeroRegistroFormatado":"106390165","mesAnoVencimentoFormatado":"03/2010","acancelar":false},"empresa":{"cnpj":"60499639000195","razaoSocial":"ABBOTT PRODUTOS PARA SAÚDE LTDA.","numeroAutorizacao":null,"cnpjFormatado":"60.499.639/0001-95"},"processo":{"numero":"250000164548857","situacao":29,"numeroProcessoFormatado":"25000.016454/88-57"}},{"ordem":66,"produto":{"codigo":3778,"nome":"VIBRAL","numeroRegistro":"100820057","tipo":{"codigo":1,"descricao":null},"categoria":null,"situacaoRotulo":null,"dataVencimento":null,"mesAnoVencimento":"042016","dataVencimentoRegistro":"2016-04-01T00:00:00.000-0300","principioAtivo":null,"situacaoApresentacao":"Caduco/Cancelado","dataRegistro":"2001-06-22T00:00:00.000-0300","categoriaRegulatoria":{"codigo":6,"descricao":"Novo"},"medicamentoReferencia":null,"categoriaProduto":null,"tipoAutorizacao":"REGISTRADO","numeroRegistroFormatado":"100820057","mesAnoVencimentoFormatado":"04/2016","acancelar":false},"empresa":{"cnpj":"60499639000195","razaoSocial":"ABBOTT PRODUTOS PARA SAÚDE LTDA.","numeroAutorizacao":null,"cnpjFormatado":"60.499.639/0001-95"},"processo":{"numero":"2599201755275","situacao":29,"numeroProcessoFormatado":"25992.017552/75"}},{"ordem":67,"produto":{"codigo":8387,"nome":"ZIDOVUDINA","numeroRegistro":"100820100","tipo":{"codigo":1,"descricao":null},"categoria":null,"situacaoRotulo":null,"dataVencimento":null,"mesAnoVencimento":"092004","dataVencimentoRegistro":"2004-09-01T00:00:00.000-0300","principioAtivo":null,"situacaoApresentacao":"Caduco/Cancelado","dataRegistro":"1994-09-15T00:00:00.000-0300","categoriaRegulatoria":{"codigo":8,"descricao":"Similar"},"medicamentoReferencia":null,"categoriaProduto":null,"tipoAutorizacao":"REGISTRADO","numeroRegistroFormatado":"100820100","mesAnoVencimentoFormatado":"09/2004","acancelar":false},"empresa":{"cnpj":"60499639000195","razaoSocial":"ABBOTT PRODUTOS PARA SAÚDE LTDA.","numeroAutorizacao":null,"cnpjFormatado":"60.499.639/0001-95"},"processo":{"numero":"2500000359993","situacao":29,"numeroProcessoFormatado":"25000.003599/93"}},{"ordem":68,"produto":{"codigo":977,"nome":"ZITROX","numeroRegistro":"100820135","tipo":{"codigo":1,"descricao":null},"categoria":null,"situacaoRotulo":null,"dataVencimento":null,"mesAnoVencimento":"112002","dataVencimentoRegistro":"2002-11-01T00:00:00.000-0300","principioAtivo":null,"situacaoApresentacao":"Caduco/Cancelado","dataRegistro":"1997-11-12T00:00:00.000-0300","categoriaRegulatoria":{"codigo":8,"descricao":"Similar"},"medicamentoReferencia":null,"categoriaProduto":null,"tipoAutorizacao":"REGISTRADO","numeroRegistroFormatado":"100820135","mesAnoVencimentoFormatado":"11/2002","acancelar":false},"empresa":{"cnpj":"60499639000195","razaoSocial":"ABBOTT PRODUTOS PARA SAÚDE LTDA.","numeroAutorizacao":null,"cnpjFormatado":"60.499.639/0001-95"},"processo":{"numero":"250000026109611","situacao":29,"numeroProcessoFormatado":"25000.002610/96-11"}}],"totalElements":68,"totalPages":1,"last":true,"numberOfElements":68,"first":true,"sort":null,"size":1000,"number":0}