{"content":[{"ordem":1,"produto":{"codigo":132,"nome":"AC BENZOICO ASSOCIADO","numeroRegistro":"102660049","tipo":{"codigo":1,"descricao":null},"categoria":null,"situacaoRotulo":null,"dataVencimento":null,"mesAnoVencimento":"112001","dataVencimentoRegistro":"2001-11-01T00:00:00.000-0200","principioAtivo":null,"situacaoApresentacao":"Caduco/Cancelado","dataRegistro":"1997-10-14T00:00:00.000-0300","categoriaRegulatoria":{"codigo":8,"descricao":"Similar"},"medicamentoReferencia":null,"categoriaProduto":null,"tipoAutorizacao":"REGISTRADO","numeroRegistroFormatado":"102660049","mesAnoVencimentoFormatado":"11/2001","acancelar":false},"empresa":{"cnpj":"60862208000141","razaoSocial":"FARMÁCIA E LABORATÓRIO HOMEOPÁTICO ALMEIDA PRADO LTDA","numeroAutorizacao":"1002669","cnpjFormatado":"60.862.208/0001-41"},"processo":{"numero":"2500002277196","situacao":29,"numeroProcessoFormatado":"25000.022771/96"}},{"ordem":2,"produto":{"codigo":165183,"nome":"AGALAX","numeroRegistro":"102660058","tipo":{"codigo":1,"descricao":null},"categoria":null,"situacaoRotulo":null,"dataVencimento":null,"mesAnoVencimento":"112007","dataVencimentoRegistro":"2007-11-01T00:00:00.000-0300","principioAtivo":null,"situacaoApresentacao":"Caduco/Cancelado","dataRegistro":"2002-11-13T00:00:00.000-0300","categoriaRegulatoria":{"codigo":8,"descricao":"Similar"},"medicamentoReferencia":null,"categoriaProduto":null,"tipoAutorizacao":"REGISTRADO","numeroRegistroFormatado":"102660058","mesAnoVencimentoFormatado":"11/2007","acancelar":false},"empresa":{"cnpj":"60862208000141","razaoSocial":"FARMÁCIA E LABORATÓRIO HOMEOPÁTICO ALMEIDA PRADO LTDA","numeroAutorizacao":"1002669","cnpjFormatado":"60.862.208/0001-41"},"processo":{"numero":"253510370530127","situacao":29,"numeroProcessoFormatado":"25351.037053/01-27"}},{"ordem":3,"produto":{"codigo":413098,"nome":"ANGINOMED","numeroRegistro":"102660001","tipo":{"codigo":1,"descricao":null},"categoria":null,"situacaoRotulo":null,"dataVencimento":null,"mesAnoVencimento":"022025","dataVencimentoRegistro":"2025-02-01T00:00:00.000-0300","principioAtivo":null,"situacaoApresentacao":"Caduco/Cancelado","dataRegistro":"1975-02-28T00:00:00.000-0300","categoriaRegulatoria":{"codigo":2,"descricao":"Dinamizado"},"medicamentoReferencia":null,"categoriaProduto":null,"tipoAutorizacao":"REGISTRADO","numeroRegistroFormatado":"102660001","mesAnoVencimentoFormatado":"02/2025","acancelar":false},"empresa":{"cnpj":"60862208000141","razaoSocial":"FARMÁCIA E LABORATÓRIO HOMEOPÁTICO ALMEIDA PRADO LTDA","numeroAutorizacao":"1002669","cnpjFormatado":"60.862.208/0001-41"},"processo":{"numero":"2599201591574","situacao":29,"numeroProcessoFormatado":"25992.015915/74"}},{"ordem":4,"produto":{"codigo":589224,"nome":"ARNICA PRÉPÓS","numeroRegistro":"102660169","tipo":{"codigo":1,"descricao":null},"categoria":null,"situacaoRotulo":null,"dataVencimento":null,"mesAnoVencimento":"022029","dataVencimentoRegistro":"2029-02-01T00:00:00.000-0300","principioAtivo":"arnica montana","situacaoApresentacao":"Válido","dataRegistro":"2009-02-16T00:00:00.000-0300","categoriaRegulatoria":{"codigo":2,"descricao":"Dinamizado"},"medicamentoReferencia":null,"categoriaProduto":null,"tipoAutorizacao":"REGISTRADO","numeroRegistroFormatado":"102660169","mesAnoVencimentoFormatado":"02/2029","acancelar":false},"empresa":{"cnpj":"60862208000141","razaoSocial":"FARMÁCIA E LABORATÓRIO HOMEOPÁTICO ALMEIDA PRADO LTDA","numeroAutorizacao":"1002669","cnpjFormatado":"60.862.208/0001-41"},"processo":{"numero":"25351540800200875","situacao":29,"numeroProcessoFormatado":"25351.540800/2008-75"}},{"ordem":5,"produto":{"codigo":743628,"nome":"BESOMED","numeroRegistro":"102660171","tipo":{"codigo":1,"descricao":null},"categoria":null,"situacaoRotulo":null,"dataVencimento":null,"mesAnoVencimento":"012027","dataVencimentoRegistro":"2027-01-01T00:00:00.000-0300","principioAtivo":null,"situacaoApresentacao":"Caduco/Cancelado","dataRegistro":"2012-01-30T00:00:00.000-0300","categoriaRegulatoria":{"codigo":2,"descricao":"Dinamizado"},"medicamentoReferencia":null,"categoriaProduto":null,"tipoAutorizacao":"REGISTRADO","numeroRegistroFormatado":"102660171","mesAnoVencimentoFormatado":"01/2027","acancelar":false},"empresa":{"cnpj":"60862208000141","razaoSocial":"FARMÁCIA E LABORATÓRIO HOMEOPÁTICO ALMEIDA PRADO LTDA","numeroAutorizacao":"1002669","cnpjFormatado":"60.862.208/0001-41"},"processo":{"numero":"25351354392201057","situacao":29,"numeroProcessoFormatado":"25351.354392/2010-57"}},{"ordem":6,"produto":{"codigo":172964,"nome":"BISACODIL","numeroRegistro":"102660060","tipo":{"codigo":1,"descricao":null},"categoria":null,"situacaoRotulo":null,"dataVencimento":null,"mesAnoVencimento":"012008","dataVencimentoRegistro":"2008-01-01T00:00:00.000-0300","principioAtivo":null,"situacaoApresentacao":"Caduco/Cancelado","dataRegistro":"2003-01-24T00:00:00.000-0300","categoriaRegulatoria":{"codigo":8,"descricao":"Similar"},"medicamentoReferencia":null,"categoriaProduto":null,"tipoAutorizacao":"REGISTRADO","numeroRegistroFormatado":"102660060","mesAnoVencimentoFormatado":"01/2008","acancelar":false},"empresa":{"cnpj":"60862208000141","razaoSocial":"FARMÁCIA E LABORATÓRIO HOMEOPÁTICO ALMEIDA PRADO LTDA","numeroAutorizacao":"1002669","cnpjFormatado":"60.862.208/0001-41"},"processo":{"numero":"253510262490187","situacao":29,"numeroProcessoFormatado":"25351.026249/01-87"}},{"ordem":7,"produto":{"codigo":414472,"nome":"CEFALMED","numeroRegistro":"102660125","tipo":{"codigo":1,"descricao":null},"categoria":null,"situacaoRotulo":null,"dataVencimento":null,"mesAnoVencimento":"022025","dataVencimentoRegistro":"2025-02-01T00:00:00.000-0300","principioAtivo":null,"situacaoApresentacao":"Caduco/Cancelado","dataRegistro":"1975-02-28T00:00:00.000-0300","categoriaRegulatoria":{"codigo":2,"descricao":"Dinamizado"},"medicamentoReferencia":null,"categoriaProduto":null,"tipoAutorizacao":"REGISTRADO","numeroRegistroFormatado":"102660125","mesAnoVencimentoFormatado":"02/2025","acancelar":false},"empresa":{"cnpj":"60862208000141","razaoSocial":"FARMÁCIA E LABORATÓRIO HOMEOPÁTICO ALMEIDA PRADO LTDA","numeroAutorizacao":"1002669","cnpjFormatado":"60.862.208/0001-41"},"processo":{"numero":"2599201806074","situacao":29,"numeroProcessoFormatado":"25992.018060/74"}},{"ordem":8,"produto":{"codigo":520368,"nome":"CISTITEMED","numeroRegistro":"102660157","tipo":{"codigo":1,"descricao":null},"categoria":null,"situacaoRotulo":null,"dataVencimento":null,"mesAnoVencimento":"082027","dataVencimentoRegistro":"2027-08-01T00:00:00.000-0300","principioAtivo":null,"situacaoApresentacao":"Caduco/Cancelado","dataRegistro":"2007-08-13T00:00:00.000-0300","categoriaRegulatoria":{"codigo":2,"descricao":"Dinamizado"},"medicamentoReferencia":null,"categoriaProduto":null,"tipoAutorizacao":"REGISTRADO","numeroRegistroFormatado":"102660157","mesAnoVencimentoFormatado":"08/2027","acancelar":false},"empresa":{"cnpj":"60862208000141","razaoSocial":"FARMÁCIA E LABORATÓRIO HOMEOPÁTICO ALMEIDA PRADO LTDA","numeroAutorizacao":"1002669","cnpjFormatado":"60.862.208/0001-41"},"processo":{"numero":"25351372040200603","situacao":29,"numeroProcessoFormatado":"25351.372040/2006-03"}},{"ordem":9,"produto":{"codigo":419195,"nome":"CISTITEMED","numeroRegistro":"102660119","tipo":{"codigo":1,"descricao":null},"categoria":null,"situacaoRotulo":null,"dataVencimento":null,"mesAnoVencimento":"062005","dataVencimentoRegistro":"2005-06-01T00:00:00.000-0300","principioAtivo":null,"situacaoApresentacao":"Caduco/Cancelado","dataRegistro":"1975-06-24T00:00:00.000-0300","categoriaRegulatoria":{"codigo":2,"descricao":"Dinamizado"},"medicamentoReferencia":null,"categoriaProduto":null,"tipoAutorizacao":"REGISTRADO","numeroRegistroFormatado":"102660119","mesAnoVencimentoFormatado":"06/2005","acancelar":false},"empresa":{"cnpj":"60862208000141","razaoSocial":"FARMÁCIA E LABORATÓRIO HOMEOPÁTICO ALMEIDA PRADO LTDA","numeroAutorizacao":"1002669","cnpjFormatado":"60.862.208/0001-41"},"processo":{"numero":"2599200535975","situacao":29,"numeroProcessoFormatado":"25992.005359/75"}},{"ordem":10,"produto":{"codigo":540004,"nome":"COLÍRIO DE CINERÁRIA MARÍTIMA ALMEIDA PRADO","numeroRegistro":"102660165","tipo":{"codigo":1,"descricao":null},"categoria":null,"situacaoRotulo":null,"dataVencimento":null,"mesAnoVencimento":"062025","dataVencimentoRegistro":"2025-06-01T00:00:00.000-0300","principioAtivo":null,"situacaoApresentacao":"Caduco/Cancelado","dataRegistro":"1980-06-25T00:00:00.000-0300","categoriaRegulatoria":{"codigo":2,"descricao":"Dinamizado"},"medicamentoReferencia":null,"categoriaProduto":null,"tipoAutorizacao":"REGISTRADO","numeroRegistroFormatado":"102660165","mesAnoVencimentoFormatado":"06/2025","acancelar":false},"empresa":{"cnpj":"60862208000141","razaoSocial":"FARMÁCIA E LABORATÓRIO HOMEOPÁTICO ALMEIDA PRADO LTDA","numeroAutorizacao":"1002669","cnpjFormatado":"60.862.208/0001-41"},"processo":{"numero":"2599100534880","situacao":29,"numeroProcessoFormatado":"25991.005348/80"}},{"ordem":11,"produto":{"codigo":436806,"nome":"COLÍRIO DE EUPHRASIA OFFICINALIS ALMEIDA PRADO","numeroRegistro":"102660047","tipo":{"codigo":1,"descricao":null},"categoria":null,"situacaoRotulo":null,"dataVencimento":null,"mesAnoVencimento":"022027","dataVencimentoRegistro":"2027-02-01T00:00:00.000-0300","principioAtivo":null,"situacaoApresentacao":"Caduco/Cancelado","dataRegistro":"1992-02-10T00:00:00.000-0300","categoriaRegulatoria":{"codigo":2,"descricao":"Dinamizado"},"medicamentoReferencia":null,"categoriaProduto":null,"tipoAutorizacao":"REGISTRADO","numeroRegistroFormatado":"102660047","mesAnoVencimentoFormatado":"02/2027","acancelar":false},"empresa":{"cnpj":"60862208000141","razaoSocial":"FARMÁCIA E LABORATÓRIO HOMEOPÁTICO ALMEIDA PRADO LTDA","numeroAutorizacao":"1002669","cnpjFormatado":"60.862.208/0001-41"},"processo":{"numero":"2500100874683","situacao":29,"numeroProcessoFormatado":"25001.008746/83"}},{"ordem":12,"produto":{"codigo":374475,"nome":"COMPLEXO HOMEOPATICO SENECIO ALMEIDA PRADO 33","numeroRegistro":"102660009","tipo":{"codigo":1,"descricao":null},"categoria":null,"situacaoRotulo":null,"dataVencimento":null,"mesAnoVencimento":"112014","dataVencimentoRegistro":"2014-11-01T00:00:00.000-0300","principioAtivo":null,"situacaoApresentacao":"Caduco/Cancelado","dataRegistro":"1984-11-14T00:00:00.000-0300","categoriaRegulatoria":{"codigo":2,"descricao":"Dinamizado"},"medicamentoReferencia":null,"categoriaProduto":null,"tipoAutorizacao":"REGISTRADO","numeroRegistroFormatado":"102660009","mesAnoVencimentoFormatado":"11/2014","acancelar":false},"empresa":{"cnpj":"60862208000141","razaoSocial":"FARMÁCIA E LABORATÓRIO HOMEOPÁTICO ALMEIDA PRADO LTDA","numeroAutorizacao":"1002669","cnpjFormatado":"60.862.208/0001-41"},"processo":{"numero":"2599201658267","situacao":29,"numeroProcessoFormatado":"25992.016582/67"}},{"ordem":13,"produto":{"codigo":174061,"nome":"COMPLEXO HOMEOPÁTICO ACONITUM ALMEIDA PRADO 2","numeroRegistro":"102660078","tipo":{"codigo":1,"descricao":null},"categoria":null,"situacaoRotulo":null,"dataVencimento":null,"mesAnoVencimento":"022011","dataVencimentoRegistro":"2011-02-01T00:00:00.000-0300","principioAtivo":null,"situacaoApresentacao":"Caduco/Cancelado","dataRegistro":"2003-03-10T00:00:00.000-0300","categoriaRegulatoria":{"codigo":2,"descricao":"Dinamizado"},"medicamentoReferencia":null,"categoriaProduto":null,"tipoAutorizacao":"REGISTRADO","numeroRegistroFormatado":"102660078","mesAnoVencimentoFormatado":"02/2011","acancelar":false},"empresa":{"cnpj":"60862208000141","razaoSocial":"FARMÁCIA E LABORATÓRIO HOMEOPÁTICO ALMEIDA PRADO LTDA","numeroAutorizacao":"1002669","cnpjFormatado":"60.862.208/0001-41"},"processo":{"numero":"2599201736570","situacao":29,"numeroProcessoFormatado":"25992.017365/70"}},{"ordem":14,"produto":{"codigo":374426,"nome":"COMPLEXO HOMEOPÁTICO ACTAEA ALMEIDA PRADO 27","numeroRegistro":"102660005","tipo":{"codigo":1,"descricao":null},"categoria":null,"situacaoRotulo":null,"dataVencimento":null,"mesAnoVencimento":"082008","dataVencimentoRegistro":"2008-08-01T00:00:00.000-0300","principioAtivo":null,"situacaoApresentacao":"Caduco/Cancelado","dataRegistro":"1968-08-30T00:00:00.000-0300","categoriaRegulatoria":{"codigo":2,"descricao":"Dinamizado"},"medicamentoReferencia":null,"categoriaProduto":null,"tipoAutorizacao":"REGISTRADO","numeroRegistroFormatado":"102660005","mesAnoVencimentoFormatado":"08/2008","acancelar":false},"empresa":{"cnpj":"60862208000141","razaoSocial":"FARMÁCIA E LABORATÓRIO HOMEOPÁTICO ALMEIDA PRADO LTDA","numeroAutorizacao":"1002669","cnpjFormatado":"60.862.208/0001-41"},"processo":{"numero":"2599201657667","situacao":29,"numeroProcessoFormatado":"25992.016576/67"}},{"ordem":15,"produto":{"codigo":760638,"nome":"COMPLEXO HOMEOPÁTICO AESCULUS ALMEIDA PRADO 20","numeroRegistro":"102660172","tipo":{"codigo":1,"descricao":null},"categoria":null,"situacaoRotulo":null,"dataVencimento":null,"mesAnoVencimento":"012027","dataVencimentoRegistro":"2027-01-01T00:00:00.000-0300","principioAtivo":null,"situacaoApresentacao":"Caduco/Cancelado","dataRegistro":"2012-01-30T00:00:00.000-0300","categoriaRegulatoria":{"codigo":2,"descricao":"Dinamizado"},"medicamentoReferencia":null,"categoriaProduto":null,"tipoAutorizacao":"REGISTRADO","numeroRegistroFormatado":"102660172","mesAnoVencimentoFormatado":"01/2027","acancelar":false},"empresa":{"cnpj":"60862208000141","razaoSocial":"FARMÁCIA E LABORATÓRIO HOMEOPÁTICO ALMEIDA PRADO LTDA","numeroAutorizacao":"1002669","cnpjFormatado":"60.862.208/0001-41"},"processo":{"numero":"25351513838201051","situacao":29,"numeroProcessoFormatado":"25351.513838/2010-51"}},{"ordem":16,"produto":{"codigo":174092,"nome":"COMPLEXO HOMEOPÁTICO ALOE SOCOTRINA ALMEIDA PRADO 25","numeroRegistro":"102660077","tipo":{"codigo":1,"descricao":null},"categoria":null,"situacaoRotulo":null,"dataVencimento":null,"mesAnoVencimento":"032011","dataVencimentoRegistro":"2011-03-01T00:00:00.000-0300","principioAtivo":null,"situacaoApresentacao":"Caduco/Cancelado","dataRegistro":"2003-03-10T00:00:00.000-0300","categoriaRegulatoria":{"codigo":2,"descricao":"Dinamizado"},"medicamentoReferencia":null,"categoriaProduto":null,"tipoAutorizacao":"REGISTRADO","numeroRegistroFormatado":"102660077","mesAnoVencimentoFormatado":"03/2011","acancelar":false},"empresa":{"cnpj":"60862208000141","razaoSocial":"FARMÁCIA E LABORATÓRIO HOMEOPÁTICO ALMEIDA PRADO LTDA","numeroAutorizacao":"1002669","cnpjFormatado":"60.862.208/0001-41"},"processo":{"numero":"2599201738670","situacao":29,"numeroProcessoFormatado":"25992.017386/70"}},{"ordem":17,"produto":{"codigo":174073,"nome":"COMPLEXO HOMEOPÁTICO ANTIMONIUM TARTÁRICO ALMEIDA PRADO 50","numeroRegistro":"102660068","tipo":{"codigo":1,"descricao":null},"categoria":null,"situacaoRotulo":null,"dataVencimento":null,"mesAnoVencimento":"032011","dataVencimentoRegistro":"2011-03-01T00:00:00.000-0300","principioAtivo":null,"situacaoApresentacao":"Caduco/Cancelado","dataRegistro":"2003-03-10T00:00:00.000-0300","categoriaRegulatoria":{"codigo":2,"descricao":"Dinamizado"},"medicamentoReferencia":null,"categoriaProduto":null,"tipoAutorizacao":"REGISTRADO","numeroRegistroFormatado":"102660068","mesAnoVencimentoFormatado":"03/2011","acancelar":false},"empresa":{"cnpj":"60862208000141","razaoSocial":"FARMÁCIA E LABORATÓRIO HOMEOPÁTICO ALMEIDA PRADO LTDA","numeroAutorizacao":"1002669","cnpjFormatado":"60.862.208/0001-41"},"processo":{"numero":"2599201740770","situacao":29,"numeroProcessoFormatado":"25992.017407/70"}},{"ordem":18,"produto":{"codigo":174074,"nome":"COMPLEXO HOMEOPÁTICO APIS ALMEIDA PRADO Nº15","numeroRegistro":"102660075","tipo":{"codigo":1,"descricao":null},"categoria":null,"situacaoRotulo":null,"dataVencimento":null,"mesAnoVencimento":"032011","dataVencimentoRegistro":"2011-03-01T00:00:00.000-0300","principioAtivo":null,"situacaoApresentacao":"Caduco/Cancelado","dataRegistro":"2003-03-10T00:00:00.000-0300","categoriaRegulatoria":{"codigo":2,"descricao":"Dinamizado"},"medicamentoReferencia":null,"categoriaProduto":null,"tipoAutorizacao":"REGISTRADO","numeroRegistroFormatado":"102660075","mesAnoVencimentoFormatado":"03/2011","acancelar":false},"empresa":{"cnpj":"60862208000141","razaoSocial":"FARMÁCIA E LABORATÓRIO HOMEOPÁTICO ALMEIDA PRADO LTDA","numeroAutorizacao":"1002669","cnpjFormatado":"60.862.208/0001-41"},"processo":{"numero":"2599201737870","situacao":29,"numeroProcessoFormatado":"25992.017378/70"}},{"ordem":19,"produto":{"codigo":436862,"nome":"COMPLEXO HOMEOPÁTICO ARGENTUM NITRICUM ALMEIDA PRADO Nº19","numeroRegistro":"102660037","tipo":{"codigo":1,"descricao":null},"categoria":null,"situacaoRotulo":null,"dataVencimento":null,"mesAnoVencimento":"032011","dataVencimentoRegistro":"2011-03-01T00:00:00.000-0300","principioAtivo":null,"situacaoApresentacao":"Caduco/Cancelado","dataRegistro":"1971-03-08T00:00:00.000-0300","categoriaRegulatoria":{"codigo":2,"descricao":"Dinamizado"},"medicamentoReferencia":null,"categoriaProduto":null,"tipoAutorizacao":"REGISTRADO","numeroRegistroFormatado":"102660037","mesAnoVencimentoFormatado":"03/2011","acancelar":false},"empresa":{"cnpj":"60862208000141","razaoSocial":"FARMÁCIA E LABORATÓRIO HOMEOPÁTICO ALMEIDA PRADO LTDA","numeroAutorizacao":"1002669","cnpjFormatado":"60.862.208/0001-41"},"processo":{"numero":"2599201738170","situacao":29,"numeroProcessoFormatado":"25992.017381/70"}},{"ordem":20,"produto":{"codigo":273650,"nome":"COMPLEXO HOMEOPÁTICO ARNICA MONTANA ALMEIDA PRADO Nº45","numeroRegistro":"102660087","tipo":{"codigo":1,"descricao":null},"categoria":null,"situacaoRotulo":null,"dataVencimento":null,"mesAnoVencimento":"032011","dataVencimentoRegistro":"2011-03-01T00:00:00.000-0300","principioAtivo":null,"situacaoApresentacao":"Caduco/Cancelado","dataRegistro":"2003-03-28T00:00:00.000-0300","categoriaRegulatoria":{"codigo":2,"descricao":"Dinamizado"},"medicamentoReferencia":null,"categoriaProduto":null,"tipoAutorizacao":"REGISTRADO","numeroRegistroFormatado":"102660087","mesAnoVencimentoFormatado":"03/2011","acancelar":false},"empresa":{"cnpj":"60862208000141","razaoSocial":"FARMÁCIA E LABORATÓRIO HOMEOPÁTICO ALMEIDA PRADO LTDA","numeroAutorizacao":"1002669","cnpjFormatado":"60.862.208/0001-41"},"processo":{"numero":"2599201740370","situacao":29,"numeroProcessoFormatado":"25992.017403/70"}},{"ordem":21,"produto":{"codigo":521040,"nome":"COMPLEXO HOMEOPÁTICO ARSENICUM IODATUM ALMEIDA PRADO 34","numeroRegistro":"102660007","tipo":{"codigo":1,"descricao":null},"categoria":null,"situacaoRotulo":null,"dataVencimento":null,"mesAnoVencimento":"092027","dataVencimentoRegistro":"2027-09-01T00:00:00.000-0300","principioAtivo":null,"situacaoApresentacao":"Caduco/Cancelado","dataRegistro":"1982-09-15T00:00:00.000-0300","categoriaRegulatoria":{"codigo":2,"descricao":"Dinamizado"},"medicamentoReferencia":null,"categoriaProduto":null,"tipoAutorizacao":"REGISTRADO","numeroRegistroFormatado":"102660007","mesAnoVencimentoFormatado":"09/2027","acancelar":false},"empresa":{"cnpj":"60862208000141","razaoSocial":"FARMÁCIA E LABORATÓRIO HOMEOPÁTICO ALMEIDA PRADO LTDA","numeroAutorizacao":"1002669","cnpjFormatado":"60.862.208/0001-41"},"processo":{"numero":"2599201364372","situacao":29,"numeroProcessoFormatado":"25992.013643/72"}},{"ordem":22,"produto":{"codigo":421892,"nome":"COMPLEXO HOMEOPÁTICO BARYTA CARBONICA ALMEIDA PRADO 06","numeroRegistro":"102660032","tipo":{"codigo":1,"descricao":null},"categoria":null,"situacaoRotulo":null,"dataVencimento":null,"mesAnoVencimento":"032026","dataVencimentoRegistro":"2026-03-01T00:00:00.000-0300","principioAtivo":null,"situacaoApresentacao":"Caduco/Cancelado","dataRegistro":"1971-03-24T00:00:00.000-0300","categoriaRegulatoria":{"codigo":2,"descricao":"Dinamizado"},"medicamentoReferencia":null,"categoriaProduto":null,"tipoAutorizacao":"REGISTRADO","numeroRegistroFormatado":"102660032","mesAnoVencimentoFormatado":"03/2026","acancelar":false},"empresa":{"cnpj":"60862208000141","razaoSocial":"FARMÁCIA E LABORATÓRIO HOMEOPÁTICO ALMEIDA PRADO LTDA","numeroAutorizacao":"1002669","cnpjFormatado":"60.862.208/0001-41"},"processo":{"numero":"2599201736970","situacao":29,"numeroProcessoFormatado":"25992.017369/70"}},{"ordem":23,"produto":{"codigo":273652,"nome":"COMPLEXO HOMEOPÁTICO BELLADONNA ALMEIDA PRADO 42","numeroRegistro":"102660086","tipo":{"codigo":1,"descricao":null},"categoria":null,"situacaoRotulo":null,"dataVencimento":null,"mesAnoVencimento":"032011","dataVencimentoRegistro":"2011-03-01T00:00:00.000-0300","principioAtivo":null,"situacaoApresentacao":"Caduco/Cancelado","dataRegistro":"2003-03-28T00:00:00.000-0300","categoriaRegulatoria":{"codigo":2,"descricao":"Dinamizado"},"medicamentoReferencia":null,"categoriaProduto":null,"tipoAutorizacao":"REGISTRADO","numeroRegistroFormatado":"102660086","mesAnoVencimentoFormatado":"03/2011","acancelar":false},"empresa":{"cnpj":"60862208000141","razaoSocial":"FARMÁCIA E LABORATÓRIO HOMEOPÁTICO ALMEIDA PRADO LTDA","numeroAutorizacao":"1002669","cnpjFormatado":"60.862.208/0001-41"},"processo":{"numero":"2599201740070","situacao":29,"numeroProcessoFormatado":"25992.017400/70"}},{"ordem":24,"produto":{"codigo":421979,"nome":"COMPLEXO HOMEOPÁTICO BERBERIS VULGARIS ALMEIDA PRADO 12","numeroRegistro":"102660138","tipo":{"codigo":1,"descricao":null},"categoria":null,"situacaoRotulo":null,"dataVencimento":null,"mesAnoVencimento":"032011","dataVencimentoRegistro":"2011-03-01T00:00:00.000-0300","principioAtivo":null,"situacaoApresentacao":"Caduco/Cancelado","dataRegistro":"1971-03-08T00:00:00.000-0300","categoriaRegulatoria":{"codigo":2,"descricao":"Dinamizado"},"medicamentoReferencia":null,"categoriaProduto":null,"tipoAutorizacao":"REGISTRADO","numeroRegistroFormatado":"102660138","mesAnoVencimentoFormatado":"03/2011","acancelar":false},"empresa":{"cnpj":"60862208000141","razaoSocial":"FARMÁCIA E LABORATÓRIO HOMEOPÁTICO ALMEIDA PRADO LTDA","numeroAutorizacao":"1002669","cnpjFormatado":"60.862.208/0001-41"},"processo":{"numero":"2599201737570","situacao":29,"numeroProcessoFormatado":"25992.017375/70"}},{"ordem":25,"produto":{"codigo":174078,"nome":"COMPLEXO HOMEOPÁTICO BORAX ALMEIDA PRADO 43","numeroRegistro":"102660066","tipo":{"codigo":1,"descricao":null},"categoria":null,"situacaoRotulo":null,"dataVencimento":null,"mesAnoVencimento":"032026","dataVencimentoRegistro":"2026-03-01T00:00:00.000-0300","principioAtivo":null,"situacaoApresentacao":"Caduco/Cancelado","dataRegistro":"2003-03-10T00:00:00.000-0300","categoriaRegulatoria":{"codigo":2,"descricao":"Dinamizado"},"medicamentoReferencia":null,"categoriaProduto":null,"tipoAutorizacao":"REGISTRADO","numeroRegistroFormatado":"102660066","mesAnoVencimentoFormatado":"03/2026","acancelar":false},"empresa":{"cnpj":"60862208000141","razaoSocial":"FARMÁCIA E LABORATÓRIO HOMEOPÁTICO ALMEIDA PRADO LTDA","numeroAutorizacao":"1002669","cnpjFormatado":"60.862.208/0001-41"},"processo":{"numero":"2599201740170","situacao":29,"numeroProcessoFormatado":"25992.017401/70"}},{"ordem":26,"produto":{"codigo":174082,"nome":"COMPLEXO HOMEOPÁTICO CALCAREA PHOSPHORICA ALMEIDA PRADO 24","numeroRegistro":"102660063","tipo":{"codigo":1,"descricao":null},"categoria":null,"situacaoRotulo":null,"dataVencimento":null,"mesAnoVencimento":"022026","dataVencimentoRegistro":"2026-02-01T00:00:00.000-0300","principioAtivo":null,"situacaoApresentacao":"Caduco/Cancelado","dataRegistro":"2003-03-10T00:00:00.000-0300","categoriaRegulatoria":{"codigo":2,"descricao":"Dinamizado"},"medicamentoReferencia":null,"categoriaProduto":null,"tipoAutorizacao":"REGISTRADO","numeroRegistroFormatado":"102660063","mesAnoVencimentoFormatado":"02/2026","acancelar":false},"empresa":{"cnpj":"60862208000141","razaoSocial":"FARMÁCIA E LABORATÓRIO HOMEOPÁTICO ALMEIDA PRADO LTDA","numeroAutorizacao":"1002669","cnpjFormatado":"60.862.208/0001-41"},"processo":{"numero":"2599201738570","situacao":29,"numeroProcessoFormatado":"25992.017385/70"}},{"ordem":27,"produto":{"codigo":1035397,"nome":"COMPLEXO HOMEOPÁTICO CANTHARIS ALMEIDA PRADO 16","numeroRegistro":"102660008","tipo":{"codigo":1,"descricao":null},"categoria":null,"situacaoRotulo":null,"dataVencimento":null,"mesAnoVencimento":"092029","dataVencimentoRegistro":"2029-09-01T00:00:00.000-0300","principioAtivo":null,"situacaoApresentacao":"Caduco/Cancelado","dataRegistro":"1979-09-05T00:00:00.000-0300","categoriaRegulatoria":{"codigo":2,"descricao":"Dinamizado"},"medicamentoReferencia":null,"categoriaProduto":null,"tipoAutorizacao":"REGISTRADO","numeroRegistroFormatado":"102660008","mesAnoVencimentoFormatado":"09/2029","acancelar":false},"empresa":{"cnpj":"60862208000141","razaoSocial":"FARMÁCIA E LABORATÓRIO HOMEOPÁTICO ALMEIDA PRADO LTDA","numeroAutorizacao":"1002669","cnpjFormatado":"60.862.208/0001-41"},"processo":{"numero":"2599201656567","situacao":29,"numeroProcessoFormatado":"25992.016565/67"}},{"ordem":28,"produto":{"codigo":415045,"nome":"COMPLEXO HOMEOPÁTICO CAULOPHYLLUM ALMEIDA PRADO 26","numeroRegistro":"102660120","tipo":{"codigo":1,"descricao":null},"categoria":null,"situacaoRotulo":null,"dataVencimento":null,"mesAnoVencimento":"022011","dataVencimentoRegistro":"2011-02-01T00:00:00.000-0300","principioAtivo":null,"situacaoApresentacao":"Caduco/Cancelado","dataRegistro":"2003-03-10T00:00:00.000-0300","categoriaRegulatoria":{"codigo":2,"descricao":"Dinamizado"},"medicamentoReferencia":null,"categoriaProduto":null,"tipoAutorizacao":"REGISTRADO","numeroRegistroFormatado":"102660120","mesAnoVencimentoFormatado":"02/2011","acancelar":false},"empresa":{"cnpj":"60862208000141","razaoSocial":"FARMÁCIA E LABORATÓRIO HOMEOPÁTICO ALMEIDA PRADO LTDA","numeroAutorizacao":"1002669","cnpjFormatado":"60.862.208/0001-41"},"processo":{"numero":"2599201738770","situacao":29,"numeroProcessoFormatado":"25992.017387/70"}},{"ordem":29,"produto":{"codigo":273664,"nome":"COMPLEXO HOMEOPÁTICO CAUSTICUM ALMEIDA PRADO 09","numeroRegistro":"102660085","tipo":{"codigo":1,"descricao":null},"categoria":null,"situacaoRotulo":null,"dataVencimento":null,"mesAnoVencimento":"032026","dataVencimentoRegistro":"2026-03-01T00:00:00.000-0300","principioAtivo":null,"situacaoApresentacao":"Caduco/Cancelado","dataRegistro":"2003-03-24T00:00:00.000-0300","categoriaRegulatoria":{"codigo":2,"descricao":"Dinamizado"},"medicamentoReferencia":null,"categoriaProduto":null,"tipoAutorizacao":"REGISTRADO","numeroRegistroFormatado":"102660085","mesAnoVencimentoFormatado":"03/2026","acancelar":false},"empresa":{"cnpj":"60862208000141","razaoSocial":"FARMÁCIA E LABORATÓRIO HOMEOPÁTICO ALMEIDA PRADO LTDA","numeroAutorizacao":"1002669","cnpjFormatado":"60.862.208/0001-41"},"processo":{"numero":"2599201737270","situacao":29,"numeroProcessoFormatado":"25992.017372/70"}},{"ordem":30,"produto":{"codigo":276367,"nome":"COMPLEXO HOMEOPÁTICO CHAMOMILLA  ALMEIDA PRADO 23","numeroRegistro":"102660115","tipo":{"codigo":1,"descricao":null},"categoria":null,"situacaoRotulo":null,"dataVencimento":null,"mesAnoVencimento":"032011","dataVencimentoRegistro":"2011-03-01T00:00:00.000-0300","principioAtivo":null,"situacaoApresentacao":"Caduco/Cancelado","dataRegistro":"2003-05-20T00:00:00.000-0300","categoriaRegulatoria":{"codigo":2,"descricao":"Dinamizado"},"medicamentoReferencia":null,"categoriaProduto":null,"tipoAutorizacao":"REGISTRADO","numeroRegistroFormatado":"102660115","mesAnoVencimentoFormatado":"03/2011","acancelar":false},"empresa":{"cnpj":"60862208000141","razaoSocial":"FARMÁCIA E LABORATÓRIO HOMEOPÁTICO ALMEIDA PRADO LTDA","numeroAutorizacao":"1002669","cnpjFormatado":"60.862.208/0001-41"},"processo":{"numero":"2599201738470","situacao":29,"numeroProcessoFormatado":"25992.017384/70"}},{"ordem":31,"produto":{"codigo":459528,"nome":"COMPLEXO HOMEOPÁTICO CHELIDONIUM ALMEIDA PRADO 11","numeroRegistro":"102660135","tipo":{"codigo":1,"descricao":null},"categoria":null,"situacaoRotulo":null,"dataVencimento":null,"mesAnoVencimento":"032026","dataVencimentoRegistro":"2026-03-01T00:00:00.000-0300","principioAtivo":null,"situacaoApresentacao":"Caduco/Cancelado","dataRegistro":"1971-03-08T00:00:00.000-0300","categoriaRegulatoria":{"codigo":2,"descricao":"Dinamizado"},"medicamentoReferencia":null,"categoriaProduto":null,"tipoAutorizacao":"REGISTRADO","numeroRegistroFormatado":"102660135","mesAnoVencimentoFormatado":"03/2026","acancelar":false},"empresa":{"cnpj":"60862208000141","razaoSocial":"FARMÁCIA E LABORATÓRIO HOMEOPÁTICO ALMEIDA PRADO LTDA","numeroAutorizacao":"1002669","cnpjFormatado":"60.862.208/0001-41"},"processo":{"numero":"2599201737470","situacao":29,"numeroProcessoFormatado":"25992.017374/70"}},{"ordem":32,"produto":{"codigo":174091,"nome":"COMPLEXO HOMEOPÁTICO COCCULUS ALMEIDA PRADO 38","numeroRegistro":"102660076","tipo":{"codigo":1,"descricao":null},"categoria":null,"situacaoRotulo":null,"dataVencimento":null,"mesAnoVencimento":"022026","dataVencimentoRegistro":"2026-02-01T00:00:00.000-0300","principioAtivo":null,"situacaoApresentacao":"Caduco/Cancelado","dataRegistro":"2003-03-10T00:00:00.000-0300","categoriaRegulatoria":{"codigo":2,"descricao":"Dinamizado"},"medicamentoReferencia":null,"categoriaProduto":null,"tipoAutorizacao":"REGISTRADO","numeroRegistroFormatado":"102660076","mesAnoVencimentoFormatado":"02/2026","acancelar":false},"empresa":{"cnpj":"60862208000141","razaoSocial":"FARMÁCIA E LABORATÓRIO HOMEOPÁTICO ALMEIDA PRADO LTDA","numeroAutorizacao":"1002669","cnpjFormatado":"60.862.208/0001-41"},"processo":{"numero":"2599201739670","situacao":29,"numeroProcessoFormatado":"25992.017396/70"}},{"ordem":33,"produto":{"codigo":174093,"nome":"COMPLEXO HOMEOPÁTICO COLOCYNTHIS ALMEIDA PRADO 36","numeroRegistro":"102660070","tipo":{"codigo":1,"descricao":null},"categoria":null,"situacaoRotulo":null,"dataVencimento":null,"mesAnoVencimento":"032011","dataVencimentoRegistro":"2011-03-01T00:00:00.000-0300","principioAtivo":null,"situacaoApresentacao":"Caduco/Cancelado","dataRegistro":"2003-03-10T00:00:00.000-0300","categoriaRegulatoria":{"codigo":2,"descricao":"Dinamizado"},"medicamentoReferencia":null,"categoriaProduto":null,"tipoAutorizacao":"REGISTRADO","numeroRegistroFormatado":"102660070","mesAnoVencimentoFormatado":"03/2011","acancelar":false},"empresa":{"cnpj":"60862208000141","razaoSocial":"FARMÁCIA E LABORATÓRIO HOMEOPÁTICO ALMEIDA PRADO LTDA","numeroAutorizacao":"1002669","cnpjFormatado":"60.862.208/0001-41"},"processo":{"numero":"2599201739470","situacao":29,"numeroProcessoFormatado":"25992.017394/70"}},{"ordem":34,"produto":{"codigo":420879,"nome":"COMPLEXO HOMEOPÁTICO CYCLAMEN ALMEIDA PRADO 29","numeroRegistro":"102660143","tipo":{"codigo":1,"descricao":null},"categoria":null,"situacaoRotulo":null,"dataVencimento":null,"mesAnoVencimento":"022011","dataVencimentoRegistro":"2011-02-01T00:00:00.000-0300","principioAtivo":null,"situacaoApresentacao":"Caduco/Cancelado","dataRegistro":"1971-02-05T00:00:00.000-0300","categoriaRegulatoria":{"codigo":2,"descricao":"Dinamizado"},"medicamentoReferencia":null,"categoriaProduto":null,"tipoAutorizacao":"REGISTRADO","numeroRegistroFormatado":"102660143","mesAnoVencimentoFormatado":"02/2011","acancelar":false},"empresa":{"cnpj":"60862208000141","razaoSocial":"FARMÁCIA E LABORATÓRIO HOMEOPÁTICO ALMEIDA PRADO LTDA","numeroAutorizacao":"1002669","cnpjFormatado":"60.862.208/0001-41"},"processo":{"numero":"2599201738970","situacao":29,"numeroProcessoFormatado":"25992.017389/70"}},{"ordem":35,"produto":{"codigo":273707,"nome":"COMPLEXO HOMEOPÁTICO DROSERA ALMEIDA PRADO 39","numeroRegistro":"102660084","tipo":{"codigo":1,"descricao":null},"categoria":null,"situacaoRotulo":null,"dataVencimento":null,"mesAnoVencimento":"022011","dataVencimentoRegistro":"2011-02-01T00:00:00.000-0300","principioAtivo":null,"situacaoApresentacao":"Caduco/Cancelado","dataRegistro":"2003-03-12T00:00:00.000-0300","categoriaRegulatoria":{"codigo":2,"descricao":"Dinamizado"},"medicamentoReferencia":null,"categoriaProduto":null,"tipoAutorizacao":"REGISTRADO","numeroRegistroFormatado":"102660084","mesAnoVencimentoFormatado":"02/2011","acancelar":false},"empresa":{"cnpj":"60862208000141","razaoSocial":"FARMÁCIA E LABORATÓRIO HOMEOPÁTICO ALMEIDA PRADO LTDA","numeroAutorizacao":"1002669","cnpjFormatado":"60.862.208/0001-41"},"processo":{"numero":"2599201739770","situacao":29,"numeroProcessoFormatado":"25992.017397/70"}},{"ordem":36,"produto":{"codigo":174102,"nome":"COMPLEXO HOMEOPÁTICO GELSEMIUM ALMEIDA PRADO 5","numeroRegistro":"102660065","tipo":{"codigo":1,"descricao":null},"categoria":null,"situacaoRotulo":null,"dataVencimento":null,"mesAnoVencimento":"032026","dataVencimentoRegistro":"2026-03-01T00:00:00.000-0300","principioAtivo":null,"situacaoApresentacao":"Caduco/Cancelado","dataRegistro":"2003-03-10T00:00:00.000-0300","categoriaRegulatoria":{"codigo":2,"descricao":"Dinamizado"},"medicamentoReferencia":null,"categoriaProduto":null,"tipoAutorizacao":"REGISTRADO","numeroRegistroFormatado":"102660065","mesAnoVencimentoFormatado":"03/2026","acancelar":false},"empresa":{"cnpj":"60862208000141","razaoSocial":"FARMÁCIA E LABORATÓRIO HOMEOPÁTICO ALMEIDA PRADO LTDA","numeroAutorizacao":"1002669","cnpjFormatado":"60.862.208/0001-41"},"processo":{"numero":"2599201736870","situacao":29,"numeroProcessoFormatado":"25992.017368/70"}},{"ordem":37,"produto":{"codigo":174087,"nome":"COMPLEXO HOMEOPÁTICO GRAPHITES ALMEIDA PRADO 44","numeroRegistro":"102660073","tipo":{"codigo":1,"descricao":null},"categoria":null,"situacaoRotulo":null,"dataVencimento":null,"mesAnoVencimento":"032011","dataVencimentoRegistro":"2011-03-01T00:00:00.000-0300","principioAtivo":null,"situacaoApresentacao":"Caduco/Cancelado","dataRegistro":"2003-03-10T00:00:00.000-0300","categoriaRegulatoria":{"codigo":2,"descricao":"Dinamizado"},"medicamentoReferencia":null,"categoriaProduto":null,"tipoAutorizacao":"REGISTRADO","numeroRegistroFormatado":"102660073","mesAnoVencimentoFormatado":"03/2011","acancelar":false},"empresa":{"cnpj":"60862208000141","razaoSocial":"FARMÁCIA E LABORATÓRIO HOMEOPÁTICO ALMEIDA PRADO LTDA","numeroAutorizacao":"1002669","cnpjFormatado":"60.862.208/0001-41"},"processo":{"numero":"2599201740270","situacao":29,"numeroProcessoFormatado":"25992.017402/70"}},{"ordem":38,"produto":{"codigo":420208,"nome":"COMPLEXO HOMEOPÁTICO HAMAMELIS ALMEIDA PRADO 21","numeroRegistro":"102660038","tipo":{"codigo":1,"descricao":null},"categoria":null,"situacaoRotulo":null,"dataVencimento":null,"mesAnoVencimento":"032026","dataVencimentoRegistro":"2026-03-01T00:00:00.000-0300","principioAtivo":null,"situacaoApresentacao":"Caduco/Cancelado","dataRegistro":"1971-03-08T00:00:00.000-0300","categoriaRegulatoria":{"codigo":2,"descricao":"Dinamizado"},"medicamentoReferencia":null,"categoriaProduto":null,"tipoAutorizacao":"REGISTRADO","numeroRegistroFormatado":"102660038","mesAnoVencimentoFormatado":"03/2026","acancelar":false},"empresa":{"cnpj":"60862208000141","razaoSocial":"FARMÁCIA E LABORATÓRIO HOMEOPÁTICO ALMEIDA PRADO LTDA","numeroAutorizacao":"1002669","cnpjFormatado":"60.862.208/0001-41"},"processo":{"numero":"2599201738270","situacao":29,"numeroProcessoFormatado":"25992.017382/70"}},{"ordem":39,"produto":{"codigo":430974,"nome":"COMPLEXO HOMEOPÁTICO HEPAR SULPHURIS ALMEIDA PRADO 8","numeroRegistro":"102660034","tipo":{"codigo":1,"descricao":null},"categoria":null,"situacaoRotulo":null,"dataVencimento":null,"mesAnoVencimento":"032011","dataVencimentoRegistro":"2011-03-01T00:00:00.000-0300","principioAtivo":null,"situacaoApresentacao":"Caduco/Cancelado","dataRegistro":"1971-03-08T00:00:00.000-0300","categoriaRegulatoria":{"codigo":2,"descricao":"Dinamizado"},"medicamentoReferencia":null,"categoriaProduto":null,"tipoAutorizacao":"REGISTRADO","numeroRegistroFormatado":"102660034","mesAnoVencimentoFormatado":"03/2011","acancelar":false},"empresa":{"cnpj":"60862208000141","razaoSocial":"FARMÁCIA E LABORATÓRIO HOMEOPÁTICO ALMEIDA PRADO LTDA","numeroAutorizacao":"1002669","cnpjFormatado":"60.862.208/0001-41"},"processo":{"numero":"2599201737170","situacao":29,"numeroProcessoFormatado":"25992.017371/70"}},{"ordem":40,"produto":{"codigo":174106,"nome":"COMPLEXO HOMEOPÁTICO HYDRASTIS ALMEIDA PRADO 3","numeroRegistro":"102660079","tipo":{"codigo":1,"descricao":null},"categoria":null,"situacaoRotulo":null,"dataVencimento":null,"mesAnoVencimento":"032026","dataVencimentoRegistro":"2026-03-01T00:00:00.000-0300","principioAtivo":null,"situacaoApresentacao":"Caduco/Cancelado","dataRegistro":"2003-03-10T00:00:00.000-0300","categoriaRegulatoria":{"codigo":2,"descricao":"Dinamizado"},"medicamentoReferencia":null,"categoriaProduto":null,"tipoAutorizacao":"REGISTRADO","numeroRegistroFormatado":"102660079","mesAnoVencimentoFormatado":"03/2026","acancelar":false},"empresa":{"cnpj":"60862208000141","razaoSocial":"FARMÁCIA E LABORATÓRIO HOMEOPÁTICO ALMEIDA PRADO LTDA","numeroAutorizacao":"1002669","cnpjFormatado":"60.862.208/0001-41"},"processo":{"numero":"2599201736670","situacao":29,"numeroProcessoFormatado":"25992.017366/70"}},{"ordem":41,"produto":{"codigo":451851,"nome":"COMPLEXO HOMEOPÁTICO IGNATIA ALMEIDA PRADO 35","numeroRegistro":"102660160","tipo":{"codigo":1,"descricao":null},"categoria":null,"situacaoRotulo":null,"dataVencimento":null,"mesAnoVencimento":"072026","dataVencimentoRegistro":"2026-07-01T00:00:00.000-0300","principioAtivo":null,"situacaoApresentacao":"Caduco/Cancelado","dataRegistro":"1981-07-02T00:00:00.000-0300","categoriaRegulatoria":{"codigo":2,"descricao":"Dinamizado"},"medicamentoReferencia":null,"categoriaProduto":null,"tipoAutorizacao":"REGISTRADO","numeroRegistroFormatado":"102660160","mesAnoVencimentoFormatado":"07/2026","acancelar":false},"empresa":{"cnpj":"60862208000141","razaoSocial":"FARMÁCIA E LABORATÓRIO HOMEOPÁTICO ALMEIDA PRADO LTDA","numeroAutorizacao":"1002669","cnpjFormatado":"60.862.208/0001-41"},"processo":{"numero":"2599201739370","situacao":29,"numeroProcessoFormatado":"25992.017393/70"}},{"ordem":42,"produto":{"codigo":434026,"nome":"COMPLEXO HOMEOPÁTICO IPECA ALMEIDA PRADO 10","numeroRegistro":"102660035","tipo":{"codigo":1,"descricao":null},"categoria":null,"situacaoRotulo":null,"dataVencimento":null,"mesAnoVencimento":"032026","dataVencimentoRegistro":"2026-03-01T00:00:00.000-0300","principioAtivo":null,"situacaoApresentacao":"Caduco/Cancelado","dataRegistro":"1971-03-08T00:00:00.000-0300","categoriaRegulatoria":{"codigo":2,"descricao":"Dinamizado"},"medicamentoReferencia":null,"categoriaProduto":null,"tipoAutorizacao":"REGISTRADO","numeroRegistroFormatado":"102660035","mesAnoVencimentoFormatado":"03/2026","acancelar":false},"empresa":{"cnpj":"60862208000141","razaoSocial":"FARMÁCIA E LABORATÓRIO HOMEOPÁTICO ALMEIDA PRADO LTDA","numeroAutorizacao":"1002669","cnpjFormatado":"60.862.208/0001-41"},"processo":{"numero":"2599201737370","situacao":29,"numeroProcessoFormatado":"25992.017373/70"}},{"ordem":43,"produto":{"codigo":437730,"nome":"COMPLEXO HOMEOPÁTICO IRIS ALMEIDA PRADO 1","numeroRegistro":"102660031","tipo":{"codigo":1,"descricao":null},"categoria":null,"situacaoRotulo":null,"dataVencimento":null,"mesAnoVencimento":"022026","dataVencimentoRegistro":"2026-02-01T00:00:00.000-0300","principioAtivo":null,"situacaoApresentacao":"Caduco/Cancelado","dataRegistro":"1971-02-03T00:00:00.000-0300","categoriaRegulatoria":{"codigo":2,"descricao":"Dinamizado"},"medicamentoReferencia":null,"categoriaProduto":null,"tipoAutorizacao":"REGISTRADO","numeroRegistroFormatado":"102660031","mesAnoVencimentoFormatado":"02/2026","acancelar":false},"empresa":{"cnpj":"60862208000141","razaoSocial":"FARMÁCIA E LABORATÓRIO HOMEOPÁTICO ALMEIDA PRADO LTDA","numeroAutorizacao":"1002669","cnpjFormatado":"60.862.208/0001-41"},"processo":{"numero":"2599201736470","situacao":29,"numeroProcessoFormatado":"25992.017364/70"}},{"ordem":44,"produto":{"codigo":413518,"nome":"COMPLEXO HOMEOPÁTICO LACHESIS ALMEIDA PRADO 28","numeroRegistro":"102660153","tipo":{"codigo":1,"descricao":null},"categoria":null,"situacaoRotulo":null,"dataVencimento":null,"mesAnoVencimento":"022026","dataVencimentoRegistro":"2026-02-01T00:00:00.000-0300","principioAtivo":null,"situacaoApresentacao":"Caduco/Cancelado","dataRegistro":"1971-02-05T00:00:00.000-0300","categoriaRegulatoria":{"codigo":2,"descricao":"Dinamizado"},"medicamentoReferencia":null,"categoriaProduto":null,"tipoAutorizacao":"REGISTRADO","numeroRegistroFormatado":"102660153","mesAnoVencimentoFormatado":"02/2026","acancelar":false},"empresa":{"cnpj":"60862208000141","razaoSocial":"FARMÁCIA E LABORATÓRIO HOMEOPÁTICO ALMEIDA PRADO LTDA","numeroAutorizacao":"1002669","cnpjFormatado":"60.862.208/0001-41"},"processo":{"numero":"2599201738870","situacao":29,"numeroProcessoFormatado":"25992.017388/70"}},{"ordem":45,"produto":{"codigo":174110,"nome":"COMPLEXO HOMEOPÁTICO LOBELIA ALMEIDA PRADO 49","numeroRegistro":"102660069","tipo":{"codigo":1,"descricao":null},"categoria":null,"situacaoRotulo":null,"dataVencimento":null,"mesAnoVencimento":"032026","dataVencimentoRegistro":"2026-03-01T00:00:00.000-0300","principioAtivo":null,"situacaoApresentacao":"Caduco/Cancelado","dataRegistro":"2003-03-10T00:00:00.000-0300","categoriaRegulatoria":{"codigo":2,"descricao":"Dinamizado"},"medicamentoReferencia":null,"categoriaProduto":null,"tipoAutorizacao":"REGISTRADO","numeroRegistroFormatado":"102660069","mesAnoVencimentoFormatado":"03/2026","acancelar":false},"empresa":{"cnpj":"60862208000141","razaoSocial":"FARMÁCIA E LABORATÓRIO HOMEOPÁTICO ALMEIDA PRADO LTDA","numeroAutorizacao":"1002669","cnpjFormatado":"60.862.208/0001-41"},"processo":{"numero":"2599201740670","situacao":29,"numeroProcessoFormatado":"25992.017406/70"}},{"ordem":46,"produto":{"codigo":174112,"nome":"COMPLEXO HOMEOPÁTICO LYCOPODIUM ALMEIDA PRADO 13","numeroRegistro":"102660036","tipo":{"codigo":1,"descricao":null},"categoria":null,"situacaoRotulo":null,"dataVencimento":null,"mesAnoVencimento":"032011","dataVencimentoRegistro":"2011-03-01T00:00:00.000-0300","principioAtivo":null,"situacaoApresentacao":"Caduco/Cancelado","dataRegistro":"1971-03-08T00:00:00.000-0300","categoriaRegulatoria":{"codigo":2,"descricao":"Dinamizado"},"medicamentoReferencia":null,"categoriaProduto":null,"tipoAutorizacao":"REGISTRADO","numeroRegistroFormatado":"102660036","mesAnoVencimentoFormatado":"03/2011","acancelar":false},"empresa":{"cnpj":"60862208000141","razaoSocial":"FARMÁCIA E LABORATÓRIO HOMEOPÁTICO ALMEIDA PRADO LTDA","numeroAutorizacao":"1002669","cnpjFormatado":"60.862.208/0001-41"},"processo":{"numero":"2599201737670","situacao":29,"numeroProcessoFormatado":"25992.017376/70"}},{"ordem":47,"produto":{"codigo":431076,"nome":"COMPLEXO HOMEOPÁTICO NUX VOMICA ALMEIDA PRADO 14","numeroRegistro":"102660148","tipo":{"codigo":1,"descricao":null},"categoria":null,"situacaoRotulo":null,"dataVencimento":null,"mesAnoVencimento":"032026","dataVencimentoRegistro":"2026-03-01T00:00:00.000-0300","principioAtivo":null,"situacaoApresentacao":"Caduco/Cancelado","dataRegistro":"1971-03-08T00:00:00.000-0300","categoriaRegulatoria":{"codigo":2,"descricao":"Dinamizado"},"medicamentoReferencia":null,"categoriaProduto":null,"tipoAutorizacao":"REGISTRADO","numeroRegistroFormatado":"102660148","mesAnoVencimentoFormatado":"03/2026","acancelar":false},"empresa":{"cnpj":"60862208000141","razaoSocial":"FARMÁCIA E LABORATÓRIO HOMEOPÁTICO ALMEIDA PRADO LTDA","numeroAutorizacao":"1002669","cnpjFormatado":"60.862.208/0001-41"},"processo":{"numero":"2599201737770","situacao":29,"numeroProcessoFormatado":"25992.017377/70"}},{"ordem":48,"produto":{"codigo":174132,"nome":"COMPLEXO HOMEOPÁTICO PHYTOLACCA ALMEIDA PRADO 48","numeroRegistro":"102660064","tipo":{"codigo":1,"descricao":null},"categoria":null,"situacaoRotulo":null,"dataVencimento":null,"mesAnoVencimento":"032026","dataVencimentoRegistro":"2026-03-01T00:00:00.000-0300","principioAtivo":null,"situacaoApresentacao":"Caduco/Cancelado","dataRegistro":"2003-03-10T00:00:00.000-0300","categoriaRegulatoria":{"codigo":2,"descricao":"Dinamizado"},"medicamentoReferencia":null,"categoriaProduto":null,"tipoAutorizacao":"REGISTRADO","numeroRegistroFormatado":"102660064","mesAnoVencimentoFormatado":"03/2026","acancelar":false},"empresa":{"cnpj":"60862208000141","razaoSocial":"FARMÁCIA E LABORATÓRIO HOMEOPÁTICO ALMEIDA PRADO LTDA","numeroAutorizacao":"1002669","cnpjFormatado":"60.862.208/0001-41"},"processo":{"numero":"2599201740570","situacao":29,"numeroProcessoFormatado":"25992.017405/70"}},{"ordem":49,"produto":{"codigo":431039,"nome":"COMPLEXO HOMEOPÁTICO PLANTAGO MAJOR ALMEIDA PRADO 7","numeroRegistro":"102660147","tipo":{"codigo":1,"descricao":null},"categoria":null,"situacaoRotulo":null,"dataVencimento":null,"mesAnoVencimento":"032011","dataVencimentoRegistro":"2011-03-01T00:00:00.000-0300","principioAtivo":null,"situacaoApresentacao":"Caduco/Cancelado","dataRegistro":"1971-03-24T00:00:00.000-0300","categoriaRegulatoria":{"codigo":2,"descricao":"Dinamizado"},"medicamentoReferencia":null,"categoriaProduto":null,"tipoAutorizacao":"REGISTRADO","numeroRegistroFormatado":"102660147","mesAnoVencimentoFormatado":"03/2011","acancelar":false},"empresa":{"cnpj":"60862208000141","razaoSocial":"FARMÁCIA E LABORATÓRIO HOMEOPÁTICO ALMEIDA PRADO LTDA","numeroAutorizacao":"1002669","cnpjFormatado":"60.862.208/0001-41"},"processo":{"numero":"2599201737070","situacao":29,"numeroProcessoFormatado":"25992.017370/70"}},{"ordem":50,"produto":{"codigo":174138,"nome":"COMPLEXO HOMEOPÁTICO PULSATILLA ALMEIDA PRADO 41","numeroRegistro":"102660071","tipo":{"codigo":1,"descricao":null},"categoria":null,"situacaoRotulo":null,"dataVencimento":null,"mesAnoVencimento":"032011","dataVencimentoRegistro":"2011-03-01T00:00:00.000-0300","principioAtivo":null,"situacaoApresentacao":"Caduco/Cancelado","dataRegistro":"2003-03-10T00:00:00.000-0300","categoriaRegulatoria":{"codigo":2,"descricao":"Dinamizado"},"medicamentoReferencia":null,"categoriaProduto":null,"tipoAutorizacao":"REGISTRADO","numeroRegistroFormatado":"102660071","mesAnoVencimentoFormatado":"03/2011","acancelar":false},"empresa":{"cnpj":"60862208000141","razaoSocial":"FARMÁCIA E LABORATÓRIO HOMEOPÁTICO ALMEIDA PRADO LTDA","numeroAutorizacao":"1002669","cnpjFormatado":"60.862.208/0001-41"},"processo":{"numero":"2599201739970","situacao":29,"numeroProcessoFormatado":"25992.017399/70"}},{"ordem":51,"produto":{"codigo":174139,"nome":"COMPLEXO HOMEOPÁTICO SABADILLA ALMEIDA PRADO 4","numeroRegistro":"102660081","tipo":{"codigo":1,"descricao":null},"categoria":null,"situacaoRotulo":null,"dataVencimento":null,"mesAnoVencimento":"022026","dataVencimentoRegistro":"2026-02-01T00:00:00.000-0300","principioAtivo":null,"situacaoApresentacao":"Caduco/Cancelado","dataRegistro":"2003-03-10T00:00:00.000-0300","categoriaRegulatoria":{"codigo":2,"descricao":"Dinamizado"},"medicamentoReferencia":null,"categoriaProduto":null,"tipoAutorizacao":"REGISTRADO","numeroRegistroFormatado":"102660081","mesAnoVencimentoFormatado":"02/2026","acancelar":false},"empresa":{"cnpj":"60862208000141","razaoSocial":"FARMÁCIA E LABORATÓRIO HOMEOPÁTICO ALMEIDA PRADO LTDA","numeroAutorizacao":"1002669","cnpjFormatado":"60.862.208/0001-41"},"processo":{"numero":"2599201736770","situacao":29,"numeroProcessoFormatado":"25992.017367/70"}},{"ordem":52,"produto":{"codigo":174141,"nome":"COMPLEXO HOMEOPÁTICO SAMBUCUS ALMEIDA PRADO 47","numeroRegistro":"102660074","tipo":{"codigo":1,"descricao":null},"categoria":null,"situacaoRotulo":null,"dataVencimento":null,"mesAnoVencimento":"032011","dataVencimentoRegistro":"2011-03-01T00:00:00.000-0300","principioAtivo":null,"situacaoApresentacao":"Caduco/Cancelado","dataRegistro":"2003-03-10T00:00:00.000-0300","categoriaRegulatoria":{"codigo":2,"descricao":"Dinamizado"},"medicamentoReferencia":null,"categoriaProduto":null,"tipoAutorizacao":"REGISTRADO","numeroRegistroFormatado":"102660074","mesAnoVencimentoFormatado":"03/2011","acancelar":false},"empresa":{"cnpj":"60862208000141","razaoSocial":"FARMÁCIA E LABORATÓRIO HOMEOPÁTICO ALMEIDA PRADO LTDA","numeroAutorizacao":"1002669","cnpjFormatado":"60.862.208/0001-41"},"processo":{"numero":"2599201740470","situacao":29,"numeroProcessoFormatado":"25992.017404/70"}},{"ordem":53,"produto":{"codigo":273768,"nome":"COMPLEXO HOMEOPÁTICO SILICEA ALMEIDA PRADO 40","numeroRegistro":"102660082","tipo":{"codigo":1,"descricao":null},"categoria":null,"situacaoRotulo":null,"dataVencimento":null,"mesAnoVencimento":"022011","dataVencimentoRegistro":"2011-02-01T00:00:00.000-0300","principioAtivo":null,"situacaoApresentacao":"Caduco/Cancelado","dataRegistro":"1971-02-05T00:00:00.000-0300","categoriaRegulatoria":{"codigo":2,"descricao":"Dinamizado"},"medicamentoReferencia":null,"categoriaProduto":null,"tipoAutorizacao":"REGISTRADO","numeroRegistroFormatado":"102660082","mesAnoVencimentoFormatado":"02/2011","acancelar":false},"empresa":{"cnpj":"60862208000141","razaoSocial":"FARMÁCIA E LABORATÓRIO HOMEOPÁTICO ALMEIDA PRADO LTDA","numeroAutorizacao":"1002669","cnpjFormatado":"60.862.208/0001-41"},"processo":{"numero":"2599201739870","situacao":29,"numeroProcessoFormatado":"25992.017398/70"}},{"ordem":54,"produto":{"codigo":174151,"nome":"COMPLEXO HOMEOPÁTICO THUYA ALMEIDA PRADO 18","numeroRegistro":"102660080","tipo":{"codigo":1,"descricao":null},"categoria":null,"situacaoRotulo":null,"dataVencimento":null,"mesAnoVencimento":"032026","dataVencimentoRegistro":"2026-03-01T00:00:00.000-0300","principioAtivo":null,"situacaoApresentacao":"Caduco/Cancelado","dataRegistro":"2003-03-10T00:00:00.000-0300","categoriaRegulatoria":{"codigo":2,"descricao":"Dinamizado"},"medicamentoReferencia":null,"categoriaProduto":null,"tipoAutorizacao":"REGISTRADO","numeroRegistroFormatado":"102660080","mesAnoVencimentoFormatado":"03/2026","acancelar":false},"empresa":{"cnpj":"60862208000141","razaoSocial":"FARMÁCIA E LABORATÓRIO HOMEOPÁTICO ALMEIDA PRADO LTDA","numeroAutorizacao":"1002669","cnpjFormatado":"60.862.208/0001-41"},"processo":{"numero":"2599201738070","situacao":29,"numeroProcessoFormatado":"25992.017380/70"}},{"ordem":55,"produto":{"codigo":174153,"nome":"COMPLEXO HOMEOPÁTICO URTICA ALMEIDA PRADO 37","numeroRegistro":"102660072","tipo":{"codigo":1,"descricao":null},"categoria":null,"situacaoRotulo":null,"dataVencimento":null,"mesAnoVencimento":"022011","dataVencimentoRegistro":"2011-02-01T00:00:00.000-0300","principioAtivo":null,"situacaoApresentacao":"Caduco/Cancelado","dataRegistro":"2003-03-10T00:00:00.000-0300","categoriaRegulatoria":{"codigo":2,"descricao":"Dinamizado"},"medicamentoReferencia":null,"categoriaProduto":null,"tipoAutorizacao":"REGISTRADO","numeroRegistroFormatado":"102660072","mesAnoVencimentoFormatado":"02/2011","acancelar":false},"empresa":{"cnpj":"60862208000141","razaoSocial":"FARMÁCIA E LABORATÓRIO HOMEOPÁTICO ALMEIDA PRADO LTDA","numeroAutorizacao":"1002669","cnpjFormatado":"60.862.208/0001-41"},"processo":{"numero":"2599201739570","situacao":29,"numeroProcessoFormatado":"25992.017395/70"}},{"ordem":56,"produto":{"codigo":273787,"nome":"COMPLEXO HOMEOPÁTICO UVA URSI ALMEIDA PRADO 17","numeroRegistro":"102660083","tipo":{"codigo":1,"descricao":null},"categoria":null,"situacaoRotulo":null,"dataVencimento":null,"mesAnoVencimento":"032011","dataVencimentoRegistro":"2011-03-01T00:00:00.000-0300","principioAtivo":null,"situacaoApresentacao":"Caduco/Cancelado","dataRegistro":"2003-03-12T00:00:00.000-0300","categoriaRegulatoria":{"codigo":2,"descricao":"Dinamizado"},"medicamentoReferencia":null,"categoriaProduto":null,"tipoAutorizacao":"REGISTRADO","numeroRegistroFormatado":"102660083","mesAnoVencimentoFormatado":"03/2011","acancelar":false},"empresa":{"cnpj":"60862208000141","razaoSocial":"FARMÁCIA E LABORATÓRIO HOMEOPÁTICO ALMEIDA PRADO LTDA","numeroAutorizacao":"1002669","cnpjFormatado":"60.862.208/0001-41"},"processo":{"numero":"2599201737970","situacao":29,"numeroProcessoFormatado":"25992.017379/70"}},{"ordem":57,"produto":{"codigo":174155,"nome":"COMPLEXO HOMEOPÁTICO VERATRUM ALBUM ALMEIDA PRADO 22","numeroRegistro":"102660062","tipo":{"codigo":1,"descricao":null},"categoria":null,"situacaoRotulo":null,"dataVencimento":null,"mesAnoVencimento":"032011","dataVencimentoRegistro":"2011-03-01T00:00:00.000-0300","principioAtivo":null,"situacaoApresentacao":"Caduco/Cancelado","dataRegistro":"2003-03-10T00:00:00.000-0300","categoriaRegulatoria":{"codigo":2,"descricao":"Dinamizado"},"medicamentoReferencia":null,"categoriaProduto":null,"tipoAutorizacao":"REGISTRADO","numeroRegistroFormatado":"102660062","mesAnoVencimentoFormatado":"03/2011","acancelar":false},"empresa":{"cnpj":"60862208000141","razaoSocial":"FARMÁCIA E LABORATÓRIO HOMEOPÁTICO ALMEIDA PRADO LTDA","numeroAutorizacao":"1002669","cnpjFormatado":"60.862.208/0001-41"},"processo":{"numero":"2599201738370","situacao":29,"numeroProcessoFormatado":"25992.017383/70"}},{"ordem":58,"produto":{"codigo":399927,"nome":"COMPLEXO HOMEPÁTICO AESCULUS ALMEIDA PRADO 20","numeroRegistro":"102660006","tipo":{"codigo":1,"descricao":null},"categoria":null,"situacaoRotulo":null,"dataVencimento":null,"mesAnoVencimento":"092009","dataVencimentoRegistro":"2009-09-01T00:00:00.000-0300","principioAtivo":null,"situacaoApresentacao":"Caduco/Cancelado","dataRegistro":"1968-08-30T00:00:00.000-0300","categoriaRegulatoria":{"codigo":2,"descricao":"Dinamizado"},"medicamentoReferencia":null,"categoriaProduto":null,"tipoAutorizacao":"REGISTRADO","numeroRegistroFormatado":"102660006","mesAnoVencimentoFormatado":"09/2009","acancelar":false},"empresa":{"cnpj":"60862208000141","razaoSocial":"FARMÁCIA E LABORATÓRIO HOMEOPÁTICO ALMEIDA PRADO LTDA","numeroAutorizacao":"1002669","cnpjFormatado":"60.862.208/0001-41"},"processo":{"numero":"2599201656967","situacao":29,"numeroProcessoFormatado":"25992.016569/67"}},{"ordem":59,"produto":{"codigo":456202,"nome":"COMPLEXO RHUS TOXICODENDRON ALMEIDA PRADO 32","numeroRegistro":"102660128","tipo":{"codigo":1,"descricao":null},"categoria":null,"situacaoRotulo":null,"dataVencimento":null,"mesAnoVencimento":"022026","dataVencimentoRegistro":"2026-02-01T00:00:00.000-0300","principioAtivo":null,"situacaoApresentacao":"Caduco/Cancelado","dataRegistro":"1971-02-03T00:00:00.000-0300","categoriaRegulatoria":{"codigo":2,"descricao":"Dinamizado"},"medicamentoReferencia":null,"categoriaProduto":null,"tipoAutorizacao":"REGISTRADO","numeroRegistroFormatado":"102660128","mesAnoVencimentoFormatado":"02/2026","acancelar":false},"empresa":{"cnpj":"60862208000141","razaoSocial":"FARMÁCIA E LABORATÓRIO HOMEOPÁTICO ALMEIDA PRADO LTDA","numeroAutorizacao":"1002669","cnpjFormatado":"60.862.208/0001-41"},"processo":{"numero":"2599201739270","situacao":29,"numeroProcessoFormatado":"25992.017392/70"}},{"ordem":60,"produto":{"codigo":1526,"nome":"COMPLEXO SENNA ALMEIDA PRADO Nº 46","numeroRegistro":"102660051","tipo":{"codigo":1,"descricao":null},"categoria":null,"situacaoRotulo":null,"dataVencimento":"2026-06-10T00:00:00.000-0300","mesAnoVencimento":"062026","dataVencimentoRegistro":"2026-06-01T00:00:00.000-0300","principioAtivo":null,"situacaoApresentacao":"Caduco/Cancelado","dataRegistro":"2002-04-24T00:00:00.000-0300","categoriaRegulatoria":{"codigo":6,"descricao":"Novo"},"medicamentoReferencia":null,"categoriaProduto":null,"tipoAutorizacao":"REGISTRADO","numeroRegistroFormatado":"102660051","mesAnoVencimentoFormatado":"06/2026","acancelar":false},"empresa":{"cnpj":"60862208000141","razaoSocial":"FARMÁCIA E LABORATÓRIO HOMEOPÁTICO ALMEIDA PRADO LTDA","numeroAutorizacao":"1002669","cnpjFormatado":"60.862.208/0001-41"},"processo":{"numero":"2599201889870","situacao":29,"numeroProcessoFormatado":"25992.018898/70"}},{"ordem":61,"produto":{"codigo":760887,"nome":"DEFLUXOMED","numeroRegistro":"102660170","tipo":{"codigo":1,"descricao":null},"categoria":null,"situacaoRotulo":null,"dataVencimento":null,"mesAnoVencimento":"102026","dataVencimentoRegistro":"2026-10-01T00:00:00.000-0300","principioAtivo":null,"situacaoApresentacao":"Caduco/Cancelado","dataRegistro":"2011-10-31T00:00:00.000-0300","categoriaRegulatoria":{"codigo":2,"descricao":"Dinamizado"},"medicamentoReferencia":null,"categoriaProduto":null,"tipoAutorizacao":"REGISTRADO","numeroRegistroFormatado":"102660170","mesAnoVencimentoFormatado":"10/2026","acancelar":false},"empresa":{"cnpj":"60862208000141","razaoSocial":"FARMÁCIA E LABORATÓRIO HOMEOPÁTICO ALMEIDA PRADO LTDA","numeroAutorizacao":"1002669","cnpjFormatado":"60.862.208/0001-41"},"processo":{"numero":"25351513813201082","situacao":29,"numeroProcessoFormatado":"25351.513813/2010-82"}},{"ordem":62,"produto":{"codigo":413517,"nome":"DEFLUXOMED","numeroRegistro":"102660126","tipo":{"codigo":1,"descricao":null},"categoria":null,"situacaoRotulo":null,"dataVencimento":null,"mesAnoVencimento":"092009","dataVencimentoRegistro":"2009-09-01T00:00:00.000-0300","principioAtivo":null,"situacaoApresentacao":"Caduco/Cancelado","dataRegistro":"1975-02-28T00:00:00.000-0300","categoriaRegulatoria":{"codigo":2,"descricao":"Dinamizado"},"medicamentoReferencia":null,"categoriaProduto":null,"tipoAutorizacao":"REGISTRADO","numeroRegistroFormatado":"102660126","mesAnoVencimentoFormatado":"09/2009","acancelar":false},"empresa":{"cnpj":"60862208000141","razaoSocial":"FARMÁCIA E LABORATÓRIO HOMEOPÁTICO ALMEIDA PRADO LTDA","numeroAutorizacao":"1002669","cnpjFormatado":"60.862.208/0001-41"},"processo":{"numero":"2599201806174","situacao":29,"numeroProcessoFormatado":"25992.018061/74"}},{"ordem":63,"produto":{"codigo":412992,"nome":"DISPEPMED","numeroRegistro":"102660011","tipo":{"codigo":1,"descricao":null},"categoria":null,"situacaoRotulo":null,"dataVencimento":null,"mesAnoVencimento":"012025","dataVencimentoRegistro":"2025-01-01T00:00:00.000-0300","principioAtivo":"CHINA OFFICINALIS, Nux vômica, GRAPHITES, SULPHUR","situacaoApresentacao":"Válido","dataRegistro":"1975-01-22T00:00:00.000-0300","categoriaRegulatoria":{"codigo":2,"descricao":"Dinamizado"},"medicamentoReferencia":null,"categoriaProduto":null,"tipoAutorizacao":"REGISTRADO","numeroRegistroFormatado":"102660011","mesAnoVencimentoFormatado":"01/2025","acancelar":false},"empresa":{"cnpj":"60862208000141","razaoSocial":"FARMÁCIA E LABORATÓRIO HOMEOPÁTICO ALMEIDA PRADO LTDA","numeroAutorizacao":"1002669","cnpjFormatado":"60.862.208/0001-41"},"processo":{"numero":"2599201591674","situacao":29,"numeroProcessoFormatado":"25992.015916/74"}},{"ordem":64,"produto":{"codigo":414065,"nome":"GASTROMED","numeroRegistro":"102660127","tipo":{"codigo":1,"descricao":null},"categoria":null,"situacaoRotulo":null,"dataVencimento":null,"mesAnoVencimento":"022010","dataVencimentoRegistro":"2010-02-01T00:00:00.000-0300","principioAtivo":null,"situacaoApresentacao":"Caduco/Cancelado","dataRegistro":"1975-02-28T00:00:00.000-0300","categoriaRegulatoria":{"codigo":2,"descricao":"Dinamizado"},"medicamentoReferencia":null,"categoriaProduto":null,"tipoAutorizacao":"REGISTRADO","numeroRegistroFormatado":"102660127","mesAnoVencimentoFormatado":"02/2010","acancelar":false},"empresa":{"cnpj":"60862208000141","razaoSocial":"FARMÁCIA E LABORATÓRIO HOMEOPÁTICO ALMEIDA PRADO LTDA","numeroAutorizacao":"1002669","cnpjFormatado":"60.862.208/0001-41"},"processo":{"numero":"2599201806274","situacao":29,"numeroProcessoFormatado":"25992.018062/74"}},{"ordem":65,"produto":{"codigo":422009,"nome":"GERIMED","numeroRegistro":"102660133","tipo":{"codigo":1,"descricao":null},"categoria":null,"situacaoRotulo":null,"dataVencimento":null,"mesAnoVencimento":"042026","dataVencimentoRegistro":"2026-04-01T00:00:00.000-0300","principioAtivo":null,"situacaoApresentacao":"Caduco/Cancelado","dataRegistro":"1986-04-09T00:00:00.000-0300","categoriaRegulatoria":{"codigo":2,"descricao":"Dinamizado"},"medicamentoReferencia":null,"categoriaProduto":null,"tipoAutorizacao":"REGISTRADO","numeroRegistroFormatado":"102660133","mesAnoVencimentoFormatado":"04/2026","acancelar":false},"empresa":{"cnpj":"60862208000141","razaoSocial":"FARMÁCIA E LABORATÓRIO HOMEOPÁTICO ALMEIDA PRADO LTDA","numeroAutorizacao":"1002669","cnpjFormatado":"60.862.208/0001-41"},"processo":{"numero":"2599201119875","situacao":29,"numeroProcessoFormatado":"25992.011198/75"}},{"ordem":66,"produto":{"codigo":273721,"nome":"GLICEROL","numeroRegistro":"102660089","tipo":{"codigo":1,"descricao":null},"categoria":null,"situacaoRotulo":null,"dataVencimento":null,"mesAnoVencimento":"032008","dataVencimentoRegistro":"2008-03-01T00:00:00.000-0300","principioAtivo":null,"situacaoApresentacao":"Caduco/Cancelado","dataRegistro":"2003-03-28T00:00:00.000-0300","categoriaRegulatoria":{"codigo":8,"descricao":"Similar"},"medicamentoReferencia":null,"categoriaProduto":null,"tipoAutorizacao":"REGISTRADO","numeroRegistroFormatado":"102660089","mesAnoVencimentoFormatado":"03/2008","acancelar":false},"empresa":{"cnpj":"60862208000141","razaoSocial":"FARMÁCIA E LABORATÓRIO HOMEOPÁTICO ALMEIDA PRADO LTDA","numeroAutorizacao":"1002669","cnpjFormatado":"60.862.208/0001-41"},"processo":{"numero":"253510262430109","situacao":29,"numeroProcessoFormatado":"25351.026243/01-09"}},{"ordem":67,"produto":{"codigo":521059,"nome":"GRIPEMED","numeroRegistro":"102660159","tipo":{"codigo":1,"descricao":null},"categoria":null,"situacaoRotulo":null,"dataVencimento":null,"mesAnoVencimento":"082027","dataVencimentoRegistro":"2027-08-01T00:00:00.000-0300","principioAtivo":"ALLIUM SATIVUM L., GELSEMIUM SEMPERVIRENS, EUPATORIUM PERFOLIATUM L., Nux vômica","situacaoApresentacao":"Válido","dataRegistro":"2007-08-27T00:00:00.000-0300","categoriaRegulatoria":{"codigo":2,"descricao":"Dinamizado"},"medicamentoReferencia":null,"categoriaProduto":null,"tipoAutorizacao":"REGISTRADO","numeroRegistroFormatado":"102660159","mesAnoVencimentoFormatado":"08/2027","acancelar":false},"empresa":{"cnpj":"60862208000141","razaoSocial":"FARMÁCIA E LABORATÓRIO HOMEOPÁTICO ALMEIDA PRADO LTDA","numeroAutorizacao":"1002669","cnpjFormatado":"60.862.208/0001-41"},"processo":{"numero":"25351326784200648","situacao":29,"numeroProcessoFormatado":"25351.326784/2006-48"}},{"ordem":68,"produto":{"codigo":409498,"nome":"GRIPEMED","numeroRegistro":"102660117","tipo":{"codigo":1,"descricao":null},"categoria":null,"situacaoRotulo":null,"dataVencimento":null,"mesAnoVencimento":"012005","dataVencimentoRegistro":"2005-01-01T00:00:00.000-0300","principioAtivo":null,"situacaoApresentacao":"Caduco/Cancelado","dataRegistro":"1975-01-02T00:00:00.000-0300","categoriaRegulatoria":{"codigo":2,"descricao":"Dinamizado"},"medicamentoReferencia":null,"categoriaProduto":null,"tipoAutorizacao":"REGISTRADO","numeroRegistroFormatado":"102660117","mesAnoVencimentoFormatado":"01/2005","acancelar":false},"empresa":{"cnpj":"60862208000141","razaoSocial":"FARMÁCIA E LABORATÓRIO HOMEOPÁTICO ALMEIDA PRADO LTDA","numeroAutorizacao":"1002669","cnpjFormatado":"60.862.208/0001-41"},"processo":{"numero":"2599201512374","situacao":29,"numeroProcessoFormatado":"25992.015123/74"}},{"ordem":69,"produto":{"codigo":522566,"nome":"HEMORROIMED","numeroRegistro":"102660156","tipo":{"codigo":1,"descricao":null},"categoria":null,"situacaoRotulo":null,"dataVencimento":null,"mesAnoVencimento":"082027","dataVencimentoRegistro":"2027-08-01T00:00:00.000-0300","principioAtivo":null,"situacaoApresentacao":"Caduco/Cancelado","dataRegistro":"2007-08-13T00:00:00.000-0300","categoriaRegulatoria":{"codigo":2,"descricao":"Dinamizado"},"medicamentoReferencia":null,"categoriaProduto":null,"tipoAutorizacao":"REGISTRADO","numeroRegistroFormatado":"102660156","mesAnoVencimentoFormatado":"08/2027","acancelar":false},"empresa":{"cnpj":"60862208000141","razaoSocial":"FARMÁCIA E LABORATÓRIO HOMEOPÁTICO ALMEIDA PRADO LTDA","numeroAutorizacao":"1002669","cnpjFormatado":"60.862.208/0001-41"},"processo":{"numero":"25351356734200695","situacao":29,"numeroProcessoFormatado":"25351.356734/2006-95"}},{"ordem":70,"produto":{"codigo":455066,"nome":"HEMORROIMED","numeroRegistro":"102660015","tipo":{"codigo":1,"descricao":null},"categoria":null,"situacaoRotulo":null,"dataVencimento":null,"mesAnoVencimento":"062000","dataVencimentoRegistro":"2000-06-01T00:00:00.000-0300","principioAtivo":null,"situacaoApresentacao":"Caduco/Cancelado","dataRegistro":"1975-06-10T00:00:00.000-0300","categoriaRegulatoria":{"codigo":2,"descricao":"Dinamizado"},"medicamentoReferencia":null,"categoriaProduto":null,"tipoAutorizacao":"REGISTRADO","numeroRegistroFormatado":"102660015","mesAnoVencimentoFormatado":"06/2000","acancelar":false},"empresa":{"cnpj":"60862208000141","razaoSocial":"FARMÁCIA E LABORATÓRIO HOMEOPÁTICO ALMEIDA PRADO LTDA","numeroAutorizacao":"1002669","cnpjFormatado":"60.862.208/0001-41"},"processo":{"numero":"2599200536075","situacao":29,"numeroProcessoFormatado":"25992.005360/75"}},{"ordem":71,"produto":{"codigo":455071,"nome":"HEPATOMED","numeroRegistro":"102660016","tipo":{"codigo":1,"descricao":null},"categoria":null,"situacaoRotulo":null,"dataVencimento":null,"mesAnoVencimento":"012025","dataVencimentoRegistro":"2025-01-01T00:00:00.000-0300","principioAtivo":null,"situacaoApresentacao":"Caduco/Cancelado","dataRegistro":"1975-01-22T00:00:00.000-0300","categoriaRegulatoria":{"codigo":2,"descricao":"Dinamizado"},"medicamentoReferencia":null,"categoriaProduto":null,"tipoAutorizacao":"REGISTRADO","numeroRegistroFormatado":"102660016","mesAnoVencimentoFormatado":"01/2025","acancelar":false},"empresa":{"cnpj":"60862208000141","razaoSocial":"FARMÁCIA E LABORATÓRIO HOMEOPÁTICO ALMEIDA PRADO LTDA","numeroAutorizacao":"1002669","cnpjFormatado":"60.862.208/0001-41"},"processo":{"numero":"2599201512474","situacao":29,"numeroProcessoFormatado":"25992.015124/74"}},{"ordem":72,"produto":{"codigo":592723,"nome":"HOMEOFLAN","numeroRegistro":"102660167","tipo":{"codigo":1,"descricao":null},"categoria":null,"situacaoRotulo":null,"dataVencimento":null,"mesAnoVencimento":"122028","dataVencimentoRegistro":"2028-12-01T00:00:00.000-0300","principioAtivo":null,"situacaoApresentacao":"Caduco/Cancelado","dataRegistro":"2008-12-01T00:00:00.000-0300","categoriaRegulatoria":{"codigo":2,"descricao":"Dinamizado"},"medicamentoReferencia":null,"categoriaProduto":null,"tipoAutorizacao":"REGISTRADO","numeroRegistroFormatado":"102660167","mesAnoVencimentoFormatado":"12/2028","acancelar":false},"empresa":{"cnpj":"60862208000141","razaoSocial":"FARMÁCIA E LABORATÓRIO HOMEOPÁTICO ALMEIDA PRADO LTDA","numeroAutorizacao":"1002669","cnpjFormatado":"60.862.208/0001-41"},"processo":{"numero":"25351540873200867","situacao":29,"numeroProcessoFormatado":"25351.540873/2008-67"}},{"ordem":73,"produto":{"codigo":583278,"nome":"HOMEOPAX","numeroRegistro":"102660164","tipo":{"codigo":1,"descricao":null},"categoria":null,"situacaoRotulo":null,"dataVencimento":null,"mesAnoVencimento":"112028","dataVencimentoRegistro":"2028-11-01T00:00:00.000-0300","principioAtivo":null,"situacaoApresentacao":"Caduco/Cancelado","dataRegistro":"2008-11-03T00:00:00.000-0300","categoriaRegulatoria":{"codigo":2,"descricao":"Dinamizado"},"medicamentoReferencia":null,"categoriaProduto":null,"tipoAutorizacao":"REGISTRADO","numeroRegistroFormatado":"102660164","mesAnoVencimentoFormatado":"11/2028","acancelar":false},"empresa":{"cnpj":"60862208000141","razaoSocial":"FARMÁCIA E LABORATÓRIO HOMEOPÁTICO ALMEIDA PRADO LTDA","numeroAutorizacao":"1002669","cnpjFormatado":"60.862.208/0001-41"},"processo":{"numero":"25351525072200871","situacao":29,"numeroProcessoFormatado":"25351.525072/2008-71"}},{"ordem":74,"produto":{"codigo":165130,"nome":"HYPERICUM PERFORATUM L.","numeroRegistro":"102660059","tipo":{"codigo":1,"descricao":null},"categoria":null,"situacaoRotulo":null,"dataVencimento":null,"mesAnoVencimento":"112007","dataVencimentoRegistro":"2007-11-01T00:00:00.000-0300","principioAtivo":null,"situacaoApresentacao":"Caduco/Cancelado","dataRegistro":"2002-11-13T00:00:00.000-0300","categoriaRegulatoria":{"codigo":4,"descricao":"Fitoterápico"},"medicamentoReferencia":null,"categoriaProduto":null,"tipoAutorizacao":"REGISTRADO","numeroRegistroFormatado":"102660059","mesAnoVencimentoFormatado":"11/2007","acancelar":false},"empresa":{"cnpj":"60862208000141","razaoSocial":"FARMÁCIA E LABORATÓRIO HOMEOPÁTICO ALMEIDA PRADO LTDA","numeroAutorizacao":"1002669","cnpjFormatado":"60.862.208/0001-41"},"processo":{"numero":"253510321500104","situacao":29,"numeroProcessoFormatado":"25351.032150/01-04"}},{"ordem":75,"produto":{"codigo":68354,"nome":"LAXATIN","numeroRegistro":"102660052","tipo":{"codigo":1,"descricao":null},"categoria":null,"situacaoRotulo":null,"dataVencimento":null,"mesAnoVencimento":"032007","dataVencimentoRegistro":"2007-03-01T00:00:00.000-0300","principioAtivo":null,"situacaoApresentacao":"Caduco/Cancelado","dataRegistro":"2002-03-18T00:00:00.000-0300","categoriaRegulatoria":{"codigo":4,"descricao":"Fitoterápico"},"medicamentoReferencia":null,"categoriaProduto":null,"tipoAutorizacao":"REGISTRADO","numeroRegistroFormatado":"102660052","mesAnoVencimentoFormatado":"03/2007","acancelar":false},"empresa":{"cnpj":"60862208000141","razaoSocial":"FARMÁCIA E LABORATÓRIO HOMEOPÁTICO ALMEIDA PRADO LTDA","numeroAutorizacao":"1002669","cnpjFormatado":"60.862.208/0001-41"},"processo":{"numero":"253510265230127","situacao":29,"numeroProcessoFormatado":"25351.026523/01-27"}},{"ordem":76,"produto":{"codigo":271828,"nome":"LAXOFIBRA","numeroRegistro":"102660114","tipo":{"codigo":1,"descricao":null},"categoria":null,"situacaoRotulo":null,"dataVencimento":null,"mesAnoVencimento":"052013","dataVencimentoRegistro":"2013-05-01T00:00:00.000-0300","principioAtivo":null,"situacaoApresentacao":"Caduco/Cancelado","dataRegistro":"2003-05-20T00:00:00.000-0300","categoriaRegulatoria":{"codigo":4,"descricao":"Fitoterápico"},"medicamentoReferencia":null,"categoriaProduto":null,"tipoAutorizacao":"REGISTRADO","numeroRegistroFormatado":"102660114","mesAnoVencimentoFormatado":"05/2013","acancelar":false},"empresa":{"cnpj":"60862208000141","razaoSocial":"FARMÁCIA E LABORATÓRIO HOMEOPÁTICO ALMEIDA PRADO LTDA","numeroAutorizacao":"1002669","cnpjFormatado":"60.862.208/0001-41"},"processo":{"numero":"253510341920117","situacao":29,"numeroProcessoFormatado":"25351.034192/01-17"}},{"ordem":77,"produto":{"codigo":413908,"nome":"LEUCOMED","numeroRegistro":"102660018","tipo":{"codigo":1,"descricao":null},"categoria":null,"situacaoRotulo":null,"dataVencimento":null,"mesAnoVencimento":"022010","dataVencimentoRegistro":"2010-02-01T00:00:00.000-0300","principioAtivo":null,"situacaoApresentacao":"Caduco/Cancelado","dataRegistro":"1975-02-28T00:00:00.000-0300","categoriaRegulatoria":{"codigo":2,"descricao":"Dinamizado"},"medicamentoReferencia":null,"categoriaProduto":null,"tipoAutorizacao":"REGISTRADO","numeroRegistroFormatado":"102660018","mesAnoVencimentoFormatado":"02/2010","acancelar":false},"empresa":{"cnpj":"60862208000141","razaoSocial":"FARMÁCIA E LABORATÓRIO HOMEOPÁTICO ALMEIDA PRADO LTDA","numeroAutorizacao":"1002669","cnpjFormatado":"60.862.208/0001-41"},"processo":{"numero":"2599201806374","situacao":29,"numeroProcessoFormatado":"25992.018063/74"}},{"ordem":78,"produto":{"codigo":582993,"nome":"MENOEX","numeroRegistro":"102660163","tipo":{"codigo":1,"descricao":null},"categoria":null,"situacaoRotulo":null,"dataVencimento":null,"mesAnoVencimento":"092028","dataVencimentoRegistro":"2028-09-01T00:00:00.000-0300","principioAtivo":null,"situacaoApresentacao":"Caduco/Cancelado","dataRegistro":"2008-09-29T00:00:00.000-0300","categoriaRegulatoria":{"codigo":2,"descricao":"Dinamizado"},"medicamentoReferencia":null,"categoriaProduto":null,"tipoAutorizacao":"REGISTRADO","numeroRegistroFormatado":"102660163","mesAnoVencimentoFormatado":"09/2028","acancelar":false},"empresa":{"cnpj":"60862208000141","razaoSocial":"FARMÁCIA E LABORATÓRIO HOMEOPÁTICO ALMEIDA PRADO LTDA","numeroAutorizacao":"1002669","cnpjFormatado":"60.862.208/0001-41"},"processo":{"numero":"25351525204200865","situacao":29,"numeroProcessoFormatado":"25351.525204/2008-65"}},{"ordem":79,"produto":{"codigo":422011,"nome":"MENOMED","numeroRegistro":"102660019","tipo":{"codigo":1,"descricao":null},"categoria":null,"situacaoRotulo":null,"dataVencimento":null,"mesAnoVencimento":"022015","dataVencimentoRegistro":"2015-02-01T00:00:00.000-0300","principioAtivo":null,"situacaoApresentacao":"Caduco/Cancelado","dataRegistro":"1975-02-28T00:00:00.000-0300","categoriaRegulatoria":{"codigo":2,"descricao":"Dinamizado"},"medicamentoReferencia":null,"categoriaProduto":null,"tipoAutorizacao":"REGISTRADO","numeroRegistroFormatado":"102660019","mesAnoVencimentoFormatado":"02/2015","acancelar":false},"empresa":{"cnpj":"60862208000141","razaoSocial":"FARMÁCIA E LABORATÓRIO HOMEOPÁTICO ALMEIDA PRADO LTDA","numeroAutorizacao":"1002669","cnpjFormatado":"60.862.208/0001-41"},"processo":{"numero":"2599201806474","situacao":29,"numeroProcessoFormatado":"25992.018064/74"}},{"ordem":80,"produto":{"codigo":6017,"nome":"MULTIVITAMINAS COM ZINCO ANTI-STRESS ALMEIDA PRADO","numeroRegistro":"102660050","tipo":{"codigo":1,"descricao":null},"categoria":null,"situacaoRotulo":null,"dataVencimento":null,"mesAnoVencimento":"052004","dataVencimentoRegistro":"2004-05-01T00:00:00.000-0300","principioAtivo":null,"situacaoApresentacao":"Caduco/Cancelado","dataRegistro":"1999-05-10T00:00:00.000-0300","categoriaRegulatoria":{"codigo":8,"descricao":"Similar"},"medicamentoReferencia":null,"categoriaProduto":null,"tipoAutorizacao":"REGISTRADO","numeroRegistroFormatado":"102660050","mesAnoVencimentoFormatado":"05/2004","acancelar":false},"empresa":{"cnpj":"60862208000141","razaoSocial":"FARMÁCIA E LABORATÓRIO HOMEOPÁTICO ALMEIDA PRADO LTDA","numeroAutorizacao":"1002669","cnpjFormatado":"60.862.208/0001-41"},"processo":{"numero":"250000133589667","situacao":29,"numeroProcessoFormatado":"25000.013358/96-67"}},{"ordem":81,"produto":{"codigo":588029,"nome":"NATUBABY","numeroRegistro":"102660166","tipo":{"codigo":1,"descricao":null},"categoria":null,"situacaoRotulo":null,"dataVencimento":null,"mesAnoVencimento":"112028","dataVencimentoRegistro":"2028-11-01T00:00:00.000-0300","principioAtivo":null,"situacaoApresentacao":"Caduco/Cancelado","dataRegistro":"2008-11-17T00:00:00.000-0300","categoriaRegulatoria":{"codigo":2,"descricao":"Dinamizado"},"medicamentoReferencia":null,"categoriaProduto":null,"tipoAutorizacao":"REGISTRADO","numeroRegistroFormatado":"102660166","mesAnoVencimentoFormatado":"11/2028","acancelar":false},"empresa":{"cnpj":"60862208000141","razaoSocial":"FARMÁCIA E LABORATÓRIO HOMEOPÁTICO ALMEIDA PRADO LTDA","numeroAutorizacao":"1002669","cnpjFormatado":"60.862.208/0001-41"},"processo":{"numero":"25351541146200817","situacao":29,"numeroProcessoFormatado":"25351.541146/2008-17"}},{"ordem":82,"produto":{"codigo":419082,"nome":"NERVOMED","numeroRegistro":"102660020","tipo":{"codigo":1,"descricao":null},"categoria":null,"situacaoRotulo":null,"dataVencimento":null,"mesAnoVencimento":"012025","dataVencimentoRegistro":"2025-01-01T00:00:00.000-0300","principioAtivo":null,"situacaoApresentacao":"Caduco/Cancelado","dataRegistro":"1975-01-24T00:00:00.000-0300","categoriaRegulatoria":{"codigo":2,"descricao":"Dinamizado"},"medicamentoReferencia":null,"categoriaProduto":null,"tipoAutorizacao":"REGISTRADO","numeroRegistroFormatado":"102660020","mesAnoVencimentoFormatado":"01/2025","acancelar":false},"empresa":{"cnpj":"60862208000141","razaoSocial":"FARMÁCIA E LABORATÓRIO HOMEOPÁTICO ALMEIDA PRADO LTDA","numeroAutorizacao":"1002669","cnpjFormatado":"60.862.208/0001-41"},"processo":{"numero":"2599201591774","situacao":29,"numeroProcessoFormatado":"25992.015917/74"}},{"ordem":83,"produto":{"codigo":593567,"nome":"PRODEN","numeroRegistro":"102660168","tipo":{"codigo":1,"descricao":null},"categoria":null,"situacaoRotulo":null,"dataVencimento":null,"mesAnoVencimento":"122018","dataVencimentoRegistro":"2018-12-01T00:00:00.000-0300","principioAtivo":null,"situacaoApresentacao":"Caduco/Cancelado","dataRegistro":"2008-12-08T00:00:00.000-0300","categoriaRegulatoria":{"codigo":2,"descricao":"Dinamizado"},"medicamentoReferencia":null,"categoriaProduto":null,"tipoAutorizacao":"REGISTRADO","numeroRegistroFormatado":"102660168","mesAnoVencimentoFormatado":"12/2018","acancelar":false},"empresa":{"cnpj":"60862208000141","razaoSocial":"FARMÁCIA E LABORATÓRIO HOMEOPÁTICO ALMEIDA PRADO LTDA","numeroAutorizacao":"1002669","cnpjFormatado":"60.862.208/0001-41"},"processo":{"numero":"25351541213200801","situacao":29,"numeroProcessoFormatado":"25351.541213/2008-01"}},{"ordem":84,"produto":{"codigo":424169,"nome":"PROSTATEMED","numeroRegistro":"102660021","tipo":{"codigo":1,"descricao":null},"categoria":null,"situacaoRotulo":null,"dataVencimento":null,"mesAnoVencimento":"022025","dataVencimentoRegistro":"2025-02-01T00:00:00.000-0300","principioAtivo":null,"situacaoApresentacao":"Caduco/Cancelado","dataRegistro":"1975-02-28T00:00:00.000-0300","categoriaRegulatoria":{"codigo":2,"descricao":"Dinamizado"},"medicamentoReferencia":null,"categoriaProduto":null,"tipoAutorizacao":"REGISTRADO","numeroRegistroFormatado":"102660021","mesAnoVencimentoFormatado":"02/2025","acancelar":false},"empresa":{"cnpj":"60862208000141","razaoSocial":"FARMÁCIA E LABORATÓRIO HOMEOPÁTICO ALMEIDA PRADO LTDA","numeroAutorizacao":"1002669","cnpjFormatado":"60.862.208/0001-41"},"processo":{"numero":"2599201806574","situacao":29,"numeroProcessoFormatado":"25992.018065/74"}},{"ordem":85,"produto":{"codigo":411370,"nome":"REUMAMED","numeroRegistro":"102660022","tipo":{"codigo":1,"descricao":null},"categoria":null,"situacaoRotulo":null,"dataVencimento":null,"mesAnoVencimento":"022025","dataVencimentoRegistro":"2025-02-01T00:00:00.000-0300","principioAtivo":null,"situacaoApresentacao":"Caduco/Cancelado","dataRegistro":"1975-02-28T00:00:00.000-0300","categoriaRegulatoria":{"codigo":2,"descricao":"Dinamizado"},"medicamentoReferencia":null,"categoriaProduto":null,"tipoAutorizacao":"REGISTRADO","numeroRegistroFormatado":"102660022","mesAnoVencimentoFormatado":"02/2025","acancelar":false},"empresa":{"cnpj":"60862208000141","razaoSocial":"FARMÁCIA E LABORATÓRIO HOMEOPÁTICO ALMEIDA PRADO LTDA","numeroAutorizacao":"1002669","cnpjFormatado":"60.862.208/0001-41"},"processo":{"numero":"2599201806674","situacao":29,"numeroProcessoFormatado":"25992.018066/74"}},{"ordem":86,"produto":{"codigo":422008,"nome":"SEXOMED","numeroRegistro":"102660023","tipo":{"codigo":1,"descricao":null},"categoria":null,"situacaoRotulo":null,"dataVencimento":null,"mesAnoVencimento":"022011","dataVencimentoRegistro":"2011-02-01T00:00:00.000-0300","principioAtivo":null,"situacaoApresentacao":"Caduco/Cancelado","dataRegistro":"1976-04-08T00:00:00.000-0300","categoriaRegulatoria":{"codigo":2,"descricao":"Dinamizado"},"medicamentoReferencia":null,"categoriaProduto":null,"tipoAutorizacao":"REGISTRADO","numeroRegistroFormatado":"102660023","mesAnoVencimentoFormatado":"02/2011","acancelar":false},"empresa":{"cnpj":"60862208000141","razaoSocial":"FARMÁCIA E LABORATÓRIO HOMEOPÁTICO ALMEIDA PRADO LTDA","numeroAutorizacao":"1002669","cnpjFormatado":"60.862.208/0001-41"},"processo":{"numero":"2599201120075","situacao":29,"numeroProcessoFormatado":"25992.011200/75"}},{"ordem":87,"produto":{"codigo":409388,"nome":"SINUMED","numeroRegistro":"102660024","tipo":{"codigo":1,"descricao":null},"categoria":null,"situacaoRotulo":null,"dataVencimento":null,"mesAnoVencimento":"012025","dataVencimentoRegistro":"2025-01-01T00:00:00.000-0300","principioAtivo":null,"situacaoApresentacao":"Caduco/Cancelado","dataRegistro":"1985-01-22T00:00:00.000-0300","categoriaRegulatoria":{"codigo":2,"descricao":"Dinamizado"},"medicamentoReferencia":null,"categoriaProduto":null,"tipoAutorizacao":"REGISTRADO","numeroRegistroFormatado":"102660024","mesAnoVencimentoFormatado":"01/2025","acancelar":false},"empresa":{"cnpj":"60862208000141","razaoSocial":"FARMÁCIA E LABORATÓRIO HOMEOPÁTICO ALMEIDA PRADO LTDA","numeroAutorizacao":"1002669","cnpjFormatado":"60.862.208/0001-41"},"processo":{"numero":"2599201512074","situacao":29,"numeroProcessoFormatado":"25992.015120/74"}},{"ordem":88,"produto":{"codigo":582769,"nome":"TEPEEX","numeroRegistro":"102660162","tipo":{"codigo":1,"descricao":null},"categoria":null,"situacaoRotulo":null,"dataVencimento":null,"mesAnoVencimento":"092028","dataVencimentoRegistro":"2028-09-01T00:00:00.000-0300","principioAtivo":null,"situacaoApresentacao":"Caduco/Cancelado","dataRegistro":"2008-09-22T00:00:00.000-0300","categoriaRegulatoria":{"codigo":2,"descricao":"Dinamizado"},"medicamentoReferencia":null,"categoriaProduto":null,"tipoAutorizacao":"REGISTRADO","numeroRegistroFormatado":"102660162","mesAnoVencimentoFormatado":"09/2028","acancelar":false},"empresa":{"cnpj":"60862208000141","razaoSocial":"FARMÁCIA E LABORATÓRIO HOMEOPÁTICO ALMEIDA PRADO LTDA","numeroAutorizacao":"1002669","cnpjFormatado":"60.862.208/0001-41"},"processo":{"numero":"25351525694200808","situacao":29,"numeroProcessoFormatado":"25351.525694/2008-08"}},{"ordem":89,"produto":{"codigo":536362,"nome":"TOSSEMED","numeroRegistro":"102660161","tipo":{"codigo":1,"descricao":null},"categoria":null,"situacaoRotulo":null,"dataVencimento":null,"mesAnoVencimento":"112027","dataVencimentoRegistro":"2027-11-01T00:00:00.000-0300","principioAtivo":"IPECACUANHA, ANTIMONIUM TARTARICUM, BRYONIA ALBA L., Bryonia, CALCAREA IODATA","situacaoApresentacao":"Válido","dataRegistro":"2007-11-05T00:00:00.000-0300","categoriaRegulatoria":{"codigo":2,"descricao":"Dinamizado"},"medicamentoReferencia":null,"categoriaProduto":null,"tipoAutorizacao":"REGISTRADO","numeroRegistroFormatado":"102660161","mesAnoVencimentoFormatado":"11/2027","acancelar":false},"empresa":{"cnpj":"60862208000141","razaoSocial":"FARMÁCIA E LABORATÓRIO HOMEOPÁTICO ALMEIDA PRADO LTDA","numeroAutorizacao":"1002669","cnpjFormatado":"60.862.208/0001-41"},"processo":{"numero":"25351292028200799","situacao":29,"numeroProcessoFormatado":"25351.292028/2007-99"}},{"ordem":90,"produto":{"codigo":414246,"nome":"TOSSEMED","numeroRegistro":"102660118","tipo":{"codigo":1,"descricao":null},"categoria":null,"situacaoRotulo":null,"dataVencimento":null,"mesAnoVencimento":"012005","dataVencimentoRegistro":"2005-01-01T00:00:00.000-0300","principioAtivo":null,"situacaoApresentacao":"Caduco/Cancelado","dataRegistro":"1975-01-02T00:00:00.000-0300","categoriaRegulatoria":{"codigo":2,"descricao":"Dinamizado"},"medicamentoReferencia":null,"categoriaProduto":null,"tipoAutorizacao":"REGISTRADO","numeroRegistroFormatado":"102660118","mesAnoVencimentoFormatado":"01/2005","acancelar":false},"empresa":{"cnpj":"60862208000141","razaoSocial":"FARMÁCIA E LABORATÓRIO HOMEOPÁTICO ALMEIDA PRADO LTDA","numeroAutorizacao":"1002669","cnpjFormatado":"60.862.208/0001-41"},"processo":{"numero":"2599201512274","situacao":29,"numeroProcessoFormatado":"25992.015122/74"}},{"ordem":91,"produto":{"codigo":422002,"nome":"URIMED","numeroRegistro":"102660026","tipo":{"codigo":1,"descricao":null},"categoria":null,"situacaoRotulo":null,"dataVencimento":null,"mesAnoVencimento":"042011","dataVencimentoRegistro":"2011-04-01T00:00:00.000-0300","principioAtivo":null,"situacaoApresentacao":"Caduco/Cancelado","dataRegistro":"1976-04-19T00:00:00.000-0300","categoriaRegulatoria":{"codigo":2,"descricao":"Dinamizado"},"medicamentoReferencia":null,"categoriaProduto":null,"tipoAutorizacao":"REGISTRADO","numeroRegistroFormatado":"102660026","mesAnoVencimentoFormatado":"04/2011","acancelar":false},"empresa":{"cnpj":"60862208000141","razaoSocial":"FARMÁCIA E LABORATÓRIO HOMEOPÁTICO ALMEIDA PRADO LTDA","numeroAutorizacao":"1002669","cnpjFormatado":"60.862.208/0001-41"},"processo":{"numero":"2599201120275","situacao":29,"numeroProcessoFormatado":"25992.011202/75"}},{"ordem":92,"produto":{"codigo":422010,"nome":"UTEROMED","numeroRegistro":"102660027","tipo":{"codigo":1,"descricao":null},"categoria":null,"situacaoRotulo":null,"dataVencimento":null,"mesAnoVencimento":"012011","dataVencimentoRegistro":"2011-01-01T00:00:00.000-0300","principioAtivo":null,"situacaoApresentacao":"Caduco/Cancelado","dataRegistro":"1976-04-19T00:00:00.000-0300","categoriaRegulatoria":{"codigo":2,"descricao":"Dinamizado"},"medicamentoReferencia":null,"categoriaProduto":null,"tipoAutorizacao":"REGISTRADO","numeroRegistroFormatado":"102660027","mesAnoVencimentoFormatado":"01/2011","acancelar":false},"empresa":{"cnpj":"60862208000141","razaoSocial":"FARMÁCIA E LABORATÓRIO HOMEOPÁTICO ALMEIDA PRADO LTDA","numeroAutorizacao":"1002669","cnpjFormatado":"60.862.208/0001-41"},"processo":{"numero":"2599201120175","situacao":29,"numeroProcessoFormatado":"25992.011201/75"}},{"ordem":93,"produto":{"codigo":409379,"nome":"VARIMED","numeroRegistro":"102660028","tipo":{"codigo":1,"descricao":null},"categoria":null,"situacaoRotulo":null,"dataVencimento":null,"mesAnoVencimento":"012025","dataVencimentoRegistro":"2025-01-01T00:00:00.000-0300","principioAtivo":null,"situacaoApresentacao":"Caduco/Cancelado","dataRegistro":"1975-01-22T00:00:00.000-0300","categoriaRegulatoria":{"codigo":2,"descricao":"Dinamizado"},"medicamentoReferencia":null,"categoriaProduto":null,"tipoAutorizacao":"REGISTRADO","numeroRegistroFormatado":"102660028","mesAnoVencimentoFormatado":"01/2025","acancelar":false},"empresa":{"cnpj":"60862208000141","razaoSocial":"FARMÁCIA E LABORATÓRIO HOMEOPÁTICO ALMEIDA PRADO LTDA","numeroAutorizacao":"1002669","cnpjFormatado":"60.862.208/0001-41"},"processo":{"numero":"2599201591874","situacao":29,"numeroProcessoFormatado":"25992.015918/74"}},{"ordem":94,"produto":{"codigo":424207,"nome":"VERMEMED","numeroRegistro":"102660137","tipo":{"codigo":1,"descricao":null},"categoria":null,"situacaoRotulo":null,"dataVencimento":null,"mesAnoVencimento":"042010","dataVencimentoRegistro":"2010-04-01T00:00:00.000-0300","principioAtivo":null,"situacaoApresentacao":"Caduco/Cancelado","dataRegistro":"1975-04-24T00:00:00.000-0300","categoriaRegulatoria":{"codigo":2,"descricao":"Dinamizado"},"medicamentoReferencia":null,"categoriaProduto":null,"tipoAutorizacao":"REGISTRADO","numeroRegistroFormatado":"102660137","mesAnoVencimentoFormatado":"04/2010","acancelar":false},"empresa":{"cnpj":"60862208000141","razaoSocial":"FARMÁCIA E LABORATÓRIO HOMEOPÁTICO ALMEIDA PRADO LTDA","numeroAutorizacao":"1002669","cnpjFormatado":"60.862.208/0001-41"},"processo":{"numero":"2599201806774","situacao":29,"numeroProcessoFormatado":"25992.018067/74"}},{"ordem":95,"produto":{"codigo":274898,"nome":"VITAL-LAX","numeroRegistro":"102660116","tipo":{"codigo":1,"descricao":null},"categoria":null,"situacaoRotulo":null,"dataVencimento":null,"mesAnoVencimento":"072008","dataVencimentoRegistro":"2008-07-01T00:00:00.000-0300","principioAtivo":null,"situacaoApresentacao":"Caduco/Cancelado","dataRegistro":"2003-07-29T00:00:00.000-0300","categoriaRegulatoria":{"codigo":8,"descricao":"Similar"},"medicamentoReferencia":null,"categoriaProduto":null,"tipoAutorizacao":"REGISTRADO","numeroRegistroFormatado":"102660116","mesAnoVencimentoFormatado":"07/2008","acancelar":false},"empresa":{"cnpj":"60862208000141","razaoSocial":"FARMÁCIA E LABORATÓRIO HOMEOPÁTICO ALMEIDA PRADO LTDA","numeroAutorizacao":"1002669","cnpjFormatado":"60.862.208/0001-41"},"processo":{"numero":"253510262470151","situacao":29,"numeroProcessoFormatado":"25351.026247/01-51"}}],"totalElements":95,"totalPages":1,"last":true,"numberOfElements":95,"first":true,"sort":null,"size":1000,"number":0}