{"content":[{"ordem":1,"produto":{"codigo":6,"nome":" (VITAMINAS A )  +  ASSSOCIACÕES","numeroRegistro":"104540166","tipo":{"codigo":1,"descricao":null},"categoria":null,"situacaoRotulo":null,"dataVencimento":null,"mesAnoVencimento":"042005","dataVencimentoRegistro":"2005-04-01T00:00:00.000-0300","principioAtivo":null,"situacaoApresentacao":"Caduco/Cancelado","dataRegistro":"2000-04-25T00:00:00.000-0300","categoriaRegulatoria":{"codigo":8,"descricao":"Similar"},"medicamentoReferencia":null,"categoriaProduto":null,"tipoAutorizacao":"REGISTRADO","numeroRegistroFormatado":"104540166","mesAnoVencimentoFormatado":"04/2005","acancelar":false},"empresa":{"cnpj":"60874187000184","razaoSocial":"DAIICHI SANKYO BRASIL FARMACÊUTICA LTDA","numeroAutorizacao":"1004548","cnpjFormatado":"60.874.187/0001-84"},"processo":{"numero":"250000254169821","situacao":29,"numeroProcessoFormatado":"25000.025416/98-21"}},{"ordem":2,"produto":{"codigo":374575,"nome":"AGILISIN","numeroRegistro":"104540039","tipo":{"codigo":1,"descricao":null},"categoria":null,"situacaoRotulo":null,"dataVencimento":null,"mesAnoVencimento":"072009","dataVencimentoRegistro":"2009-07-01T00:00:00.000-0300","principioAtivo":null,"situacaoApresentacao":"Caduco/Cancelado","dataRegistro":"1984-07-16T00:00:00.000-0300","categoriaRegulatoria":{"codigo":8,"descricao":"Similar"},"medicamentoReferencia":null,"categoriaProduto":null,"tipoAutorizacao":"REGISTRADO","numeroRegistroFormatado":"104540039","mesAnoVencimentoFormatado":"07/2009","acancelar":false},"empresa":{"cnpj":"60874187000184","razaoSocial":"DAIICHI SANKYO BRASIL FARMACÊUTICA LTDA","numeroAutorizacao":"1004548","cnpjFormatado":"60.874.187/0001-84"},"processo":{"numero":"2500100605984","situacao":29,"numeroProcessoFormatado":"25001.006059/84"}},{"ordem":3,"produto":{"codigo":272753,"nome":"BENICAR","numeroRegistro":"104540172","tipo":{"codigo":1,"descricao":null},"categoria":null,"situacaoRotulo":null,"dataVencimento":null,"mesAnoVencimento":"102028","dataVencimentoRegistro":"2028-10-01T00:00:00.000-0300","principioAtivo":"OLMESARTANA MEDOXOMILA","situacaoApresentacao":"Válido","dataRegistro":"2003-10-16T00:00:00.000-0300","categoriaRegulatoria":{"codigo":6,"descricao":"Novo"},"medicamentoReferencia":null,"categoriaProduto":null,"tipoAutorizacao":"REGISTRADO","numeroRegistroFormatado":"104540172","mesAnoVencimentoFormatado":"10/2028","acancelar":false},"empresa":{"cnpj":"60874187000184","razaoSocial":"DAIICHI SANKYO BRASIL FARMACÊUTICA LTDA","numeroAutorizacao":"1004548","cnpjFormatado":"60.874.187/0001-84"},"processo":{"numero":"25351015738200373","situacao":29,"numeroProcessoFormatado":"25351.015738/2003-73"}},{"ordem":4,"produto":{"codigo":367165,"nome":"BENICAR HCT","numeroRegistro":"104540173","tipo":{"codigo":1,"descricao":null},"categoria":null,"situacaoRotulo":null,"dataVencimento":"2029-10-17T00:00:00.000-0300","mesAnoVencimento":"102029","dataVencimentoRegistro":"2029-10-01T00:00:00.000-0300","principioAtivo":"OLMESARTANA MEDOXOMILA, HIDROCLOROTIAZIDA","situacaoApresentacao":"Válido","dataRegistro":"2004-10-22T00:00:00.000-0300","categoriaRegulatoria":{"codigo":6,"descricao":"Novo"},"medicamentoReferencia":null,"categoriaProduto":null,"tipoAutorizacao":"REGISTRADO","numeroRegistroFormatado":"104540173","mesAnoVencimentoFormatado":"10/2029","acancelar":false},"empresa":{"cnpj":"60874187000184","razaoSocial":"DAIICHI SANKYO BRASIL FARMACÊUTICA LTDA","numeroAutorizacao":"1004548","cnpjFormatado":"60.874.187/0001-84"},"processo":{"numero":"25351040170200418","situacao":20,"numeroProcessoFormatado":"25351.040170/2004-18"}},{"ordem":5,"produto":{"codigo":2801252,"nome":"BENICAR ODT","numeroRegistro":"104540193","tipo":{"codigo":1,"descricao":null},"categoria":null,"situacaoRotulo":null,"dataVencimento":null,"mesAnoVencimento":"032033","dataVencimentoRegistro":"2033-03-01T00:00:00.000-0300","principioAtivo":"OLMESARTANA MEDOXOMILA","situacaoApresentacao":"Válido","dataRegistro":"2023-03-06T00:00:00.000-0300","categoriaRegulatoria":{"codigo":6,"descricao":"Novo"},"medicamentoReferencia":null,"categoriaProduto":null,"tipoAutorizacao":"REGISTRADO","numeroRegistroFormatado":"104540193","mesAnoVencimentoFormatado":"03/2033","acancelar":false},"empresa":{"cnpj":"60874187000184","razaoSocial":"DAIICHI SANKYO BRASIL FARMACÊUTICA LTDA","numeroAutorizacao":"1004548","cnpjFormatado":"60.874.187/0001-84"},"processo":{"numero":"25351892087202110","situacao":29,"numeroProcessoFormatado":"25351.892087/2021-10"}},{"ordem":6,"produto":{"codigo":1292863,"nome":"BENICAR TRIPLO","numeroRegistro":"104540190","tipo":{"codigo":1,"descricao":null},"categoria":null,"situacaoRotulo":null,"dataVencimento":null,"mesAnoVencimento":"032031","dataVencimentoRegistro":"2031-03-01T00:00:00.000-0300","principioAtivo":"OLMESARTANA MEDOXOMILA, HIDROCLOROTIAZIDA, BESILATO DE ANLODIPINO","situacaoApresentacao":"Válido","dataRegistro":"2021-03-01T00:00:00.000-0300","categoriaRegulatoria":{"codigo":6,"descricao":"Novo"},"medicamentoReferencia":null,"categoriaProduto":null,"tipoAutorizacao":"REGISTRADO","numeroRegistroFormatado":"104540190","mesAnoVencimentoFormatado":"03/2031","acancelar":false},"empresa":{"cnpj":"60874187000184","razaoSocial":"DAIICHI SANKYO BRASIL FARMACÊUTICA LTDA","numeroAutorizacao":"1004548","cnpjFormatado":"60.874.187/0001-84"},"processo":{"numero":"25351799163201813","situacao":29,"numeroProcessoFormatado":"25351.799163/2018-13"}},{"ordem":7,"produto":{"codigo":554081,"nome":"BENICARANLO","numeroRegistro":"104540175","tipo":{"codigo":1,"descricao":null},"categoria":null,"situacaoRotulo":null,"dataVencimento":"2028-04-17T00:00:00.000-0300","mesAnoVencimento":"042028","dataVencimentoRegistro":"2028-04-01T00:00:00.000-0300","principioAtivo":"OLMESARTANA MEDOXOMILA, BESILATO DE ANLODIPINO","situacaoApresentacao":"Válido","dataRegistro":"2008-04-22T00:00:00.000-0300","categoriaRegulatoria":{"codigo":6,"descricao":"Novo"},"medicamentoReferencia":null,"categoriaProduto":null,"tipoAutorizacao":"REGISTRADO","numeroRegistroFormatado":"104540175","mesAnoVencimentoFormatado":"04/2028","acancelar":false},"empresa":{"cnpj":"60874187000184","razaoSocial":"DAIICHI SANKYO BRASIL FARMACÊUTICA LTDA","numeroAutorizacao":"1004548","cnpjFormatado":"60.874.187/0001-84"},"processo":{"numero":"25351243637200714","situacao":29,"numeroProcessoFormatado":"25351.243637/2007-14"}},{"ordem":8,"produto":{"codigo":1366,"nome":"CAPSAICINA","numeroRegistro":"104540157","tipo":{"codigo":1,"descricao":null},"categoria":null,"situacaoRotulo":null,"dataVencimento":null,"mesAnoVencimento":"022003","dataVencimentoRegistro":"2003-02-01T00:00:00.000-0300","principioAtivo":null,"situacaoApresentacao":"Caduco/Cancelado","dataRegistro":"1998-02-13T00:00:00.000-0300","categoriaRegulatoria":{"codigo":8,"descricao":"Similar"},"medicamentoReferencia":null,"categoriaProduto":null,"tipoAutorizacao":"REGISTRADO","numeroRegistroFormatado":"104540157","mesAnoVencimentoFormatado":"02/2003","acancelar":false},"empresa":{"cnpj":"60874187000184","razaoSocial":"DAIICHI SANKYO BRASIL FARMACÊUTICA LTDA","numeroAutorizacao":"1004548","cnpjFormatado":"60.874.187/0001-84"},"processo":{"numero":"250000098079645","situacao":29,"numeroProcessoFormatado":"25000.009807/96-45"}},{"ordem":9,"produto":{"codigo":1684,"nome":"CEFPODOXIMA PROXETIL (EQUIVALENTE A 100 MG DE CEFPODOXIMA)","numeroRegistro":"104540162","tipo":{"codigo":1,"descricao":null},"categoria":null,"situacaoRotulo":null,"dataVencimento":null,"mesAnoVencimento":"062004","dataVencimentoRegistro":"2004-06-01T00:00:00.000-0300","principioAtivo":null,"situacaoApresentacao":"Caduco/Cancelado","dataRegistro":"1999-06-29T00:00:00.000-0300","categoriaRegulatoria":{"codigo":8,"descricao":"Similar"},"medicamentoReferencia":null,"categoriaProduto":null,"tipoAutorizacao":"REGISTRADO","numeroRegistroFormatado":"104540162","mesAnoVencimentoFormatado":"06/2004","acancelar":false},"empresa":{"cnpj":"60874187000184","razaoSocial":"DAIICHI SANKYO BRASIL FARMACÊUTICA LTDA","numeroAutorizacao":"1004548","cnpjFormatado":"60.874.187/0001-84"},"processo":{"numero":"250000109409581","situacao":29,"numeroProcessoFormatado":"25000.010940/95-81"}},{"ordem":10,"produto":{"codigo":2084,"nome":"CLOBUTINOL + DOXILAMINA","numeroRegistro":"104540164","tipo":{"codigo":1,"descricao":null},"categoria":null,"situacaoRotulo":null,"dataVencimento":null,"mesAnoVencimento":"012005","dataVencimentoRegistro":"2005-01-01T00:00:00.000-0300","principioAtivo":null,"situacaoApresentacao":"Caduco/Cancelado","dataRegistro":"2000-01-25T00:00:00.000-0200","categoriaRegulatoria":{"codigo":8,"descricao":"Similar"},"medicamentoReferencia":null,"categoriaProduto":null,"tipoAutorizacao":"REGISTRADO","numeroRegistroFormatado":"104540164","mesAnoVencimentoFormatado":"01/2005","acancelar":false},"empresa":{"cnpj":"60874187000184","razaoSocial":"DAIICHI SANKYO BRASIL FARMACÊUTICA LTDA","numeroAutorizacao":"1004548","cnpjFormatado":"60.874.187/0001-84"},"processo":{"numero":"250000037179801","situacao":29,"numeroProcessoFormatado":"25000.003717/98-01"}},{"ordem":11,"produto":{"codigo":2286,"nome":"CLORFENAMINA + METOXIFENAMINA + AAS + CAFEINA","numeroRegistro":"104540158","tipo":{"codigo":1,"descricao":null},"categoria":null,"situacaoRotulo":null,"dataVencimento":null,"mesAnoVencimento":"022003","dataVencimentoRegistro":"2003-02-01T00:00:00.000-0300","principioAtivo":null,"situacaoApresentacao":"Caduco/Cancelado","dataRegistro":"1998-02-13T00:00:00.000-0300","categoriaRegulatoria":{"codigo":8,"descricao":"Similar"},"medicamentoReferencia":null,"categoriaProduto":null,"tipoAutorizacao":"REGISTRADO","numeroRegistroFormatado":"104540158","mesAnoVencimentoFormatado":"02/2003","acancelar":false},"empresa":{"cnpj":"60874187000184","razaoSocial":"DAIICHI SANKYO BRASIL FARMACÊUTICA LTDA","numeroAutorizacao":"1004548","cnpjFormatado":"60.874.187/0001-84"},"processo":{"numero":"250000151559731","situacao":29,"numeroProcessoFormatado":"25000.015155/97-31"}},{"ordem":12,"produto":{"codigo":2453,"nome":"CLORIDRATO DE CLOBUTINOL","numeroRegistro":"104540161","tipo":{"codigo":1,"descricao":null},"categoria":null,"situacaoRotulo":null,"dataVencimento":null,"mesAnoVencimento":"082003","dataVencimentoRegistro":"2003-08-01T00:00:00.000-0300","principioAtivo":null,"situacaoApresentacao":"Caduco/Cancelado","dataRegistro":"1998-08-03T00:00:00.000-0300","categoriaRegulatoria":{"codigo":8,"descricao":"Similar"},"medicamentoReferencia":null,"categoriaProduto":null,"tipoAutorizacao":"REGISTRADO","numeroRegistroFormatado":"104540161","mesAnoVencimentoFormatado":"08/2003","acancelar":false},"empresa":{"cnpj":"60874187000184","razaoSocial":"DAIICHI SANKYO BRASIL FARMACÊUTICA LTDA","numeroAutorizacao":"1004548","cnpjFormatado":"60.874.187/0001-84"},"processo":{"numero":"250000037169831","situacao":29,"numeroProcessoFormatado":"25000.003716/98-31"}},{"ordem":13,"produto":{"codigo":2954,"nome":"CLORIDRATO DE TRAMADOL","numeroRegistro":"104540155","tipo":{"codigo":1,"descricao":null},"categoria":null,"situacaoRotulo":null,"dataVencimento":null,"mesAnoVencimento":"012003","dataVencimentoRegistro":"2003-01-01T00:00:00.000-0300","principioAtivo":null,"situacaoApresentacao":"Caduco/Cancelado","dataRegistro":"1998-01-12T00:00:00.000-0300","categoriaRegulatoria":{"codigo":8,"descricao":"Similar"},"medicamentoReferencia":null,"categoriaProduto":null,"tipoAutorizacao":"REGISTRADO","numeroRegistroFormatado":"104540155","mesAnoVencimentoFormatado":"01/2003","acancelar":false},"empresa":{"cnpj":"60874187000184","razaoSocial":"DAIICHI SANKYO BRASIL FARMACÊUTICA LTDA","numeroAutorizacao":"1004548","cnpjFormatado":"60.874.187/0001-84"},"processo":{"numero":"250000394169637","situacao":29,"numeroProcessoFormatado":"25000.039416/96-37"}},{"ordem":14,"produto":{"codigo":345691,"nome":"CLOZAL","numeroRegistro":"104540045","tipo":{"codigo":1,"descricao":null},"categoria":null,"situacaoRotulo":null,"dataVencimento":null,"mesAnoVencimento":"032009","dataVencimentoRegistro":"2009-03-01T00:00:00.000-0300","principioAtivo":null,"situacaoApresentacao":"Caduco/Cancelado","dataRegistro":"1995-10-16T00:00:00.000-0300","categoriaRegulatoria":{"codigo":8,"descricao":"Similar"},"medicamentoReferencia":null,"categoriaProduto":null,"tipoAutorizacao":"REGISTRADO","numeroRegistroFormatado":"104540045","mesAnoVencimentoFormatado":"03/2009","acancelar":false},"empresa":{"cnpj":"60874187000184","razaoSocial":"DAIICHI SANKYO BRASIL FARMACÊUTICA LTDA","numeroAutorizacao":"1004548","cnpjFormatado":"60.874.187/0001-84"},"processo":{"numero":"250000194309362","situacao":29,"numeroProcessoFormatado":"25000.019430/93-62"}},{"ordem":15,"produto":{"codigo":137796,"nome":"COMBIZYM COMPOSTO","numeroRegistro":"104540003","tipo":{"codigo":1,"descricao":null},"categoria":null,"situacaoRotulo":null,"dataVencimento":null,"mesAnoVencimento":"122004","dataVencimentoRegistro":"2004-12-01T00:00:00.000-0300","principioAtivo":null,"situacaoApresentacao":"Caduco/Cancelado","dataRegistro":"1997-05-08T00:00:00.000-0300","categoriaRegulatoria":{"codigo":6,"descricao":"Novo"},"medicamentoReferencia":null,"categoriaProduto":null,"tipoAutorizacao":"REGISTRADO","numeroRegistroFormatado":"104540003","mesAnoVencimentoFormatado":"12/2004","acancelar":false},"empresa":{"cnpj":"60874187000184","razaoSocial":"DAIICHI SANKYO BRASIL FARMACÊUTICA LTDA","numeroAutorizacao":"1004548","cnpjFormatado":"60.874.187/0001-84"},"processo":{"numero":"2500100607938","situacao":29,"numeroProcessoFormatado":"25001.006079/38"}},{"ordem":16,"produto":{"codigo":1411735,"nome":"Cygnus D","numeroRegistro":"104540189","tipo":{"codigo":1,"descricao":null},"categoria":null,"situacaoRotulo":null,"dataVencimento":"2030-08-06T00:00:00.000-0300","mesAnoVencimento":"082030","dataVencimentoRegistro":"2030-08-01T00:00:00.000-0300","principioAtivo":"COLECALCIFEROL","situacaoApresentacao":"Válido","dataRegistro":"2020-08-31T00:00:00.000-0300","categoriaRegulatoria":{"codigo":3,"descricao":"Específico"},"medicamentoReferencia":null,"categoriaProduto":null,"tipoAutorizacao":"REGISTRADO","numeroRegistroFormatado":"104540189","mesAnoVencimentoFormatado":"08/2030","acancelar":false},"empresa":{"cnpj":"60874187000184","razaoSocial":"DAIICHI SANKYO BRASIL FARMACÊUTICA LTDA","numeroAutorizacao":"1004548","cnpjFormatado":"60.874.187/0001-84"},"processo":{"numero":"25351750828201971","situacao":29,"numeroProcessoFormatado":"25351.750828/2019-71"}},{"ordem":17,"produto":{"codigo":1107229,"nome":"DAINITRE","numeroRegistro":"104540182","tipo":{"codigo":1,"descricao":null},"categoria":null,"situacaoRotulo":null,"dataVencimento":null,"mesAnoVencimento":"062026","dataVencimentoRegistro":"2026-06-01T00:00:00.000-0300","principioAtivo":null,"situacaoApresentacao":"Caduco/Cancelado","dataRegistro":"2016-06-06T00:00:00.000-0300","categoriaRegulatoria":{"codigo":8,"descricao":"Similar"},"medicamentoReferencia":"SUSTRATE","categoriaProduto":null,"tipoAutorizacao":"REGISTRADO","numeroRegistroFormatado":"104540182","mesAnoVencimentoFormatado":"06/2026","acancelar":false},"empresa":{"cnpj":"60874187000184","razaoSocial":"DAIICHI SANKYO BRASIL FARMACÊUTICA LTDA","numeroAutorizacao":"1004548","cnpjFormatado":"60.874.187/0001-84"},"processo":{"numero":"25351555416201504","situacao":29,"numeroProcessoFormatado":"25351.555416/2015-04"}},{"ordem":18,"produto":{"codigo":1126785,"nome":"DAISAN","numeroRegistro":"104540183","tipo":{"codigo":1,"descricao":null},"categoria":null,"situacaoRotulo":null,"dataVencimento":null,"mesAnoVencimento":"092026","dataVencimentoRegistro":"2026-09-01T00:00:00.000-0300","principioAtivo":"PARACETAMOL, CLORIDRATO DE TRAMADOL","situacaoApresentacao":"Válido","dataRegistro":"2016-09-26T00:00:00.000-0300","categoriaRegulatoria":{"codigo":8,"descricao":"Similar"},"medicamentoReferencia":"ULTRACET","categoriaProduto":null,"tipoAutorizacao":"REGISTRADO","numeroRegistroFormatado":"104540183","mesAnoVencimentoFormatado":"09/2026","acancelar":false},"empresa":{"cnpj":"60874187000184","razaoSocial":"DAIICHI SANKYO BRASIL FARMACÊUTICA LTDA","numeroAutorizacao":"1004548","cnpjFormatado":"60.874.187/0001-84"},"processo":{"numero":"25351162928201601","situacao":29,"numeroProcessoFormatado":"25351.162928/2016-01"}},{"ordem":19,"produto":{"codigo":6266,"nome":"DERMOFIX","numeroRegistro":"104540165","tipo":{"codigo":1,"descricao":null},"categoria":null,"situacaoRotulo":null,"dataVencimento":null,"mesAnoVencimento":"022005","dataVencimentoRegistro":"2005-02-01T00:00:00.000-0300","principioAtivo":null,"situacaoApresentacao":"Caduco/Cancelado","dataRegistro":"2000-02-04T00:00:00.000-0200","categoriaRegulatoria":{"codigo":8,"descricao":"Similar"},"medicamentoReferencia":null,"categoriaProduto":null,"tipoAutorizacao":"REGISTRADO","numeroRegistroFormatado":"104540165","mesAnoVencimentoFormatado":"02/2005","acancelar":false},"empresa":{"cnpj":"60874187000184","razaoSocial":"DAIICHI SANKYO BRASIL FARMACÊUTICA LTDA","numeroAutorizacao":"1004548","cnpjFormatado":"60.874.187/0001-84"},"processo":{"numero":"250000394189662","situacao":29,"numeroProcessoFormatado":"25000.039418/96-62"}},{"ordem":20,"produto":{"codigo":792982,"nome":"EFFIENT","numeroRegistro":"104540178","tipo":{"codigo":1,"descricao":null},"categoria":null,"situacaoRotulo":null,"dataVencimento":null,"mesAnoVencimento":"012027","dataVencimentoRegistro":"2027-01-01T00:00:00.000-0300","principioAtivo":"cloridrato de prasugrel","situacaoApresentacao":"Válido","dataRegistro":"2012-01-30T00:00:00.000-0300","categoriaRegulatoria":{"codigo":6,"descricao":"Novo"},"medicamentoReferencia":null,"categoriaProduto":null,"tipoAutorizacao":"REGISTRADO","numeroRegistroFormatado":"104540178","mesAnoVencimentoFormatado":"01/2027","acancelar":false},"empresa":{"cnpj":"60874187000184","razaoSocial":"DAIICHI SANKYO BRASIL FARMACÊUTICA LTDA","numeroAutorizacao":"1004548","cnpjFormatado":"60.874.187/0001-84"},"processo":{"numero":"25351498847201156","situacao":29,"numeroProcessoFormatado":"25351.498847/2011-56"}},{"ordem":21,"produto":{"codigo":165206,"nome":"ELEPARON","numeroRegistro":"104540004","tipo":{"codigo":1,"descricao":null},"categoria":null,"situacaoRotulo":null,"dataVencimento":null,"mesAnoVencimento":"092007","dataVencimentoRegistro":"2007-09-01T00:00:00.000-0300","principioAtivo":null,"situacaoApresentacao":"Caduco/Cancelado","dataRegistro":"2002-10-10T00:00:00.000-0300","categoriaRegulatoria":{"codigo":8,"descricao":"Similar"},"medicamentoReferencia":null,"categoriaProduto":null,"tipoAutorizacao":"REGISTRADO","numeroRegistroFormatado":"104540004","mesAnoVencimentoFormatado":"09/2007","acancelar":false},"empresa":{"cnpj":"60874187000184","razaoSocial":"DAIICHI SANKYO BRASIL FARMACÊUTICA LTDA","numeroAutorizacao":"1004548","cnpjFormatado":"60.874.187/0001-84"},"processo":{"numero":"2599200870972","situacao":29,"numeroProcessoFormatado":"25992.008709/72"}},{"ordem":22,"produto":{"codigo":2012918,"nome":"ENHERTU","numeroRegistro":"104540191","tipo":{"codigo":1,"descricao":null},"categoria":null,"situacaoRotulo":null,"dataVencimento":"2024-10-06T00:00:00.000-0300","mesAnoVencimento":"102024","dataVencimentoRegistro":"2024-10-01T00:00:00.000-0300","principioAtivo":"TRASTUZUMABE DERUXTECANA","situacaoApresentacao":"Válido","dataRegistro":"2021-10-04T00:00:00.000-0300","categoriaRegulatoria":{"codigo":1,"descricao":"Biológico"},"medicamentoReferencia":null,"categoriaProduto":null,"tipoAutorizacao":"REGISTRADO","numeroRegistroFormatado":"104540191","mesAnoVencimentoFormatado":"10/2024","acancelar":false},"empresa":{"cnpj":"60874187000184","razaoSocial":"DAIICHI SANKYO BRASIL FARMACÊUTICA LTDA","numeroAutorizacao":"1004548","cnpjFormatado":"60.874.187/0001-84"},"processo":{"numero":"25351541212202045","situacao":29,"numeroProcessoFormatado":"25351.541212/2020-45"}},{"ordem":23,"produto":{"codigo":137745,"nome":"ESTIMORAL","numeroRegistro":"104540168","tipo":{"codigo":1,"descricao":null},"categoria":null,"situacaoRotulo":null,"dataVencimento":null,"mesAnoVencimento":"062027","dataVencimentoRegistro":"2027-06-01T00:00:00.000-0300","principioAtivo":null,"situacaoApresentacao":"Caduco/Cancelado","dataRegistro":"2002-07-01T00:00:00.000-0300","categoriaRegulatoria":{"codigo":6,"descricao":"Novo"},"medicamentoReferencia":null,"categoriaProduto":null,"tipoAutorizacao":"REGISTRADO","numeroRegistroFormatado":"104540168","mesAnoVencimentoFormatado":"06/2027","acancelar":false},"empresa":{"cnpj":"60874187000184","razaoSocial":"DAIICHI SANKYO BRASIL FARMACÊUTICA LTDA","numeroAutorizacao":"1004548","cnpjFormatado":"60.874.187/0001-84"},"processo":{"numero":"253510379420111","situacao":29,"numeroProcessoFormatado":"25351.037942/01-11"}},{"ordem":24,"produto":{"codigo":277030,"nome":"EUFERMEN","numeroRegistro":"104540171","tipo":{"codigo":1,"descricao":null},"categoria":null,"situacaoRotulo":null,"dataVencimento":null,"mesAnoVencimento":"022004","dataVencimentoRegistro":"2004-02-01T00:00:00.000-0300","principioAtivo":null,"situacaoApresentacao":"Caduco/Cancelado","dataRegistro":"1973-10-19T00:00:00.000-0300","categoriaRegulatoria":{"codigo":8,"descricao":"Similar"},"medicamentoReferencia":null,"categoriaProduto":null,"tipoAutorizacao":"REGISTRADO","numeroRegistroFormatado":"104540171","mesAnoVencimentoFormatado":"02/2004","acancelar":false},"empresa":{"cnpj":"60874187000184","razaoSocial":"DAIICHI SANKYO BRASIL FARMACÊUTICA LTDA","numeroAutorizacao":"1004548","cnpjFormatado":"60.874.187/0001-84"},"processo":{"numero":"2500100075273","situacao":29,"numeroProcessoFormatado":"25001.000752/73"}},{"ordem":25,"produto":{"codigo":1069462,"nome":"EZOBLOC","numeroRegistro":"104540180","tipo":{"codigo":1,"descricao":null},"categoria":null,"situacaoRotulo":null,"dataVencimento":null,"mesAnoVencimento":"102020","dataVencimentoRegistro":"2020-10-01T00:00:00.000-0300","principioAtivo":null,"situacaoApresentacao":"Caduco/Cancelado","dataRegistro":"2015-10-05T00:00:00.000-0300","categoriaRegulatoria":{"codigo":8,"descricao":"Similar"},"medicamentoReferencia":"NEXIUM","categoriaProduto":null,"tipoAutorizacao":"REGISTRADO","numeroRegistroFormatado":"104540180","mesAnoVencimentoFormatado":"10/2020","acancelar":false},"empresa":{"cnpj":"60874187000184","razaoSocial":"DAIICHI SANKYO BRASIL FARMACÊUTICA LTDA","numeroAutorizacao":"1004548","cnpjFormatado":"60.874.187/0001-84"},"processo":{"numero":"25351149429201530","situacao":29,"numeroProcessoFormatado":"25351.149429/2015-30"}},{"ordem":26,"produto":{"codigo":124803,"nome":"HIRUDOID","numeroRegistro":"104540013","tipo":{"codigo":1,"descricao":null},"categoria":null,"situacaoRotulo":null,"dataVencimento":null,"mesAnoVencimento":"112028","dataVencimentoRegistro":"2028-11-01T00:00:00.000-0300","principioAtivo":"POLISSULFATO DE MUCOPOLISSACARíDeO","situacaoApresentacao":"Válido","dataRegistro":"2002-05-28T00:00:00.000-0300","categoriaRegulatoria":{"codigo":6,"descricao":"Novo"},"medicamentoReferencia":null,"categoriaProduto":null,"tipoAutorizacao":"REGISTRADO","numeroRegistroFormatado":"104540013","mesAnoVencimentoFormatado":"11/2028","acancelar":false},"empresa":{"cnpj":"60874187000184","razaoSocial":"DAIICHI SANKYO BRASIL FARMACÊUTICA LTDA","numeroAutorizacao":"1004548","cnpjFormatado":"60.874.187/0001-84"},"processo":{"numero":"2500101439750","situacao":29,"numeroProcessoFormatado":"25001.014397/50"}},{"ordem":27,"produto":{"codigo":5217,"nome":"LACTULONA","numeroRegistro":"104540043","tipo":{"codigo":1,"descricao":null},"categoria":null,"situacaoRotulo":null,"dataVencimento":"2029-05-27T00:00:00.000-0300","mesAnoVencimento":"052029","dataVencimentoRegistro":"2029-05-01T00:00:00.000-0300","principioAtivo":"LACTULOSE","situacaoApresentacao":"Válido","dataRegistro":"1996-09-23T00:00:00.000-0300","categoriaRegulatoria":{"codigo":3,"descricao":"Específico"},"medicamentoReferencia":null,"categoriaProduto":null,"tipoAutorizacao":"REGISTRADO","numeroRegistroFormatado":"104540043","mesAnoVencimentoFormatado":"05/2029","acancelar":false},"empresa":{"cnpj":"60874187000184","razaoSocial":"DAIICHI SANKYO BRASIL FARMACÊUTICA LTDA","numeroAutorizacao":"1004548","cnpjFormatado":"60.874.187/0001-84"},"processo":{"numero":"2500101336484","situacao":29,"numeroProcessoFormatado":"25001.013364/84"}},{"ordem":28,"produto":{"codigo":5479,"nome":"LOXONIN","numeroRegistro":"104540159","tipo":{"codigo":1,"descricao":null},"categoria":null,"situacaoRotulo":null,"dataVencimento":null,"mesAnoVencimento":"012029","dataVencimentoRegistro":"2029-01-01T00:00:00.000-0300","principioAtivo":"LOXOPROFENO SÓDICO","situacaoApresentacao":"Válido","dataRegistro":"1999-01-15T00:00:00.000-0300","categoriaRegulatoria":{"codigo":6,"descricao":"Novo"},"medicamentoReferencia":null,"categoriaProduto":null,"tipoAutorizacao":"REGISTRADO","numeroRegistroFormatado":"104540159","mesAnoVencimentoFormatado":"01/2029","acancelar":false},"empresa":{"cnpj":"60874187000184","razaoSocial":"DAIICHI SANKYO BRASIL FARMACÊUTICA LTDA","numeroAutorizacao":"1004548","cnpjFormatado":"60.874.187/0001-84"},"processo":{"numero":"250000046149804","situacao":29,"numeroProcessoFormatado":"25000.004614/98-04"}},{"ordem":29,"produto":{"codigo":1209337,"nome":"LOXONIN FLEX","numeroRegistro":"104540188","tipo":{"codigo":1,"descricao":null},"categoria":null,"situacaoRotulo":null,"dataVencimento":"2030-03-13T00:00:00.000-0300","mesAnoVencimento":"032030","dataVencimentoRegistro":"2030-03-01T00:00:00.000-0300","principioAtivo":"LOXOPROFENO SÓDICO","situacaoApresentacao":"Válido","dataRegistro":"2020-03-09T00:00:00.000-0300","categoriaRegulatoria":{"codigo":6,"descricao":"Novo"},"medicamentoReferencia":null,"categoriaProduto":null,"tipoAutorizacao":"REGISTRADO","numeroRegistroFormatado":"104540188","mesAnoVencimentoFormatado":"03/2030","acancelar":false},"empresa":{"cnpj":"60874187000184","razaoSocial":"DAIICHI SANKYO BRASIL FARMACÊUTICA LTDA","numeroAutorizacao":"1004548","cnpjFormatado":"60.874.187/0001-84"},"processo":{"numero":"25351558038201774","situacao":29,"numeroProcessoFormatado":"25351.558038/2017-74"}},{"ordem":30,"produto":{"codigo":5478,"nome":"LOXOPROFENO SODICO","numeroRegistro":"104540167","tipo":{"codigo":1,"descricao":null},"categoria":null,"situacaoRotulo":null,"dataVencimento":null,"mesAnoVencimento":"092006","dataVencimentoRegistro":"2006-09-01T00:00:00.000-0300","principioAtivo":null,"situacaoApresentacao":"Caduco/Cancelado","dataRegistro":"2001-09-12T00:00:00.000-0300","categoriaRegulatoria":{"codigo":8,"descricao":"Similar"},"medicamentoReferencia":null,"categoriaProduto":null,"tipoAutorizacao":"REGISTRADO","numeroRegistroFormatado":"104540167","mesAnoVencimentoFormatado":"09/2006","acancelar":false},"empresa":{"cnpj":"60874187000184","razaoSocial":"DAIICHI SANKYO BRASIL FARMACÊUTICA LTDA","numeroAutorizacao":"1004548","cnpjFormatado":"60.874.187/0001-84"},"processo":{"numero":"253510072930151","situacao":29,"numeroProcessoFormatado":"25351.007293/01-51"}},{"ordem":31,"produto":{"codigo":1355331,"nome":"LUTAB","numeroRegistro":"104540187","tipo":{"codigo":1,"descricao":null},"categoria":null,"situacaoRotulo":null,"dataVencimento":"2022-10-16T00:00:00.000-0300","mesAnoVencimento":"092029","dataVencimentoRegistro":"2029-09-01T00:00:00.000-0300","principioAtivo":"cloridrato de lurasidona","situacaoApresentacao":"Válido","dataRegistro":"2019-09-30T00:00:00.000-0300","categoriaRegulatoria":{"codigo":8,"descricao":"Similar"},"medicamentoReferencia":"LATUDA","categoriaProduto":null,"tipoAutorizacao":"REGISTRADO","numeroRegistroFormatado":"104540187","mesAnoVencimentoFormatado":"09/2029","acancelar":false},"empresa":{"cnpj":"60874187000184","razaoSocial":"DAIICHI SANKYO BRASIL FARMACÊUTICA LTDA","numeroAutorizacao":"1004548","cnpjFormatado":"60.874.187/0001-84"},"processo":{"numero":"25351846261201857","situacao":29,"numeroProcessoFormatado":"25351.846261/2018-57"}},{"ordem":32,"produto":{"codigo":1210639,"nome":"Latuda®","numeroRegistro":"104540184","tipo":{"codigo":1,"descricao":null},"categoria":null,"situacaoRotulo":null,"dataVencimento":"2022-10-16T00:00:00.000-0300","mesAnoVencimento":"102027","dataVencimentoRegistro":"2027-10-01T00:00:00.000-0300","principioAtivo":"cloridrato de lurasidona","situacaoApresentacao":"Válido","dataRegistro":"2017-10-16T00:00:00.000-0300","categoriaRegulatoria":{"codigo":6,"descricao":"Novo"},"medicamentoReferencia":null,"categoriaProduto":null,"tipoAutorizacao":"REGISTRADO","numeroRegistroFormatado":"104540184","mesAnoVencimentoFormatado":"10/2027","acancelar":false},"empresa":{"cnpj":"60874187000184","razaoSocial":"DAIICHI SANKYO BRASIL FARMACÊUTICA LTDA","numeroAutorizacao":"1004548","cnpjFormatado":"60.874.187/0001-84"},"processo":{"numero":"25351611663201590","situacao":29,"numeroProcessoFormatado":"25351.611663/2015-90"}},{"ordem":33,"produto":{"codigo":1236187,"nome":"Lixiana®","numeroRegistro":"104540185","tipo":{"codigo":1,"descricao":null},"categoria":null,"situacaoRotulo":null,"dataVencimento":"2023-03-05T00:00:00.000-0300","mesAnoVencimento":"032028","dataVencimentoRegistro":"2028-03-01T00:00:00.000-0300","principioAtivo":"tosilato de edoxabana monoidratado","situacaoApresentacao":"Válido","dataRegistro":"2018-03-05T00:00:00.000-0300","categoriaRegulatoria":{"codigo":6,"descricao":"Novo"},"medicamentoReferencia":null,"categoriaProduto":null,"tipoAutorizacao":"REGISTRADO","numeroRegistroFormatado":"104540185","mesAnoVencimentoFormatado":"03/2028","acancelar":false},"empresa":{"cnpj":"60874187000184","razaoSocial":"DAIICHI SANKYO BRASIL FARMACÊUTICA LTDA","numeroAutorizacao":"1004548","cnpjFormatado":"60.874.187/0001-84"},"processo":{"numero":"25351344356201415","situacao":29,"numeroProcessoFormatado":"25351.344356/2014-15"}},{"ordem":34,"produto":{"codigo":7052,"nome":"MEVALOTIN","numeroRegistro":"104540047","tipo":{"codigo":1,"descricao":null},"categoria":null,"situacaoRotulo":null,"dataVencimento":null,"mesAnoVencimento":"032009","dataVencimentoRegistro":"2009-03-01T00:00:00.000-0300","principioAtivo":null,"situacaoApresentacao":"Caduco/Cancelado","dataRegistro":"2000-11-01T00:00:00.000-0300","categoriaRegulatoria":{"codigo":8,"descricao":"Similar"},"medicamentoReferencia":null,"categoriaProduto":null,"tipoAutorizacao":"REGISTRADO","numeroRegistroFormatado":"104540047","mesAnoVencimentoFormatado":"03/2009","acancelar":false},"empresa":{"cnpj":"60874187000184","razaoSocial":"DAIICHI SANKYO BRASIL FARMACÊUTICA LTDA","numeroAutorizacao":"1004548","cnpjFormatado":"60.874.187/0001-84"},"processo":{"numero":"250000194329398","situacao":29,"numeroProcessoFormatado":"25000.019432/93-98"}},{"ordem":35,"produto":{"codigo":273712,"nome":"MOBILAT","numeroRegistro":"104540018","tipo":{"codigo":1,"descricao":null},"categoria":null,"situacaoRotulo":null,"dataVencimento":null,"mesAnoVencimento":"092007","dataVencimentoRegistro":"2007-09-01T00:00:00.000-0300","principioAtivo":null,"situacaoApresentacao":"Caduco/Cancelado","dataRegistro":"2003-03-21T00:00:00.000-0300","categoriaRegulatoria":{"codigo":8,"descricao":"Similar"},"medicamentoReferencia":null,"categoriaProduto":null,"tipoAutorizacao":"REGISTRADO","numeroRegistroFormatado":"104540018","mesAnoVencimentoFormatado":"09/2007","acancelar":false},"empresa":{"cnpj":"60874187000184","razaoSocial":"DAIICHI SANKYO BRASIL FARMACÊUTICA LTDA","numeroAutorizacao":"1004548","cnpjFormatado":"60.874.187/0001-84"},"processo":{"numero":"2599201309862","situacao":29,"numeroProcessoFormatado":"25992.013098/62"}},{"ordem":36,"produto":{"codigo":6597,"nome":"MONOTREAN","numeroRegistro":"104540020","tipo":{"codigo":1,"descricao":null},"categoria":null,"situacaoRotulo":null,"dataVencimento":null,"mesAnoVencimento":"052015","dataVencimentoRegistro":"2015-05-01T00:00:00.000-0300","principioAtivo":null,"situacaoApresentacao":"Caduco/Cancelado","dataRegistro":"2000-09-25T00:00:00.000-0300","categoriaRegulatoria":{"codigo":8,"descricao":"Similar"},"medicamentoReferencia":null,"categoriaProduto":null,"tipoAutorizacao":"REGISTRADO","numeroRegistroFormatado":"104540020","mesAnoVencimentoFormatado":"05/2015","acancelar":false},"empresa":{"cnpj":"60874187000184","razaoSocial":"DAIICHI SANKYO BRASIL FARMACÊUTICA LTDA","numeroAutorizacao":"1004548","cnpjFormatado":"60.874.187/0001-84"},"processo":{"numero":"2599200785233","situacao":29,"numeroProcessoFormatado":"25992.007852/33"}},{"ordem":37,"produto":{"codigo":565389,"nome":"MONOTREAN B6","numeroRegistro":"104540021","tipo":{"codigo":1,"descricao":null},"categoria":null,"situacaoRotulo":null,"dataVencimento":null,"mesAnoVencimento":"102009","dataVencimentoRegistro":"2009-10-01T00:00:00.000-0300","principioAtivo":null,"situacaoApresentacao":"Caduco/Cancelado","dataRegistro":"1984-11-14T00:00:00.000-0300","categoriaRegulatoria":{"codigo":8,"descricao":"Similar"},"medicamentoReferencia":null,"categoriaProduto":null,"tipoAutorizacao":"REGISTRADO","numeroRegistroFormatado":"104540021","mesAnoVencimentoFormatado":"10/2009","acancelar":false},"empresa":{"cnpj":"60874187000184","razaoSocial":"DAIICHI SANKYO BRASIL FARMACÊUTICA LTDA","numeroAutorizacao":"1004548","cnpjFormatado":"60.874.187/0001-84"},"processo":{"numero":"25351382466200667","situacao":29,"numeroProcessoFormatado":"25351.382466/2006-67"}},{"ordem":38,"produto":{"codigo":411495,"nome":"Mobilisin Composto","numeroRegistro":"104540019","tipo":{"codigo":1,"descricao":null},"categoria":null,"situacaoRotulo":null,"dataVencimento":null,"mesAnoVencimento":"082009","dataVencimentoRegistro":"2009-08-01T00:00:00.000-0300","principioAtivo":null,"situacaoApresentacao":"Caduco/Cancelado","dataRegistro":"1989-08-30T00:00:00.000-0300","categoriaRegulatoria":{"codigo":6,"descricao":"Novo"},"medicamentoReferencia":null,"categoriaProduto":null,"tipoAutorizacao":"REGISTRADO","numeroRegistroFormatado":"104540019","mesAnoVencimentoFormatado":"08/2009","acancelar":false},"empresa":{"cnpj":"60874187000184","razaoSocial":"DAIICHI SANKYO BRASIL FARMACÊUTICA LTDA","numeroAutorizacao":"1004548","cnpjFormatado":"60.874.187/0001-84"},"processo":{"numero":"2599201448270","situacao":29,"numeroProcessoFormatado":"25992.014482/70"}},{"ordem":39,"produto":{"codigo":692194,"nome":"OLMESARTANA MEDOXOMILA","numeroRegistro":"104540177","tipo":{"codigo":1,"descricao":null},"categoria":null,"situacaoRotulo":null,"dataVencimento":null,"mesAnoVencimento":"072015","dataVencimentoRegistro":"2015-07-01T00:00:00.000-0300","principioAtivo":null,"situacaoApresentacao":"Caduco/Cancelado","dataRegistro":"2010-07-12T00:00:00.000-0300","categoriaRegulatoria":{"codigo":5,"descricao":"Genérico"},"medicamentoReferencia":"BENICAR","categoriaProduto":null,"tipoAutorizacao":"REGISTRADO","numeroRegistroFormatado":"104540177","mesAnoVencimentoFormatado":"07/2015","acancelar":false},"empresa":{"cnpj":"60874187000184","razaoSocial":"DAIICHI SANKYO BRASIL FARMACÊUTICA LTDA","numeroAutorizacao":"1004548","cnpjFormatado":"60.874.187/0001-84"},"processo":{"numero":"25351685316200957","situacao":29,"numeroProcessoFormatado":"25351.685316/2009-57"}},{"ordem":40,"produto":{"codigo":6700,"nome":"PARACETAMOL + FENILPROPANOLAMINA + FENILTOLOXAMINA","numeroRegistro":"104540160","tipo":{"codigo":1,"descricao":null},"categoria":null,"situacaoRotulo":null,"dataVencimento":null,"mesAnoVencimento":"042003","dataVencimentoRegistro":"2003-04-01T00:00:00.000-0300","principioAtivo":null,"situacaoApresentacao":"Caduco/Cancelado","dataRegistro":"1998-04-29T00:00:00.000-0300","categoriaRegulatoria":{"codigo":8,"descricao":"Similar"},"medicamentoReferencia":null,"categoriaProduto":null,"tipoAutorizacao":"REGISTRADO","numeroRegistroFormatado":"104540160","mesAnoVencimentoFormatado":"04/2003","acancelar":false},"empresa":{"cnpj":"60874187000184","razaoSocial":"DAIICHI SANKYO BRASIL FARMACÊUTICA LTDA","numeroAutorizacao":"1004548","cnpjFormatado":"60.874.187/0001-84"},"processo":{"numero":"250000009489818","situacao":29,"numeroProcessoFormatado":"25000.000948/98-18"}},{"ordem":41,"produto":{"codigo":6723,"nome":"PARACETAMOL+DIMETINDENO+RUTOSIDEOS+ACASCORBICO+FENILEFRINA","numeroRegistro":"104540156","tipo":{"codigo":1,"descricao":null},"categoria":null,"situacaoRotulo":null,"dataVencimento":null,"mesAnoVencimento":"022003","dataVencimentoRegistro":"2003-02-01T00:00:00.000-0300","principioAtivo":null,"situacaoApresentacao":"Caduco/Cancelado","dataRegistro":"1998-02-13T00:00:00.000-0300","categoriaRegulatoria":{"codigo":8,"descricao":"Similar"},"medicamentoReferencia":null,"categoriaProduto":null,"tipoAutorizacao":"REGISTRADO","numeroRegistroFormatado":"104540156","mesAnoVencimentoFormatado":"02/2003","acancelar":false},"empresa":{"cnpj":"60874187000184","razaoSocial":"DAIICHI SANKYO BRASIL FARMACÊUTICA LTDA","numeroAutorizacao":"1004548","cnpjFormatado":"60.874.187/0001-84"},"processo":{"numero":"250000100439721","situacao":29,"numeroProcessoFormatado":"25000.010043/97-21"}},{"ordem":42,"produto":{"codigo":137811,"nome":"PIROXICAM","numeroRegistro":"104540037","tipo":{"codigo":1,"descricao":null},"categoria":null,"situacaoRotulo":null,"dataVencimento":null,"mesAnoVencimento":"102003","dataVencimentoRegistro":"2003-10-01T00:00:00.000-0300","principioAtivo":null,"situacaoApresentacao":"Caduco/Cancelado","dataRegistro":"2002-07-17T00:00:00.000-0300","categoriaRegulatoria":{"codigo":8,"descricao":"Similar"},"medicamentoReferencia":null,"categoriaProduto":null,"tipoAutorizacao":"REGISTRADO","numeroRegistroFormatado":"104540037","mesAnoVencimentoFormatado":"10/2003","acancelar":false},"empresa":{"cnpj":"60874187000184","razaoSocial":"DAIICHI SANKYO BRASIL FARMACÊUTICA LTDA","numeroAutorizacao":"1004548","cnpjFormatado":"60.874.187/0001-84"},"processo":{"numero":"2500100118483","situacao":29,"numeroProcessoFormatado":"25001.001184/83"}},{"ordem":43,"produto":{"codigo":545033,"nome":"PROCUTAN","numeroRegistro":"104540046","tipo":{"codigo":1,"descricao":null},"categoria":null,"situacaoRotulo":null,"dataVencimento":null,"mesAnoVencimento":"032004","dataVencimentoRegistro":"2004-03-01T00:00:00.000-0300","principioAtivo":null,"situacaoApresentacao":"Caduco/Cancelado","dataRegistro":"1994-03-02T00:00:00.000-0300","categoriaRegulatoria":{"codigo":8,"descricao":"Similar"},"medicamentoReferencia":null,"categoriaProduto":null,"tipoAutorizacao":"REGISTRADO","numeroRegistroFormatado":"104540046","mesAnoVencimentoFormatado":"03/2004","acancelar":false},"empresa":{"cnpj":"60874187000184","razaoSocial":"DAIICHI SANKYO BRASIL FARMACÊUTICA LTDA","numeroAutorizacao":"1004548","cnpjFormatado":"60.874.187/0001-84"},"processo":{"numero":"250000152719317","situacao":29,"numeroProcessoFormatado":"25000.015271/93-17"}},{"ordem":44,"produto":{"codigo":2319335,"nome":"RADICAVA","numeroRegistro":"104540192","tipo":{"codigo":1,"descricao":null},"categoria":null,"situacaoRotulo":null,"dataVencimento":null,"mesAnoVencimento":"032026","dataVencimentoRegistro":"2026-03-01T00:00:00.000-0300","principioAtivo":"EDARAVONA","situacaoApresentacao":"Válido","dataRegistro":"2023-03-06T00:00:00.000-0300","categoriaRegulatoria":{"codigo":6,"descricao":"Novo"},"medicamentoReferencia":null,"categoriaProduto":null,"tipoAutorizacao":"REGISTRADO","numeroRegistroFormatado":"104540192","mesAnoVencimentoFormatado":"03/2026","acancelar":false},"empresa":{"cnpj":"60874187000184","razaoSocial":"DAIICHI SANKYO BRASIL FARMACÊUTICA LTDA","numeroAutorizacao":"1004548","cnpjFormatado":"60.874.187/0001-84"},"processo":{"numero":"25351654677202146","situacao":29,"numeroProcessoFormatado":"25351.654677/2021-46"}},{"ordem":45,"produto":{"codigo":1325129,"nome":"ROTEAS","numeroRegistro":"104540186","tipo":{"codigo":1,"descricao":null},"categoria":null,"situacaoRotulo":null,"dataVencimento":"2023-03-05T00:00:00.000-0300","mesAnoVencimento":"052029","dataVencimentoRegistro":"2029-05-01T00:00:00.000-0300","principioAtivo":"tosilato de edoxabana monoidratado","situacaoApresentacao":"Válido","dataRegistro":"2019-05-27T00:00:00.000-0300","categoriaRegulatoria":{"codigo":8,"descricao":"Similar"},"medicamentoReferencia":"LIXIANA","categoriaProduto":null,"tipoAutorizacao":"REGISTRADO","numeroRegistroFormatado":"104540186","mesAnoVencimentoFormatado":"05/2029","acancelar":false},"empresa":{"cnpj":"60874187000184","razaoSocial":"DAIICHI SANKYO BRASIL FARMACÊUTICA LTDA","numeroAutorizacao":"1004548","cnpjFormatado":"60.874.187/0001-84"},"processo":{"numero":"25351086629201906","situacao":29,"numeroProcessoFormatado":"25351.086629/2019-06"}},{"ordem":46,"produto":{"codigo":1068328,"nome":"SANCOL","numeroRegistro":"104540179","tipo":{"codigo":1,"descricao":null},"categoria":null,"situacaoRotulo":null,"dataVencimento":null,"mesAnoVencimento":"102020","dataVencimentoRegistro":"2020-10-01T00:00:00.000-0300","principioAtivo":null,"situacaoApresentacao":"Caduco/Cancelado","dataRegistro":"2015-10-05T00:00:00.000-0300","categoriaRegulatoria":{"codigo":8,"descricao":"Similar"},"medicamentoReferencia":"CRESTOR","categoriaProduto":null,"tipoAutorizacao":"REGISTRADO","numeroRegistroFormatado":"104540179","mesAnoVencimentoFormatado":"10/2020","acancelar":false},"empresa":{"cnpj":"60874187000184","razaoSocial":"DAIICHI SANKYO BRASIL FARMACÊUTICA LTDA","numeroAutorizacao":"1004548","cnpjFormatado":"60.874.187/0001-84"},"processo":{"numero":"25351279640201490","situacao":29,"numeroProcessoFormatado":"25351.279640/2014-90"}},{"ordem":47,"produto":{"codigo":1102907,"nome":"SCITALAX","numeroRegistro":"104540181","tipo":{"codigo":1,"descricao":null},"categoria":null,"situacaoRotulo":null,"dataVencimento":null,"mesAnoVencimento":"052021","dataVencimentoRegistro":"2021-05-01T00:00:00.000-0300","principioAtivo":null,"situacaoApresentacao":"Caduco/Cancelado","dataRegistro":"2016-05-16T00:00:00.000-0300","categoriaRegulatoria":{"codigo":8,"descricao":"Similar"},"medicamentoReferencia":"LEXAPRO","categoriaProduto":null,"tipoAutorizacao":"REGISTRADO","numeroRegistroFormatado":"104540181","mesAnoVencimentoFormatado":"05/2021","acancelar":false},"empresa":{"cnpj":"60874187000184","razaoSocial":"DAIICHI SANKYO BRASIL FARMACÊUTICA LTDA","numeroAutorizacao":"1004548","cnpjFormatado":"60.874.187/0001-84"},"processo":{"numero":"25351412794201596","situacao":29,"numeroProcessoFormatado":"25351.412794/2015-96"}},{"ordem":48,"produto":{"codigo":1858,"nome":"SISPORIN","numeroRegistro":"104540163","tipo":{"codigo":1,"descricao":null},"categoria":null,"situacaoRotulo":null,"dataVencimento":null,"mesAnoVencimento":"122004","dataVencimentoRegistro":"2004-12-01T00:00:00.000-0300","principioAtivo":null,"situacaoApresentacao":"Caduco/Cancelado","dataRegistro":"1999-12-20T00:00:00.000-0200","categoriaRegulatoria":{"codigo":8,"descricao":"Similar"},"medicamentoReferencia":null,"categoriaProduto":null,"tipoAutorizacao":"REGISTRADO","numeroRegistroFormatado":"104540163","mesAnoVencimentoFormatado":"12/2004","acancelar":false},"empresa":{"cnpj":"60874187000184","razaoSocial":"DAIICHI SANKYO BRASIL FARMACÊUTICA LTDA","numeroAutorizacao":"1004548","cnpjFormatado":"60.874.187/0001-84"},"processo":{"numero":"250000322339790","situacao":29,"numeroProcessoFormatado":"25000.032233/97-90"}},{"ordem":49,"produto":{"codigo":7588,"nome":"SULFASALAZINA","numeroRegistro":"104540153","tipo":{"codigo":1,"descricao":null},"categoria":null,"situacaoRotulo":null,"dataVencimento":null,"mesAnoVencimento":"022002","dataVencimentoRegistro":"2002-02-01T00:00:00.000-0200","principioAtivo":null,"situacaoApresentacao":"Caduco/Cancelado","dataRegistro":"1997-02-06T00:00:00.000-0300","categoriaRegulatoria":{"codigo":8,"descricao":"Similar"},"medicamentoReferencia":null,"categoriaProduto":null,"tipoAutorizacao":"REGISTRADO","numeroRegistroFormatado":"104540153","mesAnoVencimentoFormatado":"02/2002","acancelar":false},"empresa":{"cnpj":"60874187000184","razaoSocial":"DAIICHI SANKYO BRASIL FARMACÊUTICA LTDA","numeroAutorizacao":"1004548","cnpjFormatado":"60.874.187/0001-84"},"processo":{"numero":"250000309849691","situacao":29,"numeroProcessoFormatado":"25000.030984/96-91"}},{"ordem":50,"produto":{"codigo":6983,"nome":"SUSTRESS PLUS","numeroRegistro":"104540154","tipo":{"codigo":1,"descricao":null},"categoria":null,"situacaoRotulo":null,"dataVencimento":null,"mesAnoVencimento":"092007","dataVencimentoRegistro":"2007-09-01T00:00:00.000-0300","principioAtivo":null,"situacaoApresentacao":"Caduco/Cancelado","dataRegistro":"1997-09-04T00:00:00.000-0300","categoriaRegulatoria":{"codigo":8,"descricao":"Similar"},"medicamentoReferencia":null,"categoriaProduto":null,"tipoAutorizacao":"REGISTRADO","numeroRegistroFormatado":"104540154","mesAnoVencimentoFormatado":"09/2007","acancelar":false},"empresa":{"cnpj":"60874187000184","razaoSocial":"DAIICHI SANKYO BRASIL FARMACÊUTICA LTDA","numeroAutorizacao":"1004548","cnpjFormatado":"60.874.187/0001-84"},"processo":{"numero":"250000309879689","situacao":29,"numeroProcessoFormatado":"25000.030987/96-89"}},{"ordem":51,"produto":{"codigo":8117,"nome":"TROMBOPLASTINA + ASSOC.","numeroRegistro":"104540006","tipo":{"codigo":1,"descricao":null},"categoria":null,"situacaoRotulo":null,"dataVencimento":null,"mesAnoVencimento":"062010","dataVencimentoRegistro":"2010-06-01T00:00:00.000-0300","principioAtivo":null,"situacaoApresentacao":"Caduco/Cancelado","dataRegistro":"2001-07-04T00:00:00.000-0300","categoriaRegulatoria":{"codigo":6,"descricao":"Novo"},"medicamentoReferencia":null,"categoriaProduto":null,"tipoAutorizacao":"REGISTRADO","numeroRegistroFormatado":"104540006","mesAnoVencimentoFormatado":"06/2010","acancelar":false},"empresa":{"cnpj":"60874187000184","razaoSocial":"DAIICHI SANKYO BRASIL FARMACÊUTICA LTDA","numeroAutorizacao":"1004548","cnpjFormatado":"60.874.187/0001-84"},"processo":{"numero":"2500000115635","situacao":29,"numeroProcessoFormatado":"25000.001156/35"}}],"totalPages":1,"totalElements":51,"last":true,"numberOfElements":51,"first":true,"sort":null,"size":1000,"number":0}