{"content":[{"ordem":1,"produto":{"codigo":475696,"nome":"ADRENOXIL","numeroRegistro":"100810004","tipo":{"codigo":1,"descricao":null},"categoria":null,"situacaoRotulo":null,"dataVencimento":null,"mesAnoVencimento":"122004","dataVencimentoRegistro":"2004-12-01T00:00:00.000-0300","principioAtivo":null,"situacaoApresentacao":"Caduco/Cancelado","dataRegistro":"1980-05-26T00:00:00.000-0300","categoriaRegulatoria":{"codigo":8,"descricao":"Similar"},"medicamentoReferencia":null,"categoriaProduto":null,"tipoAutorizacao":"REGISTRADO","numeroRegistroFormatado":"100810004","mesAnoVencimentoFormatado":"12/2004","acancelar":false},"empresa":{"cnpj":"61103503000187","razaoSocial":"LABORATORIO CLIMAX SA","numeroAutorizacao":"1000819","cnpjFormatado":"61.103.503/0001-87"},"processo":{"numero":"2599100321478","situacao":29,"numeroProcessoFormatado":"25991.003214/78"}},{"ordem":2,"produto":{"codigo":372251,"nome":"Acrosin","numeroRegistro":"100810094","tipo":{"codigo":1,"descricao":null},"categoria":null,"situacaoRotulo":null,"dataVencimento":null,"mesAnoVencimento":"052005","dataVencimentoRegistro":"2005-05-01T00:00:00.000-0300","principioAtivo":null,"situacaoApresentacao":"Caduco/Cancelado","dataRegistro":"1979-07-11T00:00:00.000-0300","categoriaRegulatoria":{"codigo":8,"descricao":"Similar"},"medicamentoReferencia":null,"categoriaProduto":null,"tipoAutorizacao":"REGISTRADO","numeroRegistroFormatado":"100810094","mesAnoVencimentoFormatado":"05/2005","acancelar":false},"empresa":{"cnpj":"61103503000187","razaoSocial":"LABORATORIO CLIMAX SA","numeroAutorizacao":"1000819","cnpjFormatado":"61.103.503/0001-87"},"processo":{"numero":"2599101256078","situacao":29,"numeroProcessoFormatado":"25991.012560/78"}},{"ordem":3,"produto":{"codigo":372638,"nome":"BELACODID","numeroRegistro":"100810093","tipo":{"codigo":1,"descricao":null},"categoria":null,"situacaoRotulo":null,"dataVencimento":null,"mesAnoVencimento":"012005","dataVencimentoRegistro":"2005-01-01T00:00:00.000-0300","principioAtivo":null,"situacaoApresentacao":"Caduco/Cancelado","dataRegistro":"1979-12-13T00:00:00.000-0300","categoriaRegulatoria":{"codigo":8,"descricao":"Similar"},"medicamentoReferencia":null,"categoriaProduto":null,"tipoAutorizacao":"REGISTRADO","numeroRegistroFormatado":"100810093","mesAnoVencimentoFormatado":"01/2005","acancelar":false},"empresa":{"cnpj":"61103503000187","razaoSocial":"LABORATORIO CLIMAX SA","numeroAutorizacao":"1000819","cnpjFormatado":"61.103.503/0001-87"},"processo":{"numero":"2599200755641","situacao":29,"numeroProcessoFormatado":"25992.007556/41"}},{"ordem":4,"produto":{"codigo":468194,"nome":"FLEXAMINA","numeroRegistro":"100810028","tipo":{"codigo":1,"descricao":null},"categoria":null,"situacaoRotulo":null,"dataVencimento":null,"mesAnoVencimento":"122004","dataVencimentoRegistro":"2004-12-01T00:00:00.000-0300","principioAtivo":null,"situacaoApresentacao":"Caduco/Cancelado","dataRegistro":"1980-05-20T00:00:00.000-0300","categoriaRegulatoria":{"codigo":8,"descricao":"Similar"},"medicamentoReferencia":null,"categoriaProduto":null,"tipoAutorizacao":"REGISTRADO","numeroRegistroFormatado":"100810028","mesAnoVencimentoFormatado":"12/2004","acancelar":false},"empresa":{"cnpj":"61103503000187","razaoSocial":"LABORATORIO CLIMAX SA","numeroAutorizacao":"1000819","cnpjFormatado":"61.103.503/0001-87"},"processo":{"numero":"2599101563478","situacao":29,"numeroProcessoFormatado":"25991.015634/78"}},{"ordem":5,"produto":{"codigo":126353,"nome":"GADUOL","numeroRegistro":"100810030","tipo":{"codigo":1,"descricao":null},"categoria":null,"situacaoRotulo":null,"dataVencimento":null,"mesAnoVencimento":"062006","dataVencimentoRegistro":"2006-06-01T00:00:00.000-0300","principioAtivo":null,"situacaoApresentacao":"Caduco/Cancelado","dataRegistro":"2002-04-23T00:00:00.000-0300","categoriaRegulatoria":{"codigo":3,"descricao":"Específico"},"medicamentoReferencia":null,"categoriaProduto":null,"tipoAutorizacao":"REGISTRADO","numeroRegistroFormatado":"100810030","mesAnoVencimentoFormatado":"06/2006","acancelar":false},"empresa":{"cnpj":"61103503000187","razaoSocial":"LABORATORIO CLIMAX SA","numeroAutorizacao":"1000819","cnpjFormatado":"61.103.503/0001-87"},"processo":{"numero":"2599201581950","situacao":29,"numeroProcessoFormatado":"25992.015819/50"}},{"ordem":6,"produto":{"codigo":5257,"nome":"LANSOMAX","numeroRegistro":"100810089","tipo":{"codigo":1,"descricao":null},"categoria":null,"situacaoRotulo":null,"dataVencimento":null,"mesAnoVencimento":"102004","dataVencimentoRegistro":"2004-10-01T00:00:00.000-0300","principioAtivo":null,"situacaoApresentacao":"Caduco/Cancelado","dataRegistro":"1999-10-11T00:00:00.000-0200","categoriaRegulatoria":{"codigo":8,"descricao":"Similar"},"medicamentoReferencia":null,"categoriaProduto":null,"tipoAutorizacao":"REGISTRADO","numeroRegistroFormatado":"100810089","mesAnoVencimentoFormatado":"10/2004","acancelar":false},"empresa":{"cnpj":"61103503000187","razaoSocial":"LABORATORIO CLIMAX SA","numeroAutorizacao":"1000819","cnpjFormatado":"61.103.503/0001-87"},"processo":{"numero":"250000042619989","situacao":29,"numeroProcessoFormatado":"25000.004261/99-89"}},{"ordem":7,"produto":{"codigo":126246,"nome":"LINFOCILIN","numeroRegistro":"100810092","tipo":{"codigo":1,"descricao":null},"categoria":null,"situacaoRotulo":null,"dataVencimento":null,"mesAnoVencimento":"032007","dataVencimentoRegistro":"2007-03-01T00:00:00.000-0300","principioAtivo":null,"situacaoApresentacao":"Caduco/Cancelado","dataRegistro":"2002-06-17T00:00:00.000-0300","categoriaRegulatoria":{"codigo":8,"descricao":"Similar"},"medicamentoReferencia":null,"categoriaProduto":null,"tipoAutorizacao":"REGISTRADO","numeroRegistroFormatado":"100810092","mesAnoVencimentoFormatado":"03/2007","acancelar":false},"empresa":{"cnpj":"61103503000187","razaoSocial":"LABORATORIO CLIMAX SA","numeroAutorizacao":"1000819","cnpjFormatado":"61.103.503/0001-87"},"processo":{"numero":"2599200236352","situacao":29,"numeroProcessoFormatado":"25992.002363/52"}},{"ordem":8,"produto":{"codigo":6911,"nome":"LISEDEMA","numeroRegistro":"100810040","tipo":{"codigo":1,"descricao":null},"categoria":null,"situacaoRotulo":null,"dataVencimento":null,"mesAnoVencimento":"042002","dataVencimentoRegistro":"2002-04-01T00:00:00.000-0300","principioAtivo":null,"situacaoApresentacao":"Caduco/Cancelado","dataRegistro":"2001-09-20T00:00:00.000-0300","categoriaRegulatoria":{"codigo":8,"descricao":"Similar"},"medicamentoReferencia":null,"categoriaProduto":null,"tipoAutorizacao":"REGISTRADO","numeroRegistroFormatado":"100810040","mesAnoVencimentoFormatado":"04/2002","acancelar":false},"empresa":{"cnpj":"61103503000187","razaoSocial":"LABORATORIO CLIMAX SA","numeroAutorizacao":"1000819","cnpjFormatado":"61.103.503/0001-87"},"processo":{"numero":"2500100193981","situacao":29,"numeroProcessoFormatado":"25001.001939/81"}},{"ordem":9,"produto":{"codigo":5679,"nome":"MELOXICAN","numeroRegistro":"100810090","tipo":{"codigo":1,"descricao":null},"categoria":null,"situacaoRotulo":null,"dataVencimento":null,"mesAnoVencimento":"012005","dataVencimentoRegistro":"2005-01-01T00:00:00.000-0300","principioAtivo":null,"situacaoApresentacao":"Caduco/Cancelado","dataRegistro":"2000-01-13T00:00:00.000-0200","categoriaRegulatoria":{"codigo":8,"descricao":"Similar"},"medicamentoReferencia":null,"categoriaProduto":null,"tipoAutorizacao":"REGISTRADO","numeroRegistroFormatado":"100810090","mesAnoVencimentoFormatado":"01/2005","acancelar":false},"empresa":{"cnpj":"61103503000187","razaoSocial":"LABORATORIO CLIMAX SA","numeroAutorizacao":"1000819","cnpjFormatado":"61.103.503/0001-87"},"processo":{"numero":"250000045709911","situacao":29,"numeroProcessoFormatado":"25000.004570/99-11"}},{"ordem":10,"produto":{"codigo":570067,"nome":"NIFECLIM","numeroRegistro":"100810096","tipo":{"codigo":1,"descricao":null},"categoria":null,"situacaoRotulo":null,"dataVencimento":null,"mesAnoVencimento":"062005","dataVencimentoRegistro":"2005-06-01T00:00:00.000-0300","principioAtivo":null,"situacaoApresentacao":"Caduco/Cancelado","dataRegistro":"1980-06-11T00:00:00.000-0300","categoriaRegulatoria":{"codigo":8,"descricao":"Similar"},"medicamentoReferencia":null,"categoriaProduto":null,"tipoAutorizacao":"REGISTRADO","numeroRegistroFormatado":"100810096","mesAnoVencimentoFormatado":"06/2005","acancelar":false},"empresa":{"cnpj":"61103503000187","razaoSocial":"LABORATORIO CLIMAX SA","numeroAutorizacao":"1000819","cnpjFormatado":"61.103.503/0001-87"},"processo":{"numero":"2599203303976","situacao":29,"numeroProcessoFormatado":"25992.033039/76"}},{"ordem":11,"produto":{"codigo":6105,"nome":"NIFEDIPINA","numeroRegistro":"100810042","tipo":{"codigo":1,"descricao":null},"categoria":null,"situacaoRotulo":null,"dataVencimento":null,"mesAnoVencimento":"062005","dataVencimentoRegistro":"2005-06-01T00:00:00.000-0300","principioAtivo":null,"situacaoApresentacao":"Caduco/Cancelado","dataRegistro":"2000-09-01T00:00:00.000-0300","categoriaRegulatoria":{"codigo":8,"descricao":"Similar"},"medicamentoReferencia":null,"categoriaProduto":null,"tipoAutorizacao":"REGISTRADO","numeroRegistroFormatado":"100810042","mesAnoVencimentoFormatado":"06/2005","acancelar":false},"empresa":{"cnpj":"61103503000187","razaoSocial":"LABORATORIO CLIMAX SA","numeroAutorizacao":"1000819","cnpjFormatado":"61.103.503/0001-87"},"processo":{"numero":"2500003303976","situacao":29,"numeroProcessoFormatado":"25000.033039/76"}},{"ordem":12,"produto":{"codigo":6411,"nome":"OMEC","numeroRegistro":"100810091","tipo":{"codigo":1,"descricao":null},"categoria":null,"situacaoRotulo":null,"dataVencimento":null,"mesAnoVencimento":"062005","dataVencimentoRegistro":"2005-06-01T00:00:00.000-0300","principioAtivo":null,"situacaoApresentacao":"Caduco/Cancelado","dataRegistro":"2000-06-15T00:00:00.000-0300","categoriaRegulatoria":{"codigo":8,"descricao":"Similar"},"medicamentoReferencia":null,"categoriaProduto":null,"tipoAutorizacao":"REGISTRADO","numeroRegistroFormatado":"100810091","mesAnoVencimentoFormatado":"06/2005","acancelar":false},"empresa":{"cnpj":"61103503000187","razaoSocial":"LABORATORIO CLIMAX SA","numeroAutorizacao":"1000819","cnpjFormatado":"61.103.503/0001-87"},"processo":{"numero":"250000045659973","situacao":29,"numeroProcessoFormatado":"25000.004565/99-73"}},{"ordem":13,"produto":{"codigo":6593,"nome":"PANTOPRIN","numeroRegistro":"100810088","tipo":{"codigo":1,"descricao":null},"categoria":null,"situacaoRotulo":null,"dataVencimento":null,"mesAnoVencimento":"092004","dataVencimentoRegistro":"2004-09-01T00:00:00.000-0300","principioAtivo":null,"situacaoApresentacao":"Caduco/Cancelado","dataRegistro":"1999-09-23T00:00:00.000-0300","categoriaRegulatoria":{"codigo":8,"descricao":"Similar"},"medicamentoReferencia":null,"categoriaProduto":null,"tipoAutorizacao":"REGISTRADO","numeroRegistroFormatado":"100810088","mesAnoVencimentoFormatado":"09/2004","acancelar":false},"empresa":{"cnpj":"61103503000187","razaoSocial":"LABORATORIO CLIMAX SA","numeroAutorizacao":"1000819","cnpjFormatado":"61.103.503/0001-87"},"processo":{"numero":"250000045649919","situacao":29,"numeroProcessoFormatado":"25000.004564/99-19"}},{"ordem":14,"produto":{"codigo":469059,"nome":"TAZEPIN","numeroRegistro":"100810073","tipo":{"codigo":1,"descricao":null},"categoria":null,"situacaoRotulo":null,"dataVencimento":null,"mesAnoVencimento":"062005","dataVencimentoRegistro":"2005-06-01T00:00:00.000-0300","principioAtivo":null,"situacaoApresentacao":"Caduco/Cancelado","dataRegistro":"1980-06-26T00:00:00.000-0300","categoriaRegulatoria":{"codigo":8,"descricao":"Similar"},"medicamentoReferencia":null,"categoriaProduto":null,"tipoAutorizacao":"REGISTRADO","numeroRegistroFormatado":"100810073","mesAnoVencimentoFormatado":"06/2005","acancelar":false},"empresa":{"cnpj":"61103503000187","razaoSocial":"LABORATORIO CLIMAX SA","numeroAutorizacao":"1000819","cnpjFormatado":"61.103.503/0001-87"},"processo":{"numero":"2599100630380","situacao":29,"numeroProcessoFormatado":"25991.006303/80"}},{"ordem":15,"produto":{"codigo":141024,"nome":"THIAMINOSE","numeroRegistro":"100810063","tipo":{"codigo":1,"descricao":null},"categoria":null,"situacaoRotulo":null,"dataVencimento":null,"mesAnoVencimento":"092007","dataVencimentoRegistro":"2007-09-01T00:00:00.000-0300","principioAtivo":null,"situacaoApresentacao":"Caduco/Cancelado","dataRegistro":"2002-09-18T00:00:00.000-0300","categoriaRegulatoria":{"codigo":3,"descricao":"Específico"},"medicamentoReferencia":null,"categoriaProduto":null,"tipoAutorizacao":"REGISTRADO","numeroRegistroFormatado":"100810063","mesAnoVencimentoFormatado":"09/2007","acancelar":false},"empresa":{"cnpj":"61103503000187","razaoSocial":"LABORATORIO CLIMAX SA","numeroAutorizacao":"1000819","cnpjFormatado":"61.103.503/0001-87"},"processo":{"numero":"2599200060942","situacao":29,"numeroProcessoFormatado":"25992.000609/42"}},{"ordem":16,"produto":{"codigo":5599,"nome":"VERMICINA","numeroRegistro":"100810065","tipo":{"codigo":1,"descricao":null},"categoria":null,"situacaoRotulo":null,"dataVencimento":null,"mesAnoVencimento":"122005","dataVencimentoRegistro":"2005-12-01T00:00:00.000-0300","principioAtivo":null,"situacaoApresentacao":"Caduco/Cancelado","dataRegistro":"2000-12-29T00:00:00.000-0300","categoriaRegulatoria":{"codigo":8,"descricao":"Similar"},"medicamentoReferencia":null,"categoriaProduto":null,"tipoAutorizacao":"REGISTRADO","numeroRegistroFormatado":"100810065","mesAnoVencimentoFormatado":"12/2005","acancelar":false},"empresa":{"cnpj":"61103503000187","razaoSocial":"LABORATORIO CLIMAX SA","numeroAutorizacao":"1000819","cnpjFormatado":"61.103.503/0001-87"},"processo":{"numero":"2599200798144","situacao":29,"numeroProcessoFormatado":"25992.007981/44"}}],"totalElements":16,"totalPages":1,"last":true,"numberOfElements":16,"first":true,"sort":null,"size":1000,"number":0}