{"content":[{"ordem":1,"produto":{"codigo":4993,"nome":"HEBERON ALFA R","numeroRegistro":"117470003","tipo":{"codigo":1,"descricao":null},"categoria":null,"situacaoRotulo":null,"dataVencimento":null,"mesAnoVencimento":"072008","dataVencimentoRegistro":"2008-07-01T00:00:00.000-0300","principioAtivo":null,"situacaoApresentacao":"Caduco/Cancelado","dataRegistro":"1993-07-05T00:00:00.000-0300","categoriaRegulatoria":{"codigo":8,"descricao":"Similar"},"medicamentoReferencia":null,"categoriaProduto":null,"tipoAutorizacao":"REGISTRADO","numeroRegistroFormatado":"117470003","mesAnoVencimentoFormatado":"07/2008","acancelar":false},"empresa":{"cnpj":"61774717000185","razaoSocial":"CUBANACAN COMÉRCIO INTERNACIONAL LTDA","numeroAutorizacao":null,"cnpjFormatado":"61.774.717/0001-85"},"processo":{"numero":"250000054299224","situacao":29,"numeroProcessoFormatado":"25000.005429/92-24"}},{"ordem":2,"produto":{"codigo":4018,"nome":"MELAGENINA PLUS","numeroRegistro":"117470001","tipo":{"codigo":1,"descricao":null},"categoria":null,"situacaoRotulo":null,"dataVencimento":null,"mesAnoVencimento":"052008","dataVencimentoRegistro":"2008-05-01T00:00:00.000-0300","principioAtivo":null,"situacaoApresentacao":"Caduco/Cancelado","dataRegistro":"2000-10-25T00:00:00.000-0300","categoriaRegulatoria":{"codigo":3,"descricao":"Específico"},"medicamentoReferencia":null,"categoriaProduto":null,"tipoAutorizacao":"REGISTRADO","numeroRegistroFormatado":"117470001","mesAnoVencimentoFormatado":"05/2008","acancelar":false},"empresa":{"cnpj":"61774717000185","razaoSocial":"CUBANACAN COMÉRCIO INTERNACIONAL LTDA","numeroAutorizacao":null,"cnpjFormatado":"61.774.717/0001-85"},"processo":{"numero":"250000133479136","situacao":29,"numeroProcessoFormatado":"25000.013347/91-36"}},{"ordem":3,"produto":{"codigo":331024,"nome":"VACINA ADN RECOMINANTE CONTRA A HEPATITE B","numeroRegistro":"117470004","tipo":{"codigo":1,"descricao":null},"categoria":null,"situacaoRotulo":null,"dataVencimento":null,"mesAnoVencimento":"072008","dataVencimentoRegistro":"2008-07-01T00:00:00.000-0300","principioAtivo":null,"situacaoApresentacao":"Caduco/Cancelado","dataRegistro":"1993-07-05T00:00:00.000-0300","categoriaRegulatoria":{"codigo":6,"descricao":"Novo"},"medicamentoReferencia":null,"categoriaProduto":null,"tipoAutorizacao":"REGISTRADO","numeroRegistroFormatado":"117470004","mesAnoVencimentoFormatado":"07/2008","acancelar":false},"empresa":{"cnpj":"61774717000185","razaoSocial":"CUBANACAN COMÉRCIO INTERNACIONAL LTDA","numeroAutorizacao":null,"cnpjFormatado":"61.774.717/0001-85"},"processo":{"numero":"250000054369290","situacao":29,"numeroProcessoFormatado":"25000.005436/92-90"}},{"ordem":4,"produto":{"codigo":331026,"nome":"vacina meningocócica BC","numeroRegistro":"117470005","tipo":{"codigo":1,"descricao":null},"categoria":null,"situacaoRotulo":null,"dataVencimento":null,"mesAnoVencimento":"082008","dataVencimentoRegistro":"2008-08-01T00:00:00.000-0300","principioAtivo":null,"situacaoApresentacao":"Caduco/Cancelado","dataRegistro":"1993-07-05T00:00:00.000-0300","categoriaRegulatoria":{"codigo":8,"descricao":"Similar"},"medicamentoReferencia":null,"categoriaProduto":null,"tipoAutorizacao":"REGISTRADO","numeroRegistroFormatado":"117470005","mesAnoVencimentoFormatado":"08/2008","acancelar":false},"empresa":{"cnpj":"61774717000185","razaoSocial":"CUBANACAN COMÉRCIO INTERNACIONAL LTDA","numeroAutorizacao":null,"cnpjFormatado":"61.774.717/0001-85"},"processo":{"numero":"250000133469173","situacao":29,"numeroProcessoFormatado":"25000.013346/91-73"}}],"totalPages":1,"totalElements":4,"last":true,"numberOfElements":4,"size":1000,"number":0,"first":true,"sort":null}