{"content":[{"ordem":1,"produto":{"codigo":74,"nome":" IMUNOCIANINA","numeroRegistro":"123610046","tipo":{"codigo":1,"descricao":null},"categoria":null,"situacaoRotulo":null,"dataVencimento":null,"mesAnoVencimento":"092006","dataVencimentoRegistro":"2006-09-01T00:00:00.000-0300","principioAtivo":null,"situacaoApresentacao":"Caduco/Cancelado","dataRegistro":"2001-09-12T00:00:00.000-0300","categoriaRegulatoria":{"codigo":6,"descricao":"Novo"},"medicamentoReferencia":null,"categoriaProduto":null,"tipoAutorizacao":"REGISTRADO","numeroRegistroFormatado":"123610046","mesAnoVencimentoFormatado":"09/2006","acancelar":false},"empresa":{"cnpj":"64711500000114","razaoSocial":"UCB BIOPHARMA LTDA.","numeroAutorizacao":"1023619","cnpjFormatado":"64.711.500/0001-14"},"processo":{"numero":"253510025030115","situacao":29,"numeroProcessoFormatado":"25351.002503/01-15"}},{"ordem":2,"produto":{"codigo":418156,"nome":"ALBUMINA HUMANA 20%","numeroRegistro":"123610059","tipo":{"codigo":1,"descricao":null},"categoria":null,"situacaoRotulo":null,"dataVencimento":null,"mesAnoVencimento":"012011","dataVencimentoRegistro":"2011-01-01T00:00:00.000-0300","principioAtivo":null,"situacaoApresentacao":"Caduco/Cancelado","dataRegistro":"2006-01-30T00:00:00.000-0300","categoriaRegulatoria":{"codigo":1,"descricao":"Biológico"},"medicamentoReferencia":null,"categoriaProduto":null,"tipoAutorizacao":"REGISTRADO","numeroRegistroFormatado":"123610059","mesAnoVencimentoFormatado":"01/2011","acancelar":false},"empresa":{"cnpj":"64711500000114","razaoSocial":"UCB BIOPHARMA LTDA.","numeroAutorizacao":"1023619","cnpjFormatado":"64.711.500/0001-14"},"processo":{"numero":"25351254311200551","situacao":29,"numeroProcessoFormatado":"25351.254311/2005-51"}},{"ordem":3,"produto":{"codigo":124842,"nome":"ALBUREX 20","numeroRegistro":"123610049","tipo":{"codigo":1,"descricao":null},"categoria":null,"situacaoRotulo":null,"dataVencimento":null,"mesAnoVencimento":"052012","dataVencimentoRegistro":"2012-05-01T00:00:00.000-0300","principioAtivo":null,"situacaoApresentacao":"Caduco/Cancelado","dataRegistro":"2002-05-09T00:00:00.000-0300","categoriaRegulatoria":{"codigo":8,"descricao":"Similar"},"medicamentoReferencia":null,"categoriaProduto":null,"tipoAutorizacao":"REGISTRADO","numeroRegistroFormatado":"123610049","mesAnoVencimentoFormatado":"05/2012","acancelar":false},"empresa":{"cnpj":"64711500000114","razaoSocial":"UCB BIOPHARMA LTDA.","numeroAutorizacao":"1023619","cnpjFormatado":"64.711.500/0001-14"},"processo":{"numero":"253510020160215","situacao":29,"numeroProcessoFormatado":"25351.002016/02-15"}},{"ordem":4,"produto":{"codigo":3543569,"nome":"BIMZELX","numeroRegistro":"123610095","tipo":{"codigo":1,"descricao":null},"categoria":null,"situacaoRotulo":null,"dataVencimento":"2033-11-13T00:00:00.000-0300","mesAnoVencimento":"112033","dataVencimentoRegistro":"2033-11-01T00:00:00.000-0300","principioAtivo":"BIMEQUIZUMABE","situacaoApresentacao":"Válido","dataRegistro":"2023-11-13T00:00:00.000-0300","categoriaRegulatoria":{"codigo":1,"descricao":"Biológico"},"medicamentoReferencia":null,"categoriaProduto":null,"tipoAutorizacao":"REGISTRADO","numeroRegistroFormatado":"123610095","mesAnoVencimentoFormatado":"11/2033","acancelar":false},"empresa":{"cnpj":"64711500000114","razaoSocial":"UCB BIOPHARMA LTDA.","numeroAutorizacao":"1023619","cnpjFormatado":"64.711.500/0001-14"},"processo":{"numero":"25351243601202270","situacao":29,"numeroProcessoFormatado":"25351.243601/2022-70"}},{"ordem":5,"produto":{"codigo":4727,"nome":"BIOLON","numeroRegistro":"123610023","tipo":{"codigo":1,"descricao":null},"categoria":null,"situacaoRotulo":null,"dataVencimento":null,"mesAnoVencimento":"072004","dataVencimentoRegistro":"2004-07-01T00:00:00.000-0300","principioAtivo":null,"situacaoApresentacao":"Caduco/Cancelado","dataRegistro":"1999-07-15T00:00:00.000-0300","categoriaRegulatoria":{"codigo":8,"descricao":"Similar"},"medicamentoReferencia":null,"categoriaProduto":null,"tipoAutorizacao":"REGISTRADO","numeroRegistroFormatado":"123610023","mesAnoVencimentoFormatado":"07/2004","acancelar":false},"empresa":{"cnpj":"64711500000114","razaoSocial":"UCB BIOPHARMA LTDA.","numeroAutorizacao":"1023619","cnpjFormatado":"64.711.500/0001-14"},"processo":{"numero":"250000098219919","situacao":29,"numeroProcessoFormatado":"25000.009821/99-19"}},{"ordem":6,"produto":{"codigo":4728,"nome":"BIOLON PRIME","numeroRegistro":"123610030","tipo":{"codigo":1,"descricao":null},"categoria":null,"situacaoRotulo":null,"dataVencimento":null,"mesAnoVencimento":"092004","dataVencimentoRegistro":"2004-09-01T00:00:00.000-0300","principioAtivo":null,"situacaoApresentacao":"Caduco/Cancelado","dataRegistro":"1999-09-30T00:00:00.000-0300","categoriaRegulatoria":{"codigo":8,"descricao":"Similar"},"medicamentoReferencia":null,"categoriaProduto":null,"tipoAutorizacao":"REGISTRADO","numeroRegistroFormatado":"123610030","mesAnoVencimentoFormatado":"09/2004","acancelar":false},"empresa":{"cnpj":"64711500000114","razaoSocial":"UCB BIOPHARMA LTDA.","numeroAutorizacao":"1023619","cnpjFormatado":"64.711.500/0001-14"},"processo":{"numero":"250000168989963","situacao":29,"numeroProcessoFormatado":"25000.016898/99-63"}},{"ordem":7,"produto":{"codigo":146304,"nome":"BIOSTATE","numeroRegistro":"123610051","tipo":{"codigo":1,"descricao":null},"categoria":null,"situacaoRotulo":null,"dataVencimento":null,"mesAnoVencimento":"122007","dataVencimentoRegistro":"2007-12-01T00:00:00.000-0300","principioAtivo":null,"situacaoApresentacao":"Caduco/Cancelado","dataRegistro":"2002-12-06T00:00:00.000-0300","categoriaRegulatoria":{"codigo":1,"descricao":"Biológico"},"medicamentoReferencia":null,"categoriaProduto":null,"tipoAutorizacao":"REGISTRADO","numeroRegistroFormatado":"123610051","mesAnoVencimentoFormatado":"12/2007","acancelar":false},"empresa":{"cnpj":"64711500000114","razaoSocial":"UCB BIOPHARMA LTDA.","numeroAutorizacao":"1023619","cnpjFormatado":"64.711.500/0001-14"},"processo":{"numero":"25351202213200295","situacao":20,"numeroProcessoFormatado":"25351.202213/2002-95"}},{"ordem":8,"produto":{"codigo":1269,"nome":"BROMETO DE PIPECURONIO","numeroRegistro":"123610043","tipo":{"codigo":1,"descricao":null},"categoria":null,"situacaoRotulo":null,"dataVencimento":"2006-04-11T00:00:00.000-0300","mesAnoVencimento":"042006","dataVencimentoRegistro":"2006-04-01T00:00:00.000-0300","principioAtivo":null,"situacaoApresentacao":"Caduco/Cancelado","dataRegistro":"2001-04-04T00:00:00.000-0300","categoriaRegulatoria":{"codigo":6,"descricao":"Novo"},"medicamentoReferencia":null,"categoriaProduto":null,"tipoAutorizacao":"REGISTRADO","numeroRegistroFormatado":"123610043","mesAnoVencimentoFormatado":"04/2006","acancelar":false},"empresa":{"cnpj":"64711500000114","razaoSocial":"UCB BIOPHARMA LTDA.","numeroAutorizacao":"1023619","cnpjFormatado":"64.711.500/0001-14"},"processo":{"numero":"253510310100011","situacao":29,"numeroProcessoFormatado":"25351.031010/00-11"}},{"ordem":9,"produto":{"codigo":1300939,"nome":"Brivlera","numeroRegistro":"123610092","tipo":{"codigo":1,"descricao":null},"categoria":null,"situacaoRotulo":null,"dataVencimento":null,"mesAnoVencimento":"092029","dataVencimentoRegistro":"2029-09-01T00:00:00.000-0300","principioAtivo":"brivaracetam","situacaoApresentacao":"Válido","dataRegistro":"2019-09-30T00:00:00.000-0300","categoriaRegulatoria":{"codigo":6,"descricao":"Novo"},"medicamentoReferencia":null,"categoriaProduto":null,"tipoAutorizacao":"REGISTRADO","numeroRegistroFormatado":"123610092","mesAnoVencimentoFormatado":"09/2029","acancelar":false},"empresa":{"cnpj":"64711500000114","razaoSocial":"UCB BIOPHARMA LTDA.","numeroAutorizacao":"1023619","cnpjFormatado":"64.711.500/0001-14"},"processo":{"numero":"25351738787201511","situacao":29,"numeroProcessoFormatado":"25351.738787/2015-11"}},{"ordem":10,"produto":{"codigo":1300941,"nome":"Brivlera","numeroRegistro":"123610091","tipo":{"codigo":1,"descricao":null},"categoria":null,"situacaoRotulo":null,"dataVencimento":null,"mesAnoVencimento":"092029","dataVencimentoRegistro":"2029-09-01T00:00:00.000-0300","principioAtivo":"brivaracetam","situacaoApresentacao":"Válido","dataRegistro":"2019-09-30T00:00:00.000-0300","categoriaRegulatoria":{"codigo":6,"descricao":"Novo"},"medicamentoReferencia":null,"categoriaProduto":null,"tipoAutorizacao":"REGISTRADO","numeroRegistroFormatado":"123610091","mesAnoVencimentoFormatado":"09/2029","acancelar":false},"empresa":{"cnpj":"64711500000114","razaoSocial":"UCB BIOPHARMA LTDA.","numeroAutorizacao":"1023619","cnpjFormatado":"64.711.500/0001-14"},"processo":{"numero":"25351738788201566","situacao":29,"numeroProcessoFormatado":"25351.738788/2015-66"}},{"ordem":11,"produto":{"codigo":1300936,"nome":"Brivlera","numeroRegistro":"123610090","tipo":{"codigo":1,"descricao":null},"categoria":null,"situacaoRotulo":null,"dataVencimento":null,"mesAnoVencimento":"092029","dataVencimentoRegistro":"2029-09-01T00:00:00.000-0300","principioAtivo":"brivaracetam","situacaoApresentacao":"Válido","dataRegistro":"2019-09-30T00:00:00.000-0300","categoriaRegulatoria":{"codigo":6,"descricao":"Novo"},"medicamentoReferencia":null,"categoriaProduto":null,"tipoAutorizacao":"REGISTRADO","numeroRegistroFormatado":"123610090","mesAnoVencimentoFormatado":"09/2029","acancelar":false},"empresa":{"cnpj":"64711500000114","razaoSocial":"UCB BIOPHARMA LTDA.","numeroAutorizacao":"1023619","cnpjFormatado":"64.711.500/0001-14"},"processo":{"numero":"25351738789201519","situacao":29,"numeroProcessoFormatado":"25351.738789/2015-19"}},{"ordem":12,"produto":{"codigo":1668,"nome":"CEFORAN","numeroRegistro":"123610017","tipo":{"codigo":1,"descricao":null},"categoria":null,"situacaoRotulo":null,"dataVencimento":null,"mesAnoVencimento":"122008","dataVencimentoRegistro":"2008-12-01T00:00:00.000-0300","principioAtivo":null,"situacaoApresentacao":"Caduco/Cancelado","dataRegistro":"1999-04-16T00:00:00.000-0300","categoriaRegulatoria":{"codigo":8,"descricao":"Similar"},"medicamentoReferencia":null,"categoriaProduto":null,"tipoAutorizacao":"REGISTRADO","numeroRegistroFormatado":"123610017","mesAnoVencimentoFormatado":"12/2008","acancelar":false},"empresa":{"cnpj":"64711500000114","razaoSocial":"UCB BIOPHARMA LTDA.","numeroAutorizacao":"1023619","cnpjFormatado":"64.711.500/0001-14"},"processo":{"numero":"250000293789702","situacao":29,"numeroProcessoFormatado":"25000.029378/97-02"}},{"ordem":13,"produto":{"codigo":4664,"nome":"CHORIOMON","numeroRegistro":"123610006","tipo":{"codigo":1,"descricao":null},"categoria":null,"situacaoRotulo":null,"dataVencimento":null,"mesAnoVencimento":"032009","dataVencimentoRegistro":"2009-03-01T00:00:00.000-0300","principioAtivo":null,"situacaoApresentacao":"Caduco/Cancelado","dataRegistro":"1999-03-05T00:00:00.000-0300","categoriaRegulatoria":{"codigo":8,"descricao":"Similar"},"medicamentoReferencia":null,"categoriaProduto":null,"tipoAutorizacao":"REGISTRADO","numeroRegistroFormatado":"123610006","mesAnoVencimentoFormatado":"03/2009","acancelar":false},"empresa":{"cnpj":"64711500000114","razaoSocial":"UCB BIOPHARMA LTDA.","numeroAutorizacao":"1023619","cnpjFormatado":"64.711.500/0001-14"},"processo":{"numero":"250000306559811","situacao":29,"numeroProcessoFormatado":"25000.030655/98-11"}},{"ordem":14,"produto":{"codigo":1034352,"nome":"CIMZIA","numeroRegistro":"123610087","tipo":{"codigo":1,"descricao":null},"categoria":null,"situacaoRotulo":null,"dataVencimento":"2027-02-26T00:00:00.000-0300","mesAnoVencimento":"022027","dataVencimentoRegistro":"2027-02-01T00:00:00.000-0300","principioAtivo":"certolizumabe pegol","situacaoApresentacao":"Válido","dataRegistro":"2017-02-13T00:00:00.000-0300","categoriaRegulatoria":{"codigo":1,"descricao":"Biológico"},"medicamentoReferencia":null,"categoriaProduto":null,"tipoAutorizacao":"REGISTRADO","numeroRegistroFormatado":"123610087","mesAnoVencimentoFormatado":"02/2027","acancelar":false},"empresa":{"cnpj":"64711500000114","razaoSocial":"UCB BIOPHARMA LTDA.","numeroAutorizacao":"1023619","cnpjFormatado":"64.711.500/0001-14"},"processo":{"numero":"25351201455201558","situacao":29,"numeroProcessoFormatado":"25351.201455/2015-58"}},{"ordem":15,"produto":{"codigo":497575,"nome":"CINALEO","numeroRegistro":"123610062","tipo":{"codigo":1,"descricao":null},"categoria":null,"situacaoRotulo":null,"dataVencimento":null,"mesAnoVencimento":"072022","dataVencimentoRegistro":"2022-07-01T00:00:00.000-0300","principioAtivo":null,"situacaoApresentacao":"Caduco/Cancelado","dataRegistro":"2007-07-16T00:00:00.000-0300","categoriaRegulatoria":{"codigo":8,"descricao":"Similar"},"medicamentoReferencia":null,"categoriaProduto":null,"tipoAutorizacao":"REGISTRADO","numeroRegistroFormatado":"123610062","mesAnoVencimentoFormatado":"07/2022","acancelar":false},"empresa":{"cnpj":"64711500000114","razaoSocial":"UCB BIOPHARMA LTDA.","numeroAutorizacao":"1023619","cnpjFormatado":"64.711.500/0001-14"},"processo":{"numero":"25351355249200602","situacao":29,"numeroProcessoFormatado":"25351.355249/2006-02"}},{"ordem":16,"produto":{"codigo":42,"nome":"CIROK","numeroRegistro":"123610019","tipo":{"codigo":1,"descricao":null},"categoria":null,"situacaoRotulo":null,"dataVencimento":null,"mesAnoVencimento":"042004","dataVencimentoRegistro":"2004-04-01T00:00:00.000-0300","principioAtivo":null,"situacaoApresentacao":"Caduco/Cancelado","dataRegistro":"1999-04-16T00:00:00.000-0300","categoriaRegulatoria":{"codigo":8,"descricao":"Similar"},"medicamentoReferencia":null,"categoriaProduto":null,"tipoAutorizacao":"REGISTRADO","numeroRegistroFormatado":"123610019","mesAnoVencimentoFormatado":"04/2004","acancelar":false},"empresa":{"cnpj":"64711500000114","razaoSocial":"UCB BIOPHARMA LTDA.","numeroAutorizacao":"1023619","cnpjFormatado":"64.711.500/0001-14"},"processo":{"numero":"250000293719755","situacao":29,"numeroProcessoFormatado":"25000.029371/97-55"}},{"ordem":17,"produto":{"codigo":430787,"nome":"CITOPLATINA","numeroRegistro":"123610060","tipo":{"codigo":1,"descricao":null},"categoria":null,"situacaoRotulo":null,"dataVencimento":null,"mesAnoVencimento":"052021","dataVencimentoRegistro":"2021-05-01T00:00:00.000-0300","principioAtivo":null,"situacaoApresentacao":"Caduco/Cancelado","dataRegistro":"2006-05-08T00:00:00.000-0300","categoriaRegulatoria":{"codigo":8,"descricao":"Similar"},"medicamentoReferencia":"PARAPLATIN","categoriaProduto":null,"tipoAutorizacao":"REGISTRADO","numeroRegistroFormatado":"123610060","mesAnoVencimentoFormatado":"05/2021","acancelar":false},"empresa":{"cnpj":"64711500000114","razaoSocial":"UCB BIOPHARMA LTDA.","numeroAutorizacao":"1023619","cnpjFormatado":"64.711.500/0001-14"},"processo":{"numero":"25351326970200504","situacao":29,"numeroProcessoFormatado":"25351.326970/2005-04"}},{"ordem":18,"produto":{"codigo":673861,"nome":"CUPRIMINE","numeroRegistro":"123610073","tipo":{"codigo":1,"descricao":null},"categoria":null,"situacaoRotulo":null,"dataVencimento":null,"mesAnoVencimento":null,"dataVencimentoRegistro":null,"principioAtivo":null,"situacaoApresentacao":"Caduco/Cancelado","dataRegistro":"2010-04-12T00:00:00.000-0300","categoriaRegulatoria":{"codigo":6,"descricao":"Novo"},"medicamentoReferencia":null,"categoriaProduto":null,"tipoAutorizacao":"REGISTRADO","numeroRegistroFormatado":"123610073","mesAnoVencimentoFormatado":"","acancelar":false},"empresa":{"cnpj":"64711500000114","razaoSocial":"UCB BIOPHARMA LTDA.","numeroAutorizacao":"1023619","cnpjFormatado":"64.711.500/0001-14"},"processo":{"numero":"25351682981200906","situacao":29,"numeroProcessoFormatado":"25351.682981/2009-06"}},{"ordem":19,"produto":{"codigo":1847,"nome":"CYCRAM","numeroRegistro":"123610032","tipo":{"codigo":1,"descricao":null},"categoria":null,"situacaoRotulo":null,"dataVencimento":null,"mesAnoVencimento":"102009","dataVencimentoRegistro":"2009-10-01T00:00:00.000-0300","principioAtivo":null,"situacaoApresentacao":"Caduco/Cancelado","dataRegistro":"1999-11-01T00:00:00.000-0200","categoriaRegulatoria":{"codigo":8,"descricao":"Similar"},"medicamentoReferencia":null,"categoriaProduto":null,"tipoAutorizacao":"REGISTRADO","numeroRegistroFormatado":"123610032","mesAnoVencimentoFormatado":"10/2009","acancelar":false},"empresa":{"cnpj":"64711500000114","razaoSocial":"UCB BIOPHARMA LTDA.","numeroAutorizacao":"1023619","cnpjFormatado":"64.711.500/0001-14"},"processo":{"numero":"250000112449980","situacao":29,"numeroProcessoFormatado":"25000.011244/99-80"}},{"ordem":20,"produto":{"codigo":719455,"nome":"Choriomon-M","numeroRegistro":"123610078","tipo":{"codigo":1,"descricao":null},"categoria":null,"situacaoRotulo":null,"dataVencimento":"2027-02-04T00:00:00.000-0300","mesAnoVencimento":"022027","dataVencimentoRegistro":"2027-02-01T00:00:00.000-0300","principioAtivo":null,"situacaoApresentacao":"Caduco/Cancelado","dataRegistro":"2012-02-27T00:00:00.000-0300","categoriaRegulatoria":{"codigo":1,"descricao":"Biológico"},"medicamentoReferencia":null,"categoriaProduto":null,"tipoAutorizacao":"REGISTRADO","numeroRegistroFormatado":"123610078","mesAnoVencimentoFormatado":"02/2027","acancelar":false},"empresa":{"cnpj":"64711500000114","razaoSocial":"UCB BIOPHARMA LTDA.","numeroAutorizacao":"1023619","cnpjFormatado":"64.711.500/0001-14"},"processo":{"numero":"25351170304201064","situacao":29,"numeroProcessoFormatado":"25351.170304/2010-64"}},{"ordem":21,"produto":{"codigo":3159,"nome":"D.T.I.","numeroRegistro":"123610028","tipo":{"codigo":1,"descricao":null},"categoria":null,"situacaoRotulo":null,"dataVencimento":null,"mesAnoVencimento":"082019","dataVencimentoRegistro":"2019-08-01T00:00:00.000-0300","principioAtivo":null,"situacaoApresentacao":"Caduco/Cancelado","dataRegistro":"1999-08-16T00:00:00.000-0300","categoriaRegulatoria":{"codigo":8,"descricao":"Similar"},"medicamentoReferencia":null,"categoriaProduto":null,"tipoAutorizacao":"REGISTRADO","numeroRegistroFormatado":"123610028","mesAnoVencimentoFormatado":"08/2019","acancelar":false},"empresa":{"cnpj":"64711500000114","razaoSocial":"UCB BIOPHARMA LTDA.","numeroAutorizacao":"1023619","cnpjFormatado":"64.711.500/0001-14"},"processo":{"numero":"250000098739912","situacao":29,"numeroProcessoFormatado":"25000.009873/99-12"}},{"ordem":22,"produto":{"codigo":2466,"nome":"DAUNOCIN","numeroRegistro":"123610025","tipo":{"codigo":1,"descricao":null},"categoria":null,"situacaoRotulo":null,"dataVencimento":null,"mesAnoVencimento":"082019","dataVencimentoRegistro":"2019-08-01T00:00:00.000-0300","principioAtivo":null,"situacaoApresentacao":"Caduco/Cancelado","dataRegistro":"1999-08-16T00:00:00.000-0300","categoriaRegulatoria":{"codigo":8,"descricao":"Similar"},"medicamentoReferencia":null,"categoriaProduto":null,"tipoAutorizacao":"REGISTRADO","numeroRegistroFormatado":"123610025","mesAnoVencimentoFormatado":"08/2019","acancelar":false},"empresa":{"cnpj":"64711500000114","razaoSocial":"UCB BIOPHARMA LTDA.","numeroAutorizacao":"1023619","cnpjFormatado":"64.711.500/0001-14"},"processo":{"numero":"250000098719997","situacao":29,"numeroProcessoFormatado":"25000.009871/99-97"}},{"ordem":23,"produto":{"codigo":3750,"nome":"DOBUTIL","numeroRegistro":"123610013","tipo":{"codigo":1,"descricao":null},"categoria":null,"situacaoRotulo":null,"dataVencimento":null,"mesAnoVencimento":"052010","dataVencimentoRegistro":"2010-05-01T00:00:00.000-0300","principioAtivo":null,"situacaoApresentacao":"Caduco/Cancelado","dataRegistro":"1999-04-05T00:00:00.000-0300","categoriaRegulatoria":{"codigo":8,"descricao":"Similar"},"medicamentoReferencia":null,"categoriaProduto":null,"tipoAutorizacao":"REGISTRADO","numeroRegistroFormatado":"123610013","mesAnoVencimentoFormatado":"05/2010","acancelar":false},"empresa":{"cnpj":"64711500000114","razaoSocial":"UCB BIOPHARMA LTDA.","numeroAutorizacao":"1023619","cnpjFormatado":"64.711.500/0001-14"},"processo":{"numero":"250000306389800","situacao":29,"numeroProcessoFormatado":"25000.030638/98-00"}},{"ordem":24,"produto":{"codigo":4004,"nome":"ETOPUL","numeroRegistro":"123610027","tipo":{"codigo":1,"descricao":null},"categoria":null,"situacaoRotulo":null,"dataVencimento":null,"mesAnoVencimento":"082009","dataVencimentoRegistro":"2009-08-01T00:00:00.000-0300","principioAtivo":null,"situacaoApresentacao":"Caduco/Cancelado","dataRegistro":"1999-08-16T00:00:00.000-0300","categoriaRegulatoria":{"codigo":8,"descricao":"Similar"},"medicamentoReferencia":null,"categoriaProduto":null,"tipoAutorizacao":"REGISTRADO","numeroRegistroFormatado":"123610027","mesAnoVencimentoFormatado":"08/2009","acancelar":false},"empresa":{"cnpj":"64711500000114","razaoSocial":"UCB BIOPHARMA LTDA.","numeroAutorizacao":"1023619","cnpjFormatado":"64.711.500/0001-14"},"processo":{"numero":"250000098729950","situacao":29,"numeroProcessoFormatado":"25000.009872/99-50"}},{"ordem":25,"produto":{"codigo":3115,"nome":"FATOR VIII DE COAGULAÇÃO","numeroRegistro":"123610002","tipo":{"codigo":1,"descricao":null},"categoria":null,"situacaoRotulo":null,"dataVencimento":null,"mesAnoVencimento":"122020","dataVencimentoRegistro":"2020-12-01T00:00:00.000-0300","principioAtivo":null,"situacaoApresentacao":"Caduco/Cancelado","dataRegistro":"1996-01-16T00:00:00.000-0300","categoriaRegulatoria":{"codigo":8,"descricao":"Similar"},"medicamentoReferencia":null,"categoriaProduto":null,"tipoAutorizacao":"REGISTRADO","numeroRegistroFormatado":"123610002","mesAnoVencimentoFormatado":"12/2020","acancelar":false},"empresa":{"cnpj":"64711500000114","razaoSocial":"UCB BIOPHARMA LTDA.","numeroAutorizacao":"1023619","cnpjFormatado":"64.711.500/0001-14"},"processo":{"numero":"250000021029571","situacao":29,"numeroProcessoFormatado":"25000.002102/95-71"}},{"ordem":26,"produto":{"codigo":8126,"nome":"FOSTIMON","numeroRegistro":"123610009","tipo":{"codigo":1,"descricao":null},"categoria":null,"situacaoRotulo":null,"dataVencimento":null,"mesAnoVencimento":"032009","dataVencimentoRegistro":"2009-03-01T00:00:00.000-0300","principioAtivo":null,"situacaoApresentacao":"Caduco/Cancelado","dataRegistro":"1999-03-12T00:00:00.000-0300","categoriaRegulatoria":{"codigo":8,"descricao":"Similar"},"medicamentoReferencia":null,"categoriaProduto":null,"tipoAutorizacao":"REGISTRADO","numeroRegistroFormatado":"123610009","mesAnoVencimentoFormatado":"03/2009","acancelar":false},"empresa":{"cnpj":"64711500000114","razaoSocial":"UCB BIOPHARMA LTDA.","numeroAutorizacao":"1023619","cnpjFormatado":"64.711.500/0001-14"},"processo":{"numero":"250000306349841","situacao":29,"numeroProcessoFormatado":"25000.030634/98-41"}},{"ordem":27,"produto":{"codigo":692890,"nome":"FOSTIMON-M","numeroRegistro":"123610080","tipo":{"codigo":1,"descricao":null},"categoria":null,"situacaoRotulo":null,"dataVencimento":"2027-10-04T00:00:00.000-0300","mesAnoVencimento":"102027","dataVencimentoRegistro":"2027-10-01T00:00:00.000-0300","principioAtivo":null,"situacaoApresentacao":"Caduco/Cancelado","dataRegistro":"2012-10-15T00:00:00.000-0300","categoriaRegulatoria":{"codigo":1,"descricao":"Biológico"},"medicamentoReferencia":null,"categoriaProduto":null,"tipoAutorizacao":"REGISTRADO","numeroRegistroFormatado":"123610080","mesAnoVencimentoFormatado":"10/2027","acancelar":false},"empresa":{"cnpj":"64711500000114","razaoSocial":"UCB BIOPHARMA LTDA.","numeroAutorizacao":"1023619","cnpjFormatado":"64.711.500/0001-14"},"processo":{"numero":"25351193707201061","situacao":29,"numeroProcessoFormatado":"25351.193707/2010-61"}},{"ordem":28,"produto":{"codigo":559044,"nome":"FUNTEX B","numeroRegistro":"123610070","tipo":{"codigo":1,"descricao":null},"categoria":null,"situacaoRotulo":null,"dataVencimento":null,"mesAnoVencimento":"102018","dataVencimentoRegistro":"2018-10-01T00:00:00.000-0300","principioAtivo":null,"situacaoApresentacao":"Caduco/Cancelado","dataRegistro":"2008-10-27T00:00:00.000-0300","categoriaRegulatoria":{"codigo":8,"descricao":"Similar"},"medicamentoReferencia":null,"categoriaProduto":null,"tipoAutorizacao":"REGISTRADO","numeroRegistroFormatado":"123610070","mesAnoVencimentoFormatado":"10/2018","acancelar":false},"empresa":{"cnpj":"64711500000114","razaoSocial":"UCB BIOPHARMA LTDA.","numeroAutorizacao":"1023619","cnpjFormatado":"64.711.500/0001-14"},"processo":{"numero":"25351634647200765","situacao":29,"numeroProcessoFormatado":"25351.634647/2007-65"}},{"ordem":29,"produto":{"codigo":743756,"nome":"GAMMAPLEX","numeroRegistro":"123610079","tipo":{"codigo":1,"descricao":null},"categoria":null,"situacaoRotulo":null,"dataVencimento":null,"mesAnoVencimento":"072022","dataVencimentoRegistro":"2022-07-01T00:00:00.000-0300","principioAtivo":null,"situacaoApresentacao":"Caduco/Cancelado","dataRegistro":"2012-07-16T00:00:00.000-0300","categoriaRegulatoria":{"codigo":1,"descricao":"Biológico"},"medicamentoReferencia":null,"categoriaProduto":null,"tipoAutorizacao":"REGISTRADO","numeroRegistroFormatado":"123610079","mesAnoVencimentoFormatado":"07/2022","acancelar":false},"empresa":{"cnpj":"64711500000114","razaoSocial":"UCB BIOPHARMA LTDA.","numeroAutorizacao":"1023619","cnpjFormatado":"64.711.500/0001-14"},"processo":{"numero":"25351546145201002","situacao":29,"numeroProcessoFormatado":"25351.546145/2010-02"}},{"ordem":30,"produto":{"codigo":709503,"nome":"GAMUNEX","numeroRegistro":"123610074","tipo":{"codigo":1,"descricao":null},"categoria":null,"situacaoRotulo":null,"dataVencimento":null,"mesAnoVencimento":"102015","dataVencimentoRegistro":"2015-10-01T00:00:00.000-0300","principioAtivo":null,"situacaoApresentacao":"Caduco/Cancelado","dataRegistro":"2010-10-25T00:00:00.000-0300","categoriaRegulatoria":{"codigo":1,"descricao":"Biológico"},"medicamentoReferencia":null,"categoriaProduto":null,"tipoAutorizacao":"REGISTRADO","numeroRegistroFormatado":"123610074","mesAnoVencimentoFormatado":"10/2015","acancelar":false},"empresa":{"cnpj":"64711500000114","razaoSocial":"UCB BIOPHARMA LTDA.","numeroAutorizacao":"1023619","cnpjFormatado":"64.711.500/0001-14"},"processo":{"numero":"25351659426200919","situacao":29,"numeroProcessoFormatado":"25351.659426/2009-19"}},{"ordem":31,"produto":{"codigo":4849,"nome":"HYDRINE","numeroRegistro":"123610031","tipo":{"codigo":1,"descricao":null},"categoria":null,"situacaoRotulo":null,"dataVencimento":null,"mesAnoVencimento":"082009","dataVencimentoRegistro":"2009-08-01T00:00:00.000-0300","principioAtivo":null,"situacaoApresentacao":"Caduco/Cancelado","dataRegistro":"1999-09-16T00:00:00.000-0300","categoriaRegulatoria":{"codigo":8,"descricao":"Similar"},"medicamentoReferencia":null,"categoriaProduto":null,"tipoAutorizacao":"REGISTRADO","numeroRegistroFormatado":"123610031","mesAnoVencimentoFormatado":"08/2009","acancelar":false},"empresa":{"cnpj":"64711500000114","razaoSocial":"UCB BIOPHARMA LTDA.","numeroAutorizacao":"1023619","cnpjFormatado":"64.711.500/0001-14"},"processo":{"numero":"250000093049977","situacao":29,"numeroProcessoFormatado":"25000.009304/99-77"}},{"ordem":32,"produto":{"codigo":4943,"nome":"IMUNOGLOBULINA  HUMANA  ESPÉCIFICA  ANTI-HEPATITE B","numeroRegistro":"123610045","tipo":{"codigo":1,"descricao":null},"categoria":null,"situacaoRotulo":null,"dataVencimento":null,"mesAnoVencimento":"072006","dataVencimentoRegistro":"2006-07-01T00:00:00.000-0300","principioAtivo":null,"situacaoApresentacao":"Caduco/Cancelado","dataRegistro":"2001-07-17T00:00:00.000-0300","categoriaRegulatoria":{"codigo":8,"descricao":"Similar"},"medicamentoReferencia":null,"categoriaProduto":null,"tipoAutorizacao":"REGISTRADO","numeroRegistroFormatado":"123610045","mesAnoVencimentoFormatado":"07/2006","acancelar":false},"empresa":{"cnpj":"64711500000114","razaoSocial":"UCB BIOPHARMA LTDA.","numeroAutorizacao":"1023619","cnpjFormatado":"64.711.500/0001-14"},"processo":{"numero":"253510016610121","situacao":29,"numeroProcessoFormatado":"25351.001661/01-21"}},{"ordem":33,"produto":{"codigo":4956,"nome":"IMUNOGLOBULINA HUMANA  ESPECIFICA  ANTI- VARICELA ZOSTER","numeroRegistro":"123610044","tipo":{"codigo":1,"descricao":null},"categoria":null,"situacaoRotulo":null,"dataVencimento":null,"mesAnoVencimento":"072006","dataVencimentoRegistro":"2006-07-01T00:00:00.000-0300","principioAtivo":null,"situacaoApresentacao":"Caduco/Cancelado","dataRegistro":"2001-07-17T00:00:00.000-0300","categoriaRegulatoria":{"codigo":8,"descricao":"Similar"},"medicamentoReferencia":null,"categoriaProduto":null,"tipoAutorizacao":"REGISTRADO","numeroRegistroFormatado":"123610044","mesAnoVencimentoFormatado":"07/2006","acancelar":false},"empresa":{"cnpj":"64711500000114","razaoSocial":"UCB BIOPHARMA LTDA.","numeroAutorizacao":"1023619","cnpjFormatado":"64.711.500/0001-14"},"processo":{"numero":"253510310090031","situacao":29,"numeroProcessoFormatado":"25351.031009/00-31"}},{"ordem":34,"produto":{"codigo":4961,"nome":"IMUNOGLOBULINA HUMANA ESPECIFICA  ANTITETANICA","numeroRegistro":"123610047","tipo":{"codigo":1,"descricao":null},"categoria":null,"situacaoRotulo":null,"dataVencimento":null,"mesAnoVencimento":"092006","dataVencimentoRegistro":"2006-09-01T00:00:00.000-0300","principioAtivo":null,"situacaoApresentacao":"Caduco/Cancelado","dataRegistro":"2001-10-01T00:00:00.000-0300","categoriaRegulatoria":{"codigo":8,"descricao":"Similar"},"medicamentoReferencia":null,"categoriaProduto":null,"tipoAutorizacao":"REGISTRADO","numeroRegistroFormatado":"123610047","mesAnoVencimentoFormatado":"09/2006","acancelar":false},"empresa":{"cnpj":"64711500000114","razaoSocial":"UCB BIOPHARMA LTDA.","numeroAutorizacao":"1023619","cnpjFormatado":"64.711.500/0001-14"},"processo":{"numero":"253510019930151","situacao":29,"numeroProcessoFormatado":"25351.001993/01-51"}},{"ordem":35,"produto":{"codigo":4957,"nome":"IMUNOGLOBULINA HUMANA ESPECIFICA ANTI-D RHO","numeroRegistro":"123610022","tipo":{"codigo":1,"descricao":null},"categoria":null,"situacaoRotulo":null,"dataVencimento":null,"mesAnoVencimento":"062009","dataVencimentoRegistro":"2009-06-01T00:00:00.000-0300","principioAtivo":null,"situacaoApresentacao":"Caduco/Cancelado","dataRegistro":"1999-06-16T00:00:00.000-0300","categoriaRegulatoria":{"codigo":8,"descricao":"Similar"},"medicamentoReferencia":null,"categoriaProduto":null,"tipoAutorizacao":"REGISTRADO","numeroRegistroFormatado":"123610022","mesAnoVencimentoFormatado":"06/2009","acancelar":false},"empresa":{"cnpj":"64711500000114","razaoSocial":"UCB BIOPHARMA LTDA.","numeroAutorizacao":"1023619","cnpjFormatado":"64.711.500/0001-14"},"processo":{"numero":"250000093019989","situacao":29,"numeroProcessoFormatado":"25000.009301/99-89"}},{"ordem":36,"produto":{"codigo":418237,"nome":"INTRAGAM P","numeroRegistro":"123610057","tipo":{"codigo":1,"descricao":null},"categoria":null,"situacaoRotulo":null,"dataVencimento":null,"mesAnoVencimento":"022011","dataVencimentoRegistro":"2011-02-01T00:00:00.000-0300","principioAtivo":null,"situacaoApresentacao":"Caduco/Cancelado","dataRegistro":"2006-02-06T00:00:00.000-0300","categoriaRegulatoria":{"codigo":1,"descricao":"Biológico"},"medicamentoReferencia":null,"categoriaProduto":null,"tipoAutorizacao":"REGISTRADO","numeroRegistroFormatado":"123610057","mesAnoVencimentoFormatado":"02/2011","acancelar":false},"empresa":{"cnpj":"64711500000114","razaoSocial":"UCB BIOPHARMA LTDA.","numeroAutorizacao":"1023619","cnpjFormatado":"64.711.500/0001-14"},"processo":{"numero":"25351254933200589","situacao":29,"numeroProcessoFormatado":"25351.254933/2005-89"}},{"ordem":37,"produto":{"codigo":174723,"nome":"IOR LEUKOCIM","numeroRegistro":"123610054","tipo":{"codigo":1,"descricao":null},"categoria":null,"situacaoRotulo":null,"dataVencimento":null,"mesAnoVencimento":"052008","dataVencimentoRegistro":"2008-05-01T00:00:00.000-0300","principioAtivo":null,"situacaoApresentacao":"Caduco/Cancelado","dataRegistro":"2003-05-15T00:00:00.000-0300","categoriaRegulatoria":{"codigo":1,"descricao":"Biológico"},"medicamentoReferencia":null,"categoriaProduto":null,"tipoAutorizacao":"REGISTRADO","numeroRegistroFormatado":"123610054","mesAnoVencimentoFormatado":"05/2008","acancelar":false},"empresa":{"cnpj":"64711500000114","razaoSocial":"UCB BIOPHARMA LTDA.","numeroAutorizacao":"1023619","cnpjFormatado":"64.711.500/0001-14"},"processo":{"numero":"25351219096200207","situacao":20,"numeroProcessoFormatado":"25351.219096/2002-07"}},{"ordem":38,"produto":{"codigo":164883,"nome":"Ior Epocim","numeroRegistro":"123610053","tipo":{"codigo":1,"descricao":null},"categoria":null,"situacaoRotulo":null,"dataVencimento":null,"mesAnoVencimento":"122012","dataVencimentoRegistro":"2012-12-01T00:00:00.000-0300","principioAtivo":null,"situacaoApresentacao":"Caduco/Cancelado","dataRegistro":"2002-12-20T00:00:00.000-0300","categoriaRegulatoria":{"codigo":1,"descricao":"Biológico"},"medicamentoReferencia":null,"categoriaProduto":null,"tipoAutorizacao":"REGISTRADO","numeroRegistroFormatado":"123610053","mesAnoVencimentoFormatado":"12/2012","acancelar":false},"empresa":{"cnpj":"64711500000114","razaoSocial":"UCB BIOPHARMA LTDA.","numeroAutorizacao":"1023619","cnpjFormatado":"64.711.500/0001-14"},"processo":{"numero":"25351175384200234","situacao":20,"numeroProcessoFormatado":"25351.175384/2002-34"}},{"ordem":39,"produto":{"codigo":3164,"nome":"K. U . DACTINOMYCIN","numeroRegistro":"123610038","tipo":{"codigo":1,"descricao":null},"categoria":null,"situacaoRotulo":null,"dataVencimento":null,"mesAnoVencimento":"012010","dataVencimentoRegistro":"2010-01-01T00:00:00.000-0300","principioAtivo":null,"situacaoApresentacao":"Caduco/Cancelado","dataRegistro":"2000-01-13T00:00:00.000-0200","categoriaRegulatoria":{"codigo":8,"descricao":"Similar"},"medicamentoReferencia":null,"categoriaProduto":null,"tipoAutorizacao":"REGISTRADO","numeroRegistroFormatado":"123610038","mesAnoVencimentoFormatado":"01/2010","acancelar":false},"empresa":{"cnpj":"64711500000114","razaoSocial":"UCB BIOPHARMA LTDA.","numeroAutorizacao":"1023619","cnpjFormatado":"64.711.500/0001-14"},"processo":{"numero":"250000098289968","situacao":29,"numeroProcessoFormatado":"25000.009828/99-68"}},{"ordem":40,"produto":{"codigo":5969,"nome":"K.U. MITOMYCIN C","numeroRegistro":"123610035","tipo":{"codigo":1,"descricao":null},"categoria":null,"situacaoRotulo":null,"dataVencimento":null,"mesAnoVencimento":"122004","dataVencimentoRegistro":"2004-12-01T00:00:00.000-0300","principioAtivo":null,"situacaoApresentacao":"Caduco/Cancelado","dataRegistro":"1999-12-20T00:00:00.000-0200","categoriaRegulatoria":{"codigo":8,"descricao":"Similar"},"medicamentoReferencia":null,"categoriaProduto":null,"tipoAutorizacao":"REGISTRADO","numeroRegistroFormatado":"123610035","mesAnoVencimentoFormatado":"12/2004","acancelar":false},"empresa":{"cnpj":"64711500000114","razaoSocial":"UCB BIOPHARMA LTDA.","numeroAutorizacao":"1023619","cnpjFormatado":"64.711.500/0001-14"},"processo":{"numero":"250000120209968","situacao":29,"numeroProcessoFormatado":"25000.012020/99-68"}},{"ordem":41,"produto":{"codigo":889264,"nome":"KEPPRA","numeroRegistro":"123610083","tipo":{"codigo":1,"descricao":null},"categoria":null,"situacaoRotulo":null,"dataVencimento":null,"mesAnoVencimento":"072025","dataVencimentoRegistro":"2025-07-01T00:00:00.000-0300","principioAtivo":"LEVETIRACETAM","situacaoApresentacao":"Válido","dataRegistro":"2015-08-10T00:00:00.000-0300","categoriaRegulatoria":{"codigo":6,"descricao":"Novo"},"medicamentoReferencia":null,"categoriaProduto":null,"tipoAutorizacao":"REGISTRADO","numeroRegistroFormatado":"123610083","mesAnoVencimentoFormatado":"07/2025","acancelar":false},"empresa":{"cnpj":"64711500000114","razaoSocial":"UCB BIOPHARMA LTDA.","numeroAutorizacao":"1023619","cnpjFormatado":"64.711.500/0001-14"},"processo":{"numero":"25351199504201353","situacao":29,"numeroProcessoFormatado":"25351.199504/2013-53"}},{"ordem":42,"produto":{"codigo":1401239,"nome":"Keppra XR","numeroRegistro":"123610093","tipo":{"codigo":1,"descricao":null},"categoria":null,"situacaoRotulo":null,"dataVencimento":null,"mesAnoVencimento":"032030","dataVencimentoRegistro":"2030-03-01T00:00:00.000-0300","principioAtivo":"LEVETIRACETAM","situacaoApresentacao":"Válido","dataRegistro":"2020-03-30T00:00:00.000-0300","categoriaRegulatoria":{"codigo":6,"descricao":"Novo"},"medicamentoReferencia":null,"categoriaProduto":null,"tipoAutorizacao":"REGISTRADO","numeroRegistroFormatado":"123610093","mesAnoVencimentoFormatado":"03/2030","acancelar":false},"empresa":{"cnpj":"64711500000114","razaoSocial":"UCB BIOPHARMA LTDA.","numeroAutorizacao":"1023619","cnpjFormatado":"64.711.500/0001-14"},"processo":{"numero":"25351195341201788","situacao":29,"numeroProcessoFormatado":"25351.195341/2017-88"}},{"ordem":43,"produto":{"codigo":1091450,"nome":"LACOSAMIDA","numeroRegistro":"123610085","tipo":{"codigo":1,"descricao":null},"categoria":null,"situacaoRotulo":null,"dataVencimento":null,"mesAnoVencimento":"052021","dataVencimentoRegistro":"2021-05-01T00:00:00.000-0300","principioAtivo":null,"situacaoApresentacao":"Caduco/Cancelado","dataRegistro":"2016-05-16T00:00:00.000-0300","categoriaRegulatoria":{"codigo":5,"descricao":"Genérico"},"medicamentoReferencia":"VIMPAT","categoriaProduto":null,"tipoAutorizacao":"REGISTRADO","numeroRegistroFormatado":"123610085","mesAnoVencimentoFormatado":"05/2021","acancelar":false},"empresa":{"cnpj":"64711500000114","razaoSocial":"UCB BIOPHARMA LTDA.","numeroAutorizacao":"1023619","cnpjFormatado":"64.711.500/0001-14"},"processo":{"numero":"25351498543201591","situacao":29,"numeroProcessoFormatado":"25351.498543/2015-91"}},{"ordem":44,"produto":{"codigo":614682,"nome":"MELIDRONATO","numeroRegistro":"123610072","tipo":{"codigo":1,"descricao":null},"categoria":null,"situacaoRotulo":null,"dataVencimento":null,"mesAnoVencimento":"102019","dataVencimentoRegistro":"2019-10-01T00:00:00.000-0300","principioAtivo":null,"situacaoApresentacao":"Caduco/Cancelado","dataRegistro":"2009-10-19T00:00:00.000-0300","categoriaRegulatoria":{"codigo":8,"descricao":"Similar"},"medicamentoReferencia":null,"categoriaProduto":null,"tipoAutorizacao":"REGISTRADO","numeroRegistroFormatado":"123610072","mesAnoVencimentoFormatado":"10/2019","acancelar":false},"empresa":{"cnpj":"64711500000114","razaoSocial":"UCB BIOPHARMA LTDA.","numeroAutorizacao":"1023619","cnpjFormatado":"64.711.500/0001-14"},"processo":{"numero":"25351542830200816","situacao":29,"numeroProcessoFormatado":"25351.542830/2008-16"}},{"ordem":45,"produto":{"codigo":4667,"nome":"MERIONAL","numeroRegistro":"123610011","tipo":{"codigo":1,"descricao":null},"categoria":null,"situacaoRotulo":null,"dataVencimento":null,"mesAnoVencimento":"032009","dataVencimentoRegistro":"2009-03-01T00:00:00.000-0300","principioAtivo":null,"situacaoApresentacao":"Caduco/Cancelado","dataRegistro":"1999-03-12T00:00:00.000-0300","categoriaRegulatoria":{"codigo":8,"descricao":"Similar"},"medicamentoReferencia":null,"categoriaProduto":null,"tipoAutorizacao":"REGISTRADO","numeroRegistroFormatado":"123610011","mesAnoVencimentoFormatado":"03/2009","acancelar":false},"empresa":{"cnpj":"64711500000114","razaoSocial":"UCB BIOPHARMA LTDA.","numeroAutorizacao":"1023619","cnpjFormatado":"64.711.500/0001-14"},"processo":{"numero":"250000306329815","situacao":29,"numeroProcessoFormatado":"25000.030632/98-15"}},{"ordem":46,"produto":{"codigo":1083969,"nome":"MERIONAL HG","numeroRegistro":"123610089","tipo":{"codigo":1,"descricao":null},"categoria":null,"situacaoRotulo":null,"dataVencimento":"2028-01-04T00:00:00.000-0300","mesAnoVencimento":"012028","dataVencimentoRegistro":"2028-01-01T00:00:00.000-0300","principioAtivo":null,"situacaoApresentacao":"Caduco/Cancelado","dataRegistro":"2018-01-29T00:00:00.000-0300","categoriaRegulatoria":{"codigo":1,"descricao":"Biológico"},"medicamentoReferencia":null,"categoriaProduto":null,"tipoAutorizacao":"REGISTRADO","numeroRegistroFormatado":"123610089","mesAnoVencimentoFormatado":"01/2028","acancelar":false},"empresa":{"cnpj":"64711500000114","razaoSocial":"UCB BIOPHARMA LTDA.","numeroAutorizacao":"1023619","cnpjFormatado":"64.711.500/0001-14"},"processo":{"numero":"25351727387201544","situacao":29,"numeroProcessoFormatado":"25351.727387/2015-44"}},{"ordem":47,"produto":{"codigo":162412,"nome":"MONOFIX - VF","numeroRegistro":"123610052","tipo":{"codigo":1,"descricao":null},"categoria":null,"situacaoRotulo":null,"dataVencimento":null,"mesAnoVencimento":"122007","dataVencimentoRegistro":"2007-12-01T00:00:00.000-0300","principioAtivo":null,"situacaoApresentacao":"Caduco/Cancelado","dataRegistro":"2002-12-06T00:00:00.000-0300","categoriaRegulatoria":{"codigo":1,"descricao":"Biológico"},"medicamentoReferencia":null,"categoriaProduto":null,"tipoAutorizacao":"REGISTRADO","numeroRegistroFormatado":"123610052","mesAnoVencimentoFormatado":"12/2007","acancelar":false},"empresa":{"cnpj":"64711500000114","razaoSocial":"UCB BIOPHARMA LTDA.","numeroAutorizacao":"1023619","cnpjFormatado":"64.711.500/0001-14"},"processo":{"numero":"25351202207200238","situacao":20,"numeroProcessoFormatado":"25351.202207/2002-38"}},{"ordem":48,"produto":{"codigo":874851,"nome":"NEUPRO","numeroRegistro":"123610082","tipo":{"codigo":1,"descricao":null},"categoria":null,"situacaoRotulo":null,"dataVencimento":null,"mesAnoVencimento":"082029","dataVencimentoRegistro":"2029-08-01T00:00:00.000-0300","principioAtivo":"rotigotina","situacaoApresentacao":"Válido","dataRegistro":"2014-08-04T00:00:00.000-0300","categoriaRegulatoria":{"codigo":6,"descricao":"Novo"},"medicamentoReferencia":null,"categoriaProduto":null,"tipoAutorizacao":"REGISTRADO","numeroRegistroFormatado":"123610082","mesAnoVencimentoFormatado":"08/2029","acancelar":false},"empresa":{"cnpj":"64711500000114","razaoSocial":"UCB BIOPHARMA LTDA.","numeroAutorizacao":"1023619","cnpjFormatado":"64.711.500/0001-14"},"processo":{"numero":"25351034703201314","situacao":29,"numeroProcessoFormatado":"25351.034703/2013-14"}},{"ordem":49,"produto":{"codigo":5325,"nome":"NORLEVO","numeroRegistro":"123610041","tipo":{"codigo":1,"descricao":null},"categoria":null,"situacaoRotulo":null,"dataVencimento":null,"mesAnoVencimento":"042005","dataVencimentoRegistro":"2005-04-01T00:00:00.000-0300","principioAtivo":null,"situacaoApresentacao":"Caduco/Cancelado","dataRegistro":"2000-04-19T00:00:00.000-0300","categoriaRegulatoria":{"codigo":8,"descricao":"Similar"},"medicamentoReferencia":null,"categoriaProduto":null,"tipoAutorizacao":"REGISTRADO","numeroRegistroFormatado":"123610041","mesAnoVencimentoFormatado":"04/2005","acancelar":false},"empresa":{"cnpj":"64711500000114","razaoSocial":"UCB BIOPHARMA LTDA.","numeroAutorizacao":"1023619","cnpjFormatado":"64.711.500/0001-14"},"processo":{"numero":"250000520719912","situacao":29,"numeroProcessoFormatado":"25000.052071/99-12"}},{"ordem":50,"produto":{"codigo":514309,"nome":"NORTRIGIN","numeroRegistro":"123610063","tipo":{"codigo":1,"descricao":null},"categoria":null,"situacaoRotulo":null,"dataVencimento":null,"mesAnoVencimento":"122017","dataVencimentoRegistro":"2017-12-01T00:00:00.000-0300","principioAtivo":null,"situacaoApresentacao":"Caduco/Cancelado","dataRegistro":"2007-12-10T00:00:00.000-0300","categoriaRegulatoria":{"codigo":8,"descricao":"Similar"},"medicamentoReferencia":null,"categoriaProduto":null,"tipoAutorizacao":"REGISTRADO","numeroRegistroFormatado":"123610063","mesAnoVencimentoFormatado":"12/2017","acancelar":false},"empresa":{"cnpj":"64711500000114","razaoSocial":"UCB BIOPHARMA LTDA.","numeroAutorizacao":"1023619","cnpjFormatado":"64.711.500/0001-14"},"processo":{"numero":"25351417834200603","situacao":29,"numeroProcessoFormatado":"25351.417834/2006-03"}},{"ordem":51,"produto":{"codigo":5289,"nome":"NYRIN","numeroRegistro":"123610015","tipo":{"codigo":1,"descricao":null},"categoria":null,"situacaoRotulo":null,"dataVencimento":null,"mesAnoVencimento":"042009","dataVencimentoRegistro":"2009-04-01T00:00:00.000-0300","principioAtivo":null,"situacaoApresentacao":"Caduco/Cancelado","dataRegistro":"1999-04-09T00:00:00.000-0300","categoriaRegulatoria":{"codigo":8,"descricao":"Similar"},"medicamentoReferencia":null,"categoriaProduto":null,"tipoAutorizacao":"REGISTRADO","numeroRegistroFormatado":"123610015","mesAnoVencimentoFormatado":"04/2009","acancelar":false},"empresa":{"cnpj":"64711500000114","razaoSocial":"UCB BIOPHARMA LTDA.","numeroAutorizacao":"1023619","cnpjFormatado":"64.711.500/0001-14"},"processo":{"numero":"250000293629764","situacao":29,"numeroProcessoFormatado":"25000.029362/97-64"}},{"ordem":52,"produto":{"codigo":6365,"nome":"OFLOCIN","numeroRegistro":"123610008","tipo":{"codigo":1,"descricao":null},"categoria":null,"situacaoRotulo":null,"dataVencimento":null,"mesAnoVencimento":"032009","dataVencimentoRegistro":"2009-03-01T00:00:00.000-0300","principioAtivo":null,"situacaoApresentacao":"Caduco/Cancelado","dataRegistro":"1999-03-12T00:00:00.000-0300","categoriaRegulatoria":{"codigo":8,"descricao":"Similar"},"medicamentoReferencia":null,"categoriaProduto":null,"tipoAutorizacao":"REGISTRADO","numeroRegistroFormatado":"123610008","mesAnoVencimentoFormatado":"03/2009","acancelar":false},"empresa":{"cnpj":"64711500000114","razaoSocial":"UCB BIOPHARMA LTDA.","numeroAutorizacao":"1023619","cnpjFormatado":"64.711.500/0001-14"},"processo":{"numero":"250000293669715","situacao":29,"numeroProcessoFormatado":"25000.029366/97-15"}},{"ordem":53,"produto":{"codigo":521058,"nome":"ONCOBINE","numeroRegistro":"123610064","tipo":{"codigo":1,"descricao":null},"categoria":null,"situacaoRotulo":null,"dataVencimento":null,"mesAnoVencimento":"122017","dataVencimentoRegistro":"2017-12-01T00:00:00.000-0300","principioAtivo":null,"situacaoApresentacao":"Caduco/Cancelado","dataRegistro":"2007-12-17T00:00:00.000-0300","categoriaRegulatoria":{"codigo":8,"descricao":"Similar"},"medicamentoReferencia":"NAVELBINE","categoriaProduto":null,"tipoAutorizacao":"REGISTRADO","numeroRegistroFormatado":"123610064","mesAnoVencimentoFormatado":"12/2017","acancelar":false},"empresa":{"cnpj":"64711500000114","razaoSocial":"UCB BIOPHARMA LTDA.","numeroAutorizacao":"1023619","cnpjFormatado":"64.711.500/0001-14"},"processo":{"numero":"25351068649200753","situacao":29,"numeroProcessoFormatado":"25351.068649/2007-53"}},{"ordem":54,"produto":{"codigo":2543,"nome":"ONCODOX","numeroRegistro":"123610033","tipo":{"codigo":1,"descricao":null},"categoria":null,"situacaoRotulo":null,"dataVencimento":null,"mesAnoVencimento":"112019","dataVencimentoRegistro":"2019-11-01T00:00:00.000-0300","principioAtivo":null,"situacaoApresentacao":"Caduco/Cancelado","dataRegistro":"1999-11-01T00:00:00.000-0200","categoriaRegulatoria":{"codigo":8,"descricao":"Similar"},"medicamentoReferencia":null,"categoriaProduto":null,"tipoAutorizacao":"REGISTRADO","numeroRegistroFormatado":"123610033","mesAnoVencimentoFormatado":"11/2019","acancelar":false},"empresa":{"cnpj":"64711500000114","razaoSocial":"UCB BIOPHARMA LTDA.","numeroAutorizacao":"1023619","cnpjFormatado":"64.711.500/0001-14"},"processo":{"numero":"250000098759948","situacao":29,"numeroProcessoFormatado":"25000.009875/99-48"}},{"ordem":55,"produto":{"codigo":408761,"nome":"OPTIVATE","numeroRegistro":"123610056","tipo":{"codigo":1,"descricao":null},"categoria":null,"situacaoRotulo":null,"dataVencimento":null,"mesAnoVencimento":"052020","dataVencimentoRegistro":"2020-05-01T00:00:00.000-0300","principioAtivo":null,"situacaoApresentacao":"Caduco/Cancelado","dataRegistro":"2005-05-16T00:00:00.000-0300","categoriaRegulatoria":{"codigo":1,"descricao":"Biológico"},"medicamentoReferencia":null,"categoriaProduto":null,"tipoAutorizacao":"REGISTRADO","numeroRegistroFormatado":"123610056","mesAnoVencimentoFormatado":"05/2020","acancelar":false},"empresa":{"cnpj":"64711500000114","razaoSocial":"UCB BIOPHARMA LTDA.","numeroAutorizacao":"1023619","cnpjFormatado":"64.711.500/0001-14"},"processo":{"numero":"25351013305200545","situacao":29,"numeroProcessoFormatado":"25351.013305/2005-45"}},{"ordem":56,"produto":{"codigo":624142,"nome":"OXALIMEIZ","numeroRegistro":"123610076","tipo":{"codigo":1,"descricao":null},"categoria":null,"situacaoRotulo":null,"dataVencimento":null,"mesAnoVencimento":"022021","dataVencimentoRegistro":"2021-02-01T00:00:00.000-0300","principioAtivo":null,"situacaoApresentacao":"Caduco/Cancelado","dataRegistro":"2011-02-28T00:00:00.000-0300","categoriaRegulatoria":{"codigo":8,"descricao":"Similar"},"medicamentoReferencia":"ELOXATIN","categoriaProduto":null,"tipoAutorizacao":"REGISTRADO","numeroRegistroFormatado":"123610076","mesAnoVencimentoFormatado":"02/2021","acancelar":false},"empresa":{"cnpj":"64711500000114","razaoSocial":"UCB BIOPHARMA LTDA.","numeroAutorizacao":"1023619","cnpjFormatado":"64.711.500/0001-14"},"processo":{"numero":"25351807698200820","situacao":29,"numeroProcessoFormatado":"25351.807698/2008-20"}},{"ordem":57,"produto":{"codigo":676296,"nome":"PACLIMEIZ","numeroRegistro":"123610075","tipo":{"codigo":1,"descricao":null},"categoria":null,"situacaoRotulo":null,"dataVencimento":null,"mesAnoVencimento":"012021","dataVencimentoRegistro":"2021-01-01T00:00:00.000-0300","principioAtivo":null,"situacaoApresentacao":"Caduco/Cancelado","dataRegistro":"2011-01-17T00:00:00.000-0300","categoriaRegulatoria":{"codigo":8,"descricao":"Similar"},"medicamentoReferencia":"TAXOL","categoriaProduto":null,"tipoAutorizacao":"REGISTRADO","numeroRegistroFormatado":"123610075","mesAnoVencimentoFormatado":"01/2021","acancelar":false},"empresa":{"cnpj":"64711500000114","razaoSocial":"UCB BIOPHARMA LTDA.","numeroAutorizacao":"1023619","cnpjFormatado":"64.711.500/0001-14"},"processo":{"numero":"25351229810200963","situacao":29,"numeroProcessoFormatado":"25351.229810/2009-63"}},{"ordem":58,"produto":{"codigo":6784,"nome":"PERENTAL","numeroRegistro":"123610024","tipo":{"codigo":1,"descricao":null},"categoria":null,"situacaoRotulo":null,"dataVencimento":null,"mesAnoVencimento":"072009","dataVencimentoRegistro":"2009-07-01T00:00:00.000-0300","principioAtivo":null,"situacaoApresentacao":"Caduco/Cancelado","dataRegistro":"1999-07-23T00:00:00.000-0300","categoriaRegulatoria":{"codigo":8,"descricao":"Similar"},"medicamentoReferencia":null,"categoriaProduto":null,"tipoAutorizacao":"REGISTRADO","numeroRegistroFormatado":"123610024","mesAnoVencimentoFormatado":"07/2009","acancelar":false},"empresa":{"cnpj":"64711500000114","razaoSocial":"UCB BIOPHARMA LTDA.","numeroAutorizacao":"1023619","cnpjFormatado":"64.711.500/0001-14"},"processo":{"numero":"250000293649790","situacao":29,"numeroProcessoFormatado":"25000.029364/97-90"}},{"ordem":59,"produto":{"codigo":626476,"nome":"PROLASTIN","numeroRegistro":"123610077","tipo":{"codigo":1,"descricao":null},"categoria":null,"situacaoRotulo":null,"dataVencimento":null,"mesAnoVencimento":"032016","dataVencimentoRegistro":"2016-03-01T00:00:00.000-0300","principioAtivo":null,"situacaoApresentacao":"Caduco/Cancelado","dataRegistro":"2011-03-28T00:00:00.000-0300","categoriaRegulatoria":{"codigo":1,"descricao":"Biológico"},"medicamentoReferencia":null,"categoriaProduto":null,"tipoAutorizacao":"REGISTRADO","numeroRegistroFormatado":"123610077","mesAnoVencimentoFormatado":"03/2016","acancelar":false},"empresa":{"cnpj":"64711500000114","razaoSocial":"UCB BIOPHARMA LTDA.","numeroAutorizacao":"1023619","cnpjFormatado":"64.711.500/0001-14"},"processo":{"numero":"25351115082200971","situacao":29,"numeroProcessoFormatado":"25351.115082/2009-71"}},{"ordem":60,"produto":{"codigo":1427146,"nome":"PROLUTEX","numeroRegistro":"123610094","tipo":{"codigo":1,"descricao":null},"categoria":null,"situacaoRotulo":null,"dataVencimento":"2033-09-11T00:00:00.000-0300","mesAnoVencimento":"092033","dataVencimentoRegistro":"2033-09-01T00:00:00.000-0300","principioAtivo":null,"situacaoApresentacao":"Caduco/Cancelado","dataRegistro":"2023-09-11T00:00:00.000-0300","categoriaRegulatoria":{"codigo":6,"descricao":"Novo"},"medicamentoReferencia":null,"categoriaProduto":null,"tipoAutorizacao":"REGISTRADO","numeroRegistroFormatado":"123610094","mesAnoVencimentoFormatado":"09/2033","acancelar":false},"empresa":{"cnpj":"64711500000114","razaoSocial":"UCB BIOPHARMA LTDA.","numeroAutorizacao":"1023619","cnpjFormatado":"64.711.500/0001-14"},"processo":{"numero":"25351724777202066","situacao":29,"numeroProcessoFormatado":"25351.724777/2020-66"}},{"ordem":61,"produto":{"codigo":7133,"nome":"PRONEST","numeroRegistro":"123610014","tipo":{"codigo":1,"descricao":null},"categoria":null,"situacaoRotulo":null,"dataVencimento":null,"mesAnoVencimento":"042009","dataVencimentoRegistro":"2009-04-01T00:00:00.000-0300","principioAtivo":null,"situacaoApresentacao":"Caduco/Cancelado","dataRegistro":"1999-04-09T00:00:00.000-0300","categoriaRegulatoria":{"codigo":8,"descricao":"Similar"},"medicamentoReferencia":null,"categoriaProduto":null,"tipoAutorizacao":"REGISTRADO","numeroRegistroFormatado":"123610014","mesAnoVencimentoFormatado":"04/2009","acancelar":false},"empresa":{"cnpj":"64711500000114","razaoSocial":"UCB BIOPHARMA LTDA.","numeroAutorizacao":"1023619","cnpjFormatado":"64.711.500/0001-14"},"processo":{"numero":"250000306299819","situacao":29,"numeroProcessoFormatado":"25000.030629/98-19"}},{"ordem":62,"produto":{"codigo":418152,"nome":"PROTHROMBINEX-HT","numeroRegistro":"123610058","tipo":{"codigo":1,"descricao":null},"categoria":null,"situacaoRotulo":null,"dataVencimento":null,"mesAnoVencimento":"012011","dataVencimentoRegistro":"2011-01-01T00:00:00.000-0300","principioAtivo":null,"situacaoApresentacao":"Caduco/Cancelado","dataRegistro":"2006-01-30T00:00:00.000-0300","categoriaRegulatoria":{"codigo":1,"descricao":"Biológico"},"medicamentoReferencia":null,"categoriaProduto":null,"tipoAutorizacao":"REGISTRADO","numeroRegistroFormatado":"123610058","mesAnoVencimentoFormatado":"01/2011","acancelar":false},"empresa":{"cnpj":"64711500000114","razaoSocial":"UCB BIOPHARMA LTDA.","numeroAutorizacao":"1023619","cnpjFormatado":"64.711.500/0001-14"},"processo":{"numero":"25351254065200537","situacao":29,"numeroProcessoFormatado":"25351.254065/2005-37"}},{"ordem":63,"produto":{"codigo":2857,"nome":"RADINE","numeroRegistro":"123610020","tipo":{"codigo":1,"descricao":null},"categoria":null,"situacaoRotulo":null,"dataVencimento":null,"mesAnoVencimento":"042004","dataVencimentoRegistro":"2004-04-01T00:00:00.000-0300","principioAtivo":null,"situacaoApresentacao":"Caduco/Cancelado","dataRegistro":"1999-04-22T00:00:00.000-0300","categoriaRegulatoria":{"codigo":8,"descricao":"Similar"},"medicamentoReferencia":null,"categoriaProduto":null,"tipoAutorizacao":"REGISTRADO","numeroRegistroFormatado":"123610020","mesAnoVencimentoFormatado":"04/2004","acancelar":false},"empresa":{"cnpj":"64711500000114","razaoSocial":"UCB BIOPHARMA LTDA.","numeroAutorizacao":"1023619","cnpjFormatado":"64.711.500/0001-14"},"processo":{"numero":"250000293759714","situacao":29,"numeroProcessoFormatado":"25000.029375/97-14"}},{"ordem":64,"produto":{"codigo":3114,"nome":"REPLENINE - VF","numeroRegistro":"123610004","tipo":{"codigo":1,"descricao":null},"categoria":null,"situacaoRotulo":null,"dataVencimento":null,"mesAnoVencimento":"042022","dataVencimentoRegistro":"2022-04-01T00:00:00.000-0300","principioAtivo":null,"situacaoApresentacao":"Caduco/Cancelado","dataRegistro":"1997-03-13T00:00:00.000-0300","categoriaRegulatoria":{"codigo":8,"descricao":"Similar"},"medicamentoReferencia":null,"categoriaProduto":null,"tipoAutorizacao":"REGISTRADO","numeroRegistroFormatado":"123610004","mesAnoVencimentoFormatado":"04/2022","acancelar":false},"empresa":{"cnpj":"64711500000114","razaoSocial":"UCB BIOPHARMA LTDA.","numeroAutorizacao":"1023619","cnpjFormatado":"64.711.500/0001-14"},"processo":{"numero":"250000291709612","situacao":29,"numeroProcessoFormatado":"25000.029170/96-12"}},{"ordem":65,"produto":{"codigo":125850,"nome":"RHOPHYLAC","numeroRegistro":"123610048","tipo":{"codigo":1,"descricao":null},"categoria":null,"situacaoRotulo":null,"dataVencimento":null,"mesAnoVencimento":"052012","dataVencimentoRegistro":"2012-05-01T00:00:00.000-0300","principioAtivo":null,"situacaoApresentacao":"Caduco/Cancelado","dataRegistro":"2002-05-03T00:00:00.000-0300","categoriaRegulatoria":{"codigo":8,"descricao":"Similar"},"medicamentoReferencia":null,"categoriaProduto":null,"tipoAutorizacao":"REGISTRADO","numeroRegistroFormatado":"123610048","mesAnoVencimentoFormatado":"05/2012","acancelar":false},"empresa":{"cnpj":"64711500000114","razaoSocial":"UCB BIOPHARMA LTDA.","numeroAutorizacao":"1023619","cnpjFormatado":"64.711.500/0001-14"},"processo":{"numero":"253510020130227","situacao":29,"numeroProcessoFormatado":"25351.002013/02-27"}},{"ordem":66,"produto":{"codigo":125851,"nome":"SANDOGLOBULINA","numeroRegistro":"123610050","tipo":{"codigo":1,"descricao":null},"categoria":null,"situacaoRotulo":null,"dataVencimento":null,"mesAnoVencimento":"052012","dataVencimentoRegistro":"2012-05-01T00:00:00.000-0300","principioAtivo":null,"situacaoApresentacao":"Caduco/Cancelado","dataRegistro":"2002-06-05T00:00:00.000-0300","categoriaRegulatoria":{"codigo":8,"descricao":"Similar"},"medicamentoReferencia":null,"categoriaProduto":null,"tipoAutorizacao":"REGISTRADO","numeroRegistroFormatado":"123610050","mesAnoVencimentoFormatado":"05/2012","acancelar":false},"empresa":{"cnpj":"64711500000114","razaoSocial":"UCB BIOPHARMA LTDA.","numeroAutorizacao":"1023619","cnpjFormatado":"64.711.500/0001-14"},"processo":{"numero":"253510020090250","situacao":29,"numeroProcessoFormatado":"25351.002009/02-50"}},{"ordem":67,"produto":{"codigo":1148,"nome":"SITRAC","numeroRegistro":"123610021","tipo":{"codigo":1,"descricao":null},"categoria":null,"situacaoRotulo":null,"dataVencimento":null,"mesAnoVencimento":"012009","dataVencimentoRegistro":"2009-01-01T00:00:00.000-0300","principioAtivo":null,"situacaoApresentacao":"Caduco/Cancelado","dataRegistro":"1999-05-10T00:00:00.000-0300","categoriaRegulatoria":{"codigo":8,"descricao":"Similar"},"medicamentoReferencia":null,"categoriaProduto":null,"tipoAutorizacao":"REGISTRADO","numeroRegistroFormatado":"123610021","mesAnoVencimentoFormatado":"01/2009","acancelar":false},"empresa":{"cnpj":"64711500000114","razaoSocial":"UCB BIOPHARMA LTDA.","numeroAutorizacao":"1023619","cnpjFormatado":"64.711.500/0001-14"},"processo":{"numero":"250000306489855","situacao":29,"numeroProcessoFormatado":"25000.030648/98-55"}},{"ordem":68,"produto":{"codigo":7472,"nome":"SOLUÇÃO PARA DIÁLISE PERITONEAL COM DEXTROSE","numeroRegistro":"123610042","tipo":{"codigo":1,"descricao":null},"categoria":null,"situacaoRotulo":null,"dataVencimento":null,"mesAnoVencimento":"122005","dataVencimentoRegistro":"2005-12-01T00:00:00.000-0300","principioAtivo":null,"situacaoApresentacao":"Caduco/Cancelado","dataRegistro":"2000-12-26T00:00:00.000-0300","categoriaRegulatoria":{"codigo":8,"descricao":"Similar"},"medicamentoReferencia":null,"categoriaProduto":null,"tipoAutorizacao":"REGISTRADO","numeroRegistroFormatado":"123610042","mesAnoVencimentoFormatado":"12/2005","acancelar":false},"empresa":{"cnpj":"64711500000114","razaoSocial":"UCB BIOPHARMA LTDA.","numeroAutorizacao":"1023619","cnpjFormatado":"64.711.500/0001-14"},"processo":{"numero":"253510015470074","situacao":29,"numeroProcessoFormatado":"25351.001547/00-74"}},{"ordem":69,"produto":{"codigo":1983,"nome":"TABINE","numeroRegistro":"123610026","tipo":{"codigo":1,"descricao":null},"categoria":null,"situacaoRotulo":null,"dataVencimento":null,"mesAnoVencimento":"082019","dataVencimentoRegistro":"2019-08-01T00:00:00.000-0300","principioAtivo":null,"situacaoApresentacao":"Caduco/Cancelado","dataRegistro":"1999-08-16T00:00:00.000-0300","categoriaRegulatoria":{"codigo":8,"descricao":"Similar"},"medicamentoReferencia":null,"categoriaProduto":null,"tipoAutorizacao":"REGISTRADO","numeroRegistroFormatado":"123610026","mesAnoVencimentoFormatado":"08/2019","acancelar":false},"empresa":{"cnpj":"64711500000114","razaoSocial":"UCB BIOPHARMA LTDA.","numeroAutorizacao":"1023619","cnpjFormatado":"64.711.500/0001-14"},"processo":{"numero":"250000098709924","situacao":29,"numeroProcessoFormatado":"25000.009870/99-24"}},{"ordem":70,"produto":{"codigo":7853,"nome":"TAMOOEX","numeroRegistro":"123610016","tipo":{"codigo":1,"descricao":null},"categoria":null,"situacaoRotulo":null,"dataVencimento":null,"mesAnoVencimento":"042009","dataVencimentoRegistro":"2009-04-01T00:00:00.000-0300","principioAtivo":null,"situacaoApresentacao":"Caduco/Cancelado","dataRegistro":"1999-04-16T00:00:00.000-0300","categoriaRegulatoria":{"codigo":8,"descricao":"Similar"},"medicamentoReferencia":null,"categoriaProduto":null,"tipoAutorizacao":"REGISTRADO","numeroRegistroFormatado":"123610016","mesAnoVencimentoFormatado":"04/2009","acancelar":false},"empresa":{"cnpj":"64711500000114","razaoSocial":"UCB BIOPHARMA LTDA.","numeroAutorizacao":"1023619","cnpjFormatado":"64.711.500/0001-14"},"processo":{"numero":"250000293729718","situacao":29,"numeroProcessoFormatado":"25000.029372/97-18"}},{"ordem":71,"produto":{"codigo":556973,"nome":"TOPLANINA","numeroRegistro":"123610065","tipo":{"codigo":1,"descricao":null},"categoria":null,"situacaoRotulo":null,"dataVencimento":null,"mesAnoVencimento":"032018","dataVencimentoRegistro":"2018-03-01T00:00:00.000-0300","principioAtivo":null,"situacaoApresentacao":"Caduco/Cancelado","dataRegistro":"2008-03-10T00:00:00.000-0300","categoriaRegulatoria":{"codigo":8,"descricao":"Similar"},"medicamentoReferencia":"TARGOCID","categoriaProduto":null,"tipoAutorizacao":"REGISTRADO","numeroRegistroFormatado":"123610065","mesAnoVencimentoFormatado":"03/2018","acancelar":false},"empresa":{"cnpj":"64711500000114","razaoSocial":"UCB BIOPHARMA LTDA.","numeroAutorizacao":"1023619","cnpjFormatado":"64.711.500/0001-14"},"processo":{"numero":"25351475992200751","situacao":29,"numeroProcessoFormatado":"25351.475992/2007-51"}},{"ordem":72,"produto":{"codigo":574290,"nome":"TOPORAN","numeroRegistro":"123610069","tipo":{"codigo":1,"descricao":null},"categoria":null,"situacaoRotulo":null,"dataVencimento":null,"mesAnoVencimento":"102018","dataVencimentoRegistro":"2018-10-01T00:00:00.000-0300","principioAtivo":null,"situacaoApresentacao":"Caduco/Cancelado","dataRegistro":"2008-10-27T00:00:00.000-0300","categoriaRegulatoria":{"codigo":8,"descricao":"Similar"},"medicamentoReferencia":null,"categoriaProduto":null,"tipoAutorizacao":"REGISTRADO","numeroRegistroFormatado":"123610069","mesAnoVencimentoFormatado":"10/2018","acancelar":false},"empresa":{"cnpj":"64711500000114","razaoSocial":"UCB BIOPHARMA LTDA.","numeroAutorizacao":"1023619","cnpjFormatado":"64.711.500/0001-14"},"processo":{"numero":"25351093328200878","situacao":29,"numeroProcessoFormatado":"25351.093328/2008-78"}},{"ordem":73,"produto":{"codigo":647484,"nome":"Tacrofort","numeroRegistro":"123610071","tipo":{"codigo":1,"descricao":null},"categoria":null,"situacaoRotulo":null,"dataVencimento":null,"mesAnoVencimento":"102019","dataVencimentoRegistro":"2019-10-01T00:00:00.000-0300","principioAtivo":null,"situacaoApresentacao":"Caduco/Cancelado","dataRegistro":"2009-10-13T00:00:00.000-0300","categoriaRegulatoria":{"codigo":8,"descricao":"Similar"},"medicamentoReferencia":null,"categoriaProduto":null,"tipoAutorizacao":"REGISTRADO","numeroRegistroFormatado":"123610071","mesAnoVencimentoFormatado":"10/2019","acancelar":false},"empresa":{"cnpj":"64711500000114","razaoSocial":"UCB BIOPHARMA LTDA.","numeroAutorizacao":"1023619","cnpjFormatado":"64.711.500/0001-14"},"processo":{"numero":"25351821282200891","situacao":29,"numeroProcessoFormatado":"25351.821282/2008-91"}},{"ordem":74,"produto":{"codigo":1976,"nome":"UNISTIN","numeroRegistro":"123610010","tipo":{"codigo":1,"descricao":null},"categoria":null,"situacaoRotulo":null,"dataVencimento":null,"mesAnoVencimento":"032009","dataVencimentoRegistro":"2009-03-01T00:00:00.000-0300","principioAtivo":null,"situacaoApresentacao":"Caduco/Cancelado","dataRegistro":"1999-03-12T00:00:00.000-0300","categoriaRegulatoria":{"codigo":8,"descricao":"Similar"},"medicamentoReferencia":null,"categoriaProduto":null,"tipoAutorizacao":"REGISTRADO","numeroRegistroFormatado":"123610010","mesAnoVencimentoFormatado":"03/2009","acancelar":false},"empresa":{"cnpj":"64711500000114","razaoSocial":"UCB BIOPHARMA LTDA.","numeroAutorizacao":"1023619","cnpjFormatado":"64.711.500/0001-14"},"processo":{"numero":"250000293739781","situacao":29,"numeroProcessoFormatado":"25000.029373/97-81"}},{"ordem":75,"produto":{"codigo":3933,"nome":"UNITINASE","numeroRegistro":"123610040","tipo":{"codigo":1,"descricao":null},"categoria":null,"situacaoRotulo":null,"dataVencimento":null,"mesAnoVencimento":"042005","dataVencimentoRegistro":"2005-04-01T00:00:00.000-0300","principioAtivo":null,"situacaoApresentacao":"Caduco/Cancelado","dataRegistro":"2000-04-17T00:00:00.000-0300","categoriaRegulatoria":{"codigo":8,"descricao":"Similar"},"medicamentoReferencia":null,"categoriaProduto":null,"tipoAutorizacao":"REGISTRADO","numeroRegistroFormatado":"123610040","mesAnoVencimentoFormatado":"04/2005","acancelar":false},"empresa":{"cnpj":"64711500000114","razaoSocial":"UCB BIOPHARMA LTDA.","numeroAutorizacao":"1023619","cnpjFormatado":"64.711.500/0001-14"},"processo":{"numero":"250000111839814","situacao":29,"numeroProcessoFormatado":"25000.011183/98-14"}},{"ordem":76,"produto":{"codigo":5873,"nome":"UNITREXATE","numeroRegistro":"123610034","tipo":{"codigo":1,"descricao":null},"categoria":null,"situacaoRotulo":null,"dataVencimento":null,"mesAnoVencimento":"112009","dataVencimentoRegistro":"2009-11-01T00:00:00.000-0300","principioAtivo":null,"situacaoApresentacao":"Caduco/Cancelado","dataRegistro":"1999-11-22T00:00:00.000-0200","categoriaRegulatoria":{"codigo":8,"descricao":"Similar"},"medicamentoReferencia":null,"categoriaProduto":null,"tipoAutorizacao":"REGISTRADO","numeroRegistroFormatado":"123610034","mesAnoVencimentoFormatado":"11/2009","acancelar":false},"empresa":{"cnpj":"64711500000114","razaoSocial":"UCB BIOPHARMA LTDA.","numeroAutorizacao":"1023619","cnpjFormatado":"64.711.500/0001-14"},"processo":{"numero":"250000112409929","situacao":29,"numeroProcessoFormatado":"25000.011240/99-29"}},{"ordem":77,"produto":{"codigo":4278,"nome":"UTORAL","numeroRegistro":"123610029","tipo":{"codigo":1,"descricao":null},"categoria":null,"situacaoRotulo":null,"dataVencimento":null,"mesAnoVencimento":"082009","dataVencimentoRegistro":"2009-08-01T00:00:00.000-0300","principioAtivo":null,"situacaoApresentacao":"Caduco/Cancelado","dataRegistro":"1999-08-18T00:00:00.000-0300","categoriaRegulatoria":{"codigo":8,"descricao":"Similar"},"medicamentoReferencia":null,"categoriaProduto":null,"tipoAutorizacao":"REGISTRADO","numeroRegistroFormatado":"123610029","mesAnoVencimentoFormatado":"08/2009","acancelar":false},"empresa":{"cnpj":"64711500000114","razaoSocial":"UCB BIOPHARMA LTDA.","numeroAutorizacao":"1023619","cnpjFormatado":"64.711.500/0001-14"},"processo":{"numero":"250000112459942","situacao":29,"numeroProcessoFormatado":"25000.011245/99-42"}},{"ordem":78,"produto":{"codigo":346839,"nome":"VACINA INFLUENZA (FRAGMENTADA, INATIVADA)","numeroRegistro":"123610055","tipo":{"codigo":1,"descricao":null},"categoria":null,"situacaoRotulo":null,"dataVencimento":null,"mesAnoVencimento":"012024","dataVencimentoRegistro":"2024-01-01T00:00:00.000-0300","principioAtivo":null,"situacaoApresentacao":"Caduco/Cancelado","dataRegistro":"2004-01-09T00:00:00.000-0300","categoriaRegulatoria":{"codigo":1,"descricao":"Biológico"},"medicamentoReferencia":null,"categoriaProduto":null,"tipoAutorizacao":"REGISTRADO","numeroRegistroFormatado":"123610055","mesAnoVencimentoFormatado":"01/2024","acancelar":false},"empresa":{"cnpj":"64711500000114","razaoSocial":"UCB BIOPHARMA LTDA.","numeroAutorizacao":"1023619","cnpjFormatado":"64.711.500/0001-14"},"processo":{"numero":"25351047924200371","situacao":20,"numeroProcessoFormatado":"25351.047924/2003-71"}},{"ordem":79,"produto":{"codigo":4964,"nome":"VIGAM","numeroRegistro":"123610005","tipo":{"codigo":1,"descricao":null},"categoria":null,"situacaoRotulo":null,"dataVencimento":null,"mesAnoVencimento":"052017","dataVencimentoRegistro":"2017-05-01T00:00:00.000-0300","principioAtivo":null,"situacaoApresentacao":"Caduco/Cancelado","dataRegistro":"1997-05-08T00:00:00.000-0300","categoriaRegulatoria":{"codigo":8,"descricao":"Similar"},"medicamentoReferencia":null,"categoriaProduto":null,"tipoAutorizacao":"REGISTRADO","numeroRegistroFormatado":"123610005","mesAnoVencimentoFormatado":"05/2017","acancelar":false},"empresa":{"cnpj":"64711500000114","razaoSocial":"UCB BIOPHARMA LTDA.","numeroAutorizacao":"1023619","cnpjFormatado":"64.711.500/0001-14"},"processo":{"numero":"250000292589661","situacao":29,"numeroProcessoFormatado":"25000.029258/96-61"}},{"ordem":80,"produto":{"codigo":881390,"nome":"VIMPAT","numeroRegistro":"123610081","tipo":{"codigo":1,"descricao":null},"categoria":null,"situacaoRotulo":null,"dataVencimento":null,"mesAnoVencimento":"022029","dataVencimentoRegistro":"2029-02-01T00:00:00.000-0300","principioAtivo":"lacosamida","situacaoApresentacao":"Válido","dataRegistro":"2014-02-24T00:00:00.000-0300","categoriaRegulatoria":{"codigo":6,"descricao":"Novo"},"medicamentoReferencia":null,"categoriaProduto":null,"tipoAutorizacao":"REGISTRADO","numeroRegistroFormatado":"123610081","mesAnoVencimentoFormatado":"02/2029","acancelar":false},"empresa":{"cnpj":"64711500000114","razaoSocial":"UCB BIOPHARMA LTDA.","numeroAutorizacao":"1023619","cnpjFormatado":"64.711.500/0001-14"},"processo":{"numero":"25351116566201391","situacao":29,"numeroProcessoFormatado":"25351.116566/2013-91"}},{"ordem":81,"produto":{"codigo":498238,"nome":"VINATIN","numeroRegistro":"123610061","tipo":{"codigo":1,"descricao":null},"categoria":null,"situacaoRotulo":null,"dataVencimento":null,"mesAnoVencimento":"052022","dataVencimentoRegistro":"2022-05-01T00:00:00.000-0300","principioAtivo":null,"situacaoApresentacao":"Caduco/Cancelado","dataRegistro":"2007-05-07T00:00:00.000-0300","categoriaRegulatoria":{"codigo":8,"descricao":"Similar"},"medicamentoReferencia":null,"categoriaProduto":null,"tipoAutorizacao":"REGISTRADO","numeroRegistroFormatado":"123610061","mesAnoVencimentoFormatado":"05/2022","acancelar":false},"empresa":{"cnpj":"64711500000114","razaoSocial":"UCB BIOPHARMA LTDA.","numeroAutorizacao":"1023619","cnpjFormatado":"64.711.500/0001-14"},"processo":{"numero":"25351095913200489","situacao":29,"numeroProcessoFormatado":"25351.095913/2004-89"}},{"ordem":82,"produto":{"codigo":7780,"nome":"VINRACINE","numeroRegistro":"123610018","tipo":{"codigo":1,"descricao":null},"categoria":null,"situacaoRotulo":null,"dataVencimento":null,"mesAnoVencimento":"042009","dataVencimentoRegistro":"2009-04-01T00:00:00.000-0300","principioAtivo":null,"situacaoApresentacao":"Caduco/Cancelado","dataRegistro":"1999-04-16T00:00:00.000-0300","categoriaRegulatoria":{"codigo":8,"descricao":"Similar"},"medicamentoReferencia":null,"categoriaProduto":null,"tipoAutorizacao":"REGISTRADO","numeroRegistroFormatado":"123610018","mesAnoVencimentoFormatado":"04/2009","acancelar":false},"empresa":{"cnpj":"64711500000114","razaoSocial":"UCB BIOPHARMA LTDA.","numeroAutorizacao":"1023619","cnpjFormatado":"64.711.500/0001-14"},"processo":{"numero":"250000293769779","situacao":29,"numeroProcessoFormatado":"25000.029376/97-79"}},{"ordem":83,"produto":{"codigo":570336,"nome":"WOSULIN 70/30","numeroRegistro":"123610067","tipo":{"codigo":1,"descricao":null},"categoria":null,"situacaoRotulo":null,"dataVencimento":null,"mesAnoVencimento":"102023","dataVencimentoRegistro":"2023-10-01T00:00:00.000-0300","principioAtivo":null,"situacaoApresentacao":"Caduco/Cancelado","dataRegistro":"2008-10-20T00:00:00.000-0300","categoriaRegulatoria":{"codigo":1,"descricao":"Biológico"},"medicamentoReferencia":null,"categoriaProduto":null,"tipoAutorizacao":"REGISTRADO","numeroRegistroFormatado":"123610067","mesAnoVencimentoFormatado":"10/2023","acancelar":false},"empresa":{"cnpj":"64711500000114","razaoSocial":"UCB BIOPHARMA LTDA.","numeroAutorizacao":"1023619","cnpjFormatado":"64.711.500/0001-14"},"processo":{"numero":"25351115186200815","situacao":29,"numeroProcessoFormatado":"25351.115186/2008-15"}},{"ordem":84,"produto":{"codigo":570152,"nome":"WOSULIN N","numeroRegistro":"123610068","tipo":{"codigo":1,"descricao":null},"categoria":null,"situacaoRotulo":null,"dataVencimento":null,"mesAnoVencimento":"102023","dataVencimentoRegistro":"2023-10-01T00:00:00.000-0300","principioAtivo":null,"situacaoApresentacao":"Caduco/Cancelado","dataRegistro":"2008-10-20T00:00:00.000-0300","categoriaRegulatoria":{"codigo":1,"descricao":"Biológico"},"medicamentoReferencia":null,"categoriaProduto":null,"tipoAutorizacao":"REGISTRADO","numeroRegistroFormatado":"123610068","mesAnoVencimentoFormatado":"10/2023","acancelar":false},"empresa":{"cnpj":"64711500000114","razaoSocial":"UCB BIOPHARMA LTDA.","numeroAutorizacao":"1023619","cnpjFormatado":"64.711.500/0001-14"},"processo":{"numero":"25351119705200814","situacao":29,"numeroProcessoFormatado":"25351.119705/2008-14"}},{"ordem":85,"produto":{"codigo":573642,"nome":"WOSULIN R","numeroRegistro":"123610066","tipo":{"codigo":1,"descricao":null},"categoria":null,"situacaoRotulo":null,"dataVencimento":null,"mesAnoVencimento":"102023","dataVencimentoRegistro":"2023-10-01T00:00:00.000-0300","principioAtivo":null,"situacaoApresentacao":"Caduco/Cancelado","dataRegistro":"2008-10-20T00:00:00.000-0300","categoriaRegulatoria":{"codigo":1,"descricao":"Biológico"},"medicamentoReferencia":null,"categoriaProduto":null,"tipoAutorizacao":"REGISTRADO","numeroRegistroFormatado":"123610066","mesAnoVencimentoFormatado":"10/2023","acancelar":false},"empresa":{"cnpj":"64711500000114","razaoSocial":"UCB BIOPHARMA LTDA.","numeroAutorizacao":"1023619","cnpjFormatado":"64.711.500/0001-14"},"processo":{"numero":"25351115133200896","situacao":29,"numeroProcessoFormatado":"25351.115133/2008-96"}},{"ordem":86,"produto":{"codigo":3076,"nome":"ZOLAPIN","numeroRegistro":"123610039","tipo":{"codigo":1,"descricao":null},"categoria":null,"situacaoRotulo":null,"dataVencimento":null,"mesAnoVencimento":"022010","dataVencimentoRegistro":"2010-02-01T00:00:00.000-0300","principioAtivo":null,"situacaoApresentacao":"Caduco/Cancelado","dataRegistro":"2000-02-29T00:00:00.000-0300","categoriaRegulatoria":{"codigo":8,"descricao":"Similar"},"medicamentoReferencia":null,"categoriaProduto":null,"tipoAutorizacao":"REGISTRADO","numeroRegistroFormatado":"123610039","mesAnoVencimentoFormatado":"02/2010","acancelar":false},"empresa":{"cnpj":"64711500000114","razaoSocial":"UCB BIOPHARMA LTDA.","numeroAutorizacao":"1023619","cnpjFormatado":"64.711.500/0001-14"},"processo":{"numero":"250000098309918","situacao":29,"numeroProcessoFormatado":"25000.009830/99-18"}},{"ordem":87,"produto":{"codigo":5959,"nome":"ZOLIDAM","numeroRegistro":"123610036","tipo":{"codigo":1,"descricao":null},"categoria":null,"situacaoRotulo":null,"dataVencimento":null,"mesAnoVencimento":"122009","dataVencimentoRegistro":"2009-12-01T00:00:00.000-0300","principioAtivo":null,"situacaoApresentacao":"Caduco/Cancelado","dataRegistro":"1999-12-20T00:00:00.000-0200","categoriaRegulatoria":{"codigo":8,"descricao":"Similar"},"medicamentoReferencia":null,"categoriaProduto":null,"tipoAutorizacao":"REGISTRADO","numeroRegistroFormatado":"123610036","mesAnoVencimentoFormatado":"12/2009","acancelar":false},"empresa":{"cnpj":"64711500000114","razaoSocial":"UCB BIOPHARMA LTDA.","numeroAutorizacao":"1023619","cnpjFormatado":"64.711.500/0001-14"},"processo":{"numero":"250000094219931","situacao":29,"numeroProcessoFormatado":"25000.009421/99-31"}},{"ordem":88,"produto":{"codigo":320,"nome":"ZOYLEX","numeroRegistro":"123610007","tipo":{"codigo":1,"descricao":null},"categoria":null,"situacaoRotulo":null,"dataVencimento":null,"mesAnoVencimento":"032009","dataVencimentoRegistro":"2009-03-01T00:00:00.000-0300","principioAtivo":null,"situacaoApresentacao":"Caduco/Cancelado","dataRegistro":"1999-03-12T00:00:00.000-0300","categoriaRegulatoria":{"codigo":8,"descricao":"Similar"},"medicamentoReferencia":null,"categoriaProduto":null,"tipoAutorizacao":"REGISTRADO","numeroRegistroFormatado":"123610007","mesAnoVencimentoFormatado":"03/2009","acancelar":false},"empresa":{"cnpj":"64711500000114","razaoSocial":"UCB BIOPHARMA LTDA.","numeroAutorizacao":"1023619","cnpjFormatado":"64.711.500/0001-14"},"processo":{"numero":"250000111829843","situacao":29,"numeroProcessoFormatado":"25000.011182/98-43"}},{"ordem":89,"produto":{"codigo":1188961,"nome":"ZYXEM","numeroRegistro":"123610088","tipo":{"codigo":1,"descricao":null},"categoria":null,"situacaoRotulo":null,"dataVencimento":null,"mesAnoVencimento":"092029","dataVencimentoRegistro":"2029-09-01T00:00:00.000-0300","principioAtivo":"DICLORIDRATO DE LEVOCETIRIZINA","situacaoApresentacao":"Válido","dataRegistro":"2017-08-21T00:00:00.000-0300","categoriaRegulatoria":{"codigo":6,"descricao":"Novo"},"medicamentoReferencia":null,"categoriaProduto":null,"tipoAutorizacao":"REGISTRADO","numeroRegistroFormatado":"123610088","mesAnoVencimentoFormatado":"09/2029","acancelar":false},"empresa":{"cnpj":"64711500000114","razaoSocial":"UCB BIOPHARMA LTDA.","numeroAutorizacao":"1023619","cnpjFormatado":"64.711.500/0001-14"},"processo":{"numero":"25351339403201798","situacao":29,"numeroProcessoFormatado":"25351.339403/2017-98"}},{"ordem":90,"produto":{"codigo":591,"nome":"Zenalb 20","numeroRegistro":"123610001","tipo":{"codigo":1,"descricao":null},"categoria":null,"situacaoRotulo":null,"dataVencimento":null,"mesAnoVencimento":"012014","dataVencimentoRegistro":"2014-01-01T00:00:00.000-0300","principioAtivo":null,"situacaoApresentacao":"Caduco/Cancelado","dataRegistro":"1995-01-26T00:00:00.000-0300","categoriaRegulatoria":{"codigo":8,"descricao":"Similar"},"medicamentoReferencia":null,"categoriaProduto":null,"tipoAutorizacao":"REGISTRADO","numeroRegistroFormatado":"123610001","mesAnoVencimentoFormatado":"01/2014","acancelar":false},"empresa":{"cnpj":"64711500000114","razaoSocial":"UCB BIOPHARMA LTDA.","numeroAutorizacao":"1023619","cnpjFormatado":"64.711.500/0001-14"},"processo":{"numero":"250000131919481","situacao":29,"numeroProcessoFormatado":"25000.013191/94-81"}},{"ordem":91,"produto":{"codigo":1129011,"nome":"levetiracetam","numeroRegistro":"123610086","tipo":{"codigo":1,"descricao":null},"categoria":null,"situacaoRotulo":null,"dataVencimento":null,"mesAnoVencimento":"102026","dataVencimentoRegistro":"2026-10-01T00:00:00.000-0300","principioAtivo":null,"situacaoApresentacao":"Caduco/Cancelado","dataRegistro":"2016-10-10T00:00:00.000-0300","categoriaRegulatoria":{"codigo":5,"descricao":"Genérico"},"medicamentoReferencia":"KEPPRA","categoriaProduto":null,"tipoAutorizacao":"REGISTRADO","numeroRegistroFormatado":"123610086","mesAnoVencimentoFormatado":"10/2026","acancelar":false},"empresa":{"cnpj":"64711500000114","razaoSocial":"UCB BIOPHARMA LTDA.","numeroAutorizacao":"1023619","cnpjFormatado":"64.711.500/0001-14"},"processo":{"numero":"25351218968201615","situacao":29,"numeroProcessoFormatado":"25351.218968/2016-15"}}],"totalPages":1,"totalElements":91,"last":true,"numberOfElements":91,"first":true,"sort":null,"size":1000,"number":0}