{"content":[{"ordem":1,"produto":{"codigo":3148,"nome":"ALCACHOFRA  BIONATUS","numeroRegistro":"120090006","tipo":{"codigo":1,"descricao":null},"categoria":null,"situacaoRotulo":null,"dataVencimento":null,"mesAnoVencimento":"062016","dataVencimentoRegistro":"2016-06-01T00:00:00.000-0300","principioAtivo":null,"situacaoApresentacao":"Caduco/Cancelado","dataRegistro":"2001-06-13T00:00:00.000-0300","categoriaRegulatoria":{"codigo":4,"descricao":"Fitoterápico"},"medicamentoReferencia":null,"categoriaProduto":null,"tipoAutorizacao":"REGISTRADO","mesAnoVencimentoFormatado":"06/2016","numeroRegistroFormatado":"120090006","acancelar":false},"empresa":{"cnpj":"68032192000151","razaoSocial":"BIONATUS LABORATÓRIO BOTÂNICO LTDA","numeroAutorizacao":"1020094","cnpjFormatado":"68.032.192/0001-51"},"processo":{"numero":"250000172549280","situacao":29,"numeroProcessoFormatado":"25000.017254/92-80"}},{"ordem":2,"produto":{"codigo":124851,"nome":"ALLIUM SATIVUM","numeroRegistro":"120090017","tipo":{"codigo":1,"descricao":null},"categoria":null,"situacaoRotulo":null,"dataVencimento":null,"mesAnoVencimento":"052007","dataVencimentoRegistro":"2007-05-01T00:00:00.000-0300","principioAtivo":null,"situacaoApresentacao":"Caduco/Cancelado","dataRegistro":"2002-05-22T00:00:00.000-0300","categoriaRegulatoria":{"codigo":4,"descricao":"Fitoterápico"},"medicamentoReferencia":null,"categoriaProduto":null,"tipoAutorizacao":"REGISTRADO","mesAnoVencimentoFormatado":"05/2007","numeroRegistroFormatado":"120090017","acancelar":false},"empresa":{"cnpj":"68032192000151","razaoSocial":"BIONATUS LABORATÓRIO BOTÂNICO LTDA","numeroAutorizacao":"1020094","cnpjFormatado":"68.032.192/0001-51"},"processo":{"numero":"250000119849240","situacao":29,"numeroProcessoFormatado":"25000.011984/92-40"}},{"ordem":3,"produto":{"codigo":6858,"nome":"BIOGESTIL BIONATUS","numeroRegistro":"120090010","tipo":{"codigo":1,"descricao":null},"categoria":null,"situacaoRotulo":null,"dataVencimento":null,"mesAnoVencimento":"072016","dataVencimentoRegistro":"2016-07-01T00:00:00.000-0300","principioAtivo":null,"situacaoApresentacao":"Caduco/Cancelado","dataRegistro":"2001-07-04T00:00:00.000-0300","categoriaRegulatoria":{"codigo":4,"descricao":"Fitoterápico"},"medicamentoReferencia":null,"categoriaProduto":null,"tipoAutorizacao":"REGISTRADO","mesAnoVencimentoFormatado":"07/2016","numeroRegistroFormatado":"120090010","acancelar":false},"empresa":{"cnpj":"68032192000151","razaoSocial":"BIONATUS LABORATÓRIO BOTÂNICO LTDA","numeroAutorizacao":"1020094","cnpjFormatado":"68.032.192/0001-51"},"processo":{"numero":"250000119789247","situacao":29,"numeroProcessoFormatado":"25000.011978/92-47"}},{"ordem":4,"produto":{"codigo":4537,"nome":"BIOGINKGO","numeroRegistro":"120090008","tipo":{"codigo":1,"descricao":null},"categoria":null,"situacaoRotulo":null,"dataVencimento":null,"mesAnoVencimento":"062011","dataVencimentoRegistro":"2011-06-01T00:00:00.000-0300","principioAtivo":null,"situacaoApresentacao":"Caduco/Cancelado","dataRegistro":"2001-06-29T00:00:00.000-0300","categoriaRegulatoria":{"codigo":4,"descricao":"Fitoterápico"},"medicamentoReferencia":null,"categoriaProduto":null,"tipoAutorizacao":"REGISTRADO","mesAnoVencimentoFormatado":"06/2011","numeroRegistroFormatado":"120090008","acancelar":false},"empresa":{"cnpj":"68032192000151","razaoSocial":"BIONATUS LABORATÓRIO BOTÂNICO LTDA","numeroAutorizacao":"1020094","cnpjFormatado":"68.032.192/0001-51"},"processo":{"numero":"250000199629462","situacao":29,"numeroProcessoFormatado":"25000.019962/94-62"}},{"ordem":5,"produto":{"codigo":884577,"nome":"BIOGINKGO BIONATUS","numeroRegistro":"120090028","tipo":{"codigo":1,"descricao":null},"categoria":null,"situacaoRotulo":null,"dataVencimento":null,"mesAnoVencimento":"062028","dataVencimentoRegistro":"2028-06-01T00:00:00.000-0300","principioAtivo":"GINKGO BILOBA L.","situacaoApresentacao":"Válido","dataRegistro":"2013-06-17T00:00:00.000-0300","categoriaRegulatoria":{"codigo":4,"descricao":"Fitoterápico"},"medicamentoReferencia":null,"categoriaProduto":null,"tipoAutorizacao":"REGISTRADO","mesAnoVencimentoFormatado":"06/2028","numeroRegistroFormatado":"120090028","acancelar":false},"empresa":{"cnpj":"68032192000151","razaoSocial":"BIONATUS LABORATÓRIO BOTÂNICO LTDA","numeroAutorizacao":"1020094","cnpjFormatado":"68.032.192/0001-51"},"processo":{"numero":"25351471579201213","situacao":29,"numeroProcessoFormatado":"25351.471579/2012-13"}},{"ordem":6,"produto":{"codigo":6880,"nome":"BIOKAVA BIONATUS","numeroRegistro":"120090012","tipo":{"codigo":1,"descricao":null},"categoria":null,"situacaoRotulo":null,"dataVencimento":null,"mesAnoVencimento":"072011","dataVencimentoRegistro":"2011-07-01T00:00:00.000-0300","principioAtivo":null,"situacaoApresentacao":"Caduco/Cancelado","dataRegistro":"2001-08-08T00:00:00.000-0300","categoriaRegulatoria":{"codigo":4,"descricao":"Fitoterápico"},"medicamentoReferencia":null,"categoriaProduto":null,"tipoAutorizacao":"REGISTRADO","mesAnoVencimentoFormatado":"07/2011","numeroRegistroFormatado":"120090012","acancelar":false},"empresa":{"cnpj":"68032192000151","razaoSocial":"BIONATUS LABORATÓRIO BOTÂNICO LTDA","numeroAutorizacao":"1020094","cnpjFormatado":"68.032.192/0001-51"},"processo":{"numero":"250000042459922","situacao":29,"numeroProcessoFormatado":"25000.004245/99-22"}},{"ordem":7,"produto":{"codigo":2902224,"nome":"BIOTOSS","numeroRegistro":"120090034","tipo":{"codigo":1,"descricao":null},"categoria":null,"situacaoRotulo":null,"dataVencimento":null,"mesAnoVencimento":"012032","dataVencimentoRegistro":"2032-01-01T00:00:00.000-0300","principioAtivo":"MIKANIA GLOMERATA SPRENG.","situacaoApresentacao":"Válido","dataRegistro":"2022-01-24T00:00:00.000-0300","categoriaRegulatoria":{"codigo":4,"descricao":"Fitoterápico"},"medicamentoReferencia":null,"categoriaProduto":null,"tipoAutorizacao":"REGISTRADO","mesAnoVencimentoFormatado":"01/2032","numeroRegistroFormatado":"120090034","acancelar":false},"empresa":{"cnpj":"68032192000151","razaoSocial":"BIONATUS LABORATÓRIO BOTÂNICO LTDA","numeroAutorizacao":"1020094","cnpjFormatado":"68.032.192/0001-51"},"processo":{"numero":"25351606706202163","situacao":29,"numeroProcessoFormatado":"25351.606706/2021-63"}},{"ordem":8,"produto":{"codigo":1356336,"nome":"BIOTOSS EDULITO","numeroRegistro":"120090031","tipo":{"codigo":1,"descricao":null},"categoria":null,"situacaoRotulo":null,"dataVencimento":null,"mesAnoVencimento":"062025","dataVencimentoRegistro":"2025-06-01T00:00:00.000-0300","principioAtivo":null,"situacaoApresentacao":"Caduco/Cancelado","dataRegistro":"2019-10-07T00:00:00.000-0300","categoriaRegulatoria":{"codigo":4,"descricao":"Fitoterápico"},"medicamentoReferencia":null,"categoriaProduto":null,"tipoAutorizacao":"REGISTRADO","mesAnoVencimentoFormatado":"06/2025","numeroRegistroFormatado":"120090031","acancelar":false},"empresa":{"cnpj":"68032192000151","razaoSocial":"BIONATUS LABORATÓRIO BOTÂNICO LTDA","numeroAutorizacao":"1020094","cnpjFormatado":"68.032.192/0001-51"},"processo":{"numero":"25351481022201928","situacao":29,"numeroProcessoFormatado":"25351.481022/2019-28"}},{"ordem":9,"produto":{"codigo":1356337,"nome":"BIOTOSS XAROPE","numeroRegistro":"120090032","tipo":{"codigo":1,"descricao":null},"categoria":null,"situacaoRotulo":null,"dataVencimento":null,"mesAnoVencimento":"062025","dataVencimentoRegistro":"2025-06-01T00:00:00.000-0300","principioAtivo":null,"situacaoApresentacao":"Caduco/Cancelado","dataRegistro":"2019-10-07T00:00:00.000-0300","categoriaRegulatoria":{"codigo":4,"descricao":"Fitoterápico"},"medicamentoReferencia":null,"categoriaProduto":null,"tipoAutorizacao":"REGISTRADO","mesAnoVencimentoFormatado":"06/2025","numeroRegistroFormatado":"120090032","acancelar":false},"empresa":{"cnpj":"68032192000151","razaoSocial":"BIONATUS LABORATÓRIO BOTÂNICO LTDA","numeroAutorizacao":"1020094","cnpjFormatado":"68.032.192/0001-51"},"processo":{"numero":"25351481144201914","situacao":29,"numeroProcessoFormatado":"25351.481144/2019-14"}},{"ordem":10,"produto":{"codigo":4074,"nome":"CALMIT BIONATUS","numeroRegistro":"120090004","tipo":{"codigo":1,"descricao":null},"categoria":null,"situacaoRotulo":null,"dataVencimento":null,"mesAnoVencimento":"042016","dataVencimentoRegistro":"2016-04-01T00:00:00.000-0300","principioAtivo":null,"situacaoApresentacao":"Caduco/Cancelado","dataRegistro":"2001-04-05T00:00:00.000-0300","categoriaRegulatoria":{"codigo":4,"descricao":"Fitoterápico"},"medicamentoReferencia":null,"categoriaProduto":null,"tipoAutorizacao":"REGISTRADO","mesAnoVencimentoFormatado":"04/2016","numeroRegistroFormatado":"120090004","acancelar":false},"empresa":{"cnpj":"68032192000151","razaoSocial":"BIONATUS LABORATÓRIO BOTÂNICO LTDA","numeroAutorizacao":"1020094","cnpjFormatado":"68.032.192/0001-51"},"processo":{"numero":"250000172529254","situacao":29,"numeroProcessoFormatado":"25000.017252/92-54"}},{"ordem":11,"produto":{"codigo":755759,"nome":"CALMITANE","numeroRegistro":"120090027","tipo":{"codigo":1,"descricao":null},"categoria":null,"situacaoRotulo":null,"dataVencimento":"2026-11-13T00:00:00.000-0300","mesAnoVencimento":"112026","dataVencimentoRegistro":"2026-11-01T00:00:00.000-0300","principioAtivo":"VALERIANA OFFICINALIS L.","situacaoApresentacao":"Válido","dataRegistro":"2011-10-31T00:00:00.000-0300","categoriaRegulatoria":{"codigo":4,"descricao":"Fitoterápico"},"medicamentoReferencia":null,"categoriaProduto":null,"tipoAutorizacao":"REGISTRADO","mesAnoVencimentoFormatado":"11/2026","numeroRegistroFormatado":"120090027","acancelar":false},"empresa":{"cnpj":"68032192000151","razaoSocial":"BIONATUS LABORATÓRIO BOTÂNICO LTDA","numeroAutorizacao":"1020094","cnpjFormatado":"68.032.192/0001-51"},"processo":{"numero":"25351537321201082","situacao":29,"numeroProcessoFormatado":"25351.537321/2010-82"}},{"ordem":12,"produto":{"codigo":124936,"nome":"CARQUEJA AMARGA BIONATUS","numeroRegistro":"120090021","tipo":{"codigo":1,"descricao":null},"categoria":null,"situacaoRotulo":null,"dataVencimento":null,"mesAnoVencimento":"062007","dataVencimentoRegistro":"2007-06-01T00:00:00.000-0300","principioAtivo":null,"situacaoApresentacao":"Caduco/Cancelado","dataRegistro":"2002-06-20T00:00:00.000-0300","categoriaRegulatoria":{"codigo":4,"descricao":"Fitoterápico"},"medicamentoReferencia":null,"categoriaProduto":null,"tipoAutorizacao":"REGISTRADO","mesAnoVencimentoFormatado":"06/2007","numeroRegistroFormatado":"120090021","acancelar":false},"empresa":{"cnpj":"68032192000151","razaoSocial":"BIONATUS LABORATÓRIO BOTÂNICO LTDA","numeroAutorizacao":"1020094","cnpjFormatado":"68.032.192/0001-51"},"processo":{"numero":"250000119779284","situacao":29,"numeroProcessoFormatado":"25000.011977/92-84"}},{"ordem":13,"produto":{"codigo":1743,"nome":"CENTELLA BIONATUS","numeroRegistro":"120090015","tipo":{"codigo":1,"descricao":null},"categoria":null,"situacaoRotulo":null,"dataVencimento":null,"mesAnoVencimento":"022017","dataVencimentoRegistro":"2017-02-01T00:00:00.000-0300","principioAtivo":null,"situacaoApresentacao":"Caduco/Cancelado","dataRegistro":"2002-02-18T00:00:00.000-0300","categoriaRegulatoria":{"codigo":4,"descricao":"Fitoterápico"},"medicamentoReferencia":null,"categoriaProduto":null,"tipoAutorizacao":"REGISTRADO","mesAnoVencimentoFormatado":"02/2017","numeroRegistroFormatado":"120090015","acancelar":false},"empresa":{"cnpj":"68032192000151","razaoSocial":"BIONATUS LABORATÓRIO BOTÂNICO LTDA","numeroAutorizacao":"1020094","cnpjFormatado":"68.032.192/0001-51"},"processo":{"numero":"253510244390141","situacao":29,"numeroProcessoFormatado":"25351.024439/01-41"}},{"ordem":14,"produto":{"codigo":1910,"nome":"CIMICIFUGA RACEMOSA","numeroRegistro":"120090011","tipo":{"codigo":1,"descricao":null},"categoria":null,"situacaoRotulo":null,"dataVencimento":null,"mesAnoVencimento":"072006","dataVencimentoRegistro":"2006-07-01T00:00:00.000-0300","principioAtivo":null,"situacaoApresentacao":"Caduco/Cancelado","dataRegistro":"2001-07-20T00:00:00.000-0300","categoriaRegulatoria":{"codigo":4,"descricao":"Fitoterápico"},"medicamentoReferencia":null,"categoriaProduto":null,"tipoAutorizacao":"REGISTRADO","mesAnoVencimentoFormatado":"07/2006","numeroRegistroFormatado":"120090011","acancelar":false},"empresa":{"cnpj":"68032192000151","razaoSocial":"BIONATUS LABORATÓRIO BOTÂNICO LTDA","numeroAutorizacao":"1020094","cnpjFormatado":"68.032.192/0001-51"},"processo":{"numero":"253510069990114","situacao":29,"numeroProcessoFormatado":"25351.006999/01-14"}},{"ordem":15,"produto":{"codigo":4069,"nome":"CÁSCARA SAGRADA BIONATUS","numeroRegistro":"120090005","tipo":{"codigo":1,"descricao":null},"categoria":null,"situacaoRotulo":null,"dataVencimento":"2026-01-28T00:00:00.000-0300","mesAnoVencimento":"062016","dataVencimentoRegistro":"2016-06-01T00:00:00.000-0300","principioAtivo":null,"situacaoApresentacao":"Caduco/Cancelado","dataRegistro":"2001-06-11T00:00:00.000-0300","categoriaRegulatoria":{"codigo":4,"descricao":"Fitoterápico"},"medicamentoReferencia":null,"categoriaProduto":null,"tipoAutorizacao":"REGISTRADO","mesAnoVencimentoFormatado":"06/2016","numeroRegistroFormatado":"120090005","acancelar":false},"empresa":{"cnpj":"68032192000151","razaoSocial":"BIONATUS LABORATÓRIO BOTÂNICO LTDA","numeroAutorizacao":"1020094","cnpjFormatado":"68.032.192/0001-51"},"processo":{"numero":"250000119679221","situacao":29,"numeroProcessoFormatado":"25000.011967/92-21"}},{"ordem":16,"produto":{"codigo":3186510,"nome":"CÁSCARA SAGRADA BIONATUS","numeroRegistro":"120090035","tipo":{"codigo":1,"descricao":null},"categoria":null,"situacaoRotulo":null,"dataVencimento":null,"mesAnoVencimento":"052033","dataVencimentoRegistro":"2033-05-01T00:00:00.000-0300","principioAtivo":"Frangula purshiana (DC.) A. Gray ","situacaoApresentacao":"Válido","dataRegistro":"2023-05-02T00:00:00.000-0300","categoriaRegulatoria":{"codigo":4,"descricao":"Fitoterápico"},"medicamentoReferencia":null,"categoriaProduto":null,"tipoAutorizacao":"REGISTRADO","mesAnoVencimentoFormatado":"05/2033","numeroRegistroFormatado":"120090035","acancelar":false},"empresa":{"cnpj":"68032192000151","razaoSocial":"BIONATUS LABORATÓRIO BOTÂNICO LTDA","numeroAutorizacao":"1020094","cnpjFormatado":"68.032.192/0001-51"},"processo":{"numero":"25351124453202112","situacao":29,"numeroProcessoFormatado":"25351.124453/2021-12"}},{"ordem":17,"produto":{"codigo":3830,"nome":"DIUREMAX","numeroRegistro":"120090002","tipo":{"codigo":1,"descricao":null},"categoria":null,"situacaoRotulo":null,"dataVencimento":null,"mesAnoVencimento":"122010","dataVencimentoRegistro":"2010-12-01T00:00:00.000-0300","principioAtivo":null,"situacaoApresentacao":"Caduco/Cancelado","dataRegistro":"2000-12-28T00:00:00.000-0300","categoriaRegulatoria":{"codigo":4,"descricao":"Fitoterápico"},"medicamentoReferencia":null,"categoriaProduto":null,"tipoAutorizacao":"REGISTRADO","mesAnoVencimentoFormatado":"12/2010","numeroRegistroFormatado":"120090002","acancelar":false},"empresa":{"cnpj":"68032192000151","razaoSocial":"BIONATUS LABORATÓRIO BOTÂNICO LTDA","numeroAutorizacao":"1020094","cnpjFormatado":"68.032.192/0001-51"},"processo":{"numero":"250000199659451","situacao":29,"numeroProcessoFormatado":"25000.019965/94-51"}},{"ordem":18,"produto":{"codigo":1095151,"nome":"DOLOTRAT","numeroRegistro":"120090029","tipo":{"codigo":1,"descricao":null},"categoria":null,"situacaoRotulo":null,"dataVencimento":null,"mesAnoVencimento":"042026","dataVencimentoRegistro":"2026-04-01T00:00:00.000-0300","principioAtivo":"COLECALCIFEROL, CARBONATO DE CÁLCIO","situacaoApresentacao":"Válido","dataRegistro":"2016-04-25T00:00:00.000-0300","categoriaRegulatoria":{"codigo":3,"descricao":"Específico"},"medicamentoReferencia":null,"categoriaProduto":null,"tipoAutorizacao":"REGISTRADO","mesAnoVencimentoFormatado":"04/2026","numeroRegistroFormatado":"120090029","acancelar":false},"empresa":{"cnpj":"68032192000151","razaoSocial":"BIONATUS LABORATÓRIO BOTÂNICO LTDA","numeroAutorizacao":"1020094","cnpjFormatado":"68.032.192/0001-51"},"processo":{"numero":"25351292379201517","situacao":29,"numeroProcessoFormatado":"25351.292379/2015-17"}},{"ordem":19,"produto":{"codigo":68334,"nome":"EQUINACEA BIONATUS","numeroRegistro":"120090016","tipo":{"codigo":1,"descricao":null},"categoria":null,"situacaoRotulo":null,"dataVencimento":null,"mesAnoVencimento":"032012","dataVencimentoRegistro":"2012-03-01T00:00:00.000-0300","principioAtivo":null,"situacaoApresentacao":"Caduco/Cancelado","dataRegistro":"2002-03-21T00:00:00.000-0300","categoriaRegulatoria":{"codigo":4,"descricao":"Fitoterápico"},"medicamentoReferencia":null,"categoriaProduto":null,"tipoAutorizacao":"REGISTRADO","mesAnoVencimentoFormatado":"03/2012","numeroRegistroFormatado":"120090016","acancelar":false},"empresa":{"cnpj":"68032192000151","razaoSocial":"BIONATUS LABORATÓRIO BOTÂNICO LTDA","numeroAutorizacao":"1020094","cnpjFormatado":"68.032.192/0001-51"},"processo":{"numero":"253510123340186","situacao":29,"numeroProcessoFormatado":"25351.012334/01-86"}},{"ordem":20,"produto":{"codigo":4397,"nome":"FUCUS VESICULOSUS BIONATUS","numeroRegistro":"120090009","tipo":{"codigo":1,"descricao":null},"categoria":null,"situacaoRotulo":null,"dataVencimento":null,"mesAnoVencimento":"062011","dataVencimentoRegistro":"2011-06-01T00:00:00.000-0300","principioAtivo":null,"situacaoApresentacao":"Caduco/Cancelado","dataRegistro":"2001-06-29T00:00:00.000-0300","categoriaRegulatoria":{"codigo":4,"descricao":"Fitoterápico"},"medicamentoReferencia":null,"categoriaProduto":null,"tipoAutorizacao":"REGISTRADO","mesAnoVencimentoFormatado":"06/2011","numeroRegistroFormatado":"120090009","acancelar":false},"empresa":{"cnpj":"68032192000151","razaoSocial":"BIONATUS LABORATÓRIO BOTÂNICO LTDA","numeroAutorizacao":"1020094","cnpjFormatado":"68.032.192/0001-51"},"processo":{"numero":"250000199639425","situacao":29,"numeroProcessoFormatado":"25000.019963/94-25"}},{"ordem":21,"produto":{"codigo":3319089,"nome":"GASTRILESS","numeroRegistro":"120090036","tipo":{"codigo":1,"descricao":null},"categoria":null,"situacaoRotulo":null,"dataVencimento":"2033-07-10T00:00:00.000-0300","mesAnoVencimento":"072033","dataVencimentoRegistro":"2033-07-01T00:00:00.000-0300","principioAtivo":"MAYTENUS ILICIFOLIA MART.EX.REISS","situacaoApresentacao":"Válido","dataRegistro":"2023-07-10T00:00:00.000-0300","categoriaRegulatoria":{"codigo":4,"descricao":"Fitoterápico"},"medicamentoReferencia":null,"categoriaProduto":null,"tipoAutorizacao":"REGISTRADO","mesAnoVencimentoFormatado":"07/2033","numeroRegistroFormatado":"120090036","acancelar":false},"empresa":{"cnpj":"68032192000151","razaoSocial":"BIONATUS LABORATÓRIO BOTÂNICO LTDA","numeroAutorizacao":"1020094","cnpjFormatado":"68.032.192/0001-51"},"processo":{"numero":"25351628876202107","situacao":29,"numeroProcessoFormatado":"25351.628876/2021-07"}},{"ordem":22,"produto":{"codigo":5596,"nome":"GASTRILESS BIONATUS","numeroRegistro":"120090014","tipo":{"codigo":1,"descricao":null},"categoria":null,"situacaoRotulo":null,"dataVencimento":"2026-01-28T00:00:00.000-0300","mesAnoVencimento":"092016","dataVencimentoRegistro":"2016-09-01T00:00:00.000-0300","principioAtivo":null,"situacaoApresentacao":"Caduco/Cancelado","dataRegistro":"2001-09-27T00:00:00.000-0300","categoriaRegulatoria":{"codigo":4,"descricao":"Fitoterápico"},"medicamentoReferencia":null,"categoriaProduto":null,"tipoAutorizacao":"REGISTRADO","mesAnoVencimentoFormatado":"09/2016","numeroRegistroFormatado":"120090014","acancelar":false},"empresa":{"cnpj":"68032192000151","razaoSocial":"BIONATUS LABORATÓRIO BOTÂNICO LTDA","numeroAutorizacao":"1020094","cnpjFormatado":"68.032.192/0001-51"},"processo":{"numero":"250000013329323","situacao":29,"numeroProcessoFormatado":"25000.001332/93-23"}},{"ordem":23,"produto":{"codigo":377066,"nome":"GINSENG BIONATUS","numeroRegistro":"120090025","tipo":{"codigo":1,"descricao":null},"categoria":null,"situacaoRotulo":null,"dataVencimento":null,"mesAnoVencimento":"012026","dataVencimentoRegistro":"2026-01-01T00:00:00.000-0300","principioAtivo":"PANAX GINSENG C. A. MEY.","situacaoApresentacao":"Válido","dataRegistro":"2006-01-30T00:00:00.000-0300","categoriaRegulatoria":{"codigo":4,"descricao":"Fitoterápico"},"medicamentoReferencia":null,"categoriaProduto":null,"tipoAutorizacao":"REGISTRADO","mesAnoVencimentoFormatado":"01/2026","numeroRegistroFormatado":"120090025","acancelar":false},"empresa":{"cnpj":"68032192000151","razaoSocial":"BIONATUS LABORATÓRIO BOTÂNICO LTDA","numeroAutorizacao":"1020094","cnpjFormatado":"68.032.192/0001-51"},"processo":{"numero":"253510342120122","situacao":29,"numeroProcessoFormatado":"25351.034212/01-22"}},{"ordem":24,"produto":{"codigo":377534,"nome":"GUARATON BIONATUS","numeroRegistro":"120090026","tipo":{"codigo":1,"descricao":null},"categoria":null,"situacaoRotulo":null,"dataVencimento":null,"mesAnoVencimento":"022011","dataVencimentoRegistro":"2011-02-01T00:00:00.000-0300","principioAtivo":null,"situacaoApresentacao":"Caduco/Cancelado","dataRegistro":"2005-12-05T00:00:00.000-0300","categoriaRegulatoria":{"codigo":4,"descricao":"Fitoterápico"},"medicamentoReferencia":null,"categoriaProduto":null,"tipoAutorizacao":"REGISTRADO","mesAnoVencimentoFormatado":"02/2011","numeroRegistroFormatado":"120090026","acancelar":false},"empresa":{"cnpj":"68032192000151","razaoSocial":"BIONATUS LABORATÓRIO BOTÂNICO LTDA","numeroAutorizacao":"1020094","cnpjFormatado":"68.032.192/0001-51"},"processo":{"numero":"253510342090118","situacao":31,"numeroProcessoFormatado":"25351.034209/01-18"}},{"ordem":25,"produto":{"codigo":4885,"nome":"HYPERATIV","numeroRegistro":"120090007","tipo":{"codigo":1,"descricao":null},"categoria":null,"situacaoRotulo":null,"dataVencimento":null,"mesAnoVencimento":"062026","dataVencimentoRegistro":"2026-06-01T00:00:00.000-0300","principioAtivo":"HYPERICUM PERFORATUM L.","situacaoApresentacao":"Válido","dataRegistro":"2001-06-29T00:00:00.000-0300","categoriaRegulatoria":{"codigo":4,"descricao":"Fitoterápico"},"medicamentoReferencia":null,"categoriaProduto":null,"tipoAutorizacao":"REGISTRADO","mesAnoVencimentoFormatado":"06/2026","numeroRegistroFormatado":"120090007","acancelar":false},"empresa":{"cnpj":"68032192000151","razaoSocial":"BIONATUS LABORATÓRIO BOTÂNICO LTDA","numeroAutorizacao":"1020094","cnpjFormatado":"68.032.192/0001-51"},"processo":{"numero":"250000223969728","situacao":29,"numeroProcessoFormatado":"25000.022396/97-28"}},{"ordem":26,"produto":{"codigo":1042835,"nome":"ISOCLIM","numeroRegistro":"120090030","tipo":{"codigo":1,"descricao":null},"categoria":null,"situacaoRotulo":null,"dataVencimento":null,"mesAnoVencimento":"082026","dataVencimentoRegistro":"2026-08-01T00:00:00.000-0300","principioAtivo":"GLYCINE MAX (L.) MERR.","situacaoApresentacao":"Válido","dataRegistro":"2016-08-08T00:00:00.000-0300","categoriaRegulatoria":{"codigo":4,"descricao":"Fitoterápico"},"medicamentoReferencia":null,"categoriaProduto":null,"tipoAutorizacao":"REGISTRADO","mesAnoVencimentoFormatado":"08/2026","numeroRegistroFormatado":"120090030","acancelar":false},"empresa":{"cnpj":"68032192000151","razaoSocial":"BIONATUS LABORATÓRIO BOTÂNICO LTDA","numeroAutorizacao":"1020094","cnpjFormatado":"68.032.192/0001-51"},"processo":{"numero":"25351334408201432","situacao":29,"numeroProcessoFormatado":"25351.334408/2014-32"}},{"ordem":27,"produto":{"codigo":1520,"nome":"LAXASENE BIONATUS","numeroRegistro":"120090001","tipo":{"codigo":1,"descricao":null},"categoria":null,"situacaoRotulo":null,"dataVencimento":null,"mesAnoVencimento":"122025","dataVencimentoRegistro":"2025-12-01T00:00:00.000-0300","principioAtivo":"SENNA ALEXANDRINA MILL.","situacaoApresentacao":"Válido","dataRegistro":"2000-12-27T00:00:00.000-0300","categoriaRegulatoria":{"codigo":4,"descricao":"Fitoterápico"},"medicamentoReferencia":null,"categoriaProduto":null,"tipoAutorizacao":"REGISTRADO","mesAnoVencimentoFormatado":"12/2025","numeroRegistroFormatado":"120090001","acancelar":false},"empresa":{"cnpj":"68032192000151","razaoSocial":"BIONATUS LABORATÓRIO BOTÂNICO LTDA","numeroAutorizacao":"1020094","cnpjFormatado":"68.032.192/0001-51"},"processo":{"numero":"250000172589231","situacao":29,"numeroProcessoFormatado":"25000.017258/92-31"}},{"ordem":28,"produto":{"codigo":3648448,"nome":"LENITIVE","numeroRegistro":"120090037","tipo":{"codigo":1,"descricao":null},"categoria":null,"situacaoRotulo":null,"dataVencimento":"2031-03-02T00:00:00.000-0300","mesAnoVencimento":"032031","dataVencimentoRegistro":"2031-03-01T00:00:00.000-0300","principioAtivo":"VALERIANA OFFICINALIS L.","situacaoApresentacao":"Válido","dataRegistro":"2023-10-02T00:00:00.000-0300","categoriaRegulatoria":{"codigo":4,"descricao":"Fitoterápico"},"medicamentoReferencia":null,"categoriaProduto":null,"tipoAutorizacao":"REGISTRADO","mesAnoVencimentoFormatado":"03/2031","numeroRegistroFormatado":"120090037","acancelar":false},"empresa":{"cnpj":"68032192000151","razaoSocial":"BIONATUS LABORATÓRIO BOTÂNICO LTDA","numeroAutorizacao":"1020094","cnpjFormatado":"68.032.192/0001-51"},"processo":{"numero":"25351230566202318","situacao":29,"numeroProcessoFormatado":"25351.230566/2023-18"}},{"ordem":29,"produto":{"codigo":1356338,"nome":"PASSIPAX","numeroRegistro":"120090033","tipo":{"codigo":1,"descricao":null},"categoria":null,"situacaoRotulo":null,"dataVencimento":null,"mesAnoVencimento":"122022","dataVencimentoRegistro":"2022-12-01T00:00:00.000-0300","principioAtivo":null,"situacaoApresentacao":"Caduco/Cancelado","dataRegistro":"2019-10-07T00:00:00.000-0300","categoriaRegulatoria":{"codigo":4,"descricao":"Fitoterápico"},"medicamentoReferencia":null,"categoriaProduto":null,"tipoAutorizacao":"REGISTRADO","mesAnoVencimentoFormatado":"12/2022","numeroRegistroFormatado":"120090033","acancelar":false},"empresa":{"cnpj":"68032192000151","razaoSocial":"BIONATUS LABORATÓRIO BOTÂNICO LTDA","numeroAutorizacao":"1020094","cnpjFormatado":"68.032.192/0001-51"},"processo":{"numero":"25351481156201949","situacao":29,"numeroProcessoFormatado":"25351.481156/2019-49"}},{"ordem":30,"produto":{"codigo":6737,"nome":"PAULINIA CUPANA","numeroRegistro":"120090003","tipo":{"codigo":1,"descricao":null},"categoria":null,"situacaoRotulo":null,"dataVencimento":null,"mesAnoVencimento":"012006","dataVencimentoRegistro":"2006-01-01T00:00:00.000-0300","principioAtivo":null,"situacaoApresentacao":"Caduco/Cancelado","dataRegistro":"2001-01-26T00:00:00.000-0300","categoriaRegulatoria":{"codigo":4,"descricao":"Fitoterápico"},"medicamentoReferencia":null,"categoriaProduto":null,"tipoAutorizacao":"REGISTRADO","mesAnoVencimentoFormatado":"01/2006","numeroRegistroFormatado":"120090003","acancelar":false},"empresa":{"cnpj":"68032192000151","razaoSocial":"BIONATUS LABORATÓRIO BOTÂNICO LTDA","numeroAutorizacao":"1020094","cnpjFormatado":"68.032.192/0001-51"},"processo":{"numero":"250000119739223","situacao":29,"numeroProcessoFormatado":"25000.011973/92-23"}},{"ordem":31,"produto":{"codigo":3641837,"nome":"PLASMOVE","numeroRegistro":"120090038","tipo":{"codigo":1,"descricao":null},"categoria":null,"situacaoRotulo":null,"dataVencimento":"2031-10-09T00:00:00.000-0300","mesAnoVencimento":"102031","dataVencimentoRegistro":"2031-10-01T00:00:00.000-0300","principioAtivo":"AESCULUS HIPPOCASTANUM L.","situacaoApresentacao":"Válido","dataRegistro":"2023-10-09T00:00:00.000-0300","categoriaRegulatoria":{"codigo":4,"descricao":"Fitoterápico"},"medicamentoReferencia":null,"categoriaProduto":null,"tipoAutorizacao":"REGISTRADO","mesAnoVencimentoFormatado":"10/2031","numeroRegistroFormatado":"120090038","acancelar":false},"empresa":{"cnpj":"68032192000151","razaoSocial":"BIONATUS LABORATÓRIO BOTÂNICO LTDA","numeroAutorizacao":"1020094","cnpjFormatado":"68.032.192/0001-51"},"processo":{"numero":"25351231056202350","situacao":29,"numeroProcessoFormatado":"25351.231056/2023-50"}},{"ordem":32,"produto":{"codigo":4704,"nome":"REUMASIL BIONATUS","numeroRegistro":"120090013","tipo":{"codigo":1,"descricao":null},"categoria":null,"situacaoRotulo":null,"dataVencimento":null,"mesAnoVencimento":"092016","dataVencimentoRegistro":"2016-09-01T00:00:00.000-0300","principioAtivo":null,"situacaoApresentacao":"Caduco/Cancelado","dataRegistro":"2001-09-14T00:00:00.000-0300","categoriaRegulatoria":{"codigo":4,"descricao":"Fitoterápico"},"medicamentoReferencia":null,"categoriaProduto":null,"tipoAutorizacao":"REGISTRADO","mesAnoVencimentoFormatado":"09/2016","numeroRegistroFormatado":"120090013","acancelar":false},"empresa":{"cnpj":"68032192000151","razaoSocial":"BIONATUS LABORATÓRIO BOTÂNICO LTDA","numeroAutorizacao":"1020094","cnpjFormatado":"68.032.192/0001-51"},"processo":{"numero":"250000119699256","situacao":29,"numeroProcessoFormatado":"25000.011969/92-56"}},{"ordem":33,"produto":{"codigo":3641838,"nome":"RITAPEELS","numeroRegistro":"120090039","tipo":{"codigo":1,"descricao":null},"categoria":null,"situacaoRotulo":null,"dataVencimento":"2030-02-09T00:00:00.000-0300","mesAnoVencimento":"022030","dataVencimentoRegistro":"2030-02-01T00:00:00.000-0300","principioAtivo":"GINKGO BILOBA L.","situacaoApresentacao":"Válido","dataRegistro":"2023-10-09T00:00:00.000-0300","categoriaRegulatoria":{"codigo":4,"descricao":"Fitoterápico"},"medicamentoReferencia":null,"categoriaProduto":null,"tipoAutorizacao":"REGISTRADO","mesAnoVencimentoFormatado":"02/2030","numeroRegistroFormatado":"120090039","acancelar":false},"empresa":{"cnpj":"68032192000151","razaoSocial":"BIONATUS LABORATÓRIO BOTÂNICO LTDA","numeroAutorizacao":"1020094","cnpjFormatado":"68.032.192/0001-51"},"processo":{"numero":"25351232162202351","situacao":29,"numeroProcessoFormatado":"25351.232162/2023-51"}},{"ordem":34,"produto":{"codigo":141028,"nome":"VARILESS BIONATUS","numeroRegistro":"120090022","tipo":{"codigo":1,"descricao":null},"categoria":null,"situacaoRotulo":null,"dataVencimento":null,"mesAnoVencimento":"092027","dataVencimentoRegistro":"2027-09-01T00:00:00.000-0300","principioAtivo":"AESCULUS HIPPOCASTANUM L.","situacaoApresentacao":"Válido","dataRegistro":"2002-09-05T00:00:00.000-0300","categoriaRegulatoria":{"codigo":4,"descricao":"Fitoterápico"},"medicamentoReferencia":null,"categoriaProduto":null,"tipoAutorizacao":"REGISTRADO","mesAnoVencimentoFormatado":"09/2027","numeroRegistroFormatado":"120090022","acancelar":false},"empresa":{"cnpj":"68032192000151","razaoSocial":"BIONATUS LABORATÓRIO BOTÂNICO LTDA","numeroAutorizacao":"1020094","cnpjFormatado":"68.032.192/0001-51"},"processo":{"numero":"250000119719206","situacao":29,"numeroProcessoFormatado":"25000.011971/92-06"}},{"ordem":35,"produto":{"codigo":413535,"nome":"castanha da índia","numeroRegistro":"120090024","tipo":{"codigo":1,"descricao":null},"categoria":null,"situacaoRotulo":null,"dataVencimento":null,"mesAnoVencimento":"092010","dataVencimentoRegistro":"2010-09-01T00:00:00.000-0300","principioAtivo":null,"situacaoApresentacao":"Caduco/Cancelado","dataRegistro":"2005-09-19T00:00:00.000-0300","categoriaRegulatoria":{"codigo":4,"descricao":"Fitoterápico"},"medicamentoReferencia":null,"categoriaProduto":null,"tipoAutorizacao":"REGISTRADO","mesAnoVencimentoFormatado":"09/2010","numeroRegistroFormatado":"120090024","acancelar":false},"empresa":{"cnpj":"68032192000151","razaoSocial":"BIONATUS LABORATÓRIO BOTÂNICO LTDA","numeroAutorizacao":"1020094","cnpjFormatado":"68.032.192/0001-51"},"processo":{"numero":"2500001197192","situacao":29,"numeroProcessoFormatado":"25000.011971/92"}}],"totalPages":1,"totalElements":35,"last":true,"numberOfElements":35,"first":true,"sort":null,"size":1000,"number":0}