{"content":[{"ordem":1,"produto":{"codigo":749,"nome":"AMOXICICLINA","numeroRegistro":"109060078","tipo":{"codigo":1,"descricao":null},"categoria":null,"situacaoRotulo":null,"dataVencimento":null,"mesAnoVencimento":"062010","dataVencimentoRegistro":"2010-06-01T00:00:00.000-0300","principioAtivo":null,"situacaoApresentacao":"Caduco/Cancelado","dataRegistro":"2000-05-25T00:00:00.000-0300","categoriaRegulatoria":{"codigo":8,"descricao":"Similar"},"medicamentoReferencia":null,"categoriaProduto":null,"tipoAutorizacao":"REGISTRADO","acancelar":false,"mesAnoVencimentoFormatado":"06/2010","numeroRegistroFormatado":"109060078"},"empresa":{"cnpj":"68240779000156","razaoSocial":"Jarrell Farmacêutica Ltda EPP","numeroAutorizacao":"1009061","cnpjFormatado":"68.240.779/0001-56"},"processo":{"numero":"250000219249911","situacao":29,"numeroProcessoFormatado":"25000.021924/99-11"}},{"ordem":2,"produto":{"codigo":1092,"nome":"BENZOATO DE BENZILA","numeroRegistro":"109060065","tipo":{"codigo":1,"descricao":null},"categoria":null,"situacaoRotulo":null,"dataVencimento":null,"mesAnoVencimento":"122003","dataVencimentoRegistro":"2003-12-01T00:00:00.000-0300","principioAtivo":null,"situacaoApresentacao":"Caduco/Cancelado","dataRegistro":"1998-12-23T00:00:00.000-0300","categoriaRegulatoria":{"codigo":8,"descricao":"Similar"},"medicamentoReferencia":null,"categoriaProduto":null,"tipoAutorizacao":"REGISTRADO","acancelar":false,"mesAnoVencimentoFormatado":"12/2003","numeroRegistroFormatado":"109060065"},"empresa":{"cnpj":"68240779000156","razaoSocial":"Jarrell Farmacêutica Ltda EPP","numeroAutorizacao":"1009061","cnpjFormatado":"68.240.779/0001-56"},"processo":{"numero":"250000084129264","situacao":29,"numeroProcessoFormatado":"25000.008412/92-64"}},{"ordem":3,"produto":{"codigo":137678,"nome":"BIOFLEX","numeroRegistro":"109060085","tipo":{"codigo":1,"descricao":null},"categoria":null,"situacaoRotulo":null,"dataVencimento":null,"mesAnoVencimento":"082007","dataVencimentoRegistro":"2007-08-01T00:00:00.000-0300","principioAtivo":null,"situacaoApresentacao":"Caduco/Cancelado","dataRegistro":"2002-08-07T00:00:00.000-0300","categoriaRegulatoria":{"codigo":8,"descricao":"Similar"},"medicamentoReferencia":null,"categoriaProduto":null,"tipoAutorizacao":"REGISTRADO","acancelar":false,"mesAnoVencimentoFormatado":"08/2007","numeroRegistroFormatado":"109060085"},"empresa":{"cnpj":"68240779000156","razaoSocial":"Jarrell Farmacêutica Ltda EPP","numeroAutorizacao":"1009061","cnpjFormatado":"68.240.779/0001-56"},"processo":{"numero":"250000141659911","situacao":29,"numeroProcessoFormatado":"25000.014165/99-11"}},{"ordem":4,"produto":{"codigo":2045,"nome":"CL DE  FENILPROPANOLAMINA + CL DE ACIDO DE FENILLEFRINA","numeroRegistro":"109060072","tipo":{"codigo":1,"descricao":null},"categoria":null,"situacaoRotulo":null,"dataVencimento":null,"mesAnoVencimento":"022005","dataVencimentoRegistro":"2005-02-01T00:00:00.000-0300","principioAtivo":null,"situacaoApresentacao":"Caduco/Cancelado","dataRegistro":"2000-02-09T00:00:00.000-0200","categoriaRegulatoria":{"codigo":8,"descricao":"Similar"},"medicamentoReferencia":null,"categoriaProduto":null,"tipoAutorizacao":"REGISTRADO","acancelar":false,"mesAnoVencimentoFormatado":"02/2005","numeroRegistroFormatado":"109060072"},"empresa":{"cnpj":"68240779000156","razaoSocial":"Jarrell Farmacêutica Ltda EPP","numeroAutorizacao":"1009061","cnpjFormatado":"68.240.779/0001-56"},"processo":{"numero":"250000152479910","situacao":29,"numeroProcessoFormatado":"25000.015247/99-10"}},{"ordem":5,"produto":{"codigo":2677,"nome":"COLISEC","numeroRegistro":"109060077","tipo":{"codigo":1,"descricao":null},"categoria":null,"situacaoRotulo":null,"dataVencimento":null,"mesAnoVencimento":"022005","dataVencimentoRegistro":"2005-02-01T00:00:00.000-0300","principioAtivo":null,"situacaoApresentacao":"Caduco/Cancelado","dataRegistro":"2000-03-02T00:00:00.000-0300","categoriaRegulatoria":{"codigo":8,"descricao":"Similar"},"medicamentoReferencia":null,"categoriaProduto":null,"tipoAutorizacao":"REGISTRADO","acancelar":false,"mesAnoVencimentoFormatado":"02/2005","numeroRegistroFormatado":"109060077"},"empresa":{"cnpj":"68240779000156","razaoSocial":"Jarrell Farmacêutica Ltda EPP","numeroAutorizacao":"1009061","cnpjFormatado":"68.240.779/0001-56"},"processo":{"numero":"250000116899904","situacao":29,"numeroProcessoFormatado":"25000.011689/99-04"}},{"ordem":6,"produto":{"codigo":5993,"nome":"COMPLEX B","numeroRegistro":"109060083","tipo":{"codigo":1,"descricao":null},"categoria":null,"situacaoRotulo":null,"dataVencimento":null,"mesAnoVencimento":"052005","dataVencimentoRegistro":"2005-05-01T00:00:00.000-0300","principioAtivo":null,"situacaoApresentacao":"Caduco/Cancelado","dataRegistro":"2000-05-25T00:00:00.000-0300","categoriaRegulatoria":{"codigo":8,"descricao":"Similar"},"medicamentoReferencia":null,"categoriaProduto":null,"tipoAutorizacao":"REGISTRADO","acancelar":false,"mesAnoVencimentoFormatado":"05/2005","numeroRegistroFormatado":"109060083"},"empresa":{"cnpj":"68240779000156","razaoSocial":"Jarrell Farmacêutica Ltda EPP","numeroAutorizacao":"1009061","cnpjFormatado":"68.240.779/0001-56"},"processo":{"numero":"250000086879226","situacao":29,"numeroProcessoFormatado":"25000.008687/92-26"}},{"ordem":7,"produto":{"codigo":3653,"nome":"DIPIROTERM","numeroRegistro":"109060064","tipo":{"codigo":1,"descricao":null},"categoria":null,"situacaoRotulo":null,"dataVencimento":null,"mesAnoVencimento":"122013","dataVencimentoRegistro":"2013-12-01T00:00:00.000-0300","principioAtivo":null,"situacaoApresentacao":"Caduco/Cancelado","dataRegistro":"1998-12-23T00:00:00.000-0300","categoriaRegulatoria":{"codigo":8,"descricao":"Similar"},"medicamentoReferencia":null,"categoriaProduto":null,"tipoAutorizacao":"REGISTRADO","acancelar":false,"mesAnoVencimentoFormatado":"12/2013","numeroRegistroFormatado":"109060064"},"empresa":{"cnpj":"68240779000156","razaoSocial":"Jarrell Farmacêutica Ltda EPP","numeroAutorizacao":"1009061","cnpjFormatado":"68.240.779/0001-56"},"processo":{"numero":"250000086859209","situacao":29,"numeroProcessoFormatado":"25000.008685/92-09"}},{"ordem":8,"produto":{"codigo":1110608,"nome":"DODOY","numeroRegistro":"109060089","tipo":{"codigo":1,"descricao":null},"categoria":null,"situacaoRotulo":null,"dataVencimento":"2032-07-04T00:00:00.000-0300","mesAnoVencimento":"072032","dataVencimentoRegistro":"2032-07-01T00:00:00.000-0300","principioAtivo":"dipirona monoidratada","situacaoApresentacao":"Válido","dataRegistro":"2022-07-04T00:00:00.000-0300","categoriaRegulatoria":{"codigo":8,"descricao":"Similar"},"medicamentoReferencia":"NOVALGINA","categoriaProduto":null,"tipoAutorizacao":"REGISTRADO","acancelar":false,"mesAnoVencimentoFormatado":"07/2032","numeroRegistroFormatado":"109060089"},"empresa":{"cnpj":"68240779000156","razaoSocial":"Jarrell Farmacêutica Ltda EPP","numeroAutorizacao":"1009061","cnpjFormatado":"68.240.779/0001-56"},"processo":{"numero":"25351144920201657","situacao":29,"numeroProcessoFormatado":"25351.144920/2016-57"}},{"ordem":9,"produto":{"codigo":4154,"nome":"FENOXAZOLINA","numeroRegistro":"109060067","tipo":{"codigo":1,"descricao":null},"categoria":null,"situacaoRotulo":null,"dataVencimento":null,"mesAnoVencimento":"092004","dataVencimentoRegistro":"2004-09-01T00:00:00.000-0300","principioAtivo":null,"situacaoApresentacao":"Caduco/Cancelado","dataRegistro":"1999-09-29T00:00:00.000-0300","categoriaRegulatoria":{"codigo":8,"descricao":"Similar"},"medicamentoReferencia":null,"categoriaProduto":null,"tipoAutorizacao":"REGISTRADO","acancelar":false,"mesAnoVencimentoFormatado":"09/2004","numeroRegistroFormatado":"109060067"},"empresa":{"cnpj":"68240779000156","razaoSocial":"Jarrell Farmacêutica Ltda EPP","numeroAutorizacao":"1009061","cnpjFormatado":"68.240.779/0001-56"},"processo":{"numero":"250000219419930","situacao":29,"numeroProcessoFormatado":"25000.021941/99-30"}},{"ordem":10,"produto":{"codigo":282310,"nome":"GASTRONOL","numeroRegistro":"109060088","tipo":{"codigo":1,"descricao":null},"categoria":null,"situacaoRotulo":null,"dataVencimento":null,"mesAnoVencimento":"082013","dataVencimentoRegistro":"2013-08-01T00:00:00.000-0300","principioAtivo":null,"situacaoApresentacao":"Caduco/Cancelado","dataRegistro":"2003-08-01T00:00:00.000-0300","categoriaRegulatoria":{"codigo":8,"descricao":"Similar"},"medicamentoReferencia":null,"categoriaProduto":null,"tipoAutorizacao":"REGISTRADO","acancelar":false,"mesAnoVencimentoFormatado":"08/2013","numeroRegistroFormatado":"109060088"},"empresa":{"cnpj":"68240779000156","razaoSocial":"Jarrell Farmacêutica Ltda EPP","numeroAutorizacao":"1009061","cnpjFormatado":"68.240.779/0001-56"},"processo":{"numero":"250000184239281","situacao":29,"numeroProcessoFormatado":"25000.018423/92-81"}},{"ordem":11,"produto":{"codigo":1395,"nome":"HEMOPRESS","numeroRegistro":"109060079","tipo":{"codigo":1,"descricao":null},"categoria":null,"situacaoRotulo":null,"dataVencimento":null,"mesAnoVencimento":"062010","dataVencimentoRegistro":"2010-06-01T00:00:00.000-0300","principioAtivo":null,"situacaoApresentacao":"Caduco/Cancelado","dataRegistro":"2000-05-25T00:00:00.000-0300","categoriaRegulatoria":{"codigo":8,"descricao":"Similar"},"medicamentoReferencia":null,"categoriaProduto":null,"tipoAutorizacao":"REGISTRADO","acancelar":false,"mesAnoVencimentoFormatado":"06/2010","numeroRegistroFormatado":"109060079"},"empresa":{"cnpj":"68240779000156","razaoSocial":"Jarrell Farmacêutica Ltda EPP","numeroAutorizacao":"1009061","cnpjFormatado":"68.240.779/0001-56"},"processo":{"numero":"250000218769970","situacao":29,"numeroProcessoFormatado":"25000.021876/99-70"}},{"ordem":12,"produto":{"codigo":4749,"nome":"HIDROTIAZIN","numeroRegistro":"109060080","tipo":{"codigo":1,"descricao":null},"categoria":null,"situacaoRotulo":null,"dataVencimento":null,"mesAnoVencimento":"062010","dataVencimentoRegistro":"2010-06-01T00:00:00.000-0300","principioAtivo":null,"situacaoApresentacao":"Caduco/Cancelado","dataRegistro":"2000-05-25T00:00:00.000-0300","categoriaRegulatoria":{"codigo":8,"descricao":"Similar"},"medicamentoReferencia":null,"categoriaProduto":null,"tipoAutorizacao":"REGISTRADO","acancelar":false,"mesAnoVencimentoFormatado":"06/2010","numeroRegistroFormatado":"109060080"},"empresa":{"cnpj":"68240779000156","razaoSocial":"Jarrell Farmacêutica Ltda EPP","numeroAutorizacao":"1009061","cnpjFormatado":"68.240.779/0001-56"},"processo":{"numero":"250000218719956","situacao":29,"numeroProcessoFormatado":"25000.021871/99-56"}},{"ordem":13,"produto":{"codigo":3207,"nome":"JARREL - DELTAMETRINA","numeroRegistro":"109060071","tipo":{"codigo":1,"descricao":null},"categoria":null,"situacaoRotulo":null,"dataVencimento":null,"mesAnoVencimento":"022005","dataVencimentoRegistro":"2005-02-01T00:00:00.000-0300","principioAtivo":null,"situacaoApresentacao":"Caduco/Cancelado","dataRegistro":"2000-02-07T00:00:00.000-0200","categoriaRegulatoria":{"codigo":8,"descricao":"Similar"},"medicamentoReferencia":null,"categoriaProduto":null,"tipoAutorizacao":"REGISTRADO","acancelar":false,"mesAnoVencimentoFormatado":"02/2005","numeroRegistroFormatado":"109060071"},"empresa":{"cnpj":"68240779000156","razaoSocial":"Jarrell Farmacêutica Ltda EPP","numeroAutorizacao":"1009061","cnpjFormatado":"68.240.779/0001-56"},"processo":{"numero":"250000183869256","situacao":29,"numeroProcessoFormatado":"25000.018386/92-56"}},{"ordem":14,"produto":{"codigo":5816,"nome":"JARREL-METILDOPA","numeroRegistro":"109060074","tipo":{"codigo":1,"descricao":null},"categoria":null,"situacaoRotulo":null,"dataVencimento":null,"mesAnoVencimento":"022005","dataVencimentoRegistro":"2005-02-01T00:00:00.000-0300","principioAtivo":null,"situacaoApresentacao":"Caduco/Cancelado","dataRegistro":"2000-02-09T00:00:00.000-0200","categoriaRegulatoria":{"codigo":8,"descricao":"Similar"},"medicamentoReferencia":null,"categoriaProduto":null,"tipoAutorizacao":"REGISTRADO","acancelar":false,"mesAnoVencimentoFormatado":"02/2005","numeroRegistroFormatado":"109060074"},"empresa":{"cnpj":"68240779000156","razaoSocial":"Jarrell Farmacêutica Ltda EPP","numeroAutorizacao":"1009061","cnpjFormatado":"68.240.779/0001-56"},"processo":{"numero":"250000218709993","situacao":29,"numeroProcessoFormatado":"25000.021870/99-93"}},{"ordem":15,"produto":{"codigo":8456,"nome":"KALOL","numeroRegistro":"109060073","tipo":{"codigo":1,"descricao":null},"categoria":null,"situacaoRotulo":null,"dataVencimento":null,"mesAnoVencimento":"022005","dataVencimentoRegistro":"2005-02-01T00:00:00.000-0300","principioAtivo":null,"situacaoApresentacao":"Caduco/Cancelado","dataRegistro":"2000-02-09T00:00:00.000-0200","categoriaRegulatoria":{"codigo":8,"descricao":"Similar"},"medicamentoReferencia":null,"categoriaProduto":null,"tipoAutorizacao":"REGISTRADO","acancelar":false,"mesAnoVencimentoFormatado":"02/2005","numeroRegistroFormatado":"109060073"},"empresa":{"cnpj":"68240779000156","razaoSocial":"Jarrell Farmacêutica Ltda EPP","numeroAutorizacao":"1009061","cnpjFormatado":"68.240.779/0001-56"},"processo":{"numero":"250000141369227","situacao":29,"numeroProcessoFormatado":"25000.014136/92-27"}},{"ordem":16,"produto":{"codigo":5629,"nome":"MEBENDAZOLIN","numeroRegistro":"109060063","tipo":{"codigo":1,"descricao":null},"categoria":null,"situacaoRotulo":null,"dataVencimento":null,"mesAnoVencimento":"112008","dataVencimentoRegistro":"2008-11-01T00:00:00.000-0300","principioAtivo":null,"situacaoApresentacao":"Caduco/Cancelado","dataRegistro":"1998-11-03T00:00:00.000-0300","categoriaRegulatoria":{"codigo":8,"descricao":"Similar"},"medicamentoReferencia":null,"categoriaProduto":null,"tipoAutorizacao":"REGISTRADO","acancelar":false,"mesAnoVencimentoFormatado":"11/2008","numeroRegistroFormatado":"109060063"},"empresa":{"cnpj":"68240779000156","razaoSocial":"Jarrell Farmacêutica Ltda EPP","numeroAutorizacao":"1009061","cnpjFormatado":"68.240.779/0001-56"},"processo":{"numero":"250000086839273","situacao":29,"numeroProcessoFormatado":"25000.008683/92-73"}},{"ordem":17,"produto":{"codigo":3067,"nome":"MICOTRICIN","numeroRegistro":"109060068","tipo":{"codigo":1,"descricao":null},"categoria":null,"situacaoRotulo":null,"dataVencimento":null,"mesAnoVencimento":"122004","dataVencimentoRegistro":"2004-12-01T00:00:00.000-0300","principioAtivo":null,"situacaoApresentacao":"Caduco/Cancelado","dataRegistro":"1999-12-20T00:00:00.000-0200","categoriaRegulatoria":{"codigo":8,"descricao":"Similar"},"medicamentoReferencia":null,"categoriaProduto":null,"tipoAutorizacao":"REGISTRADO","acancelar":false,"mesAnoVencimentoFormatado":"12/2004","numeroRegistroFormatado":"109060068"},"empresa":{"cnpj":"68240779000156","razaoSocial":"Jarrell Farmacêutica Ltda EPP","numeroAutorizacao":"1009061","cnpjFormatado":"68.240.779/0001-56"},"processo":{"numero":"250000218749944","situacao":29,"numeroProcessoFormatado":"25000.021874/99-44"}},{"ordem":18,"produto":{"codigo":174115,"nome":"MUCATO DE ISOMEPTANO/DIPIRONA SODICA/CAFEINA ANIDRA","numeroRegistro":"109060087","tipo":{"codigo":1,"descricao":null},"categoria":null,"situacaoRotulo":null,"dataVencimento":null,"mesAnoVencimento":"032013","dataVencimentoRegistro":"2013-03-01T00:00:00.000-0300","principioAtivo":null,"situacaoApresentacao":"Caduco/Cancelado","dataRegistro":"2003-03-10T00:00:00.000-0300","categoriaRegulatoria":{"codigo":8,"descricao":"Similar"},"medicamentoReferencia":null,"categoriaProduto":null,"tipoAutorizacao":"REGISTRADO","acancelar":false,"mesAnoVencimentoFormatado":"03/2013","numeroRegistroFormatado":"109060087"},"empresa":{"cnpj":"68240779000156","razaoSocial":"Jarrell Farmacêutica Ltda EPP","numeroAutorizacao":"1009061","cnpjFormatado":"68.240.779/0001-56"},"processo":{"numero":"250000060789963","situacao":29,"numeroProcessoFormatado":"25000.006078/99-63"}},{"ordem":19,"produto":{"codigo":137775,"nome":"NIMESULIDE","numeroRegistro":"109060086","tipo":{"codigo":1,"descricao":null},"categoria":null,"situacaoRotulo":null,"dataVencimento":null,"mesAnoVencimento":"082012","dataVencimentoRegistro":"2012-08-01T00:00:00.000-0300","principioAtivo":null,"situacaoApresentacao":"Caduco/Cancelado","dataRegistro":"2002-08-26T00:00:00.000-0300","categoriaRegulatoria":{"codigo":8,"descricao":"Similar"},"medicamentoReferencia":null,"categoriaProduto":null,"tipoAutorizacao":"REGISTRADO","acancelar":false,"mesAnoVencimentoFormatado":"08/2012","numeroRegistroFormatado":"109060086"},"empresa":{"cnpj":"68240779000156","razaoSocial":"Jarrell Farmacêutica Ltda EPP","numeroAutorizacao":"1009061","cnpjFormatado":"68.240.779/0001-56"},"processo":{"numero":"250000152439969","situacao":29,"numeroProcessoFormatado":"25000.015243/99-69"}},{"ordem":20,"produto":{"codigo":6210,"nome":"NISTATINA","numeroRegistro":"109060070","tipo":{"codigo":1,"descricao":null},"categoria":null,"situacaoRotulo":null,"dataVencimento":null,"mesAnoVencimento":"022005","dataVencimentoRegistro":"2005-02-01T00:00:00.000-0300","principioAtivo":null,"situacaoApresentacao":"Caduco/Cancelado","dataRegistro":"2000-02-03T00:00:00.000-0200","categoriaRegulatoria":{"codigo":8,"descricao":"Similar"},"medicamentoReferencia":null,"categoriaProduto":null,"tipoAutorizacao":"REGISTRADO","acancelar":false,"mesAnoVencimentoFormatado":"02/2005","numeroRegistroFormatado":"109060070"},"empresa":{"cnpj":"68240779000156","razaoSocial":"Jarrell Farmacêutica Ltda EPP","numeroAutorizacao":"1009061","cnpjFormatado":"68.240.779/0001-56"},"processo":{"numero":"250000152469957","situacao":29,"numeroProcessoFormatado":"25000.015246/99-57"}},{"ordem":21,"produto":{"codigo":3415,"nome":"NOVAREN","numeroRegistro":"109060081","tipo":{"codigo":1,"descricao":null},"categoria":null,"situacaoRotulo":null,"dataVencimento":null,"mesAnoVencimento":"052005","dataVencimentoRegistro":"2005-05-01T00:00:00.000-0300","principioAtivo":null,"situacaoApresentacao":"Caduco/Cancelado","dataRegistro":"2000-05-25T00:00:00.000-0300","categoriaRegulatoria":{"codigo":8,"descricao":"Similar"},"medicamentoReferencia":null,"categoriaProduto":null,"tipoAutorizacao":"REGISTRADO","acancelar":false,"mesAnoVencimentoFormatado":"05/2005","numeroRegistroFormatado":"109060081"},"empresa":{"cnpj":"68240779000156","razaoSocial":"Jarrell Farmacêutica Ltda EPP","numeroAutorizacao":"1009061","cnpjFormatado":"68.240.779/0001-56"},"processo":{"numero":"250000070738822","situacao":29,"numeroProcessoFormatado":"25000.007073/88-22"}},{"ordem":22,"produto":{"codigo":6445,"nome":"OMEPRAZOLEX","numeroRegistro":"109060069","tipo":{"codigo":1,"descricao":null},"categoria":null,"situacaoRotulo":null,"dataVencimento":null,"mesAnoVencimento":"022010","dataVencimentoRegistro":"2010-02-01T00:00:00.000-0300","principioAtivo":null,"situacaoApresentacao":"Caduco/Cancelado","dataRegistro":"2000-02-03T00:00:00.000-0200","categoriaRegulatoria":{"codigo":8,"descricao":"Similar"},"medicamentoReferencia":null,"categoriaProduto":null,"tipoAutorizacao":"REGISTRADO","acancelar":false,"mesAnoVencimentoFormatado":"02/2010","numeroRegistroFormatado":"109060069"},"empresa":{"cnpj":"68240779000156","razaoSocial":"Jarrell Farmacêutica Ltda EPP","numeroAutorizacao":"1009061","cnpjFormatado":"68.240.779/0001-56"},"processo":{"numero":"250000086569979","situacao":29,"numeroProcessoFormatado":"25000.008656/99-79"}},{"ordem":23,"produto":{"codigo":7324,"nome":"SALBUTRAT","numeroRegistro":"109060061","tipo":{"codigo":1,"descricao":null},"categoria":null,"situacaoRotulo":null,"dataVencimento":null,"mesAnoVencimento":"122003","dataVencimentoRegistro":"2003-12-01T00:00:00.000-0300","principioAtivo":null,"situacaoApresentacao":"Caduco/Cancelado","dataRegistro":"1998-12-23T00:00:00.000-0300","categoriaRegulatoria":{"codigo":8,"descricao":"Similar"},"medicamentoReferencia":null,"categoriaProduto":null,"tipoAutorizacao":"REGISTRADO","acancelar":false,"mesAnoVencimentoFormatado":"12/2003","numeroRegistroFormatado":"109060061"},"empresa":{"cnpj":"68240779000156","razaoSocial":"Jarrell Farmacêutica Ltda EPP","numeroAutorizacao":"1009061","cnpjFormatado":"68.240.779/0001-56"},"processo":{"numero":"250000183899244","situacao":29,"numeroProcessoFormatado":"25000.018389/92-44"}},{"ordem":24,"produto":{"codigo":7586,"nome":"SULFANILAMIDA","numeroRegistro":"109060066","tipo":{"codigo":1,"descricao":null},"categoria":null,"situacaoRotulo":null,"dataVencimento":null,"mesAnoVencimento":"042004","dataVencimentoRegistro":"2004-04-01T00:00:00.000-0300","principioAtivo":null,"situacaoApresentacao":"Caduco/Cancelado","dataRegistro":"1999-04-22T00:00:00.000-0300","categoriaRegulatoria":{"codigo":8,"descricao":"Similar"},"medicamentoReferencia":null,"categoriaProduto":null,"tipoAutorizacao":"REGISTRADO","acancelar":false,"mesAnoVencimentoFormatado":"04/2004","numeroRegistroFormatado":"109060066"},"empresa":{"cnpj":"68240779000156","razaoSocial":"Jarrell Farmacêutica Ltda EPP","numeroAutorizacao":"1009061","cnpjFormatado":"68.240.779/0001-56"},"processo":{"numero":"250000086819240","situacao":29,"numeroProcessoFormatado":"25000.008681/92-40"}},{"ordem":25,"produto":{"codigo":1528,"nome":"TANDIREN","numeroRegistro":"109060082","tipo":{"codigo":1,"descricao":null},"categoria":null,"situacaoRotulo":null,"dataVencimento":null,"mesAnoVencimento":"052005","dataVencimentoRegistro":"2005-05-01T00:00:00.000-0300","principioAtivo":null,"situacaoApresentacao":"Caduco/Cancelado","dataRegistro":"2000-05-25T00:00:00.000-0300","categoriaRegulatoria":{"codigo":8,"descricao":"Similar"},"medicamentoReferencia":null,"categoriaProduto":null,"tipoAutorizacao":"REGISTRADO","acancelar":false,"mesAnoVencimentoFormatado":"05/2005","numeroRegistroFormatado":"109060082"},"empresa":{"cnpj":"68240779000156","razaoSocial":"Jarrell Farmacêutica Ltda EPP","numeroAutorizacao":"1009061","cnpjFormatado":"68.240.779/0001-56"},"processo":{"numero":"250000060799926","situacao":29,"numeroProcessoFormatado":"25000.006079/99-26"}},{"ordem":26,"produto":{"codigo":3258,"nome":"TRATALERG","numeroRegistro":"109060075","tipo":{"codigo":1,"descricao":null},"categoria":null,"situacaoRotulo":null,"dataVencimento":null,"mesAnoVencimento":"022005","dataVencimentoRegistro":"2005-02-01T00:00:00.000-0300","principioAtivo":null,"situacaoApresentacao":"Caduco/Cancelado","dataRegistro":"2000-02-18T00:00:00.000-0200","categoriaRegulatoria":{"codigo":8,"descricao":"Similar"},"medicamentoReferencia":null,"categoriaProduto":null,"tipoAutorizacao":"REGISTRADO","acancelar":false,"mesAnoVencimentoFormatado":"02/2005","numeroRegistroFormatado":"109060075"},"empresa":{"cnpj":"68240779000156","razaoSocial":"Jarrell Farmacêutica Ltda EPP","numeroAutorizacao":"1009061","cnpjFormatado":"68.240.779/0001-56"},"processo":{"numero":"250000183879219","situacao":29,"numeroProcessoFormatado":"25000.018387/92-19"}}],"totalElements":26,"totalPages":1,"last":true,"numberOfElements":26,"size":1000,"number":0,"first":true,"sort":null}