{"content":[{"ordem":1,"produto":{"codigo":274634,"nome":"RHEUMAFIM","numeroRegistro":"128280001","tipo":{"codigo":1,"descricao":null},"categoria":null,"situacaoRotulo":null,"dataVencimento":null,"mesAnoVencimento":"052008","dataVencimentoRegistro":"2008-05-01T00:00:00.000-0300","principioAtivo":null,"situacaoApresentacao":"Caduco/Cancelado","dataRegistro":"2003-05-27T00:00:00.000-0300","categoriaRegulatoria":{"codigo":6,"descricao":"Novo"},"medicamentoReferencia":null,"categoriaProduto":null,"tipoAutorizacao":"REGISTRADO","mesAnoVencimentoFormatado":"05/2008","numeroRegistroFormatado":"128280001","acancelar":false},"empresa":{"cnpj":"73259244000167","razaoSocial":"CATAFARMA INDÚSTRIA FARMACÊUTICA LTDA","numeroAutorizacao":null,"cnpjFormatado":"73.259.244/0001-67"},"processo":{"numero":"253510236250191","situacao":29,"numeroProcessoFormatado":"25351.023625/01-91"}}],"totalPages":1,"totalElements":1,"last":true,"numberOfElements":1,"first":true,"sort":null,"size":1000,"number":0}