{"content":[{"ordem":1,"produto":{"codigo":645,"nome":"ALPRAZOLAM","numeroRegistro":"126030020","tipo":{"codigo":1,"descricao":null},"categoria":null,"situacaoRotulo":null,"dataVencimento":null,"mesAnoVencimento":"082004","dataVencimentoRegistro":"2004-08-01T00:00:00.000-0300","principioAtivo":null,"situacaoApresentacao":"Caduco/Cancelado","dataRegistro":"1999-08-09T00:00:00.000-0300","categoriaRegulatoria":{"codigo":8,"descricao":"Similar"},"medicamentoReferencia":null,"categoriaProduto":null,"tipoAutorizacao":"REGISTRADO","acancelar":false,"mesAnoVencimentoFormatado":"08/2004","numeroRegistroFormatado":"126030020"},"empresa":{"cnpj":"74019670000196","razaoSocial":"ÍTACA LABORATÓRIOS LTDA","numeroAutorizacao":null,"cnpjFormatado":"74.019.670/0001-96"},"processo":{"numero":"250000059919905","situacao":29,"numeroProcessoFormatado":"25000.005991/99-05"}},{"ordem":2,"produto":{"codigo":3160,"nome":"ASERCIT","numeroRegistro":"126030038","tipo":{"codigo":1,"descricao":null},"categoria":null,"situacaoRotulo":null,"dataVencimento":null,"mesAnoVencimento":"022012","dataVencimentoRegistro":"2012-02-01T00:00:00.000-0300","principioAtivo":null,"situacaoApresentacao":"Caduco/Cancelado","dataRegistro":"2001-09-21T00:00:00.000-0300","categoriaRegulatoria":{"codigo":8,"descricao":"Similar"},"medicamentoReferencia":null,"categoriaProduto":null,"tipoAutorizacao":"REGISTRADO","acancelar":false,"mesAnoVencimentoFormatado":"02/2012","numeroRegistroFormatado":"126030038"},"empresa":{"cnpj":"74019670000196","razaoSocial":"ÍTACA LABORATÓRIOS LTDA","numeroAutorizacao":null,"cnpjFormatado":"74.019.670/0001-96"},"processo":{"numero":"250000072309538","situacao":29,"numeroProcessoFormatado":"25000.007230/95-38"}},{"ordem":3,"produto":{"codigo":970,"nome":"ASEROPRIN","numeroRegistro":"126030033","tipo":{"codigo":1,"descricao":null},"categoria":null,"situacaoRotulo":null,"dataVencimento":null,"mesAnoVencimento":"012008","dataVencimentoRegistro":"2008-01-01T00:00:00.000-0300","principioAtivo":null,"situacaoApresentacao":"Caduco/Cancelado","dataRegistro":"2001-05-31T00:00:00.000-0300","categoriaRegulatoria":{"codigo":8,"descricao":"Similar"},"medicamentoReferencia":null,"categoriaProduto":null,"tipoAutorizacao":"REGISTRADO","acancelar":false,"mesAnoVencimentoFormatado":"01/2008","numeroRegistroFormatado":"126030033"},"empresa":{"cnpj":"74019670000196","razaoSocial":"ÍTACA LABORATÓRIOS LTDA","numeroAutorizacao":null,"cnpjFormatado":"74.019.670/0001-96"},"processo":{"numero":"250000072289596","situacao":29,"numeroProcessoFormatado":"25000.007228/95-96"}},{"ordem":4,"produto":{"codigo":1156,"nome":"BETACAROTENO + ASSOCIAÇÕES","numeroRegistro":"126030027","tipo":{"codigo":1,"descricao":null},"categoria":null,"situacaoRotulo":null,"dataVencimento":null,"mesAnoVencimento":"062005","dataVencimentoRegistro":"2005-06-01T00:00:00.000-0300","principioAtivo":null,"situacaoApresentacao":"Caduco/Cancelado","dataRegistro":"2000-05-25T00:00:00.000-0300","categoriaRegulatoria":{"codigo":8,"descricao":"Similar"},"medicamentoReferencia":null,"categoriaProduto":null,"tipoAutorizacao":"REGISTRADO","acancelar":false,"mesAnoVencimentoFormatado":"06/2005","numeroRegistroFormatado":"126030027"},"empresa":{"cnpj":"74019670000196","razaoSocial":"ÍTACA LABORATÓRIOS LTDA","numeroAutorizacao":null,"cnpjFormatado":"74.019.670/0001-96"},"processo":{"numero":"250000059909934","situacao":29,"numeroProcessoFormatado":"25000.005990/99-34"}},{"ordem":5,"produto":{"codigo":1712,"nome":"BIOTERAL","numeroRegistro":"126030043","tipo":{"codigo":1,"descricao":null},"categoria":null,"situacaoRotulo":null,"dataVencimento":null,"mesAnoVencimento":"102010","dataVencimentoRegistro":"2010-10-01T00:00:00.000-0300","principioAtivo":null,"situacaoApresentacao":"Caduco/Cancelado","dataRegistro":"2000-10-24T00:00:00.000-0300","categoriaRegulatoria":{"codigo":8,"descricao":"Similar"},"medicamentoReferencia":null,"categoriaProduto":null,"tipoAutorizacao":"REGISTRADO","acancelar":false,"mesAnoVencimentoFormatado":"10/2010","numeroRegistroFormatado":"126030043"},"empresa":{"cnpj":"74019670000196","razaoSocial":"ÍTACA LABORATÓRIOS LTDA","numeroAutorizacao":null,"cnpjFormatado":"74.019.670/0001-96"},"processo":{"numero":"250000123989727","situacao":29,"numeroProcessoFormatado":"25000.012398/97-27"}},{"ordem":6,"produto":{"codigo":1545,"nome":"CEFACLOR","numeroRegistro":"126030018","tipo":{"codigo":1,"descricao":null},"categoria":null,"situacaoRotulo":null,"dataVencimento":null,"mesAnoVencimento":"072004","dataVencimentoRegistro":"2004-07-01T00:00:00.000-0300","principioAtivo":null,"situacaoApresentacao":"Caduco/Cancelado","dataRegistro":"1999-07-08T00:00:00.000-0300","categoriaRegulatoria":{"codigo":8,"descricao":"Similar"},"medicamentoReferencia":null,"categoriaProduto":null,"tipoAutorizacao":"REGISTRADO","acancelar":false,"mesAnoVencimentoFormatado":"07/2004","numeroRegistroFormatado":"126030018"},"empresa":{"cnpj":"74019670000196","razaoSocial":"ÍTACA LABORATÓRIOS LTDA","numeroAutorizacao":null,"cnpjFormatado":"74.019.670/0001-96"},"processo":{"numero":"250000124039765","situacao":29,"numeroProcessoFormatado":"25000.012403/97-65"}},{"ordem":7,"produto":{"codigo":1559,"nome":"CEFADROXIL MONOIDRATADA","numeroRegistro":"126030021","tipo":{"codigo":1,"descricao":null},"categoria":null,"situacaoRotulo":null,"dataVencimento":null,"mesAnoVencimento":"082004","dataVencimentoRegistro":"2004-08-01T00:00:00.000-0300","principioAtivo":null,"situacaoApresentacao":"Caduco/Cancelado","dataRegistro":"1999-08-09T00:00:00.000-0300","categoriaRegulatoria":{"codigo":8,"descricao":"Similar"},"medicamentoReferencia":null,"categoriaProduto":null,"tipoAutorizacao":"REGISTRADO","acancelar":false,"mesAnoVencimentoFormatado":"08/2004","numeroRegistroFormatado":"126030021"},"empresa":{"cnpj":"74019670000196","razaoSocial":"ÍTACA LABORATÓRIOS LTDA","numeroAutorizacao":null,"cnpjFormatado":"74.019.670/0001-96"},"processo":{"numero":"250000060159943","situacao":29,"numeroProcessoFormatado":"25000.006015/99-43"}},{"ordem":8,"produto":{"codigo":1609,"nome":"CEFALOTINA","numeroRegistro":"126030050","tipo":{"codigo":1,"descricao":null},"categoria":null,"situacaoRotulo":null,"dataVencimento":null,"mesAnoVencimento":"032006","dataVencimentoRegistro":"2006-03-01T00:00:00.000-0300","principioAtivo":null,"situacaoApresentacao":"Caduco/Cancelado","dataRegistro":"2001-03-28T00:00:00.000-0300","categoriaRegulatoria":{"codigo":8,"descricao":"Similar"},"medicamentoReferencia":null,"categoriaProduto":null,"tipoAutorizacao":"REGISTRADO","acancelar":false,"mesAnoVencimentoFormatado":"03/2006","numeroRegistroFormatado":"126030050"},"empresa":{"cnpj":"74019670000196","razaoSocial":"ÍTACA LABORATÓRIOS LTDA","numeroAutorizacao":null,"cnpjFormatado":"74.019.670/0001-96"},"processo":{"numero":"250000124019730","situacao":29,"numeroProcessoFormatado":"25000.012401/97-30"}},{"ordem":9,"produto":{"codigo":1632,"nome":"CEFAZOLINA SODICA","numeroRegistro":"126030012","tipo":{"codigo":1,"descricao":null},"categoria":null,"situacaoRotulo":null,"dataVencimento":null,"mesAnoVencimento":"022004","dataVencimentoRegistro":"2004-02-01T00:00:00.000-0300","principioAtivo":null,"situacaoApresentacao":"Caduco/Cancelado","dataRegistro":"1999-02-25T00:00:00.000-0300","categoriaRegulatoria":{"codigo":8,"descricao":"Similar"},"medicamentoReferencia":null,"categoriaProduto":null,"tipoAutorizacao":"REGISTRADO","acancelar":false,"mesAnoVencimentoFormatado":"02/2004","numeroRegistroFormatado":"126030012"},"empresa":{"cnpj":"74019670000196","razaoSocial":"ÍTACA LABORATÓRIOS LTDA","numeroAutorizacao":null,"cnpjFormatado":"74.019.670/0001-96"},"processo":{"numero":"250000123959739","situacao":29,"numeroProcessoFormatado":"25000.012395/97-39"}},{"ordem":10,"produto":{"codigo":1665,"nome":"CEFOTAXIMA SODICA","numeroRegistro":"126030051","tipo":{"codigo":1,"descricao":null},"categoria":null,"situacaoRotulo":null,"dataVencimento":null,"mesAnoVencimento":"032006","dataVencimentoRegistro":"2006-03-01T00:00:00.000-0300","principioAtivo":null,"situacaoApresentacao":"Caduco/Cancelado","dataRegistro":"2001-03-28T00:00:00.000-0300","categoriaRegulatoria":{"codigo":8,"descricao":"Similar"},"medicamentoReferencia":null,"categoriaProduto":null,"tipoAutorizacao":"REGISTRADO","acancelar":false,"mesAnoVencimentoFormatado":"03/2006","numeroRegistroFormatado":"126030051"},"empresa":{"cnpj":"74019670000196","razaoSocial":"ÍTACA LABORATÓRIOS LTDA","numeroAutorizacao":null,"cnpjFormatado":"74.019.670/0001-96"},"processo":{"numero":"250000124029701","situacao":29,"numeroProcessoFormatado":"25000.012402/97-01"}},{"ordem":11,"produto":{"codigo":1623,"nome":"CEFTANORTH","numeroRegistro":"126030017","tipo":{"codigo":1,"descricao":null},"categoria":null,"situacaoRotulo":null,"dataVencimento":null,"mesAnoVencimento":"042004","dataVencimentoRegistro":"2004-04-01T00:00:00.000-0300","principioAtivo":null,"situacaoApresentacao":"Caduco/Cancelado","dataRegistro":"1999-04-22T00:00:00.000-0300","categoriaRegulatoria":{"codigo":8,"descricao":"Similar"},"medicamentoReferencia":null,"categoriaProduto":null,"tipoAutorizacao":"REGISTRADO","acancelar":false,"mesAnoVencimentoFormatado":"04/2004","numeroRegistroFormatado":"126030017"},"empresa":{"cnpj":"74019670000196","razaoSocial":"ÍTACA LABORATÓRIOS LTDA","numeroAutorizacao":null,"cnpjFormatado":"74.019.670/0001-96"},"processo":{"numero":"250000124059791","situacao":29,"numeroProcessoFormatado":"25000.012405/97-91"}},{"ordem":12,"produto":{"codigo":1732,"nome":"CEFUNORTH","numeroRegistro":"126030046","tipo":{"codigo":1,"descricao":null},"categoria":null,"situacaoRotulo":null,"dataVencimento":null,"mesAnoVencimento":"122010","dataVencimentoRegistro":"2010-12-01T00:00:00.000-0300","principioAtivo":null,"situacaoApresentacao":"Caduco/Cancelado","dataRegistro":"2000-12-20T00:00:00.000-0300","categoriaRegulatoria":{"codigo":8,"descricao":"Similar"},"medicamentoReferencia":null,"categoriaProduto":null,"tipoAutorizacao":"REGISTRADO","acancelar":false,"mesAnoVencimentoFormatado":"12/2010","numeroRegistroFormatado":"126030046"},"empresa":{"cnpj":"74019670000196","razaoSocial":"ÍTACA LABORATÓRIOS LTDA","numeroAutorizacao":null,"cnpjFormatado":"74.019.670/0001-96"},"processo":{"numero":"250000123919788","situacao":29,"numeroProcessoFormatado":"25000.012391/97-88"}},{"ordem":13,"produto":{"codigo":2073,"nome":"CLARITROMICINA","numeroRegistro":"126030048","tipo":{"codigo":1,"descricao":null},"categoria":null,"situacaoRotulo":null,"dataVencimento":null,"mesAnoVencimento":"122005","dataVencimentoRegistro":"2005-12-01T00:00:00.000-0300","principioAtivo":null,"situacaoApresentacao":"Caduco/Cancelado","dataRegistro":"2000-12-20T00:00:00.000-0300","categoriaRegulatoria":{"codigo":8,"descricao":"Similar"},"medicamentoReferencia":null,"categoriaProduto":null,"tipoAutorizacao":"REGISTRADO","acancelar":false,"mesAnoVencimentoFormatado":"12/2005","numeroRegistroFormatado":"126030048"},"empresa":{"cnpj":"74019670000196","razaoSocial":"ÍTACA LABORATÓRIOS LTDA","numeroAutorizacao":null,"cnpjFormatado":"74.019.670/0001-96"},"processo":{"numero":"250000123979764","situacao":29,"numeroProcessoFormatado":"25000.012397/97-64"}},{"ordem":14,"produto":{"codigo":1496,"nome":"DISPLATA","numeroRegistro":"126030028","tipo":{"codigo":1,"descricao":null},"categoria":null,"situacaoRotulo":null,"dataVencimento":null,"mesAnoVencimento":"072011","dataVencimentoRegistro":"2011-07-01T00:00:00.000-0300","principioAtivo":null,"situacaoApresentacao":"Caduco/Cancelado","dataRegistro":"1996-07-25T00:00:00.000-0300","categoriaRegulatoria":{"codigo":8,"descricao":"Similar"},"medicamentoReferencia":null,"categoriaProduto":null,"tipoAutorizacao":"REGISTRADO","acancelar":false,"mesAnoVencimentoFormatado":"07/2011","numeroRegistroFormatado":"126030028"},"empresa":{"cnpj":"74019670000196","razaoSocial":"ÍTACA LABORATÓRIOS LTDA","numeroAutorizacao":null,"cnpjFormatado":"74.019.670/0001-96"},"processo":{"numero":"250000232169437","situacao":29,"numeroProcessoFormatado":"25000.023216/94-37"}},{"ordem":15,"produto":{"codigo":3744,"nome":"DITARTARATO DE VINORELBINA","numeroRegistro":"126030041","tipo":{"codigo":1,"descricao":null},"categoria":null,"situacaoRotulo":null,"dataVencimento":null,"mesAnoVencimento":"062003","dataVencimentoRegistro":"2003-06-01T00:00:00.000-0300","principioAtivo":null,"situacaoApresentacao":"Caduco/Cancelado","dataRegistro":"2000-07-17T00:00:00.000-0300","categoriaRegulatoria":{"codigo":8,"descricao":"Similar"},"medicamentoReferencia":null,"categoriaProduto":null,"tipoAutorizacao":"REGISTRADO","acancelar":false,"mesAnoVencimentoFormatado":"06/2003","numeroRegistroFormatado":"126030041"},"empresa":{"cnpj":"74019670000196","razaoSocial":"ÍTACA LABORATÓRIOS LTDA","numeroAutorizacao":null,"cnpjFormatado":"74.019.670/0001-96"},"processo":{"numero":"250000288999761","situacao":29,"numeroProcessoFormatado":"25000.028899/97-61"}},{"ordem":16,"produto":{"codigo":2545,"nome":"DOXOFIL","numeroRegistro":"126030030","tipo":{"codigo":1,"descricao":null},"categoria":null,"situacaoRotulo":null,"dataVencimento":null,"mesAnoVencimento":"022012","dataVencimentoRegistro":"2012-02-01T00:00:00.000-0300","principioAtivo":null,"situacaoApresentacao":"Caduco/Cancelado","dataRegistro":"2001-09-21T00:00:00.000-0300","categoriaRegulatoria":{"codigo":8,"descricao":"Similar"},"medicamentoReferencia":null,"categoriaProduto":null,"tipoAutorizacao":"REGISTRADO","acancelar":false,"mesAnoVencimentoFormatado":"02/2012","numeroRegistroFormatado":"126030030"},"empresa":{"cnpj":"74019670000196","razaoSocial":"ÍTACA LABORATÓRIOS LTDA","numeroAutorizacao":null,"cnpjFormatado":"74.019.670/0001-96"},"processo":{"numero":"250000232209412","situacao":29,"numeroProcessoFormatado":"25000.023220/94-12"}},{"ordem":17,"produto":{"codigo":3774,"nome":"DOXORRUBICINA","numeroRegistro":"126030013","tipo":{"codigo":1,"descricao":null},"categoria":null,"situacaoRotulo":null,"dataVencimento":null,"mesAnoVencimento":"022004","dataVencimentoRegistro":"2004-02-01T00:00:00.000-0300","principioAtivo":null,"situacaoApresentacao":"Caduco/Cancelado","dataRegistro":"1999-02-25T00:00:00.000-0300","categoriaRegulatoria":{"codigo":8,"descricao":"Similar"},"medicamentoReferencia":null,"categoriaProduto":null,"tipoAutorizacao":"REGISTRADO","acancelar":false,"mesAnoVencimentoFormatado":"02/2004","numeroRegistroFormatado":"126030013"},"empresa":{"cnpj":"74019670000196","razaoSocial":"ÍTACA LABORATÓRIOS LTDA","numeroAutorizacao":null,"cnpjFormatado":"74.019.670/0001-96"},"processo":{"numero":"250000124109721","situacao":29,"numeroProcessoFormatado":"25000.012410/97-21"}},{"ordem":18,"produto":{"codigo":4053,"nome":"EXTRATO SECO DE GINKGO BILOBA","numeroRegistro":"126030042","tipo":{"codigo":1,"descricao":null},"categoria":null,"situacaoRotulo":null,"dataVencimento":null,"mesAnoVencimento":"082005","dataVencimentoRegistro":"2005-08-01T00:00:00.000-0300","principioAtivo":null,"situacaoApresentacao":"Caduco/Cancelado","dataRegistro":"2000-08-07T00:00:00.000-0300","categoriaRegulatoria":{"codigo":8,"descricao":"Similar"},"medicamentoReferencia":null,"categoriaProduto":null,"tipoAutorizacao":"REGISTRADO","acancelar":false,"mesAnoVencimentoFormatado":"08/2005","numeroRegistroFormatado":"126030042"},"empresa":{"cnpj":"74019670000196","razaoSocial":"ÍTACA LABORATÓRIOS LTDA","numeroAutorizacao":null,"cnpjFormatado":"74.019.670/0001-96"},"processo":{"numero":"250000386789818","situacao":29,"numeroProcessoFormatado":"25000.038678/98-18"}},{"ordem":19,"produto":{"codigo":4106,"nome":"FATOR VIII","numeroRegistro":"126030006","tipo":{"codigo":1,"descricao":null},"categoria":null,"situacaoRotulo":null,"dataVencimento":null,"mesAnoVencimento":"032000","dataVencimentoRegistro":"2000-03-01T00:00:00.000-0300","principioAtivo":null,"situacaoApresentacao":"Caduco/Cancelado","dataRegistro":"1996-08-02T00:00:00.000-0300","categoriaRegulatoria":{"codigo":8,"descricao":"Similar"},"medicamentoReferencia":null,"categoriaProduto":null,"tipoAutorizacao":"REGISTRADO","acancelar":false,"mesAnoVencimentoFormatado":"03/2000","numeroRegistroFormatado":"126030006"},"empresa":{"cnpj":"74019670000196","razaoSocial":"ÍTACA LABORATÓRIOS LTDA","numeroAutorizacao":null,"cnpjFormatado":"74.019.670/0001-96"},"processo":{"numero":"250000035459505","situacao":29,"numeroProcessoFormatado":"25000.003545/95-05"}},{"ordem":20,"produto":{"codigo":1848,"nome":"FOSFASERON","numeroRegistro":"126030037","tipo":{"codigo":1,"descricao":null},"categoria":null,"situacaoRotulo":null,"dataVencimento":null,"mesAnoVencimento":"062006","dataVencimentoRegistro":"2006-06-01T00:00:00.000-0300","principioAtivo":null,"situacaoApresentacao":"Caduco/Cancelado","dataRegistro":"2001-06-04T00:00:00.000-0300","categoriaRegulatoria":{"codigo":8,"descricao":"Similar"},"medicamentoReferencia":null,"categoriaProduto":null,"tipoAutorizacao":"REGISTRADO","acancelar":false,"mesAnoVencimentoFormatado":"06/2006","numeroRegistroFormatado":"126030037"},"empresa":{"cnpj":"74019670000196","razaoSocial":"ÍTACA LABORATÓRIOS LTDA","numeroAutorizacao":null,"cnpjFormatado":"74.019.670/0001-96"},"processo":{"numero":"250000232189462","situacao":29,"numeroProcessoFormatado":"25000.023218/94-62"}},{"ordem":21,"produto":{"codigo":170562,"nome":"FOSFASERON","numeroRegistro":"126030056","tipo":{"codigo":1,"descricao":null},"categoria":null,"situacaoRotulo":null,"dataVencimento":null,"mesAnoVencimento":"022008","dataVencimentoRegistro":"2008-02-01T00:00:00.000-0300","principioAtivo":null,"situacaoApresentacao":"Caduco/Cancelado","dataRegistro":"2003-02-06T00:00:00.000-0300","categoriaRegulatoria":{"codigo":8,"descricao":"Similar"},"medicamentoReferencia":null,"categoriaProduto":null,"tipoAutorizacao":"REGISTRADO","acancelar":false,"mesAnoVencimentoFormatado":"02/2008","numeroRegistroFormatado":"126030056"},"empresa":{"cnpj":"74019670000196","razaoSocial":"ÍTACA LABORATÓRIOS LTDA","numeroAutorizacao":null,"cnpjFormatado":"74.019.670/0001-96"},"processo":{"numero":"25351163248200200","situacao":29,"numeroProcessoFormatado":"25351.163248/2002-00"}},{"ordem":22,"produto":{"codigo":137683,"nome":"HEMOTIN","numeroRegistro":"126030054","tipo":{"codigo":1,"descricao":null},"categoria":null,"situacaoRotulo":null,"dataVencimento":null,"mesAnoVencimento":"072007","dataVencimentoRegistro":"2007-07-01T00:00:00.000-0300","principioAtivo":null,"situacaoApresentacao":"Caduco/Cancelado","dataRegistro":"2002-07-04T00:00:00.000-0300","categoriaRegulatoria":{"codigo":8,"descricao":"Similar"},"medicamentoReferencia":null,"categoriaProduto":null,"tipoAutorizacao":"REGISTRADO","acancelar":false,"mesAnoVencimentoFormatado":"07/2007","numeroRegistroFormatado":"126030054"},"empresa":{"cnpj":"74019670000196","razaoSocial":"ÍTACA LABORATÓRIOS LTDA","numeroAutorizacao":null,"cnpjFormatado":"74.019.670/0001-96"},"processo":{"numero":"253510310150034","situacao":29,"numeroProcessoFormatado":"25351.031015/00-34"}},{"ordem":23,"produto":{"codigo":4721,"nome":"HEPARINA SODICA","numeroRegistro":"126030010","tipo":{"codigo":1,"descricao":null},"categoria":null,"situacaoRotulo":null,"dataVencimento":null,"mesAnoVencimento":"082003","dataVencimentoRegistro":"2003-08-01T00:00:00.000-0300","principioAtivo":null,"situacaoApresentacao":"Caduco/Cancelado","dataRegistro":"1998-08-03T00:00:00.000-0300","categoriaRegulatoria":{"codigo":8,"descricao":"Similar"},"medicamentoReferencia":null,"categoriaProduto":null,"tipoAutorizacao":"REGISTRADO","acancelar":false,"mesAnoVencimentoFormatado":"08/2003","numeroRegistroFormatado":"126030010"},"empresa":{"cnpj":"74019670000196","razaoSocial":"ÍTACA LABORATÓRIOS LTDA","numeroAutorizacao":null,"cnpjFormatado":"74.019.670/0001-96"},"processo":{"numero":"250000401129640","situacao":29,"numeroProcessoFormatado":"25000.040112/96-40"}},{"ordem":24,"produto":{"codigo":4777,"nome":"HIDROCORTISONA (COMO SUCCINATO SODICO)","numeroRegistro":"126030052","tipo":{"codigo":1,"descricao":null},"categoria":null,"situacaoRotulo":null,"dataVencimento":null,"mesAnoVencimento":"062006","dataVencimentoRegistro":"2006-06-01T00:00:00.000-0300","principioAtivo":null,"situacaoApresentacao":"Caduco/Cancelado","dataRegistro":"2001-06-21T00:00:00.000-0300","categoriaRegulatoria":{"codigo":8,"descricao":"Similar"},"medicamentoReferencia":null,"categoriaProduto":null,"tipoAutorizacao":"REGISTRADO","acancelar":false,"mesAnoVencimentoFormatado":"06/2006","numeroRegistroFormatado":"126030052"},"empresa":{"cnpj":"74019670000196","razaoSocial":"ÍTACA LABORATÓRIOS LTDA","numeroAutorizacao":null,"cnpjFormatado":"74.019.670/0001-96"},"processo":{"numero":"250000124089789","situacao":29,"numeroProcessoFormatado":"25000.012408/97-89"}},{"ordem":25,"produto":{"codigo":4931,"nome":"IFOSFAMIDA","numeroRegistro":"126030034","tipo":{"codigo":1,"descricao":null},"categoria":null,"situacaoRotulo":null,"dataVencimento":null,"mesAnoVencimento":"082001","dataVencimentoRegistro":"2001-08-01T00:00:00.000-0300","principioAtivo":null,"situacaoApresentacao":"Caduco/Cancelado","dataRegistro":"2001-06-04T00:00:00.000-0300","categoriaRegulatoria":{"codigo":8,"descricao":"Similar"},"medicamentoReferencia":null,"categoriaProduto":null,"tipoAutorizacao":"REGISTRADO","acancelar":false,"mesAnoVencimentoFormatado":"08/2001","numeroRegistroFormatado":"126030034"},"empresa":{"cnpj":"74019670000196","razaoSocial":"ÍTACA LABORATÓRIOS LTDA","numeroAutorizacao":null,"cnpjFormatado":"74.019.670/0001-96"},"processo":{"numero":"250000232159474","situacao":29,"numeroProcessoFormatado":"25000.023215/94-74"}},{"ordem":26,"produto":{"codigo":4976,"nome":"INDOMETACINA","numeroRegistro":"126030019","tipo":{"codigo":1,"descricao":null},"categoria":null,"situacaoRotulo":null,"dataVencimento":null,"mesAnoVencimento":"072004","dataVencimentoRegistro":"2004-07-01T00:00:00.000-0300","principioAtivo":null,"situacaoApresentacao":"Caduco/Cancelado","dataRegistro":"1999-07-15T00:00:00.000-0300","categoriaRegulatoria":{"codigo":8,"descricao":"Similar"},"medicamentoReferencia":null,"categoriaProduto":null,"tipoAutorizacao":"REGISTRADO","acancelar":false,"mesAnoVencimentoFormatado":"07/2004","numeroRegistroFormatado":"126030019"},"empresa":{"cnpj":"74019670000196","razaoSocial":"ÍTACA LABORATÓRIOS LTDA","numeroAutorizacao":null,"cnpjFormatado":"74.019.670/0001-96"},"processo":{"numero":"250000010729908","situacao":29,"numeroProcessoFormatado":"25000.001072/99-08"}},{"ordem":27,"produto":{"codigo":5182,"nome":"L- ASPARAGINASE","numeroRegistro":"126030023","tipo":{"codigo":1,"descricao":null},"categoria":null,"situacaoRotulo":null,"dataVencimento":null,"mesAnoVencimento":"052005","dataVencimentoRegistro":"2005-05-01T00:00:00.000-0300","principioAtivo":null,"situacaoApresentacao":"Caduco/Cancelado","dataRegistro":"2000-05-08T00:00:00.000-0300","categoriaRegulatoria":{"codigo":8,"descricao":"Similar"},"medicamentoReferencia":null,"categoriaProduto":null,"tipoAutorizacao":"REGISTRADO","acancelar":false,"mesAnoVencimentoFormatado":"05/2005","numeroRegistroFormatado":"126030023"},"empresa":{"cnpj":"74019670000196","razaoSocial":"ÍTACA LABORATÓRIOS LTDA","numeroAutorizacao":null,"cnpjFormatado":"74.019.670/0001-96"},"processo":{"numero":"250000072369514","situacao":29,"numeroProcessoFormatado":"25000.007236/95-14"}},{"ordem":28,"produto":{"codigo":1979,"nome":"LAXIFOS","numeroRegistro":"126030031","tipo":{"codigo":1,"descricao":null},"categoria":null,"situacaoRotulo":null,"dataVencimento":null,"mesAnoVencimento":"052010","dataVencimentoRegistro":"2010-05-01T00:00:00.000-0300","principioAtivo":null,"situacaoApresentacao":"Caduco/Cancelado","dataRegistro":"2000-05-26T00:00:00.000-0300","categoriaRegulatoria":{"codigo":8,"descricao":"Similar"},"medicamentoReferencia":null,"categoriaProduto":null,"tipoAutorizacao":"REGISTRADO","acancelar":false,"mesAnoVencimentoFormatado":"05/2010","numeroRegistroFormatado":"126030031"},"empresa":{"cnpj":"74019670000196","razaoSocial":"ÍTACA LABORATÓRIOS LTDA","numeroAutorizacao":null,"cnpjFormatado":"74.019.670/0001-96"},"processo":{"numero":"250000019299558","situacao":29,"numeroProcessoFormatado":"25000.001929/95-58"}},{"ordem":29,"produto":{"codigo":5288,"nome":"LENOVOR","numeroRegistro":"126030026","tipo":{"codigo":1,"descricao":null},"categoria":null,"situacaoRotulo":null,"dataVencimento":null,"mesAnoVencimento":"112011","dataVencimentoRegistro":"2011-11-01T00:00:00.000-0300","principioAtivo":null,"situacaoApresentacao":"Caduco/Cancelado","dataRegistro":"2001-06-04T00:00:00.000-0300","categoriaRegulatoria":{"codigo":8,"descricao":"Similar"},"medicamentoReferencia":null,"categoriaProduto":null,"tipoAutorizacao":"REGISTRADO","acancelar":false,"mesAnoVencimentoFormatado":"11/2011","numeroRegistroFormatado":"126030026"},"empresa":{"cnpj":"74019670000196","razaoSocial":"ÍTACA LABORATÓRIOS LTDA","numeroAutorizacao":null,"cnpjFormatado":"74.019.670/0001-96"},"processo":{"numero":"250000072359551","situacao":29,"numeroProcessoFormatado":"25000.007235/95-51"}},{"ordem":30,"produto":{"codigo":5780,"nome":"MESNA","numeroRegistro":"126030029","tipo":{"codigo":1,"descricao":null},"categoria":null,"situacaoRotulo":null,"dataVencimento":null,"mesAnoVencimento":"052005","dataVencimentoRegistro":"2005-05-01T00:00:00.000-0300","principioAtivo":null,"situacaoApresentacao":"Caduco/Cancelado","dataRegistro":"2000-05-25T00:00:00.000-0300","categoriaRegulatoria":{"codigo":8,"descricao":"Similar"},"medicamentoReferencia":null,"categoriaProduto":null,"tipoAutorizacao":"REGISTRADO","acancelar":false,"mesAnoVencimentoFormatado":"05/2005","numeroRegistroFormatado":"126030029"},"empresa":{"cnpj":"74019670000196","razaoSocial":"ÍTACA LABORATÓRIOS LTDA","numeroAutorizacao":null,"cnpjFormatado":"74.019.670/0001-96"},"processo":{"numero":"250000019309537","situacao":29,"numeroProcessoFormatado":"25000.001930/95-37"}},{"ordem":31,"produto":{"codigo":145428,"nome":"MITAXIS","numeroRegistro":"126030055","tipo":{"codigo":1,"descricao":null},"categoria":null,"situacaoRotulo":null,"dataVencimento":null,"mesAnoVencimento":"012008","dataVencimentoRegistro":"2008-01-01T00:00:00.000-0300","principioAtivo":null,"situacaoApresentacao":"Caduco/Cancelado","dataRegistro":"2003-01-27T00:00:00.000-0300","categoriaRegulatoria":{"codigo":8,"descricao":"Similar"},"medicamentoReferencia":null,"categoriaProduto":null,"tipoAutorizacao":"REGISTRADO","acancelar":false,"mesAnoVencimentoFormatado":"01/2008","numeroRegistroFormatado":"126030055"},"empresa":{"cnpj":"74019670000196","razaoSocial":"ÍTACA LABORATÓRIOS LTDA","numeroAutorizacao":null,"cnpjFormatado":"74.019.670/0001-96"},"processo":{"numero":"25351193063200211","situacao":29,"numeroProcessoFormatado":"25351.193063/2002-11"}},{"ordem":32,"produto":{"codigo":5970,"nome":"MITOMICINA C","numeroRegistro":"126030045","tipo":{"codigo":1,"descricao":null},"categoria":null,"situacaoRotulo":null,"dataVencimento":null,"mesAnoVencimento":"112005","dataVencimentoRegistro":"2005-11-01T00:00:00.000-0300","principioAtivo":null,"situacaoApresentacao":"Caduco/Cancelado","dataRegistro":"2000-11-30T00:00:00.000-0300","categoriaRegulatoria":{"codigo":8,"descricao":"Similar"},"medicamentoReferencia":null,"categoriaProduto":null,"tipoAutorizacao":"REGISTRADO","acancelar":false,"mesAnoVencimentoFormatado":"11/2005","numeroRegistroFormatado":"126030045"},"empresa":{"cnpj":"74019670000196","razaoSocial":"ÍTACA LABORATÓRIOS LTDA","numeroAutorizacao":null,"cnpjFormatado":"74.019.670/0001-96"},"processo":{"numero":"250000123939711","situacao":29,"numeroProcessoFormatado":"25000.012393/97-11"}},{"ordem":33,"produto":{"codigo":5971,"nome":"MITOXANTRONA","numeroRegistro":"126030022","tipo":{"codigo":1,"descricao":null},"categoria":null,"situacaoRotulo":null,"dataVencimento":null,"mesAnoVencimento":"022002","dataVencimentoRegistro":"2002-02-01T00:00:00.000-0200","principioAtivo":null,"situacaoApresentacao":"Caduco/Cancelado","dataRegistro":"2001-06-04T00:00:00.000-0300","categoriaRegulatoria":{"codigo":8,"descricao":"Similar"},"medicamentoReferencia":null,"categoriaProduto":null,"tipoAutorizacao":"REGISTRADO","acancelar":false,"mesAnoVencimentoFormatado":"02/2002","numeroRegistroFormatado":"126030022"},"empresa":{"cnpj":"74019670000196","razaoSocial":"ÍTACA LABORATÓRIOS LTDA","numeroAutorizacao":null,"cnpjFormatado":"74.019.670/0001-96"},"processo":{"numero":"250000072339526","situacao":29,"numeroProcessoFormatado":"25000.007233/95-26"}},{"ordem":34,"produto":{"codigo":6352,"nome":"OCTAVI SDH","numeroRegistro":"126030008","tipo":{"codigo":1,"descricao":null},"categoria":null,"situacaoRotulo":null,"dataVencimento":null,"mesAnoVencimento":"032002","dataVencimentoRegistro":"2002-03-01T00:00:00.000-0300","principioAtivo":null,"situacaoApresentacao":"Caduco/Cancelado","dataRegistro":"1997-05-08T00:00:00.000-0300","categoriaRegulatoria":{"codigo":8,"descricao":"Similar"},"medicamentoReferencia":null,"categoriaProduto":null,"tipoAutorizacao":"REGISTRADO","acancelar":false,"mesAnoVencimentoFormatado":"03/2002","numeroRegistroFormatado":"126030008"},"empresa":{"cnpj":"74019670000196","razaoSocial":"ÍTACA LABORATÓRIOS LTDA","numeroAutorizacao":null,"cnpjFormatado":"74.019.670/0001-96"},"processo":{"numero":"250000368679640","situacao":29,"numeroProcessoFormatado":"25000.036867/96-40"}},{"ordem":35,"produto":{"codigo":4850,"nome":"OXERON","numeroRegistro":"126030039","tipo":{"codigo":1,"descricao":null},"categoria":null,"situacaoRotulo":null,"dataVencimento":null,"mesAnoVencimento":"092006","dataVencimentoRegistro":"2006-09-01T00:00:00.000-0300","principioAtivo":null,"situacaoApresentacao":"Caduco/Cancelado","dataRegistro":"2001-09-27T00:00:00.000-0300","categoriaRegulatoria":{"codigo":8,"descricao":"Similar"},"medicamentoReferencia":null,"categoriaProduto":null,"tipoAutorizacao":"REGISTRADO","acancelar":false,"mesAnoVencimentoFormatado":"09/2006","numeroRegistroFormatado":"126030039"},"empresa":{"cnpj":"74019670000196","razaoSocial":"ÍTACA LABORATÓRIOS LTDA","numeroAutorizacao":null,"cnpjFormatado":"74.019.670/0001-96"},"processo":{"numero":"250000072299559","situacao":29,"numeroProcessoFormatado":"25000.007229/95-59"}},{"ordem":36,"produto":{"codigo":4708,"nome":"PARINORTH","numeroRegistro":"126030044","tipo":{"codigo":1,"descricao":null},"categoria":null,"situacaoRotulo":null,"dataVencimento":null,"mesAnoVencimento":"102010","dataVencimentoRegistro":"2010-10-01T00:00:00.000-0300","principioAtivo":null,"situacaoApresentacao":"Caduco/Cancelado","dataRegistro":"2000-10-24T00:00:00.000-0300","categoriaRegulatoria":{"codigo":8,"descricao":"Similar"},"medicamentoReferencia":null,"categoriaProduto":null,"tipoAutorizacao":"REGISTRADO","acancelar":false,"mesAnoVencimentoFormatado":"10/2010","numeroRegistroFormatado":"126030044"},"empresa":{"cnpj":"74019670000196","razaoSocial":"ÍTACA LABORATÓRIOS LTDA","numeroAutorizacao":null,"cnpjFormatado":"74.019.670/0001-96"},"processo":{"numero":"250000123949776","situacao":29,"numeroProcessoFormatado":"25000.012394/97-76"}},{"ordem":37,"produto":{"codigo":6761,"nome":"PENICILINA G BENZATINA","numeroRegistro":"126030049","tipo":{"codigo":1,"descricao":null},"categoria":null,"situacaoRotulo":null,"dataVencimento":null,"mesAnoVencimento":"122005","dataVencimentoRegistro":"2005-12-01T00:00:00.000-0300","principioAtivo":null,"situacaoApresentacao":"Caduco/Cancelado","dataRegistro":"2000-12-20T00:00:00.000-0300","categoriaRegulatoria":{"codigo":8,"descricao":"Similar"},"medicamentoReferencia":null,"categoriaProduto":null,"tipoAutorizacao":"REGISTRADO","acancelar":false,"mesAnoVencimentoFormatado":"12/2005","numeroRegistroFormatado":"126030049"},"empresa":{"cnpj":"74019670000196","razaoSocial":"ÍTACA LABORATÓRIOS LTDA","numeroAutorizacao":null,"cnpjFormatado":"74.019.670/0001-96"},"processo":{"numero":"250000123969700","situacao":29,"numeroProcessoFormatado":"25000.012396/97-00"}},{"ordem":38,"produto":{"codigo":6987,"nome":"POLIVITAMINAS + SAIS MINERAIS","numeroRegistro":"126030025","tipo":{"codigo":1,"descricao":null},"categoria":null,"situacaoRotulo":null,"dataVencimento":null,"mesAnoVencimento":"052005","dataVencimentoRegistro":"2005-05-01T00:00:00.000-0300","principioAtivo":null,"situacaoApresentacao":"Caduco/Cancelado","dataRegistro":"2000-05-25T00:00:00.000-0300","categoriaRegulatoria":{"codigo":8,"descricao":"Similar"},"medicamentoReferencia":null,"categoriaProduto":null,"tipoAutorizacao":"REGISTRADO","acancelar":false,"mesAnoVencimentoFormatado":"05/2005","numeroRegistroFormatado":"126030025"},"empresa":{"cnpj":"74019670000196","razaoSocial":"ÍTACA LABORATÓRIOS LTDA","numeroAutorizacao":null,"cnpjFormatado":"74.019.670/0001-96"},"processo":{"numero":"250000060279922","situacao":29,"numeroProcessoFormatado":"25000.006027/99-22"}},{"ordem":39,"produto":{"codigo":8287,"nome":"RABINEFIL","numeroRegistro":"126030036","tipo":{"codigo":1,"descricao":null},"categoria":null,"situacaoRotulo":null,"dataVencimento":null,"mesAnoVencimento":"052011","dataVencimentoRegistro":"2011-05-01T00:00:00.000-0300","principioAtivo":null,"situacaoApresentacao":"Caduco/Cancelado","dataRegistro":"2001-06-04T00:00:00.000-0300","categoriaRegulatoria":{"codigo":8,"descricao":"Similar"},"medicamentoReferencia":null,"categoriaProduto":null,"tipoAutorizacao":"REGISTRADO","acancelar":false,"mesAnoVencimentoFormatado":"05/2011","numeroRegistroFormatado":"126030036"},"empresa":{"cnpj":"74019670000196","razaoSocial":"ÍTACA LABORATÓRIOS LTDA","numeroAutorizacao":null,"cnpjFormatado":"74.019.670/0001-96"},"processo":{"numero":"250000232139449","situacao":29,"numeroProcessoFormatado":"25000.023213/94-49"}},{"ordem":40,"produto":{"codigo":7287,"nome":"ROXITROMICINA","numeroRegistro":"126030047","tipo":{"codigo":1,"descricao":null},"categoria":null,"situacaoRotulo":null,"dataVencimento":null,"mesAnoVencimento":"122005","dataVencimentoRegistro":"2005-12-01T00:00:00.000-0300","principioAtivo":null,"situacaoApresentacao":"Caduco/Cancelado","dataRegistro":"2000-12-20T00:00:00.000-0300","categoriaRegulatoria":{"codigo":8,"descricao":"Similar"},"medicamentoReferencia":null,"categoriaProduto":null,"tipoAutorizacao":"REGISTRADO","acancelar":false,"mesAnoVencimentoFormatado":"12/2005","numeroRegistroFormatado":"126030047"},"empresa":{"cnpj":"74019670000196","razaoSocial":"ÍTACA LABORATÓRIOS LTDA","numeroAutorizacao":null,"cnpjFormatado":"74.019.670/0001-96"},"processo":{"numero":"250000124049728","situacao":29,"numeroProcessoFormatado":"25000.012404/97-28"}},{"ordem":41,"produto":{"codigo":170641,"nome":"SEROMIDA","numeroRegistro":"126030057","tipo":{"codigo":1,"descricao":null},"categoria":null,"situacaoRotulo":null,"dataVencimento":null,"mesAnoVencimento":"022008","dataVencimentoRegistro":"2008-02-01T00:00:00.000-0300","principioAtivo":null,"situacaoApresentacao":"Caduco/Cancelado","dataRegistro":"2003-02-06T00:00:00.000-0300","categoriaRegulatoria":{"codigo":8,"descricao":"Similar"},"medicamentoReferencia":null,"categoriaProduto":null,"tipoAutorizacao":"REGISTRADO","acancelar":false,"mesAnoVencimentoFormatado":"02/2008","numeroRegistroFormatado":"126030057"},"empresa":{"cnpj":"74019670000196","razaoSocial":"ÍTACA LABORATÓRIOS LTDA","numeroAutorizacao":null,"cnpjFormatado":"74.019.670/0001-96"},"processo":{"numero":"25351163249200246","situacao":29,"numeroProcessoFormatado":"25351.163249/2002-46"}},{"ordem":42,"produto":{"codigo":516732,"nome":"SEROTABIR","numeroRegistro":"126030032","tipo":{"codigo":1,"descricao":null},"categoria":null,"situacaoRotulo":null,"dataVencimento":null,"mesAnoVencimento":"112011","dataVencimentoRegistro":"2011-11-01T00:00:00.000-0300","principioAtivo":null,"situacaoApresentacao":"Caduco/Cancelado","dataRegistro":"1996-11-01T00:00:00.000-0300","categoriaRegulatoria":{"codigo":8,"descricao":"Similar"},"medicamentoReferencia":null,"categoriaProduto":null,"tipoAutorizacao":"REGISTRADO","acancelar":false,"mesAnoVencimentoFormatado":"11/2011","numeroRegistroFormatado":"126030032"},"empresa":{"cnpj":"74019670000196","razaoSocial":"ÍTACA LABORATÓRIOS LTDA","numeroAutorizacao":null,"cnpjFormatado":"74.019.670/0001-96"},"processo":{"numero":"250000072399511","situacao":29,"numeroProcessoFormatado":"25000.007239/95-11"}},{"ordem":43,"produto":{"codigo":6767,"nome":"SIDERON","numeroRegistro":"126030040","tipo":{"codigo":1,"descricao":null},"categoria":null,"situacaoRotulo":null,"dataVencimento":null,"mesAnoVencimento":"042008","dataVencimentoRegistro":"2008-04-01T00:00:00.000-0300","principioAtivo":null,"situacaoApresentacao":"Caduco/Cancelado","dataRegistro":"2001-06-04T00:00:00.000-0300","categoriaRegulatoria":{"codigo":8,"descricao":"Similar"},"medicamentoReferencia":null,"categoriaProduto":null,"tipoAutorizacao":"REGISTRADO","acancelar":false,"mesAnoVencimentoFormatado":"04/2008","numeroRegistroFormatado":"126030040"},"empresa":{"cnpj":"74019670000196","razaoSocial":"ÍTACA LABORATÓRIOS LTDA","numeroAutorizacao":null,"cnpjFormatado":"74.019.670/0001-96"},"processo":{"numero":"250000072319509","situacao":29,"numeroProcessoFormatado":"25000.007231/95-09"}},{"ordem":44,"produto":{"codigo":7855,"nome":"TAMOXIFENO","numeroRegistro":"126030015","tipo":{"codigo":1,"descricao":null},"categoria":null,"situacaoRotulo":null,"dataVencimento":null,"mesAnoVencimento":"042004","dataVencimentoRegistro":"2004-04-01T00:00:00.000-0300","principioAtivo":null,"situacaoApresentacao":"Caduco/Cancelado","dataRegistro":"1999-04-05T00:00:00.000-0300","categoriaRegulatoria":{"codigo":8,"descricao":"Similar"},"medicamentoReferencia":null,"categoriaProduto":null,"tipoAutorizacao":"REGISTRADO","acancelar":false,"mesAnoVencimentoFormatado":"04/2004","numeroRegistroFormatado":"126030015"},"empresa":{"cnpj":"74019670000196","razaoSocial":"ÍTACA LABORATÓRIOS LTDA","numeroAutorizacao":null,"cnpjFormatado":"74.019.670/0001-96"},"processo":{"numero":"250000124099741","situacao":29,"numeroProcessoFormatado":"25000.012409/97-41"}},{"ordem":45,"produto":{"codigo":8087,"nome":"TRAMADOL (PORT 344/98 L- A2)","numeroRegistro":"126030053","tipo":{"codigo":1,"descricao":null},"categoria":null,"situacaoRotulo":null,"dataVencimento":null,"mesAnoVencimento":"062006","dataVencimentoRegistro":"2006-06-01T00:00:00.000-0300","principioAtivo":null,"situacaoApresentacao":"Caduco/Cancelado","dataRegistro":"2001-06-22T00:00:00.000-0300","categoriaRegulatoria":{"codigo":8,"descricao":"Similar"},"medicamentoReferencia":null,"categoriaProduto":null,"tipoAutorizacao":"REGISTRADO","acancelar":false,"mesAnoVencimentoFormatado":"06/2006","numeroRegistroFormatado":"126030053"},"empresa":{"cnpj":"74019670000196","razaoSocial":"ÍTACA LABORATÓRIOS LTDA","numeroAutorizacao":null,"cnpjFormatado":"74.019.670/0001-96"},"processo":{"numero":"250000060259905","situacao":29,"numeroProcessoFormatado":"25000.006025/99-05"}},{"ordem":46,"produto":{"codigo":5875,"nome":"TREXERON","numeroRegistro":"126030024","tipo":{"codigo":1,"descricao":null},"categoria":null,"situacaoRotulo":null,"dataVencimento":null,"mesAnoVencimento":"062011","dataVencimentoRegistro":"2011-06-01T00:00:00.000-0300","principioAtivo":null,"situacaoApresentacao":"Caduco/Cancelado","dataRegistro":"2001-06-04T00:00:00.000-0300","categoriaRegulatoria":{"codigo":8,"descricao":"Similar"},"medicamentoReferencia":null,"categoriaProduto":null,"tipoAutorizacao":"REGISTRADO","acancelar":false,"mesAnoVencimentoFormatado":"06/2011","numeroRegistroFormatado":"126030024"},"empresa":{"cnpj":"74019670000196","razaoSocial":"ÍTACA LABORATÓRIOS LTDA","numeroAutorizacao":null,"cnpjFormatado":"74.019.670/0001-96"},"processo":{"numero":"250000232149410","situacao":29,"numeroProcessoFormatado":"25000.023214/94-10"}},{"ordem":47,"produto":{"codigo":997,"nome":"TRIAZI","numeroRegistro":"126030016","tipo":{"codigo":1,"descricao":null},"categoria":null,"situacaoRotulo":null,"dataVencimento":null,"mesAnoVencimento":"042004","dataVencimentoRegistro":"2004-04-01T00:00:00.000-0300","principioAtivo":null,"situacaoApresentacao":"Caduco/Cancelado","dataRegistro":"1999-04-16T00:00:00.000-0300","categoriaRegulatoria":{"codigo":8,"descricao":"Similar"},"medicamentoReferencia":null,"categoriaProduto":null,"tipoAutorizacao":"REGISTRADO","acancelar":false,"mesAnoVencimentoFormatado":"04/2004","numeroRegistroFormatado":"126030016"},"empresa":{"cnpj":"74019670000196","razaoSocial":"ÍTACA LABORATÓRIOS LTDA","numeroAutorizacao":null,"cnpjFormatado":"74.019.670/0001-96"},"processo":{"numero":"250000123909715","situacao":29,"numeroProcessoFormatado":"25000.012390/97-15"}},{"ordem":48,"produto":{"codigo":2981,"nome":"VANCONORTH","numeroRegistro":"126030014","tipo":{"codigo":1,"descricao":null},"categoria":null,"situacaoRotulo":null,"dataVencimento":null,"mesAnoVencimento":"032009","dataVencimentoRegistro":"2009-03-01T00:00:00.000-0300","principioAtivo":null,"situacaoApresentacao":"Caduco/Cancelado","dataRegistro":"1999-03-01T00:00:00.000-0300","categoriaRegulatoria":{"codigo":8,"descricao":"Similar"},"medicamentoReferencia":null,"categoriaProduto":null,"tipoAutorizacao":"REGISTRADO","acancelar":false,"mesAnoVencimentoFormatado":"03/2009","numeroRegistroFormatado":"126030014"},"empresa":{"cnpj":"74019670000196","razaoSocial":"ÍTACA LABORATÓRIOS LTDA","numeroAutorizacao":null,"cnpjFormatado":"74.019.670/0001-96"},"processo":{"numero":"250000124009777","situacao":29,"numeroProcessoFormatado":"25000.012400/97-77"}},{"ordem":49,"produto":{"codigo":7782,"nome":"VINCRIFIL","numeroRegistro":"126030035","tipo":{"codigo":1,"descricao":null},"categoria":null,"situacaoRotulo":null,"dataVencimento":null,"mesAnoVencimento":"062011","dataVencimentoRegistro":"2011-06-01T00:00:00.000-0300","principioAtivo":null,"situacaoApresentacao":"Caduco/Cancelado","dataRegistro":"2001-09-21T00:00:00.000-0300","categoriaRegulatoria":{"codigo":8,"descricao":"Similar"},"medicamentoReferencia":null,"categoriaProduto":null,"tipoAutorizacao":"REGISTRADO","acancelar":false,"mesAnoVencimentoFormatado":"06/2011","numeroRegistroFormatado":"126030035"},"empresa":{"cnpj":"74019670000196","razaoSocial":"ÍTACA LABORATÓRIOS LTDA","numeroAutorizacao":null,"cnpjFormatado":"74.019.670/0001-96"},"processo":{"numero":"250000232199425","situacao":29,"numeroProcessoFormatado":"25000.023219/94-25"}},{"ordem":50,"produto":{"codigo":446399,"nome":"ÍTEC","numeroRegistro":"126030067","tipo":{"codigo":1,"descricao":null},"categoria":null,"situacaoRotulo":null,"dataVencimento":null,"mesAnoVencimento":"022011","dataVencimentoRegistro":"2011-02-01T00:00:00.000-0300","principioAtivo":null,"situacaoApresentacao":"Caduco/Cancelado","dataRegistro":"2006-02-24T00:00:00.000-0300","categoriaRegulatoria":{"codigo":8,"descricao":"Similar"},"medicamentoReferencia":null,"categoriaProduto":null,"tipoAutorizacao":"REGISTRADO","acancelar":false,"mesAnoVencimentoFormatado":"02/2011","numeroRegistroFormatado":"126030067"},"empresa":{"cnpj":"74019670000196","razaoSocial":"ÍTACA LABORATÓRIOS LTDA","numeroAutorizacao":null,"cnpjFormatado":"74.019.670/0001-96"},"processo":{"numero":"25351435757200584","situacao":29,"numeroProcessoFormatado":"25351.435757/2005-84"}}],"totalElements":50,"totalPages":1,"last":true,"numberOfElements":50,"size":1000,"number":0,"first":true,"sort":null}