{"content":[{"ordem":1,"produto":{"codigo":131,"nome":"AC ASCORBICO+CARBONATO DE MAGNESIO+CARB DE CALCIO+ LACT. FERROSO","numeroRegistro":"110860049","tipo":{"codigo":1,"descricao":null},"categoria":null,"situacaoRotulo":null,"dataVencimento":null,"mesAnoVencimento":"092006","dataVencimentoRegistro":"2006-09-01T00:00:00.000-0300","principioAtivo":null,"situacaoApresentacao":"Caduco/Cancelado","dataRegistro":"2001-09-12T00:00:00.000-0300","categoriaRegulatoria":{"codigo":8,"descricao":"Similar"},"medicamentoReferencia":null,"categoriaProduto":null,"tipoAutorizacao":"REGISTRADO","numeroRegistroFormatado":"110860049","mesAnoVencimentoFormatado":"09/2006","acancelar":false},"empresa":{"cnpj":"75549436000133","razaoSocial":"LASA INDÚSTRIA FARMACÊUTICA LTDA.","numeroAutorizacao":"1010863","cnpjFormatado":"75.549.436/0001-33"},"processo":{"numero":"250000287069817","situacao":29,"numeroProcessoFormatado":"25000.028706/98-17"}},{"ordem":2,"produto":{"codigo":366,"nome":"ACETILASA","numeroRegistro":"110860017","tipo":{"codigo":1,"descricao":null},"categoria":null,"situacaoRotulo":null,"dataVencimento":null,"mesAnoVencimento":"012003","dataVencimentoRegistro":"2003-01-01T00:00:00.000-0300","principioAtivo":null,"situacaoApresentacao":"Caduco/Cancelado","dataRegistro":"1998-01-21T00:00:00.000-0300","categoriaRegulatoria":{"codigo":8,"descricao":"Similar"},"medicamentoReferencia":null,"categoriaProduto":null,"tipoAutorizacao":"REGISTRADO","numeroRegistroFormatado":"110860017","mesAnoVencimentoFormatado":"01/2003","acancelar":false},"empresa":{"cnpj":"75549436000133","razaoSocial":"LASA INDÚSTRIA FARMACÊUTICA LTDA.","numeroAutorizacao":"1010863","cnpjFormatado":"75.549.436/0001-33"},"processo":{"numero":"250000211969531","situacao":29,"numeroProcessoFormatado":"25000.021196/95-31"}},{"ordem":3,"produto":{"codigo":411,"nome":"ACIDO ASCORBICO","numeroRegistro":"110860002","tipo":{"codigo":1,"descricao":null},"categoria":null,"situacaoRotulo":null,"dataVencimento":null,"mesAnoVencimento":"122001","dataVencimentoRegistro":"2001-12-01T00:00:00.000-0200","principioAtivo":null,"situacaoApresentacao":"Caduco/Cancelado","dataRegistro":"1996-12-30T00:00:00.000-0300","categoriaRegulatoria":{"codigo":8,"descricao":"Similar"},"medicamentoReferencia":null,"categoriaProduto":null,"tipoAutorizacao":"REGISTRADO","numeroRegistroFormatado":"110860002","mesAnoVencimentoFormatado":"12/2001","acancelar":false},"empresa":{"cnpj":"75549436000133","razaoSocial":"LASA INDÚSTRIA FARMACÊUTICA LTDA.","numeroAutorizacao":"1010863","cnpjFormatado":"75.549.436/0001-33"},"processo":{"numero":"250000261529624","situacao":29,"numeroProcessoFormatado":"25000.026152/96-24"}},{"ordem":4,"produto":{"codigo":412,"nome":"ADDITIVA VITAMINA C","numeroRegistro":"110860029","tipo":{"codigo":1,"descricao":null},"categoria":null,"situacaoRotulo":null,"dataVencimento":null,"mesAnoVencimento":"062004","dataVencimentoRegistro":"2004-06-01T00:00:00.000-0300","principioAtivo":null,"situacaoApresentacao":"Caduco/Cancelado","dataRegistro":"1999-06-24T00:00:00.000-0300","categoriaRegulatoria":{"codigo":8,"descricao":"Similar"},"medicamentoReferencia":null,"categoriaProduto":null,"tipoAutorizacao":"REGISTRADO","numeroRegistroFormatado":"110860029","mesAnoVencimentoFormatado":"06/2004","acancelar":false},"empresa":{"cnpj":"75549436000133","razaoSocial":"LASA INDÚSTRIA FARMACÊUTICA LTDA.","numeroAutorizacao":"1010863","cnpjFormatado":"75.549.436/0001-33"},"processo":{"numero":"250000160179733","situacao":29,"numeroProcessoFormatado":"25000.016017/97-33"}},{"ordem":5,"produto":{"codigo":5823,"nome":"ALPHADOPA","numeroRegistro":"110860018","tipo":{"codigo":1,"descricao":null},"categoria":null,"situacaoRotulo":null,"dataVencimento":null,"mesAnoVencimento":"052008","dataVencimentoRegistro":"2008-05-01T00:00:00.000-0300","principioAtivo":null,"situacaoApresentacao":"Caduco/Cancelado","dataRegistro":"1998-05-29T00:00:00.000-0300","categoriaRegulatoria":{"codigo":8,"descricao":"Similar"},"medicamentoReferencia":null,"categoriaProduto":null,"tipoAutorizacao":"REGISTRADO","numeroRegistroFormatado":"110860018","mesAnoVencimentoFormatado":"05/2008","acancelar":false},"empresa":{"cnpj":"75549436000133","razaoSocial":"LASA INDÚSTRIA FARMACÊUTICA LTDA.","numeroAutorizacao":"1010863","cnpjFormatado":"75.549.436/0001-33"},"processo":{"numero":"250000056719611","situacao":29,"numeroProcessoFormatado":"25000.005671/96-11"}},{"ordem":6,"produto":{"codigo":835,"nome":"AMFLOX","numeroRegistro":"110860013","tipo":{"codigo":1,"descricao":null},"categoria":null,"situacaoRotulo":null,"dataVencimento":null,"mesAnoVencimento":"032007","dataVencimentoRegistro":"2007-03-01T00:00:00.000-0300","principioAtivo":null,"situacaoApresentacao":"Caduco/Cancelado","dataRegistro":"1997-03-17T00:00:00.000-0300","categoriaRegulatoria":{"codigo":8,"descricao":"Similar"},"medicamentoReferencia":null,"categoriaProduto":null,"tipoAutorizacao":"REGISTRADO","numeroRegistroFormatado":"110860013","mesAnoVencimentoFormatado":"03/2007","acancelar":false},"empresa":{"cnpj":"75549436000133","razaoSocial":"LASA INDÚSTRIA FARMACÊUTICA LTDA.","numeroAutorizacao":"1010863","cnpjFormatado":"75.549.436/0001-33"},"processo":{"numero":"250000181579269","situacao":29,"numeroProcessoFormatado":"25000.018157/92-69"}},{"ordem":7,"produto":{"codigo":2339,"nome":"AMIRONA","numeroRegistro":"110860037","tipo":{"codigo":1,"descricao":null},"categoria":null,"situacaoRotulo":null,"dataVencimento":null,"mesAnoVencimento":"032010","dataVencimentoRegistro":"2010-03-01T00:00:00.000-0300","principioAtivo":null,"situacaoApresentacao":"Caduco/Cancelado","dataRegistro":"2000-03-23T00:00:00.000-0300","categoriaRegulatoria":{"codigo":8,"descricao":"Similar"},"medicamentoReferencia":null,"categoriaProduto":null,"tipoAutorizacao":"REGISTRADO","numeroRegistroFormatado":"110860037","mesAnoVencimentoFormatado":"03/2010","acancelar":false},"empresa":{"cnpj":"75549436000133","razaoSocial":"LASA INDÚSTRIA FARMACÊUTICA LTDA.","numeroAutorizacao":"1010863","cnpjFormatado":"75.549.436/0001-33"},"processo":{"numero":"250000154259976","situacao":29,"numeroProcessoFormatado":"25000.015425/99-76"}},{"ordem":8,"produto":{"codigo":3657,"nome":"ANFEBRIL","numeroRegistro":"110860026","tipo":{"codigo":1,"descricao":null},"categoria":null,"situacaoRotulo":null,"dataVencimento":null,"mesAnoVencimento":"052009","dataVencimentoRegistro":"2009-05-01T00:00:00.000-0300","principioAtivo":null,"situacaoApresentacao":"Caduco/Cancelado","dataRegistro":"1999-05-24T00:00:00.000-0300","categoriaRegulatoria":{"codigo":8,"descricao":"Similar"},"medicamentoReferencia":null,"categoriaProduto":null,"tipoAutorizacao":"REGISTRADO","numeroRegistroFormatado":"110860026","mesAnoVencimentoFormatado":"05/2009","acancelar":false},"empresa":{"cnpj":"75549436000133","razaoSocial":"LASA INDÚSTRIA FARMACÊUTICA LTDA.","numeroAutorizacao":"1010863","cnpjFormatado":"75.549.436/0001-33"},"processo":{"numero":"250000176669247","situacao":29,"numeroProcessoFormatado":"25000.017666/92-47"}},{"ordem":9,"produto":{"codigo":7296,"nome":"BELTHONICO","numeroRegistro":"110860051","tipo":{"codigo":1,"descricao":null},"categoria":null,"situacaoRotulo":null,"dataVencimento":null,"mesAnoVencimento":"092011","dataVencimentoRegistro":"2011-09-01T00:00:00.000-0300","principioAtivo":null,"situacaoApresentacao":"Caduco/Cancelado","dataRegistro":"2001-09-14T00:00:00.000-0300","categoriaRegulatoria":{"codigo":8,"descricao":"Similar"},"medicamentoReferencia":null,"categoriaProduto":null,"tipoAutorizacao":"REGISTRADO","numeroRegistroFormatado":"110860051","mesAnoVencimentoFormatado":"09/2011","acancelar":false},"empresa":{"cnpj":"75549436000133","razaoSocial":"LASA INDÚSTRIA FARMACÊUTICA LTDA.","numeroAutorizacao":"1010863","cnpjFormatado":"75.549.436/0001-33"},"processo":{"numero":"250000144069813","situacao":29,"numeroProcessoFormatado":"25000.014406/98-13"}},{"ordem":10,"produto":{"codigo":1094,"nome":"BENZOATO DE BENZILA","numeroRegistro":"110860038","tipo":{"codigo":1,"descricao":null},"categoria":null,"situacaoRotulo":null,"dataVencimento":null,"mesAnoVencimento":"052005","dataVencimentoRegistro":"2005-05-01T00:00:00.000-0300","principioAtivo":null,"situacaoApresentacao":"Caduco/Cancelado","dataRegistro":"2000-05-19T00:00:00.000-0300","categoriaRegulatoria":{"codigo":8,"descricao":"Similar"},"medicamentoReferencia":null,"categoriaProduto":null,"tipoAutorizacao":"REGISTRADO","numeroRegistroFormatado":"110860038","mesAnoVencimentoFormatado":"05/2005","acancelar":false},"empresa":{"cnpj":"75549436000133","razaoSocial":"LASA INDÚSTRIA FARMACÊUTICA LTDA.","numeroAutorizacao":"1010863","cnpjFormatado":"75.549.436/0001-33"},"processo":{"numero":"250000027239780","situacao":29,"numeroProcessoFormatado":"25000.002723/97-80"}},{"ordem":11,"produto":{"codigo":753,"nome":"BIAMOX","numeroRegistro":"110860027","tipo":{"codigo":1,"descricao":null},"categoria":null,"situacaoRotulo":null,"dataVencimento":null,"mesAnoVencimento":"052004","dataVencimentoRegistro":"2004-05-01T00:00:00.000-0300","principioAtivo":null,"situacaoApresentacao":"Caduco/Cancelado","dataRegistro":"1999-05-24T00:00:00.000-0300","categoriaRegulatoria":{"codigo":8,"descricao":"Similar"},"medicamentoReferencia":null,"categoriaProduto":null,"tipoAutorizacao":"REGISTRADO","numeroRegistroFormatado":"110860027","mesAnoVencimentoFormatado":"05/2004","acancelar":false},"empresa":{"cnpj":"75549436000133","razaoSocial":"LASA INDÚSTRIA FARMACÊUTICA LTDA.","numeroAutorizacao":"1010863","cnpjFormatado":"75.549.436/0001-33"},"processo":{"numero":"250000027799511","situacao":29,"numeroProcessoFormatado":"25000.002779/95-11"}},{"ordem":12,"produto":{"codigo":6213,"nome":"CANDIFLOX","numeroRegistro":"110860043","tipo":{"codigo":1,"descricao":null},"categoria":null,"situacaoRotulo":null,"dataVencimento":null,"mesAnoVencimento":"112005","dataVencimentoRegistro":"2005-11-01T00:00:00.000-0300","principioAtivo":null,"situacaoApresentacao":"Caduco/Cancelado","dataRegistro":"2000-11-20T00:00:00.000-0300","categoriaRegulatoria":{"codigo":8,"descricao":"Similar"},"medicamentoReferencia":null,"categoriaProduto":null,"tipoAutorizacao":"REGISTRADO","numeroRegistroFormatado":"110860043","mesAnoVencimentoFormatado":"11/2005","acancelar":false},"empresa":{"cnpj":"75549436000133","razaoSocial":"LASA INDÚSTRIA FARMACÊUTICA LTDA.","numeroAutorizacao":"1010863","cnpjFormatado":"75.549.436/0001-33"},"processo":{"numero":"250000305569677","situacao":29,"numeroProcessoFormatado":"25000.030556/96-77"}},{"ordem":13,"produto":{"codigo":1419,"nome":"CARB BISMUTO+CARB MAGNESIO+CARB CALCIO+BICARBONATO SODIO","numeroRegistro":"110860032","tipo":{"codigo":1,"descricao":null},"categoria":null,"situacaoRotulo":null,"dataVencimento":null,"mesAnoVencimento":"012005","dataVencimentoRegistro":"2005-01-01T00:00:00.000-0300","principioAtivo":null,"situacaoApresentacao":"Caduco/Cancelado","dataRegistro":"2000-01-13T00:00:00.000-0200","categoriaRegulatoria":{"codigo":8,"descricao":"Similar"},"medicamentoReferencia":null,"categoriaProduto":null,"tipoAutorizacao":"REGISTRADO","numeroRegistroFormatado":"110860032","mesAnoVencimentoFormatado":"01/2005","acancelar":false},"empresa":{"cnpj":"75549436000133","razaoSocial":"LASA INDÚSTRIA FARMACÊUTICA LTDA.","numeroAutorizacao":"1010863","cnpjFormatado":"75.549.436/0001-33"},"processo":{"numero":"2500003540898","situacao":29,"numeroProcessoFormatado":"25000.035408/98"}},{"ordem":14,"produto":{"codigo":1517,"nome":"CARVÃO VEGETAL ATIVADO","numeroRegistro":"110860024","tipo":{"codigo":1,"descricao":null},"categoria":null,"situacaoRotulo":null,"dataVencimento":null,"mesAnoVencimento":"032006","dataVencimentoRegistro":"2006-03-01T00:00:00.000-0300","principioAtivo":null,"situacaoApresentacao":"Caduco/Cancelado","dataRegistro":"2001-03-21T00:00:00.000-0300","categoriaRegulatoria":{"codigo":8,"descricao":"Similar"},"medicamentoReferencia":null,"categoriaProduto":null,"tipoAutorizacao":"REGISTRADO","numeroRegistroFormatado":"110860024","mesAnoVencimentoFormatado":"03/2006","acancelar":false},"empresa":{"cnpj":"75549436000133","razaoSocial":"LASA INDÚSTRIA FARMACÊUTICA LTDA.","numeroAutorizacao":"1010863","cnpjFormatado":"75.549.436/0001-33"},"processo":{"numero":"253510156270080","situacao":29,"numeroProcessoFormatado":"25351.015627/00-80"}},{"ordem":15,"produto":{"codigo":125066,"nome":"CEFALOX","numeroRegistro":"110860053","tipo":{"codigo":1,"descricao":null},"categoria":null,"situacaoRotulo":null,"dataVencimento":null,"mesAnoVencimento":"062007","dataVencimentoRegistro":"2007-06-01T00:00:00.000-0300","principioAtivo":null,"situacaoApresentacao":"Caduco/Cancelado","dataRegistro":"2002-06-17T00:00:00.000-0300","categoriaRegulatoria":{"codigo":8,"descricao":"Similar"},"medicamentoReferencia":null,"categoriaProduto":null,"tipoAutorizacao":"REGISTRADO","numeroRegistroFormatado":"110860053","mesAnoVencimentoFormatado":"06/2007","acancelar":false},"empresa":{"cnpj":"75549436000133","razaoSocial":"LASA INDÚSTRIA FARMACÊUTICA LTDA.","numeroAutorizacao":"1010863","cnpjFormatado":"75.549.436/0001-33"},"processo":{"numero":"250000021759625","situacao":29,"numeroProcessoFormatado":"25000.002175/96-25"}},{"ordem":16,"produto":{"codigo":1787,"nome":"CETOCONAZOL","numeroRegistro":"110860011","tipo":{"codigo":1,"descricao":null},"categoria":null,"situacaoRotulo":null,"dataVencimento":null,"mesAnoVencimento":"032002","dataVencimentoRegistro":"2002-03-01T00:00:00.000-0300","principioAtivo":null,"situacaoApresentacao":"Caduco/Cancelado","dataRegistro":"1997-03-17T00:00:00.000-0300","categoriaRegulatoria":{"codigo":8,"descricao":"Similar"},"medicamentoReferencia":null,"categoriaProduto":null,"tipoAutorizacao":"REGISTRADO","numeroRegistroFormatado":"110860011","mesAnoVencimentoFormatado":"03/2002","acancelar":false},"empresa":{"cnpj":"75549436000133","razaoSocial":"LASA INDÚSTRIA FARMACÊUTICA LTDA.","numeroAutorizacao":"1010863","cnpjFormatado":"75.549.436/0001-33"},"processo":{"numero":"250000293049687","situacao":29,"numeroProcessoFormatado":"25000.029304/96-87"}},{"ordem":17,"produto":{"codigo":2426,"nome":"CIPROLASA","numeroRegistro":"110860048","tipo":{"codigo":1,"descricao":null},"categoria":null,"situacaoRotulo":null,"dataVencimento":null,"mesAnoVencimento":"092006","dataVencimentoRegistro":"2006-09-01T00:00:00.000-0300","principioAtivo":null,"situacaoApresentacao":"Caduco/Cancelado","dataRegistro":"2001-09-12T00:00:00.000-0300","categoriaRegulatoria":{"codigo":8,"descricao":"Similar"},"medicamentoReferencia":null,"categoriaProduto":null,"tipoAutorizacao":"REGISTRADO","numeroRegistroFormatado":"110860048","mesAnoVencimentoFormatado":"09/2006","acancelar":false},"empresa":{"cnpj":"75549436000133","razaoSocial":"LASA INDÚSTRIA FARMACÊUTICA LTDA.","numeroAutorizacao":"1010863","cnpjFormatado":"75.549.436/0001-33"},"processo":{"numero":"250000343609605","situacao":29,"numeroProcessoFormatado":"25000.034360/96-05"}},{"ordem":18,"produto":{"codigo":3097,"nome":"COMPLEXO B","numeroRegistro":"110860036","tipo":{"codigo":1,"descricao":null},"categoria":null,"situacaoRotulo":null,"dataVencimento":null,"mesAnoVencimento":"032005","dataVencimentoRegistro":"2005-03-01T00:00:00.000-0300","principioAtivo":null,"situacaoApresentacao":"Caduco/Cancelado","dataRegistro":"2000-03-23T00:00:00.000-0300","categoriaRegulatoria":{"codigo":8,"descricao":"Similar"},"medicamentoReferencia":null,"categoriaProduto":null,"tipoAutorizacao":"REGISTRADO","numeroRegistroFormatado":"110860036","mesAnoVencimentoFormatado":"03/2005","acancelar":false},"empresa":{"cnpj":"75549436000133","razaoSocial":"LASA INDÚSTRIA FARMACÊUTICA LTDA.","numeroAutorizacao":"1010863","cnpjFormatado":"75.549.436/0001-33"},"processo":{"numero":"250000262159642","situacao":29,"numeroProcessoFormatado":"25000.026215/96-42"}},{"ordem":19,"produto":{"codigo":3528,"nome":"DIGOPRESS","numeroRegistro":"110860014","tipo":{"codigo":1,"descricao":null},"categoria":null,"situacaoRotulo":null,"dataVencimento":null,"mesAnoVencimento":"062007","dataVencimentoRegistro":"2007-06-01T00:00:00.000-0300","principioAtivo":null,"situacaoApresentacao":"Caduco/Cancelado","dataRegistro":"2001-06-21T00:00:00.000-0300","categoriaRegulatoria":{"codigo":8,"descricao":"Similar"},"medicamentoReferencia":null,"categoriaProduto":null,"tipoAutorizacao":"REGISTRADO","numeroRegistroFormatado":"110860014","mesAnoVencimentoFormatado":"06/2007","acancelar":false},"empresa":{"cnpj":"75549436000133","razaoSocial":"LASA INDÚSTRIA FARMACÊUTICA LTDA.","numeroAutorizacao":"1010863","cnpjFormatado":"75.549.436/0001-33"},"processo":{"numero":"250000073389675","situacao":29,"numeroProcessoFormatado":"25000.007338/96-75"}},{"ordem":20,"produto":{"codigo":3768,"nome":"DOXICICLINA","numeroRegistro":"110860047","tipo":{"codigo":1,"descricao":null},"categoria":null,"situacaoRotulo":null,"dataVencimento":null,"mesAnoVencimento":"042006","dataVencimentoRegistro":"2006-04-01T00:00:00.000-0300","principioAtivo":null,"situacaoApresentacao":"Caduco/Cancelado","dataRegistro":"2001-04-06T00:00:00.000-0300","categoriaRegulatoria":{"codigo":8,"descricao":"Similar"},"medicamentoReferencia":null,"categoriaProduto":null,"tipoAutorizacao":"REGISTRADO","numeroRegistroFormatado":"110860047","mesAnoVencimentoFormatado":"04/2006","acancelar":false},"empresa":{"cnpj":"75549436000133","razaoSocial":"LASA INDÚSTRIA FARMACÊUTICA LTDA.","numeroAutorizacao":"1010863","cnpjFormatado":"75.549.436/0001-33"},"processo":{"numero":"250000154229988","situacao":29,"numeroProcessoFormatado":"25000.015422/99-88"}},{"ordem":21,"produto":{"codigo":5542,"nome":"ENALAPRESS","numeroRegistro":"110860040","tipo":{"codigo":1,"descricao":null},"categoria":null,"situacaoRotulo":null,"dataVencimento":null,"mesAnoVencimento":"052010","dataVencimentoRegistro":"2010-05-01T00:00:00.000-0300","principioAtivo":null,"situacaoApresentacao":"Caduco/Cancelado","dataRegistro":"2000-05-19T00:00:00.000-0300","categoriaRegulatoria":{"codigo":8,"descricao":"Similar"},"medicamentoReferencia":null,"categoriaProduto":null,"tipoAutorizacao":"REGISTRADO","numeroRegistroFormatado":"110860040","mesAnoVencimentoFormatado":"05/2010","acancelar":false},"empresa":{"cnpj":"75549436000133","razaoSocial":"LASA INDÚSTRIA FARMACÊUTICA LTDA.","numeroAutorizacao":"1010863","cnpjFormatado":"75.549.436/0001-33"},"processo":{"numero":"2502400707896","situacao":29,"numeroProcessoFormatado":"25024.007078/96"}},{"ordem":22,"produto":{"codigo":4059,"nome":"EXTRATO SECO DE HYPERICUM PERFORATUM","numeroRegistro":"110860046","tipo":{"codigo":1,"descricao":null},"categoria":null,"situacaoRotulo":null,"dataVencimento":null,"mesAnoVencimento":"032006","dataVencimentoRegistro":"2006-03-01T00:00:00.000-0300","principioAtivo":null,"situacaoApresentacao":"Caduco/Cancelado","dataRegistro":"2001-03-26T00:00:00.000-0300","categoriaRegulatoria":{"codigo":4,"descricao":"Fitoterápico"},"medicamentoReferencia":null,"categoriaProduto":null,"tipoAutorizacao":"REGISTRADO","numeroRegistroFormatado":"110860046","mesAnoVencimentoFormatado":"03/2006","acancelar":false},"empresa":{"cnpj":"75549436000133","razaoSocial":"LASA INDÚSTRIA FARMACÊUTICA LTDA.","numeroAutorizacao":"1010863","cnpjFormatado":"75.549.436/0001-33"},"processo":{"numero":"250000118639811","situacao":29,"numeroProcessoFormatado":"25000.011863/98-11"}},{"ordem":23,"produto":{"codigo":4246,"nome":"FLUCONAZOL","numeroRegistro":"110860012","tipo":{"codigo":1,"descricao":null},"categoria":null,"situacaoRotulo":null,"dataVencimento":null,"mesAnoVencimento":"032002","dataVencimentoRegistro":"2002-03-01T00:00:00.000-0300","principioAtivo":null,"situacaoApresentacao":"Caduco/Cancelado","dataRegistro":"1997-03-17T00:00:00.000-0300","categoriaRegulatoria":{"codigo":8,"descricao":"Similar"},"medicamentoReferencia":null,"categoriaProduto":null,"tipoAutorizacao":"REGISTRADO","numeroRegistroFormatado":"110860012","mesAnoVencimentoFormatado":"03/2002","acancelar":false},"empresa":{"cnpj":"75549436000133","razaoSocial":"LASA INDÚSTRIA FARMACÊUTICA LTDA.","numeroAutorizacao":"1010863","cnpjFormatado":"75.549.436/0001-33"},"processo":{"numero":"250000228069687","situacao":29,"numeroProcessoFormatado":"25000.022806/96-87"}},{"ordem":24,"produto":{"codigo":6713,"nome":"GRIPELASA","numeroRegistro":"110860028","tipo":{"codigo":1,"descricao":null},"categoria":null,"situacaoRotulo":null,"dataVencimento":null,"mesAnoVencimento":"052009","dataVencimentoRegistro":"2009-05-01T00:00:00.000-0300","principioAtivo":null,"situacaoApresentacao":"Caduco/Cancelado","dataRegistro":"1999-06-04T00:00:00.000-0300","categoriaRegulatoria":{"codigo":8,"descricao":"Similar"},"medicamentoReferencia":null,"categoriaProduto":null,"tipoAutorizacao":"REGISTRADO","numeroRegistroFormatado":"110860028","mesAnoVencimentoFormatado":"05/2009","acancelar":false},"empresa":{"cnpj":"75549436000133","razaoSocial":"LASA INDÚSTRIA FARMACÊUTICA LTDA.","numeroAutorizacao":"1010863","cnpjFormatado":"75.549.436/0001-33"},"processo":{"numero":"250000134429591","situacao":29,"numeroProcessoFormatado":"25000.013442/95-91"}},{"ordem":25,"produto":{"codigo":6724,"nome":"GRIPELASA","numeroRegistro":"110860010","tipo":{"codigo":1,"descricao":null},"categoria":null,"situacaoRotulo":null,"dataVencimento":null,"mesAnoVencimento":"032012","dataVencimentoRegistro":"2012-03-01T00:00:00.000-0300","principioAtivo":null,"situacaoApresentacao":"Caduco/Cancelado","dataRegistro":"1997-03-11T00:00:00.000-0300","categoriaRegulatoria":{"codigo":8,"descricao":"Similar"},"medicamentoReferencia":null,"categoriaProduto":null,"tipoAutorizacao":"REGISTRADO","numeroRegistroFormatado":"110860010","mesAnoVencimentoFormatado":"03/2012","acancelar":false},"empresa":{"cnpj":"75549436000133","razaoSocial":"LASA INDÚSTRIA FARMACÊUTICA LTDA.","numeroAutorizacao":"1010863","cnpjFormatado":"75.549.436/0001-33"},"processo":{"numero":"250000244149606","situacao":29,"numeroProcessoFormatado":"25000.024414/96-06"}},{"ordem":26,"produto":{"codigo":5035,"nome":"LASA","numeroRegistro":"110860030","tipo":{"codigo":1,"descricao":null},"categoria":null,"situacaoRotulo":null,"dataVencimento":null,"mesAnoVencimento":"062009","dataVencimentoRegistro":"2009-06-01T00:00:00.000-0300","principioAtivo":null,"situacaoApresentacao":"Caduco/Cancelado","dataRegistro":"1999-06-24T00:00:00.000-0300","categoriaRegulatoria":{"codigo":8,"descricao":"Similar"},"medicamentoReferencia":null,"categoriaProduto":null,"tipoAutorizacao":"REGISTRADO","numeroRegistroFormatado":"110860030","mesAnoVencimentoFormatado":"06/2009","acancelar":false},"empresa":{"cnpj":"75549436000133","razaoSocial":"LASA INDÚSTRIA FARMACÊUTICA LTDA.","numeroAutorizacao":"1010863","cnpjFormatado":"75.549.436/0001-33"},"processo":{"numero":"250000176769209","situacao":29,"numeroProcessoFormatado":"25000.017676/92-09"}},{"ordem":27,"produto":{"codigo":3260,"nome":"LASA - DEXAMETASONA","numeroRegistro":"110860039","tipo":{"codigo":1,"descricao":null},"categoria":null,"situacaoRotulo":null,"dataVencimento":null,"mesAnoVencimento":"052005","dataVencimentoRegistro":"2005-05-01T00:00:00.000-0300","principioAtivo":null,"situacaoApresentacao":"Caduco/Cancelado","dataRegistro":"2000-05-19T00:00:00.000-0300","categoriaRegulatoria":{"codigo":8,"descricao":"Similar"},"medicamentoReferencia":null,"categoriaProduto":null,"tipoAutorizacao":"REGISTRADO","numeroRegistroFormatado":"110860039","mesAnoVencimentoFormatado":"05/2005","acancelar":false},"empresa":{"cnpj":"75549436000133","razaoSocial":"LASA INDÚSTRIA FARMACÊUTICA LTDA.","numeroAutorizacao":"1010863","cnpjFormatado":"75.549.436/0001-33"},"processo":{"numero":"250000154299927","situacao":29,"numeroProcessoFormatado":"25000.015429/99-27"}},{"ordem":28,"produto":{"codigo":6451,"nome":"LASA GASTROPAX","numeroRegistro":"110860050","tipo":{"codigo":1,"descricao":null},"categoria":null,"situacaoRotulo":null,"dataVencimento":null,"mesAnoVencimento":"092011","dataVencimentoRegistro":"2011-09-01T00:00:00.000-0300","principioAtivo":null,"situacaoApresentacao":"Caduco/Cancelado","dataRegistro":"2001-09-14T00:00:00.000-0300","categoriaRegulatoria":{"codigo":8,"descricao":"Similar"},"medicamentoReferencia":null,"categoriaProduto":null,"tipoAutorizacao":"REGISTRADO","numeroRegistroFormatado":"110860050","mesAnoVencimentoFormatado":"09/2011","acancelar":false},"empresa":{"cnpj":"75549436000133","razaoSocial":"LASA INDÚSTRIA FARMACÊUTICA LTDA.","numeroAutorizacao":"1010863","cnpjFormatado":"75.549.436/0001-33"},"processo":{"numero":"2502400636596","situacao":29,"numeroProcessoFormatado":"25024.006365/96"}},{"ordem":29,"produto":{"codigo":1896,"nome":"LASADINE","numeroRegistro":"110860015","tipo":{"codigo":1,"descricao":null},"categoria":null,"situacaoRotulo":null,"dataVencimento":null,"mesAnoVencimento":"072002","dataVencimentoRegistro":"2002-07-01T00:00:00.000-0300","principioAtivo":null,"situacaoApresentacao":"Caduco/Cancelado","dataRegistro":"1997-07-17T00:00:00.000-0300","categoriaRegulatoria":{"codigo":8,"descricao":"Similar"},"medicamentoReferencia":null,"categoriaProduto":null,"tipoAutorizacao":"REGISTRADO","numeroRegistroFormatado":"110860015","mesAnoVencimentoFormatado":"07/2002","acancelar":false},"empresa":{"cnpj":"75549436000133","razaoSocial":"LASA INDÚSTRIA FARMACÊUTICA LTDA.","numeroAutorizacao":"1010863","cnpjFormatado":"75.549.436/0001-33"},"processo":{"numero":"250000056689607","situacao":29,"numeroProcessoFormatado":"25000.005668/96-07"}},{"ordem":30,"produto":{"codigo":3377,"nome":"LASAFLAM","numeroRegistro":"110860020","tipo":{"codigo":1,"descricao":null},"categoria":null,"situacaoRotulo":null,"dataVencimento":null,"mesAnoVencimento":"032009","dataVencimentoRegistro":"2009-03-01T00:00:00.000-0300","principioAtivo":null,"situacaoApresentacao":"Caduco/Cancelado","dataRegistro":"1999-03-12T00:00:00.000-0300","categoriaRegulatoria":{"codigo":8,"descricao":"Similar"},"medicamentoReferencia":null,"categoriaProduto":null,"tipoAutorizacao":"REGISTRADO","numeroRegistroFormatado":"110860020","mesAnoVencimentoFormatado":"03/2009","acancelar":false},"empresa":{"cnpj":"75549436000133","razaoSocial":"LASA INDÚSTRIA FARMACÊUTICA LTDA.","numeroAutorizacao":"1010863","cnpjFormatado":"75.549.436/0001-33"},"processo":{"numero":"250000320089672","situacao":29,"numeroProcessoFormatado":"25000.032008/96-72"}},{"ordem":31,"produto":{"codigo":1297,"nome":"LASAMET","numeroRegistro":"110860041","tipo":{"codigo":1,"descricao":null},"categoria":null,"situacaoRotulo":null,"dataVencimento":null,"mesAnoVencimento":"052010","dataVencimentoRegistro":"2010-05-01T00:00:00.000-0300","principioAtivo":null,"situacaoApresentacao":"Caduco/Cancelado","dataRegistro":"2000-05-19T00:00:00.000-0300","categoriaRegulatoria":{"codigo":8,"descricao":"Similar"},"medicamentoReferencia":null,"categoriaProduto":null,"tipoAutorizacao":"REGISTRADO","numeroRegistroFormatado":"110860041","mesAnoVencimentoFormatado":"05/2010","acancelar":false},"empresa":{"cnpj":"75549436000133","razaoSocial":"LASA INDÚSTRIA FARMACÊUTICA LTDA.","numeroAutorizacao":"1010863","cnpjFormatado":"75.549.436/0001-33"},"processo":{"numero":"250000154249911","situacao":29,"numeroProcessoFormatado":"25000.015424/99-11"}},{"ordem":32,"produto":{"codigo":5501,"nome":"LASAMINE","numeroRegistro":"110860033","tipo":{"codigo":1,"descricao":null},"categoria":null,"situacaoRotulo":null,"dataVencimento":"2010-02-21T00:00:00.000-0300","mesAnoVencimento":"022010","dataVencimentoRegistro":"2010-02-01T00:00:00.000-0300","principioAtivo":null,"situacaoApresentacao":"Caduco/Cancelado","dataRegistro":"2000-02-03T00:00:00.000-0200","categoriaRegulatoria":{"codigo":8,"descricao":"Similar"},"medicamentoReferencia":null,"categoriaProduto":null,"tipoAutorizacao":"REGISTRADO","numeroRegistroFormatado":"110860033","mesAnoVencimentoFormatado":"02/2010","acancelar":false},"empresa":{"cnpj":"75549436000133","razaoSocial":"LASA INDÚSTRIA FARMACÊUTICA LTDA.","numeroAutorizacao":"1010863","cnpjFormatado":"75.549.436/0001-33"},"processo":{"numero":"250000154279900","situacao":29,"numeroProcessoFormatado":"25000.015427/99-00"}},{"ordem":33,"produto":{"codigo":3420,"nome":"LASAREN","numeroRegistro":"110860019","tipo":{"codigo":1,"descricao":null},"categoria":null,"situacaoRotulo":null,"dataVencimento":null,"mesAnoVencimento":"032014","dataVencimentoRegistro":"2014-03-01T00:00:00.000-0300","principioAtivo":null,"situacaoApresentacao":"Caduco/Cancelado","dataRegistro":"1999-03-12T00:00:00.000-0300","categoriaRegulatoria":{"codigo":8,"descricao":"Similar"},"medicamentoReferencia":null,"categoriaProduto":null,"tipoAutorizacao":"REGISTRADO","numeroRegistroFormatado":"110860019","mesAnoVencimentoFormatado":"03/2014","acancelar":false},"empresa":{"cnpj":"75549436000133","razaoSocial":"LASA INDÚSTRIA FARMACÊUTICA LTDA.","numeroAutorizacao":"1010863","cnpjFormatado":"75.549.436/0001-33"},"processo":{"numero":"250000064749567","situacao":29,"numeroProcessoFormatado":"25000.006474/95-67"}},{"ordem":34,"produto":{"codigo":2328,"nome":"LASATIC","numeroRegistro":"110860034","tipo":{"codigo":1,"descricao":null},"categoria":null,"situacaoRotulo":null,"dataVencimento":null,"mesAnoVencimento":"022005","dataVencimentoRegistro":"2005-02-01T00:00:00.000-0300","principioAtivo":null,"situacaoApresentacao":"Caduco/Cancelado","dataRegistro":"2000-02-03T00:00:00.000-0200","categoriaRegulatoria":{"codigo":8,"descricao":"Similar"},"medicamentoReferencia":null,"categoriaProduto":null,"tipoAutorizacao":"REGISTRADO","numeroRegistroFormatado":"110860034","mesAnoVencimentoFormatado":"02/2005","acancelar":false},"empresa":{"cnpj":"75549436000133","razaoSocial":"LASA INDÚSTRIA FARMACÊUTICA LTDA.","numeroAutorizacao":"1010863","cnpjFormatado":"75.549.436/0001-33"},"processo":{"numero":"250000154289964","situacao":29,"numeroProcessoFormatado":"25000.015428/99-64"}},{"ordem":35,"produto":{"codigo":2913,"nome":"LASATREX","numeroRegistro":"110860022","tipo":{"codigo":1,"descricao":null},"categoria":null,"situacaoRotulo":null,"dataVencimento":null,"mesAnoVencimento":"042009","dataVencimentoRegistro":"2009-04-01T00:00:00.000-0300","principioAtivo":null,"situacaoApresentacao":"Caduco/Cancelado","dataRegistro":"1999-04-22T00:00:00.000-0300","categoriaRegulatoria":{"codigo":8,"descricao":"Similar"},"medicamentoReferencia":null,"categoriaProduto":null,"tipoAutorizacao":"REGISTRADO","numeroRegistroFormatado":"110860022","mesAnoVencimentoFormatado":"04/2009","acancelar":false},"empresa":{"cnpj":"75549436000133","razaoSocial":"LASA INDÚSTRIA FARMACÊUTICA LTDA.","numeroAutorizacao":"1010863","cnpjFormatado":"75.549.436/0001-33"},"processo":{"numero":"250000027749559","situacao":29,"numeroProcessoFormatado":"25000.002774/95-59"}},{"ordem":36,"produto":{"codigo":7568,"nome":"LASATRIM","numeroRegistro":"110860016","tipo":{"codigo":1,"descricao":null},"categoria":null,"situacaoRotulo":null,"dataVencimento":null,"mesAnoVencimento":"082007","dataVencimentoRegistro":"2007-08-01T00:00:00.000-0300","principioAtivo":null,"situacaoApresentacao":"Caduco/Cancelado","dataRegistro":"1997-08-22T00:00:00.000-0300","categoriaRegulatoria":{"codigo":8,"descricao":"Similar"},"medicamentoReferencia":null,"categoriaProduto":null,"tipoAutorizacao":"REGISTRADO","numeroRegistroFormatado":"110860016","mesAnoVencimentoFormatado":"08/2007","acancelar":false},"empresa":{"cnpj":"75549436000133","razaoSocial":"LASA INDÚSTRIA FARMACÊUTICA LTDA.","numeroAutorizacao":"1010863","cnpjFormatado":"75.549.436/0001-33"},"processo":{"numero":"250000218589483","situacao":29,"numeroProcessoFormatado":"25000.021858/94-83"}},{"ordem":37,"produto":{"codigo":5270,"nome":"LASOL","numeroRegistro":"110860009","tipo":{"codigo":1,"descricao":null},"categoria":null,"situacaoRotulo":null,"dataVencimento":null,"mesAnoVencimento":"032002","dataVencimentoRegistro":"2002-03-01T00:00:00.000-0300","principioAtivo":null,"situacaoApresentacao":"Caduco/Cancelado","dataRegistro":"1997-03-11T00:00:00.000-0300","categoriaRegulatoria":{"codigo":8,"descricao":"Similar"},"medicamentoReferencia":null,"categoriaProduto":null,"tipoAutorizacao":"REGISTRADO","numeroRegistroFormatado":"110860009","mesAnoVencimentoFormatado":"03/2002","acancelar":false},"empresa":{"cnpj":"75549436000133","razaoSocial":"LASA INDÚSTRIA FARMACÊUTICA LTDA.","numeroAutorizacao":"1010863","cnpjFormatado":"75.549.436/0001-33"},"processo":{"numero":"250000328809666","situacao":29,"numeroProcessoFormatado":"25000.032880/96-66"}},{"ordem":38,"produto":{"codigo":5856,"nome":"METOCLOPRAMIDA","numeroRegistro":"110860001","tipo":{"codigo":1,"descricao":null},"categoria":null,"situacaoRotulo":null,"dataVencimento":null,"mesAnoVencimento":"122001","dataVencimentoRegistro":"2001-12-01T00:00:00.000-0200","principioAtivo":null,"situacaoApresentacao":"Caduco/Cancelado","dataRegistro":"1996-12-18T00:00:00.000-0300","categoriaRegulatoria":{"codigo":8,"descricao":"Similar"},"medicamentoReferencia":null,"categoriaProduto":null,"tipoAutorizacao":"REGISTRADO","numeroRegistroFormatado":"110860001","mesAnoVencimentoFormatado":"12/2001","acancelar":false},"empresa":{"cnpj":"75549436000133","razaoSocial":"LASA INDÚSTRIA FARMACÊUTICA LTDA.","numeroAutorizacao":"1010863","cnpjFormatado":"75.549.436/0001-33"},"processo":{"numero":"250000073399638","situacao":29,"numeroProcessoFormatado":"25000.007339/96-38"}},{"ordem":39,"produto":{"codigo":275548,"nome":"MINUPRESS","numeroRegistro":"110860054","tipo":{"codigo":1,"descricao":null},"categoria":null,"situacaoRotulo":null,"dataVencimento":null,"mesAnoVencimento":"062009","dataVencimentoRegistro":"2009-06-01T00:00:00.000-0300","principioAtivo":null,"situacaoApresentacao":"Caduco/Cancelado","dataRegistro":"2004-06-25T00:00:00.000-0300","categoriaRegulatoria":{"codigo":8,"descricao":"Similar"},"medicamentoReferencia":null,"categoriaProduto":null,"tipoAutorizacao":"REGISTRADO","numeroRegistroFormatado":"110860054","mesAnoVencimentoFormatado":"06/2009","acancelar":false},"empresa":{"cnpj":"75549436000133","razaoSocial":"LASA INDÚSTRIA FARMACÊUTICA LTDA.","numeroAutorizacao":"1010863","cnpjFormatado":"75.549.436/0001-33"},"processo":{"numero":"2502400707196","situacao":29,"numeroProcessoFormatado":"25024.007071/96"}},{"ordem":40,"produto":{"codigo":4247,"nome":"MONOCAN","numeroRegistro":"110860021","tipo":{"codigo":1,"descricao":null},"categoria":null,"situacaoRotulo":null,"dataVencimento":null,"mesAnoVencimento":"042014","dataVencimentoRegistro":"2014-04-01T00:00:00.000-0300","principioAtivo":null,"situacaoApresentacao":"Caduco/Cancelado","dataRegistro":"1999-04-05T00:00:00.000-0300","categoriaRegulatoria":{"codigo":8,"descricao":"Similar"},"medicamentoReferencia":null,"categoriaProduto":null,"tipoAutorizacao":"REGISTRADO","numeroRegistroFormatado":"110860021","mesAnoVencimentoFormatado":"04/2014","acancelar":false},"empresa":{"cnpj":"75549436000133","razaoSocial":"LASA INDÚSTRIA FARMACÊUTICA LTDA.","numeroAutorizacao":"1010863","cnpjFormatado":"75.549.436/0001-33"},"processo":{"numero":"250000368579777","situacao":29,"numeroProcessoFormatado":"25000.036857/97-77"}},{"ordem":41,"produto":{"codigo":566,"nome":"MONOZEN","numeroRegistro":"110860004","tipo":{"codigo":1,"descricao":null},"categoria":null,"situacaoRotulo":null,"dataVencimento":null,"mesAnoVencimento":"022012","dataVencimentoRegistro":"2012-02-01T00:00:00.000-0300","principioAtivo":null,"situacaoApresentacao":"Caduco/Cancelado","dataRegistro":"1997-02-06T00:00:00.000-0300","categoriaRegulatoria":{"codigo":8,"descricao":"Similar"},"medicamentoReferencia":null,"categoriaProduto":null,"tipoAutorizacao":"REGISTRADO","numeroRegistroFormatado":"110860004","mesAnoVencimentoFormatado":"02/2012","acancelar":false},"empresa":{"cnpj":"75549436000133","razaoSocial":"LASA INDÚSTRIA FARMACÊUTICA LTDA.","numeroAutorizacao":"1010863","cnpjFormatado":"75.549.436/0001-33"},"processo":{"numero":"250000039379638","situacao":29,"numeroProcessoFormatado":"25000.003937/96-38"}},{"ordem":42,"produto":{"codigo":6009,"nome":"MUCATO DE ISOMETEPTENO + DIPIRONA SODICA + CAFEINA","numeroRegistro":"110860035","tipo":{"codigo":1,"descricao":null},"categoria":null,"situacaoRotulo":null,"dataVencimento":null,"mesAnoVencimento":"022005","dataVencimentoRegistro":"2005-02-01T00:00:00.000-0300","principioAtivo":null,"situacaoApresentacao":"Caduco/Cancelado","dataRegistro":"2000-03-02T00:00:00.000-0300","categoriaRegulatoria":{"codigo":8,"descricao":"Similar"},"medicamentoReferencia":null,"categoriaProduto":null,"tipoAutorizacao":"REGISTRADO","numeroRegistroFormatado":"110860035","mesAnoVencimentoFormatado":"02/2005","acancelar":false},"empresa":{"cnpj":"75549436000133","razaoSocial":"LASA INDÚSTRIA FARMACÊUTICA LTDA.","numeroAutorizacao":"1010863","cnpjFormatado":"75.549.436/0001-33"},"processo":{"numero":"2502400707396","situacao":29,"numeroProcessoFormatado":"25024.007073/96"}},{"ordem":43,"produto":{"codigo":5191,"nome":"MUCOLASA","numeroRegistro":"110860008","tipo":{"codigo":1,"descricao":null},"categoria":null,"situacaoRotulo":null,"dataVencimento":null,"mesAnoVencimento":"032012","dataVencimentoRegistro":"2012-03-01T00:00:00.000-0300","principioAtivo":null,"situacaoApresentacao":"Caduco/Cancelado","dataRegistro":"1997-03-11T00:00:00.000-0300","categoriaRegulatoria":{"codigo":8,"descricao":"Similar"},"medicamentoReferencia":null,"categoriaProduto":null,"tipoAutorizacao":"REGISTRADO","numeroRegistroFormatado":"110860008","mesAnoVencimentoFormatado":"03/2012","acancelar":false},"empresa":{"cnpj":"75549436000133","razaoSocial":"LASA INDÚSTRIA FARMACÊUTICA LTDA.","numeroAutorizacao":"1010863","cnpjFormatado":"75.549.436/0001-33"},"processo":{"numero":"250000320099635","situacao":29,"numeroProcessoFormatado":"25000.032009/96-35"}},{"ordem":44,"produto":{"codigo":2319,"nome":"MUCXOL","numeroRegistro":"110860042","tipo":{"codigo":1,"descricao":null},"categoria":null,"situacaoRotulo":null,"dataVencimento":null,"mesAnoVencimento":"052010","dataVencimentoRegistro":"2010-05-01T00:00:00.000-0300","principioAtivo":null,"situacaoApresentacao":"Caduco/Cancelado","dataRegistro":"2000-05-31T00:00:00.000-0300","categoriaRegulatoria":{"codigo":8,"descricao":"Similar"},"medicamentoReferencia":null,"categoriaProduto":null,"tipoAutorizacao":"REGISTRADO","numeroRegistroFormatado":"110860042","mesAnoVencimentoFormatado":"05/2010","acancelar":false},"empresa":{"cnpj":"75549436000133","razaoSocial":"LASA INDÚSTRIA FARMACÊUTICA LTDA.","numeroAutorizacao":"1010863","cnpjFormatado":"75.549.436/0001-33"},"processo":{"numero":"250000336789741","situacao":29,"numeroProcessoFormatado":"25000.033678/97-41"}},{"ordem":45,"produto":{"codigo":6661,"nome":"PARACETAMOL","numeroRegistro":"110860005","tipo":{"codigo":1,"descricao":null},"categoria":null,"situacaoRotulo":null,"dataVencimento":null,"mesAnoVencimento":"022002","dataVencimentoRegistro":"2002-02-01T00:00:00.000-0200","principioAtivo":null,"situacaoApresentacao":"Caduco/Cancelado","dataRegistro":"1997-02-06T00:00:00.000-0300","categoriaRegulatoria":{"codigo":8,"descricao":"Similar"},"medicamentoReferencia":null,"categoriaProduto":null,"tipoAutorizacao":"REGISTRADO","numeroRegistroFormatado":"110860005","mesAnoVencimentoFormatado":"02/2002","acancelar":false},"empresa":{"cnpj":"75549436000133","razaoSocial":"LASA INDÚSTRIA FARMACÊUTICA LTDA.","numeroAutorizacao":"1010863","cnpjFormatado":"75.549.436/0001-33"},"processo":{"numero":"250000262169613","situacao":29,"numeroProcessoFormatado":"25000.026216/96-13"}},{"ordem":46,"produto":{"codigo":6819,"nome":"PIOTRIX","numeroRegistro":"110860025","tipo":{"codigo":1,"descricao":null},"categoria":null,"situacaoRotulo":null,"dataVencimento":null,"mesAnoVencimento":"052004","dataVencimentoRegistro":"2004-05-01T00:00:00.000-0300","principioAtivo":null,"situacaoApresentacao":"Caduco/Cancelado","dataRegistro":"1999-06-04T00:00:00.000-0300","categoriaRegulatoria":{"codigo":8,"descricao":"Similar"},"medicamentoReferencia":null,"categoriaProduto":null,"tipoAutorizacao":"REGISTRADO","numeroRegistroFormatado":"110860025","mesAnoVencimentoFormatado":"05/2004","acancelar":false},"empresa":{"cnpj":"75549436000133","razaoSocial":"LASA INDÚSTRIA FARMACÊUTICA LTDA.","numeroAutorizacao":"1010863","cnpjFormatado":"75.549.436/0001-33"},"processo":{"numero":"250000185799441","situacao":29,"numeroProcessoFormatado":"25000.018579/94-41"}},{"ordem":47,"produto":{"codigo":7015,"nome":"POLIVITAMINICO E MINERAIS","numeroRegistro":"110860045","tipo":{"codigo":1,"descricao":null},"categoria":null,"situacaoRotulo":null,"dataVencimento":null,"mesAnoVencimento":"122005","dataVencimentoRegistro":"2005-12-01T00:00:00.000-0300","principioAtivo":null,"situacaoApresentacao":"Caduco/Cancelado","dataRegistro":"2000-12-28T00:00:00.000-0300","categoriaRegulatoria":{"codigo":8,"descricao":"Similar"},"medicamentoReferencia":null,"categoriaProduto":null,"tipoAutorizacao":"REGISTRADO","numeroRegistroFormatado":"110860045","mesAnoVencimentoFormatado":"12/2005","acancelar":false},"empresa":{"cnpj":"75549436000133","razaoSocial":"LASA INDÚSTRIA FARMACÊUTICA LTDA.","numeroAutorizacao":"1010863","cnpjFormatado":"75.549.436/0001-33"},"processo":{"numero":"250000172129744","situacao":29,"numeroProcessoFormatado":"25000.017212/97-44"}},{"ordem":48,"produto":{"codigo":7036,"nome":"POLIVITAMÍNICO E MINERAIS","numeroRegistro":"110860044","tipo":{"codigo":1,"descricao":null},"categoria":null,"situacaoRotulo":null,"dataVencimento":null,"mesAnoVencimento":"112005","dataVencimentoRegistro":"2005-11-01T00:00:00.000-0300","principioAtivo":null,"situacaoApresentacao":"Caduco/Cancelado","dataRegistro":"2000-11-30T00:00:00.000-0300","categoriaRegulatoria":{"codigo":8,"descricao":"Similar"},"medicamentoReferencia":null,"categoriaProduto":null,"tipoAutorizacao":"REGISTRADO","numeroRegistroFormatado":"110860044","mesAnoVencimentoFormatado":"11/2005","acancelar":false},"empresa":{"cnpj":"75549436000133","razaoSocial":"LASA INDÚSTRIA FARMACÊUTICA LTDA.","numeroAutorizacao":"1010863","cnpjFormatado":"75.549.436/0001-33"},"processo":{"numero":"250000160169771","situacao":29,"numeroProcessoFormatado":"25000.016016/97-71"}},{"ordem":49,"produto":{"codigo":6818,"nome":"PYOTRINA","numeroRegistro":"110860006","tipo":{"codigo":1,"descricao":null},"categoria":null,"situacaoRotulo":null,"dataVencimento":null,"mesAnoVencimento":"022007","dataVencimentoRegistro":"2007-02-01T00:00:00.000-0300","principioAtivo":null,"situacaoApresentacao":"Caduco/Cancelado","dataRegistro":"1997-02-06T00:00:00.000-0300","categoriaRegulatoria":{"codigo":8,"descricao":"Similar"},"medicamentoReferencia":null,"categoriaProduto":null,"tipoAutorizacao":"REGISTRADO","numeroRegistroFormatado":"110860006","mesAnoVencimentoFormatado":"02/2007","acancelar":false},"empresa":{"cnpj":"75549436000133","razaoSocial":"LASA INDÚSTRIA FARMACÊUTICA LTDA.","numeroAutorizacao":"1010863","cnpjFormatado":"75.549.436/0001-33"},"processo":{"numero":"250000039389609","situacao":29,"numeroProcessoFormatado":"25000.003938/96-09"}},{"ordem":50,"produto":{"codigo":7806,"nome":"SULFATO FERROSO","numeroRegistro":"110860007","tipo":{"codigo":1,"descricao":null},"categoria":null,"situacaoRotulo":null,"dataVencimento":null,"mesAnoVencimento":"022002","dataVencimentoRegistro":"2002-02-01T00:00:00.000-0200","principioAtivo":null,"situacaoApresentacao":"Caduco/Cancelado","dataRegistro":"1997-02-06T00:00:00.000-0300","categoriaRegulatoria":{"codigo":8,"descricao":"Similar"},"medicamentoReferencia":null,"categoriaProduto":null,"tipoAutorizacao":"REGISTRADO","numeroRegistroFormatado":"110860007","mesAnoVencimentoFormatado":"02/2002","acancelar":false},"empresa":{"cnpj":"75549436000133","razaoSocial":"LASA INDÚSTRIA FARMACÊUTICA LTDA.","numeroAutorizacao":"1010863","cnpjFormatado":"75.549.436/0001-33"},"processo":{"numero":"250000126649668","situacao":29,"numeroProcessoFormatado":"25000.012664/96-68"}},{"ordem":51,"produto":{"codigo":7909,"nome":"TEOFILINA","numeroRegistro":"110860003","tipo":{"codigo":1,"descricao":null},"categoria":null,"situacaoRotulo":null,"dataVencimento":null,"mesAnoVencimento":"032002","dataVencimentoRegistro":"2002-03-01T00:00:00.000-0300","principioAtivo":null,"situacaoApresentacao":"Caduco/Cancelado","dataRegistro":"1997-02-06T00:00:00.000-0300","categoriaRegulatoria":{"codigo":8,"descricao":"Similar"},"medicamentoReferencia":null,"categoriaProduto":null,"tipoAutorizacao":"REGISTRADO","numeroRegistroFormatado":"110860003","mesAnoVencimentoFormatado":"03/2002","acancelar":false},"empresa":{"cnpj":"75549436000133","razaoSocial":"LASA INDÚSTRIA FARMACÊUTICA LTDA.","numeroAutorizacao":"1010863","cnpjFormatado":"75.549.436/0001-33"},"processo":{"numero":"250000126659621","situacao":29,"numeroProcessoFormatado":"25000.012665/96-21"}},{"ordem":52,"produto":{"codigo":5636,"nome":"VERMIN","numeroRegistro":"110860031","tipo":{"codigo":1,"descricao":null},"categoria":null,"situacaoRotulo":null,"dataVencimento":null,"mesAnoVencimento":"072009","dataVencimentoRegistro":"2009-07-01T00:00:00.000-0300","principioAtivo":null,"situacaoApresentacao":"Caduco/Cancelado","dataRegistro":"1999-07-08T00:00:00.000-0300","categoriaRegulatoria":{"codigo":8,"descricao":"Similar"},"medicamentoReferencia":null,"categoriaProduto":null,"tipoAutorizacao":"REGISTRADO","numeroRegistroFormatado":"110860031","mesAnoVencimentoFormatado":"07/2009","acancelar":false},"empresa":{"cnpj":"75549436000133","razaoSocial":"LASA INDÚSTRIA FARMACÊUTICA LTDA.","numeroAutorizacao":"1010863","cnpjFormatado":"75.549.436/0001-33"},"processo":{"numero":"250000176719287","situacao":29,"numeroProcessoFormatado":"25000.017671/92-87"}},{"ordem":53,"produto":{"codigo":541917,"nome":"dipirona sódica","numeroRegistro":"110860055","tipo":{"codigo":1,"descricao":null},"categoria":null,"situacaoRotulo":null,"dataVencimento":null,"mesAnoVencimento":"082013","dataVencimentoRegistro":"2013-08-01T00:00:00.000-0300","principioAtivo":null,"situacaoApresentacao":"Caduco/Cancelado","dataRegistro":"2008-08-20T00:00:00.000-0300","categoriaRegulatoria":{"codigo":5,"descricao":"Genérico"},"medicamentoReferencia":"novalgina","categoriaProduto":null,"tipoAutorizacao":"REGISTRADO","numeroRegistroFormatado":"110860055","mesAnoVencimentoFormatado":"08/2013","acancelar":false},"empresa":{"cnpj":"75549436000133","razaoSocial":"LASA INDÚSTRIA FARMACÊUTICA LTDA.","numeroAutorizacao":"1010863","cnpjFormatado":"75.549.436/0001-33"},"processo":{"numero":"25351422799200717","situacao":29,"numeroProcessoFormatado":"25351.422799/2007-17"}},{"ordem":54,"produto":{"codigo":526338,"nome":"mebendazol","numeroRegistro":"110860056","tipo":{"codigo":1,"descricao":null},"categoria":null,"situacaoRotulo":null,"dataVencimento":null,"mesAnoVencimento":"102013","dataVencimentoRegistro":"2013-10-01T00:00:00.000-0300","principioAtivo":null,"situacaoApresentacao":"Caduco/Cancelado","dataRegistro":"2008-10-20T00:00:00.000-0300","categoriaRegulatoria":{"codigo":5,"descricao":"Genérico"},"medicamentoReferencia":"pantelmim","categoriaProduto":null,"tipoAutorizacao":"REGISTRADO","numeroRegistroFormatado":"110860056","mesAnoVencimentoFormatado":"10/2013","acancelar":false},"empresa":{"cnpj":"75549436000133","razaoSocial":"LASA INDÚSTRIA FARMACÊUTICA LTDA.","numeroAutorizacao":"1010863","cnpjFormatado":"75.549.436/0001-33"},"processo":{"numero":"25351179136200777","situacao":29,"numeroProcessoFormatado":"25351.179136/2007-77"}}],"totalPages":1,"totalElements":54,"last":true,"numberOfElements":54,"first":true,"sort":null,"size":1000,"number":0}