{"content":[{"ordem":1,"produto":{"codigo":1250420,"nome":"TECPAR TRASTUZUMABE","numeroRegistro":"109600002","tipo":{"codigo":1,"descricao":null},"categoria":null,"situacaoRotulo":null,"dataVencimento":null,"mesAnoVencimento":"122028","dataVencimentoRegistro":"2028-12-01T00:00:00.000-0300","principioAtivo":"TRASTUZUMABE","situacaoApresentacao":"Válido","dataRegistro":"2018-12-17T00:00:00.000-0300","categoriaRegulatoria":{"codigo":1,"descricao":"Biológico"},"medicamentoReferencia":null,"categoriaProduto":null,"tipoAutorizacao":"REGISTRADO","acancelar":false,"numeroRegistroFormatado":"109600002","mesAnoVencimentoFormatado":"12/2028"},"empresa":{"cnpj":"77964393000188","razaoSocial":"Instituto de Tecnologia do Paraná","numeroAutorizacao":"1009605","cnpjFormatado":"77.964.393/0001-88"},"processo":{"numero":"25351244433201853","situacao":29,"numeroProcessoFormatado":"25351.244433/2018-53"}},{"ordem":2,"produto":{"codigo":1233232,"nome":"TECPLAS","numeroRegistro":"109600003","tipo":{"codigo":1,"descricao":null},"categoria":null,"situacaoRotulo":null,"dataVencimento":null,"mesAnoVencimento":"032029","dataVencimentoRegistro":"2029-03-01T00:00:00.000-0300","principioAtivo":"proteínas plasmáticas humanas","situacaoApresentacao":"Válido","dataRegistro":"2019-03-06T00:00:00.000-0300","categoriaRegulatoria":{"codigo":1,"descricao":"Biológico"},"medicamentoReferencia":null,"categoriaProduto":null,"tipoAutorizacao":"REGISTRADO","acancelar":false,"numeroRegistroFormatado":"109600003","mesAnoVencimentoFormatado":"03/2029"},"empresa":{"cnpj":"77964393000188","razaoSocial":"Instituto de Tecnologia do Paraná","numeroAutorizacao":"1009605","cnpjFormatado":"77.964.393/0001-88"},"processo":{"numero":"25351043579201883","situacao":29,"numeroProcessoFormatado":"25351.043579/2018-83"}},{"ordem":3,"produto":{"codigo":141123,"nome":"VACINA CONTRA RAIVA USO HUMANO- FUENZALIDA - PALACIOS MODIFICADA","numeroRegistro":"109600001","tipo":{"codigo":1,"descricao":null},"categoria":null,"situacaoRotulo":null,"dataVencimento":null,"mesAnoVencimento":"092007","dataVencimentoRegistro":"2007-09-01T00:00:00.000-0300","principioAtivo":null,"situacaoApresentacao":"Caduco/Cancelado","dataRegistro":"2002-09-12T00:00:00.000-0300","categoriaRegulatoria":{"codigo":6,"descricao":"Novo"},"medicamentoReferencia":null,"categoriaProduto":null,"tipoAutorizacao":"REGISTRADO","acancelar":false,"numeroRegistroFormatado":"109600001","mesAnoVencimentoFormatado":"09/2007"},"empresa":{"cnpj":"77964393000188","razaoSocial":"Instituto de Tecnologia do Paraná","numeroAutorizacao":"1009605","cnpjFormatado":"77.964.393/0001-88"},"processo":{"numero":"253510331040114","situacao":29,"numeroProcessoFormatado":"25351.033104/01-14"}}],"totalPages":1,"totalElements":3,"last":true,"numberOfElements":3,"first":true,"sort":null,"size":1000,"number":0}