{"content":[{"ordem":1,"produto":{"codigo":271147,"nome":"ALCACHOFRA  HERBARIUM","numeroRegistro":"118600042","tipo":{"codigo":1,"descricao":null},"categoria":null,"situacaoRotulo":null,"dataVencimento":null,"mesAnoVencimento":"052028","dataVencimentoRegistro":"2028-05-01T00:00:00.000-0300","principioAtivo":"CYNARA SCOLYMUS L.","situacaoApresentacao":"Válido","dataRegistro":"2003-05-19T00:00:00.000-0300","categoriaRegulatoria":{"codigo":4,"descricao":"Fitoterápico"},"medicamentoReferencia":null,"categoriaProduto":null,"tipoAutorizacao":"REGISTRADO","acancelar":false,"mesAnoVencimentoFormatado":"05/2028","numeroRegistroFormatado":"118600042"},"empresa":{"cnpj":"78950011000120","razaoSocial":"HERBARIUM LABORATORIO BOTANICO LTDA","numeroAutorizacao":"1018606","cnpjFormatado":"78.950.011/0001-20"},"processo":{"numero":"25351011446200361","situacao":29,"numeroProcessoFormatado":"25351.011446/2003-61"}},{"ordem":2,"produto":{"codigo":344382,"nome":"ALCALERGIN","numeroRegistro":"118600049","tipo":{"codigo":1,"descricao":null},"categoria":null,"situacaoRotulo":null,"dataVencimento":null,"mesAnoVencimento":"012009","dataVencimentoRegistro":"2009-01-01T00:00:00.000-0300","principioAtivo":null,"situacaoApresentacao":"Caduco/Cancelado","dataRegistro":"2004-01-12T00:00:00.000-0300","categoriaRegulatoria":{"codigo":4,"descricao":"Fitoterápico"},"medicamentoReferencia":null,"categoriaProduto":null,"tipoAutorizacao":"REGISTRADO","acancelar":false,"mesAnoVencimentoFormatado":"01/2009","numeroRegistroFormatado":"118600049"},"empresa":{"cnpj":"78950011000120","razaoSocial":"HERBARIUM LABORATORIO BOTANICO LTDA","numeroAutorizacao":"1018606","cnpjFormatado":"78.950.011/0001-20"},"processo":{"numero":"25351049950200334","situacao":29,"numeroProcessoFormatado":"25351.049950/2003-34"}},{"ordem":3,"produto":{"codigo":603952,"nome":"ALCATOSS  XAROPE","numeroRegistro":"118600091","tipo":{"codigo":1,"descricao":null},"categoria":null,"situacaoRotulo":null,"dataVencimento":null,"mesAnoVencimento":"062019","dataVencimentoRegistro":"2019-06-01T00:00:00.000-0300","principioAtivo":null,"situacaoApresentacao":"Caduco/Cancelado","dataRegistro":"2009-06-01T00:00:00.000-0300","categoriaRegulatoria":{"codigo":4,"descricao":"Fitoterápico"},"medicamentoReferencia":null,"categoriaProduto":null,"tipoAutorizacao":"REGISTRADO","acancelar":false,"mesAnoVencimentoFormatado":"06/2019","numeroRegistroFormatado":"118600091"},"empresa":{"cnpj":"78950011000120","razaoSocial":"HERBARIUM LABORATORIO BOTANICO LTDA","numeroAutorizacao":"1018606","cnpjFormatado":"78.950.011/0001-20"},"processo":{"numero":"25351611046200865","situacao":29,"numeroProcessoFormatado":"25351.611046/2008-65"}},{"ordem":4,"produto":{"codigo":349182,"nome":"ALOE GEL","numeroRegistro":"118600050","tipo":{"codigo":1,"descricao":null},"categoria":null,"situacaoRotulo":null,"dataVencimento":null,"mesAnoVencimento":"032009","dataVencimentoRegistro":"2009-03-01T00:00:00.000-0300","principioAtivo":null,"situacaoApresentacao":"Caduco/Cancelado","dataRegistro":"2004-03-12T00:00:00.000-0300","categoriaRegulatoria":{"codigo":4,"descricao":"Fitoterápico"},"medicamentoReferencia":null,"categoriaProduto":null,"tipoAutorizacao":"REGISTRADO","acancelar":false,"mesAnoVencimentoFormatado":"03/2009","numeroRegistroFormatado":"118600050"},"empresa":{"cnpj":"78950011000120","razaoSocial":"HERBARIUM LABORATORIO BOTANICO LTDA","numeroAutorizacao":"1018606","cnpjFormatado":"78.950.011/0001-20"},"processo":{"numero":"25351029842200345","situacao":29,"numeroProcessoFormatado":"25351.029842/2003-45"}},{"ordem":5,"produto":{"codigo":404764,"nome":"ANDROSTEN","numeroRegistro":"118600070","tipo":{"codigo":1,"descricao":null},"categoria":null,"situacaoRotulo":null,"dataVencimento":null,"mesAnoVencimento":"042025","dataVencimentoRegistro":"2025-04-01T00:00:00.000-0300","principioAtivo":"TRIBULUS TERRESTRIS L.","situacaoApresentacao":"Válido","dataRegistro":"2005-04-19T00:00:00.000-0300","categoriaRegulatoria":{"codigo":4,"descricao":"Fitoterápico"},"medicamentoReferencia":null,"categoriaProduto":null,"tipoAutorizacao":"REGISTRADO","acancelar":false,"mesAnoVencimentoFormatado":"04/2025","numeroRegistroFormatado":"118600070"},"empresa":{"cnpj":"78950011000120","razaoSocial":"HERBARIUM LABORATORIO BOTANICO LTDA","numeroAutorizacao":"1018606","cnpjFormatado":"78.950.011/0001-20"},"processo":{"numero":"25351302868200424","situacao":29,"numeroProcessoFormatado":"25351.302868/2004-24"}},{"ordem":6,"produto":{"codigo":401890,"nome":"ANSIENE","numeroRegistro":"118600066","tipo":{"codigo":1,"descricao":null},"categoria":null,"situacaoRotulo":null,"dataVencimento":null,"mesAnoVencimento":"032010","dataVencimentoRegistro":"2010-03-01T00:00:00.000-0300","principioAtivo":null,"situacaoApresentacao":"Caduco/Cancelado","dataRegistro":"2005-03-21T00:00:00.000-0300","categoriaRegulatoria":{"codigo":4,"descricao":"Fitoterápico"},"medicamentoReferencia":null,"categoriaProduto":null,"tipoAutorizacao":"REGISTRADO","acancelar":false,"mesAnoVencimentoFormatado":"03/2010","numeroRegistroFormatado":"118600066"},"empresa":{"cnpj":"78950011000120","razaoSocial":"HERBARIUM LABORATORIO BOTANICO LTDA","numeroAutorizacao":"1018606","cnpjFormatado":"78.950.011/0001-20"},"processo":{"numero":"25351302137200489","situacao":29,"numeroProcessoFormatado":"25351.302137/2004-89"}},{"ordem":7,"produto":{"codigo":378493,"nome":"ARNICA GEL","numeroRegistro":"118600065","tipo":{"codigo":1,"descricao":null},"categoria":null,"situacaoRotulo":null,"dataVencimento":null,"mesAnoVencimento":"032010","dataVencimentoRegistro":"2010-03-01T00:00:00.000-0300","principioAtivo":null,"situacaoApresentacao":"Caduco/Cancelado","dataRegistro":"2005-03-14T00:00:00.000-0300","categoriaRegulatoria":{"codigo":4,"descricao":"Fitoterápico"},"medicamentoReferencia":null,"categoriaProduto":null,"tipoAutorizacao":"REGISTRADO","acancelar":false,"mesAnoVencimentoFormatado":"03/2010","numeroRegistroFormatado":"118600065"},"empresa":{"cnpj":"78950011000120","razaoSocial":"HERBARIUM LABORATORIO BOTANICO LTDA","numeroAutorizacao":"1018606","cnpjFormatado":"78.950.011/0001-20"},"processo":{"numero":"25351111161200419","situacao":29,"numeroProcessoFormatado":"25351.111161/2004-19"}},{"ordem":8,"produto":{"codigo":685225,"nome":"ARNICA GEL","numeroRegistro":"118600093","tipo":{"codigo":1,"descricao":null},"categoria":null,"situacaoRotulo":null,"dataVencimento":null,"mesAnoVencimento":"072030","dataVencimentoRegistro":"2030-07-01T00:00:00.000-0300","principioAtivo":"ARNICA MONTANA L.","situacaoApresentacao":"Válido","dataRegistro":"2010-07-12T00:00:00.000-0300","categoriaRegulatoria":{"codigo":4,"descricao":"Fitoterápico"},"medicamentoReferencia":null,"categoriaProduto":null,"tipoAutorizacao":"REGISTRADO","acancelar":false,"mesAnoVencimentoFormatado":"07/2030","numeroRegistroFormatado":"118600093"},"empresa":{"cnpj":"78950011000120","razaoSocial":"HERBARIUM LABORATORIO BOTANICO LTDA","numeroAutorizacao":"1018606","cnpjFormatado":"78.950.011/0001-20"},"processo":{"numero":"25351561385200999","situacao":29,"numeroProcessoFormatado":"25351.561385/2009-99"}},{"ordem":9,"produto":{"codigo":1118674,"nome":"Artroflan","numeroRegistro":"118600099","tipo":{"codigo":1,"descricao":null},"categoria":null,"situacaoRotulo":null,"dataVencimento":null,"mesAnoVencimento":"032022","dataVencimentoRegistro":"2022-03-01T00:00:00.000-0300","principioAtivo":null,"situacaoApresentacao":"Caduco/Cancelado","dataRegistro":"2017-03-06T00:00:00.000-0300","categoriaRegulatoria":{"codigo":4,"descricao":"Fitoterápico"},"medicamentoReferencia":null,"categoriaProduto":null,"tipoAutorizacao":"REGISTRADO","acancelar":false,"mesAnoVencimentoFormatado":"03/2022","numeroRegistroFormatado":"118600099"},"empresa":{"cnpj":"78950011000120","razaoSocial":"HERBARIUM LABORATORIO BOTANICO LTDA","numeroAutorizacao":"1018606","cnpjFormatado":"78.950.011/0001-20"},"processo":{"numero":"25351490926201552","situacao":29,"numeroProcessoFormatado":"25351.490926/2015-52"}},{"ordem":10,"produto":{"codigo":4536,"nome":"BIOFLAVIN","numeroRegistro":"118600001","tipo":{"codigo":1,"descricao":null},"categoria":null,"situacaoRotulo":null,"dataVencimento":null,"mesAnoVencimento":"112010","dataVencimentoRegistro":"2010-11-01T00:00:00.000-0300","principioAtivo":null,"situacaoApresentacao":"Caduco/Cancelado","dataRegistro":"2000-11-09T00:00:00.000-0300","categoriaRegulatoria":{"codigo":4,"descricao":"Fitoterápico"},"medicamentoReferencia":null,"categoriaProduto":null,"tipoAutorizacao":"REGISTRADO","acancelar":false,"mesAnoVencimentoFormatado":"11/2010","numeroRegistroFormatado":"118600001"},"empresa":{"cnpj":"78950011000120","razaoSocial":"HERBARIUM LABORATORIO BOTANICO LTDA","numeroAutorizacao":"1018606","cnpjFormatado":"78.950.011/0001-20"},"processo":{"numero":"2502323012995","situacao":29,"numeroProcessoFormatado":"25023.230129/95"}},{"ordem":11,"produto":{"codigo":271221,"nome":"BIOFLAVIN GOTAS","numeroRegistro":"118600040","tipo":{"codigo":1,"descricao":null},"categoria":null,"situacaoRotulo":null,"dataVencimento":null,"mesAnoVencimento":"042008","dataVencimentoRegistro":"2008-04-01T00:00:00.000-0300","principioAtivo":null,"situacaoApresentacao":"Caduco/Cancelado","dataRegistro":"2003-04-24T00:00:00.000-0300","categoriaRegulatoria":{"codigo":4,"descricao":"Fitoterápico"},"medicamentoReferencia":null,"categoriaProduto":null,"tipoAutorizacao":"REGISTRADO","acancelar":false,"mesAnoVencimentoFormatado":"04/2008","numeroRegistroFormatado":"118600040"},"empresa":{"cnpj":"78950011000120","razaoSocial":"HERBARIUM LABORATORIO BOTANICO LTDA","numeroAutorizacao":"1018606","cnpjFormatado":"78.950.011/0001-20"},"processo":{"numero":"25351011436200326","situacao":29,"numeroProcessoFormatado":"25351.011436/2003-26"}},{"ordem":12,"produto":{"codigo":125104,"nome":"BIOSLIM","numeroRegistro":"118600013","tipo":{"codigo":1,"descricao":null},"categoria":null,"situacaoRotulo":null,"dataVencimento":null,"mesAnoVencimento":"042007","dataVencimentoRegistro":"2007-04-01T00:00:00.000-0300","principioAtivo":null,"situacaoApresentacao":"Caduco/Cancelado","dataRegistro":"2002-04-11T00:00:00.000-0300","categoriaRegulatoria":{"codigo":8,"descricao":"Similar"},"medicamentoReferencia":null,"categoriaProduto":null,"tipoAutorizacao":"REGISTRADO","acancelar":false,"mesAnoVencimentoFormatado":"04/2007","numeroRegistroFormatado":"118600013"},"empresa":{"cnpj":"78950011000120","razaoSocial":"HERBARIUM LABORATORIO BOTANICO LTDA","numeroAutorizacao":"1018606","cnpjFormatado":"78.950.011/0001-20"},"processo":{"numero":"2502322084198","situacao":29,"numeroProcessoFormatado":"25023.220841/98"}},{"ordem":13,"produto":{"codigo":402146,"nome":"BIOSLIM ALGAS","numeroRegistro":"118600067","tipo":{"codigo":1,"descricao":null},"categoria":null,"situacaoRotulo":null,"dataVencimento":null,"mesAnoVencimento":"032010","dataVencimentoRegistro":"2010-03-01T00:00:00.000-0300","principioAtivo":null,"situacaoApresentacao":"Caduco/Cancelado","dataRegistro":"2005-03-21T00:00:00.000-0300","categoriaRegulatoria":{"codigo":4,"descricao":"Fitoterápico"},"medicamentoReferencia":null,"categoriaProduto":null,"tipoAutorizacao":"REGISTRADO","acancelar":false,"mesAnoVencimentoFormatado":"03/2010","numeroRegistroFormatado":"118600067"},"empresa":{"cnpj":"78950011000120","razaoSocial":"HERBARIUM LABORATORIO BOTANICO LTDA","numeroAutorizacao":"1018606","cnpjFormatado":"78.950.011/0001-20"},"processo":{"numero":"25351302186200411","situacao":29,"numeroProcessoFormatado":"25351.302186/2004-11"}},{"ordem":14,"produto":{"codigo":174620,"nome":"BOLDO GOTAS","numeroRegistro":"118600048","tipo":{"codigo":1,"descricao":null},"categoria":null,"situacaoRotulo":null,"dataVencimento":null,"mesAnoVencimento":"122008","dataVencimentoRegistro":"2008-12-01T00:00:00.000-0300","principioAtivo":null,"situacaoApresentacao":"Caduco/Cancelado","dataRegistro":"2003-12-10T00:00:00.000-0300","categoriaRegulatoria":{"codigo":4,"descricao":"Fitoterápico"},"medicamentoReferencia":null,"categoriaProduto":null,"tipoAutorizacao":"REGISTRADO","acancelar":false,"mesAnoVencimentoFormatado":"12/2008","numeroRegistroFormatado":"118600048"},"empresa":{"cnpj":"78950011000120","razaoSocial":"HERBARIUM LABORATORIO BOTANICO LTDA","numeroAutorizacao":"1018606","cnpjFormatado":"78.950.011/0001-20"},"processo":{"numero":"25351007042200373","situacao":29,"numeroProcessoFormatado":"25351.007042/2003-73"}},{"ordem":15,"produto":{"codigo":137808,"nome":"BOLDO HERBARIUM","numeroRegistro":"118600019","tipo":{"codigo":1,"descricao":null},"categoria":null,"situacaoRotulo":null,"dataVencimento":null,"mesAnoVencimento":"082007","dataVencimentoRegistro":"2007-08-01T00:00:00.000-0300","principioAtivo":null,"situacaoApresentacao":"Caduco/Cancelado","dataRegistro":"2002-08-15T00:00:00.000-0300","categoriaRegulatoria":{"codigo":4,"descricao":"Fitoterápico"},"medicamentoReferencia":null,"categoriaProduto":null,"tipoAutorizacao":"REGISTRADO","acancelar":false,"mesAnoVencimentoFormatado":"08/2007","numeroRegistroFormatado":"118600019"},"empresa":{"cnpj":"78950011000120","razaoSocial":"HERBARIUM LABORATORIO BOTANICO LTDA","numeroAutorizacao":"1018606","cnpjFormatado":"78.950.011/0001-20"},"processo":{"numero":"253510035450281","situacao":29,"numeroProcessoFormatado":"25351.003545/02-81"}},{"ordem":16,"produto":{"codigo":566525,"nome":"BOLDO HERBARIUM","numeroRegistro":"118600085","tipo":{"codigo":1,"descricao":null},"categoria":null,"situacaoRotulo":null,"dataVencimento":null,"mesAnoVencimento":"042013","dataVencimentoRegistro":"2013-04-01T00:00:00.000-0300","principioAtivo":null,"situacaoApresentacao":"Caduco/Cancelado","dataRegistro":"2008-04-28T00:00:00.000-0300","categoriaRegulatoria":{"codigo":4,"descricao":"Fitoterápico"},"medicamentoReferencia":null,"categoriaProduto":null,"tipoAutorizacao":"REGISTRADO","acancelar":false,"mesAnoVencimentoFormatado":"04/2013","numeroRegistroFormatado":"118600085"},"empresa":{"cnpj":"78950011000120","razaoSocial":"HERBARIUM LABORATORIO BOTANICO LTDA","numeroAutorizacao":"1018606","cnpjFormatado":"78.950.011/0001-20"},"processo":{"numero":"25351080051200813","situacao":29,"numeroProcessoFormatado":"25351.080051/2008-13"}},{"ordem":17,"produto":{"codigo":331093,"nome":"CAMOMILA CREME","numeroRegistro":"118600073","tipo":{"codigo":1,"descricao":null},"categoria":null,"situacaoRotulo":null,"dataVencimento":null,"mesAnoVencimento":"112010","dataVencimentoRegistro":"2010-11-01T00:00:00.000-0300","principioAtivo":null,"situacaoApresentacao":"Caduco/Cancelado","dataRegistro":"2003-12-11T00:00:00.000-0300","categoriaRegulatoria":{"codigo":4,"descricao":"Fitoterápico"},"medicamentoReferencia":null,"categoriaProduto":null,"tipoAutorizacao":"REGISTRADO","acancelar":false,"mesAnoVencimentoFormatado":"11/2010","numeroRegistroFormatado":"118600073"},"empresa":{"cnpj":"78950011000120","razaoSocial":"HERBARIUM LABORATORIO BOTANICO LTDA","numeroAutorizacao":"1018606","cnpjFormatado":"78.950.011/0001-20"},"processo":{"numero":"25351029849200367","situacao":29,"numeroProcessoFormatado":"25351.029849/2003-67"}},{"ordem":18,"produto":{"codigo":7220,"nome":"CASCARA SAGRADA HERBARIUM","numeroRegistro":"118600009","tipo":{"codigo":1,"descricao":null},"categoria":null,"situacaoRotulo":null,"dataVencimento":null,"mesAnoVencimento":"102006","dataVencimentoRegistro":"2006-10-01T00:00:00.000-0300","principioAtivo":null,"situacaoApresentacao":"Caduco/Cancelado","dataRegistro":"2001-10-23T00:00:00.000-0200","categoriaRegulatoria":{"codigo":4,"descricao":"Fitoterápico"},"medicamentoReferencia":null,"categoriaProduto":null,"tipoAutorizacao":"REGISTRADO","acancelar":false,"mesAnoVencimentoFormatado":"10/2006","numeroRegistroFormatado":"118600009"},"empresa":{"cnpj":"78950011000120","razaoSocial":"HERBARIUM LABORATORIO BOTANICO LTDA","numeroAutorizacao":"1018606","cnpjFormatado":"78.950.011/0001-20"},"processo":{"numero":"2502313316891","situacao":29,"numeroProcessoFormatado":"25023.133168/91"}},{"ordem":19,"produto":{"codigo":137521,"nome":"CASTANHA DA INDIA","numeroRegistro":"118600020","tipo":{"codigo":1,"descricao":null},"categoria":null,"situacaoRotulo":null,"dataVencimento":null,"mesAnoVencimento":"082007","dataVencimentoRegistro":"2007-08-01T00:00:00.000-0300","principioAtivo":null,"situacaoApresentacao":"Caduco/Cancelado","dataRegistro":"2002-08-15T00:00:00.000-0300","categoriaRegulatoria":{"codigo":4,"descricao":"Fitoterápico"},"medicamentoReferencia":null,"categoriaProduto":null,"tipoAutorizacao":"REGISTRADO","acancelar":false,"mesAnoVencimentoFormatado":"08/2007","numeroRegistroFormatado":"118600020"},"empresa":{"cnpj":"78950011000120","razaoSocial":"HERBARIUM LABORATORIO BOTANICO LTDA","numeroAutorizacao":"1018606","cnpjFormatado":"78.950.011/0001-20"},"processo":{"numero":"253510397150121","situacao":29,"numeroProcessoFormatado":"25351.039715/01-21"}},{"ordem":20,"produto":{"codigo":526674,"nome":"CASTANHA DA ÍNDIA HERBARIUM","numeroRegistro":"118600080","tipo":{"codigo":1,"descricao":null},"categoria":null,"situacaoRotulo":null,"dataVencimento":null,"mesAnoVencimento":"092027","dataVencimentoRegistro":"2027-09-01T00:00:00.000-0300","principioAtivo":"AESCULUS HIPPOCASTANUM L.","situacaoApresentacao":"Válido","dataRegistro":"2007-09-17T00:00:00.000-0300","categoriaRegulatoria":{"codigo":4,"descricao":"Fitoterápico"},"medicamentoReferencia":null,"categoriaProduto":null,"tipoAutorizacao":"REGISTRADO","acancelar":false,"mesAnoVencimentoFormatado":"09/2027","numeroRegistroFormatado":"118600080"},"empresa":{"cnpj":"78950011000120","razaoSocial":"HERBARIUM LABORATORIO BOTANICO LTDA","numeroAutorizacao":"1018606","cnpjFormatado":"78.950.011/0001-20"},"processo":{"numero":"25351143226200720","situacao":29,"numeroProcessoFormatado":"25351.143226/2007-20"}},{"ordem":21,"produto":{"codigo":144313,"nome":"CAVALINHA  HERBARIUM","numeroRegistro":"118600037","tipo":{"codigo":1,"descricao":null},"categoria":null,"situacaoRotulo":null,"dataVencimento":null,"mesAnoVencimento":"022008","dataVencimentoRegistro":"2008-02-01T00:00:00.000-0300","principioAtivo":null,"situacaoApresentacao":"Caduco/Cancelado","dataRegistro":"2003-02-20T00:00:00.000-0300","categoriaRegulatoria":{"codigo":4,"descricao":"Fitoterápico"},"medicamentoReferencia":null,"categoriaProduto":null,"tipoAutorizacao":"REGISTRADO","acancelar":false,"mesAnoVencimentoFormatado":"02/2008","numeroRegistroFormatado":"118600037"},"empresa":{"cnpj":"78950011000120","razaoSocial":"HERBARIUM LABORATORIO BOTANICO LTDA","numeroAutorizacao":"1018606","cnpjFormatado":"78.950.011/0001-20"},"processo":{"numero":"25351204891200292","situacao":29,"numeroProcessoFormatado":"25351.204891/2002-92"}},{"ordem":22,"produto":{"codigo":559536,"nome":"CAVALINHA HERBARIUM","numeroRegistro":"118600083","tipo":{"codigo":1,"descricao":null},"categoria":null,"situacaoRotulo":null,"dataVencimento":null,"mesAnoVencimento":"042013","dataVencimentoRegistro":"2013-04-01T00:00:00.000-0300","principioAtivo":null,"situacaoApresentacao":"Caduco/Cancelado","dataRegistro":"2008-04-14T00:00:00.000-0300","categoriaRegulatoria":{"codigo":4,"descricao":"Fitoterápico"},"medicamentoReferencia":null,"categoriaProduto":null,"tipoAutorizacao":"REGISTRADO","acancelar":false,"mesAnoVencimentoFormatado":"04/2013","numeroRegistroFormatado":"118600083"},"empresa":{"cnpj":"78950011000120","razaoSocial":"HERBARIUM LABORATORIO BOTANICO LTDA","numeroAutorizacao":"1018606","cnpjFormatado":"78.950.011/0001-20"},"processo":{"numero":"25351633132200748","situacao":29,"numeroProcessoFormatado":"25351.633132/2007-48"}},{"ordem":23,"produto":{"codigo":164966,"nome":"CELLITUM","numeroRegistro":"118600026","tipo":{"codigo":1,"descricao":null},"categoria":null,"situacaoRotulo":null,"dataVencimento":null,"mesAnoVencimento":"092007","dataVencimentoRegistro":"2007-09-01T00:00:00.000-0300","principioAtivo":null,"situacaoApresentacao":"Caduco/Cancelado","dataRegistro":"2002-10-03T00:00:00.000-0300","categoriaRegulatoria":{"codigo":4,"descricao":"Fitoterápico"},"medicamentoReferencia":null,"categoriaProduto":null,"tipoAutorizacao":"REGISTRADO","acancelar":false,"mesAnoVencimentoFormatado":"09/2007","numeroRegistroFormatado":"118600026"},"empresa":{"cnpj":"78950011000120","razaoSocial":"HERBARIUM LABORATORIO BOTANICO LTDA","numeroAutorizacao":"1018606","cnpjFormatado":"78.950.011/0001-20"},"processo":{"numero":"253510174420136","situacao":29,"numeroProcessoFormatado":"25351.017442/01-36"}},{"ordem":24,"produto":{"codigo":125105,"nome":"CENTELLA HERBARIUM","numeroRegistro":"118600015","tipo":{"codigo":1,"descricao":null},"categoria":null,"situacaoRotulo":null,"dataVencimento":null,"mesAnoVencimento":"062007","dataVencimentoRegistro":"2007-06-01T00:00:00.000-0300","principioAtivo":null,"situacaoApresentacao":"Caduco/Cancelado","dataRegistro":"2002-06-20T00:00:00.000-0300","categoriaRegulatoria":{"codigo":4,"descricao":"Fitoterápico"},"medicamentoReferencia":null,"categoriaProduto":null,"tipoAutorizacao":"REGISTRADO","acancelar":false,"mesAnoVencimentoFormatado":"06/2007","numeroRegistroFormatado":"118600015"},"empresa":{"cnpj":"78950011000120","razaoSocial":"HERBARIUM LABORATORIO BOTANICO LTDA","numeroAutorizacao":"1018606","cnpjFormatado":"78.950.011/0001-20"},"processo":{"numero":"250231374389215","situacao":29,"numeroProcessoFormatado":"25023.137438/92-15"}},{"ordem":25,"produto":{"codigo":522499,"nome":"CENTELLA HERBARIUM","numeroRegistro":"118600079","tipo":{"codigo":1,"descricao":null},"categoria":null,"situacaoRotulo":null,"dataVencimento":null,"mesAnoVencimento":"092027","dataVencimentoRegistro":"2027-09-01T00:00:00.000-0300","principioAtivo":null,"situacaoApresentacao":"Caduco/Cancelado","dataRegistro":"2007-09-17T00:00:00.000-0300","categoriaRegulatoria":{"codigo":4,"descricao":"Fitoterápico"},"medicamentoReferencia":null,"categoriaProduto":null,"tipoAutorizacao":"REGISTRADO","acancelar":false,"mesAnoVencimentoFormatado":"09/2027","numeroRegistroFormatado":"118600079"},"empresa":{"cnpj":"78950011000120","razaoSocial":"HERBARIUM LABORATORIO BOTANICO LTDA","numeroAutorizacao":"1018606","cnpjFormatado":"78.950.011/0001-20"},"processo":{"numero":"25351002190200725","situacao":29,"numeroProcessoFormatado":"25351.002190/2007-25"}},{"ordem":26,"produto":{"codigo":137590,"nome":"CIMICIFUGA HERBARIUM","numeroRegistro":"118600018","tipo":{"codigo":1,"descricao":null},"categoria":null,"situacaoRotulo":null,"dataVencimento":null,"mesAnoVencimento":"082007","dataVencimentoRegistro":"2007-08-01T00:00:00.000-0300","principioAtivo":null,"situacaoApresentacao":"Caduco/Cancelado","dataRegistro":"2002-08-15T00:00:00.000-0300","categoriaRegulatoria":{"codigo":4,"descricao":"Fitoterápico"},"medicamentoReferencia":null,"categoriaProduto":null,"tipoAutorizacao":"REGISTRADO","acancelar":false,"mesAnoVencimentoFormatado":"08/2007","numeroRegistroFormatado":"118600018"},"empresa":{"cnpj":"78950011000120","razaoSocial":"HERBARIUM LABORATORIO BOTANICO LTDA","numeroAutorizacao":"1018606","cnpjFormatado":"78.950.011/0001-20"},"processo":{"numero":"253510035460244","situacao":29,"numeroProcessoFormatado":"25351.003546/02-44"}},{"ordem":27,"produto":{"codigo":557975,"nome":"CIMICIFUGA HERBARIUM","numeroRegistro":"118600084","tipo":{"codigo":1,"descricao":null},"categoria":null,"situacaoRotulo":null,"dataVencimento":null,"mesAnoVencimento":"042013","dataVencimentoRegistro":"2013-04-01T00:00:00.000-0300","principioAtivo":null,"situacaoApresentacao":"Caduco/Cancelado","dataRegistro":"2008-04-14T00:00:00.000-0300","categoriaRegulatoria":{"codigo":4,"descricao":"Fitoterápico"},"medicamentoReferencia":null,"categoriaProduto":null,"tipoAutorizacao":"REGISTRADO","acancelar":false,"mesAnoVencimentoFormatado":"04/2013","numeroRegistroFormatado":"118600084"},"empresa":{"cnpj":"78950011000120","razaoSocial":"HERBARIUM LABORATORIO BOTANICO LTDA","numeroAutorizacao":"1018606","cnpjFormatado":"78.950.011/0001-20"},"processo":{"numero":"25351633071200719","situacao":29,"numeroProcessoFormatado":"25351.633071/2007-19"}},{"ordem":28,"produto":{"codigo":1909,"nome":"CLIFEMIN","numeroRegistro":"118600007","tipo":{"codigo":1,"descricao":null},"categoria":null,"situacaoRotulo":null,"dataVencimento":null,"mesAnoVencimento":"092026","dataVencimentoRegistro":"2026-09-01T00:00:00.000-0300","principioAtivo":"ACTAEA RACEMOSA L.","situacaoApresentacao":"Válido","dataRegistro":"2001-09-21T00:00:00.000-0300","categoriaRegulatoria":{"codigo":4,"descricao":"Fitoterápico"},"medicamentoReferencia":null,"categoriaProduto":null,"tipoAutorizacao":"REGISTRADO","acancelar":false,"mesAnoVencimentoFormatado":"09/2026","numeroRegistroFormatado":"118600007"},"empresa":{"cnpj":"78950011000120","razaoSocial":"HERBARIUM LABORATORIO BOTANICO LTDA","numeroAutorizacao":"1018606","cnpjFormatado":"78.950.011/0001-20"},"processo":{"numero":"2502302135599","situacao":29,"numeroProcessoFormatado":"25023.021355/99"}},{"ordem":29,"produto":{"codigo":901430,"nome":"COGNITUS","numeroRegistro":"118600098","tipo":{"codigo":1,"descricao":null},"categoria":null,"situacaoRotulo":null,"dataVencimento":null,"mesAnoVencimento":"042029","dataVencimentoRegistro":"2029-04-01T00:00:00.000-0300","principioAtivo":"Bacopa monnieri (L.) Wettst.","situacaoApresentacao":"Válido","dataRegistro":"2014-04-07T00:00:00.000-0300","categoriaRegulatoria":{"codigo":4,"descricao":"Fitoterápico"},"medicamentoReferencia":null,"categoriaProduto":null,"tipoAutorizacao":"REGISTRADO","acancelar":false,"mesAnoVencimentoFormatado":"04/2029","numeroRegistroFormatado":"118600098"},"empresa":{"cnpj":"78950011000120","razaoSocial":"HERBARIUM LABORATORIO BOTANICO LTDA","numeroAutorizacao":"1018606","cnpjFormatado":"78.950.011/0001-20"},"processo":{"numero":"25351214280201314","situacao":29,"numeroProcessoFormatado":"25351.214280/2013-14"}},{"ordem":30,"produto":{"codigo":3131,"nome":"CRATAEGUS","numeroRegistro":"118600006","tipo":{"codigo":1,"descricao":null},"categoria":null,"situacaoRotulo":null,"dataVencimento":null,"mesAnoVencimento":"082006","dataVencimentoRegistro":"2006-08-01T00:00:00.000-0300","principioAtivo":null,"situacaoApresentacao":"Caduco/Cancelado","dataRegistro":"2001-08-22T00:00:00.000-0300","categoriaRegulatoria":{"codigo":4,"descricao":"Fitoterápico"},"medicamentoReferencia":null,"categoriaProduto":null,"tipoAutorizacao":"REGISTRADO","acancelar":false,"mesAnoVencimentoFormatado":"08/2006","numeroRegistroFormatado":"118600006"},"empresa":{"cnpj":"78950011000120","razaoSocial":"HERBARIUM LABORATORIO BOTANICO LTDA","numeroAutorizacao":"1018606","cnpjFormatado":"78.950.011/0001-20"},"processo":{"numero":"2502322037496","situacao":29,"numeroProcessoFormatado":"25023.220374/96"}},{"ordem":31,"produto":{"codigo":511426,"nome":"CÁSCARA SAGRADA HERBARIUM","numeroRegistro":"118600075","tipo":{"codigo":1,"descricao":null},"categoria":null,"situacaoRotulo":null,"dataVencimento":null,"mesAnoVencimento":"052027","dataVencimentoRegistro":"2027-05-01T00:00:00.000-0300","principioAtivo":"Frangula purshiana (DC.) A. Gray ","situacaoApresentacao":"Válido","dataRegistro":"2007-05-14T00:00:00.000-0300","categoriaRegulatoria":{"codigo":4,"descricao":"Fitoterápico"},"medicamentoReferencia":null,"categoriaProduto":null,"tipoAutorizacao":"REGISTRADO","acancelar":false,"mesAnoVencimentoFormatado":"05/2027","numeroRegistroFormatado":"118600075"},"empresa":{"cnpj":"78950011000120","razaoSocial":"HERBARIUM LABORATORIO BOTANICO LTDA","numeroAutorizacao":"1018606","cnpjFormatado":"78.950.011/0001-20"},"processo":{"numero":"25351419530200672","situacao":29,"numeroProcessoFormatado":"25351.419530/2006-72"}},{"ordem":32,"produto":{"codigo":559375,"nome":"ENERSENG","numeroRegistro":"118600086","tipo":{"codigo":1,"descricao":null},"categoria":null,"situacaoRotulo":null,"dataVencimento":null,"mesAnoVencimento":"052018","dataVencimentoRegistro":"2018-05-01T00:00:00.000-0300","principioAtivo":null,"situacaoApresentacao":"Caduco/Cancelado","dataRegistro":"2008-05-26T00:00:00.000-0300","categoriaRegulatoria":{"codigo":4,"descricao":"Fitoterápico"},"medicamentoReferencia":null,"categoriaProduto":null,"tipoAutorizacao":"REGISTRADO","acancelar":false,"mesAnoVencimentoFormatado":"05/2018","numeroRegistroFormatado":"118600086"},"empresa":{"cnpj":"78950011000120","razaoSocial":"HERBARIUM LABORATORIO BOTANICO LTDA","numeroAutorizacao":"1018606","cnpjFormatado":"78.950.011/0001-20"},"processo":{"numero":"25351007885200884","situacao":29,"numeroProcessoFormatado":"25351.007885/2008-84"}},{"ordem":33,"produto":{"codigo":162988,"nome":"ENERSENG","numeroRegistro":"118600038","tipo":{"codigo":1,"descricao":null},"categoria":null,"situacaoRotulo":null,"dataVencimento":null,"mesAnoVencimento":"022008","dataVencimentoRegistro":"2008-02-01T00:00:00.000-0300","principioAtivo":null,"situacaoApresentacao":"Caduco/Cancelado","dataRegistro":"2003-02-26T00:00:00.000-0300","categoriaRegulatoria":{"codigo":4,"descricao":"Fitoterápico"},"medicamentoReferencia":null,"categoriaProduto":null,"tipoAutorizacao":"REGISTRADO","acancelar":false,"mesAnoVencimentoFormatado":"02/2008","numeroRegistroFormatado":"118600038"},"empresa":{"cnpj":"78950011000120","razaoSocial":"HERBARIUM LABORATORIO BOTANICO LTDA","numeroAutorizacao":"1018606","cnpjFormatado":"78.950.011/0001-20"},"processo":{"numero":"25351212071200274","situacao":29,"numeroProcessoFormatado":"25351.212071/2002-74"}},{"ordem":34,"produto":{"codigo":172561,"nome":"ESPINHEIRA SANTA HERBARIUM","numeroRegistro":"118600043","tipo":{"codigo":1,"descricao":null},"categoria":null,"situacaoRotulo":null,"dataVencimento":null,"mesAnoVencimento":"062028","dataVencimentoRegistro":"2028-06-01T00:00:00.000-0300","principioAtivo":"MONTEVERDIA ILICIFOLIA (MART. EX REISSEK) BIRAL","situacaoApresentacao":"Válido","dataRegistro":"2003-06-11T00:00:00.000-0300","categoriaRegulatoria":{"codigo":4,"descricao":"Fitoterápico"},"medicamentoReferencia":null,"categoriaProduto":null,"tipoAutorizacao":"REGISTRADO","acancelar":false,"mesAnoVencimentoFormatado":"06/2028","numeroRegistroFormatado":"118600043"},"empresa":{"cnpj":"78950011000120","razaoSocial":"HERBARIUM LABORATORIO BOTANICO LTDA","numeroAutorizacao":"1018606","cnpjFormatado":"78.950.011/0001-20"},"processo":{"numero":"25351221599200234","situacao":29,"numeroProcessoFormatado":"25351.221599/2002-34"}},{"ordem":35,"produto":{"codigo":572843,"nome":"FERROKIDS","numeroRegistro":"118600088","tipo":{"codigo":1,"descricao":null},"categoria":null,"situacaoRotulo":null,"dataVencimento":null,"mesAnoVencimento":"082018","dataVencimentoRegistro":"2018-08-01T00:00:00.000-0300","principioAtivo":null,"situacaoApresentacao":"Caduco/Cancelado","dataRegistro":"2008-08-11T00:00:00.000-0300","categoriaRegulatoria":{"codigo":3,"descricao":"Específico"},"medicamentoReferencia":null,"categoriaProduto":null,"tipoAutorizacao":"REGISTRADO","acancelar":false,"mesAnoVencimentoFormatado":"08/2018","numeroRegistroFormatado":"118600088"},"empresa":{"cnpj":"78950011000120","razaoSocial":"HERBARIUM LABORATORIO BOTANICO LTDA","numeroAutorizacao":"1018606","cnpjFormatado":"78.950.011/0001-20"},"processo":{"numero":"25351058852200801","situacao":29,"numeroProcessoFormatado":"25351.058852/2008-01"}},{"ordem":36,"produto":{"codigo":279382,"nome":"FIBRACARE","numeroRegistro":"118600047","tipo":{"codigo":1,"descricao":null},"categoria":null,"situacaoRotulo":null,"dataVencimento":null,"mesAnoVencimento":"122013","dataVencimentoRegistro":"2013-12-01T00:00:00.000-0300","principioAtivo":null,"situacaoApresentacao":"Caduco/Cancelado","dataRegistro":"2003-12-10T00:00:00.000-0300","categoriaRegulatoria":{"codigo":4,"descricao":"Fitoterápico"},"medicamentoReferencia":null,"categoriaProduto":null,"tipoAutorizacao":"REGISTRADO","acancelar":false,"mesAnoVencimentoFormatado":"12/2013","numeroRegistroFormatado":"118600047"},"empresa":{"cnpj":"78950011000120","razaoSocial":"HERBARIUM LABORATORIO BOTANICO LTDA","numeroAutorizacao":"1018606","cnpjFormatado":"78.950.011/0001-20"},"processo":{"numero":"25351021016200358","situacao":29,"numeroProcessoFormatado":"25351.021016/2003-58"}},{"ordem":37,"produto":{"codigo":144314,"nome":"FUCUS  HERBARIUM","numeroRegistro":"118600029","tipo":{"codigo":1,"descricao":null},"categoria":null,"situacaoRotulo":null,"dataVencimento":null,"mesAnoVencimento":"122012","dataVencimentoRegistro":"2012-12-01T00:00:00.000-0300","principioAtivo":null,"situacaoApresentacao":"Caduco/Cancelado","dataRegistro":"2002-12-09T00:00:00.000-0300","categoriaRegulatoria":{"codigo":4,"descricao":"Fitoterápico"},"medicamentoReferencia":null,"categoriaProduto":null,"tipoAutorizacao":"REGISTRADO","acancelar":false,"mesAnoVencimentoFormatado":"12/2012","numeroRegistroFormatado":"118600029"},"empresa":{"cnpj":"78950011000120","razaoSocial":"HERBARIUM LABORATORIO BOTANICO LTDA","numeroAutorizacao":"1018606","cnpjFormatado":"78.950.011/0001-20"},"processo":{"numero":"25351204890200248","situacao":29,"numeroProcessoFormatado":"25351.204890/2002-48"}},{"ordem":38,"produto":{"codigo":280701,"nome":"GAMALINE V","numeroRegistro":"118600061","tipo":{"codigo":1,"descricao":null},"categoria":null,"situacaoRotulo":null,"dataVencimento":null,"mesAnoVencimento":"042029","dataVencimentoRegistro":"2029-04-01T00:00:00.000-0300","principioAtivo":"BORAGO OFFICINALIS L.","situacaoApresentacao":"Válido","dataRegistro":"2004-04-27T00:00:00.000-0300","categoriaRegulatoria":{"codigo":4,"descricao":"Fitoterápico"},"medicamentoReferencia":null,"categoriaProduto":null,"tipoAutorizacao":"REGISTRADO","acancelar":false,"mesAnoVencimentoFormatado":"04/2029","numeroRegistroFormatado":"118600061"},"empresa":{"cnpj":"78950011000120","razaoSocial":"HERBARIUM LABORATORIO BOTANICO LTDA","numeroAutorizacao":"1018606","cnpjFormatado":"78.950.011/0001-20"},"processo":{"numero":"25351014005200311","situacao":29,"numeroProcessoFormatado":"25351.014005/2003-11"}},{"ordem":39,"produto":{"codigo":271214,"nome":"GARRA DO DIABO GOTAS","numeroRegistro":"118600041","tipo":{"codigo":1,"descricao":null},"categoria":null,"situacaoRotulo":null,"dataVencimento":null,"mesAnoVencimento":"042008","dataVencimentoRegistro":"2008-04-01T00:00:00.000-0300","principioAtivo":null,"situacaoApresentacao":"Caduco/Cancelado","dataRegistro":"2003-04-24T00:00:00.000-0300","categoriaRegulatoria":{"codigo":4,"descricao":"Fitoterápico"},"medicamentoReferencia":null,"categoriaProduto":null,"tipoAutorizacao":"REGISTRADO","acancelar":false,"mesAnoVencimentoFormatado":"04/2008","numeroRegistroFormatado":"118600041"},"empresa":{"cnpj":"78950011000120","razaoSocial":"HERBARIUM LABORATORIO BOTANICO LTDA","numeroAutorizacao":"1018606","cnpjFormatado":"78.950.011/0001-20"},"processo":{"numero":"25351011439200360","situacao":29,"numeroProcessoFormatado":"25351.011439/2003-60"}},{"ordem":40,"produto":{"codigo":169763,"nome":"GARRA DO DIABO HERBARIUM","numeroRegistro":"118600035","tipo":{"codigo":1,"descricao":null},"categoria":null,"situacaoRotulo":null,"dataVencimento":null,"mesAnoVencimento":"012028","dataVencimentoRegistro":"2028-01-01T00:00:00.000-0300","principioAtivo":"HARPAGOPHYTUM PROCUMBENS DC. EX MEISSN.","situacaoApresentacao":"Válido","dataRegistro":"2003-01-16T00:00:00.000-0300","categoriaRegulatoria":{"codigo":4,"descricao":"Fitoterápico"},"medicamentoReferencia":null,"categoriaProduto":null,"tipoAutorizacao":"REGISTRADO","acancelar":false,"mesAnoVencimentoFormatado":"01/2028","numeroRegistroFormatado":"118600035"},"empresa":{"cnpj":"78950011000120","razaoSocial":"HERBARIUM LABORATORIO BOTANICO LTDA","numeroAutorizacao":"1018606","cnpjFormatado":"78.950.011/0001-20"},"processo":{"numero":"2502323003695","situacao":29,"numeroProcessoFormatado":"25023.230036/95"}},{"ordem":41,"produto":{"codigo":165798,"nome":"GENGIBRE HERBARIUM","numeroRegistro":"118600036","tipo":{"codigo":1,"descricao":null},"categoria":null,"situacaoRotulo":null,"dataVencimento":null,"mesAnoVencimento":"012008","dataVencimentoRegistro":"2008-01-01T00:00:00.000-0300","principioAtivo":null,"situacaoApresentacao":"Caduco/Cancelado","dataRegistro":"2003-01-27T00:00:00.000-0300","categoriaRegulatoria":{"codigo":4,"descricao":"Fitoterápico"},"medicamentoReferencia":null,"categoriaProduto":null,"tipoAutorizacao":"REGISTRADO","acancelar":false,"mesAnoVencimentoFormatado":"01/2008","numeroRegistroFormatado":"118600036"},"empresa":{"cnpj":"78950011000120","razaoSocial":"HERBARIUM LABORATORIO BOTANICO LTDA","numeroAutorizacao":"1018606","cnpjFormatado":"78.950.011/0001-20"},"processo":{"numero":"25351213990200265","situacao":29,"numeroProcessoFormatado":"25351.213990/2002-65"}},{"ordem":42,"produto":{"codigo":137703,"nome":"GINKGO HERBARIUM","numeroRegistro":"118600021","tipo":{"codigo":1,"descricao":null},"categoria":null,"situacaoRotulo":null,"dataVencimento":null,"mesAnoVencimento":"082007","dataVencimentoRegistro":"2007-08-01T00:00:00.000-0300","principioAtivo":null,"situacaoApresentacao":"Caduco/Cancelado","dataRegistro":"2002-08-26T00:00:00.000-0300","categoriaRegulatoria":{"codigo":4,"descricao":"Fitoterápico"},"medicamentoReferencia":null,"categoriaProduto":null,"tipoAutorizacao":"REGISTRADO","acancelar":false,"mesAnoVencimentoFormatado":"08/2007","numeroRegistroFormatado":"118600021"},"empresa":{"cnpj":"78950011000120","razaoSocial":"HERBARIUM LABORATORIO BOTANICO LTDA","numeroAutorizacao":"1018606","cnpjFormatado":"78.950.011/0001-20"},"processo":{"numero":"253510321760190","situacao":29,"numeroProcessoFormatado":"25351.032176/01-90"}},{"ordem":43,"produto":{"codigo":540075,"nome":"GINKGO HERBARIUM","numeroRegistro":"118600082","tipo":{"codigo":1,"descricao":null},"categoria":null,"situacaoRotulo":null,"dataVencimento":null,"mesAnoVencimento":"122027","dataVencimentoRegistro":"2027-12-01T00:00:00.000-0300","principioAtivo":"GINKGO BILOBA L.","situacaoApresentacao":"Válido","dataRegistro":"2007-12-17T00:00:00.000-0300","categoriaRegulatoria":{"codigo":4,"descricao":"Fitoterápico"},"medicamentoReferencia":null,"categoriaProduto":null,"tipoAutorizacao":"REGISTRADO","acancelar":false,"mesAnoVencimentoFormatado":"12/2027","numeroRegistroFormatado":"118600082"},"empresa":{"cnpj":"78950011000120","razaoSocial":"HERBARIUM LABORATORIO BOTANICO LTDA","numeroAutorizacao":"1018606","cnpjFormatado":"78.950.011/0001-20"},"processo":{"numero":"25351400903200712","situacao":29,"numeroProcessoFormatado":"25351.400903/2007-12"}},{"ordem":44,"produto":{"codigo":144461,"nome":"GINSENG BRASILEIRO  HERBARIUM","numeroRegistro":"118600027","tipo":{"codigo":1,"descricao":null},"categoria":null,"situacaoRotulo":null,"dataVencimento":null,"mesAnoVencimento":"112012","dataVencimentoRegistro":"2012-11-01T00:00:00.000-0300","principioAtivo":null,"situacaoApresentacao":"Caduco/Cancelado","dataRegistro":"2002-11-07T00:00:00.000-0300","categoriaRegulatoria":{"codigo":4,"descricao":"Fitoterápico"},"medicamentoReferencia":null,"categoriaProduto":null,"tipoAutorizacao":"REGISTRADO","acancelar":false,"mesAnoVencimentoFormatado":"11/2012","numeroRegistroFormatado":"118600027"},"empresa":{"cnpj":"78950011000120","razaoSocial":"HERBARIUM LABORATORIO BOTANICO LTDA","numeroAutorizacao":"1018606","cnpjFormatado":"78.950.011/0001-20"},"processo":{"numero":"25351204887200224","situacao":29,"numeroProcessoFormatado":"25351.204887/2002-24"}},{"ordem":45,"produto":{"codigo":523371,"nome":"GUACO EDULITO HERBARIUM","numeroRegistro":"118600078","tipo":{"codigo":1,"descricao":null},"categoria":null,"situacaoRotulo":null,"dataVencimento":null,"mesAnoVencimento":"082027","dataVencimentoRegistro":"2027-08-01T00:00:00.000-0300","principioAtivo":"MIKANIA GLOMERATA SPRENG.","situacaoApresentacao":"Válido","dataRegistro":"2007-08-27T00:00:00.000-0300","categoriaRegulatoria":{"codigo":4,"descricao":"Fitoterápico"},"medicamentoReferencia":null,"categoriaProduto":null,"tipoAutorizacao":"REGISTRADO","acancelar":false,"mesAnoVencimentoFormatado":"08/2027","numeroRegistroFormatado":"118600078"},"empresa":{"cnpj":"78950011000120","razaoSocial":"HERBARIUM LABORATORIO BOTANICO LTDA","numeroAutorizacao":"1018606","cnpjFormatado":"78.950.011/0001-20"},"processo":{"numero":"25351002561200779","situacao":29,"numeroProcessoFormatado":"25351.002561/2007-79"}},{"ordem":46,"produto":{"codigo":284873,"nome":"GUARANÁ","numeroRegistro":"118600045","tipo":{"codigo":1,"descricao":null},"categoria":null,"situacaoRotulo":null,"dataVencimento":null,"mesAnoVencimento":"082008","dataVencimentoRegistro":"2008-08-01T00:00:00.000-0300","principioAtivo":null,"situacaoApresentacao":"Caduco/Cancelado","dataRegistro":"2003-08-11T00:00:00.000-0300","categoriaRegulatoria":{"codigo":4,"descricao":"Fitoterápico"},"medicamentoReferencia":null,"categoriaProduto":null,"tipoAutorizacao":"REGISTRADO","acancelar":false,"mesAnoVencimentoFormatado":"08/2008","numeroRegistroFormatado":"118600045"},"empresa":{"cnpj":"78950011000120","razaoSocial":"HERBARIUM LABORATORIO BOTANICO LTDA","numeroAutorizacao":"1018606","cnpjFormatado":"78.950.011/0001-20"},"processo":{"numero":"25351021021200361","situacao":29,"numeroProcessoFormatado":"25351.021021/2003-61"}},{"ordem":47,"produto":{"codigo":274925,"nome":"GUARANÁ  GOTAS","numeroRegistro":"118600044","tipo":{"codigo":1,"descricao":null},"categoria":null,"situacaoRotulo":null,"dataVencimento":null,"mesAnoVencimento":"062008","dataVencimentoRegistro":"2008-06-01T00:00:00.000-0300","principioAtivo":null,"situacaoApresentacao":"Caduco/Cancelado","dataRegistro":"2003-06-20T00:00:00.000-0300","categoriaRegulatoria":{"codigo":4,"descricao":"Fitoterápico"},"medicamentoReferencia":null,"categoriaProduto":null,"tipoAutorizacao":"REGISTRADO","acancelar":false,"mesAnoVencimentoFormatado":"06/2008","numeroRegistroFormatado":"118600044"},"empresa":{"cnpj":"78950011000120","razaoSocial":"HERBARIUM LABORATORIO BOTANICO LTDA","numeroAutorizacao":"1018606","cnpjFormatado":"78.950.011/0001-20"},"processo":{"numero":"25351013749200319","situacao":29,"numeroProcessoFormatado":"25351.013749/2003-19"}},{"ordem":48,"produto":{"codigo":641758,"nome":"HELIORAL","numeroRegistro":"118600095","tipo":{"codigo":1,"descricao":null},"categoria":null,"situacaoRotulo":null,"dataVencimento":null,"mesAnoVencimento":"072021","dataVencimentoRegistro":"2021-07-01T00:00:00.000-0300","principioAtivo":null,"situacaoApresentacao":"Caduco/Cancelado","dataRegistro":"2011-07-25T00:00:00.000-0300","categoriaRegulatoria":{"codigo":4,"descricao":"Fitoterápico"},"medicamentoReferencia":null,"categoriaProduto":null,"tipoAutorizacao":"REGISTRADO","acancelar":false,"mesAnoVencimentoFormatado":"07/2021","numeroRegistroFormatado":"118600095"},"empresa":{"cnpj":"78950011000120","razaoSocial":"HERBARIUM LABORATORIO BOTANICO LTDA","numeroAutorizacao":"1018606","cnpjFormatado":"78.950.011/0001-20"},"processo":{"numero":"25351126147200966","situacao":29,"numeroProcessoFormatado":"25351.126147/2009-66"}},{"ordem":49,"produto":{"codigo":331096,"nome":"HEMOPLANT","numeroRegistro":"118600064","tipo":{"codigo":1,"descricao":null},"categoria":null,"situacaoRotulo":null,"dataVencimento":null,"mesAnoVencimento":"122009","dataVencimentoRegistro":"2009-12-01T00:00:00.000-0300","principioAtivo":null,"situacaoApresentacao":"Caduco/Cancelado","dataRegistro":"2004-12-22T00:00:00.000-0300","categoriaRegulatoria":{"codigo":4,"descricao":"Fitoterápico"},"medicamentoReferencia":null,"categoriaProduto":null,"tipoAutorizacao":"REGISTRADO","acancelar":false,"mesAnoVencimentoFormatado":"12/2009","numeroRegistroFormatado":"118600064"},"empresa":{"cnpj":"78950011000120","razaoSocial":"HERBARIUM LABORATORIO BOTANICO LTDA","numeroAutorizacao":"1018606","cnpjFormatado":"78.950.011/0001-20"},"processo":{"numero":"25351030384200397","situacao":29,"numeroProcessoFormatado":"25351.030384/2003-97"}},{"ordem":50,"produto":{"codigo":679843,"nome":"HEMOPLANT","numeroRegistro":"118600092","tipo":{"codigo":1,"descricao":null},"categoria":null,"situacaoRotulo":null,"dataVencimento":null,"mesAnoVencimento":"072015","dataVencimentoRegistro":"2015-07-01T00:00:00.000-0300","principioAtivo":null,"situacaoApresentacao":"Caduco/Cancelado","dataRegistro":"2010-07-12T00:00:00.000-0300","categoriaRegulatoria":{"codigo":4,"descricao":"Fitoterápico"},"medicamentoReferencia":null,"categoriaProduto":null,"tipoAutorizacao":"REGISTRADO","acancelar":false,"mesAnoVencimentoFormatado":"07/2015","numeroRegistroFormatado":"118600092"},"empresa":{"cnpj":"78950011000120","razaoSocial":"HERBARIUM LABORATORIO BOTANICO LTDA","numeroAutorizacao":"1018606","cnpjFormatado":"78.950.011/0001-20"},"processo":{"numero":"25351475809200916","situacao":29,"numeroProcessoFormatado":"25351.475809/2009-16"}},{"ordem":51,"produto":{"codigo":521878,"nome":"HEPALIVE S.O.","numeroRegistro":"118600076","tipo":{"codigo":1,"descricao":null},"categoria":null,"situacaoRotulo":null,"dataVencimento":"2027-08-03T00:00:00.000-0300","mesAnoVencimento":"082027","dataVencimentoRegistro":"2027-08-01T00:00:00.000-0300","principioAtivo":null,"situacaoApresentacao":"Caduco/Cancelado","dataRegistro":"2007-08-13T00:00:00.000-0300","categoriaRegulatoria":{"codigo":4,"descricao":"Fitoterápico"},"medicamentoReferencia":null,"categoriaProduto":null,"tipoAutorizacao":"REGISTRADO","acancelar":false,"mesAnoVencimentoFormatado":"08/2027","numeroRegistroFormatado":"118600076"},"empresa":{"cnpj":"78950011000120","razaoSocial":"HERBARIUM LABORATORIO BOTANICO LTDA","numeroAutorizacao":"1018606","cnpjFormatado":"78.950.011/0001-20"},"processo":{"numero":"25351002713200733","situacao":29,"numeroProcessoFormatado":"25351.002713/2007-33"}},{"ordem":52,"produto":{"codigo":4060,"nome":"HIPERICIN","numeroRegistro":"118600003","tipo":{"codigo":1,"descricao":null},"categoria":null,"situacaoRotulo":null,"dataVencimento":null,"mesAnoVencimento":"012026","dataVencimentoRegistro":"2026-01-01T00:00:00.000-0300","principioAtivo":"HYPERICUM PERFORATUM L.","situacaoApresentacao":"Válido","dataRegistro":"2001-01-26T00:00:00.000-0300","categoriaRegulatoria":{"codigo":4,"descricao":"Fitoterápico"},"medicamentoReferencia":null,"categoriaProduto":null,"tipoAutorizacao":"REGISTRADO","acancelar":false,"mesAnoVencimentoFormatado":"01/2026","numeroRegistroFormatado":"118600003"},"empresa":{"cnpj":"78950011000120","razaoSocial":"HERBARIUM LABORATORIO BOTANICO LTDA","numeroAutorizacao":"1018606","cnpjFormatado":"78.950.011/0001-20"},"processo":{"numero":"250000269719805","situacao":29,"numeroProcessoFormatado":"25000.026971/98-05"}},{"ordem":53,"produto":{"codigo":137723,"nome":"HIPERICO GOTAS","numeroRegistro":"118600017","tipo":{"codigo":1,"descricao":null},"categoria":null,"situacaoRotulo":null,"dataVencimento":null,"mesAnoVencimento":"082007","dataVencimentoRegistro":"2007-08-01T00:00:00.000-0300","principioAtivo":null,"situacaoApresentacao":"Caduco/Cancelado","dataRegistro":"2002-08-05T00:00:00.000-0300","categoriaRegulatoria":{"codigo":4,"descricao":"Fitoterápico"},"medicamentoReferencia":null,"categoriaProduto":null,"tipoAutorizacao":"REGISTRADO","acancelar":false,"mesAnoVencimentoFormatado":"08/2007","numeroRegistroFormatado":"118600017"},"empresa":{"cnpj":"78950011000120","razaoSocial":"HERBARIUM LABORATORIO BOTANICO LTDA","numeroAutorizacao":"1018606","cnpjFormatado":"78.950.011/0001-20"},"processo":{"numero":"253510195940155","situacao":29,"numeroProcessoFormatado":"25351.019594/01-55"}},{"ordem":54,"produto":{"codigo":141080,"nome":"HIPERICO HERBARIUM","numeroRegistro":"118600023","tipo":{"codigo":1,"descricao":null},"categoria":null,"situacaoRotulo":null,"dataVencimento":null,"mesAnoVencimento":"092007","dataVencimentoRegistro":"2007-09-01T00:00:00.000-0300","principioAtivo":null,"situacaoApresentacao":"Caduco/Cancelado","dataRegistro":"2002-09-19T00:00:00.000-0300","categoriaRegulatoria":{"codigo":4,"descricao":"Fitoterápico"},"medicamentoReferencia":null,"categoriaProduto":null,"tipoAutorizacao":"REGISTRADO","acancelar":false,"mesAnoVencimentoFormatado":"09/2007","numeroRegistroFormatado":"118600023"},"empresa":{"cnpj":"78950011000120","razaoSocial":"HERBARIUM LABORATORIO BOTANICO LTDA","numeroAutorizacao":"1018606","cnpjFormatado":"78.950.011/0001-20"},"processo":{"numero":"253510321750127","situacao":29,"numeroProcessoFormatado":"25351.032175/01-27"}},{"ordem":55,"produto":{"codigo":538029,"nome":"HIPÉRICO HERBARIUM","numeroRegistro":"118600081","tipo":{"codigo":1,"descricao":null},"categoria":null,"situacaoRotulo":null,"dataVencimento":null,"mesAnoVencimento":"112027","dataVencimentoRegistro":"2027-11-01T00:00:00.000-0300","principioAtivo":"HYPERICUM PERFORATUM L.","situacaoApresentacao":"Válido","dataRegistro":"2007-11-12T00:00:00.000-0300","categoriaRegulatoria":{"codigo":4,"descricao":"Fitoterápico"},"medicamentoReferencia":null,"categoriaProduto":null,"tipoAutorizacao":"REGISTRADO","acancelar":false,"mesAnoVencimentoFormatado":"11/2027","numeroRegistroFormatado":"118600081"},"empresa":{"cnpj":"78950011000120","razaoSocial":"HERBARIUM LABORATORIO BOTANICO LTDA","numeroAutorizacao":"1018606","cnpjFormatado":"78.950.011/0001-20"},"processo":{"numero":"25351282257200703","situacao":29,"numeroProcessoFormatado":"25351.282257/2007-03"}},{"ordem":56,"produto":{"codigo":3792,"nome":"IMUNNAL","numeroRegistro":"118600008","tipo":{"codigo":1,"descricao":null},"categoria":null,"situacaoRotulo":null,"dataVencimento":null,"mesAnoVencimento":"102006","dataVencimentoRegistro":"2006-10-01T00:00:00.000-0300","principioAtivo":null,"situacaoApresentacao":"Caduco/Cancelado","dataRegistro":"2001-10-10T00:00:00.000-0300","categoriaRegulatoria":{"codigo":4,"descricao":"Fitoterápico"},"medicamentoReferencia":null,"categoriaProduto":null,"tipoAutorizacao":"REGISTRADO","acancelar":false,"mesAnoVencimentoFormatado":"10/2006","numeroRegistroFormatado":"118600008"},"empresa":{"cnpj":"78950011000120","razaoSocial":"HERBARIUM LABORATORIO BOTANICO LTDA","numeroAutorizacao":"1018606","cnpjFormatado":"78.950.011/0001-20"},"processo":{"numero":"2502323013095","situacao":29,"numeroProcessoFormatado":"25023.230130/95"}},{"ordem":57,"produto":{"codigo":501667,"nome":"IMUNOFLAN","numeroRegistro":"118600089","tipo":{"codigo":1,"descricao":null},"categoria":null,"situacaoRotulo":null,"dataVencimento":null,"mesAnoVencimento":"112028","dataVencimentoRegistro":"2028-11-01T00:00:00.000-0300","principioAtivo":"Pelargonium sidoides DC.","situacaoApresentacao":"Válido","dataRegistro":"2008-11-03T00:00:00.000-0300","categoriaRegulatoria":{"codigo":4,"descricao":"Fitoterápico"},"medicamentoReferencia":null,"categoriaProduto":null,"tipoAutorizacao":"REGISTRADO","acancelar":false,"mesAnoVencimentoFormatado":"11/2028","numeroRegistroFormatado":"118600089"},"empresa":{"cnpj":"78950011000120","razaoSocial":"HERBARIUM LABORATORIO BOTANICO LTDA","numeroAutorizacao":"1018606","cnpjFormatado":"78.950.011/0001-20"},"processo":{"numero":"25351440032200699","situacao":29,"numeroProcessoFormatado":"25351.440032/2006-99"}},{"ordem":58,"produto":{"codigo":404513,"nome":"IMUNOMAX GEL","numeroRegistro":"118600069","tipo":{"codigo":1,"descricao":null},"categoria":null,"situacaoRotulo":null,"dataVencimento":null,"mesAnoVencimento":"042025","dataVencimentoRegistro":"2025-04-01T00:00:00.000-0300","principioAtivo":null,"situacaoApresentacao":"Caduco/Cancelado","dataRegistro":"2005-04-14T00:00:00.000-0300","categoriaRegulatoria":{"codigo":4,"descricao":"Fitoterápico"},"medicamentoReferencia":null,"categoriaProduto":null,"tipoAutorizacao":"REGISTRADO","acancelar":false,"mesAnoVencimentoFormatado":"04/2025","numeroRegistroFormatado":"118600069"},"empresa":{"cnpj":"78950011000120","razaoSocial":"HERBARIUM LABORATORIO BOTANICO LTDA","numeroAutorizacao":"1018606","cnpjFormatado":"78.950.011/0001-20"},"processo":{"numero":"25351302813200414","situacao":29,"numeroProcessoFormatado":"25351.302813/2004-14"}},{"ordem":59,"produto":{"codigo":165120,"nome":"ISOFLAVINE","numeroRegistro":"118600028","tipo":{"codigo":1,"descricao":null},"categoria":null,"situacaoRotulo":null,"dataVencimento":null,"mesAnoVencimento":"112027","dataVencimentoRegistro":"2027-11-01T00:00:00.000-0300","principioAtivo":"GLYCINE MAX (L.) MERR.","situacaoApresentacao":"Válido","dataRegistro":"2002-11-28T00:00:00.000-0300","categoriaRegulatoria":{"codigo":4,"descricao":"Fitoterápico"},"medicamentoReferencia":null,"categoriaProduto":null,"tipoAutorizacao":"REGISTRADO","acancelar":false,"mesAnoVencimentoFormatado":"11/2027","numeroRegistroFormatado":"118600028"},"empresa":{"cnpj":"78950011000120","razaoSocial":"HERBARIUM LABORATORIO BOTANICO LTDA","numeroAutorizacao":"1018606","cnpjFormatado":"78.950.011/0001-20"},"processo":{"numero":"253510371750112","situacao":29,"numeroProcessoFormatado":"25351.037175/01-12"}},{"ordem":60,"produto":{"codigo":1418675,"nome":"KALOBA","numeroRegistro":"118600101","tipo":{"codigo":1,"descricao":null},"categoria":null,"situacaoRotulo":null,"dataVencimento":null,"mesAnoVencimento":"112029","dataVencimentoRegistro":"2029-11-01T00:00:00.000-0300","principioAtivo":"Pelargonium sidoides DC.","situacaoApresentacao":"Válido","dataRegistro":"2020-06-29T00:00:00.000-0300","categoriaRegulatoria":{"codigo":4,"descricao":"Fitoterápico"},"medicamentoReferencia":null,"categoriaProduto":null,"tipoAutorizacao":"REGISTRADO","acancelar":false,"mesAnoVencimentoFormatado":"11/2029","numeroRegistroFormatado":"118600101"},"empresa":{"cnpj":"78950011000120","razaoSocial":"HERBARIUM LABORATORIO BOTANICO LTDA","numeroAutorizacao":"1018606","cnpjFormatado":"78.950.011/0001-20"},"processo":{"numero":"25351251668202016","situacao":29,"numeroProcessoFormatado":"25351.251668/2020-16"}},{"ordem":61,"produto":{"codigo":68409,"nome":"KAVA KAVA GOTAS","numeroRegistro":"118600012","tipo":{"codigo":1,"descricao":null},"categoria":null,"situacaoRotulo":null,"dataVencimento":null,"mesAnoVencimento":"032007","dataVencimentoRegistro":"2007-03-01T00:00:00.000-0300","principioAtivo":null,"situacaoApresentacao":"Caduco/Cancelado","dataRegistro":"2002-03-14T00:00:00.000-0300","categoriaRegulatoria":{"codigo":4,"descricao":"Fitoterápico"},"medicamentoReferencia":null,"categoriaProduto":null,"tipoAutorizacao":"REGISTRADO","acancelar":false,"mesAnoVencimentoFormatado":"03/2007","numeroRegistroFormatado":"118600012"},"empresa":{"cnpj":"78950011000120","razaoSocial":"HERBARIUM LABORATORIO BOTANICO LTDA","numeroAutorizacao":"1018606","cnpjFormatado":"78.950.011/0001-20"},"processo":{"numero":"253510213020181","situacao":29,"numeroProcessoFormatado":"25351.021302/01-81"}},{"ordem":62,"produto":{"codigo":145168,"nome":"KAVA KAVA HERBARIUM","numeroRegistro":"118600033","tipo":{"codigo":1,"descricao":null},"categoria":null,"situacaoRotulo":null,"dataVencimento":null,"mesAnoVencimento":"012028","dataVencimentoRegistro":"2028-01-01T00:00:00.000-0300","principioAtivo":"PIPER METHYSTICUM G. FORST.","situacaoApresentacao":"Válido","dataRegistro":"2003-01-03T00:00:00.000-0300","categoriaRegulatoria":{"codigo":4,"descricao":"Fitoterápico"},"medicamentoReferencia":null,"categoriaProduto":null,"tipoAutorizacao":"REGISTRADO","acancelar":false,"mesAnoVencimentoFormatado":"01/2028","numeroRegistroFormatado":"118600033"},"empresa":{"cnpj":"78950011000120","razaoSocial":"HERBARIUM LABORATORIO BOTANICO LTDA","numeroAutorizacao":"1018606","cnpjFormatado":"78.950.011/0001-20"},"processo":{"numero":"25351201804200245","situacao":29,"numeroProcessoFormatado":"25351.201804/2002-45"}},{"ordem":63,"produto":{"codigo":3274704,"nome":"LUFTALAX","numeroRegistro":"118600102","tipo":{"codigo":1,"descricao":null},"categoria":null,"situacaoRotulo":null,"dataVencimento":null,"mesAnoVencimento":"052032","dataVencimentoRegistro":"2032-05-01T00:00:00.000-0300","principioAtivo":null,"situacaoApresentacao":"Caduco/Cancelado","dataRegistro":"2022-05-02T00:00:00.000-0300","categoriaRegulatoria":{"codigo":4,"descricao":"Fitoterápico"},"medicamentoReferencia":null,"categoriaProduto":null,"tipoAutorizacao":"REGISTRADO","acancelar":false,"mesAnoVencimentoFormatado":"05/2032","numeroRegistroFormatado":"118600102"},"empresa":{"cnpj":"78950011000120","razaoSocial":"HERBARIUM LABORATORIO BOTANICO LTDA","numeroAutorizacao":"1018606","cnpjFormatado":"78.950.011/0001-20"},"processo":{"numero":"25351032236202270","situacao":29,"numeroProcessoFormatado":"25351.032236/2022-70"}},{"ordem":64,"produto":{"codigo":502914,"nome":"LUTENE","numeroRegistro":"118600077","tipo":{"codigo":1,"descricao":null},"categoria":null,"situacaoRotulo":null,"dataVencimento":null,"mesAnoVencimento":"082012","dataVencimentoRegistro":"2012-08-01T00:00:00.000-0300","principioAtivo":null,"situacaoApresentacao":"Caduco/Cancelado","dataRegistro":"2007-08-27T00:00:00.000-0300","categoriaRegulatoria":{"codigo":4,"descricao":"Fitoterápico"},"medicamentoReferencia":null,"categoriaProduto":null,"tipoAutorizacao":"REGISTRADO","acancelar":false,"mesAnoVencimentoFormatado":"08/2012","numeroRegistroFormatado":"118600077"},"empresa":{"cnpj":"78950011000120","razaoSocial":"HERBARIUM LABORATORIO BOTANICO LTDA","numeroAutorizacao":"1018606","cnpjFormatado":"78.950.011/0001-20"},"processo":{"numero":"25351468366200627","situacao":29,"numeroProcessoFormatado":"25351.468366/2006-27"}},{"ordem":65,"produto":{"codigo":4077,"nome":"LUTENE HERBARIUM","numeroRegistro":"118600005","tipo":{"codigo":1,"descricao":null},"categoria":null,"situacaoRotulo":null,"dataVencimento":null,"mesAnoVencimento":"082006","dataVencimentoRegistro":"2006-08-01T00:00:00.000-0300","principioAtivo":null,"situacaoApresentacao":"Caduco/Cancelado","dataRegistro":"2001-08-15T00:00:00.000-0300","categoriaRegulatoria":{"codigo":4,"descricao":"Fitoterápico"},"medicamentoReferencia":null,"categoriaProduto":null,"tipoAutorizacao":"REGISTRADO","acancelar":false,"mesAnoVencimentoFormatado":"08/2006","numeroRegistroFormatado":"118600005"},"empresa":{"cnpj":"78950011000120","razaoSocial":"HERBARIUM LABORATORIO BOTANICO LTDA","numeroAutorizacao":"1018606","cnpjFormatado":"78.950.011/0001-20"},"processo":{"numero":"2502302135499","situacao":29,"numeroProcessoFormatado":"25023.021354/99"}},{"ordem":66,"produto":{"codigo":336709,"nome":"MARACUJA  GOTAS","numeroRegistro":"118600046","tipo":{"codigo":1,"descricao":null},"categoria":null,"situacaoRotulo":null,"dataVencimento":null,"mesAnoVencimento":"112008","dataVencimentoRegistro":"2008-11-01T00:00:00.000-0300","principioAtivo":null,"situacaoApresentacao":"Caduco/Cancelado","dataRegistro":"2003-11-14T00:00:00.000-0300","categoriaRegulatoria":{"codigo":4,"descricao":"Fitoterápico"},"medicamentoReferencia":null,"categoriaProduto":null,"tipoAutorizacao":"REGISTRADO","acancelar":false,"mesAnoVencimentoFormatado":"11/2008","numeroRegistroFormatado":"118600046"},"empresa":{"cnpj":"78950011000120","razaoSocial":"HERBARIUM LABORATORIO BOTANICO LTDA","numeroAutorizacao":"1018606","cnpjFormatado":"78.950.011/0001-20"},"processo":{"numero":"25351039693200322","situacao":29,"numeroProcessoFormatado":"25351.039693/2003-22"}},{"ordem":67,"produto":{"codigo":135752,"nome":"MARACUJÁ HERBARIUM","numeroRegistro":"118600025","tipo":{"codigo":1,"descricao":null},"categoria":null,"situacaoRotulo":null,"dataVencimento":null,"mesAnoVencimento":"092027","dataVencimentoRegistro":"2027-09-01T00:00:00.000-0300","principioAtivo":"Passiflora incarnata L.","situacaoApresentacao":"Válido","dataRegistro":"2002-10-02T00:00:00.000-0300","categoriaRegulatoria":{"codigo":4,"descricao":"Fitoterápico"},"medicamentoReferencia":null,"categoriaProduto":null,"tipoAutorizacao":"REGISTRADO","acancelar":false,"mesAnoVencimentoFormatado":"09/2027","numeroRegistroFormatado":"118600025"},"empresa":{"cnpj":"78950011000120","razaoSocial":"HERBARIUM LABORATORIO BOTANICO LTDA","numeroAutorizacao":"1018606","cnpjFormatado":"78.950.011/0001-20"},"processo":{"numero":"25351180343200260","situacao":29,"numeroProcessoFormatado":"25351.180343/2002-60"}},{"ordem":68,"produto":{"codigo":686456,"nome":"PASSIENE","numeroRegistro":"118600094","tipo":{"codigo":1,"descricao":null},"categoria":null,"situacaoRotulo":null,"dataVencimento":null,"mesAnoVencimento":"012026","dataVencimentoRegistro":"2026-01-01T00:00:00.000-0300","principioAtivo":"Passiflora incarnata L.","situacaoApresentacao":"Válido","dataRegistro":"2011-01-24T00:00:00.000-0300","categoriaRegulatoria":{"codigo":4,"descricao":"Fitoterápico"},"medicamentoReferencia":null,"categoriaProduto":null,"tipoAutorizacao":"REGISTRADO","acancelar":false,"mesAnoVencimentoFormatado":"01/2026","numeroRegistroFormatado":"118600094"},"empresa":{"cnpj":"78950011000120","razaoSocial":"HERBARIUM LABORATORIO BOTANICO LTDA","numeroAutorizacao":"1018606","cnpjFormatado":"78.950.011/0001-20"},"processo":{"numero":"25351612713200976","situacao":29,"numeroProcessoFormatado":"25351.612713/2009-76"}},{"ordem":69,"produto":{"codigo":3302337,"nome":"PETAMIG","numeroRegistro":"118600103","tipo":{"codigo":1,"descricao":null},"categoria":null,"situacaoRotulo":null,"dataVencimento":null,"mesAnoVencimento":"052032","dataVencimentoRegistro":"2032-05-01T00:00:00.000-0300","principioAtivo":"PETASITES HYBRIDUS (L.) GAERTN., B. MEY. ET SCHERB","situacaoApresentacao":"Válido","dataRegistro":"2022-05-16T00:00:00.000-0300","categoriaRegulatoria":{"codigo":4,"descricao":"Fitoterápico"},"medicamentoReferencia":null,"categoriaProduto":null,"tipoAutorizacao":"REGISTRADO","acancelar":false,"mesAnoVencimentoFormatado":"05/2032","numeroRegistroFormatado":"118600103"},"empresa":{"cnpj":"78950011000120","razaoSocial":"HERBARIUM LABORATORIO BOTANICO LTDA","numeroAutorizacao":"1018606","cnpjFormatado":"78.950.011/0001-20"},"processo":{"numero":"25351650873202141","situacao":29,"numeroProcessoFormatado":"25351.650873/2021-41"}},{"ordem":70,"produto":{"codigo":3373611,"nome":"PHYTOCRAN","numeroRegistro":"118600105","tipo":{"codigo":1,"descricao":null},"categoria":null,"situacaoRotulo":null,"dataVencimento":"2033-07-10T00:00:00.000-0300","mesAnoVencimento":"072033","dataVencimentoRegistro":"2033-07-01T00:00:00.000-0300","principioAtivo":"VACCINIUM MACROCARPON AITON","situacaoApresentacao":"Válido","dataRegistro":"2023-07-10T00:00:00.000-0300","categoriaRegulatoria":{"codigo":4,"descricao":"Fitoterápico"},"medicamentoReferencia":null,"categoriaProduto":null,"tipoAutorizacao":"REGISTRADO","acancelar":false,"mesAnoVencimentoFormatado":"07/2033","numeroRegistroFormatado":"118600105"},"empresa":{"cnpj":"78950011000120","razaoSocial":"HERBARIUM LABORATORIO BOTANICO LTDA","numeroAutorizacao":"1018606","cnpjFormatado":"78.950.011/0001-20"},"processo":{"numero":"25351373459202111","situacao":29,"numeroProcessoFormatado":"25351.373459/2021-11"}},{"ordem":71,"produto":{"codigo":104,"nome":"PROSTATAL","numeroRegistro":"118600004","tipo":{"codigo":1,"descricao":null},"categoria":null,"situacaoRotulo":null,"dataVencimento":null,"mesAnoVencimento":"062011","dataVencimentoRegistro":"2011-06-01T00:00:00.000-0300","principioAtivo":null,"situacaoApresentacao":"Caduco/Cancelado","dataRegistro":"2001-06-13T00:00:00.000-0300","categoriaRegulatoria":{"codigo":4,"descricao":"Fitoterápico"},"medicamentoReferencia":null,"categoriaProduto":null,"tipoAutorizacao":"REGISTRADO","acancelar":false,"mesAnoVencimentoFormatado":"06/2011","numeroRegistroFormatado":"118600004"},"empresa":{"cnpj":"78950011000120","razaoSocial":"HERBARIUM LABORATORIO BOTANICO LTDA","numeroAutorizacao":"1018606","cnpjFormatado":"78.950.011/0001-20"},"processo":{"numero":"2502302148899","situacao":29,"numeroProcessoFormatado":"25023.021488/99"}},{"ordem":72,"produto":{"codigo":945583,"nome":"PROSTATAL","numeroRegistro":"118600097","tipo":{"codigo":1,"descricao":null},"categoria":null,"situacaoRotulo":null,"dataVencimento":null,"mesAnoVencimento":"032029","dataVencimentoRegistro":"2029-03-01T00:00:00.000-0300","principioAtivo":"SERENOA REPENS (W. BARTRAM) SMALL","situacaoApresentacao":"Válido","dataRegistro":"2014-03-17T00:00:00.000-0300","categoriaRegulatoria":{"codigo":4,"descricao":"Fitoterápico"},"medicamentoReferencia":null,"categoriaProduto":null,"tipoAutorizacao":"REGISTRADO","acancelar":false,"mesAnoVencimentoFormatado":"03/2029","numeroRegistroFormatado":"118600097"},"empresa":{"cnpj":"78950011000120","razaoSocial":"HERBARIUM LABORATORIO BOTANICO LTDA","numeroAutorizacao":"1018606","cnpjFormatado":"78.950.011/0001-20"},"processo":{"numero":"25351068936201119","situacao":29,"numeroProcessoFormatado":"25351.068936/2011-19"}},{"ordem":73,"produto":{"codigo":404637,"nome":"Passiene","numeroRegistro":"118600068","tipo":{"codigo":1,"descricao":null},"categoria":null,"situacaoRotulo":null,"dataVencimento":null,"mesAnoVencimento":"042010","dataVencimentoRegistro":"2010-04-01T00:00:00.000-0300","principioAtivo":null,"situacaoApresentacao":"Caduco/Cancelado","dataRegistro":"2005-04-12T00:00:00.000-0300","categoriaRegulatoria":{"codigo":4,"descricao":"Fitoterápico"},"medicamentoReferencia":null,"categoriaProduto":null,"tipoAutorizacao":"REGISTRADO","acancelar":false,"mesAnoVencimentoFormatado":"04/2010","numeroRegistroFormatado":"118600068"},"empresa":{"cnpj":"78950011000120","razaoSocial":"HERBARIUM LABORATORIO BOTANICO LTDA","numeroAutorizacao":"1018606","cnpjFormatado":"78.950.011/0001-20"},"processo":{"numero":"25351302998200467","situacao":29,"numeroProcessoFormatado":"25351.302998/2004-67"}},{"ordem":74,"produto":{"codigo":145157,"nome":"RECALM","numeroRegistro":"118600032","tipo":{"codigo":1,"descricao":null},"categoria":null,"situacaoRotulo":null,"dataVencimento":null,"mesAnoVencimento":"012028","dataVencimentoRegistro":"2028-01-01T00:00:00.000-0300","principioAtivo":null,"situacaoApresentacao":"Caduco/Cancelado","dataRegistro":"2003-01-03T00:00:00.000-0300","categoriaRegulatoria":{"codigo":4,"descricao":"Fitoterápico"},"medicamentoReferencia":null,"categoriaProduto":null,"tipoAutorizacao":"REGISTRADO","acancelar":false,"mesAnoVencimentoFormatado":"01/2028","numeroRegistroFormatado":"118600032"},"empresa":{"cnpj":"78950011000120","razaoSocial":"HERBARIUM LABORATORIO BOTANICO LTDA","numeroAutorizacao":"1018606","cnpjFormatado":"78.950.011/0001-20"},"processo":{"numero":"25351201803200209","situacao":29,"numeroProcessoFormatado":"25351.201803/2002-09"}},{"ordem":75,"produto":{"codigo":567234,"nome":"SENE HERBARIUM","numeroRegistro":"118600087","tipo":{"codigo":1,"descricao":null},"categoria":null,"situacaoRotulo":null,"dataVencimento":null,"mesAnoVencimento":"072028","dataVencimentoRegistro":"2028-07-01T00:00:00.000-0300","principioAtivo":"SENNA ALEXANDRINA MILL.","situacaoApresentacao":"Válido","dataRegistro":"2008-07-21T00:00:00.000-0300","categoriaRegulatoria":{"codigo":4,"descricao":"Fitoterápico"},"medicamentoReferencia":null,"categoriaProduto":null,"tipoAutorizacao":"REGISTRADO","acancelar":false,"mesAnoVencimentoFormatado":"07/2028","numeroRegistroFormatado":"118600087"},"empresa":{"cnpj":"78950011000120","razaoSocial":"HERBARIUM LABORATORIO BOTANICO LTDA","numeroAutorizacao":"1018606","cnpjFormatado":"78.950.011/0001-20"},"processo":{"numero":"25351080192200836","situacao":29,"numeroProcessoFormatado":"25351.080192/2008-36"}},{"ordem":76,"produto":{"codigo":162979,"nome":"SENE HERBARIUM","numeroRegistro":"118600030","tipo":{"codigo":1,"descricao":null},"categoria":null,"situacaoRotulo":null,"dataVencimento":null,"mesAnoVencimento":"122007","dataVencimentoRegistro":"2007-12-01T00:00:00.000-0300","principioAtivo":null,"situacaoApresentacao":"Caduco/Cancelado","dataRegistro":"2002-12-12T00:00:00.000-0300","categoriaRegulatoria":{"codigo":4,"descricao":"Fitoterápico"},"medicamentoReferencia":null,"categoriaProduto":null,"tipoAutorizacao":"REGISTRADO","acancelar":false,"mesAnoVencimentoFormatado":"12/2007","numeroRegistroFormatado":"118600030"},"empresa":{"cnpj":"78950011000120","razaoSocial":"HERBARIUM LABORATORIO BOTANICO LTDA","numeroAutorizacao":"1018606","cnpjFormatado":"78.950.011/0001-20"},"processo":{"numero":"25351212073200263","situacao":29,"numeroProcessoFormatado":"25351.212073/2002-63"}},{"ordem":77,"produto":{"codigo":137847,"nome":"TANACETO HERBARIUM","numeroRegistro":"118600016","tipo":{"codigo":1,"descricao":null},"categoria":null,"situacaoRotulo":null,"dataVencimento":null,"mesAnoVencimento":"072007","dataVencimentoRegistro":"2007-07-01T00:00:00.000-0300","principioAtivo":null,"situacaoApresentacao":"Caduco/Cancelado","dataRegistro":"2002-07-22T00:00:00.000-0300","categoriaRegulatoria":{"codigo":4,"descricao":"Fitoterápico"},"medicamentoReferencia":null,"categoriaProduto":null,"tipoAutorizacao":"REGISTRADO","acancelar":false,"mesAnoVencimentoFormatado":"07/2007","numeroRegistroFormatado":"118600016"},"empresa":{"cnpj":"78950011000120","razaoSocial":"HERBARIUM LABORATORIO BOTANICO LTDA","numeroAutorizacao":"1018606","cnpjFormatado":"78.950.011/0001-20"},"processo":{"numero":"2502322014399","situacao":29,"numeroProcessoFormatado":"25023.220143/99"}},{"ordem":78,"produto":{"codigo":1418692,"nome":"TEBONIN","numeroRegistro":"118600100","tipo":{"codigo":1,"descricao":null},"categoria":null,"situacaoRotulo":null,"dataVencimento":null,"mesAnoVencimento":"102025","dataVencimentoRegistro":"2025-10-01T00:00:00.000-0300","principioAtivo":"GINKGO BILOBA L.","situacaoApresentacao":"Válido","dataRegistro":"2020-06-29T00:00:00.000-0300","categoriaRegulatoria":{"codigo":4,"descricao":"Fitoterápico"},"medicamentoReferencia":null,"categoriaProduto":null,"tipoAutorizacao":"REGISTRADO","acancelar":false,"mesAnoVencimentoFormatado":"10/2025","numeroRegistroFormatado":"118600100"},"empresa":{"cnpj":"78950011000120","razaoSocial":"HERBARIUM LABORATORIO BOTANICO LTDA","numeroAutorizacao":"1018606","cnpjFormatado":"78.950.011/0001-20"},"processo":{"numero":"25351200478202031","situacao":29,"numeroProcessoFormatado":"25351.200478/2020-31"}},{"ordem":79,"produto":{"codigo":518,"nome":"TINTURA DE CASTANHA DA INDIA HERBARIUM","numeroRegistro":"118600011","tipo":{"codigo":1,"descricao":null},"categoria":null,"situacaoRotulo":null,"dataVencimento":null,"mesAnoVencimento":"122006","dataVencimentoRegistro":"2006-12-01T00:00:00.000-0300","principioAtivo":null,"situacaoApresentacao":"Caduco/Cancelado","dataRegistro":"2001-12-21T00:00:00.000-0200","categoriaRegulatoria":{"codigo":4,"descricao":"Fitoterápico"},"medicamentoReferencia":null,"categoriaProduto":null,"tipoAutorizacao":"REGISTRADO","acancelar":false,"mesAnoVencimentoFormatado":"12/2006","numeroRegistroFormatado":"118600011"},"empresa":{"cnpj":"78950011000120","razaoSocial":"HERBARIUM LABORATORIO BOTANICO LTDA","numeroAutorizacao":"1018606","cnpjFormatado":"78.950.011/0001-20"},"processo":{"numero":"253510213030143","situacao":29,"numeroProcessoFormatado":"25351.021303/01-43"}},{"ordem":80,"produto":{"codigo":169748,"nome":"TINTURA DE EQUINACEA HERBARIUM","numeroRegistro":"118600034","tipo":{"codigo":1,"descricao":null},"categoria":null,"situacaoRotulo":null,"dataVencimento":null,"mesAnoVencimento":"122007","dataVencimentoRegistro":"2007-12-01T00:00:00.000-0300","principioAtivo":null,"situacaoApresentacao":"Caduco/Cancelado","dataRegistro":"2003-01-08T00:00:00.000-0300","categoriaRegulatoria":{"codigo":4,"descricao":"Fitoterápico"},"medicamentoReferencia":null,"categoriaProduto":null,"tipoAutorizacao":"REGISTRADO","acancelar":false,"mesAnoVencimentoFormatado":"12/2007","numeroRegistroFormatado":"118600034"},"empresa":{"cnpj":"78950011000120","razaoSocial":"HERBARIUM LABORATORIO BOTANICO LTDA","numeroAutorizacao":"1018606","cnpjFormatado":"78.950.011/0001-20"},"processo":{"numero":"253510212020136","situacao":29,"numeroProcessoFormatado":"25351.021202/01-36"}},{"ordem":81,"produto":{"codigo":7857,"nome":"TINTURA DE TANACETUM HERBARIUM","numeroRegistro":"118600010","tipo":{"codigo":1,"descricao":null},"categoria":null,"situacaoRotulo":null,"dataVencimento":null,"mesAnoVencimento":"122006","dataVencimentoRegistro":"2006-12-01T00:00:00.000-0300","principioAtivo":null,"situacaoApresentacao":"Caduco/Cancelado","dataRegistro":"2001-12-21T00:00:00.000-0200","categoriaRegulatoria":{"codigo":4,"descricao":"Fitoterápico"},"medicamentoReferencia":null,"categoriaProduto":null,"tipoAutorizacao":"REGISTRADO","acancelar":false,"mesAnoVencimentoFormatado":"12/2006","numeroRegistroFormatado":"118600010"},"empresa":{"cnpj":"78950011000120","razaoSocial":"HERBARIUM LABORATORIO BOTANICO LTDA","numeroAutorizacao":"1018606","cnpjFormatado":"78.950.011/0001-20"},"processo":{"numero":"253510213000155","situacao":29,"numeroProcessoFormatado":"25351.021300/01-55"}},{"ordem":82,"produto":{"codigo":139004,"nome":"UNHA DE GATO HERBARIUM","numeroRegistro":"118600024","tipo":{"codigo":1,"descricao":null},"categoria":null,"situacaoRotulo":null,"dataVencimento":null,"mesAnoVencimento":"092017","dataVencimentoRegistro":"2017-09-01T00:00:00.000-0300","principioAtivo":null,"situacaoApresentacao":"Caduco/Cancelado","dataRegistro":"2002-09-18T00:00:00.000-0300","categoriaRegulatoria":{"codigo":4,"descricao":"Fitoterápico"},"medicamentoReferencia":null,"categoriaProduto":null,"tipoAutorizacao":"REGISTRADO","acancelar":false,"mesAnoVencimentoFormatado":"09/2017","numeroRegistroFormatado":"118600024"},"empresa":{"cnpj":"78950011000120","razaoSocial":"HERBARIUM LABORATORIO BOTANICO LTDA","numeroAutorizacao":"1018606","cnpjFormatado":"78.950.011/0001-20"},"processo":{"numero":"25351164314200251","situacao":29,"numeroProcessoFormatado":"25351.164314/2002-51"}},{"ordem":83,"produto":{"codigo":271112,"nome":"VENOVITAL","numeroRegistro":"118600072","tipo":{"codigo":1,"descricao":null},"categoria":null,"situacaoRotulo":null,"dataVencimento":null,"mesAnoVencimento":"072015","dataVencimentoRegistro":"2015-07-01T00:00:00.000-0300","principioAtivo":null,"situacaoApresentacao":"Caduco/Cancelado","dataRegistro":"2005-07-11T00:00:00.000-0300","categoriaRegulatoria":{"codigo":4,"descricao":"Fitoterápico"},"medicamentoReferencia":null,"categoriaProduto":null,"tipoAutorizacao":"REGISTRADO","acancelar":false,"mesAnoVencimentoFormatado":"07/2015","numeroRegistroFormatado":"118600072"},"empresa":{"cnpj":"78950011000120","razaoSocial":"HERBARIUM LABORATORIO BOTANICO LTDA","numeroAutorizacao":"1018606","cnpjFormatado":"78.950.011/0001-20"},"processo":{"numero":"25351011441200339","situacao":29,"numeroProcessoFormatado":"25351.011441/2003-39"}},{"ordem":84,"produto":{"codigo":446196,"nome":"VITAMAX COMPLEX B","numeroRegistro":"118600074","tipo":{"codigo":1,"descricao":null},"categoria":null,"situacaoRotulo":null,"dataVencimento":null,"mesAnoVencimento":"092011","dataVencimentoRegistro":"2011-09-01T00:00:00.000-0300","principioAtivo":null,"situacaoApresentacao":"Caduco/Cancelado","dataRegistro":"2006-09-26T00:00:00.000-0300","categoriaRegulatoria":{"codigo":3,"descricao":"Específico"},"medicamentoReferencia":null,"categoriaProduto":null,"tipoAutorizacao":"REGISTRADO","acancelar":false,"mesAnoVencimentoFormatado":"09/2011","numeroRegistroFormatado":"118600074"},"empresa":{"cnpj":"78950011000120","razaoSocial":"HERBARIUM LABORATORIO BOTANICO LTDA","numeroAutorizacao":"1018606","cnpjFormatado":"78.950.011/0001-20"},"processo":{"numero":"25351033676200624","situacao":29,"numeroProcessoFormatado":"25351.033676/2006-24"}},{"ordem":85,"produto":{"codigo":585463,"nome":"VITAMAX OXI","numeroRegistro":"118600090","tipo":{"codigo":1,"descricao":null},"categoria":null,"situacaoRotulo":null,"dataVencimento":null,"mesAnoVencimento":"032014","dataVencimentoRegistro":"2014-03-01T00:00:00.000-0300","principioAtivo":null,"situacaoApresentacao":"Caduco/Cancelado","dataRegistro":"2009-03-23T00:00:00.000-0300","categoriaRegulatoria":{"codigo":3,"descricao":"Específico"},"medicamentoReferencia":null,"categoriaProduto":null,"tipoAutorizacao":"REGISTRADO","acancelar":false,"mesAnoVencimentoFormatado":"03/2014","numeroRegistroFormatado":"118600090"},"empresa":{"cnpj":"78950011000120","razaoSocial":"HERBARIUM LABORATORIO BOTANICO LTDA","numeroAutorizacao":"1018606","cnpjFormatado":"78.950.011/0001-20"},"processo":{"numero":"25351314147200891","situacao":29,"numeroProcessoFormatado":"25351.314147/2008-91"}},{"ordem":86,"produto":{"codigo":126643,"nome":"VITEX HERBARIUM","numeroRegistro":"118600014","tipo":{"codigo":1,"descricao":null},"categoria":null,"situacaoRotulo":null,"dataVencimento":null,"mesAnoVencimento":"042007","dataVencimentoRegistro":"2007-04-01T00:00:00.000-0300","principioAtivo":null,"situacaoApresentacao":"Caduco/Cancelado","dataRegistro":"2002-05-08T00:00:00.000-0300","categoriaRegulatoria":{"codigo":4,"descricao":"Fitoterápico"},"medicamentoReferencia":null,"categoriaProduto":null,"tipoAutorizacao":"REGISTRADO","acancelar":false,"mesAnoVencimentoFormatado":"04/2007","numeroRegistroFormatado":"118600014"},"empresa":{"cnpj":"78950011000120","razaoSocial":"HERBARIUM LABORATORIO BOTANICO LTDA","numeroAutorizacao":"1018606","cnpjFormatado":"78.950.011/0001-20"},"processo":{"numero":"2502322002098","situacao":29,"numeroProcessoFormatado":"25023.220020/98"}},{"ordem":87,"produto":{"codigo":361136,"nome":"VITTIS","numeroRegistro":"118600062","tipo":{"codigo":1,"descricao":null},"categoria":null,"situacaoRotulo":null,"dataVencimento":null,"mesAnoVencimento":"072014","dataVencimentoRegistro":"2014-07-01T00:00:00.000-0300","principioAtivo":null,"situacaoApresentacao":"Caduco/Cancelado","dataRegistro":"2004-07-05T00:00:00.000-0300","categoriaRegulatoria":{"codigo":4,"descricao":"Fitoterápico"},"medicamentoReferencia":null,"categoriaProduto":null,"tipoAutorizacao":"REGISTRADO","acancelar":false,"mesAnoVencimentoFormatado":"07/2014","numeroRegistroFormatado":"118600062"},"empresa":{"cnpj":"78950011000120","razaoSocial":"HERBARIUM LABORATORIO BOTANICO LTDA","numeroAutorizacao":"1018606","cnpjFormatado":"78.950.011/0001-20"},"processo":{"numero":"25351062131200382","situacao":29,"numeroProcessoFormatado":"25351.062131/2003-82"}},{"ordem":88,"produto":{"codigo":404692,"nome":"Vitamax Oxi","numeroRegistro":"118600071","tipo":{"codigo":1,"descricao":null},"categoria":null,"situacaoRotulo":null,"dataVencimento":null,"mesAnoVencimento":"042010","dataVencimentoRegistro":"2010-04-01T00:00:00.000-0300","principioAtivo":null,"situacaoApresentacao":"Caduco/Cancelado","dataRegistro":"2005-04-19T00:00:00.000-0300","categoriaRegulatoria":{"codigo":3,"descricao":"Específico"},"medicamentoReferencia":null,"categoriaProduto":null,"tipoAutorizacao":"REGISTRADO","acancelar":false,"mesAnoVencimentoFormatado":"04/2010","numeroRegistroFormatado":"118600071"},"empresa":{"cnpj":"78950011000120","razaoSocial":"HERBARIUM LABORATORIO BOTANICO LTDA","numeroAutorizacao":"1018606","cnpjFormatado":"78.950.011/0001-20"},"processo":{"numero":"25351303772200483","situacao":29,"numeroProcessoFormatado":"25351.303772/2004-83"}},{"ordem":89,"produto":{"codigo":171993,"nome":"XAROPE DE GUACO HERBARIUM","numeroRegistro":"118600039","tipo":{"codigo":1,"descricao":null},"categoria":null,"situacaoRotulo":null,"dataVencimento":null,"mesAnoVencimento":"042028","dataVencimentoRegistro":"2028-04-01T00:00:00.000-0300","principioAtivo":"MIKANIA GLOMERATA SPRENG.","situacaoApresentacao":"Válido","dataRegistro":"2003-04-24T00:00:00.000-0300","categoriaRegulatoria":{"codigo":4,"descricao":"Fitoterápico"},"medicamentoReferencia":null,"categoriaProduto":null,"tipoAutorizacao":"REGISTRADO","acancelar":false,"mesAnoVencimentoFormatado":"04/2028","numeroRegistroFormatado":"118600039"},"empresa":{"cnpj":"78950011000120","razaoSocial":"HERBARIUM LABORATORIO BOTANICO LTDA","numeroAutorizacao":"1018606","cnpjFormatado":"78.950.011/0001-20"},"processo":{"numero":"25351222594200229","situacao":29,"numeroProcessoFormatado":"25351.222594/2002-29"}},{"ordem":90,"produto":{"codigo":888415,"nome":"ZINGIB","numeroRegistro":"118600096","tipo":{"codigo":1,"descricao":null},"categoria":null,"situacaoRotulo":null,"dataVencimento":null,"mesAnoVencimento":"072018","dataVencimentoRegistro":"2018-07-01T00:00:00.000-0300","principioAtivo":null,"situacaoApresentacao":"Caduco/Cancelado","dataRegistro":"2013-07-01T00:00:00.000-0300","categoriaRegulatoria":{"codigo":4,"descricao":"Fitoterápico"},"medicamentoReferencia":null,"categoriaProduto":null,"tipoAutorizacao":"REGISTRADO","acancelar":false,"mesAnoVencimentoFormatado":"07/2018","numeroRegistroFormatado":"118600096"},"empresa":{"cnpj":"78950011000120","razaoSocial":"HERBARIUM LABORATORIO BOTANICO LTDA","numeroAutorizacao":"1018606","cnpjFormatado":"78.950.011/0001-20"},"processo":{"numero":"25351639790201228","situacao":29,"numeroProcessoFormatado":"25351.639790/2012-28"}},{"ordem":91,"produto":{"codigo":630,"nome":"ÓLEO DE ALHO","numeroRegistro":"118600002","tipo":{"codigo":1,"descricao":null},"categoria":null,"situacaoRotulo":null,"dataVencimento":null,"mesAnoVencimento":"112005","dataVencimentoRegistro":"2005-11-01T00:00:00.000-0300","principioAtivo":null,"situacaoApresentacao":"Caduco/Cancelado","dataRegistro":"2000-11-28T00:00:00.000-0300","categoriaRegulatoria":{"codigo":4,"descricao":"Fitoterápico"},"medicamentoReferencia":null,"categoriaProduto":null,"tipoAutorizacao":"REGISTRADO","acancelar":false,"mesAnoVencimentoFormatado":"11/2005","numeroRegistroFormatado":"118600002"},"empresa":{"cnpj":"78950011000120","razaoSocial":"HERBARIUM LABORATORIO BOTANICO LTDA","numeroAutorizacao":"1018606","cnpjFormatado":"78.950.011/0001-20"},"processo":{"numero":"2502322037396","situacao":29,"numeroProcessoFormatado":"25023.220373/96"}}],"totalElements":91,"totalPages":1,"last":true,"numberOfElements":91,"first":true,"sort":null,"size":1000,"number":0}