{"content":[{"ordem":1,"produto":{"codigo":1337114,"nome":"ACLAF","numeroRegistro":"103850115","tipo":{"codigo":1,"descricao":null},"categoria":null,"situacaoRotulo":null,"dataVencimento":null,"mesAnoVencimento":"072029","dataVencimentoRegistro":"2029-07-01T00:00:00.000-0300","principioAtivo":"AMOXICILINA TRI-hIDRATADA, CLAVULANATO DE POTÁSSIO","situacaoApresentacao":"Válido","dataRegistro":"2019-07-22T00:00:00.000-0300","categoriaRegulatoria":{"codigo":8,"descricao":"Similar"},"medicamentoReferencia":"Clavulin BD","categoriaProduto":null,"tipoAutorizacao":"REGISTRADO","mesAnoVencimentoFormatado":"07/2029","numeroRegistroFormatado":"103850115","acancelar":false},"empresa":{"cnpj":"83874628000143","razaoSocial":"LABORATÓRIO FARMACÊUTICO ELOFAR LTDA","numeroAutorizacao":"1003851","cnpjFormatado":"83.874.628/0001-43"},"processo":{"numero":"25351191156201950","situacao":29,"numeroProcessoFormatado":"25351.191156/2019-50"}},{"ordem":2,"produto":{"codigo":1339223,"nome":"ACLAF","numeroRegistro":"103850116","tipo":{"codigo":1,"descricao":null},"categoria":null,"situacaoRotulo":null,"dataVencimento":null,"mesAnoVencimento":"072029","dataVencimentoRegistro":"2029-07-01T00:00:00.000-0300","principioAtivo":"AMOXICILINA TRI-hIDRATADA, CLAVULANATO DE POTÁSSIO","situacaoApresentacao":"Válido","dataRegistro":"2019-07-29T00:00:00.000-0300","categoriaRegulatoria":{"codigo":8,"descricao":"Similar"},"medicamentoReferencia":"clavulin BD","categoriaProduto":null,"tipoAutorizacao":"REGISTRADO","mesAnoVencimentoFormatado":"07/2029","numeroRegistroFormatado":"103850116","acancelar":false},"empresa":{"cnpj":"83874628000143","razaoSocial":"LABORATÓRIO FARMACÊUTICO ELOFAR LTDA","numeroAutorizacao":"1003851","cnpjFormatado":"83.874.628/0001-43"},"processo":{"numero":"25351191169201929","situacao":29,"numeroProcessoFormatado":"25351.191169/2019-29"}},{"ordem":3,"produto":{"codigo":5805,"nome":"ALDOPA","numeroRegistro":"103850075","tipo":{"codigo":1,"descricao":null},"categoria":null,"situacaoRotulo":null,"dataVencimento":null,"mesAnoVencimento":"032006","dataVencimentoRegistro":"2006-03-01T00:00:00.000-0300","principioAtivo":null,"situacaoApresentacao":"Caduco/Cancelado","dataRegistro":"1996-03-01T00:00:00.000-0300","categoriaRegulatoria":{"codigo":8,"descricao":"Similar"},"medicamentoReferencia":null,"categoriaProduto":null,"tipoAutorizacao":"REGISTRADO","mesAnoVencimentoFormatado":"03/2006","numeroRegistroFormatado":"103850075","acancelar":false},"empresa":{"cnpj":"83874628000143","razaoSocial":"LABORATÓRIO FARMACÊUTICO ELOFAR LTDA","numeroAutorizacao":"1003851","cnpjFormatado":"83.874.628/0001-43"},"processo":{"numero":"250000100469557","situacao":29,"numeroProcessoFormatado":"25000.010046/95-57"}},{"ordem":4,"produto":{"codigo":734,"nome":"AMOXICILINA","numeroRegistro":"103850086","tipo":{"codigo":1,"descricao":null},"categoria":null,"situacaoRotulo":null,"dataVencimento":null,"mesAnoVencimento":"052002","dataVencimentoRegistro":"2002-05-01T00:00:00.000-0300","principioAtivo":null,"situacaoApresentacao":"Caduco/Cancelado","dataRegistro":"1997-05-08T00:00:00.000-0300","categoriaRegulatoria":{"codigo":8,"descricao":"Similar"},"medicamentoReferencia":null,"categoriaProduto":null,"tipoAutorizacao":"REGISTRADO","mesAnoVencimentoFormatado":"05/2002","numeroRegistroFormatado":"103850086","acancelar":false},"empresa":{"cnpj":"83874628000143","razaoSocial":"LABORATÓRIO FARMACÊUTICO ELOFAR LTDA","numeroAutorizacao":"1003851","cnpjFormatado":"83.874.628/0001-43"},"processo":{"numero":"250000274239603","situacao":29,"numeroProcessoFormatado":"25000.027423/96-03"}},{"ordem":5,"produto":{"codigo":7316,"nome":"ASMAKIL","numeroRegistro":"103850057","tipo":{"codigo":1,"descricao":null},"categoria":null,"situacaoRotulo":null,"dataVencimento":null,"mesAnoVencimento":"062013","dataVencimentoRegistro":"2013-06-01T00:00:00.000-0300","principioAtivo":null,"situacaoApresentacao":"Caduco/Cancelado","dataRegistro":"2000-03-02T00:00:00.000-0300","categoriaRegulatoria":{"codigo":8,"descricao":"Similar"},"medicamentoReferencia":null,"categoriaProduto":null,"tipoAutorizacao":"REGISTRADO","mesAnoVencimentoFormatado":"06/2013","numeroRegistroFormatado":"103850057","acancelar":false},"empresa":{"cnpj":"83874628000143","razaoSocial":"LABORATÓRIO FARMACÊUTICO ELOFAR LTDA","numeroAutorizacao":"1003851","cnpjFormatado":"83.874.628/0001-43"},"processo":{"numero":"2500100422186","situacao":29,"numeroProcessoFormatado":"25001.004221/86"}},{"ordem":6,"produto":{"codigo":125572,"nome":"ATOSSION","numeroRegistro":"103850002","tipo":{"codigo":1,"descricao":null},"categoria":null,"situacaoRotulo":null,"dataVencimento":null,"mesAnoVencimento":"032027","dataVencimentoRegistro":"2027-03-01T00:00:00.000-0300","principioAtivo":"DROPROPIZINA","situacaoApresentacao":"Válido","dataRegistro":"2002-03-08T00:00:00.000-0300","categoriaRegulatoria":{"codigo":8,"descricao":"Similar"},"medicamentoReferencia":null,"categoriaProduto":null,"tipoAutorizacao":"REGISTRADO","mesAnoVencimentoFormatado":"03/2027","numeroRegistroFormatado":"103850002","acancelar":false},"empresa":{"cnpj":"83874628000143","razaoSocial":"LABORATÓRIO FARMACÊUTICO ELOFAR LTDA","numeroAutorizacao":"1003851","cnpjFormatado":"83.874.628/0001-43"},"processo":{"numero":"2599200999440","situacao":29,"numeroProcessoFormatado":"25992.009994/40"}},{"ordem":7,"produto":{"codigo":388733,"nome":"BACFAR","numeroRegistro":"103850003","tipo":{"codigo":1,"descricao":null},"categoria":null,"situacaoRotulo":null,"dataVencimento":"2025-01-15T00:00:00.000-0300","mesAnoVencimento":"012025","dataVencimentoRegistro":"2025-01-01T00:00:00.000-0300","principioAtivo":"SULFAMETOXAZOL, TRIMETOPRIMA","situacaoApresentacao":"Válido","dataRegistro":"2004-11-11T00:00:00.000-0300","categoriaRegulatoria":{"codigo":8,"descricao":"Similar"},"medicamentoReferencia":"BACTRIM","categoriaProduto":null,"tipoAutorizacao":"REGISTRADO","mesAnoVencimentoFormatado":"01/2025","numeroRegistroFormatado":"103850003","acancelar":false},"empresa":{"cnpj":"83874628000143","razaoSocial":"LABORATÓRIO FARMACÊUTICO ELOFAR LTDA","numeroAutorizacao":"1003851","cnpjFormatado":"83.874.628/0001-43"},"processo":{"numero":"2599100984379","situacao":29,"numeroProcessoFormatado":"25991.009843/79"}},{"ordem":8,"produto":{"codigo":570344,"nome":"BENZEVIT","numeroRegistro":"103850004","tipo":{"codigo":1,"descricao":null},"categoria":null,"situacaoRotulo":null,"dataVencimento":null,"mesAnoVencimento":"082029","dataVencimentoRegistro":"2029-08-01T00:00:00.000-0300","principioAtivo":"ÓXIDO DE ZINCO, NISTATINA","situacaoApresentacao":"Válido","dataRegistro":"1979-08-07T00:00:00.000-0300","categoriaRegulatoria":{"codigo":8,"descricao":"Similar"},"medicamentoReferencia":null,"categoriaProduto":null,"tipoAutorizacao":"REGISTRADO","mesAnoVencimentoFormatado":"08/2029","numeroRegistroFormatado":"103850004","acancelar":false},"empresa":{"cnpj":"83874628000143","razaoSocial":"LABORATÓRIO FARMACÊUTICO ELOFAR LTDA","numeroAutorizacao":"1003851","cnpjFormatado":"83.874.628/0001-43"},"processo":{"numero":"2599100599177","situacao":29,"numeroProcessoFormatado":"25991.005991/77"}},{"ordem":9,"produto":{"codigo":373951,"nome":"BIALERGE","numeroRegistro":"103850005","tipo":{"codigo":1,"descricao":null},"categoria":null,"situacaoRotulo":null,"dataVencimento":null,"mesAnoVencimento":"102029","dataVencimentoRegistro":"2029-10-01T00:00:00.000-0300","principioAtivo":"MALEATO DE BRONFENIRAMINA, CLORIDRATO DE FENILEFRINA","situacaoApresentacao":"Válido","dataRegistro":"1991-09-04T00:00:00.000-0300","categoriaRegulatoria":{"codigo":8,"descricao":"Similar"},"medicamentoReferencia":null,"categoriaProduto":null,"tipoAutorizacao":"REGISTRADO","mesAnoVencimentoFormatado":"10/2029","numeroRegistroFormatado":"103850005","acancelar":false},"empresa":{"cnpj":"83874628000143","razaoSocial":"LABORATÓRIO FARMACÊUTICO ELOFAR LTDA","numeroAutorizacao":"1003851","cnpjFormatado":"83.874.628/0001-43"},"processo":{"numero":"2599200379170","situacao":29,"numeroProcessoFormatado":"25992.003791/70"}},{"ordem":10,"produto":{"codigo":5941,"nome":"BIO - VAGIN","numeroRegistro":"103850007","tipo":{"codigo":1,"descricao":null},"categoria":null,"situacaoRotulo":null,"dataVencimento":null,"mesAnoVencimento":null,"dataVencimentoRegistro":null,"principioAtivo":null,"situacaoApresentacao":"Caduco/Cancelado","dataRegistro":"2001-07-13T00:00:00.000-0300","categoriaRegulatoria":{"codigo":8,"descricao":"Similar"},"medicamentoReferencia":null,"categoriaProduto":null,"tipoAutorizacao":"REGISTRADO","mesAnoVencimentoFormatado":"","numeroRegistroFormatado":"103850007","acancelar":false},"empresa":{"cnpj":"83874628000143","razaoSocial":"LABORATÓRIO FARMACÊUTICO ELOFAR LTDA","numeroAutorizacao":"1003851","cnpjFormatado":"83.874.628/0001-43"},"processo":{"numero":"2599101986075","situacao":29,"numeroProcessoFormatado":"25991.019860/75"}},{"ordem":11,"produto":{"codigo":2436,"nome":"CIPROFAR","numeroRegistro":"103850087","tipo":{"codigo":1,"descricao":null},"categoria":null,"situacaoRotulo":null,"dataVencimento":null,"mesAnoVencimento":"062029","dataVencimentoRegistro":"2029-06-01T00:00:00.000-0300","principioAtivo":"cloridrato de ciprofloxacino monoidratado","situacaoApresentacao":"Válido","dataRegistro":"1999-06-14T00:00:00.000-0300","categoriaRegulatoria":{"codigo":8,"descricao":"Similar"},"medicamentoReferencia":"CIPRO","categoriaProduto":null,"tipoAutorizacao":"REGISTRADO","mesAnoVencimentoFormatado":"06/2029","numeroRegistroFormatado":"103850087","acancelar":false},"empresa":{"cnpj":"83874628000143","razaoSocial":"LABORATÓRIO FARMACÊUTICO ELOFAR LTDA","numeroAutorizacao":"1003851","cnpjFormatado":"83.874.628/0001-43"},"processo":{"numero":"250000194899810","situacao":29,"numeroProcessoFormatado":"25000.019489/98-10"}},{"ordem":12,"produto":{"codigo":2123,"nome":"CLORANFENICOL","numeroRegistro":"103850009","tipo":{"codigo":1,"descricao":null},"categoria":null,"situacaoRotulo":null,"dataVencimento":null,"mesAnoVencimento":"032002","dataVencimentoRegistro":"2002-03-01T00:00:00.000-0300","principioAtivo":null,"situacaoApresentacao":"Caduco/Cancelado","dataRegistro":"2000-03-02T00:00:00.000-0300","categoriaRegulatoria":{"codigo":8,"descricao":"Similar"},"medicamentoReferencia":null,"categoriaProduto":null,"tipoAutorizacao":"REGISTRADO","mesAnoVencimentoFormatado":"03/2002","numeroRegistroFormatado":"103850009","acancelar":false},"empresa":{"cnpj":"83874628000143","razaoSocial":"LABORATÓRIO FARMACÊUTICO ELOFAR LTDA","numeroAutorizacao":"1003851","cnpjFormatado":"83.874.628/0001-43"},"processo":{"numero":"2599201569164","situacao":29,"numeroProcessoFormatado":"25992.015691/64"}},{"ordem":13,"produto":{"codigo":770769,"nome":"CORTIFAR","numeroRegistro":"103850110","tipo":{"codigo":1,"descricao":null},"categoria":null,"situacaoRotulo":null,"dataVencimento":null,"mesAnoVencimento":"092028","dataVencimentoRegistro":"2028-09-01T00:00:00.000-0300","principioAtivo":"DIPROPIONATO DE BETAMETASONA","situacaoApresentacao":"Válido","dataRegistro":"2013-09-23T00:00:00.000-0300","categoriaRegulatoria":{"codigo":8,"descricao":"Similar"},"medicamentoReferencia":"DIPROSONE","categoriaProduto":null,"tipoAutorizacao":"REGISTRADO","mesAnoVencimentoFormatado":"09/2028","numeroRegistroFormatado":"103850110","acancelar":false},"empresa":{"cnpj":"83874628000143","razaoSocial":"LABORATÓRIO FARMACÊUTICO ELOFAR LTDA","numeroAutorizacao":"1003851","cnpjFormatado":"83.874.628/0001-43"},"processo":{"numero":"25351433039201170","situacao":29,"numeroProcessoFormatado":"25351.433039/2011-70"}},{"ordem":14,"produto":{"codigo":3024,"nome":"DIACLOR","numeroRegistro":"103850082","tipo":{"codigo":1,"descricao":null},"categoria":null,"situacaoRotulo":null,"dataVencimento":null,"mesAnoVencimento":"102001","dataVencimentoRegistro":"2001-10-01T00:00:00.000-0300","principioAtivo":null,"situacaoApresentacao":"Caduco/Cancelado","dataRegistro":"1996-10-17T00:00:00.000-0300","categoriaRegulatoria":{"codigo":8,"descricao":"Similar"},"medicamentoReferencia":null,"categoriaProduto":null,"tipoAutorizacao":"REGISTRADO","mesAnoVencimentoFormatado":"10/2001","numeroRegistroFormatado":"103850082","acancelar":false},"empresa":{"cnpj":"83874628000143","razaoSocial":"LABORATÓRIO FARMACÊUTICO ELOFAR LTDA","numeroAutorizacao":"1003851","cnpjFormatado":"83.874.628/0001-43"},"processo":{"numero":"250000063469668","situacao":29,"numeroProcessoFormatado":"25000.006346/96-68"}},{"ordem":15,"produto":{"codigo":3694,"nome":"DIPFAR","numeroRegistro":"103850071","tipo":{"codigo":1,"descricao":null},"categoria":null,"situacaoRotulo":null,"dataVencimento":null,"mesAnoVencimento":"092005","dataVencimentoRegistro":"2005-09-01T00:00:00.000-0300","principioAtivo":null,"situacaoApresentacao":"Caduco/Cancelado","dataRegistro":"1995-09-15T00:00:00.000-0300","categoriaRegulatoria":{"codigo":8,"descricao":"Similar"},"medicamentoReferencia":null,"categoriaProduto":null,"tipoAutorizacao":"REGISTRADO","mesAnoVencimentoFormatado":"09/2005","numeroRegistroFormatado":"103850071","acancelar":false},"empresa":{"cnpj":"83874628000143","razaoSocial":"LABORATÓRIO FARMACÊUTICO ELOFAR LTDA","numeroAutorizacao":"1003851","cnpjFormatado":"83.874.628/0001-43"},"processo":{"numero":"250000147878879","situacao":29,"numeroProcessoFormatado":"25000.014787/88-79"}},{"ordem":16,"produto":{"codigo":3632,"nome":"DIPIRONA + TONZILAMINA","numeroRegistro":"103850027","tipo":{"codigo":1,"descricao":null},"categoria":null,"situacaoRotulo":null,"dataVencimento":null,"mesAnoVencimento":"092005","dataVencimentoRegistro":"2005-09-01T00:00:00.000-0300","principioAtivo":null,"situacaoApresentacao":"Caduco/Cancelado","dataRegistro":"2000-11-08T00:00:00.000-0300","categoriaRegulatoria":{"codigo":8,"descricao":"Similar"},"medicamentoReferencia":null,"categoriaProduto":null,"tipoAutorizacao":"REGISTRADO","mesAnoVencimentoFormatado":"09/2005","numeroRegistroFormatado":"103850027","acancelar":false},"empresa":{"cnpj":"83874628000143","razaoSocial":"LABORATÓRIO FARMACÊUTICO ELOFAR LTDA","numeroAutorizacao":"1003851","cnpjFormatado":"83.874.628/0001-43"},"processo":{"numero":"2599100615080","situacao":29,"numeroProcessoFormatado":"25991.006150/80"}},{"ordem":17,"produto":{"codigo":1372035,"nome":"DIVEINS","numeroRegistro":"103850117","tipo":{"codigo":1,"descricao":null},"categoria":null,"situacaoRotulo":null,"dataVencimento":null,"mesAnoVencimento":"122030","dataVencimentoRegistro":"2030-12-01T00:00:00.000-0300","principioAtivo":"DIOSMINA, HESPERIDINA","situacaoApresentacao":"Válido","dataRegistro":"2020-12-14T00:00:00.000-0300","categoriaRegulatoria":{"codigo":3,"descricao":"Específico"},"medicamentoReferencia":null,"categoriaProduto":null,"tipoAutorizacao":"REGISTRADO","mesAnoVencimentoFormatado":"12/2030","numeroRegistroFormatado":"103850117","acancelar":false},"empresa":{"cnpj":"83874628000143","razaoSocial":"LABORATÓRIO FARMACÊUTICO ELOFAR LTDA","numeroAutorizacao":"1003851","cnpjFormatado":"83.874.628/0001-43"},"processo":{"numero":"25351673177201999","situacao":29,"numeroProcessoFormatado":"25351.673177/2019-99"}},{"ordem":18,"produto":{"codigo":137516,"nome":"ELOFURAN","numeroRegistro":"103850015","tipo":{"codigo":1,"descricao":null},"categoria":null,"situacaoRotulo":null,"dataVencimento":null,"mesAnoVencimento":"062007","dataVencimentoRegistro":"2007-06-01T00:00:00.000-0300","principioAtivo":null,"situacaoApresentacao":"Caduco/Cancelado","dataRegistro":"2002-08-26T00:00:00.000-0300","categoriaRegulatoria":{"codigo":8,"descricao":"Similar"},"medicamentoReferencia":null,"categoriaProduto":null,"tipoAutorizacao":"REGISTRADO","mesAnoVencimentoFormatado":"06/2007","numeroRegistroFormatado":"103850015","acancelar":false},"empresa":{"cnpj":"83874628000143","razaoSocial":"LABORATÓRIO FARMACÊUTICO ELOFAR LTDA","numeroAutorizacao":"1003851","cnpjFormatado":"83.874.628/0001-43"},"processo":{"numero":"2599200667068","situacao":29,"numeroProcessoFormatado":"25992.006670/68"}},{"ordem":19,"produto":{"codigo":6060,"nome":"ELOMICINA","numeroRegistro":"103850061","tipo":{"codigo":1,"descricao":null},"categoria":null,"situacaoRotulo":null,"dataVencimento":null,"mesAnoVencimento":"062010","dataVencimentoRegistro":"2010-06-01T00:00:00.000-0300","principioAtivo":null,"situacaoApresentacao":"Caduco/Cancelado","dataRegistro":"2000-06-19T00:00:00.000-0300","categoriaRegulatoria":{"codigo":8,"descricao":"Similar"},"medicamentoReferencia":null,"categoriaProduto":null,"tipoAutorizacao":"REGISTRADO","mesAnoVencimentoFormatado":"06/2010","numeroRegistroFormatado":"103850061","acancelar":false},"empresa":{"cnpj":"83874628000143","razaoSocial":"LABORATÓRIO FARMACÊUTICO ELOFAR LTDA","numeroAutorizacao":"1003851","cnpjFormatado":"83.874.628/0001-43"},"processo":{"numero":"2599100964280","situacao":29,"numeroProcessoFormatado":"25991.009642/80"}},{"ordem":20,"produto":{"codigo":124758,"nome":"ELOTIN","numeroRegistro":"103850016","tipo":{"codigo":1,"descricao":null},"categoria":null,"situacaoRotulo":null,"dataVencimento":null,"mesAnoVencimento":"032027","dataVencimentoRegistro":"2027-03-01T00:00:00.000-0300","principioAtivo":"fluocinolona acetonida, SULFATO DE NEOMICINA, SULFATO DE POLIMIXINA B, CLORIDRATO DE LIDOCAINA","situacaoApresentacao":"Válido","dataRegistro":"2002-04-04T00:00:00.000-0300","categoriaRegulatoria":{"codigo":8,"descricao":"Similar"},"medicamentoReferencia":null,"categoriaProduto":null,"tipoAutorizacao":"REGISTRADO","mesAnoVencimentoFormatado":"03/2027","numeroRegistroFormatado":"103850016","acancelar":false},"empresa":{"cnpj":"83874628000143","razaoSocial":"LABORATÓRIO FARMACÊUTICO ELOFAR LTDA","numeroAutorizacao":"1003851","cnpjFormatado":"83.874.628/0001-43"},"processo":{"numero":"2599200933971","situacao":29,"numeroProcessoFormatado":"25992.009339/71"}},{"ordem":21,"produto":{"codigo":5847,"nome":"EMETIC","numeroRegistro":"103850067","tipo":{"codigo":1,"descricao":null},"categoria":null,"situacaoRotulo":null,"dataVencimento":null,"mesAnoVencimento":"072003","dataVencimentoRegistro":"2003-07-01T00:00:00.000-0300","principioAtivo":null,"situacaoApresentacao":"Caduco/Cancelado","dataRegistro":"2000-03-02T00:00:00.000-0300","categoriaRegulatoria":{"codigo":8,"descricao":"Similar"},"medicamentoReferencia":null,"categoriaProduto":null,"tipoAutorizacao":"REGISTRADO","mesAnoVencimentoFormatado":"07/2003","numeroRegistroFormatado":"103850067","acancelar":false},"empresa":{"cnpj":"83874628000143","razaoSocial":"LABORATÓRIO FARMACÊUTICO ELOFAR LTDA","numeroAutorizacao":"1003851","cnpjFormatado":"83.874.628/0001-43"},"processo":{"numero":"2500100412386","situacao":29,"numeroProcessoFormatado":"25001.004123/86"}},{"ordem":22,"produto":{"codigo":3839,"nome":"ERITROFAR PEDIATRICO","numeroRegistro":"103850023","tipo":{"codigo":1,"descricao":null},"categoria":null,"situacaoRotulo":null,"dataVencimento":null,"mesAnoVencimento":"042006","dataVencimentoRegistro":"2006-04-01T00:00:00.000-0300","principioAtivo":null,"situacaoApresentacao":"Caduco/Cancelado","dataRegistro":"2001-07-12T00:00:00.000-0300","categoriaRegulatoria":{"codigo":8,"descricao":"Similar"},"medicamentoReferencia":null,"categoriaProduto":null,"tipoAutorizacao":"REGISTRADO","mesAnoVencimentoFormatado":"04/2006","numeroRegistroFormatado":"103850023","acancelar":false},"empresa":{"cnpj":"83874628000143","razaoSocial":"LABORATÓRIO FARMACÊUTICO ELOFAR LTDA","numeroAutorizacao":"1003851","cnpjFormatado":"83.874.628/0001-43"},"processo":{"numero":"2599201663769","situacao":29,"numeroProcessoFormatado":"25992.016637/69"}},{"ordem":23,"produto":{"codigo":812906,"nome":"FEMURID","numeroRegistro":"103850101","tipo":{"codigo":1,"descricao":null},"categoria":null,"situacaoRotulo":null,"dataVencimento":null,"mesAnoVencimento":"102017","dataVencimentoRegistro":"2017-10-01T00:00:00.000-0300","principioAtivo":null,"situacaoApresentacao":"Caduco/Cancelado","dataRegistro":"2012-10-01T00:00:00.000-0300","categoriaRegulatoria":{"codigo":3,"descricao":"Específico"},"medicamentoReferencia":null,"categoriaProduto":null,"tipoAutorizacao":"REGISTRADO","mesAnoVencimentoFormatado":"10/2017","numeroRegistroFormatado":"103850101","acancelar":false},"empresa":{"cnpj":"83874628000143","razaoSocial":"LABORATÓRIO FARMACÊUTICO ELOFAR LTDA","numeroAutorizacao":"1003851","cnpjFormatado":"83.874.628/0001-43"},"processo":{"numero":"25351786473201111","situacao":29,"numeroProcessoFormatado":"25351.786473/2011-11"}},{"ordem":24,"produto":{"codigo":282200,"nome":"FUROMIX","numeroRegistro":"103850069","tipo":{"codigo":1,"descricao":null},"categoria":null,"situacaoRotulo":null,"dataVencimento":null,"mesAnoVencimento":"042007","dataVencimentoRegistro":"2007-04-01T00:00:00.000-0300","principioAtivo":null,"situacaoApresentacao":"Caduco/Cancelado","dataRegistro":"2000-03-30T00:00:00.000-0300","categoriaRegulatoria":{"codigo":8,"descricao":"Similar"},"medicamentoReferencia":null,"categoriaProduto":null,"tipoAutorizacao":"REGISTRADO","mesAnoVencimentoFormatado":"04/2007","numeroRegistroFormatado":"103850069","acancelar":false},"empresa":{"cnpj":"83874628000143","razaoSocial":"LABORATÓRIO FARMACÊUTICO ELOFAR LTDA","numeroAutorizacao":"1003851","cnpjFormatado":"83.874.628/0001-43"},"processo":{"numero":"2599100920877","situacao":29,"numeroProcessoFormatado":"25991.009208/77"}},{"ordem":25,"produto":{"codigo":4559,"nome":"GLIBENCLAMIDA","numeroRegistro":"103850062","tipo":{"codigo":1,"descricao":null},"categoria":null,"situacaoRotulo":null,"dataVencimento":null,"mesAnoVencimento":"022005","dataVencimentoRegistro":"2005-02-01T00:00:00.000-0300","principioAtivo":null,"situacaoApresentacao":"Caduco/Cancelado","dataRegistro":"2000-12-18T00:00:00.000-0300","categoriaRegulatoria":{"codigo":8,"descricao":"Similar"},"medicamentoReferencia":null,"categoriaProduto":null,"tipoAutorizacao":"REGISTRADO","mesAnoVencimentoFormatado":"02/2005","numeroRegistroFormatado":"103850062","acancelar":false},"empresa":{"cnpj":"83874628000143","razaoSocial":"LABORATÓRIO FARMACÊUTICO ELOFAR LTDA","numeroAutorizacao":"1003851","cnpjFormatado":"83.874.628/0001-43"},"processo":{"numero":"2599101256079","situacao":29,"numeroProcessoFormatado":"25991.012560/79"}},{"ordem":26,"produto":{"codigo":694945,"nome":"HERPFAR","numeroRegistro":"103850105","tipo":{"codigo":1,"descricao":null},"categoria":null,"situacaoRotulo":null,"dataVencimento":null,"mesAnoVencimento":"072023","dataVencimentoRegistro":"2023-07-01T00:00:00.000-0300","principioAtivo":null,"situacaoApresentacao":"Caduco/Cancelado","dataRegistro":"2013-07-29T00:00:00.000-0300","categoriaRegulatoria":{"codigo":8,"descricao":"Similar"},"medicamentoReferencia":"ZOVIRAX","categoriaProduto":null,"tipoAutorizacao":"REGISTRADO","mesAnoVencimentoFormatado":"07/2023","numeroRegistroFormatado":"103850105","acancelar":false},"empresa":{"cnpj":"83874628000143","razaoSocial":"LABORATÓRIO FARMACÊUTICO ELOFAR LTDA","numeroAutorizacao":"1003851","cnpjFormatado":"83.874.628/0001-43"},"processo":{"numero":"25351297060201005","situacao":29,"numeroProcessoFormatado":"25351.297060/2010-05"}},{"ordem":27,"produto":{"codigo":4818,"nome":"HIDROXID","numeroRegistro":"103850081","tipo":{"codigo":1,"descricao":null},"categoria":null,"situacaoRotulo":null,"dataVencimento":null,"mesAnoVencimento":"052006","dataVencimentoRegistro":"2006-05-01T00:00:00.000-0300","principioAtivo":null,"situacaoApresentacao":"Caduco/Cancelado","dataRegistro":"1996-05-31T00:00:00.000-0300","categoriaRegulatoria":{"codigo":8,"descricao":"Similar"},"medicamentoReferencia":null,"categoriaProduto":null,"tipoAutorizacao":"REGISTRADO","mesAnoVencimentoFormatado":"05/2006","numeroRegistroFormatado":"103850081","acancelar":false},"empresa":{"cnpj":"83874628000143","razaoSocial":"LABORATÓRIO FARMACÊUTICO ELOFAR LTDA","numeroAutorizacao":"1003851","cnpjFormatado":"83.874.628/0001-43"},"processo":{"numero":"250000100479510","situacao":29,"numeroProcessoFormatado":"25000.010047/95-10"}},{"ordem":28,"produto":{"codigo":137666,"nome":"INFLAMAXIN","numeroRegistro":"103850076","tipo":{"codigo":1,"descricao":null},"categoria":null,"situacaoRotulo":null,"dataVencimento":null,"mesAnoVencimento":"032011","dataVencimentoRegistro":"2011-03-01T00:00:00.000-0300","principioAtivo":null,"situacaoApresentacao":"Caduco/Cancelado","dataRegistro":"1996-03-18T00:00:00.000-0300","categoriaRegulatoria":{"codigo":8,"descricao":"Similar"},"medicamentoReferencia":null,"categoriaProduto":null,"tipoAutorizacao":"REGISTRADO","mesAnoVencimentoFormatado":"03/2011","numeroRegistroFormatado":"103850076","acancelar":false},"empresa":{"cnpj":"83874628000143","razaoSocial":"LABORATÓRIO FARMACÊUTICO ELOFAR LTDA","numeroAutorizacao":"1003851","cnpjFormatado":"83.874.628/0001-43"},"processo":{"numero":"250000100499545","situacao":29,"numeroProcessoFormatado":"25000.010049/95-45"}},{"ordem":29,"produto":{"codigo":376576,"nome":"LISANEURIN","numeroRegistro":"103850032","tipo":{"codigo":1,"descricao":null},"categoria":null,"situacaoRotulo":null,"dataVencimento":null,"mesAnoVencimento":"022012","dataVencimentoRegistro":"2012-02-01T00:00:00.000-0300","principioAtivo":null,"situacaoApresentacao":"Caduco/Cancelado","dataRegistro":"1992-02-17T00:00:00.000-0300","categoriaRegulatoria":{"codigo":8,"descricao":"Similar"},"medicamentoReferencia":null,"categoriaProduto":null,"tipoAutorizacao":"REGISTRADO","mesAnoVencimentoFormatado":"02/2012","numeroRegistroFormatado":"103850032","acancelar":false},"empresa":{"cnpj":"83874628000143","razaoSocial":"LABORATÓRIO FARMACÊUTICO ELOFAR LTDA","numeroAutorizacao":"1003851","cnpjFormatado":"83.874.628/0001-43"},"processo":{"numero":"2599200942259","situacao":29,"numeroProcessoFormatado":"25992.009422/59"}},{"ordem":30,"produto":{"codigo":692790,"nome":"LISOMUC","numeroRegistro":"103850109","tipo":{"codigo":1,"descricao":null},"categoria":null,"situacaoRotulo":null,"dataVencimento":null,"mesAnoVencimento":"092028","dataVencimentoRegistro":"2028-09-01T00:00:00.000-0300","principioAtivo":"ACEBROFILINA","situacaoApresentacao":"Válido","dataRegistro":"2013-09-16T00:00:00.000-0300","categoriaRegulatoria":{"codigo":8,"descricao":"Similar"},"medicamentoReferencia":"BRONDILAT","categoriaProduto":null,"tipoAutorizacao":"REGISTRADO","mesAnoVencimentoFormatado":"09/2028","numeroRegistroFormatado":"103850109","acancelar":false},"empresa":{"cnpj":"83874628000143","razaoSocial":"LABORATÓRIO FARMACÊUTICO ELOFAR LTDA","numeroAutorizacao":"1003851","cnpjFormatado":"83.874.628/0001-43"},"processo":{"numero":"25351268805201027","situacao":29,"numeroProcessoFormatado":"25351.268805/2010-27"}},{"ordem":31,"produto":{"codigo":790813,"nome":"MALEATO DE DEXCLORFENIRAMINA","numeroRegistro":"103850106","tipo":{"codigo":1,"descricao":null},"categoria":null,"situacaoRotulo":null,"dataVencimento":null,"mesAnoVencimento":"072018","dataVencimentoRegistro":"2018-07-01T00:00:00.000-0300","principioAtivo":null,"situacaoApresentacao":"Caduco/Cancelado","dataRegistro":"2013-07-29T00:00:00.000-0300","categoriaRegulatoria":{"codigo":5,"descricao":"Genérico"},"medicamentoReferencia":"POLARAMINE","categoriaProduto":null,"tipoAutorizacao":"REGISTRADO","mesAnoVencimentoFormatado":"07/2018","numeroRegistroFormatado":"103850106","acancelar":false},"empresa":{"cnpj":"83874628000143","razaoSocial":"LABORATÓRIO FARMACÊUTICO ELOFAR LTDA","numeroAutorizacao":"1003851","cnpjFormatado":"83.874.628/0001-43"},"processo":{"numero":"25351644058201137","situacao":29,"numeroProcessoFormatado":"25351.644058/2011-37"}},{"ordem":32,"produto":{"codigo":5652,"nome":"MEBENDAZOL + TIABENDAZOL","numeroRegistro":"103850024","tipo":{"codigo":1,"descricao":null},"categoria":null,"situacaoRotulo":null,"dataVencimento":null,"mesAnoVencimento":"062006","dataVencimentoRegistro":"2006-06-01T00:00:00.000-0300","principioAtivo":null,"situacaoApresentacao":"Caduco/Cancelado","dataRegistro":"2001-09-21T00:00:00.000-0300","categoriaRegulatoria":{"codigo":8,"descricao":"Similar"},"medicamentoReferencia":null,"categoriaProduto":null,"tipoAutorizacao":"REGISTRADO","mesAnoVencimentoFormatado":"06/2006","numeroRegistroFormatado":"103850024","acancelar":false},"empresa":{"cnpj":"83874628000143","razaoSocial":"LABORATÓRIO FARMACÊUTICO ELOFAR LTDA","numeroAutorizacao":"1003851","cnpjFormatado":"83.874.628/0001-43"},"processo":{"numero":"2599201630175","situacao":29,"numeroProcessoFormatado":"25992.016301/75"}},{"ordem":33,"produto":{"codigo":3556,"nome":"METICONE","numeroRegistro":"103850060","tipo":{"codigo":1,"descricao":null},"categoria":null,"situacaoRotulo":null,"dataVencimento":null,"mesAnoVencimento":"062008","dataVencimentoRegistro":"2008-06-01T00:00:00.000-0300","principioAtivo":null,"situacaoApresentacao":"Caduco/Cancelado","dataRegistro":"2000-03-23T00:00:00.000-0300","categoriaRegulatoria":{"codigo":8,"descricao":"Similar"},"medicamentoReferencia":null,"categoriaProduto":null,"tipoAutorizacao":"REGISTRADO","mesAnoVencimentoFormatado":"06/2008","numeroRegistroFormatado":"103850060","acancelar":false},"empresa":{"cnpj":"83874628000143","razaoSocial":"LABORATÓRIO FARMACÊUTICO ELOFAR LTDA","numeroAutorizacao":"1003851","cnpjFormatado":"83.874.628/0001-43"},"processo":{"numero":"2500101149982","situacao":29,"numeroProcessoFormatado":"25001.011499/82"}},{"ordem":34,"produto":{"codigo":374608,"nome":"METILSEDOR","numeroRegistro":"103850036","tipo":{"codigo":1,"descricao":null},"categoria":null,"situacaoRotulo":null,"dataVencimento":null,"mesAnoVencimento":"102009","dataVencimentoRegistro":"2009-10-01T00:00:00.000-0300","principioAtivo":null,"situacaoApresentacao":"Caduco/Cancelado","dataRegistro":"1991-07-15T00:00:00.000-0300","categoriaRegulatoria":{"codigo":8,"descricao":"Similar"},"medicamentoReferencia":null,"categoriaProduto":null,"tipoAutorizacao":"REGISTRADO","mesAnoVencimentoFormatado":"10/2009","numeroRegistroFormatado":"103850036","acancelar":false},"empresa":{"cnpj":"83874628000143","razaoSocial":"LABORATÓRIO FARMACÊUTICO ELOFAR LTDA","numeroAutorizacao":"1003851","cnpjFormatado":"83.874.628/0001-43"},"processo":{"numero":"2599200942966","situacao":29,"numeroProcessoFormatado":"25992.009429/66"}},{"ordem":35,"produto":{"codigo":173021,"nome":"METIONINA + ASSOCIAÇÕES","numeroRegistro":"103850034","tipo":{"codigo":1,"descricao":null},"categoria":null,"situacaoRotulo":null,"dataVencimento":null,"mesAnoVencimento":"022008","dataVencimentoRegistro":"2008-02-01T00:00:00.000-0300","principioAtivo":null,"situacaoApresentacao":"Caduco/Cancelado","dataRegistro":"1988-02-17T00:00:00.000-0300","categoriaRegulatoria":{"codigo":8,"descricao":"Similar"},"medicamentoReferencia":null,"categoriaProduto":null,"tipoAutorizacao":"REGISTRADO","mesAnoVencimentoFormatado":"02/2008","numeroRegistroFormatado":"103850034","acancelar":false},"empresa":{"cnpj":"83874628000143","razaoSocial":"LABORATÓRIO FARMACÊUTICO ELOFAR LTDA","numeroAutorizacao":"1003851","cnpjFormatado":"83.874.628/0001-43"},"processo":{"numero":"2599200257954","situacao":29,"numeroProcessoFormatado":"25992.002579/54"}},{"ordem":36,"produto":{"codigo":5898,"nome":"METRONIDAZOL","numeroRegistro":"103850085","tipo":{"codigo":1,"descricao":null},"categoria":null,"situacaoRotulo":null,"dataVencimento":null,"mesAnoVencimento":"122001","dataVencimentoRegistro":"2001-12-01T00:00:00.000-0200","principioAtivo":null,"situacaoApresentacao":"Caduco/Cancelado","dataRegistro":"1996-12-23T00:00:00.000-0300","categoriaRegulatoria":{"codigo":8,"descricao":"Similar"},"medicamentoReferencia":null,"categoriaProduto":null,"tipoAutorizacao":"REGISTRADO","mesAnoVencimentoFormatado":"12/2001","numeroRegistroFormatado":"103850085","acancelar":false},"empresa":{"cnpj":"83874628000143","razaoSocial":"LABORATÓRIO FARMACÊUTICO ELOFAR LTDA","numeroAutorizacao":"1003851","cnpjFormatado":"83.874.628/0001-43"},"processo":{"numero":"250000063459603","situacao":29,"numeroProcessoFormatado":"25000.006345/96-03"}},{"ordem":37,"produto":{"codigo":5897,"nome":"METROZOL","numeroRegistro":"103850068","tipo":{"codigo":1,"descricao":null},"categoria":null,"situacaoRotulo":null,"dataVencimento":null,"mesAnoVencimento":"072003","dataVencimentoRegistro":"2003-07-01T00:00:00.000-0300","principioAtivo":null,"situacaoApresentacao":"Caduco/Cancelado","dataRegistro":"2000-03-02T00:00:00.000-0300","categoriaRegulatoria":{"codigo":8,"descricao":"Similar"},"medicamentoReferencia":null,"categoriaProduto":null,"tipoAutorizacao":"REGISTRADO","mesAnoVencimentoFormatado":"07/2003","numeroRegistroFormatado":"103850068","acancelar":false},"empresa":{"cnpj":"83874628000143","razaoSocial":"LABORATÓRIO FARMACÊUTICO ELOFAR LTDA","numeroAutorizacao":"1003851","cnpjFormatado":"83.874.628/0001-43"},"processo":{"numero":"2500100412086","situacao":29,"numeroProcessoFormatado":"25001.004120/86"}},{"ordem":38,"produto":{"codigo":2898,"nome":"MICOFAR","numeroRegistro":"103850091","tipo":{"codigo":1,"descricao":null},"categoria":null,"situacaoRotulo":null,"dataVencimento":null,"mesAnoVencimento":"052005","dataVencimentoRegistro":"2005-05-01T00:00:00.000-0300","principioAtivo":null,"situacaoApresentacao":"Caduco/Cancelado","dataRegistro":"2000-05-31T00:00:00.000-0300","categoriaRegulatoria":{"codigo":8,"descricao":"Similar"},"medicamentoReferencia":null,"categoriaProduto":null,"tipoAutorizacao":"REGISTRADO","mesAnoVencimentoFormatado":"05/2005","numeroRegistroFormatado":"103850091","acancelar":false},"empresa":{"cnpj":"83874628000143","razaoSocial":"LABORATÓRIO FARMACÊUTICO ELOFAR LTDA","numeroAutorizacao":"1003851","cnpjFormatado":"83.874.628/0001-43"},"processo":{"numero":"250000194949850","situacao":29,"numeroProcessoFormatado":"25000.019494/98-50"}},{"ordem":39,"produto":{"codigo":385727,"nome":"MICOFIM","numeroRegistro":"103850037","tipo":{"codigo":1,"descricao":null},"categoria":null,"situacaoRotulo":null,"dataVencimento":"2029-11-29T00:00:00.000-0300","mesAnoVencimento":"112029","dataVencimentoRegistro":"2029-11-01T00:00:00.000-0300","principioAtivo":null,"situacaoApresentacao":"Caduco/Cancelado","dataRegistro":"1979-11-09T00:00:00.000-0300","categoriaRegulatoria":{"codigo":8,"descricao":"Similar"},"medicamentoReferencia":"VODOL","categoriaProduto":null,"tipoAutorizacao":"REGISTRADO","mesAnoVencimentoFormatado":"11/2029","numeroRegistroFormatado":"103850037","acancelar":false},"empresa":{"cnpj":"83874628000143","razaoSocial":"LABORATÓRIO FARMACÊUTICO ELOFAR LTDA","numeroAutorizacao":"1003851","cnpjFormatado":"83.874.628/0001-43"},"processo":{"numero":"2599200140376","situacao":29,"numeroProcessoFormatado":"25992.001403/76"}},{"ordem":40,"produto":{"codigo":413443,"nome":"MICOGYN","numeroRegistro":"103850038","tipo":{"codigo":1,"descricao":null},"categoria":null,"situacaoRotulo":null,"dataVencimento":"2028-08-29T00:00:00.000-0300","mesAnoVencimento":"082028","dataVencimentoRegistro":"2028-08-01T00:00:00.000-0300","principioAtivo":null,"situacaoApresentacao":"Caduco/Cancelado","dataRegistro":"1978-08-15T00:00:00.000-0300","categoriaRegulatoria":{"codigo":8,"descricao":"Similar"},"medicamentoReferencia":"GYNO-DAKTARIN","categoriaProduto":null,"tipoAutorizacao":"REGISTRADO","mesAnoVencimentoFormatado":"08/2028","numeroRegistroFormatado":"103850038","acancelar":false},"empresa":{"cnpj":"83874628000143","razaoSocial":"LABORATÓRIO FARMACÊUTICO ELOFAR LTDA","numeroAutorizacao":"1003851","cnpjFormatado":"83.874.628/0001-43"},"processo":{"numero":"2599200040776","situacao":29,"numeroProcessoFormatado":"25992.000407/76"}},{"ordem":41,"produto":{"codigo":1767,"nome":"MICORAL","numeroRegistro":"103850083","tipo":{"codigo":1,"descricao":null},"categoria":null,"situacaoRotulo":null,"dataVencimento":null,"mesAnoVencimento":"112016","dataVencimentoRegistro":"2016-11-01T00:00:00.000-0300","principioAtivo":null,"situacaoApresentacao":"Caduco/Cancelado","dataRegistro":"1996-11-29T00:00:00.000-0300","categoriaRegulatoria":{"codigo":8,"descricao":"Similar"},"medicamentoReferencia":null,"categoriaProduto":null,"tipoAutorizacao":"REGISTRADO","mesAnoVencimentoFormatado":"11/2016","numeroRegistroFormatado":"103850083","acancelar":false},"empresa":{"cnpj":"83874628000143","razaoSocial":"LABORATÓRIO FARMACÊUTICO ELOFAR LTDA","numeroAutorizacao":"1003851","cnpjFormatado":"83.874.628/0001-43"},"processo":{"numero":"250000063439670","situacao":29,"numeroProcessoFormatado":"25000.006343/96-70"}},{"ordem":42,"produto":{"codigo":6194,"nome":"MICOSTAL","numeroRegistro":"103850059","tipo":{"codigo":1,"descricao":null},"categoria":null,"situacaoRotulo":null,"dataVencimento":null,"mesAnoVencimento":"062008","dataVencimentoRegistro":"2008-06-01T00:00:00.000-0300","principioAtivo":null,"situacaoApresentacao":"Caduco/Cancelado","dataRegistro":"2000-03-02T00:00:00.000-0300","categoriaRegulatoria":{"codigo":8,"descricao":"Similar"},"medicamentoReferencia":null,"categoriaProduto":null,"tipoAutorizacao":"REGISTRADO","mesAnoVencimentoFormatado":"06/2008","numeroRegistroFormatado":"103850059","acancelar":false},"empresa":{"cnpj":"83874628000143","razaoSocial":"LABORATÓRIO FARMACÊUTICO ELOFAR LTDA","numeroAutorizacao":"1003851","cnpjFormatado":"83.874.628/0001-43"},"processo":{"numero":"2500100419582","situacao":29,"numeroProcessoFormatado":"25001.004195/82"}},{"ordem":43,"produto":{"codigo":519245,"nome":"MOBEN","numeroRegistro":"103850039","tipo":{"codigo":1,"descricao":null},"categoria":null,"situacaoRotulo":null,"dataVencimento":null,"mesAnoVencimento":"022013","dataVencimentoRegistro":"2013-02-01T00:00:00.000-0300","principioAtivo":null,"situacaoApresentacao":"Caduco/Cancelado","dataRegistro":"1973-02-28T00:00:00.000-0300","categoriaRegulatoria":{"codigo":8,"descricao":"Similar"},"medicamentoReferencia":null,"categoriaProduto":null,"tipoAutorizacao":"REGISTRADO","mesAnoVencimentoFormatado":"02/2013","numeroRegistroFormatado":"103850039","acancelar":false},"empresa":{"cnpj":"83874628000143","razaoSocial":"LABORATÓRIO FARMACÊUTICO ELOFAR LTDA","numeroAutorizacao":"1003851","cnpjFormatado":"83.874.628/0001-43"},"processo":{"numero":"2599202090874","situacao":29,"numeroProcessoFormatado":"25992.020908/74"}},{"ordem":44,"produto":{"codigo":6066,"nome":"NEOBAC","numeroRegistro":"103850084","tipo":{"codigo":1,"descricao":null},"categoria":null,"situacaoRotulo":null,"dataVencimento":null,"mesAnoVencimento":"112006","dataVencimentoRegistro":"2006-11-01T00:00:00.000-0300","principioAtivo":null,"situacaoApresentacao":"Caduco/Cancelado","dataRegistro":"1996-11-29T00:00:00.000-0300","categoriaRegulatoria":{"codigo":8,"descricao":"Similar"},"medicamentoReferencia":null,"categoriaProduto":null,"tipoAutorizacao":"REGISTRADO","mesAnoVencimentoFormatado":"11/2006","numeroRegistroFormatado":"103850084","acancelar":false},"empresa":{"cnpj":"83874628000143","razaoSocial":"LABORATÓRIO FARMACÊUTICO ELOFAR LTDA","numeroAutorizacao":"1003851","cnpjFormatado":"83.874.628/0001-43"},"processo":{"numero":"250000100459594","situacao":29,"numeroProcessoFormatado":"25000.010045/95-94"}},{"ordem":45,"produto":{"codigo":6903,"nome":"NICOSULFAN","numeroRegistro":"103850040","tipo":{"codigo":1,"descricao":null},"categoria":null,"situacaoRotulo":null,"dataVencimento":null,"mesAnoVencimento":"012003","dataVencimentoRegistro":"2003-01-01T00:00:00.000-0300","principioAtivo":null,"situacaoApresentacao":"Caduco/Cancelado","dataRegistro":"1998-01-12T00:00:00.000-0300","categoriaRegulatoria":{"codigo":8,"descricao":"Similar"},"medicamentoReferencia":null,"categoriaProduto":null,"tipoAutorizacao":"REGISTRADO","mesAnoVencimentoFormatado":"01/2003","numeroRegistroFormatado":"103850040","acancelar":false},"empresa":{"cnpj":"83874628000143","razaoSocial":"LABORATÓRIO FARMACÊUTICO ELOFAR LTDA","numeroAutorizacao":"1003851","cnpjFormatado":"83.874.628/0001-43"},"processo":{"numero":"2599201682972","situacao":29,"numeroProcessoFormatado":"25992.016829/72"}},{"ordem":46,"produto":{"codigo":618430,"nome":"NISUFAR","numeroRegistro":"103850100","tipo":{"codigo":1,"descricao":null},"categoria":null,"situacaoRotulo":null,"dataVencimento":null,"mesAnoVencimento":"072025","dataVencimentoRegistro":"2025-07-01T00:00:00.000-0300","principioAtivo":"NIMESULIDA","situacaoApresentacao":"Válido","dataRegistro":"2010-07-12T00:00:00.000-0300","categoriaRegulatoria":{"codigo":8,"descricao":"Similar"},"medicamentoReferencia":"NISULID®","categoriaProduto":null,"tipoAutorizacao":"REGISTRADO","mesAnoVencimentoFormatado":"07/2025","numeroRegistroFormatado":"103850100","acancelar":false},"empresa":{"cnpj":"83874628000143","razaoSocial":"LABORATÓRIO FARMACÊUTICO ELOFAR LTDA","numeroAutorizacao":"1003851","cnpjFormatado":"83.874.628/0001-43"},"processo":{"numero":"25351506608200850","situacao":29,"numeroProcessoFormatado":"25351.506608/2008-50"}},{"ordem":47,"produto":{"codigo":764542,"nome":"ORALSEPT","numeroRegistro":"103850108","tipo":{"codigo":1,"descricao":null},"categoria":null,"situacaoRotulo":null,"dataVencimento":null,"mesAnoVencimento":"092028","dataVencimentoRegistro":"2028-09-01T00:00:00.000-0300","principioAtivo":"TRIANCINOLONA ACETONIDA","situacaoApresentacao":"Válido","dataRegistro":"2013-09-02T00:00:00.000-0300","categoriaRegulatoria":{"codigo":8,"descricao":"Similar"},"medicamentoReferencia":"OMCILON-A ORABASE","categoriaProduto":null,"tipoAutorizacao":"REGISTRADO","mesAnoVencimentoFormatado":"09/2028","numeroRegistroFormatado":"103850108","acancelar":false},"empresa":{"cnpj":"83874628000143","razaoSocial":"LABORATÓRIO FARMACÊUTICO ELOFAR LTDA","numeroAutorizacao":"1003851","cnpjFormatado":"83.874.628/0001-43"},"processo":{"numero":"25351362202201130","situacao":29,"numeroProcessoFormatado":"25351.362202/2011-30"}},{"ordem":48,"produto":{"codigo":613,"nome":"OSTEOFAR","numeroRegistro":"103850092","tipo":{"codigo":1,"descricao":null},"categoria":null,"situacaoRotulo":null,"dataVencimento":null,"mesAnoVencimento":"062010","dataVencimentoRegistro":"2010-06-01T00:00:00.000-0300","principioAtivo":null,"situacaoApresentacao":"Caduco/Cancelado","dataRegistro":"2000-06-28T00:00:00.000-0300","categoriaRegulatoria":{"codigo":8,"descricao":"Similar"},"medicamentoReferencia":null,"categoriaProduto":null,"tipoAutorizacao":"REGISTRADO","mesAnoVencimentoFormatado":"06/2010","numeroRegistroFormatado":"103850092","acancelar":false},"empresa":{"cnpj":"83874628000143","razaoSocial":"LABORATÓRIO FARMACÊUTICO ELOFAR LTDA","numeroAutorizacao":"1003851","cnpjFormatado":"83.874.628/0001-43"},"processo":{"numero":"250000207459702","situacao":29,"numeroProcessoFormatado":"25000.020745/97-02"}},{"ordem":49,"produto":{"codigo":856589,"nome":"OSTEOFAR","numeroRegistro":"103850111","tipo":{"codigo":1,"descricao":null},"categoria":null,"situacaoRotulo":null,"dataVencimento":null,"mesAnoVencimento":"032025","dataVencimentoRegistro":"2025-03-01T00:00:00.000-0300","principioAtivo":"alendronato de sódio","situacaoApresentacao":"Válido","dataRegistro":"2015-03-16T00:00:00.000-0300","categoriaRegulatoria":{"codigo":8,"descricao":"Similar"},"medicamentoReferencia":"FOSAMAX","categoriaProduto":null,"tipoAutorizacao":"REGISTRADO","mesAnoVencimentoFormatado":"03/2025","numeroRegistroFormatado":"103850111","acancelar":false},"empresa":{"cnpj":"83874628000143","razaoSocial":"LABORATÓRIO FARMACÊUTICO ELOFAR LTDA","numeroAutorizacao":"1003851","cnpjFormatado":"83.874.628/0001-43"},"processo":{"numero":"25351571047201240","situacao":29,"numeroProcessoFormatado":"25351.571047/2012-40"}},{"ordem":50,"produto":{"codigo":6519,"nome":"OXIZINCO","numeroRegistro":"103850066","tipo":{"codigo":1,"descricao":null},"categoria":null,"situacaoRotulo":null,"dataVencimento":null,"mesAnoVencimento":"072008","dataVencimentoRegistro":"2008-07-01T00:00:00.000-0300","principioAtivo":null,"situacaoApresentacao":"Caduco/Cancelado","dataRegistro":"2001-06-07T00:00:00.000-0300","categoriaRegulatoria":{"codigo":8,"descricao":"Similar"},"medicamentoReferencia":null,"categoriaProduto":null,"tipoAutorizacao":"REGISTRADO","mesAnoVencimentoFormatado":"07/2008","numeroRegistroFormatado":"103850066","acancelar":false},"empresa":{"cnpj":"83874628000143","razaoSocial":"LABORATÓRIO FARMACÊUTICO ELOFAR LTDA","numeroAutorizacao":"1003851","cnpjFormatado":"83.874.628/0001-43"},"processo":{"numero":"2500100412286","situacao":29,"numeroProcessoFormatado":"25001.004122/86"}},{"ordem":51,"produto":{"codigo":857965,"nome":"PELLETRAT","numeroRegistro":"103850103","tipo":{"codigo":1,"descricao":null},"categoria":null,"situacaoRotulo":null,"dataVencimento":null,"mesAnoVencimento":"032028","dataVencimentoRegistro":"2028-03-01T00:00:00.000-0300","principioAtivo":"DEXPANTENOL","situacaoApresentacao":"Válido","dataRegistro":"2013-03-25T00:00:00.000-0300","categoriaRegulatoria":{"codigo":3,"descricao":"Específico"},"medicamentoReferencia":null,"categoriaProduto":null,"tipoAutorizacao":"REGISTRADO","mesAnoVencimentoFormatado":"03/2028","numeroRegistroFormatado":"103850103","acancelar":false},"empresa":{"cnpj":"83874628000143","razaoSocial":"LABORATÓRIO FARMACÊUTICO ELOFAR LTDA","numeroAutorizacao":"1003851","cnpjFormatado":"83.874.628/0001-43"},"processo":{"numero":"25351368586201286","situacao":29,"numeroProcessoFormatado":"25351.368586/2012-86"}},{"ordem":52,"produto":{"codigo":764283,"nome":"PIRAMIN","numeroRegistro":"103850102","tipo":{"codigo":1,"descricao":null},"categoria":null,"situacaoRotulo":null,"dataVencimento":null,"mesAnoVencimento":"022018","dataVencimentoRegistro":"2018-02-01T00:00:00.000-0300","principioAtivo":null,"situacaoApresentacao":"Caduco/Cancelado","dataRegistro":"2013-02-26T00:00:00.000-0300","categoriaRegulatoria":{"codigo":8,"descricao":"Similar"},"medicamentoReferencia":"TYLENOL","categoriaProduto":null,"tipoAutorizacao":"REGISTRADO","mesAnoVencimentoFormatado":"02/2018","numeroRegistroFormatado":"103850102","acancelar":false},"empresa":{"cnpj":"83874628000143","razaoSocial":"LABORATÓRIO FARMACÊUTICO ELOFAR LTDA","numeroAutorizacao":"1003851","cnpjFormatado":"83.874.628/0001-43"},"processo":{"numero":"25351354205201121","situacao":29,"numeroProcessoFormatado":"25351.354205/2011-21"}},{"ordem":53,"produto":{"codigo":6916,"nome":"PIROXIFAR","numeroRegistro":"103850058","tipo":{"codigo":1,"descricao":null},"categoria":null,"situacaoRotulo":null,"dataVencimento":null,"mesAnoVencimento":"062008","dataVencimentoRegistro":"2008-06-01T00:00:00.000-0300","principioAtivo":null,"situacaoApresentacao":"Caduco/Cancelado","dataRegistro":"2000-03-02T00:00:00.000-0300","categoriaRegulatoria":{"codigo":8,"descricao":"Similar"},"medicamentoReferencia":null,"categoriaProduto":null,"tipoAutorizacao":"REGISTRADO","mesAnoVencimentoFormatado":"06/2008","numeroRegistroFormatado":"103850058","acancelar":false},"empresa":{"cnpj":"83874628000143","razaoSocial":"LABORATÓRIO FARMACÊUTICO ELOFAR LTDA","numeroAutorizacao":"1003851","cnpjFormatado":"83.874.628/0001-43"},"processo":{"numero":"2500101557085","situacao":29,"numeroProcessoFormatado":"25001.015570/85"}},{"ordem":54,"produto":{"codigo":7039,"nome":"POLIVITAMÍNICOS","numeroRegistro":"103850035","tipo":{"codigo":1,"descricao":null},"categoria":null,"situacaoRotulo":null,"dataVencimento":null,"mesAnoVencimento":"092005","dataVencimentoRegistro":"2005-09-01T00:00:00.000-0300","principioAtivo":null,"situacaoApresentacao":"Caduco/Cancelado","dataRegistro":"2000-10-20T00:00:00.000-0300","categoriaRegulatoria":{"codigo":8,"descricao":"Similar"},"medicamentoReferencia":null,"categoriaProduto":null,"tipoAutorizacao":"REGISTRADO","mesAnoVencimentoFormatado":"09/2005","numeroRegistroFormatado":"103850035","acancelar":false},"empresa":{"cnpj":"83874628000143","razaoSocial":"LABORATÓRIO FARMACÊUTICO ELOFAR LTDA","numeroAutorizacao":"1003851","cnpjFormatado":"83.874.628/0001-43"},"processo":{"numero":"2599200691260","situacao":29,"numeroProcessoFormatado":"25992.006912/60"}},{"ordem":55,"produto":{"codigo":7084,"nome":"PRIMAQUINA","numeroRegistro":"103850054","tipo":{"codigo":1,"descricao":null},"categoria":null,"situacaoRotulo":null,"dataVencimento":null,"mesAnoVencimento":"032005","dataVencimentoRegistro":"2005-03-01T00:00:00.000-0300","principioAtivo":null,"situacaoApresentacao":"Caduco/Cancelado","dataRegistro":"2000-03-02T00:00:00.000-0300","categoriaRegulatoria":{"codigo":8,"descricao":"Similar"},"medicamentoReferencia":null,"categoriaProduto":null,"tipoAutorizacao":"REGISTRADO","mesAnoVencimentoFormatado":"03/2005","numeroRegistroFormatado":"103850054","acancelar":false},"empresa":{"cnpj":"83874628000143","razaoSocial":"LABORATÓRIO FARMACÊUTICO ELOFAR LTDA","numeroAutorizacao":"1003851","cnpjFormatado":"83.874.628/0001-43"},"processo":{"numero":"2500101296584","situacao":29,"numeroProcessoFormatado":"25001.012965/84"}},{"ordem":56,"produto":{"codigo":451,"nome":"PRÉ-FOLIC","numeroRegistro":"103850078","tipo":{"codigo":1,"descricao":null},"categoria":null,"situacaoRotulo":null,"dataVencimento":null,"mesAnoVencimento":"042026","dataVencimentoRegistro":"2026-04-01T00:00:00.000-0300","principioAtivo":"ÁCIDO FÓLICO","situacaoApresentacao":"Válido","dataRegistro":"1996-04-01T00:00:00.000-0300","categoriaRegulatoria":{"codigo":3,"descricao":"Específico"},"medicamentoReferencia":null,"categoriaProduto":null,"tipoAutorizacao":"REGISTRADO","mesAnoVencimentoFormatado":"04/2026","numeroRegistroFormatado":"103850078","acancelar":false},"empresa":{"cnpj":"83874628000143","razaoSocial":"LABORATÓRIO FARMACÊUTICO ELOFAR LTDA","numeroAutorizacao":"1003851","cnpjFormatado":"83.874.628/0001-43"},"processo":{"numero":"250000100489582","situacao":29,"numeroProcessoFormatado":"25000.010048/95-82"}},{"ordem":57,"produto":{"codigo":7187,"nome":"RANITIDINA","numeroRegistro":"103850074","tipo":{"codigo":1,"descricao":null},"categoria":null,"situacaoRotulo":null,"dataVencimento":null,"mesAnoVencimento":"032006","dataVencimentoRegistro":"2006-03-01T00:00:00.000-0300","principioAtivo":null,"situacaoApresentacao":"Caduco/Cancelado","dataRegistro":"1996-03-01T00:00:00.000-0300","categoriaRegulatoria":{"codigo":8,"descricao":"Similar"},"medicamentoReferencia":null,"categoriaProduto":null,"tipoAutorizacao":"REGISTRADO","mesAnoVencimentoFormatado":"03/2006","numeroRegistroFormatado":"103850074","acancelar":false},"empresa":{"cnpj":"83874628000143","razaoSocial":"LABORATÓRIO FARMACÊUTICO ELOFAR LTDA","numeroAutorizacao":"1003851","cnpjFormatado":"83.874.628/0001-43"},"processo":{"numero":"250000100519597","situacao":29,"numeroProcessoFormatado":"25000.010051/95-97"}},{"ordem":58,"produto":{"codigo":7279,"nome":"ROKISIL","numeroRegistro":"103850080","tipo":{"codigo":1,"descricao":null},"categoria":null,"situacaoRotulo":null,"dataVencimento":null,"mesAnoVencimento":"042006","dataVencimentoRegistro":"2006-04-01T00:00:00.000-0300","principioAtivo":null,"situacaoApresentacao":"Caduco/Cancelado","dataRegistro":"1996-04-01T00:00:00.000-0300","categoriaRegulatoria":{"codigo":8,"descricao":"Similar"},"medicamentoReferencia":null,"categoriaProduto":null,"tipoAutorizacao":"REGISTRADO","mesAnoVencimentoFormatado":"04/2006","numeroRegistroFormatado":"103850080","acancelar":false},"empresa":{"cnpj":"83874628000143","razaoSocial":"LABORATÓRIO FARMACÊUTICO ELOFAR LTDA","numeroAutorizacao":"1003851","cnpjFormatado":"83.874.628/0001-43"},"processo":{"numero":"250000100529550","situacao":29,"numeroProcessoFormatado":"25000.010052/95-50"}},{"ordem":59,"produto":{"codigo":124943,"nome":"SCABIOS","numeroRegistro":"103850077","tipo":{"codigo":1,"descricao":null},"categoria":null,"situacaoRotulo":null,"dataVencimento":null,"mesAnoVencimento":"032006","dataVencimentoRegistro":"2006-03-01T00:00:00.000-0300","principioAtivo":null,"situacaoApresentacao":"Caduco/Cancelado","dataRegistro":"1996-03-18T00:00:00.000-0300","categoriaRegulatoria":{"codigo":8,"descricao":"Similar"},"medicamentoReferencia":null,"categoriaProduto":null,"tipoAutorizacao":"REGISTRADO","mesAnoVencimentoFormatado":"03/2006","numeroRegistroFormatado":"103850077","acancelar":false},"empresa":{"cnpj":"83874628000143","razaoSocial":"LABORATÓRIO FARMACÊUTICO ELOFAR LTDA","numeroAutorizacao":"1003851","cnpjFormatado":"83.874.628/0001-43"},"processo":{"numero":"250000100509524","situacao":29,"numeroProcessoFormatado":"25000.010050/95-24"}},{"ordem":60,"produto":{"codigo":126399,"nome":"SECFAR","numeroRegistro":"103850093","tipo":{"codigo":1,"descricao":null},"categoria":null,"situacaoRotulo":null,"dataVencimento":"2027-05-10T00:00:00.000-0300","mesAnoVencimento":"052027","dataVencimentoRegistro":"2027-05-01T00:00:00.000-0300","principioAtivo":"SECNIDAZOL","situacaoApresentacao":"Válido","dataRegistro":"2002-05-09T00:00:00.000-0300","categoriaRegulatoria":{"codigo":8,"descricao":"Similar"},"medicamentoReferencia":"SECNIDAL","categoriaProduto":null,"tipoAutorizacao":"REGISTRADO","mesAnoVencimentoFormatado":"05/2027","numeroRegistroFormatado":"103850093","acancelar":false},"empresa":{"cnpj":"83874628000143","razaoSocial":"LABORATÓRIO FARMACÊUTICO ELOFAR LTDA","numeroAutorizacao":"1003851","cnpjFormatado":"83.874.628/0001-43"},"processo":{"numero":"250000066869705","situacao":29,"numeroProcessoFormatado":"25000.006686/97-05"}},{"ordem":61,"produto":{"codigo":758452,"nome":"SOFTDERM","numeroRegistro":"103850104","tipo":{"codigo":1,"descricao":null},"categoria":null,"situacaoRotulo":null,"dataVencimento":null,"mesAnoVencimento":"052028","dataVencimentoRegistro":"2028-05-01T00:00:00.000-0300","principioAtivo":"DIPROPIONATO DE BETAMETASONA, ÁCIDO SALICÍLICO","situacaoApresentacao":"Válido","dataRegistro":"2013-05-03T00:00:00.000-0300","categoriaRegulatoria":{"codigo":8,"descricao":"Similar"},"medicamentoReferencia":"DIPROSALIC","categoriaProduto":null,"tipoAutorizacao":"REGISTRADO","mesAnoVencimentoFormatado":"05/2028","numeroRegistroFormatado":"103850104","acancelar":false},"empresa":{"cnpj":"83874628000143","razaoSocial":"LABORATÓRIO FARMACÊUTICO ELOFAR LTDA","numeroAutorizacao":"1003851","cnpjFormatado":"83.874.628/0001-43"},"processo":{"numero":"25351285637201168","situacao":29,"numeroProcessoFormatado":"25351.285637/2011-68"}},{"ordem":62,"produto":{"codigo":790914,"nome":"SOFTEZ","numeroRegistro":"103850107","tipo":{"codigo":1,"descricao":null},"categoria":null,"situacaoRotulo":null,"dataVencimento":null,"mesAnoVencimento":"072028","dataVencimentoRegistro":"2028-07-01T00:00:00.000-0300","principioAtivo":"MALEATO DE DEXCLORFENIRAMINA","situacaoApresentacao":"Válido","dataRegistro":"2013-07-29T00:00:00.000-0300","categoriaRegulatoria":{"codigo":8,"descricao":"Similar"},"medicamentoReferencia":"POLARAMINE","categoriaProduto":null,"tipoAutorizacao":"REGISTRADO","mesAnoVencimentoFormatado":"07/2028","numeroRegistroFormatado":"103850107","acancelar":false},"empresa":{"cnpj":"83874628000143","razaoSocial":"LABORATÓRIO FARMACÊUTICO ELOFAR LTDA","numeroAutorizacao":"1003851","cnpjFormatado":"83.874.628/0001-43"},"processo":{"numero":"25351647318201195","situacao":29,"numeroProcessoFormatado":"25351.647318/2011-95"}},{"ordem":63,"produto":{"codigo":635834,"nome":"SOROCLIM","numeroRegistro":"103850099","tipo":{"codigo":1,"descricao":null},"categoria":null,"situacaoRotulo":null,"dataVencimento":null,"mesAnoVencimento":"102014","dataVencimentoRegistro":"2014-10-01T00:00:00.000-0300","principioAtivo":null,"situacaoApresentacao":"Caduco/Cancelado","dataRegistro":"2009-10-19T00:00:00.000-0300","categoriaRegulatoria":{"codigo":8,"descricao":"Similar"},"medicamentoReferencia":null,"categoriaProduto":null,"tipoAutorizacao":"REGISTRADO","mesAnoVencimentoFormatado":"10/2014","numeroRegistroFormatado":"103850099","acancelar":false},"empresa":{"cnpj":"83874628000143","razaoSocial":"LABORATÓRIO FARMACÊUTICO ELOFAR LTDA","numeroAutorizacao":"1003851","cnpjFormatado":"83.874.628/0001-43"},"processo":{"numero":"25351053009200928","situacao":29,"numeroProcessoFormatado":"25351.053009/2009-28"}},{"ordem":64,"produto":{"codigo":602617,"nome":"SOROFAR","numeroRegistro":"103850098","tipo":{"codigo":1,"descricao":null},"categoria":null,"situacaoRotulo":null,"dataVencimento":null,"mesAnoVencimento":"022014","dataVencimentoRegistro":"2014-02-01T00:00:00.000-0300","principioAtivo":null,"situacaoApresentacao":"Caduco/Cancelado","dataRegistro":"2009-02-02T00:00:00.000-0300","categoriaRegulatoria":{"codigo":3,"descricao":"Específico"},"medicamentoReferencia":null,"categoriaProduto":null,"tipoAutorizacao":"REGISTRADO","mesAnoVencimentoFormatado":"02/2014","numeroRegistroFormatado":"103850098","acancelar":false},"empresa":{"cnpj":"83874628000143","razaoSocial":"LABORATÓRIO FARMACÊUTICO ELOFAR LTDA","numeroAutorizacao":"1003851","cnpjFormatado":"83.874.628/0001-43"},"processo":{"numero":"25351571960200866","situacao":29,"numeroProcessoFormatado":"25351.571960/2008-66"}},{"ordem":65,"produto":{"codigo":6905,"nome":"SULADIN","numeroRegistro":"103850064","tipo":{"codigo":1,"descricao":null},"categoria":null,"situacaoRotulo":null,"dataVencimento":null,"mesAnoVencimento":"072003","dataVencimentoRegistro":"2003-07-01T00:00:00.000-0300","principioAtivo":null,"situacaoApresentacao":"Caduco/Cancelado","dataRegistro":"2000-03-02T00:00:00.000-0300","categoriaRegulatoria":{"codigo":8,"descricao":"Similar"},"medicamentoReferencia":null,"categoriaProduto":null,"tipoAutorizacao":"REGISTRADO","mesAnoVencimentoFormatado":"07/2003","numeroRegistroFormatado":"103850064","acancelar":false},"empresa":{"cnpj":"83874628000143","razaoSocial":"LABORATÓRIO FARMACÊUTICO ELOFAR LTDA","numeroAutorizacao":"1003851","cnpjFormatado":"83.874.628/0001-43"},"processo":{"numero":"2500100415486","situacao":29,"numeroProcessoFormatado":"25001.004154/86"}},{"ordem":66,"produto":{"codigo":7530,"nome":"SULFADIAZINA","numeroRegistro":"103850063","tipo":{"codigo":1,"descricao":null},"categoria":null,"situacaoRotulo":null,"dataVencimento":null,"mesAnoVencimento":"062003","dataVencimentoRegistro":"2003-06-01T00:00:00.000-0300","principioAtivo":null,"situacaoApresentacao":"Caduco/Cancelado","dataRegistro":"2000-03-02T00:00:00.000-0300","categoriaRegulatoria":{"codigo":8,"descricao":"Similar"},"medicamentoReferencia":null,"categoriaProduto":null,"tipoAutorizacao":"REGISTRADO","mesAnoVencimentoFormatado":"06/2003","numeroRegistroFormatado":"103850063","acancelar":false},"empresa":{"cnpj":"83874628000143","razaoSocial":"LABORATÓRIO FARMACÊUTICO ELOFAR LTDA","numeroAutorizacao":"1003851","cnpjFormatado":"83.874.628/0001-43"},"processo":{"numero":"2500100411986","situacao":29,"numeroProcessoFormatado":"25001.004119/86"}},{"ordem":67,"produto":{"codigo":137987,"nome":"TETRACICLINA HCI","numeroRegistro":"103850028","tipo":{"codigo":1,"descricao":null},"categoria":null,"situacaoRotulo":null,"dataVencimento":null,"mesAnoVencimento":"092002","dataVencimentoRegistro":"2002-09-01T00:00:00.000-0300","principioAtivo":null,"situacaoApresentacao":"Caduco/Cancelado","dataRegistro":"1987-09-15T00:00:00.000-0300","categoriaRegulatoria":{"codigo":8,"descricao":"Similar"},"medicamentoReferencia":null,"categoriaProduto":null,"tipoAutorizacao":"REGISTRADO","mesAnoVencimentoFormatado":"09/2002","numeroRegistroFormatado":"103850028","acancelar":false},"empresa":{"cnpj":"83874628000143","razaoSocial":"LABORATÓRIO FARMACÊUTICO ELOFAR LTDA","numeroAutorizacao":"1003851","cnpjFormatado":"83.874.628/0001-43"},"processo":{"numero":"2599201716966","situacao":29,"numeroProcessoFormatado":"25992.017169/66"}},{"ordem":68,"produto":{"codigo":7959,"nome":"TIABENDAZOL","numeroRegistro":"103850065","tipo":{"codigo":1,"descricao":null},"categoria":null,"situacaoRotulo":null,"dataVencimento":null,"mesAnoVencimento":"072003","dataVencimentoRegistro":"2003-07-01T00:00:00.000-0300","principioAtivo":null,"situacaoApresentacao":"Caduco/Cancelado","dataRegistro":"2000-03-02T00:00:00.000-0300","categoriaRegulatoria":{"codigo":8,"descricao":"Similar"},"medicamentoReferencia":null,"categoriaProduto":null,"tipoAutorizacao":"REGISTRADO","mesAnoVencimentoFormatado":"07/2003","numeroRegistroFormatado":"103850065","acancelar":false},"empresa":{"cnpj":"83874628000143","razaoSocial":"LABORATÓRIO FARMACÊUTICO ELOFAR LTDA","numeroAutorizacao":"1003851","cnpjFormatado":"83.874.628/0001-43"},"processo":{"numero":"2500100412186","situacao":29,"numeroProcessoFormatado":"25001.004121/86"}},{"ordem":69,"produto":{"codigo":7958,"nome":"TIABENDAZOL","numeroRegistro":"103850055","tipo":{"codigo":1,"descricao":null},"categoria":null,"situacaoRotulo":null,"dataVencimento":null,"mesAnoVencimento":"062003","dataVencimentoRegistro":"2003-06-01T00:00:00.000-0300","principioAtivo":null,"situacaoApresentacao":"Caduco/Cancelado","dataRegistro":"2000-03-02T00:00:00.000-0300","categoriaRegulatoria":{"codigo":8,"descricao":"Similar"},"medicamentoReferencia":null,"categoriaProduto":null,"tipoAutorizacao":"REGISTRADO","mesAnoVencimentoFormatado":"06/2003","numeroRegistroFormatado":"103850055","acancelar":false},"empresa":{"cnpj":"83874628000143","razaoSocial":"LABORATÓRIO FARMACÊUTICO ELOFAR LTDA","numeroAutorizacao":"1003851","cnpjFormatado":"83.874.628/0001-43"},"processo":{"numero":"2500101398085","situacao":29,"numeroProcessoFormatado":"25001.013980/85"}},{"ordem":70,"produto":{"codigo":1299517,"nome":"TURF","numeroRegistro":"103850114","tipo":{"codigo":1,"descricao":null},"categoria":null,"situacaoRotulo":null,"dataVencimento":null,"mesAnoVencimento":"012029","dataVencimentoRegistro":"2029-01-01T00:00:00.000-0300","principioAtivo":"LEVOFLOXACINO HEMIIDRATADO","situacaoApresentacao":"Válido","dataRegistro":"2019-01-21T00:00:00.000-0300","categoriaRegulatoria":{"codigo":8,"descricao":"Similar"},"medicamentoReferencia":"TAVANIC","categoriaProduto":null,"tipoAutorizacao":"REGISTRADO","mesAnoVencimentoFormatado":"01/2029","numeroRegistroFormatado":"103850114","acancelar":false},"empresa":{"cnpj":"83874628000143","razaoSocial":"LABORATÓRIO FARMACÊUTICO ELOFAR LTDA","numeroAutorizacao":"1003851","cnpjFormatado":"83.874.628/0001-43"},"processo":{"numero":"25351549647201813","situacao":29,"numeroProcessoFormatado":"25351.549647/2018-13"}},{"ordem":71,"produto":{"codigo":374602,"nome":"TUTIVERM","numeroRegistro":"103850048","tipo":{"codigo":1,"descricao":null},"categoria":null,"situacaoRotulo":null,"dataVencimento":null,"mesAnoVencimento":"102004","dataVencimentoRegistro":"2004-10-01T00:00:00.000-0300","principioAtivo":null,"situacaoApresentacao":"Caduco/Cancelado","dataRegistro":"1998-10-24T00:00:00.000-0300","categoriaRegulatoria":{"codigo":8,"descricao":"Similar"},"medicamentoReferencia":null,"categoriaProduto":null,"tipoAutorizacao":"REGISTRADO","mesAnoVencimentoFormatado":"10/2004","numeroRegistroFormatado":"103850048","acancelar":false},"empresa":{"cnpj":"83874628000143","razaoSocial":"LABORATÓRIO FARMACÊUTICO ELOFAR LTDA","numeroAutorizacao":"1003851","cnpjFormatado":"83.874.628/0001-43"},"processo":{"numero":"2599100203480","situacao":29,"numeroProcessoFormatado":"25991.002034/80"}},{"ordem":72,"produto":{"codigo":1110947,"nome":"Toux","numeroRegistro":"103850112","tipo":{"codigo":1,"descricao":null},"categoria":null,"situacaoRotulo":null,"dataVencimento":null,"mesAnoVencimento":"052027","dataVencimentoRegistro":"2027-05-01T00:00:00.000-0300","principioAtivo":"HEDERA HELIX L.","situacaoApresentacao":"Válido","dataRegistro":"2017-05-08T00:00:00.000-0300","categoriaRegulatoria":{"codigo":4,"descricao":"Fitoterápico"},"medicamentoReferencia":null,"categoriaProduto":null,"tipoAutorizacao":"REGISTRADO","mesAnoVencimentoFormatado":"05/2027","numeroRegistroFormatado":"103850112","acancelar":false},"empresa":{"cnpj":"83874628000143","razaoSocial":"LABORATÓRIO FARMACÊUTICO ELOFAR LTDA","numeroAutorizacao":"1003851","cnpjFormatado":"83.874.628/0001-43"},"processo":{"numero":"25351215619201501","situacao":29,"numeroProcessoFormatado":"25351.215619/2015-01"}},{"ordem":73,"produto":{"codigo":6422,"nome":"ULCEFOR","numeroRegistro":"103850088","tipo":{"codigo":1,"descricao":null},"categoria":null,"situacaoRotulo":null,"dataVencimento":null,"mesAnoVencimento":"072004","dataVencimentoRegistro":"2004-07-01T00:00:00.000-0300","principioAtivo":null,"situacaoApresentacao":"Caduco/Cancelado","dataRegistro":"1999-07-01T00:00:00.000-0300","categoriaRegulatoria":{"codigo":8,"descricao":"Similar"},"medicamentoReferencia":null,"categoriaProduto":null,"tipoAutorizacao":"REGISTRADO","mesAnoVencimentoFormatado":"07/2004","numeroRegistroFormatado":"103850088","acancelar":false},"empresa":{"cnpj":"83874628000143","razaoSocial":"LABORATÓRIO FARMACÊUTICO ELOFAR LTDA","numeroAutorizacao":"1003851","cnpjFormatado":"83.874.628/0001-43"},"processo":{"numero":"250000194959812","situacao":29,"numeroProcessoFormatado":"25000.019495/98-12"}},{"ordem":74,"produto":{"codigo":551,"nome":"VERMITAL","numeroRegistro":"103850053","tipo":{"codigo":1,"descricao":null},"categoria":null,"situacaoRotulo":null,"dataVencimento":null,"mesAnoVencimento":"112011","dataVencimentoRegistro":"2011-11-01T00:00:00.000-0300","principioAtivo":null,"situacaoApresentacao":"Caduco/Cancelado","dataRegistro":"2001-12-21T00:00:00.000-0200","categoriaRegulatoria":{"codigo":8,"descricao":"Similar"},"medicamentoReferencia":null,"categoriaProduto":null,"tipoAutorizacao":"REGISTRADO","mesAnoVencimentoFormatado":"11/2011","numeroRegistroFormatado":"103850053","acancelar":false},"empresa":{"cnpj":"83874628000143","razaoSocial":"LABORATÓRIO FARMACÊUTICO ELOFAR LTDA","numeroAutorizacao":"1003851","cnpjFormatado":"83.874.628/0001-43"},"processo":{"numero":"2599201656769","situacao":29,"numeroProcessoFormatado":"25992.016567/69"}},{"ordem":75,"produto":{"codigo":575677,"nome":"VERZUM","numeroRegistro":"103850097","tipo":{"codigo":1,"descricao":null},"categoria":null,"situacaoRotulo":null,"dataVencimento":null,"mesAnoVencimento":"112010","dataVencimentoRegistro":"2010-11-01T00:00:00.000-0300","principioAtivo":null,"situacaoApresentacao":"Caduco/Cancelado","dataRegistro":"1995-11-21T00:00:00.000-0300","categoriaRegulatoria":{"codigo":8,"descricao":"Similar"},"medicamentoReferencia":null,"categoriaProduto":null,"tipoAutorizacao":"REGISTRADO","mesAnoVencimentoFormatado":"11/2010","numeroRegistroFormatado":"103850097","acancelar":false},"empresa":{"cnpj":"83874628000143","razaoSocial":"LABORATÓRIO FARMACÊUTICO ELOFAR LTDA","numeroAutorizacao":"1003851","cnpjFormatado":"83.874.628/0001-43"},"processo":{"numero":"250000147868814","situacao":20,"numeroProcessoFormatado":"25000.014786/88-14"}},{"ordem":76,"produto":{"codigo":7165,"nome":"VI -  FERRIN","numeroRegistro":"103850051","tipo":{"codigo":1,"descricao":null},"categoria":null,"situacaoRotulo":null,"dataVencimento":null,"mesAnoVencimento":"082029","dataVencimentoRegistro":"2029-08-01T00:00:00.000-0300","principioAtivo":"FERRO QUELADO, FERRO QUELATO, ÁCIDO FÓLICO, CIANOCOBALAMINA","situacaoApresentacao":"Válido","dataRegistro":"2000-08-31T00:00:00.000-0300","categoriaRegulatoria":{"codigo":3,"descricao":"Específico"},"medicamentoReferencia":null,"categoriaProduto":null,"tipoAutorizacao":"REGISTRADO","mesAnoVencimentoFormatado":"08/2029","numeroRegistroFormatado":"103850051","acancelar":false},"empresa":{"cnpj":"83874628000143","razaoSocial":"LABORATÓRIO FARMACÊUTICO ELOFAR LTDA","numeroAutorizacao":"1003851","cnpjFormatado":"83.874.628/0001-43"},"processo":{"numero":"2599201506448","situacao":29,"numeroProcessoFormatado":"25992.015064/48"}},{"ordem":77,"produto":{"codigo":1155794,"nome":"Valerance","numeroRegistro":"103850113","tipo":{"codigo":1,"descricao":null},"categoria":null,"situacaoRotulo":null,"dataVencimento":null,"mesAnoVencimento":"032028","dataVencimentoRegistro":"2028-03-01T00:00:00.000-0300","principioAtivo":"VALERIANA OFFICINALIS L.","situacaoApresentacao":"Válido","dataRegistro":"2018-03-05T00:00:00.000-0300","categoriaRegulatoria":{"codigo":4,"descricao":"Fitoterápico"},"medicamentoReferencia":null,"categoriaProduto":null,"tipoAutorizacao":"REGISTRADO","mesAnoVencimentoFormatado":"03/2028","numeroRegistroFormatado":"103850113","acancelar":false},"empresa":{"cnpj":"83874628000143","razaoSocial":"LABORATÓRIO FARMACÊUTICO ELOFAR LTDA","numeroAutorizacao":"1003851","cnpjFormatado":"83.874.628/0001-43"},"processo":{"numero":"25351562302201562","situacao":29,"numeroProcessoFormatado":"25351.562302/2015-62"}}],"totalPages":1,"totalElements":77,"last":true,"numberOfElements":77,"first":true,"sort":null,"size":1000,"number":0}