{"content":[{"ordem":1,"produto":{"codigo":422715,"nome":"POMADA MINANCORA","numeroRegistro":"106900003","tipo":{"codigo":1,"descricao":null},"categoria":null,"situacaoRotulo":null,"dataVencimento":null,"mesAnoVencimento":"122029","dataVencimentoRegistro":"2029-12-01T00:00:00.000-0300","principioAtivo":"ÓXIDO DE ZINCO, CLORETO DE BENZALCÔNIO, CÂNFORA","situacaoApresentacao":"Válido","dataRegistro":"1989-12-31T00:00:00.000-0200","categoriaRegulatoria":{"codigo":6,"descricao":"Novo"},"medicamentoReferencia":null,"categoriaProduto":null,"tipoAutorizacao":"REGISTRADO","acancelar":false,"mesAnoVencimentoFormatado":"12/2029","numeroRegistroFormatado":"106900003"},"empresa":{"cnpj":"84683382000195","razaoSocial":"MINÂNCORA & CIA LTDA","numeroAutorizacao":"1006902","cnpjFormatado":"84.683.382/0001-95"},"processo":{"numero":"2599200020215","situacao":29,"numeroProcessoFormatado":"25992.000202/15"}}],"totalElements":1,"totalPages":1,"last":true,"numberOfElements":1,"size":1000,"number":0,"first":true,"sort":null}