{"content":[{"ordem":1,"produto":{"codigo":169700,"nome":"ACIDO ASCORBICO + PARACETAMOL + CLORIDRATO DE FENILEFRINA","numeroRegistro":"102850050","tipo":{"codigo":1,"descricao":null},"categoria":null,"situacaoRotulo":null,"dataVencimento":null,"mesAnoVencimento":"122007","dataVencimentoRegistro":"2007-12-01T00:00:00.000-0300","principioAtivo":null,"situacaoApresentacao":"Caduco/Cancelado","dataRegistro":"2002-12-20T00:00:00.000-0300","categoriaRegulatoria":{"codigo":8,"descricao":"Similar"},"medicamentoReferencia":null,"categoriaProduto":null,"tipoAutorizacao":"REGISTRADO","numeroRegistroFormatado":"102850050","mesAnoVencimentoFormatado":"12/2007","acancelar":false},"empresa":{"cnpj":"85776524000121","razaoSocial":"LABORATORIOS GEMBALLA LTDA","numeroAutorizacao":"1002854","cnpjFormatado":"85.776.524/0001-21"},"processo":{"numero":"2500100649273","situacao":29,"numeroProcessoFormatado":"25001.006492/73"}},{"ordem":2,"produto":{"codigo":164984,"nome":"ALANTOINA+AMINOACRIDINA+CLORIDRATO DE CINCHOCAINA+BENZOCAINA+SULF. DE HIDROXIQUINOLINA","numeroRegistro":"102850051","tipo":{"codigo":1,"descricao":null},"categoria":null,"situacaoRotulo":null,"dataVencimento":null,"mesAnoVencimento":"102007","dataVencimentoRegistro":"2007-10-01T00:00:00.000-0300","principioAtivo":null,"situacaoApresentacao":"Caduco/Cancelado","dataRegistro":"2002-11-13T00:00:00.000-0300","categoriaRegulatoria":{"codigo":8,"descricao":"Similar"},"medicamentoReferencia":null,"categoriaProduto":null,"tipoAutorizacao":"REGISTRADO","numeroRegistroFormatado":"102850051","mesAnoVencimentoFormatado":"10/2007","acancelar":false},"empresa":{"cnpj":"85776524000121","razaoSocial":"LABORATORIOS GEMBALLA LTDA","numeroAutorizacao":"1002854","cnpjFormatado":"85.776.524/0001-21"},"processo":{"numero":"2500100993882","situacao":29,"numeroProcessoFormatado":"25001.009938/82"}},{"ordem":3,"produto":{"codigo":860,"nome":"AMPICILINA TRIIDRATADA","numeroRegistro":"102850049","tipo":{"codigo":1,"descricao":null},"categoria":null,"situacaoRotulo":null,"dataVencimento":null,"mesAnoVencimento":"022005","dataVencimentoRegistro":"2005-02-01T00:00:00.000-0300","principioAtivo":null,"situacaoApresentacao":"Caduco/Cancelado","dataRegistro":"2000-02-01T00:00:00.000-0200","categoriaRegulatoria":{"codigo":8,"descricao":"Similar"},"medicamentoReferencia":null,"categoriaProduto":null,"tipoAutorizacao":"REGISTRADO","numeroRegistroFormatado":"102850049","mesAnoVencimentoFormatado":"02/2005","acancelar":false},"empresa":{"cnpj":"85776524000121","razaoSocial":"LABORATORIOS GEMBALLA LTDA","numeroAutorizacao":"1002854","cnpjFormatado":"85.776.524/0001-21"},"processo":{"numero":"2599100969079","situacao":29,"numeroProcessoFormatado":"25991.009690/79"}},{"ordem":4,"produto":{"codigo":387801,"nome":"ATALIN","numeroRegistro":"102850031","tipo":{"codigo":1,"descricao":null},"categoria":null,"situacaoRotulo":null,"dataVencimento":null,"mesAnoVencimento":"082002","dataVencimentoRegistro":"2002-08-01T00:00:00.000-0300","principioAtivo":null,"situacaoApresentacao":"Caduco/Cancelado","dataRegistro":"1991-07-17T00:00:00.000-0300","categoriaRegulatoria":{"codigo":8,"descricao":"Similar"},"medicamentoReferencia":null,"categoriaProduto":null,"tipoAutorizacao":"REGISTRADO","numeroRegistroFormatado":"102850031","mesAnoVencimentoFormatado":"08/2002","acancelar":false},"empresa":{"cnpj":"85776524000121","razaoSocial":"LABORATORIOS GEMBALLA LTDA","numeroAutorizacao":"1002854","cnpjFormatado":"85.776.524/0001-21"},"processo":{"numero":"2500120518482","situacao":29,"numeroProcessoFormatado":"25001.205184/82"}},{"ordem":5,"produto":{"codigo":401275,"nome":"ATAPEC","numeroRegistro":"102850002","tipo":{"codigo":1,"descricao":null},"categoria":null,"situacaoRotulo":null,"dataVencimento":null,"mesAnoVencimento":"022005","dataVencimentoRegistro":"2005-02-01T00:00:00.000-0300","principioAtivo":null,"situacaoApresentacao":"Caduco/Cancelado","dataRegistro":"1980-02-20T00:00:00.000-0300","categoriaRegulatoria":{"codigo":8,"descricao":"Similar"},"medicamentoReferencia":null,"categoriaProduto":null,"tipoAutorizacao":"REGISTRADO","numeroRegistroFormatado":"102850002","mesAnoVencimentoFormatado":"02/2005","acancelar":false},"empresa":{"cnpj":"85776524000121","razaoSocial":"LABORATORIOS GEMBALLA LTDA","numeroAutorizacao":"1002854","cnpjFormatado":"85.776.524/0001-21"},"processo":{"numero":"2599200782266","situacao":29,"numeroProcessoFormatado":"25992.007822/66"}},{"ordem":6,"produto":{"codigo":1760,"nome":"CETOFUNG","numeroRegistro":"102850054","tipo":{"codigo":1,"descricao":null},"categoria":null,"situacaoRotulo":null,"dataVencimento":null,"mesAnoVencimento":"122004","dataVencimentoRegistro":"2004-12-01T00:00:00.000-0300","principioAtivo":null,"situacaoApresentacao":"Caduco/Cancelado","dataRegistro":"1999-12-20T00:00:00.000-0200","categoriaRegulatoria":{"codigo":8,"descricao":"Similar"},"medicamentoReferencia":null,"categoriaProduto":null,"tipoAutorizacao":"REGISTRADO","numeroRegistroFormatado":"102850054","mesAnoVencimentoFormatado":"12/2004","acancelar":false},"empresa":{"cnpj":"85776524000121","razaoSocial":"LABORATORIOS GEMBALLA LTDA","numeroAutorizacao":"1002854","cnpjFormatado":"85.776.524/0001-21"},"processo":{"numero":"250000005229838","situacao":29,"numeroProcessoFormatado":"25000.000522/98-38"}},{"ordem":7,"produto":{"codigo":2271,"nome":"CLORETO DE SÓDIO + ASSOCIAÇÕES","numeroRegistro":"102850036","tipo":{"codigo":1,"descricao":null},"categoria":null,"situacaoRotulo":null,"dataVencimento":null,"mesAnoVencimento":"112005","dataVencimentoRegistro":"2005-11-01T00:00:00.000-0300","principioAtivo":null,"situacaoApresentacao":"Caduco/Cancelado","dataRegistro":"2000-11-28T00:00:00.000-0300","categoriaRegulatoria":{"codigo":8,"descricao":"Similar"},"medicamentoReferencia":null,"categoriaProduto":null,"tipoAutorizacao":"REGISTRADO","numeroRegistroFormatado":"102850036","mesAnoVencimentoFormatado":"11/2005","acancelar":false},"empresa":{"cnpj":"85776524000121","razaoSocial":"LABORATORIOS GEMBALLA LTDA","numeroAutorizacao":"1002854","cnpjFormatado":"85.776.524/0001-21"},"processo":{"numero":"2599100331181","situacao":29,"numeroProcessoFormatado":"25991.003311/81"}},{"ordem":8,"produto":{"codigo":6623,"nome":"CONTRADOL","numeroRegistro":"102850005","tipo":{"codigo":1,"descricao":null},"categoria":null,"situacaoRotulo":null,"dataVencimento":null,"mesAnoVencimento":"112011","dataVencimentoRegistro":"2011-11-01T00:00:00.000-0300","principioAtivo":null,"situacaoApresentacao":"Caduco/Cancelado","dataRegistro":"1996-11-11T00:00:00.000-0300","categoriaRegulatoria":{"codigo":8,"descricao":"Similar"},"medicamentoReferencia":null,"categoriaProduto":null,"tipoAutorizacao":"REGISTRADO","numeroRegistroFormatado":"102850005","mesAnoVencimentoFormatado":"11/2011","acancelar":false},"empresa":{"cnpj":"85776524000121","razaoSocial":"LABORATORIOS GEMBALLA LTDA","numeroAutorizacao":"1002854","cnpjFormatado":"85.776.524/0001-21"},"processo":{"numero":"2599101376880","situacao":29,"numeroProcessoFormatado":"25991.013768/80"}},{"ordem":9,"produto":{"codigo":126114,"nome":"DEXACORT","numeroRegistro":"102850006","tipo":{"codigo":1,"descricao":null},"categoria":null,"situacaoRotulo":null,"dataVencimento":null,"mesAnoVencimento":"032007","dataVencimentoRegistro":"2007-03-01T00:00:00.000-0300","principioAtivo":null,"situacaoApresentacao":"Caduco/Cancelado","dataRegistro":"2002-05-16T00:00:00.000-0300","categoriaRegulatoria":{"codigo":8,"descricao":"Similar"},"medicamentoReferencia":null,"categoriaProduto":null,"tipoAutorizacao":"REGISTRADO","numeroRegistroFormatado":"102850006","mesAnoVencimentoFormatado":"03/2007","acancelar":false},"empresa":{"cnpj":"85776524000121","razaoSocial":"LABORATORIOS GEMBALLA LTDA","numeroAutorizacao":"1002854","cnpjFormatado":"85.776.524/0001-21"},"processo":{"numero":"2599200131061","situacao":29,"numeroProcessoFormatado":"25992.001310/61"}},{"ordem":10,"produto":{"codigo":174095,"nome":"DIMETICONA + HIDROXIDO DE ALUMINIO + HIDROXIDO DE MAGNESIO","numeroRegistro":"102850035","tipo":{"codigo":1,"descricao":null},"categoria":null,"situacaoRotulo":null,"dataVencimento":null,"mesAnoVencimento":"082007","dataVencimentoRegistro":"2007-08-01T00:00:00.000-0300","principioAtivo":null,"situacaoApresentacao":"Caduco/Cancelado","dataRegistro":"1987-08-19T00:00:00.000-0300","categoriaRegulatoria":{"codigo":8,"descricao":"Similar"},"medicamentoReferencia":null,"categoriaProduto":null,"tipoAutorizacao":"REGISTRADO","numeroRegistroFormatado":"102850035","mesAnoVencimentoFormatado":"08/2007","acancelar":false},"empresa":{"cnpj":"85776524000121","razaoSocial":"LABORATORIOS GEMBALLA LTDA","numeroAutorizacao":"1002854","cnpjFormatado":"85.776.524/0001-21"},"processo":{"numero":"2599100331381","situacao":29,"numeroProcessoFormatado":"25991.003313/81"}},{"ordem":11,"produto":{"codigo":600432,"nome":"ERAVERM","numeroRegistro":"102850007","tipo":{"codigo":1,"descricao":null},"categoria":null,"situacaoRotulo":null,"dataVencimento":null,"mesAnoVencimento":"102013","dataVencimentoRegistro":"2013-10-01T00:00:00.000-0300","principioAtivo":null,"situacaoApresentacao":"Caduco/Cancelado","dataRegistro":"1973-10-26T00:00:00.000-0300","categoriaRegulatoria":{"codigo":8,"descricao":"Similar"},"medicamentoReferencia":null,"categoriaProduto":null,"tipoAutorizacao":"REGISTRADO","numeroRegistroFormatado":"102850007","mesAnoVencimentoFormatado":"10/2013","acancelar":false},"empresa":{"cnpj":"85776524000121","razaoSocial":"LABORATORIOS GEMBALLA LTDA","numeroAutorizacao":"1002854","cnpjFormatado":"85.776.524/0001-21"},"processo":{"numero":"2599200454173","situacao":20,"numeroProcessoFormatado":"25992.004541/73"}},{"ordem":12,"produto":{"codigo":375976,"nome":"GEGRIP","numeroRegistro":"102850025","tipo":{"codigo":1,"descricao":null},"categoria":null,"situacaoRotulo":null,"dataVencimento":null,"mesAnoVencimento":"022013","dataVencimentoRegistro":"2013-02-01T00:00:00.000-0300","principioAtivo":null,"situacaoApresentacao":"Caduco/Cancelado","dataRegistro":"1983-02-17T00:00:00.000-0300","categoriaRegulatoria":{"codigo":8,"descricao":"Similar"},"medicamentoReferencia":null,"categoriaProduto":null,"tipoAutorizacao":"REGISTRADO","numeroRegistroFormatado":"102850025","mesAnoVencimentoFormatado":"02/2013","acancelar":false},"empresa":{"cnpj":"85776524000121","razaoSocial":"LABORATORIOS GEMBALLA LTDA","numeroAutorizacao":"1002854","cnpjFormatado":"85.776.524/0001-21"},"processo":{"numero":"2599101346180","situacao":29,"numeroProcessoFormatado":"25991.013461/80"}},{"ordem":13,"produto":{"codigo":276635,"nome":"GESTAVIT COM FLÚOR","numeroRegistro":"102850888","tipo":{"codigo":1,"descricao":null},"categoria":null,"situacaoRotulo":null,"dataVencimento":null,"mesAnoVencimento":"052008","dataVencimentoRegistro":"2008-05-01T00:00:00.000-0300","principioAtivo":null,"situacaoApresentacao":"Caduco/Cancelado","dataRegistro":"1980-03-04T00:00:00.000-0300","categoriaRegulatoria":{"codigo":8,"descricao":"Similar"},"medicamentoReferencia":null,"categoriaProduto":null,"tipoAutorizacao":"REGISTRADO","numeroRegistroFormatado":"102850888","mesAnoVencimentoFormatado":"05/2008","acancelar":false},"empresa":{"cnpj":"85776524000121","razaoSocial":"LABORATORIOS GEMBALLA LTDA","numeroAutorizacao":"1002854","cnpjFormatado":"85.776.524/0001-21"},"processo":{"numero":"2599100449579","situacao":29,"numeroProcessoFormatado":"25991.004495/79"}},{"ordem":14,"produto":{"codigo":4723,"nome":"HEPARINOIDE + SALICILATO DE ETILENOGLICOL + NICOTINATO DE BENZILA","numeroRegistro":"102850047","tipo":{"codigo":1,"descricao":null},"categoria":null,"situacaoRotulo":null,"dataVencimento":null,"mesAnoVencimento":"082006","dataVencimentoRegistro":"2006-08-01T00:00:00.000-0300","principioAtivo":null,"situacaoApresentacao":"Caduco/Cancelado","dataRegistro":"2001-10-01T00:00:00.000-0300","categoriaRegulatoria":{"codigo":8,"descricao":"Similar"},"medicamentoReferencia":null,"categoriaProduto":null,"tipoAutorizacao":"REGISTRADO","numeroRegistroFormatado":"102850047","mesAnoVencimentoFormatado":"08/2006","acancelar":false},"empresa":{"cnpj":"85776524000121","razaoSocial":"LABORATORIOS GEMBALLA LTDA","numeroAutorizacao":"1002854","cnpjFormatado":"85.776.524/0001-21"},"processo":{"numero":"2500100692384","situacao":29,"numeroProcessoFormatado":"25001.006923/84"}},{"ordem":15,"produto":{"codigo":400634,"nome":"HEPATONIL","numeroRegistro":"102850009","tipo":{"codigo":1,"descricao":null},"categoria":null,"situacaoRotulo":null,"dataVencimento":null,"mesAnoVencimento":"022005","dataVencimentoRegistro":"2005-02-01T00:00:00.000-0300","principioAtivo":null,"situacaoApresentacao":"Caduco/Cancelado","dataRegistro":"1980-02-14T00:00:00.000-0300","categoriaRegulatoria":{"codigo":8,"descricao":"Similar"},"medicamentoReferencia":null,"categoriaProduto":null,"tipoAutorizacao":"REGISTRADO","numeroRegistroFormatado":"102850009","mesAnoVencimentoFormatado":"02/2005","acancelar":false},"empresa":{"cnpj":"85776524000121","razaoSocial":"LABORATORIOS GEMBALLA LTDA","numeroAutorizacao":"1002854","cnpjFormatado":"85.776.524/0001-21"},"processo":{"numero":"2599101191879","situacao":29,"numeroProcessoFormatado":"25991.011918/79"}},{"ordem":16,"produto":{"codigo":273728,"nome":"IODOPOVIDONA","numeroRegistro":"102850887","tipo":{"codigo":1,"descricao":null},"categoria":null,"situacaoRotulo":null,"dataVencimento":null,"mesAnoVencimento":"042008","dataVencimentoRegistro":"2008-04-01T00:00:00.000-0300","principioAtivo":null,"situacaoApresentacao":"Caduco/Cancelado","dataRegistro":"2003-04-11T00:00:00.000-0300","categoriaRegulatoria":{"codigo":8,"descricao":"Similar"},"medicamentoReferencia":null,"categoriaProduto":null,"tipoAutorizacao":"REGISTRADO","numeroRegistroFormatado":"102850887","mesAnoVencimentoFormatado":"04/2008","acancelar":false},"empresa":{"cnpj":"85776524000121","razaoSocial":"LABORATORIOS GEMBALLA LTDA","numeroAutorizacao":"1002854","cnpjFormatado":"85.776.524/0001-21"},"processo":{"numero":"253510256300100","situacao":29,"numeroProcessoFormatado":"25351.025630/01-00"}},{"ordem":17,"produto":{"codigo":6059,"nome":"NEOGECIM","numeroRegistro":"102850012","tipo":{"codigo":1,"descricao":null},"categoria":null,"situacaoRotulo":null,"dataVencimento":null,"mesAnoVencimento":"092012","dataVencimentoRegistro":"2012-09-01T00:00:00.000-0300","principioAtivo":null,"situacaoApresentacao":"Caduco/Cancelado","dataRegistro":"2001-03-28T00:00:00.000-0300","categoriaRegulatoria":{"codigo":8,"descricao":"Similar"},"medicamentoReferencia":null,"categoriaProduto":null,"tipoAutorizacao":"REGISTRADO","numeroRegistroFormatado":"102850012","mesAnoVencimentoFormatado":"09/2012","acancelar":false},"empresa":{"cnpj":"85776524000121","razaoSocial":"LABORATORIOS GEMBALLA LTDA","numeroAutorizacao":"1002854","cnpjFormatado":"85.776.524/0001-21"},"processo":{"numero":"2599100204772","situacao":29,"numeroProcessoFormatado":"25991.002047/72"}},{"ordem":18,"produto":{"codigo":602177,"nome":"NIDAZOL G","numeroRegistro":"102850890","tipo":{"codigo":1,"descricao":null},"categoria":null,"situacaoRotulo":null,"dataVencimento":null,"mesAnoVencimento":"032008","dataVencimentoRegistro":"2008-03-01T00:00:00.000-0300","principioAtivo":null,"situacaoApresentacao":"Caduco/Cancelado","dataRegistro":"1988-03-09T00:00:00.000-0300","categoriaRegulatoria":{"codigo":8,"descricao":"Similar"},"medicamentoReferencia":null,"categoriaProduto":null,"tipoAutorizacao":"REGISTRADO","numeroRegistroFormatado":"102850890","mesAnoVencimentoFormatado":"03/2008","acancelar":false},"empresa":{"cnpj":"85776524000121","razaoSocial":"LABORATORIOS GEMBALLA LTDA","numeroAutorizacao":"1002854","cnpjFormatado":"85.776.524/0001-21"},"processo":{"numero":"2500100470485","situacao":29,"numeroProcessoFormatado":"25001.004704/85"}},{"ordem":19,"produto":{"codigo":1992,"nome":"NOVOTUSSAN","numeroRegistro":"102850013","tipo":{"codigo":1,"descricao":null},"categoria":null,"situacaoRotulo":null,"dataVencimento":null,"mesAnoVencimento":"082009","dataVencimentoRegistro":"2009-08-01T00:00:00.000-0300","principioAtivo":null,"situacaoApresentacao":"Caduco/Cancelado","dataRegistro":"2000-11-09T00:00:00.000-0300","categoriaRegulatoria":{"codigo":8,"descricao":"Similar"},"medicamentoReferencia":null,"categoriaProduto":null,"tipoAutorizacao":"REGISTRADO","numeroRegistroFormatado":"102850013","mesAnoVencimentoFormatado":"08/2009","acancelar":false},"empresa":{"cnpj":"85776524000121","razaoSocial":"LABORATORIOS GEMBALLA LTDA","numeroAutorizacao":"1002854","cnpjFormatado":"85.776.524/0001-21"},"processo":{"numero":"2599201410558","situacao":29,"numeroProcessoFormatado":"25992.014105/58"}},{"ordem":20,"produto":{"codigo":549043,"nome":"OTOCORT","numeroRegistro":"102850015","tipo":{"codigo":1,"descricao":null},"categoria":null,"situacaoRotulo":null,"dataVencimento":null,"mesAnoVencimento":"042007","dataVencimentoRegistro":"2007-04-01T00:00:00.000-0300","principioAtivo":null,"situacaoApresentacao":"Caduco/Cancelado","dataRegistro":"1982-04-13T00:00:00.000-0300","categoriaRegulatoria":{"codigo":8,"descricao":"Similar"},"medicamentoReferencia":null,"categoriaProduto":null,"tipoAutorizacao":"REGISTRADO","numeroRegistroFormatado":"102850015","mesAnoVencimentoFormatado":"04/2007","acancelar":false},"empresa":{"cnpj":"85776524000121","razaoSocial":"LABORATORIOS GEMBALLA LTDA","numeroAutorizacao":"1002854","cnpjFormatado":"85.776.524/0001-21"},"processo":{"numero":"250010029448190","situacao":29,"numeroProcessoFormatado":"25001.002944/81-90"}},{"ordem":21,"produto":{"codigo":358628,"nome":"PACEFLEX","numeroRegistro":"102850027","tipo":{"codigo":1,"descricao":null},"categoria":null,"situacaoRotulo":null,"dataVencimento":null,"mesAnoVencimento":"082013","dataVencimentoRegistro":"2013-08-01T00:00:00.000-0300","principioAtivo":null,"situacaoApresentacao":"Caduco/Cancelado","dataRegistro":"1988-08-15T00:00:00.000-0300","categoriaRegulatoria":{"codigo":null,"descricao":null},"medicamentoReferencia":null,"categoriaProduto":null,"tipoAutorizacao":"REGISTRADO","numeroRegistroFormatado":"102850027","mesAnoVencimentoFormatado":"08/2013","acancelar":false},"empresa":{"cnpj":"85776524000121","razaoSocial":"LABORATORIOS GEMBALLA LTDA","numeroAutorizacao":"1002854","cnpjFormatado":"85.776.524/0001-21"},"processo":{"numero":"2599101346280","situacao":29,"numeroProcessoFormatado":"25991.013462/80"}},{"ordem":22,"produto":{"codigo":6624,"nome":"PACEMOL","numeroRegistro":"102850040","tipo":{"codigo":1,"descricao":null},"categoria":null,"situacaoRotulo":null,"dataVencimento":null,"mesAnoVencimento":"092005","dataVencimentoRegistro":"2005-09-01T00:00:00.000-0300","principioAtivo":null,"situacaoApresentacao":"Caduco/Cancelado","dataRegistro":"2000-11-23T00:00:00.000-0300","categoriaRegulatoria":{"codigo":8,"descricao":"Similar"},"medicamentoReferencia":null,"categoriaProduto":null,"tipoAutorizacao":"REGISTRADO","numeroRegistroFormatado":"102850040","mesAnoVencimentoFormatado":"09/2005","acancelar":false},"empresa":{"cnpj":"85776524000121","razaoSocial":"LABORATORIOS GEMBALLA LTDA","numeroAutorizacao":"1002854","cnpjFormatado":"85.776.524/0001-21"},"processo":{"numero":"2599202323774","situacao":29,"numeroProcessoFormatado":"25992.023237/74"}},{"ordem":23,"produto":{"codigo":337425,"nome":"PASSICALM","numeroRegistro":"102850016","tipo":{"codigo":1,"descricao":null},"categoria":null,"situacaoRotulo":null,"dataVencimento":null,"mesAnoVencimento":"092003","dataVencimentoRegistro":"2003-09-01T00:00:00.000-0300","principioAtivo":null,"situacaoApresentacao":"Caduco/Cancelado","dataRegistro":"1978-07-12T00:00:00.000-0300","categoriaRegulatoria":{"codigo":4,"descricao":"Fitoterápico"},"medicamentoReferencia":null,"categoriaProduto":null,"tipoAutorizacao":"REGISTRADO","numeroRegistroFormatado":"102850016","mesAnoVencimentoFormatado":"09/2003","acancelar":false},"empresa":{"cnpj":"85776524000121","razaoSocial":"LABORATORIOS GEMBALLA LTDA","numeroAutorizacao":"1002854","cnpjFormatado":"85.776.524/0001-21"},"processo":{"numero":"259920100101940","situacao":29,"numeroProcessoFormatado":"25992.010010/19-40"}},{"ordem":24,"produto":{"codigo":174069,"nome":"PENVICILIN","numeroRegistro":"102850017","tipo":{"codigo":1,"descricao":null},"categoria":null,"situacaoRotulo":null,"dataVencimento":null,"mesAnoVencimento":"072006","dataVencimentoRegistro":"2006-07-01T00:00:00.000-0300","principioAtivo":null,"situacaoApresentacao":"Caduco/Cancelado","dataRegistro":"1996-07-30T00:00:00.000-0300","categoriaRegulatoria":{"codigo":8,"descricao":"Similar"},"medicamentoReferencia":null,"categoriaProduto":null,"tipoAutorizacao":"REGISTRADO","numeroRegistroFormatado":"102850017","mesAnoVencimentoFormatado":"07/2006","acancelar":false},"empresa":{"cnpj":"85776524000121","razaoSocial":"LABORATORIOS GEMBALLA LTDA","numeroAutorizacao":"1002854","cnpjFormatado":"85.776.524/0001-21"},"processo":{"numero":"2500100614386","situacao":29,"numeroProcessoFormatado":"25001.006143/86"}},{"ordem":25,"produto":{"codigo":2932,"nome":"PEPSIVIT","numeroRegistro":"102850018","tipo":{"codigo":1,"descricao":null},"categoria":null,"situacaoRotulo":null,"dataVencimento":null,"mesAnoVencimento":"062005","dataVencimentoRegistro":"2005-06-01T00:00:00.000-0300","principioAtivo":null,"situacaoApresentacao":"Caduco/Cancelado","dataRegistro":"2001-02-12T00:00:00.000-0300","categoriaRegulatoria":{"codigo":8,"descricao":"Similar"},"medicamentoReferencia":null,"categoriaProduto":null,"tipoAutorizacao":"REGISTRADO","numeroRegistroFormatado":"102850018","mesAnoVencimentoFormatado":"06/2005","acancelar":false},"empresa":{"cnpj":"85776524000121","razaoSocial":"LABORATORIOS GEMBALLA LTDA","numeroAutorizacao":"1002854","cnpjFormatado":"85.776.524/0001-21"},"processo":{"numero":"2599100275280","situacao":29,"numeroProcessoFormatado":"25991.002752/80"}},{"ordem":26,"produto":{"codigo":358191,"nome":"SANGOTONE","numeroRegistro":"102850014","tipo":{"codigo":1,"descricao":null},"categoria":null,"situacaoRotulo":null,"dataVencimento":null,"mesAnoVencimento":"052010","dataVencimentoRegistro":"2010-05-01T00:00:00.000-0300","principioAtivo":null,"situacaoApresentacao":"Caduco/Cancelado","dataRegistro":"1980-05-12T00:00:00.000-0300","categoriaRegulatoria":{"codigo":8,"descricao":"Similar"},"medicamentoReferencia":null,"categoriaProduto":null,"tipoAutorizacao":"REGISTRADO","numeroRegistroFormatado":"102850014","mesAnoVencimentoFormatado":"05/2010","acancelar":false},"empresa":{"cnpj":"85776524000121","razaoSocial":"LABORATORIOS GEMBALLA LTDA","numeroAutorizacao":"1002854","cnpjFormatado":"85.776.524/0001-21"},"processo":{"numero":"2599100402880","situacao":29,"numeroProcessoFormatado":"25991.004028/80"}},{"ordem":27,"produto":{"codigo":8201,"nome":"VALERATO DE BETAMETASONA","numeroRegistro":"102850055","tipo":{"codigo":1,"descricao":null},"categoria":null,"situacaoRotulo":null,"dataVencimento":null,"mesAnoVencimento":"042006","dataVencimentoRegistro":"2006-04-01T00:00:00.000-0300","principioAtivo":null,"situacaoApresentacao":"Caduco/Cancelado","dataRegistro":"2001-04-04T00:00:00.000-0300","categoriaRegulatoria":{"codigo":8,"descricao":"Similar"},"medicamentoReferencia":null,"categoriaProduto":null,"tipoAutorizacao":"REGISTRADO","numeroRegistroFormatado":"102850055","mesAnoVencimentoFormatado":"04/2006","acancelar":false},"empresa":{"cnpj":"85776524000121","razaoSocial":"LABORATORIOS GEMBALLA LTDA","numeroAutorizacao":"1002854","cnpjFormatado":"85.776.524/0001-21"},"processo":{"numero":"250000017869926","situacao":29,"numeroProcessoFormatado":"25000.001786/99-26"}},{"ordem":28,"produto":{"codigo":373007,"nome":"VITONIL","numeroRegistro":"102850024","tipo":{"codigo":1,"descricao":null},"categoria":null,"situacaoRotulo":null,"dataVencimento":null,"mesAnoVencimento":"072014","dataVencimentoRegistro":"2014-07-01T00:00:00.000-0300","principioAtivo":null,"situacaoApresentacao":"Caduco/Cancelado","dataRegistro":"1979-07-17T00:00:00.000-0300","categoriaRegulatoria":{"codigo":null,"descricao":null},"medicamentoReferencia":null,"categoriaProduto":null,"tipoAutorizacao":"REGISTRADO","numeroRegistroFormatado":"102850024","mesAnoVencimentoFormatado":"07/2014","acancelar":false},"empresa":{"cnpj":"85776524000121","razaoSocial":"LABORATORIOS GEMBALLA LTDA","numeroAutorizacao":"1002854","cnpjFormatado":"85.776.524/0001-21"},"processo":{"numero":"2599100634679","situacao":29,"numeroProcessoFormatado":"25991.006346/79"}}],"totalPages":1,"totalElements":28,"last":true,"numberOfElements":28,"first":true,"sort":null,"size":1000,"number":0}