{"content":[{"ordem":1,"produto":{"codigo":412997,"nome":"BASENA ENEMA DE GLICERINA A 12%","numeroRegistro":"107250292","tipo":{"codigo":1,"descricao":null},"categoria":null,"situacaoRotulo":null,"dataVencimento":null,"mesAnoVencimento":"072025","dataVencimentoRegistro":"2025-07-01T00:00:00.000-0300","principioAtivo":"GLICEROL","situacaoApresentacao":"Válido","dataRegistro":"2005-07-11T00:00:00.000-0300","categoriaRegulatoria":{"codigo":3,"descricao":"Específico"},"medicamentoReferencia":null,"categoriaProduto":null,"tipoAutorizacao":"REGISTRADO","numeroRegistroFormatado":"107250292","mesAnoVencimentoFormatado":"07/2025","acancelar":false},"empresa":{"cnpj":"88610555000104","razaoSocial":"INDUSTRIA FARMACEUTICA BASA LTDA","numeroAutorizacao":"1007254","cnpjFormatado":"88.610.555/0001-04"},"processo":{"numero":"25351161416200567","situacao":29,"numeroProcessoFormatado":"25351.161416/2005-67"}},{"ordem":2,"produto":{"codigo":415961,"nome":"CLORETO DE SÓDIO 0,9 %","numeroRegistro":"107250006","tipo":{"codigo":1,"descricao":null},"categoria":null,"situacaoRotulo":null,"dataVencimento":null,"mesAnoVencimento":"022005","dataVencimentoRegistro":"2005-02-01T00:00:00.000-0300","principioAtivo":null,"situacaoApresentacao":"Caduco/Cancelado","dataRegistro":"1975-02-28T00:00:00.000-0300","categoriaRegulatoria":{"codigo":8,"descricao":"Similar"},"medicamentoReferencia":null,"categoriaProduto":null,"tipoAutorizacao":"REGISTRADO","numeroRegistroFormatado":"107250006","mesAnoVencimentoFormatado":"02/2005","acancelar":false},"empresa":{"cnpj":"88610555000104","razaoSocial":"INDUSTRIA FARMACEUTICA BASA LTDA","numeroAutorizacao":"1007254","cnpjFormatado":"88.610.555/0001-04"},"processo":{"numero":"2500101184768","situacao":29,"numeroProcessoFormatado":"25001.011847/68"}},{"ordem":3,"produto":{"codigo":412876,"nome":"CLORETO DE SÓDIO 0,9% BASA","numeroRegistro":"107250294","tipo":{"codigo":1,"descricao":null},"categoria":null,"situacaoRotulo":null,"dataVencimento":null,"mesAnoVencimento":"072025","dataVencimentoRegistro":"2025-07-01T00:00:00.000-0300","principioAtivo":"CLORETO DE SÓDIO","situacaoApresentacao":"Válido","dataRegistro":"2005-07-11T00:00:00.000-0300","categoriaRegulatoria":{"codigo":3,"descricao":"Específico"},"medicamentoReferencia":null,"categoriaProduto":null,"tipoAutorizacao":"REGISTRADO","numeroRegistroFormatado":"107250294","mesAnoVencimentoFormatado":"07/2025","acancelar":false},"empresa":{"cnpj":"88610555000104","razaoSocial":"INDUSTRIA FARMACEUTICA BASA LTDA","numeroAutorizacao":"1007254","cnpjFormatado":"88.610.555/0001-04"},"processo":{"numero":"25351161641200501","situacao":29,"numeroProcessoFormatado":"25351.161641/2005-01"}},{"ordem":4,"produto":{"codigo":174103,"nome":"GLICERINA","numeroRegistro":"107250005","tipo":{"codigo":1,"descricao":null},"categoria":null,"situacaoRotulo":null,"dataVencimento":null,"mesAnoVencimento":"122005","dataVencimentoRegistro":"2005-12-01T00:00:00.000-0300","principioAtivo":null,"situacaoApresentacao":"Caduco/Cancelado","dataRegistro":"2003-03-10T00:00:00.000-0300","categoriaRegulatoria":{"codigo":8,"descricao":"Similar"},"medicamentoReferencia":null,"categoriaProduto":null,"tipoAutorizacao":"REGISTRADO","numeroRegistroFormatado":"107250005","mesAnoVencimentoFormatado":"12/2005","acancelar":false},"empresa":{"cnpj":"88610555000104","razaoSocial":"INDUSTRIA FARMACEUTICA BASA LTDA","numeroAutorizacao":"1007254","cnpjFormatado":"88.610.555/0001-04"},"processo":{"numero":"2500101984374","situacao":29,"numeroProcessoFormatado":"25001.019843/74"}},{"ordem":5,"produto":{"codigo":412827,"nome":"GLICOSE BASA","numeroRegistro":"107250293","tipo":{"codigo":1,"descricao":null},"categoria":null,"situacaoRotulo":null,"dataVencimento":null,"mesAnoVencimento":"072025","dataVencimentoRegistro":"2025-07-01T00:00:00.000-0300","principioAtivo":"GLICOSE ANIDRA","situacaoApresentacao":"Válido","dataRegistro":"2005-07-11T00:00:00.000-0300","categoriaRegulatoria":{"codigo":3,"descricao":"Específico"},"medicamentoReferencia":null,"categoriaProduto":null,"tipoAutorizacao":"REGISTRADO","numeroRegistroFormatado":"107250293","mesAnoVencimentoFormatado":"07/2025","acancelar":false},"empresa":{"cnpj":"88610555000104","razaoSocial":"INDUSTRIA FARMACEUTICA BASA LTDA","numeroAutorizacao":"1007254","cnpjFormatado":"88.610.555/0001-04"},"processo":{"numero":"25351161571200583","situacao":29,"numeroProcessoFormatado":"25351.161571/2005-83"}},{"ordem":6,"produto":{"codigo":415858,"nome":"MANITOL","numeroRegistro":"107250302","tipo":{"codigo":1,"descricao":null},"categoria":null,"situacaoRotulo":null,"dataVencimento":null,"mesAnoVencimento":"102005","dataVencimentoRegistro":"2005-10-01T00:00:00.000-0300","principioAtivo":null,"situacaoApresentacao":"Caduco/Cancelado","dataRegistro":"1990-10-25T00:00:00.000-0300","categoriaRegulatoria":{"codigo":8,"descricao":"Similar"},"medicamentoReferencia":null,"categoriaProduto":null,"tipoAutorizacao":"REGISTRADO","numeroRegistroFormatado":"107250302","mesAnoVencimentoFormatado":"10/2005","acancelar":false},"empresa":{"cnpj":"88610555000104","razaoSocial":"INDUSTRIA FARMACEUTICA BASA LTDA","numeroAutorizacao":"1007254","cnpjFormatado":"88.610.555/0001-04"},"processo":{"numero":"2500101118768","situacao":29,"numeroProcessoFormatado":"25001.011187/68"}},{"ordem":7,"produto":{"codigo":412824,"nome":"MANITOL A 20 % BASA","numeroRegistro":"107250297","tipo":{"codigo":1,"descricao":null},"categoria":null,"situacaoRotulo":null,"dataVencimento":null,"mesAnoVencimento":"072025","dataVencimentoRegistro":"2025-07-01T00:00:00.000-0300","principioAtivo":"MANITOL","situacaoApresentacao":"Válido","dataRegistro":"2005-07-11T00:00:00.000-0300","categoriaRegulatoria":{"codigo":3,"descricao":"Específico"},"medicamentoReferencia":null,"categoriaProduto":null,"tipoAutorizacao":"REGISTRADO","numeroRegistroFormatado":"107250297","mesAnoVencimentoFormatado":"07/2025","acancelar":false},"empresa":{"cnpj":"88610555000104","razaoSocial":"INDUSTRIA FARMACEUTICA BASA LTDA","numeroAutorizacao":"1007254","cnpjFormatado":"88.610.555/0001-04"},"processo":{"numero":"25351164697200518","situacao":29,"numeroProcessoFormatado":"25351.164697/2005-18"}},{"ordem":8,"produto":{"codigo":412627,"nome":"RINGER COM LACTATO DE SÓDIO","numeroRegistro":"107250300","tipo":{"codigo":1,"descricao":null},"categoria":null,"situacaoRotulo":null,"dataVencimento":null,"mesAnoVencimento":"062005","dataVencimentoRegistro":"2005-06-01T00:00:00.000-0300","principioAtivo":null,"situacaoApresentacao":"Caduco/Cancelado","dataRegistro":"1989-03-30T00:00:00.000-0300","categoriaRegulatoria":{"codigo":3,"descricao":"Específico"},"medicamentoReferencia":null,"categoriaProduto":null,"tipoAutorizacao":"REGISTRADO","numeroRegistroFormatado":"107250300","mesAnoVencimentoFormatado":"06/2005","acancelar":false},"empresa":{"cnpj":"88610555000104","razaoSocial":"INDUSTRIA FARMACEUTICA BASA LTDA","numeroAutorizacao":"1007254","cnpjFormatado":"88.610.555/0001-04"},"processo":{"numero":"2599101192778","situacao":29,"numeroProcessoFormatado":"25991.011927/78"}},{"ordem":9,"produto":{"codigo":412589,"nome":"RINGER COM LACTATO DE SÓDIO BASA","numeroRegistro":"107250295","tipo":{"codigo":1,"descricao":null},"categoria":null,"situacaoRotulo":null,"dataVencimento":null,"mesAnoVencimento":"072010","dataVencimentoRegistro":"2010-07-01T00:00:00.000-0300","principioAtivo":null,"situacaoApresentacao":"Caduco/Cancelado","dataRegistro":"2005-07-11T00:00:00.000-0300","categoriaRegulatoria":{"codigo":3,"descricao":"Específico"},"medicamentoReferencia":null,"categoriaProduto":null,"tipoAutorizacao":"REGISTRADO","numeroRegistroFormatado":"107250295","mesAnoVencimentoFormatado":"07/2010","acancelar":false},"empresa":{"cnpj":"88610555000104","razaoSocial":"INDUSTRIA FARMACEUTICA BASA LTDA","numeroAutorizacao":"1007254","cnpjFormatado":"88.610.555/0001-04"},"processo":{"numero":"25351161591200554","situacao":29,"numeroProcessoFormatado":"25351.161591/2005-54"}},{"ordem":10,"produto":{"codigo":1016504,"nome":"RINGER COM LACTÁTO DE SÓDIO","numeroRegistro":"107250305","tipo":{"codigo":1,"descricao":null},"categoria":null,"situacaoRotulo":null,"dataVencimento":null,"mesAnoVencimento":"012026","dataVencimentoRegistro":"2026-01-01T00:00:00.000-0300","principioAtivo":"CLORETO DE SÓDIO, CLORETO DE POTÁSSIO, cloreto de cálcio diidratado, LACTATO DE SÓDIO","situacaoApresentacao":"Válido","dataRegistro":"2016-01-11T00:00:00.000-0300","categoriaRegulatoria":{"codigo":3,"descricao":"Específico"},"medicamentoReferencia":null,"categoriaProduto":null,"tipoAutorizacao":"REGISTRADO","numeroRegistroFormatado":"107250305","mesAnoVencimentoFormatado":"01/2026","acancelar":false},"empresa":{"cnpj":"88610555000104","razaoSocial":"INDUSTRIA FARMACEUTICA BASA LTDA","numeroAutorizacao":"1007254","cnpjFormatado":"88.610.555/0001-04"},"processo":{"numero":"25351702699201400","situacao":29,"numeroProcessoFormatado":"25351.702699/2014-00"}},{"ordem":11,"produto":{"codigo":415959,"nome":"SOLUÇÃO DE GLICOSE A 10 % BASA","numeroRegistro":"107250301","tipo":{"codigo":1,"descricao":null},"categoria":null,"situacaoRotulo":null,"dataVencimento":null,"mesAnoVencimento":"022005","dataVencimentoRegistro":"2005-02-01T00:00:00.000-0300","principioAtivo":null,"situacaoApresentacao":"Caduco/Cancelado","dataRegistro":"1975-02-28T00:00:00.000-0300","categoriaRegulatoria":{"codigo":8,"descricao":"Similar"},"medicamentoReferencia":null,"categoriaProduto":null,"tipoAutorizacao":"REGISTRADO","numeroRegistroFormatado":"107250301","mesAnoVencimentoFormatado":"02/2005","acancelar":false},"empresa":{"cnpj":"88610555000104","razaoSocial":"INDUSTRIA FARMACEUTICA BASA LTDA","numeroAutorizacao":"1007254","cnpjFormatado":"88.610.555/0001-04"},"processo":{"numero":"2500101184668","situacao":29,"numeroProcessoFormatado":"25001.011846/68"}},{"ordem":12,"produto":{"codigo":415960,"nome":"SOLUÇÃO DE GLICOSE A 5 % BASA","numeroRegistro":"107250299","tipo":{"codigo":1,"descricao":null},"categoria":null,"situacaoRotulo":null,"dataVencimento":null,"mesAnoVencimento":"022005","dataVencimentoRegistro":"2005-02-01T00:00:00.000-0300","principioAtivo":null,"situacaoApresentacao":"Caduco/Cancelado","dataRegistro":"1990-02-22T00:00:00.000-0300","categoriaRegulatoria":{"codigo":8,"descricao":"Similar"},"medicamentoReferencia":null,"categoriaProduto":null,"tipoAutorizacao":"REGISTRADO","numeroRegistroFormatado":"107250299","mesAnoVencimentoFormatado":"02/2005","acancelar":false},"empresa":{"cnpj":"88610555000104","razaoSocial":"INDUSTRIA FARMACEUTICA BASA LTDA","numeroAutorizacao":"1007254","cnpjFormatado":"88.610.555/0001-04"},"processo":{"numero":"2500101184068","situacao":29,"numeroProcessoFormatado":"25001.011840/68"}},{"ordem":13,"produto":{"codigo":417281,"nome":"SOLUÇÃO GLICOCLORETADA BASA","numeroRegistro":"107250298","tipo":{"codigo":1,"descricao":null},"categoria":null,"situacaoRotulo":null,"dataVencimento":null,"mesAnoVencimento":"102005","dataVencimentoRegistro":"2005-10-01T00:00:00.000-0300","principioAtivo":null,"situacaoApresentacao":"Caduco/Cancelado","dataRegistro":"1990-10-20T00:00:00.000-0300","categoriaRegulatoria":{"codigo":8,"descricao":"Similar"},"medicamentoReferencia":null,"categoriaProduto":null,"tipoAutorizacao":"REGISTRADO","numeroRegistroFormatado":"107250298","mesAnoVencimentoFormatado":"10/2005","acancelar":false},"empresa":{"cnpj":"88610555000104","razaoSocial":"INDUSTRIA FARMACEUTICA BASA LTDA","numeroAutorizacao":"1007254","cnpjFormatado":"88.610.555/0001-04"},"processo":{"numero":"2500101247868","situacao":29,"numeroProcessoFormatado":"25001.012478/68"}},{"ordem":14,"produto":{"codigo":412634,"nome":"SOLUÇÃO GLICOCLORETADA BASA","numeroRegistro":"107250296","tipo":{"codigo":1,"descricao":null},"categoria":null,"situacaoRotulo":null,"dataVencimento":null,"mesAnoVencimento":"072025","dataVencimentoRegistro":"2025-07-01T00:00:00.000-0300","principioAtivo":"CLORETO DE SÓDIO, GLICOSE","situacaoApresentacao":"Válido","dataRegistro":"2005-07-11T00:00:00.000-0300","categoriaRegulatoria":{"codigo":3,"descricao":"Específico"},"medicamentoReferencia":null,"categoriaProduto":null,"tipoAutorizacao":"REGISTRADO","numeroRegistroFormatado":"107250296","mesAnoVencimentoFormatado":"07/2025","acancelar":false},"empresa":{"cnpj":"88610555000104","razaoSocial":"INDUSTRIA FARMACEUTICA BASA LTDA","numeroAutorizacao":"1007254","cnpjFormatado":"88.610.555/0001-04"},"processo":{"numero":"25351161990200515","situacao":29,"numeroProcessoFormatado":"25351.161990/2005-15"}},{"ordem":15,"produto":{"codigo":341914,"nome":"SOLUÇÃO PARA DIÁLISE PERITONIAL BASA","numeroRegistro":"107250017","tipo":{"codigo":1,"descricao":null},"categoria":null,"situacaoRotulo":null,"dataVencimento":null,"mesAnoVencimento":"082003","dataVencimentoRegistro":"2003-08-01T00:00:00.000-0300","principioAtivo":null,"situacaoApresentacao":"Caduco/Cancelado","dataRegistro":"1968-10-30T00:00:00.000-0300","categoriaRegulatoria":{"codigo":8,"descricao":"Similar"},"medicamentoReferencia":null,"categoriaProduto":null,"tipoAutorizacao":"REGISTRADO","numeroRegistroFormatado":"107250017","mesAnoVencimentoFormatado":"08/2003","acancelar":false},"empresa":{"cnpj":"88610555000104","razaoSocial":"INDUSTRIA FARMACEUTICA BASA LTDA","numeroAutorizacao":"1007254","cnpjFormatado":"88.610.555/0001-04"},"processo":{"numero":"2500101247968","situacao":29,"numeroProcessoFormatado":"25001.012479/68"}},{"ordem":16,"produto":{"codigo":413071,"nome":"ÁGUA PARA INJETÁVEIS BASA","numeroRegistro":"107250291","tipo":{"codigo":1,"descricao":null},"categoria":null,"situacaoRotulo":null,"dataVencimento":null,"mesAnoVencimento":"072025","dataVencimentoRegistro":"2025-07-01T00:00:00.000-0300","principioAtivo":"ÁGUA PARA INJETÁVEIS","situacaoApresentacao":"Válido","dataRegistro":"2005-07-11T00:00:00.000-0300","categoriaRegulatoria":{"codigo":3,"descricao":"Específico"},"medicamentoReferencia":null,"categoriaProduto":null,"tipoAutorizacao":"REGISTRADO","numeroRegistroFormatado":"107250291","mesAnoVencimentoFormatado":"07/2025","acancelar":false},"empresa":{"cnpj":"88610555000104","razaoSocial":"INDUSTRIA FARMACEUTICA BASA LTDA","numeroAutorizacao":"1007254","cnpjFormatado":"88.610.555/0001-04"},"processo":{"numero":"25351124578200514","situacao":29,"numeroProcessoFormatado":"25351.124578/2005-14"}}],"totalElements":16,"totalPages":1,"last":true,"numberOfElements":16,"first":true,"sort":null,"size":1000,"number":0}