{"content":[{"ordem":1,"produto":{"codigo":727,"nome":"AMOXICILINA","numeroRegistro":"100920032","tipo":{"codigo":1,"descricao":null},"categoria":null,"situacaoRotulo":null,"dataVencimento":null,"mesAnoVencimento":"082004","dataVencimentoRegistro":"2004-08-01T00:00:00.000-0300","principioAtivo":null,"situacaoApresentacao":"Caduco/Cancelado","dataRegistro":"1999-08-09T00:00:00.000-0300","categoriaRegulatoria":{"codigo":8,"descricao":"Similar"},"medicamentoReferencia":null,"categoriaProduto":null,"tipoAutorizacao":"REGISTRADO","mesAnoVencimentoFormatado":"08/2004","numeroRegistroFormatado":"100920032","acancelar":false},"empresa":{"cnpj":"92928951000143","razaoSocial":"LABORATORIO INDUSTRIAL FARMACÊUTICO LIFAR LTDA","numeroAutorizacao":"1000927","cnpjFormatado":"92.928.951/0001-43"},"processo":{"numero":"250000218629965","situacao":29,"numeroProcessoFormatado":"25000.021862/99-65"}},{"ordem":2,"produto":{"codigo":1159,"nome":"BETAMETASONA + ASSOCIASSOES","numeroRegistro":"100920030","tipo":{"codigo":1,"descricao":null},"categoria":null,"situacaoRotulo":null,"dataVencimento":null,"mesAnoVencimento":"082004","dataVencimentoRegistro":"2004-08-01T00:00:00.000-0300","principioAtivo":null,"situacaoApresentacao":"Caduco/Cancelado","dataRegistro":"1999-08-09T00:00:00.000-0300","categoriaRegulatoria":{"codigo":8,"descricao":"Similar"},"medicamentoReferencia":null,"categoriaProduto":null,"tipoAutorizacao":"REGISTRADO","mesAnoVencimentoFormatado":"08/2004","numeroRegistroFormatado":"100920030","acancelar":false},"empresa":{"cnpj":"92928951000143","razaoSocial":"LABORATORIO INDUSTRIAL FARMACÊUTICO LIFAR LTDA","numeroAutorizacao":"1000927","cnpjFormatado":"92.928.951/0001-43"},"processo":{"numero":"250000218669916","situacao":29,"numeroProcessoFormatado":"25000.021866/99-16"}},{"ordem":3,"produto":{"codigo":379233,"nome":"CHALAX","numeroRegistro":"100920058","tipo":{"codigo":1,"descricao":null},"categoria":null,"situacaoRotulo":null,"dataVencimento":null,"mesAnoVencimento":"102009","dataVencimentoRegistro":"2009-10-01T00:00:00.000-0300","principioAtivo":null,"situacaoApresentacao":"Caduco/Cancelado","dataRegistro":"1989-10-30T00:00:00.000-0200","categoriaRegulatoria":{"codigo":null,"descricao":null},"medicamentoReferencia":null,"categoriaProduto":null,"tipoAutorizacao":"REGISTRADO","mesAnoVencimentoFormatado":"10/2009","numeroRegistroFormatado":"100920058","acancelar":false},"empresa":{"cnpj":"92928951000143","razaoSocial":"LABORATORIO INDUSTRIAL FARMACÊUTICO LIFAR LTDA","numeroAutorizacao":"1000927","cnpjFormatado":"92.928.951/0001-43"},"processo":{"numero":"2599200321834","situacao":29,"numeroProcessoFormatado":"25992.003218/34"}},{"ordem":4,"produto":{"codigo":27,"nome":"CHÁ DE SENE SANITAS","numeroRegistro":"100920043","tipo":{"codigo":1,"descricao":null},"categoria":null,"situacaoRotulo":null,"dataVencimento":null,"mesAnoVencimento":"052006","dataVencimentoRegistro":"2006-05-01T00:00:00.000-0300","principioAtivo":null,"situacaoApresentacao":"Caduco/Cancelado","dataRegistro":"2001-06-04T00:00:00.000-0300","categoriaRegulatoria":{"codigo":4,"descricao":"Fitoterápico"},"medicamentoReferencia":null,"categoriaProduto":null,"tipoAutorizacao":"REGISTRADO","mesAnoVencimentoFormatado":"05/2006","numeroRegistroFormatado":"100920043","acancelar":false},"empresa":{"cnpj":"92928951000143","razaoSocial":"LABORATORIO INDUSTRIAL FARMACÊUTICO LIFAR LTDA","numeroAutorizacao":"1000927","cnpjFormatado":"92.928.951/0001-43"},"processo":{"numero":"2502500567199","situacao":29,"numeroProcessoFormatado":"25025.005671/99"}},{"ordem":5,"produto":{"codigo":3144,"nome":"CYNARA SCOLYMUS","numeroRegistro":"100920044","tipo":{"codigo":1,"descricao":null},"categoria":null,"situacaoRotulo":null,"dataVencimento":null,"mesAnoVencimento":"102006","dataVencimentoRegistro":"2006-10-01T00:00:00.000-0300","principioAtivo":null,"situacaoApresentacao":"Caduco/Cancelado","dataRegistro":"2001-10-18T00:00:00.000-0200","categoriaRegulatoria":{"codigo":4,"descricao":"Fitoterápico"},"medicamentoReferencia":null,"categoriaProduto":null,"tipoAutorizacao":"REGISTRADO","mesAnoVencimentoFormatado":"10/2006","numeroRegistroFormatado":"100920044","acancelar":false},"empresa":{"cnpj":"92928951000143","razaoSocial":"LABORATORIO INDUSTRIAL FARMACÊUTICO LIFAR LTDA","numeroAutorizacao":"1000927","cnpjFormatado":"92.928.951/0001-43"},"processo":{"numero":"2502500566999","situacao":29,"numeroProcessoFormatado":"25025.005669/99"}},{"ordem":6,"produto":{"codigo":3242,"nome":"DEXAMETASONA","numeroRegistro":"100920029","tipo":{"codigo":1,"descricao":null},"categoria":null,"situacaoRotulo":null,"dataVencimento":null,"mesAnoVencimento":"072004","dataVencimentoRegistro":"2004-07-01T00:00:00.000-0300","principioAtivo":null,"situacaoApresentacao":"Caduco/Cancelado","dataRegistro":"1999-07-15T00:00:00.000-0300","categoriaRegulatoria":{"codigo":8,"descricao":"Similar"},"medicamentoReferencia":null,"categoriaProduto":null,"tipoAutorizacao":"REGISTRADO","mesAnoVencimentoFormatado":"07/2004","numeroRegistroFormatado":"100920029","acancelar":false},"empresa":{"cnpj":"92928951000143","razaoSocial":"LABORATORIO INDUSTRIAL FARMACÊUTICO LIFAR LTDA","numeroAutorizacao":"1000927","cnpjFormatado":"92.928.951/0001-43"},"processo":{"numero":"250000218639928","situacao":29,"numeroProcessoFormatado":"25000.021863/99-28"}},{"ordem":7,"produto":{"codigo":3578,"nome":"DINITRATO DE ISOSSORBIDA","numeroRegistro":"100920031","tipo":{"codigo":1,"descricao":null},"categoria":null,"situacaoRotulo":null,"dataVencimento":null,"mesAnoVencimento":"082004","dataVencimentoRegistro":"2004-08-01T00:00:00.000-0300","principioAtivo":null,"situacaoApresentacao":"Caduco/Cancelado","dataRegistro":"1999-08-09T00:00:00.000-0300","categoriaRegulatoria":{"codigo":8,"descricao":"Similar"},"medicamentoReferencia":null,"categoriaProduto":null,"tipoAutorizacao":"REGISTRADO","mesAnoVencimentoFormatado":"08/2004","numeroRegistroFormatado":"100920031","acancelar":false},"empresa":{"cnpj":"92928951000143","razaoSocial":"LABORATORIO INDUSTRIAL FARMACÊUTICO LIFAR LTDA","numeroAutorizacao":"1000927","cnpjFormatado":"92.928.951/0001-43"},"processo":{"numero":"250000218829972","situacao":29,"numeroProcessoFormatado":"25000.021882/99-72"}},{"ordem":8,"produto":{"codigo":3713,"nome":"DIPIRONA+CITRATO DE ORFENADRINA+CAFEINA","numeroRegistro":"100920028","tipo":{"codigo":1,"descricao":null},"categoria":null,"situacaoRotulo":null,"dataVencimento":null,"mesAnoVencimento":"072004","dataVencimentoRegistro":"2004-07-01T00:00:00.000-0300","principioAtivo":null,"situacaoApresentacao":"Caduco/Cancelado","dataRegistro":"1999-07-02T00:00:00.000-0300","categoriaRegulatoria":{"codigo":8,"descricao":"Similar"},"medicamentoReferencia":null,"categoriaProduto":null,"tipoAutorizacao":"REGISTRADO","mesAnoVencimentoFormatado":"07/2004","numeroRegistroFormatado":"100920028","acancelar":false},"empresa":{"cnpj":"92928951000143","razaoSocial":"LABORATORIO INDUSTRIAL FARMACÊUTICO LIFAR LTDA","numeroAutorizacao":"1000927","cnpjFormatado":"92.928.951/0001-43"},"processo":{"numero":"250000218679989","situacao":29,"numeroProcessoFormatado":"25000.021867/99-89"}},{"ordem":9,"produto":{"codigo":5072,"nome":"FULGERM","numeroRegistro":"100920046","tipo":{"codigo":1,"descricao":null},"categoria":null,"situacaoRotulo":null,"dataVencimento":null,"mesAnoVencimento":"022007","dataVencimentoRegistro":"2007-02-01T00:00:00.000-0300","principioAtivo":null,"situacaoApresentacao":"Caduco/Cancelado","dataRegistro":"2002-02-07T00:00:00.000-0200","categoriaRegulatoria":{"codigo":8,"descricao":"Similar"},"medicamentoReferencia":null,"categoriaProduto":null,"tipoAutorizacao":"REGISTRADO","mesAnoVencimentoFormatado":"02/2007","numeroRegistroFormatado":"100920046","acancelar":false},"empresa":{"cnpj":"92928951000143","razaoSocial":"LABORATORIO INDUSTRIAL FARMACÊUTICO LIFAR LTDA","numeroAutorizacao":"1000927","cnpjFormatado":"92.928.951/0001-43"},"processo":{"numero":"253510271760141","situacao":29,"numeroProcessoFormatado":"25351.027176/01-41"}},{"ordem":10,"produto":{"codigo":337247,"nome":"GUARANÁ DO AMAZONAS SANITAS","numeroRegistro":"100920055","tipo":{"codigo":1,"descricao":null},"categoria":null,"situacaoRotulo":null,"dataVencimento":null,"mesAnoVencimento":"032009","dataVencimentoRegistro":"2009-03-01T00:00:00.000-0300","principioAtivo":null,"situacaoApresentacao":"Caduco/Cancelado","dataRegistro":"2004-03-02T00:00:00.000-0300","categoriaRegulatoria":{"codigo":4,"descricao":"Fitoterápico"},"medicamentoReferencia":null,"categoriaProduto":null,"tipoAutorizacao":"REGISTRADO","mesAnoVencimentoFormatado":"03/2009","numeroRegistroFormatado":"100920055","acancelar":false},"empresa":{"cnpj":"92928951000143","razaoSocial":"LABORATORIO INDUSTRIAL FARMACÊUTICO LIFAR LTDA","numeroAutorizacao":"1000927","cnpjFormatado":"92.928.951/0001-43"},"processo":{"numero":"25351037090200396","situacao":29,"numeroProcessoFormatado":"25351.037090/2003-96"}},{"ordem":11,"produto":{"codigo":4793,"nome":"LIVIOSIN","numeroRegistro":"100920034","tipo":{"codigo":1,"descricao":null},"categoria":null,"situacaoRotulo":null,"dataVencimento":null,"mesAnoVencimento":"022005","dataVencimentoRegistro":"2005-02-01T00:00:00.000-0300","principioAtivo":null,"situacaoApresentacao":"Caduco/Cancelado","dataRegistro":"2000-02-02T00:00:00.000-0200","categoriaRegulatoria":{"codigo":8,"descricao":"Similar"},"medicamentoReferencia":null,"categoriaProduto":null,"tipoAutorizacao":"REGISTRADO","mesAnoVencimentoFormatado":"02/2005","numeroRegistroFormatado":"100920034","acancelar":false},"empresa":{"cnpj":"92928951000143","razaoSocial":"LABORATORIO INDUSTRIAL FARMACÊUTICO LIFAR LTDA","numeroAutorizacao":"1000927","cnpjFormatado":"92.928.951/0001-43"},"processo":{"numero":"250000216359901","situacao":29,"numeroProcessoFormatado":"25000.021635/99-01"}},{"ordem":12,"produto":{"codigo":5517,"nome":"MALEATO DE ENALAPRIL","numeroRegistro":"100920027","tipo":{"codigo":1,"descricao":null},"categoria":null,"situacaoRotulo":null,"dataVencimento":null,"mesAnoVencimento":"072004","dataVencimentoRegistro":"2004-07-01T00:00:00.000-0300","principioAtivo":null,"situacaoApresentacao":"Caduco/Cancelado","dataRegistro":"1999-07-02T00:00:00.000-0300","categoriaRegulatoria":{"codigo":8,"descricao":"Similar"},"medicamentoReferencia":null,"categoriaProduto":null,"tipoAutorizacao":"REGISTRADO","mesAnoVencimentoFormatado":"07/2004","numeroRegistroFormatado":"100920027","acancelar":false},"empresa":{"cnpj":"92928951000143","razaoSocial":"LABORATORIO INDUSTRIAL FARMACÊUTICO LIFAR LTDA","numeroAutorizacao":"1000927","cnpjFormatado":"92.928.951/0001-43"},"processo":{"numero":"250000216759918","situacao":29,"numeroProcessoFormatado":"25000.021675/99-18"}},{"ordem":13,"produto":{"codigo":5582,"nome":"MALVA SYLVESTRE","numeroRegistro":"100920042","tipo":{"codigo":1,"descricao":null},"categoria":null,"situacaoRotulo":null,"dataVencimento":null,"mesAnoVencimento":"122005","dataVencimentoRegistro":"2005-12-01T00:00:00.000-0300","principioAtivo":null,"situacaoApresentacao":"Caduco/Cancelado","dataRegistro":"2000-12-26T00:00:00.000-0300","categoriaRegulatoria":{"codigo":4,"descricao":"Fitoterápico"},"medicamentoReferencia":null,"categoriaProduto":null,"tipoAutorizacao":"REGISTRADO","mesAnoVencimentoFormatado":"12/2005","numeroRegistroFormatado":"100920042","acancelar":false},"empresa":{"cnpj":"92928951000143","razaoSocial":"LABORATORIO INDUSTRIAL FARMACÊUTICO LIFAR LTDA","numeroAutorizacao":"1000927","cnpjFormatado":"92.928.951/0001-43"},"processo":{"numero":"2502500567099","situacao":29,"numeroProcessoFormatado":"25025.005670/99"}},{"ordem":14,"produto":{"codigo":5600,"nome":"MEBENDAZOL","numeroRegistro":"100920024","tipo":{"codigo":1,"descricao":null},"categoria":null,"situacaoRotulo":null,"dataVencimento":null,"mesAnoVencimento":"042003","dataVencimentoRegistro":"2003-04-01T00:00:00.000-0300","principioAtivo":null,"situacaoApresentacao":"Caduco/Cancelado","dataRegistro":"1998-04-02T00:00:00.000-0300","categoriaRegulatoria":{"codigo":8,"descricao":"Similar"},"medicamentoReferencia":null,"categoriaProduto":null,"tipoAutorizacao":"REGISTRADO","mesAnoVencimentoFormatado":"04/2003","numeroRegistroFormatado":"100920024","acancelar":false},"empresa":{"cnpj":"92928951000143","razaoSocial":"LABORATORIO INDUSTRIAL FARMACÊUTICO LIFAR LTDA","numeroAutorizacao":"1000927","cnpjFormatado":"92.928.951/0001-43"},"processo":{"numero":"2502501913997","situacao":29,"numeroProcessoFormatado":"25025.019139/97"}},{"ordem":15,"produto":{"codigo":413370,"nome":"MICOTICS","numeroRegistro":"100920060","tipo":{"codigo":1,"descricao":null},"categoria":null,"situacaoRotulo":null,"dataVencimento":null,"mesAnoVencimento":"092025","dataVencimentoRegistro":"2025-09-01T00:00:00.000-0300","principioAtivo":null,"situacaoApresentacao":"Caduco/Cancelado","dataRegistro":"2005-09-05T00:00:00.000-0300","categoriaRegulatoria":{"codigo":8,"descricao":"Similar"},"medicamentoReferencia":null,"categoriaProduto":null,"tipoAutorizacao":"REGISTRADO","mesAnoVencimentoFormatado":"09/2025","numeroRegistroFormatado":"100920060","acancelar":false},"empresa":{"cnpj":"92928951000143","razaoSocial":"LABORATORIO INDUSTRIAL FARMACÊUTICO LIFAR LTDA","numeroAutorizacao":"1000927","cnpjFormatado":"92.928.951/0001-43"},"processo":{"numero":"25351077403200519","situacao":29,"numeroProcessoFormatado":"25351.077403/2005-19"}},{"ordem":16,"produto":{"codigo":5186,"nome":"MUCOLIVRE","numeroRegistro":"100920023","tipo":{"codigo":1,"descricao":null},"categoria":null,"situacaoRotulo":null,"dataVencimento":null,"mesAnoVencimento":"012013","dataVencimentoRegistro":"2013-01-01T00:00:00.000-0300","principioAtivo":null,"situacaoApresentacao":"Caduco/Cancelado","dataRegistro":"1998-01-26T00:00:00.000-0300","categoriaRegulatoria":{"codigo":8,"descricao":"Similar"},"medicamentoReferencia":null,"categoriaProduto":null,"tipoAutorizacao":"REGISTRADO","mesAnoVencimentoFormatado":"01/2013","numeroRegistroFormatado":"100920023","acancelar":false},"empresa":{"cnpj":"92928951000143","razaoSocial":"LABORATORIO INDUSTRIAL FARMACÊUTICO LIFAR LTDA","numeroAutorizacao":"1000927","cnpjFormatado":"92.928.951/0001-43"},"processo":{"numero":"2502501914097","situacao":29,"numeroProcessoFormatado":"25025.019140/97"}},{"ordem":17,"produto":{"codigo":6064,"nome":"NEOBACEN","numeroRegistro":"100920026","tipo":{"codigo":1,"descricao":null},"categoria":null,"situacaoRotulo":null,"dataVencimento":null,"mesAnoVencimento":"052008","dataVencimentoRegistro":"2008-05-01T00:00:00.000-0300","principioAtivo":null,"situacaoApresentacao":"Caduco/Cancelado","dataRegistro":"1998-08-03T00:00:00.000-0300","categoriaRegulatoria":{"codigo":8,"descricao":"Similar"},"medicamentoReferencia":null,"categoriaProduto":null,"tipoAutorizacao":"REGISTRADO","mesAnoVencimentoFormatado":"05/2008","numeroRegistroFormatado":"100920026","acancelar":false},"empresa":{"cnpj":"92928951000143","razaoSocial":"LABORATORIO INDUSTRIAL FARMACÊUTICO LIFAR LTDA","numeroAutorizacao":"1000927","cnpjFormatado":"92.928.951/0001-43"},"processo":{"numero":"250000103869450","situacao":29,"numeroProcessoFormatado":"25000.010386/94-50"}},{"ordem":18,"produto":{"codigo":3511,"nome":"NIILIS","numeroRegistro":"100920039","tipo":{"codigo":1,"descricao":null},"categoria":null,"situacaoRotulo":null,"dataVencimento":null,"mesAnoVencimento":"022005","dataVencimentoRegistro":"2005-02-01T00:00:00.000-0300","principioAtivo":null,"situacaoApresentacao":"Caduco/Cancelado","dataRegistro":"2000-02-07T00:00:00.000-0200","categoriaRegulatoria":{"codigo":8,"descricao":"Similar"},"medicamentoReferencia":null,"categoriaProduto":null,"tipoAutorizacao":"REGISTRADO","mesAnoVencimentoFormatado":"02/2005","numeroRegistroFormatado":"100920039","acancelar":false},"empresa":{"cnpj":"92928951000143","razaoSocial":"LABORATORIO INDUSTRIAL FARMACÊUTICO LIFAR LTDA","numeroAutorizacao":"1000927","cnpjFormatado":"92.928.951/0001-43"},"processo":{"numero":"250000216479982","situacao":29,"numeroProcessoFormatado":"25000.021647/99-82"}},{"ordem":19,"produto":{"codigo":2290,"nome":"PANVEL","numeroRegistro":"100920038","tipo":{"codigo":1,"descricao":null},"categoria":null,"situacaoRotulo":null,"dataVencimento":null,"mesAnoVencimento":"022005","dataVencimentoRegistro":"2005-02-01T00:00:00.000-0300","principioAtivo":null,"situacaoApresentacao":"Caduco/Cancelado","dataRegistro":"2000-02-07T00:00:00.000-0200","categoriaRegulatoria":{"codigo":8,"descricao":"Similar"},"medicamentoReferencia":null,"categoriaProduto":null,"tipoAutorizacao":"REGISTRADO","mesAnoVencimentoFormatado":"02/2005","numeroRegistroFormatado":"100920038","acancelar":false},"empresa":{"cnpj":"92928951000143","razaoSocial":"LABORATORIO INDUSTRIAL FARMACÊUTICO LIFAR LTDA","numeroAutorizacao":"1000927","cnpjFormatado":"92.928.951/0001-43"},"processo":{"numero":"250000216439921","situacao":29,"numeroProcessoFormatado":"25000.021643/99-21"}},{"ordem":20,"produto":{"codigo":6608,"nome":"PARASEDOR","numeroRegistro":"100920033","tipo":{"codigo":1,"descricao":null},"categoria":null,"situacaoRotulo":null,"dataVencimento":null,"mesAnoVencimento":"022005","dataVencimentoRegistro":"2005-02-01T00:00:00.000-0300","principioAtivo":null,"situacaoApresentacao":"Caduco/Cancelado","dataRegistro":"2000-01-28T00:00:00.000-0200","categoriaRegulatoria":{"codigo":8,"descricao":"Similar"},"medicamentoReferencia":null,"categoriaProduto":null,"tipoAutorizacao":"REGISTRADO","mesAnoVencimentoFormatado":"02/2005","numeroRegistroFormatado":"100920033","acancelar":false},"empresa":{"cnpj":"92928951000143","razaoSocial":"LABORATORIO INDUSTRIAL FARMACÊUTICO LIFAR LTDA","numeroAutorizacao":"1000927","cnpjFormatado":"92.928.951/0001-43"},"processo":{"numero":"250000216329913","situacao":29,"numeroProcessoFormatado":"25000.021632/99-13"}},{"ordem":21,"produto":{"codigo":6800,"nome":"PIO SECTO","numeroRegistro":"100920025","tipo":{"codigo":1,"descricao":null},"categoria":null,"situacaoRotulo":null,"dataVencimento":null,"mesAnoVencimento":"042028","dataVencimentoRegistro":"2028-04-01T00:00:00.000-0300","principioAtivo":null,"situacaoApresentacao":"Caduco/Cancelado","dataRegistro":"1998-04-29T00:00:00.000-0300","categoriaRegulatoria":{"codigo":8,"descricao":"Similar"},"medicamentoReferencia":null,"categoriaProduto":null,"tipoAutorizacao":"REGISTRADO","mesAnoVencimentoFormatado":"04/2028","numeroRegistroFormatado":"100920025","acancelar":false},"empresa":{"cnpj":"92928951000143","razaoSocial":"LABORATORIO INDUSTRIAL FARMACÊUTICO LIFAR LTDA","numeroAutorizacao":"1000927","cnpjFormatado":"92.928.951/0001-43"},"processo":{"numero":"2502500230496","situacao":29,"numeroProcessoFormatado":"25025.002304/96"}},{"ordem":22,"produto":{"codigo":3598,"nome":"QUIMOTRIN","numeroRegistro":"100920041","tipo":{"codigo":1,"descricao":null},"categoria":null,"situacaoRotulo":null,"dataVencimento":null,"mesAnoVencimento":"072005","dataVencimentoRegistro":"2005-07-01T00:00:00.000-0300","principioAtivo":null,"situacaoApresentacao":"Caduco/Cancelado","dataRegistro":"2000-07-21T00:00:00.000-0300","categoriaRegulatoria":{"codigo":8,"descricao":"Similar"},"medicamentoReferencia":null,"categoriaProduto":null,"tipoAutorizacao":"REGISTRADO","mesAnoVencimentoFormatado":"07/2005","numeroRegistroFormatado":"100920041","acancelar":false},"empresa":{"cnpj":"92928951000143","razaoSocial":"LABORATORIO INDUSTRIAL FARMACÊUTICO LIFAR LTDA","numeroAutorizacao":"1000927","cnpjFormatado":"92.928.951/0001-43"},"processo":{"numero":"250000216389991","situacao":29,"numeroProcessoFormatado":"25000.021638/99-91"}},{"ordem":23,"produto":{"codigo":498863,"nome":"RINORDIL","numeroRegistro":"100920065","tipo":{"codigo":1,"descricao":null},"categoria":null,"situacaoRotulo":null,"dataVencimento":null,"mesAnoVencimento":"072012","dataVencimentoRegistro":"2012-07-01T00:00:00.000-0300","principioAtivo":null,"situacaoApresentacao":"Caduco/Cancelado","dataRegistro":"2007-07-02T00:00:00.000-0300","categoriaRegulatoria":{"codigo":3,"descricao":"Específico"},"medicamentoReferencia":null,"categoriaProduto":null,"tipoAutorizacao":"REGISTRADO","mesAnoVencimentoFormatado":"07/2012","numeroRegistroFormatado":"100920065","acancelar":false},"empresa":{"cnpj":"92928951000143","razaoSocial":"LABORATORIO INDUSTRIAL FARMACÊUTICO LIFAR LTDA","numeroAutorizacao":"1000927","cnpjFormatado":"92.928.951/0001-43"},"processo":{"numero":"25351448073200623","situacao":29,"numeroProcessoFormatado":"25351.448073/2006-23"}},{"ordem":24,"produto":{"codigo":126394,"nome":"SALICILATO DE METILA+CANFORA+MENTOL+TEREBENTINA","numeroRegistro":"100920047","tipo":{"codigo":1,"descricao":null},"categoria":null,"situacaoRotulo":null,"dataVencimento":null,"mesAnoVencimento":"062007","dataVencimentoRegistro":"2007-06-01T00:00:00.000-0300","principioAtivo":null,"situacaoApresentacao":"Caduco/Cancelado","dataRegistro":"2002-06-20T00:00:00.000-0300","categoriaRegulatoria":{"codigo":8,"descricao":"Similar"},"medicamentoReferencia":null,"categoriaProduto":null,"tipoAutorizacao":"REGISTRADO","mesAnoVencimentoFormatado":"06/2007","numeroRegistroFormatado":"100920047","acancelar":false},"empresa":{"cnpj":"92928951000143","razaoSocial":"LABORATORIO INDUSTRIAL FARMACÊUTICO LIFAR LTDA","numeroAutorizacao":"1000927","cnpjFormatado":"92.928.951/0001-43"},"processo":{"numero":"250000290249812","situacao":29,"numeroProcessoFormatado":"25000.029024/98-12"}},{"ordem":25,"produto":{"codigo":2709,"nome":"TABEM","numeroRegistro":"100920040","tipo":{"codigo":1,"descricao":null},"categoria":null,"situacaoRotulo":null,"dataVencimento":null,"mesAnoVencimento":"022005","dataVencimentoRegistro":"2005-02-01T00:00:00.000-0300","principioAtivo":null,"situacaoApresentacao":"Caduco/Cancelado","dataRegistro":"2000-02-07T00:00:00.000-0200","categoriaRegulatoria":{"codigo":8,"descricao":"Similar"},"medicamentoReferencia":null,"categoriaProduto":null,"tipoAutorizacao":"REGISTRADO","mesAnoVencimentoFormatado":"02/2005","numeroRegistroFormatado":"100920040","acancelar":false},"empresa":{"cnpj":"92928951000143","razaoSocial":"LABORATORIO INDUSTRIAL FARMACÊUTICO LIFAR LTDA","numeroAutorizacao":"1000927","cnpjFormatado":"92.928.951/0001-43"},"processo":{"numero":"250000216369966","situacao":29,"numeroProcessoFormatado":"25000.021636/99-66"}},{"ordem":26,"produto":{"codigo":342,"nome":"THERMOSTAB","numeroRegistro":"100920036","tipo":{"codigo":1,"descricao":null},"categoria":null,"situacaoRotulo":null,"dataVencimento":null,"mesAnoVencimento":"022005","dataVencimentoRegistro":"2005-02-01T00:00:00.000-0300","principioAtivo":null,"situacaoApresentacao":"Caduco/Cancelado","dataRegistro":"2000-02-07T00:00:00.000-0200","categoriaRegulatoria":{"codigo":8,"descricao":"Similar"},"medicamentoReferencia":null,"categoriaProduto":null,"tipoAutorizacao":"REGISTRADO","mesAnoVencimentoFormatado":"02/2005","numeroRegistroFormatado":"100920036","acancelar":false},"empresa":{"cnpj":"92928951000143","razaoSocial":"LABORATORIO INDUSTRIAL FARMACÊUTICO LIFAR LTDA","numeroAutorizacao":"1000927","cnpjFormatado":"92.928.951/0001-43"},"processo":{"numero":"250000216339978","situacao":29,"numeroProcessoFormatado":"25000.021633/99-78"}},{"ordem":27,"produto":{"codigo":2640,"nome":"TIMEOLATE","numeroRegistro":"100920045","tipo":{"codigo":1,"descricao":null},"categoria":null,"situacaoRotulo":null,"dataVencimento":null,"mesAnoVencimento":"022032","dataVencimentoRegistro":"2032-02-01T00:00:00.000-0300","principioAtivo":null,"situacaoApresentacao":"Caduco/Cancelado","dataRegistro":"2002-02-08T00:00:00.000-0200","categoriaRegulatoria":{"codigo":8,"descricao":"Similar"},"medicamentoReferencia":null,"categoriaProduto":null,"tipoAutorizacao":"REGISTRADO","mesAnoVencimentoFormatado":"02/2032","numeroRegistroFormatado":"100920045","acancelar":false},"empresa":{"cnpj":"92928951000143","razaoSocial":"LABORATORIO INDUSTRIAL FARMACÊUTICO LIFAR LTDA","numeroAutorizacao":"1000927","cnpjFormatado":"92.928.951/0001-43"},"processo":{"numero":"253510203450158","situacao":29,"numeroProcessoFormatado":"25351.020345/01-58"}},{"ordem":28,"produto":{"codigo":1871,"nome":"TRALAN","numeroRegistro":"100920035","tipo":{"codigo":1,"descricao":null},"categoria":null,"situacaoRotulo":null,"dataVencimento":null,"mesAnoVencimento":"012005","dataVencimentoRegistro":"2005-01-01T00:00:00.000-0300","principioAtivo":null,"situacaoApresentacao":"Caduco/Cancelado","dataRegistro":"2000-02-04T00:00:00.000-0200","categoriaRegulatoria":{"codigo":8,"descricao":"Similar"},"medicamentoReferencia":null,"categoriaProduto":null,"tipoAutorizacao":"REGISTRADO","mesAnoVencimentoFormatado":"01/2005","numeroRegistroFormatado":"100920035","acancelar":false},"empresa":{"cnpj":"92928951000143","razaoSocial":"LABORATORIO INDUSTRIAL FARMACÊUTICO LIFAR LTDA","numeroAutorizacao":"1000927","cnpjFormatado":"92.928.951/0001-43"},"processo":{"numero":"250000216379929","situacao":29,"numeroProcessoFormatado":"25000.021637/99-29"}}],"totalPages":1,"totalElements":28,"last":true,"numberOfElements":28,"first":true,"sort":null,"size":1000,"number":0}