{"content":[{"ordem":1,"produto":{"codigo":43,"nome":" CLORIDRATO DE DOBUTAMINA  ( EQUIV. A 25 MG DE DOBUT. BASE)","numeroRegistro":"120690008","tipo":{"codigo":1,"descricao":null},"categoria":null,"situacaoRotulo":null,"dataVencimento":null,"mesAnoVencimento":"012012","dataVencimentoRegistro":"2012-01-01T00:00:00.000-0300","principioAtivo":null,"situacaoApresentacao":"Caduco/Cancelado","dataRegistro":"1996-12-23T00:00:00.000-0300","categoriaRegulatoria":{"codigo":8,"descricao":"Similar"},"medicamentoReferencia":null,"categoriaProduto":null,"tipoAutorizacao":"REGISTRADO","acancelar":false,"numeroRegistroFormatado":"120690008","mesAnoVencimentoFormatado":"01/2012"},"empresa":{"cnpj":"94869054000131","razaoSocial":"LABORATÓRIOS LIBRA DO BRASIL LTDA","numeroAutorizacao":null,"cnpjFormatado":"94.869.054/0001-31"},"processo":{"numero":"2502500315494","situacao":29,"numeroProcessoFormatado":"25025.003154/94"}},{"ordem":2,"produto":{"codigo":210,"nome":"ACETATO DE MEGESTROL","numeroRegistro":"120690014","tipo":{"codigo":1,"descricao":null},"categoria":null,"situacaoRotulo":null,"dataVencimento":null,"mesAnoVencimento":"022002","dataVencimentoRegistro":"2002-02-01T00:00:00.000-0200","principioAtivo":null,"situacaoApresentacao":"Caduco/Cancelado","dataRegistro":"1997-02-06T00:00:00.000-0300","categoriaRegulatoria":{"codigo":8,"descricao":"Similar"},"medicamentoReferencia":null,"categoriaProduto":null,"tipoAutorizacao":"REGISTRADO","acancelar":false,"numeroRegistroFormatado":"120690014","mesAnoVencimentoFormatado":"02/2002"},"empresa":{"cnpj":"94869054000131","razaoSocial":"LABORATÓRIOS LIBRA DO BRASIL LTDA","numeroAutorizacao":null,"cnpjFormatado":"94.869.054/0001-31"},"processo":{"numero":"2502500618493","situacao":29,"numeroProcessoFormatado":"25025.006184/93"}},{"ordem":3,"produto":{"codigo":317,"nome":"ACICLOVIR","numeroRegistro":"120690012","tipo":{"codigo":1,"descricao":null},"categoria":null,"situacaoRotulo":null,"dataVencimento":null,"mesAnoVencimento":"022002","dataVencimentoRegistro":"2002-02-01T00:00:00.000-0200","principioAtivo":null,"situacaoApresentacao":"Caduco/Cancelado","dataRegistro":"1997-02-06T00:00:00.000-0300","categoriaRegulatoria":{"codigo":8,"descricao":"Similar"},"medicamentoReferencia":null,"categoriaProduto":null,"tipoAutorizacao":"REGISTRADO","acancelar":false,"numeroRegistroFormatado":"120690012","mesAnoVencimentoFormatado":"02/2002"},"empresa":{"cnpj":"94869054000131","razaoSocial":"LABORATÓRIOS LIBRA DO BRASIL LTDA","numeroAutorizacao":null,"cnpjFormatado":"94.869.054/0001-31"},"processo":{"numero":"2502500301394","situacao":29,"numeroProcessoFormatado":"25025.003013/94"}},{"ordem":4,"produto":{"codigo":124761,"nome":"ACICLOVIR","numeroRegistro":"120690033","tipo":{"codigo":1,"descricao":null},"categoria":null,"situacaoRotulo":null,"dataVencimento":null,"mesAnoVencimento":"042012","dataVencimentoRegistro":"2012-04-01T00:00:00.000-0300","principioAtivo":null,"situacaoApresentacao":"Caduco/Cancelado","dataRegistro":"2002-04-29T00:00:00.000-0300","categoriaRegulatoria":{"codigo":8,"descricao":"Similar"},"medicamentoReferencia":null,"categoriaProduto":null,"tipoAutorizacao":"REGISTRADO","acancelar":false,"numeroRegistroFormatado":"120690033","mesAnoVencimentoFormatado":"04/2012"},"empresa":{"cnpj":"94869054000131","razaoSocial":"LABORATÓRIOS LIBRA DO BRASIL LTDA","numeroAutorizacao":null,"cnpjFormatado":"94.869.054/0001-31"},"processo":{"numero":"253510325010179","situacao":29,"numeroProcessoFormatado":"25351.032501/01-79"}},{"ordem":5,"produto":{"codigo":135610,"nome":"ANASTROL","numeroRegistro":"120690039","tipo":{"codigo":1,"descricao":null},"categoria":null,"situacaoRotulo":null,"dataVencimento":null,"mesAnoVencimento":"122012","dataVencimentoRegistro":"2012-12-01T00:00:00.000-0300","principioAtivo":null,"situacaoApresentacao":"Caduco/Cancelado","dataRegistro":"2003-01-03T00:00:00.000-0300","categoriaRegulatoria":{"codigo":8,"descricao":"Similar"},"medicamentoReferencia":null,"categoriaProduto":null,"tipoAutorizacao":"REGISTRADO","acancelar":false,"numeroRegistroFormatado":"120690039","mesAnoVencimentoFormatado":"12/2012"},"empresa":{"cnpj":"94869054000131","razaoSocial":"LABORATÓRIOS LIBRA DO BRASIL LTDA","numeroAutorizacao":null,"cnpjFormatado":"94.869.054/0001-31"},"processo":{"numero":"25351170468200281","situacao":20,"numeroProcessoFormatado":"25351.170468/2002-81"}},{"ordem":6,"produto":{"codigo":125074,"nome":"CEFALEXINA  MONOHIDRATADA","numeroRegistro":"120690032","tipo":{"codigo":1,"descricao":null},"categoria":null,"situacaoRotulo":null,"dataVencimento":null,"mesAnoVencimento":"042007","dataVencimentoRegistro":"2007-04-01T00:00:00.000-0300","principioAtivo":null,"situacaoApresentacao":"Caduco/Cancelado","dataRegistro":"2002-04-25T00:00:00.000-0300","categoriaRegulatoria":{"codigo":8,"descricao":"Similar"},"medicamentoReferencia":null,"categoriaProduto":null,"tipoAutorizacao":"REGISTRADO","acancelar":false,"numeroRegistroFormatado":"120690032","mesAnoVencimentoFormatado":"04/2007"},"empresa":{"cnpj":"94869054000131","razaoSocial":"LABORATÓRIOS LIBRA DO BRASIL LTDA","numeroAutorizacao":null,"cnpjFormatado":"94.869.054/0001-31"},"processo":{"numero":"253510341930180","situacao":29,"numeroProcessoFormatado":"25351.034193/01-80"}},{"ordem":7,"produto":{"codigo":1602,"nome":"CEFALEXINA MONOHIDRATADA","numeroRegistro":"120690013","tipo":{"codigo":1,"descricao":null},"categoria":null,"situacaoRotulo":null,"dataVencimento":null,"mesAnoVencimento":"022002","dataVencimentoRegistro":"2002-02-01T00:00:00.000-0200","principioAtivo":null,"situacaoApresentacao":"Caduco/Cancelado","dataRegistro":"1997-02-06T00:00:00.000-0300","categoriaRegulatoria":{"codigo":8,"descricao":"Similar"},"medicamentoReferencia":null,"categoriaProduto":null,"tipoAutorizacao":"REGISTRADO","acancelar":false,"numeroRegistroFormatado":"120690013","mesAnoVencimentoFormatado":"02/2002"},"empresa":{"cnpj":"94869054000131","razaoSocial":"LABORATÓRIOS LIBRA DO BRASIL LTDA","numeroAutorizacao":null,"cnpjFormatado":"94.869.054/0001-31"},"processo":{"numero":"2502500301295","situacao":29,"numeroProcessoFormatado":"25025.003012/95"}},{"ordem":8,"produto":{"codigo":125085,"nome":"CEFEMAX","numeroRegistro":"120690031","tipo":{"codigo":1,"descricao":null},"categoria":null,"situacaoRotulo":null,"dataVencimento":null,"mesAnoVencimento":"042012","dataVencimentoRegistro":"2012-04-01T00:00:00.000-0300","principioAtivo":null,"situacaoApresentacao":"Caduco/Cancelado","dataRegistro":"2002-04-10T00:00:00.000-0300","categoriaRegulatoria":{"codigo":8,"descricao":"Similar"},"medicamentoReferencia":null,"categoriaProduto":null,"tipoAutorizacao":"REGISTRADO","acancelar":false,"numeroRegistroFormatado":"120690031","mesAnoVencimentoFormatado":"04/2012"},"empresa":{"cnpj":"94869054000131","razaoSocial":"LABORATÓRIOS LIBRA DO BRASIL LTDA","numeroAutorizacao":null,"cnpjFormatado":"94.869.054/0001-31"},"processo":{"numero":"253510188450148","situacao":29,"numeroProcessoFormatado":"25351.018845/01-48"}},{"ordem":9,"produto":{"codigo":1698,"nome":"CEFTAZIDIMA","numeroRegistro":"120690004","tipo":{"codigo":1,"descricao":null},"categoria":null,"situacaoRotulo":null,"dataVencimento":null,"mesAnoVencimento":"042004","dataVencimentoRegistro":"2004-04-01T00:00:00.000-0300","principioAtivo":null,"situacaoApresentacao":"Caduco/Cancelado","dataRegistro":"2001-04-23T00:00:00.000-0300","categoriaRegulatoria":{"codigo":8,"descricao":"Similar"},"medicamentoReferencia":null,"categoriaProduto":null,"tipoAutorizacao":"REGISTRADO","acancelar":false,"numeroRegistroFormatado":"120690004","mesAnoVencimentoFormatado":"04/2004"},"empresa":{"cnpj":"94869054000131","razaoSocial":"LABORATÓRIOS LIBRA DO BRASIL LTDA","numeroAutorizacao":null,"cnpjFormatado":"94.869.054/0001-31"},"processo":{"numero":"2502500571493","situacao":29,"numeroProcessoFormatado":"25025.005714/93"}},{"ordem":10,"produto":{"codigo":137595,"nome":"CLARILIB","numeroRegistro":"120690036","tipo":{"codigo":1,"descricao":null},"categoria":null,"situacaoRotulo":null,"dataVencimento":null,"mesAnoVencimento":"072027","dataVencimentoRegistro":"2027-07-01T00:00:00.000-0300","principioAtivo":null,"situacaoApresentacao":"Caduco/Cancelado","dataRegistro":"2002-07-11T00:00:00.000-0300","categoriaRegulatoria":{"codigo":8,"descricao":"Similar"},"medicamentoReferencia":null,"categoriaProduto":null,"tipoAutorizacao":"REGISTRADO","acancelar":false,"numeroRegistroFormatado":"120690036","mesAnoVencimentoFormatado":"07/2027"},"empresa":{"cnpj":"94869054000131","razaoSocial":"LABORATÓRIOS LIBRA DO BRASIL LTDA","numeroAutorizacao":null,"cnpjFormatado":"94.869.054/0001-31"},"processo":{"numero":"253510205740145","situacao":29,"numeroProcessoFormatado":"25351.020574/01-45"}},{"ordem":11,"produto":{"codigo":792,"nome":"CLAVUTAM","numeroRegistro":"120690023","tipo":{"codigo":1,"descricao":null},"categoria":null,"situacaoRotulo":null,"dataVencimento":null,"mesAnoVencimento":"112010","dataVencimentoRegistro":"2010-11-01T00:00:00.000-0300","principioAtivo":null,"situacaoApresentacao":"Caduco/Cancelado","dataRegistro":"2000-11-09T00:00:00.000-0300","categoriaRegulatoria":{"codigo":8,"descricao":"Similar"},"medicamentoReferencia":null,"categoriaProduto":null,"tipoAutorizacao":"REGISTRADO","acancelar":false,"numeroRegistroFormatado":"120690023","mesAnoVencimentoFormatado":"11/2010"},"empresa":{"cnpj":"94869054000131","razaoSocial":"LABORATÓRIOS LIBRA DO BRASIL LTDA","numeroAutorizacao":null,"cnpjFormatado":"94.869.054/0001-31"},"processo":{"numero":"253510093210085","situacao":29,"numeroProcessoFormatado":"25351.009321/00-85"}},{"ordem":12,"produto":{"codigo":2522,"nome":"CLORIDRATO DE DOPAMINA","numeroRegistro":"120690017","tipo":{"codigo":1,"descricao":null},"categoria":null,"situacaoRotulo":null,"dataVencimento":null,"mesAnoVencimento":"072004","dataVencimentoRegistro":"2004-07-01T00:00:00.000-0300","principioAtivo":null,"situacaoApresentacao":"Caduco/Cancelado","dataRegistro":"1999-07-22T00:00:00.000-0300","categoriaRegulatoria":{"codigo":8,"descricao":"Similar"},"medicamentoReferencia":null,"categoriaProduto":null,"tipoAutorizacao":"REGISTRADO","acancelar":false,"numeroRegistroFormatado":"120690017","mesAnoVencimentoFormatado":"07/2004"},"empresa":{"cnpj":"94869054000131","razaoSocial":"LABORATÓRIOS LIBRA DO BRASIL LTDA","numeroAutorizacao":null,"cnpjFormatado":"94.869.054/0001-31"},"processo":{"numero":"2502500429397","situacao":29,"numeroProcessoFormatado":"25025.004293/97"}},{"ordem":13,"produto":{"codigo":3157,"nome":"DACARZIN","numeroRegistro":"120690019","tipo":{"codigo":1,"descricao":null},"categoria":null,"situacaoRotulo":null,"dataVencimento":null,"mesAnoVencimento":"012005","dataVencimentoRegistro":"2005-01-01T00:00:00.000-0300","principioAtivo":null,"situacaoApresentacao":"Caduco/Cancelado","dataRegistro":"2000-01-28T00:00:00.000-0200","categoriaRegulatoria":{"codigo":8,"descricao":"Similar"},"medicamentoReferencia":null,"categoriaProduto":null,"tipoAutorizacao":"REGISTRADO","acancelar":false,"numeroRegistroFormatado":"120690019","mesAnoVencimentoFormatado":"01/2005"},"empresa":{"cnpj":"94869054000131","razaoSocial":"LABORATÓRIOS LIBRA DO BRASIL LTDA","numeroAutorizacao":null,"cnpjFormatado":"94.869.054/0001-31"},"processo":{"numero":"2502500939697","situacao":29,"numeroProcessoFormatado":"25025.009396/97"}},{"ordem":14,"produto":{"codigo":3753,"nome":"DOXELIB","numeroRegistro":"120690025","tipo":{"codigo":1,"descricao":null},"categoria":null,"situacaoRotulo":null,"dataVencimento":null,"mesAnoVencimento":"032011","dataVencimentoRegistro":"2011-03-01T00:00:00.000-0300","principioAtivo":null,"situacaoApresentacao":"Caduco/Cancelado","dataRegistro":"2001-03-21T00:00:00.000-0300","categoriaRegulatoria":{"codigo":8,"descricao":"Similar"},"medicamentoReferencia":null,"categoriaProduto":null,"tipoAutorizacao":"REGISTRADO","acancelar":false,"numeroRegistroFormatado":"120690025","mesAnoVencimentoFormatado":"03/2011"},"empresa":{"cnpj":"94869054000131","razaoSocial":"LABORATÓRIOS LIBRA DO BRASIL LTDA","numeroAutorizacao":null,"cnpjFormatado":"94.869.054/0001-31"},"processo":{"numero":"253510116560036","situacao":29,"numeroProcessoFormatado":"25351.011656/00-36"}},{"ordem":15,"produto":{"codigo":68351,"nome":"DRENALIB","numeroRegistro":"120690030","tipo":{"codigo":1,"descricao":null},"categoria":null,"situacaoRotulo":null,"dataVencimento":null,"mesAnoVencimento":"032007","dataVencimentoRegistro":"2007-03-01T00:00:00.000-0300","principioAtivo":null,"situacaoApresentacao":"Caduco/Cancelado","dataRegistro":"2002-03-22T00:00:00.000-0300","categoriaRegulatoria":{"codigo":8,"descricao":"Similar"},"medicamentoReferencia":null,"categoriaProduto":null,"tipoAutorizacao":"REGISTRADO","acancelar":false,"numeroRegistroFormatado":"120690030","mesAnoVencimentoFormatado":"03/2007"},"empresa":{"cnpj":"94869054000131","razaoSocial":"LABORATÓRIOS LIBRA DO BRASIL LTDA","numeroAutorizacao":null,"cnpjFormatado":"94.869.054/0001-31"},"processo":{"numero":"253510205730182","situacao":29,"numeroProcessoFormatado":"25351.020573/01-82"}},{"ordem":16,"produto":{"codigo":4262,"nome":"FLUMILIB","numeroRegistro":"120690027","tipo":{"codigo":1,"descricao":null},"categoria":null,"situacaoRotulo":null,"dataVencimento":null,"mesAnoVencimento":"042006","dataVencimentoRegistro":"2006-04-01T00:00:00.000-0300","principioAtivo":null,"situacaoApresentacao":"Caduco/Cancelado","dataRegistro":"2001-04-04T00:00:00.000-0300","categoriaRegulatoria":{"codigo":8,"descricao":"Similar"},"medicamentoReferencia":null,"categoriaProduto":null,"tipoAutorizacao":"REGISTRADO","acancelar":false,"numeroRegistroFormatado":"120690027","mesAnoVencimentoFormatado":"04/2006"},"empresa":{"cnpj":"94869054000131","razaoSocial":"LABORATÓRIOS LIBRA DO BRASIL LTDA","numeroAutorizacao":null,"cnpjFormatado":"94.869.054/0001-31"},"processo":{"numero":"253510116540019","situacao":29,"numeroProcessoFormatado":"25351.011654/00-19"}},{"ordem":17,"produto":{"codigo":4315,"nome":"FOLINATO DE CALCIO","numeroRegistro":"120690011","tipo":{"codigo":1,"descricao":null},"categoria":null,"situacaoRotulo":null,"dataVencimento":null,"mesAnoVencimento":"012002","dataVencimentoRegistro":"2002-01-01T00:00:00.000-0200","principioAtivo":null,"situacaoApresentacao":"Caduco/Cancelado","dataRegistro":"1997-01-13T00:00:00.000-0300","categoriaRegulatoria":{"codigo":8,"descricao":"Similar"},"medicamentoReferencia":null,"categoriaProduto":null,"tipoAutorizacao":"REGISTRADO","acancelar":false,"numeroRegistroFormatado":"120690011","mesAnoVencimentoFormatado":"01/2002"},"empresa":{"cnpj":"94869054000131","razaoSocial":"LABORATÓRIOS LIBRA DO BRASIL LTDA","numeroAutorizacao":null,"cnpjFormatado":"94.869.054/0001-31"},"processo":{"numero":"2502500315394","situacao":29,"numeroProcessoFormatado":"25025.003153/94"}},{"ordem":18,"produto":{"codigo":4351,"nome":"FOSFATO DE CLINDAMICINA","numeroRegistro":"120690028","tipo":{"codigo":1,"descricao":null},"categoria":null,"situacaoRotulo":null,"dataVencimento":null,"mesAnoVencimento":"042006","dataVencimentoRegistro":"2006-04-01T00:00:00.000-0300","principioAtivo":null,"situacaoApresentacao":"Caduco/Cancelado","dataRegistro":"2001-04-18T00:00:00.000-0300","categoriaRegulatoria":{"codigo":8,"descricao":"Similar"},"medicamentoReferencia":null,"categoriaProduto":null,"tipoAutorizacao":"REGISTRADO","acancelar":false,"numeroRegistroFormatado":"120690028","mesAnoVencimentoFormatado":"04/2006"},"empresa":{"cnpj":"94869054000131","razaoSocial":"LABORATÓRIOS LIBRA DO BRASIL LTDA","numeroAutorizacao":null,"cnpjFormatado":"94.869.054/0001-31"},"processo":{"numero":"253510279290046","situacao":29,"numeroProcessoFormatado":"25351.027929/00-46"}},{"ordem":19,"produto":{"codigo":166198,"nome":"GEMCILIB","numeroRegistro":"120690040","tipo":{"codigo":1,"descricao":null},"categoria":null,"situacaoRotulo":null,"dataVencimento":null,"mesAnoVencimento":"122007","dataVencimentoRegistro":"2007-12-01T00:00:00.000-0300","principioAtivo":null,"situacaoApresentacao":"Caduco/Cancelado","dataRegistro":"2003-01-03T00:00:00.000-0300","categoriaRegulatoria":{"codigo":8,"descricao":"Similar"},"medicamentoReferencia":null,"categoriaProduto":null,"tipoAutorizacao":"REGISTRADO","acancelar":false,"numeroRegistroFormatado":"120690040","mesAnoVencimentoFormatado":"12/2007"},"empresa":{"cnpj":"94869054000131","razaoSocial":"LABORATÓRIOS LIBRA DO BRASIL LTDA","numeroAutorizacao":null,"cnpjFormatado":"94.869.054/0001-31"},"processo":{"numero":"25351168656200240","situacao":29,"numeroProcessoFormatado":"25351.168656/2002-40"}},{"ordem":20,"produto":{"codigo":4934,"nome":"IMIPENEM + CILASTATINA SODICA","numeroRegistro":"120690020","tipo":{"codigo":1,"descricao":null},"categoria":null,"situacaoRotulo":null,"dataVencimento":null,"mesAnoVencimento":"092004","dataVencimentoRegistro":"2004-09-01T00:00:00.000-0300","principioAtivo":null,"situacaoApresentacao":"Caduco/Cancelado","dataRegistro":"1999-09-22T00:00:00.000-0300","categoriaRegulatoria":{"codigo":8,"descricao":"Similar"},"medicamentoReferencia":null,"categoriaProduto":null,"tipoAutorizacao":"REGISTRADO","acancelar":false,"numeroRegistroFormatado":"120690020","mesAnoVencimentoFormatado":"09/2004"},"empresa":{"cnpj":"94869054000131","razaoSocial":"LABORATÓRIOS LIBRA DO BRASIL LTDA","numeroAutorizacao":null,"cnpjFormatado":"94.869.054/0001-31"},"processo":{"numero":"2502503449098","situacao":29,"numeroProcessoFormatado":"25025.034490/98"}},{"ordem":21,"produto":{"codigo":1731,"nome":"KESINT","numeroRegistro":"120690009","tipo":{"codigo":1,"descricao":null},"categoria":null,"situacaoRotulo":null,"dataVencimento":null,"mesAnoVencimento":"012012","dataVencimentoRegistro":"2012-01-01T00:00:00.000-0300","principioAtivo":null,"situacaoApresentacao":"Caduco/Cancelado","dataRegistro":"1996-12-23T00:00:00.000-0300","categoriaRegulatoria":{"codigo":8,"descricao":"Similar"},"medicamentoReferencia":null,"categoriaProduto":null,"tipoAutorizacao":"REGISTRADO","acancelar":false,"numeroRegistroFormatado":"120690009","mesAnoVencimentoFormatado":"01/2012"},"empresa":{"cnpj":"94869054000131","razaoSocial":"LABORATÓRIOS LIBRA DO BRASIL LTDA","numeroAutorizacao":null,"cnpjFormatado":"94.869.054/0001-31"},"processo":{"numero":"2502500618393","situacao":29,"numeroProcessoFormatado":"25025.006183/93"}},{"ordem":22,"produto":{"codigo":6493,"nome":"LIBOXAL","numeroRegistro":"120690026","tipo":{"codigo":1,"descricao":null},"categoria":null,"situacaoRotulo":null,"dataVencimento":null,"mesAnoVencimento":"032011","dataVencimentoRegistro":"2011-03-01T00:00:00.000-0300","principioAtivo":null,"situacaoApresentacao":"Caduco/Cancelado","dataRegistro":"2001-03-28T00:00:00.000-0300","categoriaRegulatoria":{"codigo":8,"descricao":"Similar"},"medicamentoReferencia":null,"categoriaProduto":null,"tipoAutorizacao":"REGISTRADO","acancelar":false,"numeroRegistroFormatado":"120690026","mesAnoVencimentoFormatado":"03/2011"},"empresa":{"cnpj":"94869054000131","razaoSocial":"LABORATÓRIOS LIBRA DO BRASIL LTDA","numeroAutorizacao":null,"cnpjFormatado":"94.869.054/0001-31"},"processo":{"numero":"253510162000081","situacao":29,"numeroProcessoFormatado":"25351.016200/00-81"}},{"ordem":23,"produto":{"codigo":7522,"nome":"LIBRACTAN","numeroRegistro":"120690021","tipo":{"codigo":1,"descricao":null},"categoria":null,"situacaoRotulo":null,"dataVencimento":null,"mesAnoVencimento":"092019 ","dataVencimentoRegistro":"2019-09-01T00:00:00.000-0300","principioAtivo":null,"situacaoApresentacao":"Caduco/Cancelado","dataRegistro":"1999-09-22T00:00:00.000-0300","categoriaRegulatoria":{"codigo":8,"descricao":"Similar"},"medicamentoReferencia":null,"categoriaProduto":null,"tipoAutorizacao":"REGISTRADO","acancelar":false,"numeroRegistroFormatado":"120690021","mesAnoVencimentoFormatado":"09/2019"},"empresa":{"cnpj":"94869054000131","razaoSocial":"LABORATÓRIOS LIBRA DO BRASIL LTDA","numeroAutorizacao":null,"cnpjFormatado":"94.869.054/0001-31"},"processo":{"numero":"2502503448998","situacao":29,"numeroProcessoFormatado":"25025.034489/98"}},{"ordem":24,"produto":{"codigo":2979,"nome":"LIBRAMICINA","numeroRegistro":"120690003","tipo":{"codigo":1,"descricao":null},"categoria":null,"situacaoRotulo":null,"dataVencimento":null,"mesAnoVencimento":"032009","dataVencimentoRegistro":"2009-03-01T00:00:00.000-0300","principioAtivo":null,"situacaoApresentacao":"Caduco/Cancelado","dataRegistro":"1994-01-03T00:00:00.000-0300","categoriaRegulatoria":{"codigo":8,"descricao":"Similar"},"medicamentoReferencia":null,"categoriaProduto":null,"tipoAutorizacao":"REGISTRADO","acancelar":false,"numeroRegistroFormatado":"120690003","mesAnoVencimentoFormatado":"03/2009"},"empresa":{"cnpj":"94869054000131","razaoSocial":"LABORATÓRIOS LIBRA DO BRASIL LTDA","numeroAutorizacao":null,"cnpjFormatado":"94.869.054/0001-31"},"processo":{"numero":"2502500478293","situacao":29,"numeroProcessoFormatado":"25025.004782/93"}},{"ordem":25,"produto":{"codigo":165065,"nome":"LIBRATECAM","numeroRegistro":"120690037","tipo":{"codigo":1,"descricao":null},"categoria":null,"situacaoRotulo":null,"dataVencimento":null,"mesAnoVencimento":"112017","dataVencimentoRegistro":"2017-11-01T00:00:00.000-0300","principioAtivo":null,"situacaoApresentacao":"Caduco/Cancelado","dataRegistro":"2002-11-13T00:00:00.000-0300","categoriaRegulatoria":{"codigo":8,"descricao":"Similar"},"medicamentoReferencia":null,"categoriaProduto":null,"tipoAutorizacao":"REGISTRADO","acancelar":false,"numeroRegistroFormatado":"120690037","mesAnoVencimentoFormatado":"11/2017"},"empresa":{"cnpj":"94869054000131","razaoSocial":"LABORATÓRIOS LIBRA DO BRASIL LTDA","numeroAutorizacao":null,"cnpjFormatado":"94.869.054/0001-31"},"processo":{"numero":"253510393430188","situacao":29,"numeroProcessoFormatado":"25351.039343/01-88"}},{"ordem":26,"produto":{"codigo":4316,"nome":"LIFOLIN","numeroRegistro":"120690029","tipo":{"codigo":1,"descricao":null},"categoria":null,"situacaoRotulo":null,"dataVencimento":null,"mesAnoVencimento":"102016","dataVencimentoRegistro":"2016-10-01T00:00:00.000-0300","principioAtivo":null,"situacaoApresentacao":"Caduco/Cancelado","dataRegistro":"2001-10-23T00:00:00.000-0200","categoriaRegulatoria":{"codigo":8,"descricao":"Similar"},"medicamentoReferencia":null,"categoriaProduto":null,"tipoAutorizacao":"REGISTRADO","acancelar":false,"numeroRegistroFormatado":"120690029","mesAnoVencimentoFormatado":"10/2016"},"empresa":{"cnpj":"94869054000131","razaoSocial":"LABORATÓRIOS LIBRA DO BRASIL LTDA","numeroAutorizacao":null,"cnpjFormatado":"94.869.054/0001-31"},"processo":{"numero":"253510286920165","situacao":29,"numeroProcessoFormatado":"25351.028692/01-65"}},{"ordem":27,"produto":{"codigo":125846,"nome":"LIFOS","numeroRegistro":"120690035","tipo":{"codigo":1,"descricao":null},"categoria":null,"situacaoRotulo":null,"dataVencimento":null,"mesAnoVencimento":"062027","dataVencimentoRegistro":"2027-06-01T00:00:00.000-0300","principioAtivo":null,"situacaoApresentacao":"Caduco/Cancelado","dataRegistro":"2002-06-20T00:00:00.000-0300","categoriaRegulatoria":{"codigo":8,"descricao":"Similar"},"medicamentoReferencia":null,"categoriaProduto":null,"tipoAutorizacao":"REGISTRADO","acancelar":false,"numeroRegistroFormatado":"120690035","mesAnoVencimentoFormatado":"06/2027"},"empresa":{"cnpj":"94869054000131","razaoSocial":"LABORATÓRIOS LIBRA DO BRASIL LTDA","numeroAutorizacao":null,"cnpjFormatado":"94.869.054/0001-31"},"processo":{"numero":"253510188440185","situacao":29,"numeroProcessoFormatado":"25351.018844/01-85"}},{"ordem":28,"produto":{"codigo":1663,"nome":"LIFOTAX","numeroRegistro":"120690001","tipo":{"codigo":1,"descricao":null},"categoria":null,"situacaoRotulo":null,"dataVencimento":null,"mesAnoVencimento":"012004","dataVencimentoRegistro":"2004-01-01T00:00:00.000-0300","principioAtivo":null,"situacaoApresentacao":"Caduco/Cancelado","dataRegistro":"1994-01-03T00:00:00.000-0300","categoriaRegulatoria":{"codigo":8,"descricao":"Similar"},"medicamentoReferencia":null,"categoriaProduto":null,"tipoAutorizacao":"REGISTRADO","acancelar":false,"numeroRegistroFormatado":"120690001","mesAnoVencimentoFormatado":"01/2004"},"empresa":{"cnpj":"94869054000131","razaoSocial":"LABORATÓRIOS LIBRA DO BRASIL LTDA","numeroAutorizacao":null,"cnpjFormatado":"94.869.054/0001-31"},"processo":{"numero":"2502500412393","situacao":29,"numeroProcessoFormatado":"25025.004123/93"}},{"ordem":29,"produto":{"codigo":1492,"nome":"LIPLATIN","numeroRegistro":"120690007","tipo":{"codigo":1,"descricao":null},"categoria":null,"situacaoRotulo":null,"dataVencimento":null,"mesAnoVencimento":"042019","dataVencimentoRegistro":"2019-04-01T00:00:00.000-0300","principioAtivo":null,"situacaoApresentacao":"Caduco/Cancelado","dataRegistro":"1994-04-22T00:00:00.000-0300","categoriaRegulatoria":{"codigo":8,"descricao":"Similar"},"medicamentoReferencia":null,"categoriaProduto":null,"tipoAutorizacao":"REGISTRADO","acancelar":false,"numeroRegistroFormatado":"120690007","mesAnoVencimentoFormatado":"04/2019"},"empresa":{"cnpj":"94869054000131","razaoSocial":"LABORATÓRIOS LIBRA DO BRASIL LTDA","numeroAutorizacao":null,"cnpjFormatado":"94.869.054/0001-31"},"processo":{"numero":"2502500634893","situacao":29,"numeroProcessoFormatado":"25025.006348/93"}},{"ordem":30,"produto":{"codigo":1146,"nome":"LITRACUR","numeroRegistro":"120690016","tipo":{"codigo":1,"descricao":null},"categoria":null,"situacaoRotulo":null,"dataVencimento":null,"mesAnoVencimento":"112003","dataVencimentoRegistro":"2003-11-01T00:00:00.000-0300","principioAtivo":null,"situacaoApresentacao":"Caduco/Cancelado","dataRegistro":"2001-04-23T00:00:00.000-0300","categoriaRegulatoria":{"codigo":8,"descricao":"Similar"},"medicamentoReferencia":null,"categoriaProduto":null,"tipoAutorizacao":"REGISTRADO","acancelar":false,"numeroRegistroFormatado":"120690016","mesAnoVencimentoFormatado":"11/2003"},"empresa":{"cnpj":"94869054000131","razaoSocial":"LABORATÓRIOS LIBRA DO BRASIL LTDA","numeroAutorizacao":null,"cnpjFormatado":"94.869.054/0001-31"},"processo":{"numero":"2502500429197","situacao":29,"numeroProcessoFormatado":"25025.004291/97"}},{"ordem":31,"produto":{"codigo":5879,"nome":"LITREXATE","numeroRegistro":"120690010","tipo":{"codigo":1,"descricao":null},"categoria":null,"situacaoRotulo":null,"dataVencimento":null,"mesAnoVencimento":"122026","dataVencimentoRegistro":"2026-12-01T00:00:00.000-0300","principioAtivo":null,"situacaoApresentacao":"Caduco/Cancelado","dataRegistro":"1996-12-30T00:00:00.000-0300","categoriaRegulatoria":{"codigo":8,"descricao":"Similar"},"medicamentoReferencia":null,"categoriaProduto":null,"tipoAutorizacao":"REGISTRADO","acancelar":false,"numeroRegistroFormatado":"120690010","mesAnoVencimentoFormatado":"12/2026"},"empresa":{"cnpj":"94869054000131","razaoSocial":"LABORATÓRIOS LIBRA DO BRASIL LTDA","numeroAutorizacao":null,"cnpjFormatado":"94.869.054/0001-31"},"processo":{"numero":"2502500051294","situacao":29,"numeroProcessoFormatado":"25025.000512/94"}},{"ordem":32,"produto":{"codigo":1719,"nome":"LITRIAXONA","numeroRegistro":"120690002","tipo":{"codigo":1,"descricao":null},"categoria":null,"situacaoRotulo":null,"dataVencimento":null,"mesAnoVencimento":"012014","dataVencimentoRegistro":"2014-01-01T00:00:00.000-0300","principioAtivo":null,"situacaoApresentacao":"Caduco/Cancelado","dataRegistro":"1994-01-03T00:00:00.000-0300","categoriaRegulatoria":{"codigo":8,"descricao":"Similar"},"medicamentoReferencia":null,"categoriaProduto":null,"tipoAutorizacao":"REGISTRADO","acancelar":false,"numeroRegistroFormatado":"120690002","mesAnoVencimentoFormatado":"01/2014"},"empresa":{"cnpj":"94869054000131","razaoSocial":"LABORATÓRIOS LIBRA DO BRASIL LTDA","numeroAutorizacao":null,"cnpjFormatado":"94.869.054/0001-31"},"processo":{"numero":"2502500478193","situacao":29,"numeroProcessoFormatado":"25025.004781/93"}},{"ordem":33,"produto":{"codigo":124684,"nome":"MEGASTROL","numeroRegistro":"120690034","tipo":{"codigo":1,"descricao":null},"categoria":null,"situacaoRotulo":null,"dataVencimento":null,"mesAnoVencimento":"042007","dataVencimentoRegistro":"2007-04-01T00:00:00.000-0300","principioAtivo":null,"situacaoApresentacao":"Caduco/Cancelado","dataRegistro":"2002-04-29T00:00:00.000-0300","categoriaRegulatoria":{"codigo":8,"descricao":"Similar"},"medicamentoReferencia":null,"categoriaProduto":null,"tipoAutorizacao":"REGISTRADO","acancelar":false,"numeroRegistroFormatado":"120690034","mesAnoVencimentoFormatado":"04/2007"},"empresa":{"cnpj":"94869054000131","razaoSocial":"LABORATÓRIOS LIBRA DO BRASIL LTDA","numeroAutorizacao":null,"cnpjFormatado":"94.869.054/0001-31"},"processo":{"numero":"253510324990129","situacao":29,"numeroProcessoFormatado":"25351.032499/01-29"}},{"ordem":34,"produto":{"codigo":169795,"nome":"PIPERAZAM","numeroRegistro":"120690041","tipo":{"codigo":1,"descricao":null},"categoria":null,"situacaoRotulo":null,"dataVencimento":null,"mesAnoVencimento":"122027","dataVencimentoRegistro":"2027-12-01T00:00:00.000-0300","principioAtivo":null,"situacaoApresentacao":"Caduco/Cancelado","dataRegistro":"2003-01-03T00:00:00.000-0300","categoriaRegulatoria":{"codigo":8,"descricao":"Similar"},"medicamentoReferencia":null,"categoriaProduto":null,"tipoAutorizacao":"REGISTRADO","acancelar":false,"numeroRegistroFormatado":"120690041","mesAnoVencimentoFormatado":"12/2027"},"empresa":{"cnpj":"94869054000131","razaoSocial":"LABORATÓRIOS LIBRA DO BRASIL LTDA","numeroAutorizacao":null,"cnpjFormatado":"94.869.054/0001-31"},"processo":{"numero":"253510393440141","situacao":29,"numeroProcessoFormatado":"25351.039344/01-41"}},{"ordem":35,"produto":{"codigo":6540,"nome":"PLAXEL","numeroRegistro":"120690018","tipo":{"codigo":1,"descricao":null},"categoria":null,"situacaoRotulo":null,"dataVencimento":null,"mesAnoVencimento":"072014","dataVencimentoRegistro":"2014-07-01T00:00:00.000-0300","principioAtivo":null,"situacaoApresentacao":"Caduco/Cancelado","dataRegistro":"1999-07-23T00:00:00.000-0300","categoriaRegulatoria":{"codigo":8,"descricao":"Similar"},"medicamentoReferencia":null,"categoriaProduto":null,"tipoAutorizacao":"REGISTRADO","acancelar":false,"numeroRegistroFormatado":"120690018","mesAnoVencimentoFormatado":"07/2014"},"empresa":{"cnpj":"94869054000131","razaoSocial":"LABORATÓRIOS LIBRA DO BRASIL LTDA","numeroAutorizacao":null,"cnpjFormatado":"94.869.054/0001-31"},"processo":{"numero":"2502500559197","situacao":29,"numeroProcessoFormatado":"25025.005591/97"}},{"ordem":36,"produto":{"codigo":2761,"nome":"QUIMIOFRAN","numeroRegistro":"120690006","tipo":{"codigo":1,"descricao":null},"categoria":null,"situacaoRotulo":null,"dataVencimento":null,"mesAnoVencimento":"042009","dataVencimentoRegistro":"2009-04-01T00:00:00.000-0300","principioAtivo":null,"situacaoApresentacao":"Caduco/Cancelado","dataRegistro":"1994-04-22T00:00:00.000-0300","categoriaRegulatoria":{"codigo":8,"descricao":"Similar"},"medicamentoReferencia":null,"categoriaProduto":null,"tipoAutorizacao":"REGISTRADO","acancelar":false,"numeroRegistroFormatado":"120690006","mesAnoVencimentoFormatado":"04/2009"},"empresa":{"cnpj":"94869054000131","razaoSocial":"LABORATÓRIOS LIBRA DO BRASIL LTDA","numeroAutorizacao":null,"cnpjFormatado":"94.869.054/0001-31"},"processo":{"numero":"2502500634693","situacao":29,"numeroProcessoFormatado":"25025.006346/93"}},{"ordem":37,"produto":{"codigo":3932,"nome":"STREK","numeroRegistro":"120690024","tipo":{"codigo":1,"descricao":null},"categoria":null,"situacaoRotulo":null,"dataVencimento":null,"mesAnoVencimento":"012006","dataVencimentoRegistro":"2006-01-01T00:00:00.000-0300","principioAtivo":null,"situacaoApresentacao":"Caduco/Cancelado","dataRegistro":"2001-02-01T00:00:00.000-0300","categoriaRegulatoria":{"codigo":8,"descricao":"Similar"},"medicamentoReferencia":null,"categoriaProduto":null,"tipoAutorizacao":"REGISTRADO","acancelar":false,"numeroRegistroFormatado":"120690024","mesAnoVencimentoFormatado":"01/2006"},"empresa":{"cnpj":"94869054000131","razaoSocial":"LABORATÓRIOS LIBRA DO BRASIL LTDA","numeroAutorizacao":null,"cnpjFormatado":"94.869.054/0001-31"},"processo":{"numero":"253510162010043","situacao":29,"numeroProcessoFormatado":"25351.016201/00-43"}},{"ordem":38,"produto":{"codigo":7852,"nome":"TAMOXIFENO","numeroRegistro":"120690015","tipo":{"codigo":1,"descricao":null},"categoria":null,"situacaoRotulo":null,"dataVencimento":null,"mesAnoVencimento":"062007","dataVencimentoRegistro":"2007-06-01T00:00:00.000-0300","principioAtivo":null,"situacaoApresentacao":"Caduco/Cancelado","dataRegistro":"1997-03-11T00:00:00.000-0300","categoriaRegulatoria":{"codigo":8,"descricao":"Similar"},"medicamentoReferencia":null,"categoriaProduto":null,"tipoAutorizacao":"REGISTRADO","acancelar":false,"numeroRegistroFormatado":"120690015","mesAnoVencimentoFormatado":"06/2007"},"empresa":{"cnpj":"94869054000131","razaoSocial":"LABORATÓRIOS LIBRA DO BRASIL LTDA","numeroAutorizacao":null,"cnpjFormatado":"94.869.054/0001-31"},"processo":{"numero":"2502500571693","situacao":29,"numeroProcessoFormatado":"25025.005716/93"}},{"ordem":39,"produto":{"codigo":7879,"nome":"TEICOPLANINA","numeroRegistro":"120690022","tipo":{"codigo":1,"descricao":null},"categoria":null,"situacaoRotulo":null,"dataVencimento":null,"mesAnoVencimento":"042005","dataVencimentoRegistro":"2005-04-01T00:00:00.000-0300","principioAtivo":null,"situacaoApresentacao":"Caduco/Cancelado","dataRegistro":"2000-04-25T00:00:00.000-0300","categoriaRegulatoria":{"codigo":8,"descricao":"Similar"},"medicamentoReferencia":null,"categoriaProduto":null,"tipoAutorizacao":"REGISTRADO","acancelar":false,"numeroRegistroFormatado":"120690022","mesAnoVencimentoFormatado":"04/2005"},"empresa":{"cnpj":"94869054000131","razaoSocial":"LABORATÓRIOS LIBRA DO BRASIL LTDA","numeroAutorizacao":null,"cnpjFormatado":"94.869.054/0001-31"},"processo":{"numero":"2502500579097","situacao":29,"numeroProcessoFormatado":"25025.005790/97"}},{"ordem":40,"produto":{"codigo":1631,"nome":"ZOLIDINA","numeroRegistro":"120690005","tipo":{"codigo":1,"descricao":null},"categoria":null,"situacaoRotulo":null,"dataVencimento":null,"mesAnoVencimento":"042019","dataVencimentoRegistro":"2019-04-01T00:00:00.000-0300","principioAtivo":null,"situacaoApresentacao":"Caduco/Cancelado","dataRegistro":"1994-04-22T00:00:00.000-0300","categoriaRegulatoria":{"codigo":8,"descricao":"Similar"},"medicamentoReferencia":null,"categoriaProduto":null,"tipoAutorizacao":"REGISTRADO","acancelar":false,"numeroRegistroFormatado":"120690005","mesAnoVencimentoFormatado":"04/2019"},"empresa":{"cnpj":"94869054000131","razaoSocial":"LABORATÓRIOS LIBRA DO BRASIL LTDA","numeroAutorizacao":null,"cnpjFormatado":"94.869.054/0001-31"},"processo":{"numero":"2502500571593","situacao":29,"numeroProcessoFormatado":"25025.005715/93"}},{"ordem":41,"produto":{"codigo":135611,"nome":"cefpilib","numeroRegistro":"120690038","tipo":{"codigo":1,"descricao":null},"categoria":null,"situacaoRotulo":null,"dataVencimento":null,"mesAnoVencimento":"122007","dataVencimentoRegistro":"2007-12-01T00:00:00.000-0300","principioAtivo":null,"situacaoApresentacao":"Caduco/Cancelado","dataRegistro":"2003-01-03T00:00:00.000-0300","categoriaRegulatoria":{"codigo":8,"descricao":"Similar"},"medicamentoReferencia":null,"categoriaProduto":null,"tipoAutorizacao":"REGISTRADO","acancelar":false,"numeroRegistroFormatado":"120690038","mesAnoVencimentoFormatado":"12/2007"},"empresa":{"cnpj":"94869054000131","razaoSocial":"LABORATÓRIOS LIBRA DO BRASIL LTDA","numeroAutorizacao":null,"cnpjFormatado":"94.869.054/0001-31"},"processo":{"numero":"25351170279200217","situacao":29,"numeroProcessoFormatado":"25351.170279/2002-17"}}],"totalElements":41,"totalPages":1,"last":true,"numberOfElements":41,"size":1000,"number":0,"first":true,"sort":null}